{
  "원본_10개구_건물수": 272097,
  "격자_미매칭_건물수": 17684,
  "면적분자0_전체후보건물수": 64211,
  "밀도0_지정제외건물수": 388,
  "집계_건물수": 254025,
  "집계_상가수": 57889,
  "면적보정건물수": 202431,
  "격자수": 3270,
  "건물데이터_있는_격자수": 3192,
  "상가_있는_격자수": 3109,
  "전체건물수_합계": 254025,
  "상가수_합계": 57889,
  "면적계산가능건물수_합계": 202810,
  "면적보정건물수_합계": 202431,
  "건물있지만_면적분자0_격자수": 0,
  "전체건물입체화재하중_분자_원본_합계": 1843141429.201,
  "전체건물입체화재하중_분자_합계": 278869898.446,
  "전체건물입체화재하중_분자_감소량": 1564271530.755,
  "상가입체화재하중_분자_합계": 41502951.468,
  "전체건물_입체화재하중밀도_최대": 563.298714,
  "상가_입체화재하중밀도_최대": 7.49936,
  "기준면적_m2": 50000.0,
  "계산식": "전체건물_입체화재하중밀도 = Σ(보정분자) / 50,000㎡; 보정분자 = 연면적>0이고 건축면적<=0 또는 건축면적>연면적 또는 건축면적×총층수>연면적이면 연면적, 그 외 건축면적×총층수"
}