{
  "이상건물수": 126941,
  "이상격자수": 3033,
  "건축면적_연면적초과_건물수": 16049,
  "건축면적x총층수_연면적초과_건물수": 110892,
  "원래분자_합계": 1762178613.708,
  "보정후분자_합계": 197907082.953,
  "분자감소량_합계": 1564271530.756,
  "원래밀도기여도_합계": 35243.572274,
  "보정후밀도기여도_합계": 3958.141659,
  "밀도감소량_합계": 31285.430615,
  "보정규칙": "연면적>0이고 (건축면적>연면적 또는 건축면적x총층수>연면적)이면 건축면적x총층수 대신 연면적 사용"
}