구,동,숙소명,cluster,cluster_label,위도,경도,x_5181,y_5181,최종위험점수_new,prediction,residual,coef_구조노후도
종로구,당주동,SOUNDS INN GWANGHWAMUN,2,고위험군,37.56859605,126.9747495,197769.2539,452117.7398,43.75873477,41.39757130366501,2.361163466334986,3.8845674748567807
종로구,묘동,킴스텔코리아 종로점,2,고위험군,37.57078678,126.9906847,199177.0643,452360.6264,42.95410306,41.30154913047725,1.6525539295227532,3.8845674748567807
종로구,창신동,동대문 스테이가든,2,고위험군,37.56946846,127.0134964,201192.3196,452214.3531,43.18296159,41.59235914070303,1.5906024492969664,3.8845674748567807
종로구,낙원동,하프레스트 호스텔,2,고위험군,37.56953983,126.9876225,198906.5254,452222.2607,27.46548794,43.276862407482575,-15.811374467482576,3.8845674748567807
종로구,관철동,스테이 마루 종로,2,고위험군,37.56669767,126.9847978,198656.9335,451906.8508,41.77586694,41.30154913047725,0.47431780952275204,3.8845674748567807
종로구,숭인동,루나하우스,2,고위험군,37.57353634,127.0219178,201936.189,452665.9807,35.49600889,41.0601219521766,-5.564113062176602,3.8845674748567807
중구,충무로5가,머룸스테이,2,고위험군,37.56119377,127.0008458,200074.73,451295.8743,37.71343046,41.78440348707855,-4.070973027078551,3.8845674748567807
중구,신당동,케이그랜드호텔 DDP,2,고위험군,37.56571746,127.0106231,200938.5285,451798.0034,42.58601421,41.010739120251465,1.575275089748537,3.8845674748567807
중구,명동,무드온 명동,2,고위험군,37.56042879,126.9831765,198513.5724,451211.1032,36.88846481,41.73776414581592,-4.849299335815921,3.8845674748567807
중구,황학동,SINDANG GRAND JOY 호스텔,2,고위험군,37.56332856,127.018601,201643.4107,451532.9731,53.20401401,53.400342952134835,-0.19632894213483354,3.8845674748567807
중구,충무로3가,MOREN SEOUL MYEONGDONG,2,고위험군,37.55945274,126.9901255,199127.5348,451102.686,38.45181873,41.78440348707855,-3.33258475707855,3.8845674748567807
중구,(인현동,이랑 스테이,2,고위험군,37.5614873,126.9924598,199333.8016,451328.479,37.18727609,41.010739120251465,-3.8234630302514674,3.8845674748567807
중구,을지로6가,하이 동대문 호스텔,2,고위험군,37.5646535,127.0066663,200588.9601,451679.8841,47.47456513,41.496336967515276,5.978228162484726,3.8845674748567807
중구,명동,하이 서울 호스텔,2,고위험군,37.5583226,126.9816113,198375.2321,450977.367,34.53618313,45.33996738568813,-10.803784255688129,3.8845674748567807
중구,충무로2가,올스테이인,2,고위험군,37.55898959,126.9891113,199037.9163,451051.2918,35.16750905,41.78440348707855,-6.61689443707855,3.8845674748567807
중구,을지로3가,아르보 스테이,2,고위험군,37.56344317,126.9931766,199397.1478,451545.5527,34.04461661,46.92844847927991,-12.88383186927991,3.8845674748567807
중구,(남산동,올리브 호스텔,2,고위험군,37.55561712,126.9843204,198614.5499,450677.0475,45.54906612,39.94900823386111,5.600057886138892,3.8845674748567807
중구,(남산동,보로인 명동,2,고위험군,37.55514884,126.984327,198615.1244,450625.0739,45.03249828,40.28920107601203,4.7432972039879715,3.8845674748567807
중구,명동,호텔 28,2,고위험군,37.56160377,126.9831825,198514.1268,451341.5121,35.59843851,40.96409977898884,-5.365661268988838,3.8845674748567807
중구,(남산동,오요 5 롯지B (OYO 5 Lodge B),2,고위험군,37.55646209,126.9842423,198607.6709,450770.8303,41.77523918,41.39757130366501,0.3776678763349892,3.8845674748567807
용산구,서계동,스테이터울,2,고위험군,37.55142339,126.9655309,196954.1424,450212.0365,42.95662447,40.43186259046241,2.524761879537593,3.8845674748567807
용산구,이태원동,H호스텔,2,고위험군,37.52931063,126.9937982,199451.814,447757.2496,44.34334328,39.89962540193597,4.443717878064028,3.8845674748567807
용산구,한남동,서울미라마(유)그랜드하얏트서울,2,고위험군,37.5367936,126.9970254,199737.097,448587.753,39.17078529,43.861225918596645,-4.690440628596647,3.8845674748567807
성동구,성동,스윗스팟성수,2,고위험군,37.54745731,127.052317,204623.2283,449772.5772,40.61094366,39.94900823386111,0.6619354261388892,3.8845674748567807
마포구,동교동,비아르떼 서울,2,고위험군,37.554874,126.9280682,193644.0584,450596.8864,46.83425488,46.82968281542964,0.0045720645703610785,3.8845674748567807
마포구,노고산동,코코스테이,2,고위험군,37.55210431,126.9334754,194121.6196,450289.132,38.7656671,39.99564757512373,-1.2299804751237318,3.8845674748567807
강서구,화곡동,해담채스테이,2,고위험군,37.52728435,126.8398255,185841.6526,447544.3947,31.96512779,42.64311606444336,-10.677988274443361,3.8845674748567807
종로구,홍지동,씨케이 인 종로점,2,고위험군,37.5978767,126.958618,196345.5571,455368.0638,46.79405893,41.0601219521766,5.733936977823397,3.8845674748567807
종로구,숭인동,서울 게스트하우스,2,고위험군,37.57188149,127.0156094,201378.9422,452482.2003,50.03752853,54.39348657196251,-4.355958041962509,3.8845674748567807
종로구,관철동,어 베터 플레이스 (A BETTER PLACE),2,고위험군,37.56691314,126.9855653,198724.7407,451930.7547,42.10691938,52.16302866334401,-10.056109283344007,3.8845674748567807
종로구,숭인동,동미,2,고위험군,37.5726296,127.0200052,201767.2557,452565.3054,34.93091504,41.39757130366501,-6.4666562636650085,3.8845674748567807
종로구,익선동,SAE WHA HOSTEL,2,고위험군,37.57198435,126.9895391,199075.8816,452493.5534,39.77307222,41.15614412536436,-1.3830719053643534,3.8845674748567807
종로구,창신동,순안,2,고위험군,37.5681032,127.010761,200950.6822,452062.794,36.75775525,41.10676129343923,-4.349006043439225,3.8845674748567807
종로구,효제동,스타호스텔 동대문 스위트,2,고위험군,37.56891882,127.0021479,200189.7543,452153.266,27.00323146,40.43186259046241,-13.42863113046241,3.8845674748567807
종로구,명륜4가,호텔 달스테어(Hotel DALSTAIR),2,고위험군,37.58004227,126.9969759,199732.8774,453387.8425,58.33196648,52.34958602839451,5.982380451605486,3.8845674748567807
종로구,관철동,한평,2,고위험군,37.56696198,126.9842319,198606.9413,451936.1943,34.17025885,40.43186259046241,-6.261603740462405,3.8845674748567807
종로구,창신동,현대,2,고위험군,37.56819149,127.0107164,200946.7409,452072.5927,35.54286008,41.15614412536436,-5.6132840453643595,3.8845674748567807
종로구,종로6가,저스트포유(JUST4U),2,고위험군,37.56882658,127.0066505,200587.535,452143.0471,48.90870587,54.64040073158818,-5.731694861588181,3.8845674748567807
종로구,창신동,동해,2,고위험군,37.56823753,127.0108347,200957.188,452077.7038,46.8412654,54.39348657196251,-7.552221171962515,3.8845674748567807
종로구,창신동,NOOK INN 누크인,2,고위험군,37.56817138,127.010478,200925.6806,452070.3583,33.12462701,41.010739120251465,-7.886112110251467,3.8845674748567807
종로구,숭인동,만남모텔,2,고위험군,37.57340694,127.0214372,201893.7385,452651.609,35.8959241,41.010739120251465,-5.114815020251463,3.8845674748567807
종로구,숭인동,스테이 42 동묘,2,고위험군,37.57221599,127.0184885,201633.279,452519.372,56.48822658,53.58690031718534,2.9013262628146634,3.8845674748567807
종로구,창신동,디디엠 스테이,2,고위험군,37.56858682,127.0114738,201013.6489,452116.4776,34.56898523,41.348188471739874,-6.7792032417398715,3.8845674748567807
종로구,창신동,대진,2,고위험군,37.56943843,127.0101945,200900.6186,452210.9833,43.95079617,41.73776414581592,2.2130320241840735,3.8845674748567807
종로구,관수동,풀리 미니호텔,2,고위험군,37.56718956,126.9905287,199163.2427,451961.3783,41.5548098,41.30154913047725,0.25326066952275283,3.8845674748567807
종로구,관수동,브레드 힐 호텔(Bread Hill Hotel),2,고위험군,37.56708795,126.9905269,199163.0834,451950.1008,35.63344025,41.25216629855212,-5.618726048552119,3.8845674748567807
종로구,숭인동,메종호텔,2,고위험군,37.57469579,127.0218552,201930.6264,452794.665,41.66958079,53.21652907774684,-11.546948287746844,3.8845674748567807
종로구,숭인동,가야,2,고위험군,37.57401858,127.0216359,201911.2775,452719.498,58.72604468,53.09307199793401,5.63297268206599,3.8845674748567807
종로구,숭인동,메트로 21(Metro 21),2,고위험군,37.57022964,127.0193705,201711.2396,452298.926,36.32694724,41.5429763087779,-5.2160290687779,3.8845674748567807
종로구,효제동,어바웃스테이 동대문,2,고위험군,37.56951008,127.0033108,200292.4909,452218.892,35.15587756,41.25216629855212,-6.0962887385521185,3.8845674748567807
종로구,효제동,구월호텔,2,고위험군,37.56884387,127.0025535,200225.5843,452144.9483,32.29166394,41.25216629855212,-8.96050235855212,3.8845674748567807
종로구,종로6가,디하이브,2,고위험군,37.56884393,127.0068372,200604.0252,452144.9739,32.48426828,41.496336967515276,-9.012068687515274,3.8845674748567807
종로구,숭인동,호스텔 서울,2,고위험군,37.57569436,127.0215682,201905.2535,452905.4889,33.95162918,41.25216629855212,-7.300537118552121,3.8845674748567807
종로구,창신동,창신기지,2,고위험군,37.56848774,127.0114066,201007.7117,452105.4801,58.70687078,54.82695809663868,3.8799126833613258,3.8845674748567807
종로구,창신동,이지스테이,2,고위험군,37.56959298,127.0093634,200827.1964,452228.1289,44.6088199,54.70350101682585,-10.094681116825846,3.8845674748567807
종로구,효제동,제이오 호스텔 동대문,2,고위험군,37.56986057,127.0034356,200303.5112,452257.7927,33.50913576,41.25216629855212,-7.743030538552119,3.8845674748567807
종로구,종로5가,라임모텔,2,고위험군,37.56856888,127.0004601,200040.6508,452114.4247,41.27516171,41.39757130366501,-0.12240959366501158,3.8845674748567807
종로구,숭인동,덕흥,2,고위험군,37.57367008,127.0214717,201896.7751,452680.8152,38.53511017,41.10676129343923,-2.5716511234392243,3.8845674748567807
종로구,돈의동,Z 호텔,2,고위험군,37.56858936,126.9898379,199102.2361,452116.7462,29.43029865,41.15614412536436,-11.725845475364356,3.8845674748567807
종로구,필운동,수모텔,2,고위험군,37.57395332,126.9675412,197132.6501,452712.5301,41.02907176,41.15614412536436,-0.12707236536435573,3.8845674748567807
종로구,창신동,한도,2,고위험군,37.56828544,127.0156007,201378.2407,452083.0805,30.77747565,41.20552695728949,-10.428051307289493,3.8845674748567807
종로구,숭인동,영진,2,고위험군,37.57332819,127.0214249,201892.6486,452642.8684,36.0576003,41.15614412536436,-5.098543825364359,3.8845674748567807
종로구,명륜4가,소풍모텔,2,고위험군,37.58042554,126.9997149,199974.8179,453430.3768,39.1525801,41.5429763087779,-2.3903962087779007,3.8845674748567807
종로구,종로5가,대동장(大同莊),2,고위험군,37.56872917,127.0019131,200169.0098,452132.2166,35.65537389,41.010739120251465,-5.355365230251465,3.8845674748567807
종로구,관철동,우미관호텔,2,고위험군,37.56707898,126.9858974,198754.086,451949.1566,45.38043697,53.21652907774684,-7.836092107746843,3.8845674748567807
종로구,창신동,토이 게스트하우스,2,고위험군,37.56855581,127.012486,201103.0655,452113.0472,41.68499332,51.66645685343017,-9.981463533430173,3.8845674748567807
종로구,숭인동,선라이즈(Sunrise),2,고위험군,37.57299352,127.0212126,201873.9088,452605.7197,35.00397822,41.15614412536436,-6.152165905364356,3.8845674748567807
종로구,명륜4가,혜화여관,2,고위험군,37.5794505,126.9987863,199892.7874,453322.1592,43.00543775,41.010739120251465,1.9946986297485338,3.8845674748567807
종로구,홍지동,종로 238,2,고위험군,37.59779306,126.9583077,196318.1531,455358.7928,47.32919591,41.10676129343923,6.222434616560776,3.8845674748567807
종로구,관철동,엠제이 스테이,2,고위험군,37.566705,126.9841567,198600.2981,451907.6737,36.87224453,41.30154913047725,-4.429304600477245,3.8845674748567807
중구,신당동,세화장여관,2,고위험군,37.54757845,127.0070693,200624.71,449784.7595,63.73001112,53.276885872322005,10.453125247677995,3.8845674748567807
중구,(회현동,동원여관,2,고위험군,37.55490708,126.9809224,198314.2907,450598.297,54.41302238,53.09307199793401,1.31995038206599,3.8845674748567807
중구,주교동,라이프인 청계,2,고위험군,37.56574695,126.9967838,199715.8574,451801.2282,39.97448974,41.25216629855212,-1.2776765585521161,3.8845674748567807
중구,황학동,크리스티2,2,고위험군,37.56329068,127.0216644,201914.0679,451528.8269,37.95439684,41.20552695728949,-3.2511301172894917,3.8845674748567807
중구,(필동,한일장모텔,2,고위험군,37.55791958,126.9942743,199494.0929,450932.493,36.9432646,41.0601219521766,-4.116857352176602,3.8845674748567807
중구,(광희동,그리다 DDP,2,고위험군,37.56298903,127.0053967,200476.8053,451495.1403,50.2522974,40.86807760580108,9.38421979419892,3.8845674748567807
중구,산림동,광신장여관,2,고위험군,37.56514549,126.9966723,199706.0016,451734.4736,55.19424843,54.20692920691201,0.9873192230879937,3.8845674748567807
중구,명동,아트래블홈(ARTRAVEL HOME),2,고위험군,37.55881514,126.9832162,198517.0534,451032.0066,42.67144237,41.59235914070303,1.0790832292969696,3.8845674748567807
중구,을지로3가,지요크 을지로,2,고위험군,37.56285139,126.9899303,199110.3283,451479.8979,33.02704275,40.86807760580108,-7.841034855801084,3.8845674748567807
중구,(남산동,(주)더로드서울,2,고위험군,37.55615138,126.9832058,198516.0737,450736.361,51.80667462,56.00391559085435,-4.197240970854345,3.8845674748567807
중구,명동,하이 서울 호스텔 명동 센트럴,2,고위험군,37.5583226,126.9816113,198375.2321,450977.367,34.93704142,45.33996738568813,-10.402925965688127,3.8845674748567807
중구,남대문로5가,한블레싱(Hanblessing),2,고위험군,37.55159894,126.9741552,197716.2329,450231.2759,46.25973879,41.10676129343923,5.152977496560773,3.8845674748567807
중구,(광희동,넘버25호텔 동대문점,2,고위험군,37.56249772,127.0061175,200540.4915,451440.6146,48.62374821,44.33584980321042,4.28789840678958,3.8845674748567807
중구,명동,슬립박스(SLEEP BOX),2,고위험군,37.55921779,126.9847031,198648.4373,451076.6735,27.17299352,39.803603228748216,-12.630609708748217,3.8845674748567807
중구,황학동,인득여관,2,고위험군,37.56523964,127.0204086,201803.0656,451745.1137,36.33265081,40.33584041727465,-4.003189607274656,3.8845674748567807
중구,신당동,한일여관,2,고위험군,37.56128515,127.0096517,200852.7596,451306.0598,49.06440075,53.400342952134835,-4.335942202134838,3.8845674748567807
중구,주교동,트래블러스 A 코리아 호스텔,2,고위험군,37.56562443,126.9981173,199833.6663,451787.6267,26.98081157,41.20552695728949,-14.224715387289493,3.8845674748567807
중구,신당동,J모텔,2,고위험군,37.56126414,127.0133052,201175.5546,451303.7674,51.3624778,54.580043937013016,-3.2175661370130157,3.8845674748567807
중구,신당동,조이풀스테이(Joyful Stay),2,고위험군,37.56245881,127.0165259,201460.0902,451436.4068,32.59265257,42.07521349730433,-9.482560927304334,3.8845674748567807
중구,신당동,타임스테이,2,고위험군,37.56254877,127.0182782,201614.907,451446.42,37.1456537,41.496336967515276,-4.350683267515279,3.8845674748567807
중구,(광희동,트리쉐이도호텔,2,고위험군,37.56259916,127.0051718,200456.9375,451451.8682,37.68394494,39.99564757512373,-2.31170263512373,3.8845674748567807
중구,신당동,재화여관,2,고위험군,37.56191425,127.0171769,201517.6227,451375.9774,31.38874892,41.30154913047725,-9.912800210477247,3.8845674748567807
중구,신당동,S(에스)모텔,2,고위험군,37.5592684,127.0167706,201481.7731,451082.3129,35.56436047,41.20552695728949,-5.641166487289496,3.8845674748567807
중구,을지로7가,백금여관,2,고위험군,37.56224445,127.00925,200817.2577,451412.5273,40.09465915,41.688381313890794,-1.5937221638907957,3.8845674748567807
중구,남학동,진포레스트인(JIN FOREST Inn),2,고위험군,37.55791929,126.9904146,199153.0654,450932.4886,54.48620758,52.78305755307068,1.7031500269293218,3.8845674748567807
중구,신당동,은성여관,2,고위험군,37.56201847,127.01763,201557.6539,451387.552,44.83448931,41.0601219521766,3.774367357823401,3.8845674748567807
중구,초동,호텔베네,2,고위험군,37.56229779,126.9916416,199261.5166,451418.44,36.83462921,41.10676129343923,-4.2721320834392245,3.8845674748567807
중구,(광희동,호텔 아라,2,고위험군,37.56264071,127.0047345,200418.3012,451456.4778,37.89811068,41.348188471739874,-3.450077791739872,3.8845674748567807
중구,북창동,피넛호텔,2,고위험군,37.55942482,126.9770407,197971.4237,451099.7892,40.49299842,42.79949503220629,-2.3064966122062884,3.8845674748567807
중구,신당동,청구 리빙텔,2,고위험군,37.55972529,127.0140647,201242.6817,451132.983,36.44685439,41.5429763087779,-5.096121918777904,3.8845674748567807
중구,신당동,야코리아 게스트하우스,2,고위험군,37.55703059,127.0123014,201086.9289,450833.8814,44.50329156,41.833786319003686,2.6695052409963154,3.8845674748567807
중구,산림동,화성여관,2,고위험군,37.56537071,126.9960702,199652.8115,451759.4724,34.62094554,39.85298606067335,-5.232040520673351,3.8845674748567807
중구,신당동,성도여관,2,고위험군,37.56123239,127.0132212,201168.1343,451300.2425,55.29117997,54.580043937013016,0.7111360329869854,3.8845674748567807
중구,황학동,대림,2,고위험군,37.5634477,127.0221786,201959.4955,451546.2648,40.59147195,41.5429763087779,-0.9515043587779033,3.8845674748567807
중구,남창동,황금장여관,2,고위험군,37.55485434,126.9769752,197965.5104,450592.5216,58.11570833,53.09307199793401,5.022636332065986,3.8845674748567807
중구,산림동,상원장,2,고위험군,37.56530472,126.9962994,199673.0571,451752.1475,44.70278919,41.0601219521766,3.642667237823396,3.8845674748567807
중구,산림동,H2O,2,고위험군,37.56416937,126.9942189,199489.2406,451626.1462,27.36606951,41.010739120251465,-13.644669610251466,3.8845674748567807
중구,황학동,중앙여관,2,고위험군,37.56691122,127.0177256,201565.9953,451930.5914,39.75988958,41.15614412536436,-1.3962545453643571,3.8845674748567807
중구,북창동,호텔 문(hotel moon),2,고위험군,37.55959687,126.9775768,198018.7937,451118.8733,35.50166098,41.25216629855212,-5.750505318552122,3.8845674748567807
중구,남창동,노마드호스텔,2,고위험군,37.55419408,126.9758113,197862.6529,450519.2665,31.90686691,40.33584041727465,-8.428973507274652,3.8845674748567807
중구,중림동,다림여인숙,2,고위험군,37.55551958,126.9675696,197134.4538,450666.6005,44.35497193,52.903771142221004,-8.548799212221006,3.8845674748567807
중구,명동,57 명동 호스텔,2,고위험군,37.55824724,126.9826565,198467.5818,450968.9854,37.44411815,41.25216629855212,-3.8080481485521176,3.8845674748567807
중구,신당동,쉐어하우스 다함,2,고위험군,37.55482988,127.0106132,200937.7867,450589.6106,34.56352014,42.6568335177559,-8.093313377755898,3.8845674748567807
중구,신당동,그리네 스테이,2,고위험군,37.56247269,127.0181304,201601.8512,451437.9735,50.58848177,53.46344323737251,-2.8749614673725077,3.8845674748567807
중구,황학동,창덕여인숙,2,고위험군,37.56373275,127.0179396,201584.967,451577.8221,50.63477071,53.400342952134835,-2.765572242134837,3.8845674748567807
중구,(만리동,천안 여인숙,2,고위험군,37.55375612,126.9669521,197079.8183,450470.8965,40.94413181,41.5429763087779,-0.5988444987779005,3.8845674748567807
중구,(장충동,장충인(J C INN),2,고위험군,37.55828977,127.0044674,200394.7263,450973.5737,41.81657639,41.25216629855212,0.5644100914478827,3.8845674748567807
중구,을지로7가,박포루,2,고위험군,37.56219798,127.009432,200833.3321,451407.3712,45.70415764,41.496336967515276,4.207820672484722,3.8845674748567807
중구,(광희동,왕도여관,2,고위험군,37.56253871,127.0053044,200468.6489,451445.1597,38.48646871,41.20552695728949,-2.719058247289496,3.8845674748567807
용산구,서계동,금강,2,고위험군,37.55085442,126.9662031,197013.5185,450148.8661,37.57168604,41.010739120251465,-3.439053080251462,3.8845674748567807
용산구,(청파동,한글게스트하우스,2,고위험군,37.54166996,126.9694399,197299.2119,449129.4041,42.59103974,41.10676129343923,1.4842784465607721,3.8845674748567807
용산구,서계동,계림모텔,2,고위험군,37.55143152,126.9661315,197007.2137,450212.9195,43.53947443,41.15614412536436,2.383330304635642,3.8845674748567807
용산구,(청파동,신진장,2,고위험군,37.54626035,126.9696446,197317.4662,449638.8759,64.26579662,53.33998615755968,10.925810462440324,3.8845674748567807
용산구,후암동,스위트75서울역점,2,고위험군,37.54972353,126.9757675,197858.6521,450023.09,57.05694425,53.02997171269634,4.026972537303664,3.8845674748567807
용산구,이태원동,뷰 모텔,2,고위험군,37.531191,126.9958013,199628.8782,447965.9376,42.05678898,41.15614412536436,0.9006448546356438,3.8845674748567807
용산구,동자동,광주여인숙,2,고위험군,37.55051278,126.9741946,197719.6876,450110.7243,44.56725223,41.20552695728949,3.3617252727105082,3.8845674748567807
용산구,남영동,로망스모텔,2,고위험군,37.54136675,126.9725538,197574.3988,449095.6666,42.11372007,54.950415176451514,-12.836695106451515,3.8845674748567807
용산구,동자동,서울네스트,2,고위험군,37.55022009,126.9753306,197820.0591,450078.2122,43.23672609,41.348188471739874,1.8885376182601235,3.8845674748567807
용산구,(용산동,스테이코,2,고위험군,37.5314273,126.9740431,197705.711,447992.4723,38.87550836,41.10676129343923,-2.2312529334392295,3.8845674748567807
용산구,원효로2가,크래쉬인 용산,2,고위험군,37.5333324,126.9607882,196534.2236,448204.3208,47.846509,53.21652907774684,-5.370020077746844,3.8845674748567807
용산구,남영동,지용산인,2,고위험군,37.53912265,126.9726027,197578.6496,448846.5976,44.46064439,52.536143393445016,-8.075499003445017,3.8845674748567807
용산구,이태원동,현대,2,고위험군,37.52919726,126.9961934,199663.5282,447744.6557,43.4161129,41.25216629855212,2.1639466014478828,3.8845674748567807
용산구,(청파동,동산장,2,고위험군,37.54393815,126.9688855,197250.2985,449381.1617,48.02565565,41.688381313890794,6.337274336109203,3.8845674748567807
용산구,남영동,코지 모텔,2,고위험군,37.54191116,126.9726015,197578.6329,449156.0883,46.81847571,52.71995726783301,-5.901481557833009,3.8845674748567807
용산구,이태원동,KAZI FAMILY HOTEL(카지패밀리호텔),2,고위험군,37.52867881,126.9957038,199620.2475,447687.116,46.66331313,41.44695413559014,5.216358994409859,3.8845674748567807
용산구,이태원동,이태원모텔,2,고위험군,37.53110489,126.9936781,199441.2134,447956.3909,55.66755603,53.21652907774684,2.4510269522531587,3.8845674748567807
용산구,갈월동,더메종컴퍼니,2,고위험군,37.54016648,126.9714266,197474.7366,448962.4809,49.46843396,53.153428792509175,-3.684994832509176,3.8845674748567807
용산구,동자동,경기,2,고위험군,37.55029277,126.9734347,197652.5306,450086.3245,40.78256731,41.73776414581592,-0.9551968358159257,3.8845674748567807
용산구,후암동,서광,2,고위험군,37.55193238,126.9765224,197925.4214,450268.2289,32.70554029,41.25216629855212,-8.546626008552117,3.8845674748567807
용산구,동자동,나나장,2,고위험군,37.55044744,126.9745591,197751.895,450103.4635,43.06447744,41.30154913047725,1.7629283095227493,3.8845674748567807
용산구,동자동,서정여인숙,2,고위험군,37.55041744,126.9737056,197676.4711,450100.1546,40.17836539,41.5429763087779,-1.364610918777899,3.8845674748567807
용산구,동자동,성남여인숙,2,고위험군,37.55028632,126.9737328,197678.8732,450085.6012,39.20245565,41.5429763087779,-2.340520658777905,3.8845674748567807
용산구,동자동,광신여인숙,2,고위험군,37.55032361,126.9738668,197690.7154,450089.7367,39.5687293,41.5429763087779,-1.9742470087779012,3.8845674748567807
용산구,동자동,미경여인숙,2,고위험군,37.55026667,126.9738536,197689.5428,450083.4173,33.17587756,41.496336967515276,-8.320459407515273,3.8845674748567807
용산구,동자동,송림여인숙,2,고위험군,37.5502854,126.973681,197674.2932,450085.5004,58.94523885,53.21652907774684,5.728709772253161,3.8845674748567807
성동구,송정동,건대스테이,2,고위험군,37.54594785,127.0631179,205577.8078,449605.6313,40.70060303,40.91471694706371,-0.21411391706370608,3.8845674748567807
용산구,서계동,MK 리버티하우스,2,고위험군,37.55183526,126.9678297,197157.2945,450257.6771,40.6847221,41.0601219521766,-0.3753998521765993,3.8845674748567807
용산구,동자동,덕성,2,고위험군,37.55051627,126.9743702,197735.2012,450111.1074,44.43159593,41.59235914070303,2.8392367892969688,3.8845674748567807
용산구,동자동,명신,2,고위험군,37.55014919,126.9737769,197682.7624,450070.3803,52.60761495,53.09307199793401,-0.48545704793401256,3.8845674748567807
용산구,동자동,24게스트 하우스 모텔 서울역,2,고위험군,37.54890816,126.9733025,197640.8014,449932.6527,37.36896655,41.20552695728949,-3.8365604072894897,3.8845674748567807
용산구,보광동,삼성장,2,고위험군,37.52394807,127.0015803,200139.6906,447162.0554,45.58448818,41.20552695728949,4.378961222710508,3.8845674748567807
용산구,(용산동,수정여관,2,고위험군,37.53137311,126.973614,197667.7801,447986.4684,35.80130093,41.010739120251465,-5.209438190251468,3.8845674748567807
성동구,성동,복래여관,2,고위험군,37.54590134,127.0231574,202046.4475,449598.8491,62.00238696,53.09307199793401,8.909314962065991,3.8845674748567807
성동구,마장동,제이하우스,2,고위험군,37.56687292,127.0360577,203185.5726,451926.804,49.09968426,41.30154913047725,7.798135129522748,3.8845674748567807
성동구,행당동,모텔로,2,고위험군,37.55763832,127.0324228,202864.7962,450901.7552,35.42208879,40.72267260068819,-5.300583810688195,3.8845674748567807
성동구,성동,천일장여관,2,고위험군,37.53247613,127.0555995,204914.2771,448110.0155,45.84143812,41.15614412536436,4.685293994635643,3.8845674748567807
성동구,성동,크리스호스텔,2,고위험군,37.55120472,127.0190163,201680.3776,450187.3783,35.77931754,41.25216629855212,-5.472848758552118,3.8845674748567807
성동구,홍익동,대우장여관,2,고위험군,37.56270306,127.035107,203101.7571,451463.9667,42.1027565,41.15614412536436,0.9466123746356416,3.8845674748567807
성동구,성동,조이게스트하우스,2,고위험군,37.54562637,127.0228753,202021.5298,449568.3246,48.10291382,41.10676129343923,6.9961525265607705,3.8845674748567807
성동구,마장동,동원장모텔,2,고위험군,37.56420552,127.0356442,203149.1509,451630.7399,36.74203689,41.25216629855212,-4.5101294085521175,3.8845674748567807
성동구,도선동,스테이나라,2,고위험군,37.56172032,127.0294848,202605.0564,451354.7234,43.650679,41.15614412536436,2.49453487463564,3.8845674748567807
성동구,홍익동,동신모텔,2,고위험군,37.56262655,127.0347484,203070.0729,451455.4632,40.94693746,41.010739120251465,-0.06380166025146394,3.8845674748567807
성동구,성동,제일,2,고위험군,37.53473267,127.0526024,204649.2363,448360.3112,49.97819144,41.0601219521766,8.918069487823402,3.8845674748567807
성동구,하왕십리동,신도,2,고위험군,37.5617234,127.027207,202403.8129,451355.0046,44.44295334,41.348188471739874,3.0947648682601283,3.8845674748567807
성동구,하왕십리동,현대모텔,2,고위험군,37.55842931,127.0314669,202780.3024,450989.517,50.8666755,41.15614412536436,9.710531374635643,3.8845674748567807
성동구,성동,솔 스테이,2,고위험군,37.54565722,127.0233463,202063.1493,449571.7588,50.35639762,40.91471694706371,9.441680672936293,3.8845674748567807
성동구,송정동,스테이온,2,고위험군,37.54577776,127.0644083,205691.855,449586.8307,47.21299928,40.96409977898884,6.248899501011159,3.8845674748567807
성동구,성동,별장여관,2,고위험군,37.54554836,127.0245214,202167.0006,449559.7031,35.93977914,41.0601219521766,-5.120342812176602,3.8845674748567807
성동구,성동,중앙여관,2,고위험군,37.54429402,127.0183856,201624.7905,449420.3628,44.79477782,40.48124542238754,4.313532397612462,3.8845674748567807
성동구,마장동,태양장,2,고위험군,37.56218111,127.0393524,203476.8695,451406.1849,44.65470187,44.17672734478499,0.4779745252150036,3.8845674748567807
성동구,성동,동명여인숙,2,고위험군,37.53230656,127.0555696,204911.649,448091.1937,59.12953397,52.84341434764584,6.286119622354157,3.8845674748567807
성동구,성동,명성,2,고위험군,37.53439019,127.048611,204296.479,448322.1103,48.32562601,41.30154913047725,7.024076879522752,3.8845674748567807
성동구,성동,유성장,2,고위험군,37.53463035,127.052844,204670.599,448348.9669,50.15538602,41.10676129343923,9.048624726560774,3.8845674748567807
성동구,성동,로얄장,2,고위험군,37.53380845,127.0544569,204813.2021,448257.8275,45.66509387,41.20552695728949,4.459566912710507,3.8845674748567807
마포구,노고산동,지 하우스 글로벌(G House Global),2,고위험군,37.5505068,126.9355912,194308.4577,450111.6973,40.43776725,43.913352241184285,-3.4755849911842844,3.8845674748567807
마포구,도화동,가나모텔,2,고위험군,37.53638047,126.9468898,195305.9836,448543.222,47.32918203,41.010739120251465,6.3184429097485335,3.8845674748567807
마포구,아현동,대명,2,고위험군,37.55359223,126.952867,195835.2195,450453.2374,57.73055337,53.02997171269634,4.700581657303665,3.8845674748567807
마포구,서교동,니도나도(Nido Nado),2,고위험군,37.55183851,126.9209181,193011.9826,450260.4907,50.33673033,44.49222877097335,5.844501559026654,3.8845674748567807
마포구,신수동,일육육삼,2,고위험군,37.54878014,126.9361703,194359.4994,449920.0239,32.67784652,40.91471694706371,-8.236870427063707,3.8845674748567807
마포구,염리동,국제여인숙,2,고위험군,37.55347723,126.9458468,195214.8944,450440.808,34.99767094,41.25216629855212,-6.25449535855212,3.8845674748567807
마포구,공덕동,나루호스텔,2,고위험군,37.54468753,126.9540917,195942.9594,449464.8693,34.33305106,41.0601219521766,-6.727070892176599,3.8845674748567807
마포구,노고산동,모텔산타페,2,고위험군,37.55084724,126.9348696,194244.7209,450149.526,37.76048267,40.5772675955753,-2.8167849255752984,3.8845674748567807
마포구,염리동,호성여관,2,고위험군,37.55368716,126.946585,195280.1394,450464.0704,38.49533736,41.25216629855212,-2.7568289385521183,3.8845674748567807
마포구,합정동,포근 합정,2,고위험군,37.54961986,126.9106574,192105.0734,450015.0593,39.25722592,41.010739120251465,-1.7535132002514615,3.8845674748567807
마포구,망원동,남양,2,고위험군,37.55218651,126.9096264,192014.241,450300.0138,37.60647679,41.10676129343923,-3.500284503439225,3.8845674748567807
마포구,노고산동,1965 신촌인,2,고위험군,37.5514384,126.9353109,194283.7608,450215.1107,58.09072899,52.78305755307068,5.307671436929326,3.8845674748567807
강서구,화곡동,유휴,2,고위험군,37.5271913,126.8416551,186003.3552,447533.7935,43.49177904,39.89962540193597,3.592153638064026,3.8845674748567807
강서구,방화동,대우장,2,고위험군,37.57017485,126.809119,183137.0632,452309.7956,44.22899048,40.48124542238754,3.7477450576124625,3.8845674748567807
강서구,화곡동,금성여관,2,고위험군,37.53978025,126.8423106,186063.639,448930.9158,49.39818887,41.10676129343923,8.291427576560771,3.8845674748567807
강서구,화곡동,진리스테이,2,고위험군,37.52662515,126.8387362,185745.2358,447471.3962,32.06073962,39.89962540193597,-7.838885781935971,3.8845674748567807
강서구,방화동,뱅크모텔,2,고위험군,37.56069828,126.807269,182971.4712,451258.3396,46.57773803,48.61020825539694,-2.032470225396942,3.8845674748567807
강서구,화곡동,쟈스민모텔,2,고위험군,37.54352172,126.8465063,186435.1269,449345.5602,38.09572469,43.806356105346495,-5.710631415346498,3.8845674748567807
강서구,화곡동,제일여관,2,고위험군,37.53914304,126.8416655,186006.5095,448860.289,45.27344965,41.0601219521766,4.213327697823402,3.8845674748567807
강서구,화곡동,랑뷰티크호텔(RANG BEAUTIQUE HOTEL),2,고위험군,37.54416568,126.8453143,186329.9034,449417.2046,51.819899,43.913352241184285,7.906546758815715,3.8845674748567807
강서구,화곡동,케이투(K2),2,고위험군,37.52702441,126.8382612,185703.3239,447515.7812,26.78951372,39.89962540193597,-13.110111681935972,3.8845674748567807
강서구,화곡동,빅토리아여관,2,고위험군,37.5266304,126.8388304,185753.5618,447471.9646,32.16138093,39.89962540193597,-7.738244471935971,3.8845674748567807
강서구,화곡동,러브레터,2,고위험군,37.55072259,126.8507671,186812.9437,450144.1643,47.77112333,44.017604886359564,3.753518443640438,3.8845674748567807
강서구,화곡동,보성장,2,고위험군,37.52926828,126.8385501,185729.291,447764.7793,37.50695166,40.91471694706371,-3.407765287063711,3.8845674748567807
강서구,화곡동,오프 스테이,2,고위험군,37.54380947,126.8451199,186312.6558,449377.6979,42.38123224,40.43186259046241,1.9493696495375943,3.8845674748567807
강서구,방화동,대성여인숙,2,고위험군,37.57037515,126.8076512,183007.441,452332.291,29.97668648,40.91471694706371,-10.938030467063708,3.8845674748567807
영등포구,신길동,은하수여관,2,고위험군,37.51149962,126.9195208,192884.6801,445783.4764,41.97676521,41.25216629855212,0.7245989114478846,3.8845674748567807
영등포구,(양평동,호텔 리버트리,2,고위험군,37.53378131,126.8981776,191000.3682,448258.2936,33.23440284,41.10676129343923,-7.872358453439226,3.8845674748567807
영등포구,(당산동,당산 KS Stay,2,고위험군,37.53108375,126.9022621,191361.0673,447958.5146,52.16075079,41.348188471739874,10.812562318260127,3.8845674748567807
영등포구,대림동,파나마모텔,2,고위험군,37.48740718,126.902949,191416.7793,443110.9093,43.86986944,40.86807760580108,3.0017918341989187,3.8845674748567807
영등포구,대림동,보성장여관,2,고위험군,37.48659256,126.9036107,191475.2103,443020.437,39.98700454,41.0601219521766,-1.0731174121766003,3.8845674748567807
영등포구,신길동,신길하우스,2,고위험군,37.50873312,126.9156566,192542.7671,445476.7293,41.73931683,41.010739120251465,0.7285777097485351,3.8845674748567807
영등포구,(영등포동,Q모텔,2,고위험군,37.5153198,126.9089882,191953.8803,446208.3165,47.61313824,41.15614412536436,6.456994114635641,3.8845674748567807
영등포구,대림동,행운여인숙,2,고위험군,37.48671561,126.903718,191484.7141,443034.0843,45.89993233,41.15614412536436,4.743788204635642,3.8845674748567807
영등포구,신길동,파크여관,2,고위험군,37.50920872,126.9096699,192013.5045,445530.0061,53.1796202,41.0601219521766,12.119498247823401,3.8845674748567807
영등포구,신길동,삼성장여관,2,고위험군,37.50441709,126.9091691,191968.706,444998.2392,30.96093562,41.10676129343923,-10.145825673439226,3.8845674748567807
영등포구,(영등포동,은성장모텔,2,고위험군,37.51592269,126.9036664,191483.4632,446275.6981,40.32445922,41.39757130366501,-1.0731120836650092,3.8845674748567807
영등포구,신길동,스테이플라츠,2,고위험군,37.51066101,126.9195249,192884.9665,445690.401,44.40153166,41.5429763087779,2.858555351222101,3.8845674748567807
영등포구,신길동,동원여관,2,고위험군,37.50789505,126.9125001,192263.5929,445383.9691,49.09064347,41.25216629855212,7.8384771714478845,3.8845674748567807
영등포구,신길동,엔엠다다름 호텔(N.M.Dadareum Hotel),2,고위험군,37.50471213,126.9095027,191998.2416,445030.9564,36.78014242,41.25216629855212,-4.472023878552122,3.8845674748567807
영등포구,신길동,플라워하우스,2,고위험군,37.49712203,126.9072053,191794.2707,444188.7511,40.9211515,40.91471694706371,0.006434552936291027,3.8845674748567807
영등포구,(영등포동,자매여인숙,2,고위험군,37.51799546,126.9062536,191712.4235,446505.5184,61.94283657,54.64040073158818,7.302435838411817,3.8845674748567807
영등포구,(당산동,향도여관,2,고위험군,37.51960274,126.8976129,190948.7395,446684.7025,25.60721237,41.010739120251465,-15.403526750251466,3.8845674748567807
영등포구,신길동,로체모텔,2,고위험군,37.50965931,126.9232469,193213.9469,445578.9502,44.86106513,41.25216629855212,3.608898831447881,3.8845674748567807
영등포구,(당산동,수경여관,2,고위험군,37.51920985,126.8979333,190977.0154,446641.0659,30.79141449,40.96409977898884,-10.172685288988838,3.8845674748567807
영등포구,신길동,성원여인숙,2,고위험군,37.50884384,126.9099462,192037.8947,445489.4857,47.42182048,41.10676129343923,6.315059186560774,3.8845674748567807
영등포구,신길동,미화여관,2,고위험군,37.50932383,126.9170005,192661.6452,445542.185,44.28060089,41.10676129343923,3.173839596560775,3.8845674748567807
영등포구,(영등포동,경화장,2,고위험군,37.51553369,126.9091914,191971.8676,446232.0383,47.7639538,41.10676129343923,6.657192506560776,3.8845674748567807
영등포구,(영등포동,대지여인숙,2,고위험군,37.51792497,126.9052886,191627.1073,446497.7803,24.52205611,41.30154913047725,-16.779493020477247,3.8845674748567807
영등포구,신길동,수정장여관,2,고위험군,37.49862932,126.9161197,192582.7083,444355.3009,47.48366481,41.0601219521766,6.423542857823399,3.8845674748567807
영등포구,(영등포동,유토피아모텔,2,고위험군,37.51541218,126.9088895,191945.168,446218.578,43.28420513,39.6115588823727,3.6726462476272985,3.8845674748567807
영등포구,신길동,아로마 여인숙,2,고위험군,37.51155879,126.9191102,192848.3829,445790.0746,46.47175286,45.33996738568813,1.1317854743118758,3.8845674748567807
영등포구,(영등포동,헬로호텔,2,고위험군,37.5149741,126.9063477,191720.4077,446170.1773,35.99276125,44.17672734478499,-8.183966094784992,3.8845674748567807
영등포구,(당산동,스테이앤유,2,고위험군,37.51869207,126.895863,190793.9332,446583.7994,43.09597904,42.36328001686761,0.7326990231323904,3.8845674748567807
영등포구,(당산동,남선여인숙,2,고위험군,37.51864741,126.8980153,190984.2021,446578.6343,32.76152802,41.10676129343923,-8.345233273439227,3.8845674748567807
영등포구,(영등포동,코코빌,2,고위험군,37.52219975,126.9048615,191589.8287,446972.2654,34.36703318,40.91471694706371,-6.54768376706371,3.8845674748567807
영등포구,(당산동,아폴로 스테이,2,고위험군,37.51991087,126.8919494,190448.1094,446719.4611,55.07311762,40.86807760580108,14.205040014198914,3.8845674748567807
영등포구,(영등포동,대성 여인숙,2,고위험군,37.51724897,126.9074611,191819.0902,446422.5617,34.80797381,41.348188471739874,-6.540214661739874,3.8845674748567807
영등포구,신길동,세일장,2,고위험군,37.49525284,126.9064822,191730.1181,443981.3586,34.99653058,40.96409977898884,-5.967569198988841,3.8845674748567807
영등포구,신길동,스마일 여관,2,고위험군,37.5033311,126.9111448,192143.2842,444877.5415,31.78445698,41.10676129343923,-9.322304313439226,3.8845674748567807
영등포구,(양평동,세종,2,고위험군,37.51885231,126.8903577,190307.2709,446602.137,51.26900389,41.0601219521766,10.2088819378234,3.8845674748567807
영등포구,(영등포동,아너스빌,2,고위험군,37.51930327,126.9037364,191490.0417,446650.8936,34.38712194,40.5772675955753,-6.1901456555753,3.8845674748567807
영등포구,(당산동,남영모텔,2,고위험군,37.53189077,126.9033313,191455.6594,448047.9862,41.11259538,40.28920107601203,0.8233943039879748,3.8845674748567807
영등포구,(영등포동,대우장여인숙,2,고위험군,37.51809093,126.904862,191589.4082,446516.2379,27.76935226,41.348188471739874,-13.578836211739873,3.8845674748567807
영등포구,(영등포동,은성장여관,2,고위험군,37.5180854,126.9050187,191603.2623,446515.6101,26.94936898,41.20552695728949,-14.256157977289494,3.8845674748567807
영등포구,(당산동,포켓서울,2,고위험군,37.51966086,126.8967011,190868.1395,446691.2413,41.96906074,41.010739120251465,0.9583216197485385,3.8845674748567807
영등포구,(영등포동,플로렌스,2,고위험군,37.51560513,126.9089205,191947.9338,446239.9903,46.77924573,40.91471694706371,5.86452878293629,3.8845674748567807
영등포구,신길동,슬로우서울(영등포),2,고위험군,37.49497212,126.9068495,191762.5716,443950.1701,40.0091974,41.0601219521766,-1.0509245521766033,3.8845674748567807
영등포구,신길동,제일여인숙,2,고위험군,37.49535984,126.9078097,191847.5238,443993.1184,46.39387997,41.0601219521766,5.333758017823399,3.8845674748567807
영등포구,신길동,수원여인숙,2,고위험군,37.5097972,126.9238009,193262.9362,445594.2144,43.40146219,41.25216629855212,2.1492958914478777,3.8845674748567807
영등포구,신길동,신길스테이,2,고위험군,37.51081671,126.918208,192768.5444,445707.7821,50.22853987,52.84341434764584,-2.6148744776458415,3.8845674748567807
영등포구,신길동,테마모텔,2,고위험군,37.50959552,126.9234415,193231.1429,445571.8563,56.76860324,52.656856982595336,4.111746257404661,3.8845674748567807
영등포구,(당산동,리비니하우스,2,고위험군,37.51943218,126.8977271,190958.8189,446665.7615,46.00940168,53.09307199793401,-7.083670317934008,3.8845674748567807
영등포구,(당산동,성심여인숙,2,고위험군,37.51874802,126.8983984,191018.0806,446589.7641,29.43365768,41.496336967515276,-12.062679287515277,3.8845674748567807
영등포구,(영등포동,제일여인숙,2,고위험군,37.51903649,126.9030905,191432.9119,446621.343,36.4793173,41.348188471739874,-4.868871171739876,3.8845674748567807
영등포구,신길동,금산여관,2,고위험군,37.51157915,126.9187933,192820.3734,445792.3584,44.20411714,41.39757130366501,2.8065458363349904,3.8845674748567807
영등포구,신길동,옥성여관,2,고위험군,37.49345278,126.9079467,191859.4301,443781.4477,48.52918424,41.0601219521766,7.469062287823398,3.8845674748567807
영등포구,(영등포동,백송여인숙,2,고위험군,37.51790548,126.9077354,191843.4085,446495.4023,60.24121045,54.330386286724845,5.9108241632751515,3.8845674748567807
영등포구,대림동,대흥장 여관,2,고위험군,37.48564409,126.9028456,191407.4291,442915.2389,42.43450728,40.91471694706371,1.5197903329362887,3.8845674748567807
영등포구,신길동,경남여인숙,2,고위험군,37.50425695,126.9092527,191976.0808,444980.4586,31.52402527,41.15614412536436,-9.632118855364357,3.8845674748567807
영등포구,(당산동,서울스테이,2,고위험군,37.52369543,126.8974721,190936.7857,447138.9535,48.17239464,41.010739120251465,7.161655519748535,3.8845674748567807
영등포구,(영등포동,에덴여인숙,2,고위험군,37.51773847,126.9020827,191343.6624,446477.3713,51.9713941,52.656856982595336,-0.6854628825953384,3.8845674748567807
영등포구,(영등포동,하나장여관,2,고위험군,37.51512537,126.9074189,191815.1275,446186.8726,41.37330111,42.99428286924431,-1.6209817592443088,3.8845674748567807
영등포구,신길동,모아여인숙,2,고위험군,37.49571698,126.9079211,191857.4182,444032.7466,38.42266229,40.96409977898884,-2.5414374889888407,3.8845674748567807
영등포구,(영등포동,삼일여관,2,고위험군,37.51429313,126.9065718,191740.1422,446094.5785,35.34595885,41.0601219521766,-5.714163102176599,3.8845674748567807
영등포구,(당산동,삼성여인숙,2,고위험군,37.51898252,126.900284,191184.8007,446615.6123,32.50609722,41.15614412536436,-8.650046905364356,3.8845674748567807
영등포구,(영등포동,대진여인숙,2,고위험군,37.51811386,126.9071551,191792.1267,446518.5803,37.39044122,41.15614412536436,-3.765702905364357,3.8845674748567807
영등포구,신길동,삼화여관,2,고위험군,37.49716012,126.9074689,191817.5821,444192.9556,41.57385389,41.0601219521766,0.5137319378234011,3.8845674748567807
영등포구,신길동,대성장여관,2,고위험군,37.50887033,126.9154404,192523.6628,445491.9751,43.04772582,41.20552695728949,1.8421988627105037,3.8845674748567807
강남구,역삼동,뉴성심장,2,고위험군,37.49803822,127.0393026,203475.44,444287.117,35.77918864,40.62665042750044,-4.8474617875004355,3.8845674748567807
강남구,역삼동,강남648호텔,2,고위험군,37.49724076,127.0310653,202747.0605,444198.337,40.55707327,43.0656136264695,-2.508540356469503,3.8845674748567807
강남구,삼성동,호텔라엠 HOTEL La M,2,고위험군,37.51409315,127.0650082,205747.2943,446070.2678,35.01639888,40.43186259046241,-5.4154637104624115,3.8845674748567807
강남구,논현동,휴호텔,2,고위험군,37.51389224,127.0366518,203240.3512,446046.615,48.4151719,40.43186259046241,7.983309309537589,3.8845674748567807
송파구,잠실동,wynn(윈),2,고위험군,37.50846893,127.083407,207374.4678,445447.3338,34.91356048,40.190435412161754,-5.276874932161753,3.8845674748567807
송파구,잠실동,마쯔&2060,2,고위험군,37.50826138,127.083844,207413.1303,445424.3328,39.55418134,40.28920107601203,-0.7350197360120276,3.8845674748567807
송파구,마천동,해강,2,고위험군,37.49249331,127.1543075,213646.0785,443682.1632,43.9749055,41.010739120251465,2.9641663797485336,3.8845674748567807
송파구,마천동,한양여인숙,2,고위험군,37.49239026,127.1535927,213582.8878,443670.6226,25.46312478,41.010739120251465,-15.547614340251464,3.8845674748567807
송파구,잠실동,라몬 모텔,2,고위험군,37.50848708,127.0829276,207332.0778,445449.3108,50.2765275,43.754229782758856,6.522297717241145,3.8845674748567807
중구,(남산동,오요5롯지B(oYo5LodgeB),2,고위험군,37.55646209,126.9842423,198607.6709,450770.8303,41.86795209,41.39757130366501,0.47038078633499225,3.8845674748567807
종로구,누상동,경복궁 서촌 크리스천 홈(Christian Home),2,고위험군,37.57905551,126.9634431,196770.8518,453278.9474,40.53988204,39.803603228748216,0.7362788112517862,3.8845674748567807
종로구,누상동,게스트하우스 포테이토(Guest house Potato),2,고위험군,37.57729245,126.9657549,196974.9814,453083.191,44.19771534,50.4894993592145,-6.2917840192144965,3.8845674748567807
종로구,명륜1가,혜화 갤러리 아트,2,고위험군,37.58538272,126.9964746,199688.6167,453980.5731,23.69443007,40.04503040704887,-16.35060033704887,3.8845674748567807
종로구,누하동,외가스테이,2,고위험군,37.57707922,126.9669566,197081.1287,453059.487,51.29423278,53.09307199793401,-1.7988392179340096,3.8845674748567807
종로구,동숭동,달빛스테이,2,고위험군,37.58122877,127.0048812,200431.1508,453519.5373,33.04972912,39.803603228748216,-6.753874108748214,3.8845674748567807
종로구,사직동,디자이너의 집,2,고위험군,37.57065189,126.9652333,196928.6362,452346.1826,41.72423496,40.141052580236625,1.5831823797633717,3.8845674748567807
종로구,숭인동,Lucia BNB,2,고위험군,37.57185478,127.0174885,201544.9462,452479.265,43.17949075,40.141052580236625,3.038438169763374,3.8845674748567807
종로구,동숭동,스튜디오 나인,2,고위험군,37.5765103,127.0056418,200498.3719,452995.8451,48.17283085,41.30154913047725,6.871281719522749,3.8845674748567807
종로구,명륜1가,서유니스테이,2,고위험군,37.58392029,126.9972026,199752.9193,453818.2578,34.462287,40.141052580236625,-5.678765580236622,3.8845674748567807
종로구,숭인동,스콧스테이,2,고위험군,37.57421651,127.0154501,201364.8242,452741.3581,37.33031203,40.33584041727465,-3.0055283872746514,3.8845674748567807
종로구,명륜4가,Summer Stay,2,고위험군,37.57907379,126.9999585,199996.3378,453280.348,39.99555999,40.141052580236625,-0.14549259023662842,3.8845674748567807
종로구,혜화동,스테이늘,2,고위험군,37.58756109,126.999238,199932.7012,454222.3419,40.24175262,39.89962540193597,0.3421272180640287,3.8845674748567807
종로구,충신동,매니스테이(Manny stay),2,고위험군,37.57207588,127.0036243,200320.1729,452503.6669,40.27820291,39.6115588823727,0.6666440276272994,3.8845674748567807
종로구,동숭동,Leafful House,2,고위험군,37.5783436,127.0051508,200454.989,453199.3178,35.30888226,39.803603228748216,-4.494720968748219,3.8845674748567807
종로구,연건동,스테이 우연 종로,2,고위험군,37.57397464,126.9991629,199926.0495,452714.4015,46.07565852,39.75422039682309,6.321438123176911,3.8845674748567807
종로구,창신동,스텀프 서울(Stump Seoul),2,고위험군,37.57637446,127.0114388,201010.4525,452980.8149,38.58824191,40.141052580236625,-1.5528106702366244,3.8845674748567807
종로구,창신동,행복하우스,2,고위험군,37.57289625,127.0099206,200876.3773,452594.7586,33.89851878,40.38522324919978,-6.486704469199779,3.8845674748567807
종로구,동숭동,동숭스테이,2,고위험군,37.57696114,127.0048398,200427.5174,453045.8792,35.44823614,40.04503040704887,-4.596794267048871,3.8845674748567807
종로구,연건동,종로 사랑채,2,고위험군,37.57380993,126.9984984,199867.3538,452696.1213,38.76461806,43.59785081499594,-4.83323275499594,3.8845674748567807
종로구,동숭동,studio-2H,2,고위험군,37.57798974,127.004034,200356.3378,453160.0386,38.15147466,39.85298606067335,-1.701511400673354,3.8845674748567807
종로구,부암동,레이지마운틴,2,고위험군,37.5881634,126.9633709,196764.8684,454289.822,45.95627697,41.20552695728949,4.750750012710505,3.8845674748567807
종로구,명륜3가,쉼표스테이-종로점,2,고위험군,37.5818896,126.9946863,199530.6429,453592.884,34.66726879,43.59785081499594,-8.930582024995935,3.8845674748567807
종로구,이화동,씨엘 드 서울,2,고위험군,37.57447432,127.0069088,200610.3091,452769.8823,36.60831945,41.5429763087779,-4.934656858777899,3.8845674748567807
종로구,창신동,서경,2,고위험군,37.57040647,127.0111472,200984.7708,452318.4341,57.61500754,54.26728600148717,3.347721538512829,3.8845674748567807
종로구,충신동,우주하우스,2,고위험군,37.57241142,127.0054482,200481.2904,452540.9158,48.26134114,47.23297594281823,1.0283651971817704,3.8845674748567807
종로구,누하동,서촌 스테이,2,고위험군,37.57705277,126.9683159,197201.2043,453056.5099,42.32151399,39.75422039682309,2.567293593176913,3.8845674748567807
종로구,사간동,행복한 결정,2,고위험군,37.57507311,126.97972,198208.5271,452836.5119,59.18872553,52.656856982595336,6.531868547404663,3.8845674748567807
종로구,효자동,온세나라의 한옥집,2,고위험군,37.57925252,126.9705241,197396.3359,453300.5934,50.4213698,52.84341434764584,-2.4220445476458394,3.8845674748567807
종로구,연건동,코지드림,2,고위험군,37.57625892,126.9998652,199988.0915,452967.9298,39.57873283,39.70758105556046,-0.1288482255604606,3.8845674748567807
종로구,창신동,홍스 게스트하우스(Hong's guest house),2,고위험군,37.57337487,127.0093892,200829.4276,452647.875,33.40063133,39.803603228748216,-6.402971898748213,3.8845674748567807
종로구,삼청동,슬로우스테이,2,고위험군,37.58182825,126.9818294,198395.009,453586.2168,56.07902177,39.803603228748216,16.27541854125178,3.8845674748567807
종로구,옥인동,더 모닝,2,고위험군,37.57960508,126.9691711,197276.8339,453339.7619,51.97864139,53.77071419157333,-1.7920728015733332,3.8845674748567807
종로구,누하동,킴자 하우스,2,고위험군,37.57727948,126.9666425,197053.3925,453081.7233,46.52187423,41.0601219521766,5.4617522778234004,3.8845674748567807
종로구,누하동,누하킴바이초이,2,고위험군,37.57706234,126.96847,197214.817,453057.5675,38.73543532,39.803603228748216,-1.0681679087482152,3.8845674748567807
종로구,동숭동,루미혜화하우스,2,고위험군,37.580752,127.0044494,200393.0196,453466.6194,35.19597455,40.141052580236625,-4.945078030236623,3.8845674748567807
종로구,숭인동,어바웃플레이스(종로),2,고위험군,37.57284724,127.0198415,201752.7849,452589.4578,31.04724852,40.04503040704887,-8.99778188704887,3.8845674748567807
종로구,삼청동,아복화도,2,고위험군,37.58473252,126.9805974,198286.2597,453908.5794,60.83428478,41.0601219521766,19.774162827823396,3.8845674748567807
종로구,명륜1가,다즐데이,2,고위험군,37.58513783,126.9965269,199693.2342,453953.3929,34.38354022,43.754229782758856,-9.370689562758855,3.8845674748567807
종로구,창신동,Ocher75,2,고위험군,37.57186853,127.0145496,201285.3208,452480.7468,40.08983536,40.04503040704887,0.04480495295113229,3.8845674748567807
종로구,원서동,한옥 살롱 115,2,고위험군,37.58073136,126.9883187,198968.1898,453464.3834,43.08616066,49.31254186499883,-6.22638120499883,3.8845674748567807
종로구,연건동,생추어리 종로,2,고위험군,37.57388942,126.9995166,199957.2938,452704.9428,39.26422403,39.99564757512373,-0.7314235451237323,3.8845674748567807
종로구,명륜1가,사브리나 인 혜화,2,고위험군,37.58464025,126.9967044,199708.9126,453898.1666,35.19767749,39.89962540193597,-4.701947911935974,3.8845674748567807
종로구,충신동,낙산의 야경,2,고위험군,37.57281384,127.0065969,200582.7651,452585.5862,37.17979395,40.673289768763055,-3.4934958187630585,3.8845674748567807
종로구,동숭동,슬로우스테이 혜화,2,고위험군,37.57838047,127.0045106,200398.4354,453203.407,25.6581223,38.69248951043272,-13.034367210432723,3.8845674748567807
종로구,숭인동,밤비 라 벨르,2,고위험군,37.57283677,127.0189944,201677.9572,452588.2803,34.80309151,40.190435412161754,-5.387343902161753,3.8845674748567807
종로구,명륜2가,창경궁로 하우스,2,고위험군,37.58134152,126.9984553,199863.5593,453532.0412,42.74601658,39.75422039682309,2.991796183176916,3.8845674748567807
종로구,숭인동,그린하우스3,2,고위험군,37.57413541,127.018058,201595.2067,452732.398,39.63411954,39.89962540193597,-0.2655058619359707,3.8845674748567807
종로구,명륜1가,거북이집2,2,고위험군,37.58644628,126.9968187,199719.0203,454098.6151,33.83276553,39.803603228748216,-5.970837698748213,3.8845674748567807
종로구,숭인동,종로테라스 스테이,2,고위험군,37.5740131,127.0179431,201585.0557,452718.8211,33.80362259,39.94900823386111,-6.145385643861104,3.8845674748567807
종로구,숭인동,다 올,2,고위험군,37.57326645,127.0183138,201617.8214,452635.9579,29.40901059,39.75422039682309,-10.345209806823085,3.8845674748567807
종로구,창신동,창신맨션,2,고위험군,37.57072247,127.0120566,201065.1074,452353.5163,33.79043054,39.89962540193597,-6.109194861935968,3.8845674748567807
종로구,창신동,소윤재,2,고위험군,37.57433739,127.0136425,201205.1454,452754.7497,41.04417387,39.94900823386111,1.0951656361388942,3.8845674748567807
종로구,충신동,에피소드 스테이,2,고위험군,37.57233013,127.0074883,200661.517,452531.9059,43.09397537,40.673289768763055,2.420685601236947,3.8845674748567807
종로구,홍지동,엘리의 기억,2,고위험군,37.597632,126.9580216,196292.8752,455340.9282,45.59881177,40.76931194195082,4.82949982804918,3.8845674748567807
종로구,창신동,힐제이,2,고위험군,37.5755572,127.0082476,200728.5613,452890.079,36.71266944,39.94900823386111,-3.2363387938611083,3.8845674748567807
종로구,익선동,SOUL STAY,2,고위험군,37.57202034,126.9883332,198969.3506,452497.5605,36.67221877,40.96409977898884,-4.291881008988838,3.8845674748567807
종로구,이화동,덕덕 스테이,2,고위험군,37.57430912,127.0072709,200642.2905,452751.5494,41.30293322,40.33584041727465,0.9670928027253467,3.8845674748567807
종로구,체부동,스테이오구당당,2,고위험군,37.57487244,126.969823,197334.2546,452814.4746,29.6897594,41.39757130366501,-11.70781190366501,3.8845674748567807
종로구,홍지동,스테이도호,2,고위험군,37.59442514,126.9590077,196379.8105,454984.964,52.69061378,49.095806102660745,3.5948076773392543,3.8845674748567807
종로구,동숭동,영스테이,2,고위험군,37.57685429,127.0054421,200480.7256,453034.023,43.22420812,43.861225918596645,-0.637017798596645,3.8845674748567807
종로구,누상동,누상 스튜디오,2,고위험군,37.57702556,126.9645801,196871.2031,453053.6078,40.88230727,39.658198223635324,1.2241090463646742,3.8845674748567807
종로구,동숭동,아늑히 혜화,2,고위험군,37.5788742,127.0052147,200460.6285,453258.2086,41.37641307,43.54298100174579,-2.1665679317457887,3.8845674748567807
종로구,청운동,옥연재,2,고위험군,37.58293415,126.9659934,196996.2837,453709.3475,41.37225948,40.72267260068819,0.6495868793118049,3.8845674748567807
종로구,명륜1가,스테이 자두,2,고위험군,37.58428494,126.9959294,199640.4595,453858.7339,34.86457159,39.803603228748216,-4.939031638748219,3.8845674748567807
종로구,명륜3가,메종 프롬네르,2,고위험군,37.58761522,126.9927879,199363.0092,454228.3739,45.41359904,40.76931194195082,4.644287098049183,3.8845674748567807
종로구,명륜3가,Ivon Stay,2,고위험군,37.58488032,126.9950924,199566.5332,453924.8179,34.55417227,39.85298606067335,-5.29881379067335,3.8845674748567807
종로구,충신동,낙산성곽 게스트,2,고위험군,37.57382496,127.0074861,200661.313,452697.8147,38.0131833,40.673289768763055,-2.660106468763054,3.8845674748567807
종로구,창신동,blessing[축복],2,고위험군,37.57154433,127.01198,201058.3288,452444.7323,32.5935272,39.75422039682309,-7.16069319682309,3.8845674748567807
종로구,명륜3가,명문가,2,고위험군,37.58689804,126.9933154,199409.5952,454148.7716,48.9345883,40.38522324919978,8.549365050800219,3.8845674748567807
종로구,숭인동,아뜰리에8 동묘3,2,고위험군,37.57146892,127.0163964,201448.4777,452436.4216,41.64684799,40.04503040704887,1.6018175829511279,3.8845674748567807
종로구,행촌동,서담재,2,고위험군,37.5730728,126.9619549,196639.1297,452614.9877,50.51994086,39.658198223635324,10.861742636364674,3.8845674748567807
종로구,누하동,여인숙 깔마,2,고위험군,37.57768546,126.9683244,197201.9771,453126.731,35.82858009,39.75422039682309,-3.925640306823084,3.8845674748567807
종로구,창신동,스테리 하우스,2,고위험군,37.57250631,127.0115171,201017.4218,452551.4959,48.8998127,40.91471694706371,7.985095752936289,3.8845674748567807
종로구,동숭동,모드의집,2,고위험군,37.58046511,127.004045,200357.295,453434.7763,32.23794208,40.09166974831149,-7.853727668311485,3.8845674748567807
종로구,충신동,오하이서울,2,고위험군,37.57285097,127.0072964,200644.5574,452589.7118,42.14006162,40.673289768763055,1.4667718512369419,3.8845674748567807
종로구,동숭동,플라워니 스테이,2,고위험군,37.57730218,127.0054439,200480.8817,453083.7336,38.33716347,39.320748872146915,-0.9835854021469146,3.8845674748567807
종로구,명륜3가,제이스테이,2,고위험군,37.5879836,126.9937221,199445.5294,454269.254,46.95778089,40.76931194195082,6.188468948049184,3.8845674748567807
종로구,동숭동,스테이 대학로,2,고위험군,37.57760901,127.0054704,200483.2241,453117.7883,41.4194828,40.33584041727465,1.083642382725344,3.8845674748567807
종로구,연건동,종로 인사이드,2,고위험군,37.57351439,126.998769,199891.2577,452663.3194,50.97011135,45.232971249850344,5.737140100149659,3.8845674748567807
종로구,연건동,바우하우스#3,2,고위험군,37.5741174,126.9984071,199859.2847,452730.247,29.02528386,39.94900823386111,-10.92372437386111,3.8845674748567807
종로구,사직동,솔라하우스,2,고위험군,37.57022261,126.966697,197057.9256,452298.4907,47.33542371,39.803603228748216,7.531820481251785,3.8845674748567807
종로구,명륜1가,스테이 혜래,2,고위험군,37.58625433,126.9969301,199728.8526,454077.3105,38.93060945,43.49085467915815,-4.560245229158149,3.8845674748567807
종로구,연건동,리리하우스(LI LI HOUSE),2,고위험군,37.57378848,126.9993475,199942.3557,452693.7397,47.47162666,51.356442408566835,-3.8848157485668366,3.8845674748567807
종로구,필운동,윤스테이,2,고위험군,37.57371059,126.969278,197286.0626,452685.5383,40.11114409,39.89962540193597,0.2115186880640323,3.8845674748567807
종로구,창신동,창신동숙,2,고위험군,37.57372994,127.0113029,200998.4839,452687.3023,37.21380932,40.81869477387595,-3.6048854538759443,3.8845674748567807
종로구,숭인동,부엉이 게스트하우스(OWL Guesthouse),2,고위험군,37.57264698,127.01936,201710.2576,452567.2224,31.76487435,40.09166974831149,-8.32679539831149,3.8845674748567807
종로구,체부동,한스하우스(Hans house),2,고위험군,37.57471511,126.969672,197320.911,452797.0171,34.96165997,41.10676129343923,-6.145101323439228,3.8845674748567807
종로구,필운동,게스트하우스 필운,2,고위험군,37.57419892,126.9675447,197132.9705,452739.7888,34.54451635,40.91471694706371,-6.3702005970637074,3.8845674748567807
종로구,소격동,쥘리앵,2,고위험군,37.57798512,126.9802125,198252.1046,453159.7022,51.18970741,41.39757130366501,9.792136106334986,3.8845674748567807
종로구,숭인동,킴스패밀리하우스,2,고위험군,37.5734284,127.0213203,201883.4058,452653.9885,31.35018283,39.658198223635324,-8.308015393635323,3.8845674748567807
종로구,창신동,코비게스트하우스,2,고위험군,37.57042698,127.013348,201179.189,452320.7358,44.48160852,41.39757130366501,3.084037216334991,3.8845674748567807
종로구,창신동,낙산발코니,2,고위험군,37.57637942,127.0092453,200816.6837,452981.3441,36.3936514,40.86807760580108,-4.47442620580108,3.8845674748567807
종로구,창신동,하이얀(Haiyan),2,고위험군,37.57476996,127.0128206,201132.5394,452802.7497,37.27620449,40.33584041727465,-3.0596359272746554,3.8845674748567807
종로구,팔판동,팔판동 레지던스,2,고위험군,37.58023347,126.9796263,198200.3715,453409.2543,64.41075129,54.330386286724845,10.080365003275148,3.8845674748567807
종로구,옥인동,디 하우스,2,고위험군,37.58024857,126.9647079,196882.6187,453411.3207,45.1733403,49.559456024624495,-4.386115724624496,3.8845674748567807
종로구,창신동,종로랑,2,고위험군,37.57412784,127.0088992,200786.1354,452731.4418,41.69800265,41.010739120251465,0.6872635297485346,3.8845674748567807
종로구,숭인동,종로03,2,고위험군,37.5770678,127.0164702,201454.8875,453057.8337,42.85265611,41.10676129343923,1.7458948165607708,3.8845674748567807
종로구,숭인동,우드 브릿지,2,고위험군,37.5776089,127.0160414,201416.9959,453117.883,33.78967505,39.89962540193597,-6.1099503519359715,3.8845674748567807
종로구,누상동,서로 우리 하우스,2,고위험군,37.57821014,126.9651853,196924.7075,453185.0626,42.59248438,39.85298606067335,2.7394983193266498,3.8845674748567807
종로구,동숭동,루나,2,고위험군,37.57716262,127.0050959,200450.1458,453068.2423,36.15249321,40.5772675955753,-4.424774385575297,3.8845674748567807
종로구,동숭동,자갈자갈집,2,고위험군,37.58075611,127.0036716,200324.3085,453467.0726,30.26264809,40.04503040704887,-9.78238231704887,3.8845674748567807
종로구,동숭동,혜화비앤비,2,고위험군,37.57826684,127.0048888,200431.84,453190.7971,41.75313856,39.89962540193597,1.8535131580640254,3.8845674748567807
종로구,충신동,무이하우스,2,고위험군,37.57259223,127.0051718,200456.873,452560.9822,45.96679891,40.96409977898884,5.002699131011163,3.8845674748567807
종로구,동숭동,혜화디어홈,2,고위험군,37.5770991,127.0040568,200358.3534,453061.1879,36.70825939,40.04503040704887,-3.336771017048868,3.8845674748567807
종로구,숭인동,더모던한옥,2,고위험군,37.57338388,127.0156867,201385.7439,452648.9493,43.90240384,54.950415176451514,-11.048011336451516,3.8845674748567807
종로구,누하동,호랑주택,2,고위험군,37.575989,126.9687868,197242.7592,452938.4298,38.47912658,47.29058924673088,-8.811462666730883,3.8845674748567807
종로구,사직동,지니크 인,2,고위험군,37.57199422,126.9649162,196900.6794,452495.1761,49.41784938,40.190435412161754,9.227413967838245,3.8845674748567807
종로구,동숭동,Hyehwa the hill,2,고위험군,37.58081972,127.0052234,200461.3832,453474.1391,35.44910295,39.70758105556046,-4.258478105560464,3.8845674748567807
종로구,숭인동,토토스테이,2,고위험군,37.57483903,127.0153908,201359.5789,452810.4498,35.94240913,40.190435412161754,-4.248026282161753,3.8845674748567807
종로구,숭인동,스테이별빛숭인,2,고위험군,37.57231353,127.0185069,201634.8996,452530.1982,35.59002371,43.59785081499594,-8.00782710499594,3.8845674748567807
종로구,숭인동,Today Sinseol,2,고위험군,37.57315713,127.0212725,201879.1962,452623.8797,31.2441916,39.94900823386111,-8.704816633861107,3.8845674748567807
종로구,동숭동,스테이 릴리헤이븐,2,고위험군,37.57796653,127.0038134,200336.8489,453157.4617,29.20497017,38.88453385680824,-9.67956368680824,3.8845674748567807
종로구,누상동,seochon visit,2,고위험군,37.57824488,126.9653134,196936.0209,453188.9141,42.58194229,39.85298606067335,2.7289562293266485,3.8845674748567807
종로구,연건동,노마드 컴퍼니,2,고위험군,37.57377342,126.9995655,199961.6205,452692.0681,34.52245346,39.99564757512373,-5.473194115123732,3.8845674748567807
종로구,창신동,낙산별화,2,고위험군,37.57584109,127.0086944,200768.0297,452921.591,37.29374739,39.89962540193597,-2.605878011935971,3.8845674748567807
종로구,창신동,STAY-JUN,2,고위험군,37.57468047,127.0096493,200852.3931,452792.7839,41.78732154,40.86807760580108,0.9192439341989171,3.8845674748567807
종로구,통인동,오렌지,2,고위험군,37.57754872,126.9700155,197351.3499,453111.5054,53.30065427,48.382498530408824,4.918155739591178,3.8845674748567807
종로구,창신동,white house,2,고위험군,37.57061763,127.0128817,201138.0,452341.89,36.41708504,40.09166974831149,-3.6745847083114853,3.8845674748567807
종로구,숭인동,스테이지니,2,고위험군,37.57532974,127.0216079,201908.7635,452865.021,34.84774418,43.861225918596645,-9.013481738596646,3.8845674748567807
종로구,창신동,낙산 네스트(Naksan Nest),2,고위험군,37.57452089,127.0098405,200869.2886,452775.0741,34.99955458,40.527884763650164,-5.528330183650162,3.8845674748567807
종로구,동숭동,고은,2,고위험군,37.58044549,127.0047395,200418.6424,453432.6016,39.91231704,39.89962540193597,0.012691638064026733,3.8845674748567807
종로구,충신동,램파트 게스트하우스,2,고위험군,37.57211599,127.0072916,200644.1406,452508.1375,42.05940877,39.89962540193597,2.1597833680640264,3.8845674748567807
종로구,행촌동,잔잔스테이,2,고위험군,37.57102423,126.9628053,196714.1624,452387.5901,54.42816398,53.153428792509175,1.2747351874908261,3.8845674748567807
종로구,충신동,테이블 노트,2,고위험군,37.57321044,127.0069916,200617.6295,452629.6067,36.71474352,40.673289768763055,-3.9585462487630565,3.8845674748567807
종로구,숭인동,헬로서울,2,고위험군,37.57545495,127.0153898,201359.4829,452878.8098,27.10943643,43.38385854332036,-16.27442211332036,3.8845674748567807
종로구,부암동,라오테아로아 로그 하우스,2,고위험군,37.59531576,126.966535,197044.6115,455083.5494,61.45568017,52.59650018802017,8.859179981979828,3.8845674748567807
종로구,동숭동,J-Park Story 동숭동,2,고위험군,37.57760907,127.004499,200397.4095,453117.7904,34.96233492,39.85298606067335,-4.890651140673349,3.8845674748567807
중구,(회현동,제이하우스,2,고위험군,37.55421386,126.9800582,198237.9105,450521.3737,51.64901113,53.33998615755968,-1.6909750275596807,3.8845674748567807
중구,(회현동,88 게스트하우스,2,고위험군,37.55741988,126.9832419,198519.2921,450877.1489,38.17329224,45.446963521525916,-7.273671281525914,3.8845674748567807
중구,(남산동,숨2nd,2,고위험군,37.55543636,126.9859744,198760.694,450656.9622,40.49656198,40.673289768763055,-0.17672778876305273,3.8845674748567807
중구,(남산동,제이나인 게스트하우스,2,고위험군,37.55556946,126.9842,198603.9158,450671.7596,46.78088892,40.48124542238754,6.299643497612465,3.8845674748567807
중구,신당동,마르코의 다락방,2,고위험군,37.5489861,127.0082689,200730.7041,449941.0003,37.09025641,40.09166974831149,-3.0014133383114867,3.8845674748567807
중구,(회현동,라온,2,고위험군,37.5550507,126.9831565,198511.7028,450614.1994,59.61864305,54.580043937013016,5.0385991129869865,3.8845674748567807
중구,(남산동,엔드 서울,2,고위험군,37.55488937,126.9843849,198620.2357,450596.275,47.31192821,45.1808449272627,2.1310832827373005,3.8845674748567807
중구,필동,명동 위 스테이,2,고위험군,37.5557537,126.9956652,199616.9777,450692.0995,40.51388138,41.20552695728949,-0.691645577289492,3.8845674748567807
중구,(만리동,서울 삼월,2,고위험군,37.55401687,126.9670078,197084.7555,450499.8349,59.5545475,52.78305755307068,6.7714899469293215,3.8845674748567807
중구,황학동,쉼 스테이,2,고위험군,37.56474665,127.0201533,201780.5246,451690.3927,39.015828,41.348188471739874,-2.332360471739875,3.8845674748567807
중구,신당동,일상고요,2,고위험군,37.56070631,127.010882,200961.4617,451241.8273,35.86591188,39.51553670918494,-3.649624829184944,3.8845674748567807
중구,신당동,스테이 신당,2,고위험군,37.55270014,127.0057008,200503.7439,450353.1973,41.09614645,40.527884763650164,0.5682616863498353,3.8845674748567807
중구,신당동,원웨이하우스,2,고위험군,37.56091005,127.0096196,200849.9295,451264.4279,59.11993,53.153428792509175,5.966501207490822,3.8845674748567807
중구,(광희동,스테이오얏,2,고위험군,37.56135165,127.0075562,200667.6142,451313.4236,47.07123659,39.89962540193597,7.171611188064027,3.8845674748567807
중구,(광희동,메종 드 린,2,고위험군,37.56077622,127.0084615,200747.605,451249.5645,41.38415878,39.75422039682309,1.6299383831769134,3.8845674748567807
중구,중림동,서울로 스테이,2,고위험군,37.55472963,126.9667115,197058.6011,450578.952,41.07758266,40.09166974831149,0.9859129116885086,3.8845674748567807
중구,(남산동,그린네이비 게스트하우스,2,고위험군,37.55597835,126.9858585,198750.4613,450717.1182,38.43651312,39.89962540193597,-1.4631122819359703,3.8845674748567807
중구,신당동,서울 나침반,2,고위험군,37.56041504,127.0175305,201548.8951,451209.5886,34.91884579,40.04503040704887,-5.126184617048871,3.8845674748567807
중구,남창동,소시 스테이,2,고위험군,37.55367274,126.9766149,197933.6431,450461.386,33.13097855,41.348188471739874,-8.217209921739872,3.8845674748567807
중구,(광희동,하나 스테이,2,고위험군,37.56150091,127.0088191,200779.191,451329.9994,35.17793373,39.99564757512373,-4.817713845123734,3.8845674748567807
중구,신당동,소당 스테이,2,고위험군,37.56159957,127.0121655,201074.8572,451340.9825,36.09486543,40.04503040704887,-3.950164977048871,3.8845674748567807
중구,(광희동,호야,2,고위험군,37.56123206,127.0089903,200794.3234,451300.1617,45.14853056,47.5210424623815,-2.372511902381504,3.8845674748567807
중구,(필동,나미스 하우스,2,고위험군,37.55760098,126.9967439,199712.3019,450897.1218,54.444493,47.348202550643535,7.0962904493564665,3.8845674748567807
중구,(광희동,스테이 이비비,2,고위험군,37.56096498,127.0079841,200705.4188,451270.5109,42.19562817,39.99564757512373,2.1999805948762656,3.8845674748567807
중구,(남산동,명동힐,2,고위험군,37.55618754,126.9858278,198747.7601,450740.3362,41.50493717,41.10676129343923,0.3981758765607708,3.8845674748567807
중구,(회현동,남산 네스트,2,고위험군,37.554501,126.9835012,198542.1455,450553.1839,60.04891782,53.02997171269634,7.0189461073036625,3.8845674748567807
중구,필동,충무맨션,2,고위험군,37.55679475,126.9950393,199561.6804,450807.6464,31.73977033,39.89962540193597,-8.159855071935972,3.8845674748567807
중구,(남산동,하우스 사라,2,고위험군,37.55471617,126.9847442,198651.9832,450577.0466,38.32964899,37.649963058679916,0.6796859313200869,3.8845674748567807
중구,(광희동,지안,2,고위험군,37.56101811,127.0089864,200793.9749,451276.4157,39.55814524,41.25216629855212,-1.6940210585521172,3.8845674748567807
중구,신당동,단이랑체리의집,2,고위험군,37.55998923,127.0134705,201190.1805,451162.2695,39.75158107,41.25216629855212,-1.5005852285521186,3.8845674748567807
중구,신당동,스테이 109,2,고위험군,37.5603757,127.0188196,201662.7907,451205.2443,32.32799509,40.141052580236625,-7.813057490236623,3.8845674748567807
중구,(회현동,제이나인 롯지,2,고위험군,37.55368801,126.9812494,198343.1612,450462.989,51.36199141,54.88731489121385,-3.525323481213846,3.8845674748567807
중구,신당동,유에 하우스,2,고위험군,37.55940725,127.0129652,201145.5411,451097.6704,46.08807564,39.99564757512373,6.092428064876266,3.8845674748567807
중구,(만리동,더 파인 하우스,2,고위험군,37.55237109,126.9660433,196999.462,450317.2033,41.35634153,39.803603228748216,1.552738301251786,3.8845674748567807
중구,(남산동,봉스 비앤비(Bong's BNB),2,고위험군,37.55451805,126.9843521,198617.3315,450555.0634,54.46960679,52.40994282296967,2.059663967030332,3.8845674748567807
중구,(남산동,Juny's Cozy Home,2,고위험군,37.55581166,126.9859932,198762.3632,450698.6158,38.30371759,39.89962540193597,-1.595907811935973,3.8845674748567807
중구,(남산동,남산 하이드아웃,2,고위험군,37.55534782,126.9839547,198582.236,450647.1639,57.20054365,55.01351546168918,2.187028188310819,3.8845674748567807
중구,신당동,랜디모어,2,고위험군,37.55887898,127.0088564,200782.5175,451038.9965,32.43703662,40.23981824408689,-7.80278162408689,3.8845674748567807
중구,(필동,섭 스테이,2,고위험군,37.55767439,126.9970922,199743.0717,450905.2684,49.93309602,43.806356105346495,6.1267399146535055,3.8845674748567807
중구,예장동,태라 인 명동,2,고위험군,37.55480677,126.9849211,198667.615,450587.0996,42.9253076,40.04503040704887,2.8802771929511266,3.8845674748567807
중구,(남산동,보로하우스,2,고위험군,37.5548131,126.9847312,198650.8398,450587.8049,39.89904003,40.43186259046241,-0.5328225604624066,3.8845674748567807
중구,중림동,서울로 드림 하우스,2,고위험군,37.55441998,126.9665703,197046.1105,450544.5889,44.46249585,54.82695809663868,-10.364462246638674,3.8845674748567807
중구,(남산동,케이브 명동,2,고위험군,37.55568395,126.9842106,198604.8492,450684.4665,46.57411602,40.43186259046241,6.14225342953759,3.8845674748567807
중구,(광희동,동대문 도도,2,고위험군,37.56099125,127.0076842,200678.9284,451273.4244,36.24904379,39.803603228748216,-3.554559438748214,3.8845674748567807
중구,신당동,신당동 스마일 스테이,2,고위험군,37.56102698,127.0135953,201201.1878,451277.4491,29.67571921,38.88453385680824,-9.20881464680824,3.8845674748567807
중구,(광희동,DDP NEST,2,고위험군,37.56041505,127.0074279,200656.2858,451209.4712,37.75792958,39.70758105556046,-1.949651475560458,3.8845674748567807
중구,묵정동,모노블룸 스테이,2,고위험군,37.55861369,127.000778,200068.7394,451009.5159,34.36070964,40.141052580236625,-5.780342940236622,3.8845674748567807
중구,신당동,스틸 하우스 신당,2,고위험군,37.56150693,127.0118869,201050.2443,451330.6974,42.73245199,40.28920107601203,2.443250913987974,3.8845674748567807
중구,황학동,고유홈,2,고위험군,37.56586802,127.0206896,201827.8744,451814.8619,40.40560456,39.99564757512373,0.40995698487626697,3.8845674748567807
중구,(남산동,동동 스테이,2,고위험군,37.55539114,126.9844476,198625.7869,450651.9646,47.47970872,40.43186259046241,7.047846129537589,3.8845674748567807
중구,중림동,시스앤브로 JL,2,고위험군,37.55580362,126.9628839,196720.4354,450698.2787,34.31496082,40.28920107601203,-5.974240256012024,3.8845674748567807
중구,(필동,남산벚꽃스테이,2,고위험군,37.55784545,126.9968497,199721.6519,450924.2548,51.39342502,44.12460102219735,7.268823997802649,3.8845674748567807
중구,황학동,홍스테이 신당,2,고위험군,37.56450034,127.0210405,201858.9132,451663.0724,34.87490551,41.348188471739874,-6.473282961739876,3.8845674748567807
중구,필동,블루브릭스 남산,2,고위험군,37.55351364,126.9957371,199623.3159,450443.4793,52.96110765,53.21652907774684,-0.25542142774683896,3.8845674748567807
중구,신당동,와유,2,고위험군,37.5537573,127.0092099,200813.8071,450470.554,40.57221977,39.99564757512373,0.5765721948762632,3.8845674748567807
중구,예장동,남산 하나 하우스,2,고위험군,37.55235723,126.9937912,199451.3703,450315.1412,43.81273322,41.0601219521766,2.752611267823397,3.8845674748567807
중구,(장충동,글림스,2,고위험군,37.55957821,127.0078024,200689.3821,451116.5945,47.01206448,47.57591227563165,-0.5638477956316521,3.8845674748567807
중구,남학동,해마루,2,고위험군,37.55778377,126.9896856,199088.6488,450917.4543,42.42446275,41.496336967515276,0.9281257824847273,3.8845674748567807
중구,신당동,뽀키 하우스,2,고위험군,37.55998632,127.0128996,201139.7433,451161.9395,34.47588615,38.69248951043272,-4.216603360432721,3.8845674748567807
중구,신당동,더 情(정) 스테이,2,고위험군,37.56112752,127.0119906,201059.4101,451288.5886,32.09606862,39.85298606067335,-7.756917440673355,3.8845674748567807
중구,(광희동,웨어하우스,2,고위험군,37.56093266,127.0089999,200795.1704,451266.9319,44.52550809,41.0601219521766,3.465386137823401,3.8845674748567807
중구,필동,무지개 하우스,2,고위험군,37.55598648,126.9974478,199774.4857,450717.9296,45.88263655,40.91471694706371,4.967919602936291,3.8845674748567807
중구,(장충동,중구 마루,2,고위험군,37.55578529,127.0006057,200053.5168,450695.597,48.73679139,47.06013603108026,1.6766553589197386,3.8845674748567807
중구,신당동,포코라 스테이,2,고위험군,37.55589487,127.0092648,200818.6295,450707.7992,43.94323832,47.175362638905575,-3.2321243189055764,3.8845674748567807
중구,(장충동,서울우리집(SEOUL WOORIJIB),2,고위험군,37.56003474,127.0074591,200659.0414,451167.2615,46.42467188,41.10676129343923,5.317910586560771,3.8845674748567807
중구,(회현동,남대문 하우스,2,고위험군,37.55509097,126.9792975,198170.7162,450618.737,50.51111132,54.88731489121385,-4.37620357121385,3.8845674748567807
중구,남창동,케이팝 하우스,2,고위험군,37.55394624,126.9764108,197915.6152,450491.7457,32.31059695,41.15614412536436,-8.84554717536436,3.8845674748567807
중구,예장동,태은 하우스,2,고위험군,37.5563119,126.9920602,199298.4508,450754.0739,41.19362209,40.04503040704887,1.1485916829511282,3.8845674748567807
중구,(필동,린앤힐,2,고위험군,37.55756004,126.9968038,199717.5917,450892.5778,45.84329277,39.89962540193597,5.943667368064027,3.8845674748567807
중구,황학동,티아모스테이,2,고위험군,37.56441455,127.0200994,201775.7688,451653.5325,35.22993492,39.75422039682309,-4.5242854768230885,3.8845674748567807
중구,필동,미야,2,고위험군,37.55667372,126.9951559,199571.9849,450794.213,28.72798585,40.141052580236625,-11.413066730236626,3.8845674748567807
중구,(남산동,스테이720,2,고위험군,37.55431315,126.9849806,198672.8637,450532.3129,43.15912087,41.496336967515276,1.6627839024847262,3.8845674748567807
중구,남창동,샤이닝 데이지,2,고위험군,37.55434273,126.9766158,197933.7438,450535.7469,34.39493308,41.59235914070303,-7.19742606070303,3.8845674748567807
중구,(광희동,라르고 스테이 동대문,2,고위험군,37.56149707,127.0086864,200767.4711,451329.5721,39.87344976,41.64174197262817,-1.7682922126281682,3.8845674748567807
중구,신당동,메트로썬 스테이,2,고위험군,37.55985101,127.0113559,201003.3494,451146.9041,47.30802481,40.09166974831149,7.21635506168851,3.8845674748567807
중구,(장충동,서울N하우스,2,고위험군,37.55958688,127.0083747,200739.9495,451117.5611,60.94241412,54.580043937013016,6.362370182986986,3.8845674748567807
중구,(만리동,메이하우스,2,고위험군,37.55242898,126.9659875,196994.5354,450323.6302,41.84667285,39.803603228748216,2.0430696212517816,3.8845674748567807
중구,(남산동,해피가든,2,고위험군,37.55527576,126.9851366,198686.6649,450639.1489,44.88985847,41.20552695728949,3.684331512710507,3.8845674748567807
중구,예장동,마마 게스트하우스2,2,고위험군,37.5557369,126.9875998,198904.3179,450690.2984,43.60656834,41.10676129343923,2.4998070465607753,3.8845674748567807
중구,중림동,J Stay Seoul,2,고위험군,37.55513081,126.9671369,197096.2009,450623.4649,44.84525576,41.20552695728949,3.6397288027105077,3.8845674748567807
중구,(남산동,아리하우스,2,고위험군,37.55760349,126.9860718,198769.3421,450897.4866,47.68913019,43.38385854332036,4.305271646679643,3.8845674748567807
중구,(회현동,선물플러스,2,고위험군,37.5547866,126.9821223,198420.3157,450584.9044,46.21601223,43.040922210506935,3.1750900194930622,3.8845674748567807
중구,신당동,77게스트하우스,2,고위험군,37.56177346,127.0108538,200958.9591,451360.2681,60.49631632,53.21652907774684,7.279787242253157,3.8845674748567807
중구,(남산동,명동 루프탑호스텔 2,2,고위험군,37.55556134,126.9857794,198743.4677,450670.8361,40.86116656,40.09166974831149,0.7694968116885121,3.8845674748567807
중구,(남산동,남산 마이,2,고위험군,37.55466166,126.9840442,198590.1278,450571.007,46.68851568,41.348188471739874,5.340327208260128,3.8845674748567807
중구,(장충동,타오,2,고위험군,37.55489488,127.0062429,200551.6224,450596.7903,53.23646908,41.10676129343923,12.129707786560772,3.8845674748567807
중구,예장동,더힐,2,고위험군,37.55500894,126.9846466,198643.3689,450609.542,45.1925667,40.09166974831149,5.100896951688512,3.8845674748567807
중구,(만리동,콩 포레스트,2,고위험군,37.55234747,126.9659384,196990.1899,450314.5851,41.07725287,39.803603228748216,1.2736496412517866,3.8845674748567807
중구,(회현동,남산스튜디오,2,고위험군,37.55515938,126.9793328,198173.8388,450626.329,50.53107218,54.82695809663868,-4.2958859166386745,3.8845674748567807
중구,(회현동,브루니하우스,2,고위험군,37.55358333,126.9802825,198257.7179,450451.3883,40.3849747,42.51142851264301,-2.126453812643007,3.8845674748567807
중구,(광희동,까사데루나,2,고위험군,37.56089279,127.007935,200701.0813,451262.4983,42.12728201,39.803603228748216,2.323678781251786,3.8845674748567807
중구,(회현동,스테이모어,2,고위험군,37.55454397,126.9835361,198545.2302,450557.9525,44.80164547,40.527884763650164,4.273760706349833,3.8845674748567807
용산구,서계동,유어홈,2,고위험군,37.5485797,126.9677056,197146.2052,449896.3528,37.88505541,40.28920107601203,-2.4041456660120275,3.8845674748567807
용산구,(용산동,지미집2,2,고위험군,37.54356367,126.9817095,198383.5909,449339.3012,44.6726979,39.85298606067335,4.819711839326651,3.8845674748567807
용산구,한강로1가,하우재,2,고위험군,37.53166385,126.9734744,197655.4528,448018.7404,28.40368529,40.5772675955753,-12.173582305575302,3.8845674748567807
용산구,동자동,서울채(seoulchae),2,고위험군,37.54730923,126.9726644,197584.3668,449755.207,45.72897854,41.5429763087779,4.186002231222098,3.8845674748567807
용산구,서계동,BRO & SIS,2,고위험군,37.54783273,126.9670404,197087.3955,449813.4685,38.09581755,40.62665042750044,-2.530832877500437,3.8845674748567807
용산구,서계동,블루문 하우스,2,고위험군,37.55188791,126.9674986,197128.0409,450263.5307,60.56342405,53.46344323737251,7.099980812627493,3.8845674748567807
용산구,이태원동,요트(Yacht),2,고위험군,37.53264065,126.9915404,199252.2836,448126.8562,40.2934605,39.89962540193597,0.39383509806403083,3.8845674748567807
용산구,이태원동,Noel's Guest House,2,고위험군,37.53050834,126.992442,199331.9498,447890.1893,51.54204645,53.400342952134835,-1.8582965021348343,3.8845674748567807
용산구,이태원동,Tree House Itaewon,2,고위험군,37.53263443,126.9903676,199148.6251,448126.1758,44.9280938,44.4401024483857,0.48799135161429774,3.8845674748567807
용산구,이태원동,제로미네,2,고위험군,37.53262332,126.9916275,199259.9828,448124.9321,36.59435691,42.90649116804407,-6.312134258044068,3.8845674748567807
용산구,이태원동,소안하우스,2,고위험군,37.53578494,126.9885245,198985.7591,448475.8619,33.0359577,41.20552695728949,-8.169569257289496,3.8845674748567807
용산구,(용산동,Seoul Best Stay,2,고위험군,37.5417635,126.9870837,198858.5068,449139.4254,50.27019102,40.23981824408689,10.030372775913108,3.8845674748567807
용산구,서계동,casa bella(까사벨라),2,고위험군,37.55060085,126.9658074,196978.5438,450120.7355,52.52908728,53.400342952134835,-0.8712556721348363,3.8845674748567807
용산구,서계동,Crystal House,2,고위험군,37.55095205,126.9659247,196988.9232,450159.7107,54.51468679,54.64040073158818,-0.12571394158818094,3.8845674748567807
용산구,한강로3가,모모하우스,2,고위험군,37.51980161,126.9624592,196681.3184,446702.5113,63.15776777,53.153428792509175,10.004338977490825,3.8845674748567807
용산구,갈월동,Maison,2,고위험군,37.54380345,126.9733704,197646.6455,449366.0899,53.60717891,53.21652907774684,0.3906498322531604,3.8845674748567807
용산구,(용산동,플랫트먼트,2,고위험군,37.53987272,126.9848266,198658.9947,448929.6017,45.57682562,40.23981824408689,5.33700737591311,3.8845674748567807
용산구,한강로3가,땡스땡스,2,고위험군,37.5231306,126.9612601,196575.4605,447072.0304,47.00006405,52.78305755307068,-5.782993503070678,3.8845674748567807
용산구,원효로3가,모먼트 원효,2,고위험군,37.53174584,126.9562139,196129.8308,448028.4106,34.19663316,52.71995726783301,-18.523324107833012,3.8845674748567807
용산구,갈월동,리브하우스,2,고위험군,37.54386709,126.9732637,197637.2119,449373.1559,54.97057222,53.52380003194767,1.4467721880523285,3.8845674748567807
용산구,이태원동,나나씨네 스튜디오(NANACINE),2,고위험군,37.53680849,126.9901621,199130.5101,448589.447,46.87007105,39.94900823386111,6.9210628161388925,3.8845674748567807
용산구,동자동,클라라 하우스(Clara House),2,고위험군,37.54691324,126.973684,197674.4553,449711.2312,50.37411653,52.96687142745867,-2.5927548974586685,3.8845674748567807
용산구,갈월동,로지칙스,2,고위험군,37.543979,126.9738171,197686.1196,449385.5628,33.79805287,40.141052580236625,-6.342999710236626,3.8845674748567807
용산구,이태원동,스위트 이태원,2,고위험군,37.5309003,126.9924521,199332.8443,447933.692,33.89918198,39.99564757512373,-6.096465595123732,3.8845674748567807
용산구,이태원동,RTR,2,고위험군,37.53218534,126.9905266,199162.6692,448076.3309,38.06926683,39.94900823386111,-1.8797414038611109,3.8845674748567807
용산구,후암동,진호하우스(Jinho's House),2,고위험군,37.54354563,126.9756162,197845.1,449337.4212,61.42623133,54.88731489121385,6.538916438786153,3.8845674748567807
용산구,이태원동,이태원 마인스테이(Itaewon Minestay),2,고위험군,37.52900389,126.9939066,199461.3995,447723.2047,44.04581991,40.91471694706371,3.131102962936289,3.8845674748567807
용산구,이태원동,쥬앤,2,고위험군,37.52927449,126.993104,199390.4598,447753.2428,36.70529582,40.81869477387595,-4.113398953875944,3.8845674748567807
용산구,후암동,스마일홈,2,고위험군,37.54954053,126.9757895,197860.5883,450002.7787,42.69090814,40.81869477387595,1.8722133661240505,3.8845674748567807
용산구,이태원동,베이스캠프,2,고위험군,37.53912139,126.9903992,199151.4881,448846.1484,44.29865668,39.99564757512373,4.303009104876267,3.8845674748567807
용산구,산천동,S&J House,2,고위험군,37.5340101,126.95316,195860.0322,448279.8456,36.76682325,39.94900823386111,-3.182184983861106,3.8845674748567807
용산구,한강로1가,에이미하우스,2,고위험군,37.53040258,126.9734968,197657.3897,447878.7545,51.32175585,52.71995726783301,-1.3982014178330076,3.8845674748567807
용산구,서계동,DOMO,2,고위험군,37.54761991,126.9679016,197163.4873,449789.8218,39.43192641,41.010739120251465,-1.5788127102514622,3.8845674748567807
용산구,(청파동,Clean Cosy House,2,고위험군,37.54583457,126.9652925,196932.8472,449591.7525,45.98372176,40.09166974831149,5.892052011688513,3.8845674748567807
용산구,남영동,서울하우스,2,고위험군,37.53873825,126.9734111,197650.0798,448803.9134,47.05116165,53.83655796747351,-6.785396317473513,3.8845674748567807
용산구,이태원동,서울큐브 이태원,2,고위험군,37.53118332,126.9953179,199586.1563,447965.0872,33.61672986,41.5429763087779,-7.926246448777903,3.8845674748567807
용산구,서계동,Via SEOUL,2,고위험군,37.54973422,126.9636203,196785.2392,450024.6225,39.99050407,39.70758105556046,0.2829230144395396,3.8845674748567807
용산구,서계동,루실라하우스,2,고위험군,37.55033384,126.9648423,196893.2536,450091.132,39.79914377,39.70758105556046,0.09156271443954012,3.8845674748567807
용산구,갈월동,Paul's house,2,고위험군,37.54360891,126.9730367,197617.1481,449344.5068,60.61377405,53.46344323737251,7.1503308126274945,3.8845674748567807
용산구,후암동,후암3쉐어하우스,2,고위험군,37.54521554,126.9745652,197752.2742,449522.7856,52.87806809,53.276885872322005,-0.3988177823220056,3.8845674748567807
용산구,후암동,후암3쉐어하우스,2,고위험군,37.54539096,126.9736288,197669.5307,449542.2779,59.65528374,53.400342952134835,6.254940787865166,3.8845674748567807
용산구,(용산동,Maggies Doremi House,2,고위험군,37.53879298,126.9850305,198677.0039,448809.7609,44.48357039,40.04503040704887,4.438539982951127,3.8845674748567807
용산구,후암동,후암별장3030,2,고위험군,37.54894256,126.9778127,198039.3585,449936.3671,25.72060729,40.33584041727465,-14.615233127274653,3.8845674748567807
용산구,서계동,GIO & Sabina,2,고위험군,37.54982823,126.9672382,197104.9512,450034.9389,39.92973155,41.348188471739874,-1.4184569217398746,3.8845674748567807
용산구,서계동,KONG STAY,2,고위험군,37.55045612,126.9647761,196887.4097,450104.7058,44.10873939,41.0601219521766,3.0486174378233954,3.8845674748567807
용산구,(청파동,Andy's House,2,고위험군,37.54714029,126.9677561,197150.6086,449736.5941,40.67966478,40.09166974831149,0.5879950316885143,3.8845674748567807
용산구,한남동,바나홈스(VANA HOMES),2,고위험군,37.52842159,127.0076124,200672.872,447658.5864,47.12751881,40.62665042750044,6.5008683824995614,3.8845674748567807
용산구,이태원동,Today Seoul,2,고위험군,37.53017165,126.9924778,199335.113,447852.8207,36.09505967,40.76931194195082,-4.67425227195082,3.8845674748567807
용산구,서계동,알(R)게스트하우스_2(알게호),2,고위험군,37.5509019,126.9658361,196981.0938,450154.1475,37.60831796,41.15614412536436,-3.5478261653643557,3.8845674748567807
용산구,서계동,케이에이하우스,2,고위험군,37.55022518,126.966387,197029.7492,450079.0221,43.08253924,40.141052580236625,2.9414866597633775,3.8845674748567807
용산구,이태원동,로우 하우스,2,고위험군,37.52923706,126.9936657,199440.1025,447749.085,35.73412102,40.33584041727465,-4.60171939727465,3.8845674748567807
용산구,이태원동,시크릿가든 이태원,2,고위험군,37.52933619,126.993219,199400.6173,447760.09,37.35313026,40.76931194195082,-3.4161816819508175,3.8845674748567807
용산구,서계동,서계스테이,2,고위험군,37.54915325,126.9675493,197132.41,449960.0147,43.30277792,40.28920107601203,3.0135768439879698,3.8845674748567807
용산구,서계동,서울스테이션15,2,고위험군,37.54962409,126.9666029,197048.7993,450012.3016,44.2193941,41.25216629855212,2.9672278014478835,3.8845674748567807
용산구,이태원동,게스트하우스 몽자,2,고위험군,37.52914578,126.9944424,199508.7587,447738.9498,46.60814375,40.141052580236625,6.467091169763378,3.8845674748567807
용산구,(용산동,해방촌 루프탑 스테이,2,고위험군,37.54272485,126.9855427,198722.3312,449246.1434,42.20835389,40.28920107601203,1.9191528139879708,3.8845674748567807
용산구,후암동,도란도란,2,고위험군,37.54840168,126.9790415,198147.9349,449876.311,42.30231611,40.33584041727465,1.9664756927253464,3.8845674748567807
용산구,한남동,원보이,2,고위험군,37.53352161,127.0000738,200006.522,448224.5982,39.45117899,40.04503040704887,-0.5938514170488673,3.8845674748567807
용산구,후암동,이태원 서울역 사이,2,고위험군,37.5451218,126.980573,198283.1966,449512.2549,41.1572754,39.89962540193597,1.257649998064032,3.8845674748567807
용산구,(청파동,포엠 스테이,2,고위험군,37.54535149,126.967653,197141.4294,449538.0621,63.86449546,53.46344323737251,10.401052222627492,3.8845674748567807
용산구,한남동,OK Hannam House 201,2,고위험군,37.54043839,127.0017348,200153.315,448992.2774,35.9500847,39.85298606067335,-3.9029013606733542,3.8845674748567807
용산구,이태원동,아늑단스테이,2,고위험군,37.53763728,126.9905786,199167.3242,448681.4287,34.50487578,39.803603228748216,-5.298727448748217,3.8845674748567807
용산구,(용산동,담다 스테이,2,고위험군,37.5426867,126.9814429,198360.0156,449241.9728,42.7091482,39.99564757512373,2.713500624876268,3.8845674748567807
용산구,후암동,서울모먼트,2,고위험군,37.54728255,126.9795171,198189.9331,449752.0918,42.92312548,41.010739120251465,1.9123863597485382,3.8845674748567807
용산구,이태원동,은월당,2,고위험군,37.53566435,126.9879654,198936.3371,448462.484,47.43547052,40.38522324919978,7.05024727080022,3.8845674748567807
용산구,(청파동,서울 플로우 스테이,2,고위험군,37.54648304,126.9662074,197013.7302,449663.6954,48.56567298,40.38522324919978,8.18044973080022,3.8845674748567807
용산구,이태원동,마노아,2,고위험군,37.53047704,126.9925783,199344.0024,447886.7145,33.79352228,39.89962540193597,-6.106103121935973,3.8845674748567807
용산구,서계동,오브제니,2,고위험군,37.55181274,126.9670498,197088.3801,450255.2015,34.72585451,39.85298606067335,-5.127131550673354,3.8845674748567807
용산구,서계동,모스마라,2,고위험군,37.55002114,126.9651399,196919.5358,450056.4163,30.31500605,39.803603228748216,-9.488597178748215,3.8845674748567807
용산구,서계동,휴스테이,2,고위험군,37.55031408,126.9644317,196856.967,450088.9525,36.80987067,39.320748872146915,-2.5108782021469125,3.8845674748567807
용산구,서계동,코코지 하우스,2,고위험군,37.54910356,126.9673355,197113.5195,449954.5063,60.20255319,53.09307199793401,7.109481192065992,3.8845674748567807
용산구,후암동,까사 드 엘린,2,고위험군,37.54460651,126.9792145,198163.1242,449455.0896,46.17698373,40.09166974831149,6.085313981688515,3.8845674748567807
용산구,서계동,지니하우스,2,고위험군,37.54943783,126.9671668,197098.6249,449991.6114,35.66230248,39.94900823386111,-4.286705753861106,3.8845674748567807
용산구,후암동,까사 서울,2,고위험군,37.54988996,126.9761354,197891.1634,450041.5534,34.78450849,40.141052580236625,-5.356544090236625,3.8845674748567807
용산구,후암동,스테이자락,2,고위험군,37.54792551,126.9771717,197982.6839,449823.5004,37.60870928,40.04503040704887,-2.4363211270488705,3.8845674748567807
용산구,서계동,??스 네스트(Syun's Nest),2,고위험군,37.54918316,126.9679172,197164.9241,449963.3232,44.58621164,39.99564757512373,4.5905640648762684,3.8845674748567807
용산구,서계동,R&B House,2,고위험군,37.54903711,126.9676607,197142.2532,449947.1212,45.88492039,41.25216629855212,4.632754091447879,3.8845674748567807
용산구,서계동,쉐어 스테이션 서울,2,고위험군,37.55027974,126.9663487,197026.3616,450085.0789,42.72022847,40.141052580236625,2.579175889763377,3.8845674748567807
용산구,한남동,안세원 게스트하우스(ASW guesthouse),2,고위험군,37.5315315,126.9994315,199949.7522,448003.7208,55.56263322,52.71995726783301,2.842675952166992,3.8845674748567807
용산구,서계동,롬우드스테이,2,고위험군,37.55041496,126.9662806,197020.3502,450100.0888,35.43561976,40.09166974831149,-4.656049988311487,3.8845674748567807
용산구,후암동,지안하우스,2,고위험군,37.54676247,126.9750782,197797.6573,449694.4639,58.74104652,53.09307199793401,5.6479745220659865,3.8845674748567807
용산구,(용산동,남산뷰스테이,2,고위험군,37.54170275,126.9804996,198276.6314,449132.7832,43.95068111,40.28920107601203,3.6614800339879707,3.8845674748567807
용산구,서계동,정스테이,2,고위험군,37.54926172,126.9674668,197125.1256,449972.0561,37.27975309,40.28920107601203,-3.0094479860120273,3.8845674748567807
용산구,서계동,스타하우스,2,고위험군,37.55000463,126.9648755,196896.1755,450054.5926,35.96791909,39.94900823386111,-3.981089143861105,3.8845674748567807
용산구,이촌동,Hangang 204,2,고위험군,37.5230973,126.9547101,195996.4534,447068.5932,44.23936623,40.527884763650164,3.711481466349838,3.8845674748567807
용산구,(청파동,정홈,2,고위험군,37.54350907,126.9672773,197108.156,449333.5873,37.25965439,40.141052580236625,-2.8813981902366237,3.8845674748567807
용산구,이태원동,가온,2,고위험군,37.53663986,126.991724,199268.5443,448570.7178,41.98277105,40.141052580236625,1.8417184697633715,3.8845674748567807
용산구,후암동,풀문스테이,2,고위험군,37.54411478,126.9784434,198094.9656,449400.5289,41.35524172,39.85298606067335,1.50225565932665,3.8845674748567807
용산구,한남동,메이시맨숀,2,고위험군,37.53439446,127.0008025,200070.9324,448321.4741,41.38226121,40.04503040704887,1.337230802951133,3.8845674748567807
용산구,(용산동,라온힐조,2,고위험군,37.5430262,126.9811216,198331.6239,449279.6588,43.09087217,40.141052580236625,2.949819589763372,3.8845674748567807
용산구,한남동,Stay Carpediem hannam(스테이 카르페디엠 한남),2,고위험군,37.53026068,127.0043576,200385.1707,447862.6842,49.39588336,40.86807760580108,8.527805754198916,3.8845674748567807
용산구,갈월동,더 프리미어,2,고위험군,37.54305864,126.9730344,197616.9256,449283.4335,63.10738748,53.21652907774684,9.890858402253158,3.8845674748567807
용산구,이태원동,모드 하우스(Maud House),2,고위험군,37.53765495,126.9930357,199384.4836,448683.371,31.8351998,39.94900823386111,-8.113808433861106,3.8845674748567807
용산구,(청파동,써프서울,2,고위험군,37.54618389,126.9636539,196788.0569,449630.5775,33.31342003,40.33584041727465,-7.02242038727465,3.8845674748567807
용산구,한남동,Song's house,2,고위험군,37.53440339,127.0009792,200086.5438,448322.4654,39.68052388,39.94900823386111,-0.2684843538611048,3.8845674748567807
용산구,(청파동,THE SEOUL,2,고위험군,37.5477566,126.9667857,197064.8814,449805.0269,38.76983836,40.28920107601203,-1.5193627160120258,3.8845674748567807
용산구,한강로1가,하하하,2,고위험군,37.53008223,126.9737089,197676.1263,447843.1944,36.87995475,40.72267260068819,-3.8427178506881887,3.8845674748567807
용산구,용문동,스테이별밤(Stay Starry Night),2,고위험군,37.53501431,126.958858,196363.6953,448391.0649,52.61490348,53.21652907774684,-0.601625597746839,3.8845674748567807
용산구,후암동,남산어반하우스,2,고위험군,37.55050836,126.9762883,197904.6946,450110.185,33.38811821,40.09166974831149,-6.703551538311487,3.8845674748567807
용산구,동자동,스패로우스튜디오,2,고위험군,37.54701929,126.9733853,197648.0571,449723.0089,38.75626074,39.94900823386111,-1.1927474938611056,3.8845674748567807
용산구,(청파동,서울46,2,고위험군,37.54275801,126.9684443,197211.2677,449250.1935,61.78438261,53.400342952134835,8.384039657865166,3.8845674748567807
용산구,이태원동,Bora Bora,2,고위험군,37.53061747,126.9931696,199396.2655,447902.2965,50.88357329,53.153428792509175,-2.2698555025091736,3.8845674748567807
용산구,서계동,퍼플 게스트하우스,2,고위험군,37.55171369,126.9677629,197151.3889,450244.1863,41.50374535,39.85298606067335,1.6507592893266505,3.8845674748567807
용산구,서계동,에스제이하우스,2,고위험군,37.54977351,126.9649664,196904.1966,450028.938,34.15161823,41.15614412536436,-7.00452589536436,3.8845674748567807
용산구,서계동,서울로스테이,2,고위험군,37.54973422,126.9636203,196785.2392,450024.6225,39.99050407,39.70758105556046,0.2829230144395396,3.8845674748567807
용산구,한남동,아이필앳홈,2,고위험군,37.53348307,126.9998678,199988.3171,448220.3208,39.9607174,40.23981824408689,-0.27910084408689073,3.8845674748567807
용산구,이태원동,Stay KANU,2,고위험군,37.53250184,126.9914551,199244.7366,448111.4507,28.14397685,39.85298606067335,-11.70900921067335,3.8845674748567807
용산구,후암동,서울바이브,2,고위험군,37.54456846,126.976907,197959.2011,449450.9141,50.02730689,52.656856982595336,-2.6295500925953377,3.8845674748567807
용산구,한남동,한남 STAY,2,고위험군,37.53160746,126.9982412,199844.5429,448012.1527,34.70221595,40.09166974831149,-5.389453798311486,3.8845674748567807
용산구,서계동,디디 하우스,2,고위험군,37.5488117,126.9632609,196753.4446,449922.2462,45.2506991,40.96409977898884,4.28659932101116,3.8845674748567807
용산구,서계동,서계스테이,2,고위험군,37.54834356,126.9622268,196662.0452,449870.3245,39.89141001,39.803603228748216,0.08780678125178554,3.8845674748567807
용산구,(용산동,스테이 포인트,2,고위험군,37.54313034,126.9863529,198793.9391,449291.1372,45.56032007,39.320748872146915,6.239571197853088,3.8845674748567807
용산구,원효로2가,박시티오,2,고위험군,37.53442806,126.9647212,196881.891,448325.7879,25.43419514,39.99564757512373,-14.561452435123734,3.8845674748567807
용산구,서계동,Sori House,2,고위험군,37.55185651,126.9671179,197094.3985,450260.0574,40.77663024,39.85298606067335,0.9236441793266508,3.8845674748567807
용산구,이태원동,Nirvana,2,고위험군,37.52880188,126.9949686,199555.2689,447700.7785,44.63683979,39.89962540193597,4.737214388064032,3.8845674748567807
용산구,후암동,Huam The Classy,2,고위험군,37.54737862,126.9784728,198097.6485,449762.7751,40.4633134,39.94900823386111,0.5143051661388895,3.8845674748567807
용산구,후암동,모던스테이,2,고위험군,37.54396132,126.9816293,198376.5164,449383.4369,45.46731024,39.94900823386111,5.518302006138896,3.8845674748567807
용산구,이태원동,이태원 바이브,2,고위험군,37.53244808,126.9904296,199154.103,448105.4927,38.12737946,39.56217605044757,-1.4347965904475686,3.8845674748567807
용산구,이태원동,이태원재재스테이,2,고위험군,37.53672375,126.989714,199090.9024,448580.0461,35.40351489,39.99564757512373,-4.592132685123737,3.8845674748567807
용산구,한강로3가,이촌 야드,2,고위험군,37.52008371,126.9678188,197155.1263,446733.6453,57.46389818,51.603356568192496,5.8605416118075055,3.8845674748567807
용산구,(청파동,남산연가,2,고위험군,37.54622601,126.9684448,197211.4419,449635.0994,41.26286998,39.320748872146915,1.9421211078530831,3.8845674748567807
용산구,보광동,헬로 코지,2,고위험군,37.52583631,126.9973942,199769.663,447371.6285,37.21905647,40.04503040704887,-2.8259739370488717,3.8845674748567807
용산구,이태원동,빈방,2,고위험군,37.53847138,126.9923266,199321.8218,448773.9896,47.38434165,40.38522324919978,6.999118400800221,3.8845674748567807
용산구,(용산동,HBC[온김],2,고위험군,37.54097036,126.9862253,198782.631,449051.4073,47.22102732,40.38522324919978,6.835804070800215,3.8845674748567807
용산구,서계동,달별정원,2,고위험군,37.54853858,126.964621,196873.6241,449891.8871,32.88890299,39.803603228748216,-6.9147002387482175,3.8845674748567807
용산구,효창동,블리크스틸(Blikstille),2,고위험군,37.53925952,126.9587811,196357.1068,448862.2342,37.61947111,41.20552695728949,-3.5860558472894937,3.8845674748567807
용산구,후암동,남산스테이,2,고위험군,37.54587873,126.976517,197924.7755,449596.3468,33.97853343,41.30154913047725,-7.323015700477249,3.8845674748567807
용산구,한강로3가,Cozy Stay Seoul,2,고위험군,37.52227695,126.9604691,196505.4968,446977.3151,43.88487738,51.54299977361734,-7.65812239361734,3.8845674748567807
용산구,서계동,스윗미 1949,2,고위험군,37.54897354,126.9669878,197082.7891,449940.0863,60.80523991,53.77071419157333,7.034525718426664,3.8845674748567807
용산구,후암동,더 컬렉티브 후암,2,고위험군,37.54386235,126.9767252,197943.1164,449372.5484,52.22168465,53.46344323737251,-1.2417585873725088,3.8845674748567807
용산구,서계동,현스네스트,2,고위험군,37.54906679,126.9670341,197086.8823,449950.4345,42.04289826,39.85298606067335,2.189912199326649,3.8845674748567807
용산구,동자동,아인하우스,2,고위험군,37.54694103,126.9729106,197606.1107,449714.3349,45.12553787,41.496336967515276,3.629200902484726,3.8845674748567807
용산구,한강로1가,쓰리코너스,2,고위험군,37.53130671,126.9722335,197545.7639,447979.134,29.29366136,40.33584041727465,-11.042179057274652,3.8845674748567807
용산구,서계동,엘하우스,2,고위험군,37.54921377,126.9667011,197057.467,449966.7579,59.03207988,53.400342952134835,5.631736927865163,3.8845674748567807
용산구,이태원동,이태원하우스,2,고위험군,37.5366537,126.9869127,198843.3174,448572.3022,42.86834524,39.94900823386111,2.919337006138889,3.8845674748567807
용산구,(청파동,스테이 서울스테이션(Stay SeoulStation),2,고위험군,37.54712594,126.9678539,197159.2577,449734.9985,41.00712519,40.04503040704887,0.9620947829511266,3.8845674748567807
용산구,이태원동,우드 그린 하우스,2,고위험군,37.5359855,126.9885287,198986.1304,448498.1215,40.32323775,39.320748872146915,1.0024888778530823,3.8845674748567807
용산구,동자동,URin,2,고위험군,37.55008563,126.9738512,197689.3234,450063.3241,38.88252329,41.496336967515276,-2.6138136775152745,3.8845674748567807
용산구,갈월동,Give warm,2,고위험군,37.54401131,126.9734051,197649.7142,449389.159,43.26361098,40.28920107601203,2.9744099039879757,3.8845674748567807
용산구,서계동,문스테이(MOON스테이),2,고위험군,37.54942177,126.9666968,197057.0882,449989.8435,35.37313769,40.09166974831149,-4.718532058311489,3.8845674748567807
용산구,(용산동,잘예니컨설팅,2,고위험군,37.54224321,126.9812696,198344.686,449192.7539,40.89131904,39.27410953088429,1.6172095091157104,3.8845674748567807
용산구,이태원동,ONDO 이태원,2,고위험군,37.53105757,126.995808,199629.4715,447951.1285,36.98260252,39.27410953088429,-2.2915070108842883,3.8845674748567807
용산구,이태원동,리원 알파,2,고위험군,37.53903073,126.991276,199228.9781,448836.0787,35.8039222,39.803603228748216,-3.9996810287482134,3.8845674748567807
용산구,이태원동,하하,2,고위험군,37.53588324,126.9903901,199150.6454,448486.7535,43.46356711,40.23981824408689,3.223748865913109,3.8845674748567807
용산구,서계동,마야,2,고위험군,37.54777809,126.9676629,197142.404,449807.3851,41.603808,39.94900823386111,1.6547997661388933,3.8845674748567807
용산구,원효로1가,다미스테이,2,고위험군,37.53843888,126.9689127,197252.5041,448770.8089,50.5849749,53.46344323737251,-2.87846833737251,3.8845674748567807
용산구,한남동,메이시맨숀,2,고위험군,37.53347743,127.0004181,200036.9568,448219.6949,42.30945425,40.673289768763055,1.6361644812369462,3.8845674748567807
용산구,후암동,Cozy Home,2,고위험군,37.54510642,126.9747657,197769.9843,449510.6698,37.89345341,41.15614412536436,-3.262690715364357,3.8845674748567807
용산구,이태원동,제임스하우스(James house),2,고위험군,37.53869709,126.9900035,199116.5105,448799.0599,36.92910463,39.99564757512373,-3.066542945123736,3.8845674748567807
용산구,보광동,도담도담,2,고위험군,37.52848677,126.9972193,199754.2044,447665.797,44.172029,41.010739120251465,3.161289879748537,3.8845674748567807
용산구,후암동,소리 스테이,2,고위험군,37.54501193,126.9805157,198278.1295,449500.0617,41.08092152,39.85298606067335,1.2279354593266447,3.8845674748567807
용산구,갈월동,게스트하우스,2,고위험군,37.54652196,126.972325,197554.3457,449667.8383,34.6955139,39.89962540193597,-5.204111501935969,3.8845674748567807
용산구,이태원동,쥴리네 집,2,고위험군,37.53042825,126.9938736,199458.4911,447881.2911,33.79988097,40.141052580236625,-6.3411716102366285,3.8845674748567807
용산구,이태원동,Luxe house,2,고위험군,37.53440973,126.9868753,198839.9745,448323.2496,35.6915247,40.04503040704887,-4.353505707048868,3.8845674748567807
용산구,보광동,발코니 하우스,2,고위험군,37.52414312,126.9980326,199826.0852,447183.7041,43.36453692,40.91471694706371,2.4498199729362895,3.8845674748567807
용산구,서계동,CLAIR,2,고위험군,37.55159209,126.9665853,197047.32,450230.7265,38.33415025,39.99564757512373,-1.661497325123733,3.8845674748567807
용산구,후암동,남산가옥,2,고위험군,37.54734177,126.9776036,198020.8349,449758.7031,33.51964357,40.141052580236625,-6.621409010236626,3.8845674748567807
용산구,서계동,송송송  서울 스테이,2,고위험군,37.5514146,126.9674529,197123.9835,450211.0003,34.84637507,39.94900823386111,-5.102633163861107,3.8845674748567807
용산구,(용산동,두루미네,2,고위험군,37.54099769,126.9827779,198477.9576,449054.4908,40.24560263,39.320748872146915,0.9248537578530858,3.8845674748567807
용산구,후암동,Cozy home in Namsan,2,고위험군,37.54724828,126.9796195,198198.984,449748.2863,44.11594129,49.435998944811665,-5.320057654811663,3.8845674748567807
용산구,(청파동,Good Stay,2,고위험군,37.54042514,126.9683472,197202.5993,448991.2762,31.64622151,39.85298606067335,-8.206764550673352,3.8845674748567807
용산구,동자동,뜰 가든 홈스테이,2,고위험군,37.54723596,126.9727807,197594.6418,449747.0719,38.29509531,38.88453385680824,-0.589438546808239,3.8845674748567807
용산구,서계동,아로하 하우스,2,고위험군,37.54895241,126.9680025,197172.4585,449937.7102,44.72840384,40.04503040704887,4.683373432951129,3.8845674748567807
용산구,이태원동,Itaewon 20,2,고위험군,37.5306584,126.9921452,199305.7199,447906.8463,39.64631685,41.39757130366501,-1.7512544536650125,3.8845674748567807
용산구,이태원동,윤싸롱,2,고위험군,37.53533488,126.9891537,199041.3588,448425.9042,45.70348021,39.803603228748216,5.899876981251786,3.8845674748567807
용산구,서계동,J house(제이 하우스),2,고위험군,37.55024392,126.9645907,196871.0152,450081.1603,43.41777945,39.27410953088429,4.143669919115709,3.8845674748567807
용산구,후암동,지월장,2,고위험군,37.54449387,126.978391,198090.3454,449442.6044,40.45522759,39.37013170407205,1.0850958859279487,3.8845674748567807
용산구,서계동,haroo stay,2,고위험군,37.54943728,126.9644474,196858.3184,449991.6378,30.38539412,39.70758105556046,-9.32218693556046,3.8845674748567807
용산구,서계동,서울역우리집,2,고위험군,37.55056089,126.9645829,196870.3383,450116.3404,37.69388273,40.527884763650164,-2.8340020336501652,3.8845674748567807
용산구,서계동,Woomook,2,고위험군,37.5496059,126.9667796,197064.4184,450010.2772,42.42310784,40.43186259046241,1.9912452495375916,3.8845674748567807
용산구,이태원동,에코 하우스,2,고위험군,37.53575344,126.9886975,199001.0481,448472.3639,39.06868548,40.96409977898884,-1.8954142989888396,3.8845674748567807
용산구,서계동,어반네스트(Urbanest) 하우스,2,고위험군,37.54943644,126.9674497,197123.6274,449991.4484,37.73679896,40.48124542238754,-2.744446462387536,3.8845674748567807
용산구,후암동,Cozy Wooden House,2,고위험군,37.55058667,126.9760263,197881.5494,450118.8823,49.38984507,52.84341434764584,-3.4535692776458404,3.8845674748567807
용산구,이태원동,홈안젤라(Home_Angela),2,고위험군,37.53078397,126.9960919,199654.5673,447920.7612,26.02830722,39.803603228748216,-13.775296008748217,3.8845674748567807
용산구,보광동,제이하우스(Jay house),2,고위험군,37.52383513,126.997644,199791.7385,447149.5219,35.99579762,39.99564757512373,-3.999849955123736,3.8845674748567807
용산구,갈월동,Seoul Earl-Stay,2,고위험군,37.54655777,126.9713106,197464.7039,449671.8396,48.25186373,53.153428792509175,-4.901565062509178,3.8845674748567807
용산구,이태원동,체크인 플리즈,2,고위험군,37.53902104,126.9897786,199096.6387,448835.0165,43.31605946,40.141052580236625,3.175006879763373,3.8845674748567807
용산구,서계동,Top guesthouse,2,고위험군,37.55005538,126.9662543,197018.0136,450060.1806,48.1587257,47.117749334992915,1.040976365007083,3.8845674748567807
용산구,이태원동,조조(JoJo),2,고위험군,37.53255053,126.9909182,199197.2865,448116.8591,41.91634269,41.348188471739874,0.5681542182601262,3.8845674748567807
용산구,(용산동,Photo Park(포토박),2,고위험군,37.54135419,126.9812242,198340.6602,449094.0843,44.49671032,40.04503040704887,4.451679912951128,3.8845674748567807
용산구,보광동,무니하우스,2,고위험군,37.52713835,126.9973521,199765.9457,447516.1388,38.64021561,39.75422039682309,-1.114004786823088,3.8845674748567807
용산구,이태원동,Baraka Homestay,2,고위험군,37.52971584,126.9964651,199687.5523,447802.2107,45.74356607,41.496336967515276,4.247229102484724,3.8845674748567807
용산구,후암동,N,2,고위험군,37.55045653,126.9761808,197895.192,450104.4349,47.68013697,52.099928378106334,-4.4197914081063345,3.8845674748567807
용산구,(용산동,코코마통,2,고위험군,37.54182835,126.9830894,198505.5054,449146.679,43.06480161,39.803603228748216,3.2611983812517877,3.8845674748567807
용산구,보광동,이태원 마당,2,고위험군,37.52657152,126.9966197,199701.2032,447453.2298,38.57245864,40.62665042750044,-2.054191787500436,3.8845674748567807
용산구,이태원동,트래블홀릭 게스트하우스,2,고위험군,37.52977112,126.9922109,199311.5207,447808.3687,34.95443645,40.141052580236625,-5.186616130236622,3.8845674748567807
용산구,(청파동,정 story,2,고위험군,37.54599653,126.9635273,196776.8681,449609.7871,34.20880757,40.62665042750044,-6.417842857500439,3.8845674748567807
용산구,원효로1가,Cozy House,2,고위험군,37.53665766,126.9648627,196894.4846,448573.2414,38.68498186,53.153428792509175,-14.468446932509174,3.8845674748567807
용산구,한남동,스테이 카키,2,고위험군,37.53128673,126.9991686,199926.5102,447976.5545,42.75008896,40.76931194195082,1.9807770180491815,3.8845674748567807
용산구,한남동,시온게스트하우스,2,고위험군,37.53522684,127.002162,200191.0833,448413.86,41.07423266,40.23981824408689,0.834414415913109,3.8845674748567807
용산구,서계동,Ari House,2,고위험군,37.5515055,126.9672965,197110.1659,450221.0939,38.87086142,39.27410953088429,-0.4032481108842916,3.8845674748567807
용산구,후암동,엔투(N2),2,고위험군,37.55063881,126.9759979,197879.0333,450124.6699,50.91602416,53.46344323737251,-2.54741907737251,3.8845674748567807
용산구,서계동,영 게스트하우스,2,고위험군,37.54961594,126.9666968,197057.102,450011.3941,41.46948331,39.99564757512373,1.4738357348762676,3.8845674748567807
용산구,(청파동,케이하우스,2,고위험군,37.54347141,126.9689461,197255.6342,449329.3575,68.94351614,54.51694365177534,14.426572488224657,3.8845674748567807
용산구,(용산동,Namsan Fresh House,2,고위험군,37.54042841,126.986443,198801.8655,448991.2547,52.8619575,40.5772675955753,12.284689904424702,3.8845674748567807
용산구,보광동,HEAVEN,2,고위험군,37.52931668,126.9988285,199896.4501,447757.9037,39.69132949,41.010739120251465,-1.3194096302514637,3.8845674748567807
용산구,이태원동,Amazon,2,고위험군,37.52995248,126.9922611,199315.9533,447828.4971,40.99721492,44.65409472006128,-3.656879800061283,3.8845674748567807
용산구,이태원동,The Gracia,2,고위험군,37.53666751,126.9872078,198869.3974,448573.8313,42.74300301,39.94900823386111,2.793994776138895,3.8845674748567807
용산구,보광동,시크릿가든,2,고위험군,37.52848677,126.9972193,199754.2044,447665.797,44.172029,41.010739120251465,3.161289879748537,3.8845674748567807
용산구,효창동,옥상달빛,2,고위험군,37.53854393,126.9588113,196359.7473,448782.8113,39.8714492,40.04503040704887,-0.17358120704886915,3.8845674748567807
용산구,이촌동,E&S Ville,2,고위험군,37.5179488,126.9669704,197080.043,446496.7232,50.03652006,40.76931194195082,9.267208118049183,3.8845674748567807
용산구,한강로2가,AJ's Blue House,2,고위험군,37.53020276,126.9700755,197354.9798,447856.6677,53.44670686,53.09307199793401,0.35363486206598793,3.8845674748567807
용산구,이태원동,오두막 여기,2,고위험군,37.53601428,126.9888905,199018.1122,448501.3119,48.78438095,39.94900823386111,8.835372716138892,3.8845674748567807
용산구,후암동,토투 서울(totu_seoul),2,고위험군,37.54509586,126.9799914,198231.7935,449509.3867,45.1437824,41.30154913047725,3.842233269522751,3.8845674748567807
용산구,보광동,웜 헤이즐,2,고위험군,37.5291287,126.9965342,199693.6524,447737.0452,55.63130585,51.54299977361734,4.088306076382658,3.8845674748567807
용산구,후암동,2디맨션,2,고위험군,37.54547741,126.9761458,197891.9643,449551.8134,55.12146218,54.950415176451514,0.17104700354848745,3.8845674748567807
용산구,이태원동,다니하우스,2,고위험군,37.53082714,126.9924316,199331.0352,447925.5723,36.85220578,41.20552695728949,-4.353321177289494,3.8845674748567807
용산구,후암동,남산아래(NAMSAN AREA),2,고위험군,37.5478582,126.9747138,197765.4879,449816.0854,50.21369375,52.84341434764584,-2.629720597645843,3.8845674748567807
용산구,(청파동,더 소울(the soul),2,고위험군,37.5472954,126.9674108,197120.1076,449753.82,43.99598502,41.30154913047725,2.694435889522751,3.8845674748567807
용산구,동자동,엘하우스,2,고위험군,37.54691332,126.9730534,197618.722,449711.2558,40.69542007,39.89962540193597,0.7957946680640262,3.8845674748567807
용산구,서계동,정단재,2,고위험군,37.55078345,126.96524,196928.4152,450141.0203,62.87028158,54.70350101682585,8.16678056317415,3.8845674748567807
용산구,(용산동,Park 520,2,고위험군,37.54078317,126.9835819,198549.0122,449030.669,42.9743719,40.33584041727465,2.638531482725348,3.8845674748567807
용산구,한강로1가,채리스 플레이스,2,고위험군,37.531009,126.9731405,197625.9193,447946.0686,34.9454222,39.27410953088429,-4.328687330884286,3.8845674748567807
용산구,갈월동,센트럴,2,고위험군,37.54469301,126.973499,197658.032,449464.8171,63.80662463,53.46344323737251,10.343181392627493,3.8845674748567807
용산구,서계동,순(SooN) 게스트하우스,2,고위험군,37.55084062,126.965722,196971.0053,450147.3498,35.49185409,40.33584041727465,-4.843986327274656,3.8845674748567807
용산구,(용산동,익스테이 맨션 해방촌,2,고위험군,37.54096005,126.9864671,198804.0048,449050.2599,55.71374427,40.23981824408689,15.473926025913109,3.8845674748567807
용산구,원효로1가,남영스테이 517,2,고위험군,37.53865428,126.9677176,197146.8848,448794.7513,34.23150802,40.91471694706371,-6.68320892706371,3.8845674748567807
성동구,행당동,소울스타하우스,2,고위험군,37.555588,127.0299722,202648.3427,450674.1222,44.22723665,40.28920107601203,3.9380355739879747,3.8845674748567807
성동구,성동,스테이 얀(STAY YARN),2,고위험군,37.53520808,127.0553876,204895.3755,448413.2172,43.93913401,39.99564757512373,3.943486434876263,3.8845674748567807
성동구,성동,디얼 성수,2,고위험군,37.53398708,127.0527861,204665.5199,448277.569,43.03294193,39.89962540193597,3.1333165280640287,3.8845674748567807
성동구,하왕십리동,한옥 보문,2,고위험군,37.56097675,127.0264524,202337.1645,451272.1162,61.02605778,54.39348657196251,6.63257120803749,3.8845674748567807
성동구,성동,The mellow,2,고위험군,37.54930702,127.0206249,201822.5669,449976.7863,43.04865697,39.94900823386111,3.099648736138896,3.8845674748567807
성동구,사근동,yun stay,2,고위험군,37.56068789,127.0458473,204050.782,451240.7152,43.40244994,39.89962540193597,3.5028245380640257,3.8845674748567807
성동구,행당동,YUNS STAY,2,고위험군,37.55677727,127.0322677,202851.1204,450806.1842,30.79248976,40.190435412161754,-9.397945652161756,3.8845674748567807
성동구,성동,헤븐성수,2,고위험군,37.54605763,127.0454494,204016.4093,449616.9141,51.30516412,39.94900823386111,11.356155886138893,3.8845674748567807
성동구,하왕십리동,For*rest Stay,2,고위험군,37.55862165,127.0305659,202700.6872,451010.8382,34.94652816,39.85298606067335,-4.906457900673352,3.8845674748567807
성동구,성동,성수 삼삼오오 271,2,고위험군,37.53861002,127.0577206,205101.3434,448790.9149,33.97468436,39.99564757512373,-6.020963215123736,3.8845674748567807
성동구,하왕십리동,시티 타이거,2,고위험군,37.56035437,127.0277077,202448.0906,451203.0713,44.73772511,41.25216629855212,3.4855588114478806,3.8845674748567807
성동구,하왕십리동,레드레터데이,2,고위험군,37.56094969,127.0259302,202291.0227,451269.1,42.93838242,39.320748872146915,3.6176335478530888,3.8845674748567807
성동구,성동,더 성수 스테이,2,고위험군,37.54120882,127.0507901,204488.6636,449078.9966,39.93037118,40.72267260068819,-0.7923014206881902,3.8845674748567807
성동구,성동,스테이 린 인 성수,2,고위험군,37.53666687,127.0459624,204062.2576,448574.6761,64.46134555,54.08347212709918,10.377873422900826,3.8845674748567807
성동구,성동,스테이 성수 아지트,2,고위험군,37.53884043,127.0471999,204171.513,448815.9688,36.08003209,39.75422039682309,-3.6741883068230834,3.8845674748567807
성동구,성동,이안스테이,2,고위험군,37.54406033,127.0537229,204747.6805,449395.6236,48.33177639,39.99564757512373,8.336128814876268,3.8845674748567807
성동구,성동,금호 그린 스테이,2,고위험군,37.54798745,127.0187955,201660.9389,449830.2961,37.18917778,39.99564757512373,-2.806469795123732,3.8845674748567807
성동구,성동,르뚜와 성수,2,고위험군,37.53425435,127.0518715,204584.6627,448307.1877,44.31075853,40.141052580236625,4.169705949763376,3.8845674748567807
성동구,하왕십리동,위시 스테이(Wish stay),2,고위험군,37.56095451,127.0279054,202465.5375,451269.6849,39.59993899,40.141052580236625,-0.5411135902366269,3.8845674748567807
성동구,용답동,호호 하우스(hoho house),2,고위험군,37.56369963,127.0510713,204512.1643,451575.2209,41.11760331,40.81869477387595,0.29890853612405266,3.8845674748567807
성동구,송정동,송정 자미앤(ZAMI&),2,고위험군,37.55192258,127.0697913,206167.0487,450269.1714,40.94741809,47.46342915846885,-6.516011068468849,3.8845674748567807
성동구,용답동,스튜디오 성동,2,고위험군,37.56358259,127.051868,204582.5584,451562.2694,45.66494904,39.803603228748216,5.8613458112517876,3.8845674748567807
성동구,도선동,스테이인히어왕십리,2,고위험군,37.55980939,127.0336666,202974.6045,451142.7569,44.66595649,40.38522324919978,4.280733240800217,3.8845674748567807
성동구,하왕십리동,모아나스테이,2,고위험군,37.55938224,127.0287642,202541.4743,451095.2044,39.56438736,40.141052580236625,-0.5766652202366274,3.8845674748567807
성동구,행당동,정감,2,고위험군,37.55714507,127.0310469,202743.2389,450846.9693,39.59552649,39.99564757512373,-0.400121085123736,3.8845674748567807
성동구,하왕십리동,사월 House,2,고위험군,37.55900131,127.0298085,202633.7581,451052.9545,39.72133317,40.141052580236625,-0.41971941023662396,3.8845674748567807
성동구,하왕십리동,둥지,2,고위험군,37.55946993,127.0306713,202709.9701,451104.9903,47.57530744,40.23981824408689,7.335489195913112,3.8845674748567807
성동구,성동,상상스테이,2,고위험군,37.54410088,127.0539024,204763.541,449400.1332,51.19090696,41.0601219521766,10.130785007823398,3.8845674748567807
성동구,하왕십리동,온유스테이,2,고위험군,37.56001544,127.0304577,202691.0804,451165.5293,48.19670363,40.141052580236625,8.055651049763377,3.8845674748567807
성동구,성동,Monoplan House Seongsu - Studio A,2,고위험군,37.54572922,127.0419968,203711.3226,449580.3227,47.29155584,39.94900823386111,7.3425476061388935,3.8845674748567807
성동구,성동,로컬 텍스처(Local Texture),2,고위험군,37.54535903,127.0483394,204271.8488,449539.5053,43.46735834,40.04503040704887,3.422327932951127,3.8845674748567807
성동구,행당동,Cozy Stay,2,고위험군,37.56288091,127.0361216,203191.39,451483.7399,38.92162558,52.473043108207335,-13.551417528207338,3.8845674748567807
성동구,성동,예그리나,2,고위험군,37.54745146,127.0526581,204653.3714,449771.9448,41.6903834,39.75422039682309,1.9361630031769153,3.8845674748567807
성동구,성동,디에이치 성수포레,2,고위험군,37.54363214,127.0458092,204048.3408,449347.7295,49.92191103,40.04503040704887,9.876880622951127,3.8845674748567807
성동구,성동,디엠큐케,2,고위험군,37.53550842,127.0462602,204088.6446,448446.1153,45.46797329,40.04503040704887,5.4229428829511335,3.8845674748567807
성동구,행당동,Kozy Stay,2,고위험군,37.55671475,127.0298226,202635.0791,450799.1738,43.93326282,40.190435412161754,3.7428274078382486,3.8845674748567807
성동구,성동,유토리홈즈,2,고위험군,37.54380142,127.0456564,204034.8246,449366.511,49.06431418,40.04503040704887,9.019283772951127,3.8845674748567807
성동구,도선동,스테이1853,2,고위험군,37.56094709,127.0320888,202835.1551,451268.9794,39.84894705,39.99564757512373,-0.14670052512373388,3.8845674748567807
성동구,용답동,Noark House,2,고위험군,37.56058292,127.0517683,204573.9341,451229.3365,44.00016855,40.76931194195082,3.23085660804918,3.8845674748567807
성동구,성동,위앤성수스테이,2,고위험군,37.54401223,127.0460641,204070.8493,449389.9259,45.33178032,40.04503040704887,5.28674991295113,3.8845674748567807
성동구,성동,COZY STAY,2,고위험군,37.53845494,127.0496404,204387.2261,448773.2952,41.9749161,39.85298606067335,2.1219300393266494,3.8845674748567807
성동구,성동,성수 포레스트 로프트,2,고위험군,37.54760885,127.04421,203906.8047,449789.0286,37.97836878,39.99564757512373,-2.0172787951237368,3.8845674748567807
성동구,성동,리틀포레 301,2,고위험군,37.54355488,127.0460468,204069.3453,449339.1649,44.96476048,39.85298606067335,5.11177441932665,3.8845674748567807
성동구,성동,AURI STAY,2,고위험군,37.5358664,127.0462389,204086.7389,448485.8457,46.38173797,40.23981824408689,6.141919725913112,3.8845674748567807
성동구,옥수동,정고운,2,고위험군,37.5413296,127.0154527,201365.6619,449091.3016,40.70327678,39.94900823386111,0.7542685461388956,3.8845674748567807
성동구,성동,리버 인 성수,2,고위험군,37.5350314,127.046539,204113.3068,448393.1841,46.02418599,40.33584041727465,5.688345572725346,3.8845674748567807
성동구,응봉동,예스위야응봉,2,고위험군,37.54942306,127.0292828,202587.6379,449989.8685,48.31381209,39.94900823386111,8.364803856138892,3.8845674748567807
성동구,용답동,양BnB House,2,고위험군,37.56192966,127.0516589,204564.1816,451378.8034,41.98250094,44.65409472006128,-2.6715937800612792,3.8845674748567807
성동구,도선동,나비원,2,고위험군,37.56127039,127.0321866,202843.7882,451304.8648,46.50080219,39.89962540193597,6.601176788064031,3.8845674748567807
성동구,성동,SEOULMATE S (서울메이트 성수),2,고위험군,37.53706697,127.0472144,204172.888,448619.1371,36.1709565,39.85298606067335,-3.6820295606733495,3.8845674748567807
성동구,성동,성수 포레하우스,2,고위험군,37.54325531,127.0453026,204003.5872,449305.8843,29.49713814,43.49085467915815,-13.993716539158147,3.8845674748567807
성동구,용답동,봄 스테이,2,고위험군,37.56107804,127.0508021,204488.5404,451284.2424,38.46811056,40.141052580236625,-1.6729420202366256,3.8845674748567807
성동구,행당동,LTE Room,2,고위험군,37.55651877,127.0321946,202844.6703,450777.4915,37.29047014,39.85298606067335,-2.5625159206733557,3.8845674748567807
성동구,도선동,Urban Forest Stay Mu-hak,2,고위험군,37.5611673,127.032913,202907.9745,451293.4453,53.72455501,47.5210424623815,6.203512547618502,3.8845674748567807
성동구,하왕십리동,헬로 서울,2,고위험군,37.55930372,127.0289688,202559.5536,451086.4952,44.20699926,43.49085467915815,0.7161445808418563,3.8845674748567807
성동구,성동,어반 성수,2,고위험군,37.53299683,127.0557905,204931.1239,448167.8167,42.0088006,39.85298606067335,2.1558145393266486,3.8845674748567807
성동구,행당동,앨리 하우스(Alley House),2,고위험군,37.55474963,127.0303512,202681.8541,450581.0839,41.11920241,39.85298606067335,1.2662163493266476,3.8845674748567807
성동구,하왕십리동,다색,2,고위험군,37.56070015,127.029016,202563.6699,451241.4837,39.59804782,46.601973090441525,-7.003925270441528,3.8845674748567807
성동구,도선동,Light house 왕십리,2,고위험군,37.55970399,127.0337849,202985.0672,451131.0625,45.25451407,39.99564757512373,5.258866494876266,3.8845674748567807
성동구,홍익동,서울 써니 스테이(Seoul Sunny Stay),2,고위험군,37.56368262,127.0303719,202683.3645,451572.5406,39.73024067,39.89962540193597,-0.16938473193597048,3.8845674748567807
성동구,도선동,코지서울,2,고위험군,37.56115698,127.0317607,202806.1637,451292.2648,44.34867597,39.85298606067335,4.49568990932665,3.8845674748567807
성동구,성동,리프레시 성수,2,고위험군,37.53664679,127.0462248,204085.4484,448572.4588,45.17788074,39.94900823386111,5.228872506138892,3.8845674748567807
성동구,성동,크림 하우스 성수,2,고위험군,37.53581902,127.051638,204563.9277,448480.8355,37.66467364,39.99564757512373,-2.330973935123737,3.8845674748567807
성동구,성동,노스타노바(NOSTANOVA),2,고위험군,37.54742489,127.0257821,202278.3501,449768.0051,29.16972306,39.99564757512373,-10.825924515123734,3.8845674748567807
성동구,하왕십리동,YH STAY,2,고위험군,37.56132099,127.026377,202330.4875,451310.3209,51.78142876,47.29058924673088,4.4908395132691155,3.8845674748567807
성동구,성동,성수리버,2,고위험군,37.53772154,127.0593995,205249.7823,448692.3969,36.75666209,47.29058924673088,-10.533927156730883,3.8845674748567807
성동구,성동,린스테이(LYNN STAY),2,고위험군,37.54280248,127.0482425,204263.4293,449255.7549,46.24981546,39.70758105556046,6.54223440443954,3.8845674748567807
성동구,응봉동,캄스테이 응봉,2,고위험군,37.54950772,127.0291947,202579.8516,449999.2623,47.4611473,39.89962540193597,7.561521898064029,3.8845674748567807
성동구,송정동,Laszlo & Co.,2,고위험군,37.54731654,127.0657349,205808.97,449757.6979,36.13748857,40.09166974831149,-3.9541811783114866,3.8845674748567807
성동구,성동,코지 뚝섬(Cozy Ttukseom),2,고위험군,37.54350544,127.0461728,204080.4761,449333.6831,38.33659794,39.85298606067335,-1.516388120673355,3.8845674748567807
성동구,성동,마이 리틀 서울,2,고위험군,37.54904299,127.0206984,201829.0649,449947.4836,47.04283799,39.94900823386111,7.093829756138895,3.8845674748567807
성동구,하왕십리동,Wevvy Loft 왕십리,2,고위험군,37.55865523,127.0288537,202549.3998,451014.5174,38.23232365,40.527884763650164,-2.295561113650166,3.8845674748567807
마포구,연남동,주니스 게스트하우스,2,고위험군,37.56149159,126.919013,192844.5664,451332.0113,50.94914232,40.04503040704887,10.90411191295113,3.8845674748567807
마포구,동교동,진스파라다이스,2,고위험군,37.55551437,126.9236287,193251.8379,450668.2692,30.61340226,39.803603228748216,-9.190200968748215,3.8845674748567807
마포구,연남동,헬로월드 게스트하우스,2,고위험군,37.56096556,126.9228864,193186.7429,451273.3403,36.62713848,41.010739120251465,-4.383600640251466,3.8845674748567807
마포구,합정동,홍대 게스트하우스 Hi :Dear,2,고위험군,37.54562637,126.9174338,192703.4867,449571.2825,40.7850036,39.89962540193597,0.8853781980640321,3.8845674748567807
마포구,연남동,스윗루나,2,고위험군,37.55818261,126.923767,193264.2929,450964.4023,42.64686994,39.803603228748216,2.843266711251786,3.8845674748567807
마포구,서교동,Lee House 2,2,고위험군,37.55310859,126.927478,193591.7559,450400.987,33.97208471,40.28920107601203,-6.31711636601203,3.8845674748567807
마포구,염리동,브리지 스테이 마포,2,고위험군,37.54677382,126.9473364,195346.1066,449696.7352,32.75038715,39.803603228748216,-7.053216078748214,3.8845674748567807
마포구,연남동,화이트브라운,2,고위험군,37.55609972,126.9192324,192863.4377,450733.5608,49.40263585,40.09166974831149,9.310966101688514,3.8845674748567807
마포구,성산동,Calm and cozy house,2,고위험군,37.55679066,126.916712,192640.804,450810.4413,32.4486153,39.89962540193597,-7.451010101935971,3.8845674748567807
마포구,성산동,스테이 순,2,고위험군,37.55690407,126.9112361,192156.9686,450823.4713,39.25681616,41.0601219521766,-1.8033057921766016,3.8845674748567807
마포구,상암동,스마일 하우스,2,고위험군,37.57474511,126.8944596,190676.855,452805.1505,39.33540194,39.89962540193597,-0.5642234619359741,3.8845674748567807
마포구,대흥동,낙원하우스,2,고위험군,37.54675942,126.943957,195047.4636,449695.3096,39.25542684,39.803603228748216,-0.5481763887482174,3.8845674748567807
마포구,서교동,써니하우스,2,고위험군,37.55063756,126.9223728,193140.4134,450127.0925,27.76479498,40.09166974831149,-12.326874768311487,3.8845674748567807
마포구,창전동,라파벨라 하우스,2,고위험군,37.55036615,126.9259633,193457.6704,450096.7133,38.12576774,39.89962540193597,-1.7738576619359705,3.8845674748567807
마포구,합정동,포시즌하우스,2,고위험군,37.54859316,126.9093925,191993.1847,449901.2149,27.47385379,43.49085467915815,-16.017000889158147,3.8845674748567807
마포구,망원동,스테이 선선,2,고위험군,37.55668401,126.9040414,191521.2328,450799.6719,48.90870976,39.99564757512373,8.913062184876267,3.8845674748567807
마포구,연남동,스테이우아,2,고위험군,37.55903315,126.920769,192999.4814,451059.0212,37.16385739,39.803603228748216,-2.639745838748219,3.8845674748567807
마포구,망원동,프라이빗 하우스,2,고위험군,37.55740113,126.9019853,191339.64,450879.4512,47.13305975,40.28920107601203,6.843858673987974,3.8845674748567807
마포구,연남동,솔로몬하우스,2,고위험군,37.56061592,126.9253273,193402.3706,451234.3603,52.1304351,40.33584041727465,11.794594682725347,3.8845674748567807
마포구,망원동,비비에이비 스테이,2,고위험군,37.55172181,126.904924,191598.6611,450248.8475,33.4526944,39.70758105556046,-6.254886655560462,3.8845674748567807
마포구,창전동,스테이 뤼느,2,고위험군,37.55086366,126.928749,193703.8761,450151.7407,37.03055702,40.141052580236625,-3.1104955602366218,3.8845674748567807
마포구,서교동,어반우드,2,고위험군,37.55098756,126.9136726,192371.6514,450166.6087,38.38826751,40.91471694706371,-2.526449437063711,3.8845674748567807
마포구,연남동,Maru Stay,2,고위험군,37.55845119,126.9192223,192862.7625,450994.5469,43.67430502,39.99564757512373,3.678657444876265,3.8845674748567807
마포구,연남동,데일리 하우스,2,고위험군,37.5588598,126.9243205,193313.2642,451039.5229,42.46851253,39.94900823386111,2.5195042961388907,3.8845674748567807
마포구,연남동,베인하우스,2,고위험군,37.55866919,126.9246619,193343.4067,451018.3432,41.26325584,39.85298606067335,1.4102697793266472,3.8845674748567807
마포구,도화동,도레미 게스트하우스,2,고위험군,37.53880348,126.9502972,195607.2848,448811.9818,29.41224769,40.04503040704887,-10.632782717048869,3.8845674748567807
마포구,연남동,위자드 하우스,2,고위험군,37.5572601,126.9177554,192733.0367,450862.4624,42.27265485,39.99564757512373,2.2770072748762686,3.8845674748567807
마포구,노고산동,노고산스테이,2,고위험군,37.55242607,126.9398451,194684.4963,450324.4642,55.59006803,51.54299977361734,4.0470682563826585,3.8845674748567807
마포구,서교동,JH HOUSE,2,고위험군,37.55340327,126.9166802,192637.661,450434.4838,40.56534319,39.85298606067335,0.712357129326648,3.8845674748567807
마포구,동교동,이레스테이,2,고위험군,37.55462383,126.9269901,193548.7725,450569.1939,48.90812702,39.94900823386111,8.959118786138895,3.8845674748567807
마포구,서교동,어반포레스트,2,고위험군,37.55118684,126.9175119,192710.9309,450188.4217,32.45505985,40.141052580236625,-7.685992730236627,3.8845674748567807
마포구,상수동,무드하우스 2호점,2,고위험군,37.54568008,126.9239713,193281.2229,449576.7564,55.84490496,39.99564757512373,15.849257384876267,3.8845674748567807
마포구,노고산동,헤이스 하우스1,2,고위험군,37.55082404,126.9377856,194502.3902,450146.7765,39.53113283,40.141052580236625,-0.609919750236628,3.8845674748567807
마포구,서교동,문하우스,2,고위험군,37.5527925,126.9276317,193605.3058,450365.8943,45.37297648,43.806356105346495,1.5666203746535032,3.8845674748567807
마포구,연남동,연트럴,2,고위험군,37.56322788,126.9206454,192988.9502,451524.5961,50.25250944,39.99564757512373,10.256861864876264,3.8845674748567807
마포구,연남동,SeeU House,2,고위험군,37.55762156,126.9216893,193080.6692,450902.2833,35.08698913,39.70758105556046,-4.620591925560461,3.8845674748567807
마포구,서교동,cooKorean Home,2,고위험군,37.5549824,126.9134127,192349.0963,450610.0094,35.5991867,41.15614412536436,-5.556957425364359,3.8845674748567807
마포구,연남동,모모하우스,2,고위험군,37.55789477,126.9244937,193328.4762,450932.4037,43.01149415,40.04503040704887,2.9664637429511274,3.8845674748567807
마포구,연남동,huayuan house2,2,고위험군,37.55737926,126.9207388,192996.6627,450875.4613,49.79388465,40.09166974831149,9.702214901688514,3.8845674748567807
마포구,서교동,Homi house,2,고위험군,37.55269953,126.9233619,193228.0105,450355.8747,51.75327173,39.85298606067335,11.90028566932665,3.8845674748567807
마포구,노고산동,마인힐 스테이,2,고위험군,37.55214457,126.9413936,194821.3096,450293.1347,46.39488079,41.30154913047725,5.093331659522754,3.8845674748567807
마포구,동교동,연밤 게스트하우스,2,고위험군,37.55712309,126.9232575,193219.1835,450846.8448,31.83127004,40.190435412161754,-8.359165372161755,3.8845674748567807
마포구,동교동,거인,2,고위험군,37.55255355,126.9308814,193892.4392,450339.1576,28.08153853,40.04503040704887,-11.96349187704887,3.8845674748567807
마포구,서교동,엔케 하우스,2,고위험군,37.5536264,126.9266455,193518.2369,450458.5148,33.99776315,40.28920107601203,-6.29143792601203,3.8845674748567807
마포구,서교동,Mimi's house,2,고위험군,37.55108117,126.9173686,192698.257,450176.7048,37.45929743,39.99564757512373,-2.536350145123734,3.8845674748567807
마포구,망원동,스테이인 망원,2,고위험군,37.55455056,126.9077188,191845.9347,450562.5589,48.74363117,40.04503040704887,8.69860076295113,3.8845674748567807
마포구,서교동,더 포춘,2,고위험군,37.55225986,126.9271726,193564.696,450306.8089,41.73650629,40.09166974831149,1.6448365416885125,3.8845674748567807
마포구,창전동,스테이 공유 홍대,2,고위험군,37.5502927,126.9283737,193670.6625,450088.3962,37.99232349,39.75422039682309,-1.7618969068230896,3.8845674748567807
마포구,연남동,마이리틀,2,고위험군,37.55905795,126.9191744,192858.5961,451061.8937,45.3283094,40.141052580236625,5.187256819763377,3.8845674748567807
마포구,도화동,NANA STAY,2,고위험군,37.53848218,126.9526834,195818.1566,448776.2127,38.51382462,39.94900823386111,-1.4351836138611063,3.8845674748567807
마포구,연남동,사미스테이,2,고위험군,37.55698014,126.9182525,192776.9385,450831.3518,42.16327581,39.94900823386111,2.2142675761388944,3.8845674748567807
마포구,서교동,Sue-perb house,2,고위험군,37.55191267,126.9180645,192759.8325,450268.9375,35.18263543,39.89962540193597,-4.716989971935973,3.8845674748567807
마포구,서교동,모스트스테이,2,고위험군,37.55327394,126.9175679,192716.086,450420.0606,34.33398768,41.0601219521766,-6.726134272176601,3.8845674748567807
마포구,연남동,블라썸,2,고위험군,37.55874676,126.9245255,193331.3636,451026.9622,43.25246252,39.85298606067335,3.3994764593266495,3.8845674748567807
마포구,동교동,마포달빛,2,고위험군,37.55257976,126.9305018,193858.903,450342.0913,31.23806042,40.04503040704887,-8.80696998704887,3.8845674748567807
마포구,동교동,Da Young House,2,고위험군,37.55341017,126.9295521,193775.056,450434.3194,35.748507,40.04503040704887,-4.296523407048873,3.8845674748567807
마포구,노고산동,신촌의 여유,2,고위험군,37.55246431,126.9393936,194644.6028,450328.734,55.44345149,51.54299977361734,3.900451716382662,3.8845674748567807
마포구,서교동,세린홍대스위트,2,고위험군,37.5515933,126.9272488,193571.3712,450232.8235,35.24570861,40.190435412161754,-4.944726802161753,3.8845674748567807
마포구,상수동,휴스테이,2,고위험군,37.54532898,126.9216635,193077.2518,449537.9559,54.59851084,47.29058924673088,7.307921593269121,3.8845674748567807
마포구,망원동,보르카,2,고위험군,37.55145772,126.9058677,191682.0222,450219.4528,28.57369344,40.09166974831149,-11.51797630831149,3.8845674748567807
마포구,연남동,밀리언스테이1,2,고위험군,37.55975429,126.9255974,193426.1655,451138.7106,53.37099094,43.754229782758856,9.616761157241143,3.8845674748567807
마포구,동교동,스테이 홍대101,2,고위험군,37.55356227,126.9294632,193767.2115,450451.2066,34.97174243,40.04503040704887,-5.073287977048871,3.8845674748567807
마포구,연남동,원 하우스,2,고위험군,37.55918952,126.9256858,193433.9203,451076.0216,56.65465226,41.10676129343923,15.547890966560772,3.8845674748567807
마포구,서교동,호영하우스,2,고위험군,37.55254638,126.9285959,193690.491,450338.5127,42.19509814,39.94900823386111,2.2460899061388915,3.8845674748567807
마포구,도화동,연 스테이,2,고위험군,37.53658544,126.9485049,195448.7488,448565.8918,48.55633371,51.54299977361734,-2.986666063617342,3.8845674748567807
마포구,서교동,코텔로,2,고위험군,37.54653057,126.9165105,192621.9849,449671.7098,51.34553002,41.010739120251465,10.334790899748533,3.8845674748567807
마포구,염리동,마므레인서울,2,고위험군,37.55242519,126.94738,195350.3097,450323.9672,28.1178571,40.527884763650164,-12.410027663650165,3.8845674748567807
마포구,서교동,슬로우시네마 홍대,2,고위험군,37.55177137,126.913431,192350.3834,450253.6218,32.46961715,40.96409977898884,-8.494482628988841,3.8845674748567807
마포구,연남동,헤이븐 연남,2,고위험군,37.56162667,126.9256372,193429.8394,451346.5199,52.86888807,40.33584041727465,12.533047652725344,3.8845674748567807
마포구,동교동,KHC스테이,2,고위험군,37.55471946,126.9267626,193528.6742,450579.8233,46.94465105,39.89962540193597,7.045025648064026,3.8845674748567807
마포구,연남동,스테이 무아,2,고위험군,37.56143002,126.9189274,192836.9957,451325.1843,49.09294766,40.04503040704887,9.04791725295113,3.8845674748567807
마포구,동교동,클라우스하우스3,2,고위험군,37.55376464,126.9297795,193795.1781,450473.6463,37.17188561,40.09166974831149,-2.919784138311492,3.8845674748567807
마포구,동교동,양화스테이,2,고위험군,37.55661176,126.9251782,193388.8486,450789.9564,45.24730737,40.04503040704887,5.202276962951132,3.8845674748567807
마포구,성산동,휘게하우스,2,고위험군,37.55631513,126.9115941,192188.5429,450758.0761,41.28429086,39.85298606067335,1.4313047993266466,3.8845674748567807
마포구,창전동,알로하하우스_블루,2,고위험군,37.55101092,126.9312881,193928.2585,450167.9178,43.77252135,40.04503040704887,3.7274909429511283,3.8845674748567807
마포구,동교동,동교의봄,2,고위험군,37.55473791,126.9195567,192891.9624,450582.3915,48.55820299,40.91471694706371,7.6434860429362885,3.8845674748567807
마포구,동교동,오리하우스,2,고위험군,37.55229526,126.931076,193909.6155,450310.4779,33.41751401,40.04503040704887,-6.627516397048872,3.8845674748567807
마포구,도화동,온안 스테이,2,고위험군,37.53837945,126.9530932,195854.3656,448764.7927,33.73334215,43.965478563771924,-10.232136413771926,3.8845674748567807
마포구,합정동,아스트라 스테이,2,고위험군,37.54986386,126.9091758,191974.1716,450042.2658,48.12963374,40.04503040704887,8.084603332951133,3.8845674748567807
마포구,동교동,노블스테이,2,고위험군,37.55253174,126.9305821,193865.9929,450336.7564,32.11744859,40.09166974831149,-7.974221158311487,3.8845674748567807
마포구,서교동,에덴 게스트하우스,2,고위험군,37.5501497,126.9195541,192891.2951,450073.1552,39.94925052,39.85298606067335,0.09626445932664751,3.8845674748567807
마포구,염리동,썬데이 플라라,2,고위험군,37.54477282,126.9440247,195053.3141,449474.8175,45.06210871,39.85298606067335,5.209122649326645,3.8845674748567807
마포구,동교동,구름,2,고위험군,37.55326407,126.9298923,193805.0977,450418.0815,30.83112884,40.141052580236625,-9.309923740236624,3.8845674748567807
마포구,성산동,MW STAY,2,고위험군,37.56034197,126.9057104,191669.1088,451205.513,41.25552059,39.99564757512373,1.2598730148762698,3.8845674748567807
마포구,공덕동,스테이인공덕엠,2,고위험군,37.54550616,126.958905,196368.36,449555.5305,40.08130478,39.75422039682309,0.327084383176917,3.8845674748567807
마포구,대흥동,플러스 스테이,2,고위험군,37.54469077,126.9391548,194622.9423,449465.9783,41.11193838,39.75422039682309,1.3577179831769115,3.8845674748567807
마포구,연남동,연남 스테이션 2,2,고위험군,37.56173552,126.9206253,192987.0354,451358.9631,36.88884386,40.86807760580108,-3.979233745801082,3.8845674748567807
마포구,서교동,마루 서교,2,고위험군,37.55321296,126.9161303,192589.0463,450413.4049,40.49718837,41.010739120251465,-0.5135507502514614,3.8845674748567807
마포구,망원동,더플래닛,2,고위험군,37.55123821,126.9078434,191856.5805,450194.9168,42.18626859,39.89962540193597,2.2866431880640263,3.8845674748567807
마포구,연남동,더드 하우스,2,고위험군,37.55815851,126.9210094,193020.6388,450961.9287,43.23503898,39.99564757512373,3.2393914048762653,3.8845674748567807
마포구,상수동,스테이 상수,2,고위험군,37.54374376,126.9217001,193080.3353,449362.013,36.35500276,43.59785081499594,-7.242848054995939,3.8845674748567807
마포구,서교동,성산하우스 다날,2,고위험군,37.5555066,126.9114407,192174.9005,450668.3517,47.59930885,39.94900823386111,7.6503006161388925,3.8845674748567807
마포구,성산동,홍대 스테이,2,고위험군,37.55586956,126.9159724,192575.3645,450708.2683,41.93088503,39.803603228748216,2.127281801251783,3.8845674748567807
마포구,연남동,아르테,2,고위험군,37.55988072,126.9204466,192971.0796,451153.1156,44.70694138,39.99564757512373,4.71129380487627,3.8845674748567807
마포구,동교동,플레이 마포,2,고위험군,37.55216009,126.9314476,193942.4449,450295.4516,33.57658687,39.803603228748216,-6.227016358748216,3.8845674748567807
마포구,동교동,제일,2,고위험군,37.55272523,126.931557,193952.1532,450358.1683,33.82804275,40.04503040704887,-6.216987657048868,3.8845674748567807
마포구,동교동,머뭄,2,고위험군,37.55362667,126.9288388,193712.0452,450458.3958,30.82154108,39.94900823386111,-9.127467153861108,3.8845674748567807
마포구,도화동,숑?N하우스,2,고위험군,37.53862766,126.9525846,195809.4355,448792.3636,39.41896813,40.09166974831149,-0.6727016183114856,3.8845674748567807
마포구,망원동,온마음스테이,2,고위험군,37.5530852,126.9070792,191789.2555,450399.9771,44.93347781,40.04503040704887,4.88844740295113,3.8845674748567807
마포구,대흥동,스테이 소도,2,고위험군,37.54740564,126.9439619,195047.9403,449767.032,35.1006392,39.803603228748216,-4.702964028748212,3.8845674748567807
마포구,망원동,우리 함께 즐겨요 서울 스테이 2,2,고위험군,37.55358052,126.9037336,191493.6895,450455.2492,49.20445456,40.38522324919978,8.81923131080022,3.8845674748567807
마포구,망원동,Mapo;rest Stay,2,고위험군,37.55747481,126.9008818,191242.1458,450887.731,52.32760638,39.803603228748216,12.524003151251783,3.8845674748567807
마포구,망원동,헬로 스트레엔젤,2,고위험군,37.55773662,126.9034193,191466.3903,450916.5554,35.71649757,40.23981824408689,-4.523320674086889,3.8845674748567807
마포구,서교동,one way house 2,2,고위험군,37.55204423,126.9278899,193628.0583,450282.8277,35.39049272,39.94900823386111,-4.55851551386111,3.8845674748567807
마포구,동교동,클라우스 하우스2,2,고위험군,37.55433995,126.9283817,193671.7073,450537.592,47.31640074,39.89962540193597,7.416775338064028,3.8845674748567807
마포구,연남동,스테이 고래,2,고위험군,37.56076207,126.9165295,192625.0718,451251.2352,37.94445233,40.23981824408689,-2.2953659140868936,3.8845674748567807
마포구,서교동,어울림,2,고위험군,37.5463058,126.9196529,192899.6611,449646.5211,36.85655117,39.99564757512373,-3.1390964051237304,3.8845674748567807
마포구,망원동,체리하우스,2,고위험군,37.55621009,126.9054971,191649.8071,450746.9421,46.87284008,44.28372348062278,2.5891165993772205,3.8845674748567807
마포구,서교동,스테이 이브,2,고위험군,37.55368749,126.9260552,193466.082,450465.3359,36.52239173,39.75422039682309,-3.231828666823084,3.8845674748567807
마포구,망원동,다나 하우스,2,고위험군,37.55521731,126.9011929,191269.3732,450637.1463,44.35412084,39.89962540193597,4.454495438064029,3.8845674748567807
마포구,동교동,루비 스테이,2,고위험군,37.55263061,126.9313943,193937.7706,450347.6771,33.89485713,39.89962540193597,-6.004768271935973,3.8845674748567807
마포구,서교동,프라이빗 하우스,2,고위험군,37.55240642,126.9288545,193713.33,450322.9615,52.75698546,47.5210424623815,5.235942997618501,3.8845674748567807
마포구,노고산동,썬스 하우스,2,고위험군,37.55229819,126.9395073,194654.6397,450310.2902,55.37861633,51.54299977361734,3.8356165563826607,3.8845674748567807
마포구,도화동,한스 하우스,2,고위험군,37.5347838,126.9461072,195236.7174,448366.0506,39.53713549,39.89962540193597,-0.3624899119359739,3.8845674748567807
마포구,연남동,란 스테이,2,고위험군,37.55970759,126.9240994,193293.7994,451133.6333,50.41578958,41.0601219521766,9.3556676278234,3.8845674748567807
마포구,합정동,S HOUSE,2,고위험군,37.5440966,126.9132566,192334.192,449401.8289,41.32785633,40.190435412161754,1.1374209178382486,3.8845674748567807
마포구,서교동,앤드류 게스트하우스,2,고위험군,37.55364634,126.926408,193497.2509,450460.7443,38.66452787,40.04503040704887,-1.3805025370488693,3.8845674748567807
마포구,대흥동,1978 Stay,2,고위험군,37.54655983,126.9429587,194959.231,449673.2106,41.5660089,40.23981824408689,1.3261906559131091,3.8845674748567807
마포구,연남동,시담,2,고위험군,37.5631198,126.9223502,193139.567,451512.4746,41.91149724,39.94900823386111,1.9624890061388953,3.8845674748567807
마포구,연남동,연남재 게스트하우스,2,고위험군,37.55910294,126.9237061,193258.9958,451066.5524,45.09868069,44.75834736523656,0.34033332476344214,3.8845674748567807
마포구,연남동,도란도란3,2,고위험군,37.55911332,126.9253471,193403.9911,451067.588,44.81696758,39.803603228748216,5.013364351251781,3.8845674748567807
마포구,연남동,찬스하우스,2,고위험군,37.55735274,126.92095,193015.3179,450872.5022,45.05106814,40.04503040704887,5.006037732951128,3.8845674748567807
마포구,서교동,Moonlight house,2,고위험군,37.55338757,126.915606,192542.7387,450432.826,41.04240256,41.10676129343923,-0.06435873343922793,3.8845674748567807
마포구,망원동,힐링하우스2,2,고위험군,37.55917139,126.9022812,191365.9911,451075.9019,50.36786768,39.89962540193597,10.468242278064032,3.8845674748567807
마포구,연남동,홍대 스테이유,2,고위험군,37.55805283,126.9241003,193293.7315,450949.9744,46.32841379,41.0601219521766,5.268291837823398,3.8845674748567807
마포구,연남동,홍홈,2,고위험군,37.55730089,126.9211929,193036.7743,450866.7294,48.70051316,39.803603228748216,8.896909931251784,3.8845674748567807
마포구,망원동,Dalgonastay M,2,고위험군,37.55511389,126.9044761,191559.4714,450625.3681,52.63829197,40.91471694706371,11.723575022936288,3.8845674748567807
마포구,연남동,작전명 행복,2,고위험군,37.55860056,126.9252831,193398.2929,451010.6822,46.23106452,43.806356105346495,2.4247084146535016,3.8845674748567807
마포구,성산동,우주정복연구소,2,고위험군,37.55878614,126.9160694,192584.2174,451031.9665,44.65165392,41.0601219521766,3.5915319678234,3.8845674748567807
마포구,동교동,이안 뱃 스테이,2,고위험군,37.55344782,126.9298732,193803.4279,450438.4769,31.12635021,40.04503040704887,-8.918680197048872,3.8845674748567807
마포구,합정동,망원경,2,고위험군,37.54918998,126.9088675,191946.8601,449967.4996,48.34358202,40.76931194195082,7.574270078049182,3.8845674748567807
마포구,연남동,오아시스 연남1,2,고위험군,37.55924617,126.9231501,193209.8874,451082.4893,53.6424831,41.010739120251465,12.631743979748535,3.8845674748567807
마포구,연남동,나로하우스,2,고위험군,37.55789278,126.9204125,192967.8719,450932.4803,38.25749148,40.72267260068819,-2.465181120688193,3.8845674748567807
마포구,연남동,Kim's Mansion,2,고위험군,37.56119245,126.9193497,192874.2802,451298.7847,44.27610292,40.86807760580108,3.408025314198916,3.8845674748567807
마포구,대흥동,아라베스크,2,고위험군,37.54692596,126.9434928,195006.4532,449713.8181,58.56602619,53.153428792509175,5.412597397490828,3.8845674748567807
마포구,성산동,하이 홍대,2,고위험군,37.55896277,126.9161679,192592.9441,451051.5625,46.33000742,42.90649116804407,3.423516251955931,3.8845674748567807
마포구,합정동,낙낙스테이,2,고위험군,37.54943287,126.9075652,191831.8013,449994.5698,48.29025549,39.89962540193597,8.390630088064029,3.8845674748567807
마포구,합정동,쁘띠맨숀47,2,고위험군,37.54532948,126.9178278,192738.2772,449538.3008,37.85677665,41.20552695728949,-3.3487503072894924,3.8845674748567807
마포구,연남동,스테이콤마,2,고위험군,37.55880178,126.9205143,192976.9582,451033.3609,34.19111958,39.85298606067335,-5.661866480673353,3.8845674748567807
마포구,중동,더 눅 마포,2,고위험군,37.56745481,126.9049959,191606.7813,451995.0184,39.18096702,40.43186259046241,-1.2508955704624114,3.8845674748567807
마포구,상암동,올스테이,2,고위험군,37.57337671,126.8946398,190692.5969,452653.2561,36.68248417,39.94900823386111,-3.2665240638611053,3.8845674748567807
마포구,망원동,한강스테이,2,고위험군,37.55052045,126.9011467,191264.7472,450115.8552,45.16347052,39.99564757512373,5.167822944876264,3.8845674748567807
마포구,도화동,흐흐스테이,2,고위험군,37.53876108,126.9518076,195740.771,448807.2065,40.52542179,40.141052580236625,0.38436920976337774,3.8845674748567807
마포구,서교동,스테이스트 홍대,2,고위험군,37.54926167,126.9140419,192404.1131,449975.0257,44.12743019,40.38522324919978,3.742206940800216,3.8845674748567807
마포구,서교동,스테이온 328,2,고위험군,37.55308438,126.9270773,193556.3477,450398.3273,38.78574814,39.75422039682309,-0.9684722568230839,3.8845674748567807
마포구,동교동,스테이 온기,2,고위험군,37.55321696,126.9306614,193873.0562,450412.8025,42.04993419,40.190435412161754,1.8594987778382475,3.8845674748567807
마포구,성산동,하루안 스테이,2,고위험군,37.56041888,126.9056656,191665.16,451214.053,41.01316851,40.09166974831149,0.9214987616885111,3.8845674748567807
마포구,창전동,허브하우스,2,고위험군,37.54695341,126.9288941,193716.3697,449717.7402,47.42741959,41.0601219521766,6.367297637823398,3.8845674748567807
마포구,공덕동,다도 하우스 신공덕,2,고위험군,37.54684029,126.9604459,196504.5988,449703.5444,53.68254786,43.435984865908004,10.246562994091995,3.8845674748567807
마포구,상암동,조선힙,2,고위험군,37.57408294,126.8933823,190581.5988,452731.7647,42.38755113,40.91471694706371,1.472834182936289,3.8845674748567807
마포구,망원동,망원 데이데이,2,고위험군,37.55090791,126.9014883,191294.9709,450158.8269,37.97062489,39.94900823386111,-1.978383343861104,3.8845674748567807
마포구,연남동,SSOL HOUSE,2,고위험군,37.56364481,126.9189287,192837.3226,451570.9998,41.94992791,40.33584041727465,1.6140874927253464,3.8845674748567807
마포구,대흥동,스테이연 마포,2,고위험군,37.54561926,126.9419204,194867.4087,449568.8749,45.59930524,39.89962540193597,5.699679838064029,3.8845674748567807
마포구,도화동,공디스테이,2,고위험군,37.53915854,126.9513128,195697.0645,448851.3422,35.55869613,40.527884763650164,-4.9691886336501625,3.8845674748567807
마포구,합정동,Piece Haus,2,고위험군,37.54910493,126.908141,191882.644,449958.1225,43.72708893,39.89962540193597,3.8274635280640297,3.8845674748567807
마포구,성산동,번역가의 방,2,고위험군,37.5652737,126.9081558,191885.707,451752.6631,36.24997161,39.89962540193597,-3.649653791935968,3.8845674748567807
마포구,창전동,스테이 에이치,2,고위험군,37.55122877,126.9314395,193941.6485,450192.0868,44.17996651,40.28920107601203,3.8907654339879727,3.8845674748567807
마포구,연남동,홍대온스테이,2,고위험군,37.55877584,126.9202131,192950.3393,451030.5044,47.01350271,40.91471694706371,6.098785762936288,3.8845674748567807
마포구,동교동,Hee's house,2,고위험군,37.55278435,126.931626,193958.2559,450364.7255,42.86069235,43.54298100174579,-0.682288651745786,3.8845674748567807
마포구,연남동,사브리나 인 연남,2,고위험군,37.56090713,126.9166146,192632.5979,451267.3284,40.30608595,41.20552695728949,-0.8994410072894894,3.8845674748567807
마포구,노고산동,레아스테이,2,고위험군,37.55209414,126.9324024,194026.806,450288.0708,43.07030471,39.803603228748216,3.2667014812517863,3.8845674748567807
마포구,연남동,Project 202,2,고위험군,37.55800662,126.9245589,193334.2541,450944.813,42.81096944,39.85298606067335,2.957983379326649,3.8845674748567807
마포구,동교동,준하우스1,2,고위험군,37.55645178,126.9222266,193128.0345,450772.4122,38.4642407,43.38385854332036,-4.91961784332036,3.8845674748567807
마포구,연남동,어반리프연남,2,고위험군,37.56043788,126.9257333,193438.2267,451214.5715,50.94642774,40.04503040704887,10.901397332951127,3.8845674748567807
마포구,도화동,스텔라스테이,2,고위험군,37.53862228,126.9523933,195792.5281,448791.775,42.48178235,40.09166974831149,2.3901126016885144,3.8845674748567807
마포구,서교동,신화,2,고위험군,37.55124449,126.9238334,193269.535,450194.3488,40.66410876,39.89962540193597,0.7644833580640267,3.8845674748567807
마포구,서교동,스테이 로뎀,2,고위험군,37.54641613,126.9157121,192551.4229,449659.0713,47.78916984,39.89962540193597,7.8895444380640285,3.8845674748567807
마포구,서교동,코자요03,2,고위험군,37.54948675,126.9219025,193098.7498,449999.4008,45.81704151,40.91471694706371,4.902324562936293,3.8845674748567807
마포구,대흥동,Casa Luna,2,고위험군,37.55116109,126.9437627,195030.5881,450183.8523,43.98477435,40.190435412161754,3.7943389378382477,3.8845674748567807
마포구,연남동,엔조이연남,2,고위험군,37.5619481,126.9204545,192971.9665,451382.5698,44.3285228,39.85298606067335,4.47553673932665,3.8845674748567807
마포구,연남동,바다민박,2,고위험군,37.56106961,126.9263398,193491.8711,451284.6439,51.59916256,41.0601219521766,10.539040607823402,3.8845674748567807
마포구,서교동,유월애,2,고위험군,37.54887439,126.9194584,192882.7172,449931.6184,46.34350791,39.94900823386111,6.394499676138892,3.8845674748567807
마포구,도화동,공덕 스테이,2,고위험군,37.53826824,126.9517284,195733.745,448752.5108,44.52035866,43.913352241184285,0.6070064188157147,3.8845674748567807
마포구,망원동,더 피크닉 스테이,2,고위험군,37.55345249,126.8968384,190884.3967,450441.6857,47.01434772,39.99564757512373,7.01870014487627,3.8845674748567807
마포구,동교동,동교 네스트,2,고위험군,37.55429383,126.9296992,193788.1221,450532.3854,37.91379629,41.10676129343923,-3.1929650034392267,3.8845674748567807
마포구,서교동,스테이담,2,고위험군,37.55557681,126.9163648,192610.0035,450675.7456,47.79445937,39.89962540193597,7.894833968064027,3.8845674748567807
마포구,합정동,버터하우스,2,고위험군,37.54666495,126.9069015,191772.8478,449687.4218,43.19565546,40.04503040704887,3.1506250529511277,3.8845674748567807
마포구,합정동,스테이 쉼표,2,고위험군,37.54965774,126.9092616,191981.7349,450019.3816,52.39481819,40.04503040704887,12.349787782951132,3.8845674748567807
마포구,공덕동,블루하우스,2,고위험군,37.54714898,126.9620284,196644.4558,449737.7476,44.94975854,40.96409977898884,3.985658761011159,3.8845674748567807
마포구,합정동,하울의 집,2,고위험군,37.54707,126.9105275,192093.3234,449732.0664,48.46415992,40.04503040704887,8.41912951295113,3.8845674748567807
마포구,공덕동,벨라 스테이,2,고위험군,37.54466259,126.9591898,196393.4868,449461.8935,34.59263303,39.99564757512373,-5.403014545123732,3.8845674748567807
마포구,염리동,모먼트 하우스,2,고위험군,37.55289715,126.9467542,195295.0388,450376.3802,34.7657327,40.04503040704887,-5.279297707048869,3.8845674748567807
마포구,공덕동,뉴 웨이브 하우스 101,2,고위험군,37.54403611,126.9539222,195927.9395,449392.5769,41.69795548,39.89962540193597,1.7983300780640263,3.8845674748567807
마포구,연남동,CARRIE'S HOME,2,고위험군,37.56141201,126.9251507,193386.8386,451322.7293,54.32612623,41.0601219521766,13.266004277823399,3.8845674748567807
마포구,공덕동,우당탕탕 태희네,2,고위험군,37.54733049,126.9602237,196484.9868,449757.959,36.36930637,39.6115588823727,-3.2422525123727013,3.8845674748567807
마포구,상수동,홍스 하우스,2,고위험군,37.54604513,126.9234423,193234.5117,449617.3105,54.87893526,40.28920107601203,14.589734183987972,3.8845674748567807
마포구,서교동,홍대 안미당,2,고위험군,37.55226731,126.9230807,193203.1191,450307.9238,42.66095014,39.99564757512373,2.6653025648762636,3.8845674748567807
마포구,성산동,파라다이스 인 마포,2,고위험군,37.56086449,126.9101334,192059.9605,451263.1237,34.32780129,40.04503040704887,-5.717229117048873,3.8845674748567807
마포구,당인동,상수 스테이,2,고위험군,37.54329958,126.9196483,192898.973,449312.8674,48.4506058,53.02997171269634,-4.579365912696339,3.8845674748567807
마포구,아현동,메리골든스테이,2,고위험군,37.55401904,126.9598616,196453.2981,450500.3214,43.11624985,40.48124542238754,2.635004427612465,3.8845674748567807
마포구,아현동,기다린보람 마포스테이,2,고위험군,37.55408576,126.9522983,195785.001,450508.0387,60.95870776,54.20692920691201,6.751778553087995,3.8845674748567807
마포구,서교동,Tomy guest house,2,고위험군,37.5527082,126.9276907,193610.5156,450356.534,39.16044945,40.09166974831149,-0.9312202983114872,3.8845674748567807
마포구,아현동,머무룸,2,고위험군,37.55415387,126.954225,195955.2537,450515.5135,40.73471122,39.94900823386111,0.7857029861388938,3.8845674748567807
마포구,합정동,소소당 합정,2,고위험군,37.54724842,126.9046318,191572.3382,449752.381,44.18714234,40.09166974831149,4.095472591688512,3.8845674748567807
마포구,망원동,굿바이브,2,고위험군,37.5595094,126.9030953,191437.9627,451113.3425,46.66383786,40.81869477387595,5.845143086124054,3.8845674748567807
마포구,서교동,조하 하우스,2,고위험군,37.55263083,126.9235036,193240.5227,450348.2397,51.2531941,43.54298100174579,7.710213098254215,3.8845674748567807
마포구,도화동,우리함께즐겨요 서울스테이,2,고위험군,37.53687991,126.9472655,195339.2182,448598.635,40.45180932,41.44695413559014,-0.9951448155901375,3.8845674748567807
마포구,공덕동,미담스테이,2,고위험군,37.54543146,126.9575945,196252.5513,449547.2911,43.62104579,39.320748872146915,4.300296917853082,3.8845674748567807
마포구,망원동,레스트 휴,2,고위험군,37.55134398,126.9037998,191499.2771,450207.014,46.89687721,40.141052580236625,6.755824629763374,3.8845674748567807
마포구,합정동,로스터블록,2,고위험군,37.55019796,126.9077013,191843.9087,450079.4738,45.04334689,40.04503040704887,4.998316482951132,3.8845674748567807
마포구,서교동,HAN HOME,2,고위험군,37.55236449,126.9259131,193453.4136,450318.5086,34.58552326,39.99564757512373,-5.410124315123731,3.8845674748567807
마포구,망원동,럭키스테이,2,고위험군,37.55330759,126.9074366,191820.8589,450424.6286,39.47206009,40.09166974831149,-0.6196096583114894,3.8845674748567807
마포구,동교동,하이미쉬,2,고위험군,37.55454393,126.9282429,193659.4626,450560.2407,41.57988634,39.85298606067335,1.7269002793266495,3.8845674748567807
마포구,동교동,빙고 연남 루프탑,2,고위험군,37.55720823,126.9250743,193379.7147,450856.1648,41.02438545,40.04503040704887,0.9793550429511271,3.8845674748567807
마포구,서교동,STAY AN,2,고위험군,37.55280385,126.9234984,193240.0762,450367.4432,51.97403842,40.04503040704887,11.92900801295113,3.8845674748567807
마포구,상수동,Hongdae Cozy Stay,2,고위험군,37.54686313,126.9218142,193090.7102,449708.217,37.9569572,39.85298606067335,-1.8960288606733542,3.8845674748567807
마포구,노고산동,호미 게스트하우스,2,고위험군,37.55043029,126.9373534,194464.1731,450103.1004,26.17670955,40.43186259046241,-14.255153040462407,3.8845674748567807
마포구,연남동,J HOUSE,2,고위험군,37.55962836,126.9229854,193195.3709,451124.9198,45.64369053,39.85298606067335,5.7907044693266485,3.8845674748567807
마포구,도화동,요셉 게스트하우스,2,고위험군,37.53838834,126.9533994,195881.4351,448765.766,33.42675615,40.09166974831149,-6.664913598311486,3.8845674748567807
마포구,창전동,Garden House,2,고위험군,37.54657553,126.9291723,193740.9174,449675.7816,34.54681795,39.94900823386111,-5.40219028386111,3.8845674748567807
마포구,동교동,Like House,2,고위험군,37.55418894,126.9261603,193475.4135,450520.9836,32.40412343,40.09166974831149,-7.68754631831149,3.8845674748567807
마포구,연남동,시즈 더 데이,2,고위험군,37.55886588,126.9245163,193330.5587,451040.1838,38.86967166,39.94900823386111,-1.0793365738611058,3.8845674748567807
마포구,연남동,메모리스테이 연남2호점,2,고위험군,37.5609347,126.9180655,192760.7973,451270.2756,50.33765509,40.04503040704887,10.292624682951129,3.8845674748567807
마포구,합정동,호루스 스테이,2,고위험군,37.54465034,126.9117784,192203.6099,449463.4089,42.99279889,40.28920107601203,2.703597813987976,3.8845674748567807
마포구,연남동,여기연남스테이,2,고위험군,37.55833364,126.9173848,192700.403,450981.6413,47.46248039,40.96409977898884,6.498380611011164,3.8845674748567807
마포구,합정동,한스테이,2,고위험군,37.5497112,126.9063113,191721.0267,450025.5708,42.35205135,40.09166974831149,2.2603816016885148,3.8845674748567807
마포구,연남동,메모리 메종 연남점,2,고위험군,37.5585801,126.9216348,193075.9371,451008.6739,47.74167377,40.81869477387595,6.922978996124051,3.8845674748567807
마포구,합정동,픽토피아,2,고위험군,37.54538119,126.9133272,192340.5626,449544.3971,36.18517448,39.89962540193597,-3.7144509219359705,3.8845674748567807
마포구,성산동,Stay 별의 순간 마포점,2,고위험군,37.56291777,126.9052212,191626.176,451491.4399,48.00743028,39.85298606067335,8.154444219326649,3.8845674748567807
마포구,망원동,아틀리에 망원,2,고위험군,37.55134046,126.9063371,191723.4858,450206.3969,44.35743409,40.04503040704887,4.312403682951128,3.8845674748567807
마포구,동교동,마이스위레트로홈,2,고위험군,37.55397747,126.9287902,193707.7724,450497.3336,30.64792281,39.89962540193597,-9.25170259193597,3.8845674748567807
마포구,성산동,헬로 홍대,2,고위험군,37.56216857,126.9136981,192375.0468,451407.566,49.15145031,39.85298606067335,9.29846424932665,3.8845674748567807
마포구,망원동,루다 스테이,2,고위험군,37.55512215,126.9012835,191277.3719,450626.5763,37.65805455,39.94900823386111,-2.2909536838611047,3.8845674748567807
마포구,서교동,영가집,2,고위험군,37.54990223,126.9137261,192376.2702,450046.1457,33.951058,39.94900823386111,-5.997950233861104,3.8845674748567807
마포구,서교동,라티에르 스테이,2,고위험군,37.54641973,126.9162102,192595.4372,449659.4315,40.50735016,39.89962540193597,0.6077247580640304,3.8845674748567807
마포구,공덕동,모이재 스테이,2,고위험군,37.54514579,126.9547393,196000.2088,449515.7029,45.5311271,52.40994282296967,-6.878815722969669,3.8845674748567807
마포구,서교동,호호 하우스,2,고위험군,37.55544887,126.9152257,192509.3399,450661.636,27.01961036,43.435984865908004,-16.416374505908003,3.8845674748567807
마포구,도화동,마포스테이4889,2,고위험군,37.53510683,126.9469731,195313.2714,448401.8594,44.07387865,39.75422039682309,4.319658253176911,3.8845674748567807
마포구,연남동,연남 호토 레지던스,2,고위험군,37.55873632,126.919279,192867.8065,451026.1886,43.45090222,40.09166974831149,3.3592324716885145,3.8845674748567807
마포구,서교동,Crystal House,2,고위험군,37.55280378,126.9236755,193255.7227,450367.4227,55.04161081,43.699359969508706,11.342250840491296,3.8845674748567807
마포구,연남동,밀리스테이,2,고위험군,37.55655551,126.9175438,192714.2733,450784.2777,31.84067063,39.94900823386111,-8.108337603861106,3.8845674748567807
마포구,서교동,하우스32,2,고위험군,37.54976841,126.9185484,192802.392,450030.9131,35.82394152,39.89962540193597,-4.075683881935973,3.8845674748567807
마포구,서교동,Fave stay #2,2,고위험군,37.5527121,126.9235845,193247.6751,450357.2539,51.67837282,39.94900823386111,11.729364586138892,3.8845674748567807
마포구,연남동,홍대 코지 그린하우스,2,고위험군,37.55713027,126.9177928,192736.3366,450848.0499,39.60070126,40.33584041727465,-0.7351391572746522,3.8845674748567807
마포구,서교동,무드하우스,2,고위험군,37.54970282,126.9149446,192483.9249,450023.9155,38.97390807,40.04503040704887,-1.0711223370488696,3.8845674748567807
마포구,연남동,말랑홈_핑크,2,고위험군,37.55797799,126.9205116,192976.644,450941.9302,37.77577894,43.54298100174579,-5.767202061745785,3.8845674748567807
마포구,연남동,컴피리피,2,고위험군,37.56137483,126.9258038,193444.5404,451318.557,46.5877638,40.04503040704887,6.542733392951128,3.8845674748567807
마포구,성산동,코너하우스,2,고위험군,37.5572897,126.9168578,192653.7348,450865.8174,44.69281158,41.20552695728949,3.4872846227105043,3.8845674748567807
마포구,서교동,코타로 하우스,2,고위험군,37.55221668,126.9300996,193823.3324,450301.8201,37.46907485,40.09166974831149,-2.6225948983114904,3.8845674748567807
마포구,동교동,야피,2,고위험군,37.55410694,126.9278142,193621.5485,450511.769,46.59697431,39.75422039682309,6.842753913176914,3.8845674748567807
마포구,서교동,니트하우스 마포,2,고위험군,37.55152417,126.9182032,192772.0547,450225.808,38.85998759,40.04503040704887,-1.185042817048867,3.8845674748567807
마포구,서교동,노스텔지아3,2,고위험군,37.55354575,126.9263015,193487.8351,450449.5874,40.54950396,40.141052580236625,0.40845137976337753,3.8845674748567807
마포구,연남동,모노하우스 5호점,2,고위험군,37.56077809,126.9236462,193253.8587,451252.4786,54.10446143,41.10676129343923,12.997700136560773,3.8845674748567807
마포구,동교동,모노홈 스튜디오,2,고위험군,37.55369271,126.9294729,193768.0794,450465.6832,38.94999251,41.44695413559014,-2.4969616255901386,3.8845674748567807
마포구,연남동,헬로인디아,2,고위험군,37.56106133,126.9182818,192779.9212,451284.3134,53.46915025,43.17260976230729,10.29654048769271,3.8845674748567807
마포구,공덕동,하루 스테이,2,고위험군,37.54779449,126.9607896,196535.0131,449809.4364,42.81249474,39.75422039682309,3.0582743431769117,3.8845674748567807
마포구,연남동,부영,2,고위험군,37.56131322,126.9257321,193438.1966,451311.724,40.53299014,40.04503040704887,0.4879597329511327,3.8845674748567807
마포구,연남동,마리하우스2,2,고위험군,37.56124697,126.9181051,192764.3236,451304.9309,35.99859653,40.190435412161754,-4.191838882161754,3.8845674748567807
마포구,서교동,지미스테이,2,고위험군,37.55261622,126.9281441,193650.5664,450346.2946,41.12596655,39.94900823386111,1.1769583161388937,3.8845674748567807
마포구,서교동,서교한옥,2,고위험군,37.55264853,126.9159631,192574.2214,450350.7731,30.52683469,39.99564757512373,-9.468812885123732,3.8845674748567807
마포구,연남동,월넛하우스,2,고위험군,37.56188142,126.9166782,192638.3193,451375.4582,39.37426266,40.43186259046241,-1.057599930462409,3.8845674748567807
마포구,동교동,제이투 하우스,2,고위험군,37.55442785,126.9287148,193701.1514,450547.3255,45.98524688,39.89962540193597,6.085621478064027,3.8845674748567807
마포구,망원동,June Stay,2,고위험군,37.55431248,126.9072554,191804.9621,450536.1752,50.85318785,40.28920107601203,10.56398677398797,3.8845674748567807
마포구,연남동,스테이 유,2,고위험군,37.56272888,126.9237351,193261.8908,451468.9869,48.74055633,39.99564757512373,8.744908754876263,3.8845674748567807
마포구,연남동,탠저린스테이 홍대,2,고위험군,37.56164484,126.9188471,192829.918,451349.0329,36.30092284,39.99564757512373,-3.694724735123735,3.8845674748567807
마포구,연남동,JINI HOUSE,2,고위험군,37.56319218,126.9162468,192600.3337,451520.971,44.53484597,40.86807760580108,3.6667683641989157,3.8845674748567807
마포구,성산동,K-힐스테이,2,고위험군,37.56017585,126.9088709,191948.3417,451186.8002,38.84037582,40.190435412161754,-1.350059592161756,3.8845674748567807
마포구,도화동,57 Space,2,고위험군,37.53848737,126.9528834,195835.8329,448776.7798,39.05705017,40.141052580236625,-1.0840024102366286,3.8845674748567807
마포구,염리동,아느케,2,고위험군,37.55283256,126.9461848,195244.7208,450369.2402,42.61901094,40.09166974831149,2.527341191688514,3.8845674748567807
마포구,동교동,RSJ 하우스,2,고위험군,37.55423106,126.9259998,193461.2299,450525.6695,31.35546032,39.99564757512373,-8.640187255123735,3.8845674748567807
마포구,동교동,hyuk House,2,고위험군,37.5528397,126.9307825,193883.7234,450370.9233,33.1340177,39.89962540193597,-6.76560770193597,3.8845674748567807
마포구,상수동,단밤스테이,2,고위험군,37.547419,126.9232874,193220.9483,449769.8046,44.63831467,38.933916688733376,5.704397981266624,3.8845674748567807
마포구,신수동,레일파크 스테이,2,고위험군,37.54545072,126.9381402,194533.3384,449550.382,34.36502318,39.89962540193597,-5.53460222193597,3.8845674748567807
마포구,망원동,The Haru House,2,고위험군,37.55369338,126.9030948,191437.2566,450467.8333,42.86753311,39.75422039682309,3.11331271317691,3.8845674748567807
마포구,공덕동,Maple stay,2,고위험군,37.54367203,126.9536004,195899.4845,449352.1824,33.15737432,39.99564757512373,-6.838273255123731,3.8845674748567807
마포구,망원동,카멜리아,2,고위험군,37.55776775,126.8980095,190988.3932,450920.5154,41.4128707,40.72267260068819,0.6901980993118073,3.8845674748567807
마포구,연남동,TJ 하우스,2,고위험군,37.55704782,126.9177783,192735.0421,450838.9001,38.44095113,39.89962540193597,-1.458674271935969,3.8845674748567807
마포구,노고산동,스테이 헤리티지 신촌,2,고위험군,37.55191817,126.939617,194664.3008,450268.1063,57.20113294,52.34958602839451,4.851546911605489,3.8845674748567807
마포구,도화동,프로젝트 드라곤,2,고위험군,37.53904695,126.9518446,195744.0591,448838.9329,35.87048029,40.38522324919978,-4.514742959199779,3.8845674748567807
마포구,염리동,희가공덕,2,고위험군,37.54292791,126.9451995,195157.0158,449269.9937,56.98463768,53.02997171269634,3.9546659673036615,3.8845674748567807
마포구,서교동,오키도키 하우스,2,고위험군,37.55200923,126.9129405,192307.0669,450280.0615,33.99808019,41.0601219521766,-7.062041762176598,3.8845674748567807
마포구,동교동,서울맨션,2,고위험군,37.55672797,126.9252504,193395.2392,450802.8492,41.01306981,40.91471694706371,0.09835286293628798,3.8845674748567807
마포구,연남동,하우스 홍시,2,고위험군,37.55748658,126.9211909,193036.6175,450887.3389,51.86454428,40.81869477387595,11.04584950612405,3.8845674748567807
마포구,연남동,OH House,2,고위험군,37.55752743,126.9217888,193089.4494,450891.8287,36.18747273,40.04503040704887,-3.8575576770488667,3.8845674748567807
마포구,연남동,Elly's Guest House,2,고위험군,37.56066686,126.9214487,193059.6867,451240.2934,54.21278288,43.12048343971965,11.09229944028035,3.8845674748567807
마포구,연남동,콜립 연남,2,고위험군,37.55911404,126.9209132,193012.2273,451067.9884,37.12814325,39.70758105556046,-2.5794378055604597,3.8845674748567807
마포구,서교동,하이데어,2,고위험군,37.55214106,126.9257166,193436.0235,450293.7242,42.95239326,39.94900823386111,3.0033850261388935,3.8845674748567807
마포구,동교동,올빛(ORBIT),2,고위험군,37.55681326,126.9232454,193218.0846,450812.4582,26.99113677,43.861225918596645,-16.870089148596644,3.8845674748567807
마포구,동교동,딥서울 게스트하우스,2,고위험군,37.55656829,126.9246742,193344.3102,450785.1673,30.80172148,40.09166974831149,-9.289948268311488,3.8845674748567807
마포구,서교동,벙크2 게스트하우스,2,고위험군,37.55214693,126.9263077,193488.2612,450294.3346,40.52433514,40.09166974831149,0.43266539168850926,3.8845674748567807
마포구,연남동,guesthouse pajamaparty,2,고위험군,37.56217134,126.9229118,193189.1003,451407.1659,45.17304001,41.10676129343923,4.066278716560774,3.8845674748567807
마포구,연남동,아이하우스 친친,2,고위험군,37.56132637,126.9177439,192732.4199,451313.7712,53.76830199,52.40994282296967,1.3583591670303292,3.8845674748567807
마포구,동교동,다온하우스,2,고위험군,37.55665201,126.9247275,193349.0245,450794.4555,30.64308391,40.09166974831149,-9.448585838311487,3.8845674748567807
마포구,연남동,소쥬2,2,고위험군,37.55573509,126.9188773,192832.0193,450693.1183,46.87529653,41.10676129343923,5.768535236560773,3.8845674748567807
마포구,연남동,만두 게스트하우스,2,고위험군,37.56013397,126.9225473,193156.7017,451181.0683,45.44885527,39.94900823386111,5.499847036138895,3.8845674748567807
마포구,서교동,Br. house,2,고위험군,37.55232736,126.9270845,193556.917,450314.3067,46.18543262,43.913352241184285,2.2720803788157156,3.8845674748567807
마포구,동교동,더 퍼플 스테이 홍대,2,고위험군,37.55362244,126.9296458,193783.3505,450457.8726,42.90114764,44.96959614624963,-2.0684485062496307,3.8845674748567807
마포구,서교동,퀸 하우스,2,고위험군,37.55306813,126.9180496,192758.633,450397.1809,32.90504349,40.91471694706371,-8.009673457063712,3.8845674748567807
마포구,연남동,Two Two House,2,고위험군,37.55876527,126.924045,193288.9137,451029.0508,53.56437238,41.10676129343923,12.457611086560775,3.8845674748567807
마포구,연남동,포토 하우스,2,고위험군,37.56100301,126.9227235,193172.3517,451277.5087,43.11554454,41.010739120251465,2.104805419748537,3.8845674748567807
마포구,연남동,더 어반 게스트하우스,2,고위험군,37.55960824,126.9256379,193429.7249,451122.4979,50.14692745,40.190435412161754,9.956492037838245,3.8845674748567807
마포구,서교동,나루게스트하우스,2,고위험군,37.5486408,126.9171645,192679.983,449905.8688,39.745695,40.81869477387595,-1.0729997738759494,3.8845674748567807
마포구,서교동,Stay&Garden,2,고위험군,37.55255238,126.9246374,193340.6968,450339.4517,38.24099168,39.94900823386111,-1.708016553861107,3.8845674748567807
마포구,서교동,벙크게스트하우스,2,고위험군,37.55214693,126.9263077,193488.2612,450294.3346,40.49744194,40.09166974831149,0.40577219168851286,3.8845674748567807
마포구,연남동,Cheshire,2,고위험군,37.55781106,126.9174385,192705.0977,450923.637,44.86501819,40.23981824408689,4.62519994591311,3.8845674748567807
마포구,서교동,이노게스트하우스,2,고위험군,37.55091491,126.9134668,192353.4593,450158.5621,32.09181768,41.010739120251465,-8.918921440251466,3.8845674748567807
마포구,서교동,에이블 게스트하우스(Able Guesthouse),2,고위험군,37.55260719,126.9261244,193472.106,450345.4307,41.61636836,39.803603228748216,1.812765131251787,3.8845674748567807
마포구,동교동,엣홈,2,고위험군,37.5537209,126.9289065,193718.0326,450468.8496,31.3831909,40.09166974831149,-8.70847884831149,3.8845674748567807
마포구,연남동,하이 스트릿 게스트하우스,2,고위험군,37.55750443,126.9213599,193051.5498,450889.3076,50.88757528,39.99564757512373,10.891927704876267,3.8845674748567807
마포구,연남동,마루지 게스트하우스,2,고위험군,37.5589785,126.9194611,192883.9166,451053.054,45.47392786,40.09166974831149,5.382258111688515,3.8845674748567807
마포구,서교동,Bliss penthouse,2,고위험군,37.5526817,126.9231331,193207.7914,450353.9123,46.45071109,39.89962540193597,6.551085688064028,3.8845674748567807
마포구,합정동,오모,2,고위험군,37.5454445,126.9171385,192677.3798,449551.1201,31.00755426,40.76931194195082,-9.761757681950819,3.8845674748567807
마포구,합정동,ZZZIP 게스트하우스,2,고위험군,37.54480446,126.9141033,192409.0834,449480.3241,49.71323267,40.86807760580108,8.845155064198913,3.8845674748567807
마포구,서교동,벙크 백팩커스 게스트하우스,2,고위험군,37.55217281,126.9270973,193558.0329,450297.1526,39.70265295,43.754229782758856,-4.051576832758855,3.8845674748567807
마포구,합정동,언더 클라우드,2,고위험군,37.55020814,126.9090299,191961.3123,450080.4892,50.01125999,40.28920107601203,9.722058913987972,3.8845674748567807
마포구,서교동,준 게스트하우스,2,고위험군,37.55166438,126.9267696,193529.033,450240.7454,37.53278279,39.803603228748216,-2.270820438748217,3.8845674748567807
마포구,연남동,화이트테일,2,고위험군,37.55940438,126.9241078,193294.5171,451099.98,48.53771157,41.15614412536436,7.3815674446356425,3.8845674748567807
마포구,성산동,가든하우스,2,고위험군,37.56154003,126.9102938,192074.2013,451338.0871,49.53130266,40.91471694706371,8.616585712936292,3.8845674748567807
마포구,성산동,인 게스트하우스,2,고위험군,37.55805348,126.9059125,191686.7119,450951.4997,42.96601224,40.141052580236625,2.8249596597633726,3.8845674748567807
마포구,창전동,와우힐즈 게스트하우스,2,고위험군,37.54941414,126.9258357,193446.3115,449991.0605,39.25925253,40.09166974831149,-0.8324172183114911,3.8845674748567807
마포구,연남동,바투 스테이,2,고위험군,37.5562321,126.919244,192864.4762,450748.2526,43.22214504,40.141052580236625,3.0810924597633758,3.8845674748567807
마포구,연남동,T HOUSE,2,고위험군,37.55869521,126.9186042,192808.1737,451021.6773,38.60681976,39.94900823386111,-1.342188473861107,3.8845674748567807
마포구,동교동,홍대스타일 게스트하우스,2,고위험군,37.5547335,126.919999,192931.0387,450581.8687,39.535681,40.86807760580108,-1.3323966058010868,3.8845674748567807
마포구,연남동,19th st.Guest House,2,고위험군,37.56228586,126.9234974,193240.8497,451419.834,46.34507574,39.94900823386111,6.396067506138891,3.8845674748567807
마포구,합정동,Sogni d'oro,2,고위험군,37.54643106,126.9140763,192406.8614,449660.8592,49.9419388,40.72267260068819,9.21926619931181,3.8845674748567807
마포구,연남동,버즈네스트,2,고위험군,37.55844158,126.9206879,192992.2648,450993.37,43.92499916,41.0601219521766,2.8648772078233975,3.8845674748567807
마포구,서교동,홍대PH365,2,고위험군,37.5494618,126.9201872,192947.1776,449996.7589,45.34102475,39.85298606067335,5.48803868932665,3.8845674748567807
마포구,도화동,호유즈,2,고위험군,37.53863059,126.9526778,195817.67,448792.6846,39.04803942,40.09166974831149,-1.0436303283114867,3.8845674748567807
마포구,연남동,케이북9,2,고위험군,37.55841935,126.9195732,192893.7708,450990.9864,49.89052716,40.33584041727465,9.554686742725345,3.8845674748567807
마포구,상암동,비나 하우스,2,고위험군,37.5727038,126.8951944,190741.5054,452578.516,39.31332202,41.20552695728949,-1.8922049372894918,3.8845674748567807
마포구,서교동,블랙 게스트하우스,2,고위험군,37.55264049,126.9291796,193742.0749,450348.9188,40.20432909,43.806356105346495,-3.6020270153464935,3.8845674748567807
마포구,연남동,소울타운,2,고위험군,37.55774055,126.9207379,192996.617,450915.5603,45.32951247,42.90649116804407,2.4230213019559272,3.8845674748567807
마포구,서교동,LK,2,고위험군,37.55331923,126.9251563,193386.6243,450424.5263,33.90050439,39.94900823386111,-6.048503843861106,3.8845674748567807
마포구,동교동,홍대 연트럴파크 게스트하우스,2,고위험군,37.55252296,126.931419,193939.9462,450335.7277,29.11215284,39.94900823386111,-10.836855393861107,3.8845674748567807
마포구,연남동,썬하우스,2,고위험군,37.56233103,126.9229793,193195.0786,451424.8847,39.37215689,39.803603228748216,-0.43144633874821636,3.8845674748567807
마포구,연남동,정 스테이,2,고위험군,37.5609012,126.9167951,192648.5452,451266.6561,37.4506902,39.803603228748216,-2.352913028748219,3.8845674748567807
마포구,망원동,조이 제이 스테이,2,고위험군,37.55703963,126.9053322,191635.332,450839.0258,52.16903,39.75422039682309,12.414809603176913,3.8845674748567807
마포구,연남동,하이네 하우스,2,고위험군,37.55943451,126.917617,192721.0239,451103.8069,48.0387601,39.803603228748216,8.235156871251782,3.8845674748567807
마포구,연남동,단아,2,고위험군,37.55855091,126.9205852,192983.1938,451005.512,34.07992778,42.64311606444336,-8.563188284443363,3.8845674748567807
마포구,성산동,르하임,2,고위험군,37.55820131,126.9057763,191674.6959,450967.9191,41.9732284,39.658198223635324,2.3150301763646794,3.8845674748567807
마포구,염리동,해피스테이,2,고위험군,37.54665102,126.9472241,195336.1688,449683.1114,36.95798464,39.803603228748216,-2.8456185887482164,3.8845674748567807
마포구,공덕동,서울역 홍대 스테이,2,고위험군,37.54777494,126.9623193,196670.1904,449807.2113,42.13939309,39.803603228748216,2.335789861251783,3.8845674748567807
마포구,동교동,킴스 하우스,2,고위험군,37.55467152,126.926876,193538.6982,450574.4948,57.16952384,47.29058924673088,9.878934593269115,3.8845674748567807
마포구,망원동,케이바이브 망원,2,고위험군,37.55561041,126.8986783,191047.2284,450681.0123,46.43444197,39.89962540193597,6.534816568064031,3.8845674748567807
마포구,서교동,드림컴포트,2,고위험군,37.55123658,126.9144736,192442.4554,450194.1822,40.15052946,39.85298606067335,0.2975433993266492,3.8845674748567807
마포구,창전동,더 서울,2,고위험군,37.54602595,126.9277579,193615.8846,449614.8799,41.8471248,39.85298606067335,1.994138739326651,3.8845674748567807
마포구,망원동,소소재101,2,고위험군,37.55842563,126.9017045,191314.9498,450993.1845,46.24829047,39.85298606067335,6.3953044093266485,3.8845674748567807
마포구,서교동,더 홍대 스테이,2,고위험군,37.54905871,126.9194035,192877.8824,449952.0798,36.31743643,39.85298606067335,-3.5355496306733514,3.8845674748567807
마포구,염리동,트리브 공덕,2,고위험군,37.54321482,126.9444601,195091.6938,449301.8755,40.68465747,39.85298606067335,0.8316714093266455,3.8845674748567807
마포구,합정동,리버사이드망원정,2,고위험군,37.54703433,126.9040904,191524.4724,449728.6683,43.97737015,39.803603228748216,4.173766921251783,3.8845674748567807
마포구,망원동,Bridge Stay,2,고위험군,37.55637449,126.9046011,191570.6558,450765.2685,32.33648831,39.85298606067335,-7.516497750673352,3.8845674748567807
마포구,연남동,BS 하우스,2,고위험군,37.56096341,126.925345,193403.9651,451272.9263,46.08248855,40.04503040704887,6.037458142951131,3.8845674748567807
마포구,서교동,팀스테드,2,고위험군,37.55292307,126.9244608,193325.1302,450380.6064,27.83028731,40.09166974831149,-12.26138243831149,3.8845674748567807
마포구,동교동,lan house,2,고위험군,37.55402173,126.9213741,193052.4785,450502.7682,32.70093089,40.38522324919978,-7.68429235919978,3.8845674748567807
마포구,동교동,Your Dream House,2,고위험군,37.55392719,126.928221,193657.477,450491.7914,41.6387081,43.12048343971965,-1.481775339719647,3.8845674748567807
마포구,상수동,다나카 하우스,2,고위험군,37.54557046,126.9217218,193082.42,449564.753,45.51560975,40.76931194195082,4.746297808049185,3.8845674748567807
마포구,성산동,라임하우스,2,고위험군,37.55562326,126.9132446,192334.3112,450681.1509,45.22137371,40.141052580236625,5.080321129763377,3.8845674748567807
마포구,연남동,아이브이 게스트하우스,2,고위험군,37.55973665,126.9229152,193189.1782,451136.9437,49.89031051,39.85298606067335,10.037324449326647,3.8845674748567807
마포구,망원동,카키하우스,2,고위험군,37.55546245,126.9040454,191521.4532,450664.0929,44.51184519,40.76931194195082,3.7425332480491846,3.8845674748567807
마포구,창전동,옐로우버터하우스,2,고위험군,37.54656631,126.9292558,193748.2991,449674.7527,34.8896469,39.94900823386111,-5.059361333861105,3.8845674748567807
마포구,연남동,하모니 하우스,2,고위험군,37.56040988,126.9251068,193382.8748,451211.5078,46.42374973,40.04503040704887,6.378719322951127,3.8845674748567807
마포구,연남동,J-Park Story,2,고위험군,37.56134587,126.9166777,192638.2189,451316.0185,42.63752217,39.803603228748216,2.833918941251781,3.8845674748567807
마포구,망원동,한강파크 하우스,2,고위험군,37.55065592,126.900944,191246.8468,450130.9096,45.77222239,40.09166974831149,5.680552641688514,3.8845674748567807
마포구,노고산동,호스트 헬퍼,2,고위험군,37.55274478,126.9416416,194843.2625,450359.7372,43.19917409,40.141052580236625,3.0581215097633745,3.8845674748567807
마포구,연남동,로즈 하우스,2,고위험군,37.55913957,126.9203554,192962.9475,451070.8635,43.06673644,41.0601219521766,2.0066144878233985,3.8845674748567807
마포구,연남동,반달 하우스,2,고위험군,37.56340684,126.9200373,192935.2445,451544.5041,49.28203739,40.33584041727465,8.946196972725346,3.8845674748567807
마포구,성산동,네스트 인 망원,2,고위험군,37.55686859,126.9078031,191853.6332,450819.8254,42.98541376,40.09166974831149,2.8937440116885114,3.8845674748567807
마포구,망원동,스테이 다담,2,고위험군,37.5534993,126.9069279,191775.9291,450445.9505,50.04610289,40.28920107601203,9.756901813987973,3.8845674748567807
마포구,서교동,Forest House,2,고위험군,37.55002027,126.9134995,192356.2557,450059.2651,41.05480132,40.141052580236625,0.9137487397633777,3.8845674748567807
마포구,서교동,라라 스페이스,2,고위험군,37.54731757,126.9195794,192893.2583,449758.8209,35.69379727,40.28920107601203,-4.59540380601203,3.8845674748567807
마포구,성산동,코너빌리지,2,고위험군,37.5573316,126.9167725,192646.1985,450870.4745,44.58011637,41.20552695728949,3.374589412710506,3.8845674748567807
마포구,상암동,Wilson 202,2,고위험군,37.57485112,126.8945953,190688.8502,452816.903,45.70095891,39.94900823386111,5.75195067613889,3.8845674748567807
마포구,노고산동,SG게스트하우스,2,고위험군,37.55295747,126.9401985,194715.7641,450383.4234,35.09972434,43.861225918596645,-8.761501578596643,3.8845674748567807
마포구,동교동,미성 게스트하우스,2,고위험군,37.55563281,126.9232226,193215.9621,450681.4439,34.94877882,40.38522324919978,-5.436444429199781,3.8845674748567807
마포구,서교동,온가 스테이,2,고위험군,37.55204906,126.9270933,193557.6697,450283.4181,40.01009263,39.94900823386111,0.06108439613889516,3.8845674748567807
마포구,노고산동,써니즈 하우스,2,고위험군,37.55280859,126.9402987,194724.6076,450366.8938,34.9336296,43.806356105346495,-8.872726505346492,3.8845674748567807
마포구,서교동,아몬드 스태이,2,고위험군,37.54579254,126.9189879,192840.8427,449589.6059,41.4441388,40.09166974831149,1.3524690516885087,3.8845674748567807
마포구,동교동,스테이 에스제이,2,고위험군,37.5539854,126.9284308,193676.0211,450498.2379,43.40791434,40.190435412161754,3.2174789278382434,3.8845674748567807
마포구,신수동,다스숀스테 하우스,2,고위험군,37.54488791,126.9369195,194425.4183,449487.9886,37.65904701,40.141052580236625,-2.4820055702366233,3.8845674748567807
마포구,연남동,형석하우스,2,고위험군,37.55872001,126.9254652,193414.3904,451023.927,42.39707974,40.09166974831149,2.3054099916885136,3.8845674748567807
마포구,망원동,머무르다(망원),2,고위험군,37.55598377,126.9031854,191445.5223,450722.0311,36.00082318,40.04503040704887,-4.044207227048872,3.8845674748567807
마포구,연남동,프라임스테이 홍대,2,고위험군,37.55921491,126.9255616,193422.9497,451078.8483,54.20590708,40.04503040704887,14.160876672951133,3.8845674748567807
마포구,서교동,홍하우스,2,고위험군,37.55254107,126.9262422,193482.5024,450338.084,41.94313273,39.94900823386111,1.9941244961388946,3.8845674748567807
마포구,서교동,Hongdae Skylounge,2,고위험군,37.55212731,126.9279492,193633.3072,450292.0446,40.10208773,43.38385854332036,-3.2817708133203567,3.8845674748567807
마포구,동교동,YAB Guest House,2,고위험군,37.55405158,126.925568,193423.0623,450505.7795,42.6760103,40.04503040704887,2.6309798929511317,3.8845674748567807
마포구,연남동,빅베어하우스,2,고위험군,37.5567821,126.9173257,192695.0306,450809.4434,36.00552498,40.81869477387595,-4.81316979387595,3.8845674748567807
마포구,동교동,Hongdae Oasis,2,고위험군,37.55437567,126.9280903,193645.9627,450541.5762,46.74655834,40.28920107601203,6.457357263987973,3.8845674748567807
마포구,동교동,Julie's house,2,고위험군,37.55648743,126.9246229,193339.7737,450776.1964,36.10792699,40.23981824408689,-4.131891254086888,3.8845674748567807
마포구,서교동,코지하우스 인 홍대,2,고위험군,37.55324125,126.9177795,192734.7768,450416.416,28.48931939,41.0601219521766,-12.570802562176603,3.8845674748567807
마포구,합정동,예성 게스트하우스,2,고위험군,37.55025616,126.9079377,191864.8093,450085.9128,43.13862506,40.04503040704887,3.0935946529511327,3.8845674748567807
마포구,서교동,27번가 게스트하우스,2,고위험군,37.55280967,126.9244262,193322.0583,450368.0228,27.49282822,40.09166974831149,-12.598841528311489,3.8845674748567807
마포구,연남동,Yeonnam Happy House,2,고위험군,37.56165586,126.9244795,193327.5569,451349.8412,46.17253273,41.0601219521766,5.112410777823399,3.8845674748567807
마포구,동교동,서울 라이프 홍대,2,고위험군,37.55378905,126.9293483,193757.0784,450476.384,40.84707002,39.85298606067335,0.9940839593266446,3.8845674748567807
마포구,신공덕동,코지 네스트 공덕,2,고위험군,37.54027834,126.9565345,196158.6074,448975.4002,35.03686123,39.803603228748216,-4.766741998748216,3.8845674748567807
마포구,성산동,KOREA HOSUE BNB,2,고위험군,37.55884453,126.9060452,191698.5272,451039.2852,39.980066,39.85298606067335,0.12707993932664863,3.8845674748567807
마포구,염리동,품 스테이,2,고위험군,37.54645444,126.9442747,195075.5232,449661.4438,48.5283536,39.75422039682309,8.774133203176916,3.8845674748567807
마포구,염리동,칠랙스 하우스,2,고위험군,37.54316868,126.9445862,195102.8322,449296.748,40.11990563,39.803603228748216,0.31630240125178233,3.8845674748567807
마포구,서교동,제니하우스,2,고위험군,37.55506177,126.9103997,192082.8734,450619.068,40.57084187,39.85298606067335,0.7178558093266503,3.8845674748567807
마포구,망원동,망원 기니하우스,2,고위험군,37.55502434,126.9010841,191259.7379,450615.7391,46.65046957,39.85298606067335,6.797483509326646,3.8845674748567807
마포구,망원동,영화같은 하루-망원,2,고위험군,37.55295883,126.8990294,191077.9364,450386.6851,37.86978805,39.658198223635324,-1.7884101736353273,3.8845674748567807
마포구,동교동,플러하우스,2,고위험군,37.55263628,126.9304043,193850.2913,450348.3707,37.58009392,40.190435412161754,-2.6103414921617514,3.8845674748567807
마포구,동교동,AT30,2,고위험군,37.55611834,126.9234654,193237.4597,450735.3145,34.6628118,43.59785081499594,-8.935039014995937,3.8845674748567807
마포구,서교동,스테이 한가,2,고위험군,37.5534261,126.9250483,193377.0871,450436.3952,40.43272563,43.913352241184285,-3.4806266111842845,3.8845674748567807
마포구,성산동,Jamie House,2,고위험군,37.56347768,126.9083411,191901.888,451553.31,39.91541201,39.94900823386111,-0.033596223861110275,3.8845674748567807
마포구,합정동,스테이55,2,고위험군,37.54344528,126.9121278,192234.3614,449329.6329,43.05078217,39.94900823386111,3.1017739361388905,3.8845674748567807
마포구,서교동,차차스테이,2,고위험군,37.55316791,126.9271489,193562.6772,450407.5933,32.00569241,40.04503040704887,-8.039337997048868,3.8845674748567807
마포구,연남동,디어민 하우스,2,고위험군,37.558396,126.9239173,193277.593,450988.0753,37.80698495,39.94900823386111,-2.142023283861107,3.8845674748567807
마포구,노고산동,신촌플레이스,2,고위험군,37.55187541,126.941741,194851.9852,450263.242,46.1388943,41.30154913047725,4.837345169522749,3.8845674748567807
마포구,연남동,호핑하우스,2,고위험군,37.56037954,126.9216797,193080.076,451208.3872,48.72299246,44.59922490681113,4.12376755318887,3.8845674748567807
마포구,합정동,Rich Stay,2,고위험군,37.5503173,126.9092701,191982.554,450092.5842,51.98523147,39.94900823386111,12.036223236138895,3.8845674748567807
마포구,대흥동,더 눅 하우스,2,고위험군,37.54697828,126.9432759,194987.2884,449719.6365,49.28266541,40.72267260068819,8.559992809311808,3.8845674748567807
마포구,창전동,레드판다하우스,2,고위험군,37.55143681,126.9305026,193858.879,450215.2375,39.3930126,40.09166974831149,-0.6986571483114901,3.8845674748567807
마포구,서교동,지니 스테이,2,고위험군,37.55222641,126.9284475,193677.3438,450303.0099,36.49869463,39.658198223635324,-3.1595035936353213,3.8845674748567807
마포구,서교동,Saymi stay,2,고위험군,37.55552726,126.9116039,192189.3283,450670.6311,44.512851,39.803603228748216,4.709247771251782,3.8845674748567807
마포구,도화동,두오방즈,2,고위험군,37.53821585,126.9530943,195854.4573,448746.6351,38.41829053,39.75422039682309,-1.3359298668230863,3.8845674748567807
마포구,서교동,오아시스 홍대,2,고위험군,37.55278449,126.9255146,193418.2376,450365.1514,46.84724424,39.85298606067335,6.99425817932665,3.8845674748567807
마포구,동교동,한인빌리지,2,고위험군,37.5546881,126.9283755,193671.1889,450576.2329,35.75328782,39.89962540193597,-4.146337581935974,3.8845674748567807
마포구,공덕동,Angela stay,2,고위험군,37.54589156,126.9594059,196412.6448,449598.286,34.85394187,39.85298606067335,-4.999044190673352,3.8845674748567807
마포구,창전동,선자하우스 1F,2,고위험군,37.55146431,126.9308331,193888.0867,450218.2681,38.98944541,39.85298606067335,-0.8635406506733503,3.8845674748567807
마포구,연남동,스테이 정하집,2,고위험군,37.56324035,126.9167259,192642.6647,451526.2797,36.56319159,39.85298606067335,-3.2897944706733497,3.8845674748567807
마포구,대흥동,Andy's homestay,2,고위험군,37.54175014,126.9395303,194655.9217,449139.5826,35.22429933,39.803603228748216,-4.579303898748215,3.8845674748567807
마포구,망원동,웜업 에이프릴 게스트하우스,2,고위험군,37.55723561,126.9007906,191234.0649,450861.1911,40.86535345,39.803603228748216,1.0617502212517849,3.8845674748567807
마포구,창전동,휴고 하우스,2,고위험군,37.55154622,126.9290652,193731.8762,450227.4756,40.05087582,41.25216629855212,-1.2012904785521172,3.8845674748567807
마포구,서교동,Hongdae Uncle Guesthouse,2,고위험군,37.55116063,126.9172854,192690.9128,450185.5303,35.60230669,43.699359969508706,-8.097053279508707,3.8845674748567807
마포구,연남동,케이글로벌,2,고위험군,37.56157876,126.9189412,192838.231,451341.6916,36.17574086,40.04503040704887,-3.869289547048872,3.8845674748567807
마포구,연남동,앨리스하우스,2,고위험군,37.55859933,126.9207345,192996.3926,451010.8749,37.36048376,41.010739120251465,-3.650255360251464,3.8845674748567807
마포구,서교동,스테이유영,2,고위험군,37.5498263,126.9215876,193070.9536,450037.1099,41.25943248,40.09166974831149,1.1677627316885122,3.8845674748567807
마포구,연남동,스윗스토리,2,고위험군,37.56008275,126.9238696,193273.53,451175.288,34.72818298,43.647233646921066,-8.919050666921066,3.8845674748567807
마포구,동교동,메이플라워,2,고위험군,37.55624657,126.9241101,193294.44,450749.5003,40.94353006,40.09166974831149,0.8518603116885117,3.8845674748567807
마포구,연남동,참새 나비 고양이,2,고위험군,37.55995805,126.9243375,193314.8582,451161.4144,46.59650178,39.99564757512373,6.6008542048762635,3.8845674748567807
마포구,연남동,wave하우스,2,고위험군,37.55862898,126.9245199,193330.8636,451013.8904,40.81165154,39.94900823386111,0.8626433061388923,3.8845674748567807
마포구,노고산동,ICOS,2,고위험군,37.55180929,126.9378652,194509.4982,450256.1228,55.10595235,55.817358225803844,-0.7114058758038411,3.8845674748567807
마포구,서교동,헤이마 게스트하우스2,2,고위험군,37.5524961,126.9260272,193463.5012,450333.1078,35.40981698,39.99564757512373,-4.585830595123731,3.8845674748567807
마포구,염리동,서울큐브이화,2,고위험군,37.55325642,126.9460708,195234.6726,450416.2893,37.46832942,41.39757130366501,-3.929241883665007,3.8845674748567807
마포구,연남동,Roof 23,2,고위험군,37.55949572,126.9243134,193312.6937,451110.103,44.02714961,39.6115588823727,4.415590727627304,3.8845674748567807
마포구,연남동,Plantenor house,2,고위험군,37.55866169,126.9253644,193405.4772,451017.4612,41.91216171,40.09166974831149,1.8204919616885107,3.8845674748567807
마포구,공덕동,올드타운앳홈,2,고위험군,37.54706042,126.9620163,196643.387,449727.919,41.68118927,39.803603228748216,1.8775860412517815,3.8845674748567807
마포구,노고산동,오마이갓 슬라이딩,2,고위험군,37.55198107,126.9396323,194665.6608,450275.0866,45.83201035,43.59785081499594,2.2341595350040606,3.8845674748567807
마포구,성산동,홍대복층 하우스,2,고위험군,37.55678672,126.9152431,192511.0077,450810.12,37.9721697,39.94900823386111,-1.9768385338611054,3.8845674748567807
마포구,성산동,For fly,2,고위험군,37.565058,126.9056416,191663.5573,451728.943,38.62195457,40.190435412161754,-1.5684808421617547,3.8845674748567807
마포구,도화동,스테이 헤리티지 공덕,2,고위험군,37.53850982,126.9516579,195727.5227,448779.3265,39.3105392,40.04503040704887,-0.7344912070488689,3.8845674748567807
마포구,노고산동,다시 마포,2,고위험군,37.55201895,126.9414709,194828.1314,450279.1881,43.2750748,40.23981824408689,3.035256555913108,3.8845674748567807
마포구,상암동,Red rose house,2,고위험군,37.57426445,126.8955872,190776.4039,452751.6915,33.55704714,43.17260976230729,-9.615562622307287,3.8845674748567807
마포구,대흥동,에이비썸머홀리데이,2,고위험군,37.55270279,126.9456482,195197.2994,450354.8645,37.83020159,40.86807760580108,-3.037876015801082,3.8845674748567807
마포구,망원동,Mangwon Smile house,2,고위험군,37.55334342,126.9085146,191916.1212,450428.512,48.19341923,43.754229782758856,4.439189447241148,3.8845674748567807
마포구,서교동,레아 게스트하우스,2,고위험군,37.55230312,126.9299053,193806.1722,450311.4267,40.90027979,43.647233646921066,-2.746953856921067,3.8845674748567807
마포구,공덕동,Ronnie,2,고위험군,37.5459992,126.9595034,196421.2697,449610.229,34.94579542,39.85298606067335,-4.907190640673349,3.8845674748567807
마포구,서교동,서교 451,2,고위험군,37.55383854,126.914809,192472.3583,450482.9418,39.71906593,39.85298606067335,-0.13392013067335284,3.8845674748567807
마포구,창전동,무네미로 아트스테이1,2,고위험군,37.55171685,126.9304696,193855.9842,450246.3207,36.69989863,39.94900823386111,-3.2491096038611076,3.8845674748567807
마포구,서교동,디자인하우스 서교,2,고위험군,37.5517339,126.9165616,192627.0185,450249.213,32.81594983,39.75422039682309,-6.9382705668230855,3.8845674748567807
마포구,동교동,땡스땡스,2,고위험군,37.55257054,126.9309931,193902.3108,450341.036,29.10328138,40.04503040704887,-10.941749027048871,3.8845674748567807
마포구,동교동,엘라 게스트하우스,2,고위험군,37.55350596,126.9295934,193778.7116,450444.9482,36.20418233,40.141052580236625,-3.9368702502366233,3.8845674748567807
마포구,망원동,삼삼스테이,2,고위험군,37.55837261,126.9006307,191220.0725,450987.3996,37.86861638,40.04503040704887,-2.176414027048871,3.8845674748567807
마포구,망원동,STARSTAY,2,고위험군,37.55593921,126.9000395,191167.5453,450717.3764,50.86238231,39.75422039682309,11.108161913176914,3.8845674748567807
마포구,노고산동,영미하우스 노고산,2,고위험군,37.55268466,126.9320462,193995.3755,450353.6342,38.50146524,39.85298606067335,-1.3515208206733504,3.8845674748567807
마포구,염리동,더 하이드아웃 빌라 홍대,2,고위험군,37.54428506,126.945511,195184.6345,449420.6048,35.23067238,41.15614412536436,-5.925471745364355,3.8845674748567807
마포구,연남동,Sunny House,2,고위험군,37.55807066,126.9206644,192990.1537,450952.204,45.6313739,43.754229782758856,1.8771441172411443,3.8845674748567807
마포구,서교동,Terrace stay hongdae,2,고위험군,37.55337789,126.9185228,192800.4726,450431.5242,50.09244412,41.010739120251465,9.081704999748538,3.8845674748567807
마포구,서교동,더원 게스트하우스,2,고위험군,37.5473975,126.9197115,192904.9431,449767.6822,29.75753065,40.04503040704887,-10.28749975704887,3.8845674748567807
마포구,서교동,SH 하우스,2,고위험군,37.5512694,126.9260498,193465.392,450196.9572,37.77233869,39.803603228748216,-2.0312645387482178,3.8845674748567807
마포구,상암동,디엠씨스테이,2,고위험군,37.57488101,126.8947148,190699.4111,452820.2086,53.98215517,47.175362638905575,6.806792531094423,3.8845674748567807
마포구,노고산동,단밤신촌,2,고위험군,37.55204819,126.939707,194672.2672,450282.5319,50.3444453,47.403072363893685,2.941372936106312,3.8845674748567807
마포구,서교동,Ho's stay,2,고위험군,37.55402172,126.9130909,192320.5624,450503.4115,46.04889269,39.99564757512373,6.053245114876269,3.8845674748567807
마포구,염리동,스테이 윤슬,2,고위험군,37.55339312,126.9471322,195328.4701,450431.4081,29.0477934,40.81869477387595,-11.770901373875947,3.8845674748567807
마포구,연남동,누크 하우스,2,고위험군,37.56266461,126.9206175,192986.4386,451462.0818,45.06494896,40.86807760580108,4.196871354198919,3.8845674748567807
마포구,망원동,코지 브릭하우스,2,고위험군,37.55399205,126.9025085,191385.4834,450501.0357,44.46643773,40.81869477387595,3.6477429561240555,3.8845674748567807
마포구,노고산동,가끔_신촌,2,고위험군,37.55255441,126.941224,194806.3497,450338.6314,42.99669741,40.09166974831149,2.9050276616885142,3.8845674748567807
마포구,서교동,다우하우스1,2,고위험군,37.55210193,126.9272554,193571.9963,450289.2749,40.59740689,40.141052580236625,0.4563543097633769,3.8845674748567807
마포구,합정동,달리하우스,2,고위험군,37.54692938,126.9103978,192081.8417,449716.4702,43.71907845,39.75422039682309,3.9648580531769113,3.8845674748567807
마포구,동교동,TOMI HOUSE,2,고위험군,37.55346185,126.9294684,193767.6573,450440.0608,34.96179117,40.04503040704887,-5.083239237048872,3.8845674748567807
마포구,연남동,나무하우스,2,고위험군,37.55914467,126.9241766,193300.5753,451071.1503,46.90616287,39.99564757512373,6.910515294876269,3.8845674748567807
마포구,동교동,HAN 게스트 하우스,2,고위험군,37.55318196,126.9298387,193800.36,450408.9718,31.00845689,40.141052580236625,-9.132595690236624,3.8845674748567807
마포구,연남동,누비다,2,고위험군,37.56060135,126.9168891,192656.8254,451233.369,30.47845124,41.20552695728949,-10.727075717289495,3.8845674748567807
마포구,연남동,미로 게스트하우스,2,고위험군,37.55897993,126.9247803,193353.8975,451052.8233,48.54036757,39.85298606067335,8.687381509326649,3.8845674748567807
마포구,연남동,케이하우스,2,고위험군,37.55679233,126.9186601,192812.9371,450810.4759,47.83008289,41.0601219521766,6.769960937823399,3.8845674748567807
마포구,상암동,어반 블룸 상암,2,고위험군,37.57254352,126.8941844,190652.2632,452560.8268,36.44636334,39.94900823386111,-3.5026448938611097,3.8845674748567807
마포구,동교동,스테이 블루,2,고위험군,37.55239122,126.9315147,193948.3911,450321.0999,27.8700435,39.94900823386111,-12.078964733861106,3.8845674748567807
마포구,연남동,모노크롬하우스(아지트룸),2,고위험군,37.55977646,126.9263265,193490.5844,451141.1205,46.40770382,39.85298606067335,6.55471775932665,3.8845674748567807
마포구,신수동,게스트하우스 하하네,2,고위험군,37.54347927,126.9348039,194238.3526,449331.7742,36.08132211,39.94900823386111,-3.8676861238611053,3.8845674748567807
마포구,창전동,Pareto House,2,고위험군,37.55132252,126.9315346,193950.0631,450202.4858,46.66196119,41.30154913047725,5.360412059522751,3.8845674748567807
마포구,서교동,바이어스 케이걸하우스,2,고위험군,37.55297285,126.917477,192708.0219,450386.6502,39.47005674,41.0601219521766,-1.5900652121766043,3.8845674748567807
마포구,연남동,하우스 에이치,2,고위험군,37.55995523,126.9255947,193425.9455,451161.0128,43.00684048,40.141052580236625,2.865787899763376,3.8845674748567807
마포구,연남동,스테이. 노멀띵스,2,고위험군,37.56329824,126.9163882,192612.8308,451532.7313,46.86121587,40.04503040704887,6.8161854629511325,3.8845674748567807
마포구,서교동,드리미 하우스,2,고위험군,37.55231119,126.9256706,193431.9754,450312.6098,39.91949526,40.04503040704887,-0.12553514704887192,3.8845674748567807
마포구,서교동,클라우스 하우스,2,고위험군,37.55323653,126.9256866,193433.4722,450415.3104,32.03935496,39.99564757512373,-7.956292615123736,3.8845674748567807
마포구,서교동,L3 게스트하우스,2,고위험군,37.55006497,126.9202625,192953.8849,450063.6979,51.60193113,40.86807760580108,10.733853524198913,3.8845674748567807
마포구,연남동,연남정원,2,고위험군,37.56316618,126.9214456,193059.6446,451517.6887,30.18435955,40.09166974831149,-9.907310198311489,3.8845674748567807
마포구,상수동,이유 스테이,2,고위험군,37.54363576,126.9204646,192971.1366,449350.118,40.71538413,47.57591227563165,-6.860528145631655,3.8845674748567807
마포구,합정동,시티 오아시스 합정점,2,고위험군,37.55049963,126.9089465,191953.9784,450112.8483,44.27544126,40.04503040704887,4.230410852951131,3.8845674748567807
마포구,도화동,마포 게스트하우스 해날,2,고위험군,37.53517368,126.9456974,195200.518,448409.3433,39.88295072,39.94900823386111,-0.0660575138611108,3.8845674748567807
마포구,연남동,알마수아베,2,고위험군,37.56215485,126.9185399,192802.826,451405.6615,42.52565753,40.190435412161754,2.335222117838242,3.8845674748567807
마포구,서교동,Room Plus,2,고위험군,37.552834,126.9105654,192097.283,450371.7981,39.37700032,40.96409977898884,-1.5870994589888383,3.8845674748567807
마포구,공덕동,만리 848,2,고위험군,37.54499923,126.9583167,196316.3504,449499.2903,48.40182231,51.54299977361734,-3.141177463617339,3.8845674748567807
마포구,대흥동,블루버드 한옥,2,고위험군,37.54561751,126.9420925,194882.6165,449568.6712,62.68819811,52.84341434764584,9.844783762354162,3.8845674748567807
마포구,노고산동,블루브릭스 신촌,2,고위험군,37.55307725,126.9402458,194719.9468,450396.7148,33.35682011,43.0656136264695,-9.708793516469498,3.8845674748567807
마포구,연남동,연남동끝집,2,고위험군,37.56393924,126.9177254,192731.0375,451603.7705,47.51013097,40.33584041727465,7.1742905527253455,3.8845674748567807
마포구,염리동,제이앤디,2,고위험군,37.55201392,126.9463939,195263.1466,450278.3704,35.20943773,40.38522324919978,-5.175785519199785,3.8845674748567807
마포구,노고산동,시리,2,고위험군,37.54964322,126.9350603,194261.4781,450015.8825,34.3542585,40.09166974831149,-5.7374112483114885,3.8845674748567807
마포구,합정동,서울의 밤,2,고위험군,37.54709924,126.9061599,191707.3577,449735.6879,43.46998454,40.09166974831149,3.37831479168851,3.8845674748567807
마포구,망원동,망원 담다,2,고위험군,37.55240858,126.9068095,191765.3487,450324.9039,53.06451095,43.754229782758856,9.310281167241143,3.8845674748567807
마포구,노고산동,신촌유랑,2,고위험군,37.55126633,126.9374105,194469.2779,450195.8874,30.30031157,40.28920107601203,-9.988889506012026,3.8845674748567807
마포구,서교동,더포레스트,2,고위험군,37.5519298,126.9275169,193595.0888,450270.1527,39.97135378,39.99564757512373,-0.02429379512373231,3.8845674748567807
마포구,염리동,특별한 하루 스테이,2,고위험군,37.54662147,126.9475022,195360.7445,449679.818,29.04193529,39.803603228748216,-10.761667938748214,3.8845674748567807
마포구,대흥동,피노 스테이,2,고위험군,37.54922039,126.9434657,195004.2115,449968.4736,35.60229471,39.89962540193597,-4.297330691935969,3.8845674748567807
마포구,상수동,Amy's sweet home,2,고위험군,37.54315186,126.9209982,193018.2549,449296.3712,49.37572917,43.965478563771924,5.410250606228075,3.8845674748567807
마포구,동교동,Jin's House,2,고위험군,37.55467349,126.9281632,193652.4286,450574.6257,33.84543157,40.141052580236625,-6.295621010236623,3.8845674748567807
마포구,대흥동,D.1881,2,고위험군,37.55119125,126.9436133,195017.3822,450187.2076,42.93021176,40.141052580236625,2.7891591797633737,3.8845674748567807
마포구,서교동,가자하우스,2,고위험군,37.55041295,126.9146111,192454.5244,450102.7581,37.02913524,39.75422039682309,-2.7250851568230843,3.8845674748567807
마포구,망원동,Jolly house,2,고위험군,37.55223742,126.9016061,191305.5348,450306.3757,37.13179658,39.89962540193597,-2.7678288219359715,3.8845674748567807
마포구,신수동,스테이 헤리티지 경의선숲길,2,고위험군,37.54391637,126.9390634,194614.8094,449380.0345,35.95046545,40.04503040704887,-4.094564957048867,3.8845674748567807
마포구,연남동,진 하우스,2,고위험군,37.56088256,126.9169292,192660.3969,451264.5768,36.33522867,41.25216629855212,-4.91693762855212,3.8845674748567807
마포구,연남동,시스앤브로 하우스,2,고위험군,37.55834816,126.9215695,193070.1477,450982.9361,48.9170731,40.86807760580108,8.04899549419892,3.8845674748567807
마포구,신공덕동,효공 하우스,2,고위험군,37.54183019,126.9563319,196140.7865,449147.6449,38.24298657,40.141052580236625,-1.8980660102366258,3.8845674748567807
마포구,대흥동,휘진 서강,2,고위험군,37.55007405,126.9443051,195078.4397,450063.1754,33.12758394,40.09166974831149,-6.964085808311488,3.8845674748567807
마포구,망원동,STUDIO ARCH,2,고위험군,37.55331557,126.903343,191459.145,450425.8783,43.26717579,39.99564757512373,3.2715282148762697,3.8845674748567807
마포구,합정동,MJ house 102,2,고위험군,37.54949733,126.9091197,191969.1723,450001.5902,51.36775224,39.94900823386111,11.418744006138894,3.8845674748567807
마포구,연남동,유일,2,고위험군,37.55896284,126.9243086,193312.2238,451050.9599,46.52101063,40.09166974831149,6.4293408816885105,3.8845674748567807
마포구,성산동,솔루나 하우스,2,고위험군,37.55707604,126.9171992,192683.8802,450842.0771,41.37424595,40.190435412161754,1.183810537838248,3.8845674748567807
마포구,서교동,게스 하우스,2,고위험군,37.55373445,126.9265509,193509.8863,450470.5136,33.64194634,40.04503040704887,-6.403084067048873,3.8845674748567807
마포구,상수동,와우 하우스,2,고위험군,37.5444683,126.9215004,193062.7559,449442.4429,44.75259797,39.94900823386111,4.803589736138889,3.8845674748567807
마포구,성산동,Wish Stay,2,고위험군,37.56294553,126.905378,191640.0317,451494.507,47.89912384,39.89962540193597,7.99949843806403,3.8845674748567807
마포구,동교동,JJ하우스1,2,고위험군,37.55476769,126.9266497,193518.706,450585.1841,46.99570763,39.89962540193597,7.096082228064027,3.8845674748567807
마포구,도화동,도화스테이,2,고위험군,37.538969,126.9515232,195715.6451,448830.296,34.4013166,40.09166974831149,-5.6903531483114875,3.8845674748567807
마포구,연남동,아띠연남,2,고위험군,37.55937861,126.9195008,192887.4632,451097.4584,51.96116342,40.86807760580108,11.093085814198915,3.8845674748567807
마포구,성산동,해법하우스,2,고위험군,37.55891793,126.9067295,191758.9965,451047.3715,34.52397117,40.04503040704887,-5.521059237048867,3.8845674748567807
마포구,창전동,258 Inn,2,고위험군,37.55054835,126.926845,193535.5993,450116.8743,38.54095663,40.141052580236625,-1.6000959502366285,3.8845674748567807
마포구,연남동,까사드 연남,2,고위험군,37.56204924,126.9249103,193365.6568,451393.4713,43.64437207,39.99564757512373,3.6487244948762694,3.8845674748567807
마포구,동교동,헤이스테이,2,고위험군,37.55553867,126.9239535,193280.5411,450670.943,36.68380238,39.803603228748216,-3.1198008487482127,3.8845674748567807
마포구,동교동,YOUNGSTAY1,2,고위험군,37.55465323,126.9198855,192921.0056,450572.9683,42.29732735,39.89962540193597,2.3977019480640323,3.8845674748567807
마포구,대흥동,제로워터 스테이,2,고위험군,37.54443198,126.9395048,194653.8517,449437.2357,43.98004607,40.86807760580108,3.1119684641989167,3.8845674748567807
마포구,동교동,Stay U,2,고위험군,37.55236083,126.9309933,193902.3158,450317.7607,33.8457349,40.04503040704887,-6.199295507048873,3.8845674748567807
마포구,대흥동,이화당,2,고위험군,37.55330268,126.9455243,195186.3881,450421.4515,49.45115055,41.0601219521766,8.3910285978234,3.8845674748567807
마포구,성산동,이지멘션1,2,고위험군,37.56333218,126.9159332,192572.6372,451536.5341,42.68117533,39.94900823386111,2.7321670961388946,3.8845674748567807
마포구,서교동,GLOW 스테이,2,고위험군,37.55372671,126.9267583,193528.2093,450469.6402,34.31060724,39.99564757512373,-5.68504033512373,3.8845674748567807
마포구,성산동,아우라 스페이스,2,고위험군,37.55736614,126.9163762,192611.1892,450874.3391,34.60517923,39.89962540193597,-5.294446171935974,3.8845674748567807
마포구,도화동,스테이 차,2,고위험군,37.53837671,126.9529927,195845.4894,448764.4931,38.61206267,39.89962540193597,-1.2875627319359708,3.8845674748567807
마포구,서교동,Stay CarpeDiem hongdae,2,고위험군,37.55043322,126.9194563,192882.6807,450104.63,37.14974149,39.89962540193597,-2.7498839119359744,3.8845674748567807
마포구,합정동,King kong dae 7,2,고위험군,37.54530952,126.9130474,192315.8226,449536.4654,40.30855032,40.190435412161754,0.11811490783824752,3.8845674748567807
마포구,연남동,seven house,2,고위험군,37.55805741,126.9208619,193007.6029,450950.7187,42.02518054,39.94900823386111,2.0761723061388935,3.8845674748567807
마포구,서교동,Sunny Guest House,2,고위험군,37.55341385,126.9262345,193481.898,450434.9527,31.84622005,40.09166974831149,-8.24544969831149,3.8845674748567807
마포구,신수동,벙커.K,2,고위험군,37.54651932,126.9374656,194473.7999,449669.0232,39.0713025,39.89962540193597,-0.8283229019359695,3.8845674748567807
마포구,성산동,얼바닉 스테이,2,고위험군,37.55595572,126.9125404,192272.1155,450718.1077,44.14828235,43.59785081499594,0.5504315350040656,3.8845674748567807
마포구,공덕동,연스테이,2,고위험군,37.54663144,126.960726,196529.3434,449680.3542,35.40161129,39.803603228748216,-4.401991938748218,3.8845674748567807
강서구,공항동,Stay Serendipity,2,고위험군,37.5558778,126.812004,183388.7562,450722.4754,38.70807354,39.803603228748216,-1.0955296887482149,3.8845674748567807
강서구,화곡동,더 화곡 스테이(The Hwagok Stay),2,고위험군,37.54281466,126.8411661,185963.0612,449267.8689,42.30082087,40.04503040704887,2.2557904629511327,3.8845674748567807
강서구,공항동,고요하우스 공항동,2,고위험군,37.55668286,126.811193,183317.2751,450811.9712,40.96576469,39.89962540193597,1.0661392880640292,3.8845674748567807
강서구,방화동,에어포트 게스트하우스,2,고위험군,37.56569175,126.8146216,183622.1973,451811.25,46.37037626,40.190435412161754,6.179940847838246,3.8845674748567807
강서구,공항동,에어포트 스테이 서울,2,고위험군,37.5553479,126.8127287,183452.6732,450663.5349,32.94273602,39.99564757512373,-7.052911555123735,3.8845674748567807
강서구,등촌동,히트코지,2,고위험군,37.55293291,126.8538363,187084.5327,450389.0575,36.96115345,40.673289768763055,-3.712136318763058,3.8845674748567807
강서구,방화동,방화별채,2,고위험군,37.56298643,126.8102025,183231.1695,451511.7702,52.13033126,40.76931194195082,11.36101931804918,3.8845674748567807
강서구,공항동,두리현스테이,2,고위험군,37.55696025,126.8113822,183334.0552,450842.7247,40.89549984,40.43186259046241,0.4636372495375909,3.8845674748567807
강서구,화곡동,Lia Stay,2,고위험군,37.53195541,126.8478241,186549.5135,448061.651,48.20831224,40.09166974831149,8.11664249168851,3.8845674748567807
강서구,등촌동,온에어하우스,2,고위험군,37.55325852,126.855813,187259.2562,450424.9266,41.15507488,40.38522324919978,0.7698516308002183,3.8845674748567807
강서구,화곡동,서울하우스,2,고위험군,37.53796787,126.8389054,185762.3458,448730.2737,41.19970637,39.85298606067335,1.346720309326649,3.8845674748567807
강서구,화곡동,에스더스테이,2,고위험군,37.52807793,126.8372725,185616.1323,447632.8597,25.50512768,39.89962540193597,-14.39449772193597,3.8845674748567807
강서구,공항동,미미하우스(MIMI HOUSE),2,고위험군,37.55692417,126.812028,183391.1108,450838.6059,34.27807093,39.89962540193597,-5.621554471935973,3.8845674748567807
강서구,가양동,스테이240,2,고위험군,37.56917783,126.8384051,185724.0879,452194.2856,39.81652208,40.23981824408689,-0.4232961640868922,3.8845674748567807
강서구,개화동,Angel B&B,2,고위험군,37.5840424,126.8015852,182474.7534,453850.3151,41.56692354,40.5772675955753,0.9896559444246975,3.8845674748567807
강서구,화곡동,스테이 화곡,2,고위험군,37.5393807,126.837677,185654.0531,448887.2674,39.03391647,40.91471694706371,-1.8808004770637083,3.8845674748567807
강서구,등촌동,Birdhouse,2,고위험군,37.55276631,126.8564116,187312.0685,450370.2161,43.76732556,41.348188471739874,2.419137088260129,3.8845674748567807
강서구,화곡동,정 스테이,2,고위험군,37.53343959,126.8481081,186574.8808,448226.3362,40.25969153,39.99564757512373,0.2640439548762643,3.8845674748567807
강서구,화곡동,Pum Stay,2,고위험군,37.54256084,126.8417232,186012.2422,449239.6149,40.39092826,40.190435412161754,0.20049284783824817,3.8845674748567807
강서구,공항동,홈스윗홈,2,고위험군,37.55791795,126.8113696,183333.1579,450949.0204,45.94521646,40.62665042750044,5.318566032499561,3.8845674748567807
강서구,공항동,안식,2,고위험군,37.5576118,126.8123732,183421.7627,450914.8639,34.23209806,40.141052580236625,-5.908954520236627,3.8845674748567807
강서구,화곡동,KELLY' GUEST HOUSE,2,고위험군,37.530948,126.841087,185953.8416,447950.8257,43.92501794,40.141052580236625,3.7839653597633713,3.8845674748567807
강서구,화곡동,모먼트 스테이,2,고위험군,37.53545237,126.841662,186005.5052,448450.67,49.23561435,39.99564757512373,9.239966774876265,3.8845674748567807
강서구,개화동,리버사이드,2,고위험군,37.57626056,126.8004967,182376.7804,452986.8222,39.79417341,40.43186259046241,-0.6376891804624094,3.8845674748567807
강서구,방화동,오투게스트하우스,2,고위험군,37.56993891,126.8097568,183193.3516,452283.4947,44.92352438,39.803603228748216,5.119921151251788,3.8845674748567807
강서구,방화동,언니네,2,고위험군,37.56430943,126.810525,183259.9588,451658.5503,53.4331234,40.81869477387595,12.614428626124052,3.8845674748567807
강서구,개화동,RnR House,2,고위험군,37.57692174,126.7997887,182314.3952,453060.3388,40.28438398,40.43186259046241,-0.1474786104624073,3.8845674748567807
강서구,내발산동,구름닮은집,2,고위험군,37.55446676,126.8409309,185944.4591,450561.148,35.41425836,43.861225918596645,-8.446967558596647,3.8845674748567807
강서구,방화동,수스테이(SUE STAY),2,고위험군,37.56444657,126.8142687,183590.7479,451673.111,41.63647045,40.33584041727465,1.3006300327253442,3.8845674748567807
강서구,내발산동,올래마곡,2,고위험군,37.55157537,126.837037,185599.8346,450240.8274,42.20122337,44.22885366737263,-2.0276302973726317,3.8845674748567807
마포구,도화동,스테이 결,2,고위험군,37.53886159,126.9518765,195746.8652,448818.3587,41.34726744,40.190435412161754,1.1568320278382487,3.8845674748567807
영등포구,신길동,Lodge 82,2,고위험군,37.51177423,126.920266,192950.5923,445813.8985,33.00413465,40.673289768763055,-7.669155118763058,3.8845674748567807
영등포구,신길동,도담스테이,2,고위험군,37.49699241,126.9105582,192090.7519,444174.0779,38.20445786,39.94900823386111,-1.7445503738611094,3.8845674748567807
영등포구,(당산동,성심행,2,고위험군,37.52664465,126.8968678,190883.726,447466.3386,47.77962178,43.861225918596645,3.9183958614033543,3.8845674748567807
영등포구,신길동,쿠쉬 스테이,2,고위험군,37.50595821,126.9204002,192961.9146,445168.3845,41.21990518,40.673289768763055,0.5466154112369424,3.8845674748567807
영등포구,신길동,쉼길,2,고위험군,37.51229516,126.9154204,192522.2406,445872.0892,34.37966223,39.94900823386111,-5.5693460038611065,3.8845674748567807
영등포구,(당산동,YDP STAY,2,고위험군,37.52275078,126.8965546,190855.5684,447034.1979,49.86784946,40.04503040704887,9.822819052951132,3.8845674748567807
영등포구,신길동,유어진,2,고위험군,37.49661929,126.9112242,192149.6057,444132.6107,42.80914056,41.010739120251465,1.7984014397485382,3.8845674748567807
영등포구,(당산동,호미 그라운드,2,고위험군,37.51946405,126.8961264,190817.3168,446669.4537,50.52703275,53.153428792509175,-2.626396042509178,3.8845674748567807
영등포구,(당산동,오롯이휴 당산,2,고위험군,37.53063018,126.9002011,191178.8437,447908.3653,47.24146988,39.85298606067335,7.388483819326645,3.8845674748567807
영등포구,(당산동,당산재,2,고위험군,37.51991684,126.8959242,190799.4983,446719.7275,37.74280528,43.806356105346495,-6.063550825346496,3.8845674748567807
영등포구,(당산동,서울우드 포근채,2,고위험군,37.53343206,126.8993204,191101.3276,448219.4224,40.1057513,40.09166974831149,0.014081551688512661,3.8845674748567807
영등포구,(당산동,사계절 하우스,2,고위험군,37.53082118,126.9002179,191180.3475,447929.5623,46.86007493,39.803603228748216,7.0564717012517875,3.8845674748567807
영등포구,(양평동,스테이 공간,2,고위험군,37.52221346,126.8831171,189667.6383,446975.9532,44.46920524,39.89962540193597,4.56957983806403,3.8845674748567807
영등포구,영등포동,미케하우스,2,고위험군,37.51093449,126.9051604,191614.9918,445721.9369,41.62185705,39.89962540193597,1.7222316480640316,3.8845674748567807
영등포구,대림동,대림 코지아,2,고위험군,37.48906457,126.9010728,191251.0453,443295.0305,45.09917149,47.69388237411947,-2.594710884119465,3.8845674748567807
영등포구,영등포동,아라 하우스,2,고위험군,37.51010354,126.9086407,191922.5984,445629.4076,42.50071648,39.94900823386111,2.551708246138894,3.8845674748567807
영등포구,도림동,체리티,2,고위험군,37.50578482,126.8980199,190983.0579,445151.0495,48.49470685,39.99564757512373,8.499059274876267,3.8845674748567807
영등포구,(양평동,모먼트 서울(Moment Seoul),2,고위험군,37.53489754,126.8955869,190771.5207,448382.4325,42.58498872,40.04503040704887,2.5399583129511285,3.8845674748567807
영등포구,(당산동,홍만스 홈,2,고위험군,37.52998346,126.9049903,191602.0827,447836.1489,46.47215553,39.94900823386111,6.5231472961388945,3.8845674748567807
영등포구,선유동,킴스하우스,2,고위험군,37.52002909,126.891214,190383.1155,446732.6569,46.71579288,39.94900823386111,6.766784646138895,3.8845674748567807
영등포구,영등포동,더서울하우스,2,고위험군,37.50998471,126.9077669,191845.3288,445616.2944,51.88725801,41.25216629855212,10.635091711447878,3.8845674748567807
영등포구,도림동,메종 블랑 서울(Maison Blanc Seoul),2,고위험군,37.50597544,126.9034001,191458.7871,445171.704,42.4258648,40.04503040704887,2.3808343929511295,3.8845674748567807
영등포구,신길동,봄봄스테이 여의도,2,고위험군,37.51154539,126.9193447,192869.1178,445788.5696,35.02175486,38.88453385680824,-3.862778996808238,3.8845674748567807
영등포구,신길동,스카이 게스트하우스,2,고위험군,37.51029604,126.911694,192192.5698,445650.5149,37.28912856,40.38522324919978,-3.0960946891997807,3.8845674748567807
영등포구,신길동,ynny stay,2,고위험군,37.51236004,126.9220482,193108.2141,445878.7839,38.52530387,43.435984865908004,-4.9106809959080024,3.8845674748567807
영등포구,신길동,stay 올랑올랑,2,고위험군,37.50278421,126.9070884,191784.5511,444817.1901,33.68663409,40.141052580236625,-6.454418490236627,3.8845674748567807
영등포구,신길동,다니숲 스테이,2,고위험군,37.51225752,126.9197781,192907.5029,445867.5742,37.34635763,40.04503040704887,-2.69867277704887,3.8845674748567807
영등포구,대림동,cozy(코지),2,고위험군,37.48651284,126.9033811,191454.8969,443011.61,30.14552464,39.803603228748216,-9.658078588748214,3.8845674748567807
서초구,방배동,로뎀,2,고위험군,37.47311165,126.9939049,199460.8405,441519.8895,42.53685784,40.141052580236625,2.395805259763378,3.8845674748567807
서초구,양재동,스타인 서울,2,고위험군,37.47099934,127.0393091,203477.2677,441286.1598,40.49430504,39.85298606067335,0.6413189793266483,3.8845674748567807
서초구,방배동,메종 방배,2,고위험군,37.47918098,126.9944381,199508.0482,442193.5008,44.76892989,40.48124542238754,4.287684467612465,3.8845674748567807
서초구,방배동,헤이븐스테이,2,고위험군,37.47813135,126.9917024,199266.0706,442077.0237,31.07035996,40.43186259046241,-9.361502630462407,3.8845674748567807
서초구,방배동,몰리앤코,2,고위험군,37.48111882,126.9856629,198731.9191,442408.6572,43.50981684,40.72267260068819,2.7871442393118073,3.8845674748567807
서초구,서초동,Salt House,2,고위험군,37.48652635,127.0091831,200812.162,443008.7643,35.34500216,40.23981824408689,-4.894816084086891,3.8845674748567807
서초구,방배동,스마일 방배 도미토리,2,고위험군,37.47958025,126.9849707,198670.6612,442237.906,39.83739803,39.99564757512373,-0.15824954512373068,3.8845674748567807
강남구,논현동,창범하우스,2,고위험군,37.51523852,127.0361143,203192.7713,446196.0166,40.24369844,39.85298606067335,0.3907123793266507,3.8845674748567807
강남구,삼성동,하우스강남,2,고위험군,37.50772316,127.0520013,204597.7672,445362.5651,38.27301602,39.85298606067335,-1.5799700406733521,3.8845674748567807
강남구,논현동,윌라,2,고위험군,37.51586899,127.0285267,202521.9478,446265.7604,40.85677421,39.803603228748216,1.0531709812517818,3.8845674748567807
강남구,일원동,덕스하우스,2,고위험군,37.49144409,127.0811592,207177.3612,443557.623,34.16721499,40.190435412161754,-6.0232204221617565,3.8845674748567807
강남구,도곡동,행복스테이,2,고위험군,37.48370802,127.0376268,203327.892,442696.5924,54.74004564,40.04503040704887,14.695015232951128,3.8845674748567807
강남구,신사동,모레하우스,2,고위험군,37.522993,127.0342439,203027.1069,447056.6044,37.11332408,39.803603228748216,-2.6902791487482176,3.8845674748567807
강남구,청담동,헥사 스테이 청담,2,고위험군,37.51835146,127.0452273,203998.2635,446541.8619,40.03371983,39.85298606067335,0.18073376932665042,3.8845674748567807
강남구,삼성동,삼성 코지 스테이,2,고위험군,37.50946391,127.0472064,204173.7201,445555.5426,42.1883103,39.803603228748216,2.384707071251782,3.8845674748567807
강남구,일원동,제이스테이,2,고위험군,37.49133577,127.0817413,207228.8456,443545.6455,36.69268663,40.23981824408689,-3.5471316140868936,3.8845674748567807
강남구,대치동,티토스테이,2,고위험군,37.50350866,127.0614358,205432.2296,444895.3125,37.05847242,40.28920107601203,-3.230728656012026,3.8845674748567807
강남구,삼성동,코엑스 케이 레지던스,2,고위험군,37.50890835,127.0547953,204844.7259,445494.2462,41.95237416,40.04503040704887,1.9073437529511281,3.8845674748567807
강남구,역삼동,더코지코너,2,고위험군,37.50277492,127.0317927,202811.1796,444812.5785,43.78532518,40.48124542238754,3.304079757612463,3.8845674748567807
강남구,역삼동,브릭맨션,2,고위험군,37.50081487,127.0322786,202854.2221,444595.0529,46.4170308,40.141052580236625,6.275978219763374,3.8845674748567807
강남구,논현동,나비잠,2,고위험군,37.51634947,127.0309866,202739.4064,446319.1563,49.50786383,40.28920107601203,9.21866275398797,3.8845674748567807
강남구,논현동,어반 팀버 강남,2,고위험군,37.50388033,127.025777,202279.2256,444935.1021,37.18581033,39.94900823386111,-2.763197903861105,3.8845674748567807
강남구,역삼동,까사 도로,2,고위험군,37.50091623,127.0289478,202559.6882,444606.2068,36.3444898,39.99564757512373,-3.6511577751237354,3.8845674748567807
강남구,삼성동,한캄,2,고위험군,37.51053483,127.0486236,204298.9594,445674.4648,38.47315445,39.803603228748216,-1.330448778748213,3.8845674748567807
강남구,신사동,강남 신사동 가로수길,2,고위험군,37.51850406,127.0195112,201724.858,446558.0164,42.90510041,39.803603228748216,3.101497181251787,3.8845674748567807
강남구,역삼동,스윗모먼츠,2,고위험군,37.49447966,127.0437116,203865.504,443892.3351,43.54671976,39.94900823386111,3.5977115261388946,3.8845674748567807
강남구,청담동,청담57스테이,2,고위험군,37.52073304,127.0507659,204487.7586,446806.4371,30.69111231,40.28920107601203,-9.598088766012026,3.8845674748567807
송파구,오금동,오금 스테이,2,고위험군,37.50404851,127.1327622,211738.9254,444961.7359,44.10693099,40.141052580236625,3.965878409763377,3.8845674748567807
강남구,삼성동,루미 그레이프 하우스,2,고위험군,37.51114725,127.0484335,204282.1198,445742.427,38.47774207,39.99564757512373,-1.5179055051237356,3.8845674748567807
강남구,역삼동,역삼동 제인,2,고위험군,37.49436382,127.0368915,203262.3952,443879.2202,38.50857477,40.23981824408689,-1.731243474086888,3.8845674748567807
강남구,일원동,정게스트하우스,2,고위험군,37.49113755,127.0837889,207409.9452,443523.8048,45.07546803,40.28920107601203,4.786266953987976,3.8845674748567807
강남구,일원동,예본의집,2,고위험군,37.49213551,127.0840129,207429.6586,443634.583,45.26935586,40.28920107601203,4.98015478398797,3.8845674748567807
강남구,청담동,청담 게스트하우스,2,고위험군,37.52296261,127.0493685,204364.0963,447053.8257,36.05178379,40.04503040704887,-3.993246617048868,3.8845674748567807
강남구,역삼동,빅 존스 플레이스,2,고위험군,37.50131644,127.0265212,202345.1077,444650.5617,39.26144409,40.91471694706371,-1.6532728570637119,3.8845674748567807
강남구,신사동,게스트하우스강남(guesthousegangnam),2,고위험군,37.5232255,127.0299232,202645.1508,447082.2787,34.87364058,40.38522324919978,-5.5115826691997825,3.8845674748567807
강남구,역삼동,24게스트하우스 강남센터,2,고위험군,37.50115056,127.0325881,202881.5713,444632.3196,48.26607828,40.43186259046241,7.834215689537594,3.8845674748567807
강남구,역삼동,강남스테이힐(Gangnam Stay Hill),2,고위험군,37.5006903,127.029349,202595.171,444581.1425,48.09380009,40.33584041727465,7.757959672725349,3.8845674748567807
강남구,신사동,제나스위트 강남,2,고위험군,37.52131098,127.023355,202064.5848,446869.6266,42.07256495,39.75422039682309,2.318344553176914,3.8845674748567807
송파구,석촌동,레이크 게스트하우스,2,고위험군,37.50065453,127.0990526,208758.6984,444581.3768,41.9795038,39.803603228748216,2.1759005712517876,3.8845674748567807
송파구,방이동,석촌별채,2,고위험군,37.50887846,127.1093053,209664.2223,445495.1311,56.52533671,40.38522324919978,16.140113460800215,3.8845674748567807
송파구,잠실동,K 하우스,2,고위험군,37.50598335,127.0845234,207473.4208,445171.5543,35.07548487,40.141052580236625,-5.065567710236628,3.8845674748567807
송파구,방이동,잠시스테이,2,고위험군,37.51120635,127.1081822,209564.629,445753.3826,37.22088099,40.190435412161754,-2.9695544221617567,3.8845674748567807
송파구,석촌동,단감나무 집,2,고위험군,37.49898095,127.1041456,209209.2509,444396.1172,39.04435232,40.48124542238754,-1.4368931023875362,3.8845674748567807
송파구,송파동,레몬트리 스테이,2,고위험군,37.50014312,127.1141555,210094.2297,444526.1296,41.96043825,40.28920107601203,1.6712371739879757,3.8845674748567807
송파구,방이동,어반스테이 송파(Urban Stay_Songpa),2,고위험군,37.50564537,127.1182985,210459.8135,445137.261,48.6514544,40.28920107601203,8.362253323987971,3.8845674748567807
송파구,석촌동,쁘띠또뗄,2,고위험군,37.49948276,127.1064924,209416.7033,444452.0439,36.55994148,40.527884763650164,-3.9679432836501647,3.8845674748567807
송파구,송파동,송파 스테이 110,2,고위험군,37.50222686,127.1114045,209850.6997,444757.1064,37.64199513,40.28920107601203,-2.647205946012029,3.8845674748567807
송파구,잠실동,캄스테이 서울,2,고위험군,37.50558119,127.0852996,207542.0917,445126.9816,34.62693744,40.141052580236625,-5.514115140236626,3.8845674748567807
송파구,삼전동,잠실 코지 비앤비,2,고위험군,37.50154392,127.091329,208075.6447,444679.3969,38.54799411,39.85298606067335,-1.3049919506733545,3.8845674748567807
송파구,삼전동,Tina`s Homestay,2,고위험군,37.50300268,127.0954957,208443.9117,444841.6661,48.69625644,40.04503040704887,8.65122603295113,3.8845674748567807
송파구,삼전동,오잉 잠실,2,고위험군,37.49628202,127.092644,208192.4922,444095.5078,45.49628768,40.190435412161754,5.305852267838247,3.8845674748567807
송파구,풍납동,잠실웰컴하우스,2,고위험군,37.53172743,127.1117037,209873.2719,448031.3296,47.2007468,40.09166974831149,7.109077051688509,3.8845674748567807
송파구,송파동,잠실 석촌역 게스트하우스,2,고위험군,37.50240178,127.1076416,209517.9493,444776.133,48.25574448,47.348202550643535,0.9075419293564622,3.8845674748567807
송파구,석촌동,JJ HOUSE,2,고위험군,37.49758924,127.0973088,208604.8471,444241.0084,50.46928426,39.94900823386111,10.520276026138895,3.8845674748567807
송파구,잠실동,잠실앤스테이,2,고위험군,37.50209675,127.0778946,206887.6717,444739.6859,46.58351461,40.141052580236625,6.442462029763377,3.8845674748567807
강남구,신사동,루비루 하우스,2,고위험군,37.51964228,127.0294846,202606.5014,446684.574,49.9014678,40.673289768763055,9.228178031236943,3.8845674748567807
강남구,논현동,스테이 179 여성 전용 쉐어하우스,2,고위험군,37.50502069,127.0288121,202547.5548,445061.7452,48.44182146,40.190435412161754,8.251386047838245,3.8845674748567807
강남구,신사동,포레 빌리지 하우스 1,2,고위험군,37.51870888,127.0245927,202174.0733,446580.8541,48.96774909,39.85298606067335,9.114763029326646,3.8845674748567807
강남구,역삼동,서울미담2,2,고위험군,37.4999404,127.0280827,202483.2255,444497.8791,44.27268154,40.43186259046241,3.840818949537592,3.8845674748567807
마포구,동교동,사랑방,2,고위험군,37.55220139,126.9317312,193967.503,450300.0172,33.49700865,39.94900823386111,-6.4519995838611095,3.8845674748567807
마포구,창전동,스테이 홍대,2,고위험군,37.54957786,126.9255049,193417.0985,450009.2545,42.92247476,39.99564757512373,2.9268271848762666,3.8845674748567807
마포구,연남동,ELVA75,2,고위험군,37.55814763,126.9195089,192888.0566,450960.8336,40.88937711,41.0601219521766,-0.17074484217660313,3.8845674748567807
중구,신당동,신당 스테이,2,고위험군,37.56007766,127.02172,201919.0591,451172.2207,35.48445507,40.04503040704887,-4.560575337048867,3.8845674748567807
성동구,행당동,성동 와이에스 하우스(YS House),2,고위험군,37.5563301,127.0295944,202614.9318,450756.4759,43.22246771,39.89962540193597,3.3228423080640255,3.8845674748567807
송파구,석촌동,하우슬로우,2,고위험군,37.49913876,127.1027543,209086.2038,444413.4969,36.8252771,40.04503040704887,-3.219753307048869,3.8845674748567807
종로구,창신동,Seoul Wall Loft(서울 월 로프트),2,고위험군,37.57488194,127.0109059,200963.3952,452815.1568,45.25370906,40.81869477387595,4.435014286124051,3.8845674748567807
종로구,창신동,스테이노을,2,고위험군,37.57361404,127.0108255,200956.31,452674.4338,36.33437025,40.33584041727465,-4.001470167274654,3.8845674748567807
종로구,창신동,선셋남산뷰,2,고위험군,37.57522755,127.0102275,200903.4667,452853.5088,42.67526319,40.86807760580108,1.807185584198919,3.8845674748567807
중구,(장충동,피올라 스테이 동대문,2,고위험군,37.55921747,127.0046707,200412.6859,451076.5383,50.55961867,52.473043108207335,-1.9134244382073362,3.8845674748567807
용산구,(용산동,심플스페이시스,2,고위험군,37.53870588,126.984957,198670.503,448800.0949,45.10421773,40.04503040704887,5.059187322951132,3.8845674748567807
종로구,명륜3가,스테이히어,2,고위험군,37.58794681,126.9947038,199532.2274,454265.1654,51.51163733,49.435998944811665,2.075638385188334,3.8845674748567807
성동구,성동,Green Dot (그린도트),2,고위험군,37.53538989,127.0470223,204156.0056,448432.9933,45.363564,39.99564757512373,5.367916424876263,3.8845674748567807
마포구,망원동,하늘온,2,고위험군,37.55691174,126.9041637,191532.0666,450824.9362,46.30199328,40.96409977898884,5.337893501011159,3.8845674748567807
중구,충무로2가,"빅박 스테이(,Big Box Stay)",2,고위험군,37.55885343,126.9891979,199045.5715,451036.1788,35.200725,41.0601219521766,-5.859396952176603,3.8845674748567807
용산구,용산동2가,"해방촌, 당신의 쉼",2,고위험군,37.54027183,126.9851224,198685.1511,448973.8939,45.78832788,40.28920107601203,5.49912680398797,3.8845674748567807
용산구,서계동,"봄날, 하루",2,고위험군,37.54958774,126.9669416,197078.7331,450008.2566,41.31648526,39.89962540193597,1.4168598580640293,3.8845674748567807
용산구,용산동2가,"Slow, HBC",2,고위험군,37.54281688,126.981472,198362.5867,449256.4207,44.63264553,40.76931194195082,3.86333358804918,3.8845674748567807
성동구,행당동,"다옴, 왕십리",2,고위험군,37.55834516,127.0327054,202889.7387,450980.2147,30.89077643,40.09166974831149,-9.20089331831149,3.8845674748567807
마포구,상암동,"STAY, 쉼",2,고위험군,37.57212552,126.8938166,190619.7211,452514.4703,36.17985708,39.75422039682309,-3.5743633168230886,3.8845674748567807
마포구,대흥동,"Lotus Stay, Mapo",2,고위험군,37.54349283,126.9416857,194846.5207,449332.8797,23.42742105,40.09166974831149,-16.66424869831149,3.8845674748567807
마포구,연남동,"'Stay, C",2,고위험군,37.56263414,126.9236762,193256.6705,451458.4761,54.11923669,39.99564757512373,14.123589114876268,3.8845674748567807
송파구,석촌동,"석촌애,꽃",2,고위험군,37.50336016,127.1036761,209167.1983,444882.1072,41.19551983,40.23981824408689,0.9557015859131113,3.8845674748567807
