구,동,숙소명,cluster,cluster_label,위도,경도,x_5181,y_5181,최종위험점수_new,residual,coef_intercept,coef_단속위험도,bw_intercept,bw_단속위험도
종로구,당주동,SOUNDS INN GWANGHWAMUN,2,고위험군,37.56859605,126.9747495,197769.2539,452117.7398,43.75873477,4.976472440003292,41.15944089839007,2.3277782595965673,46.0,165.0
종로구,묘동,킴스텔코리아 종로점,2,고위험군,37.57078678,126.9906847,199177.0643,452360.6264,42.95410306,5.7794216902583315,37.70777972562263,1.9712345389707113,46.0,165.0
종로구,창신동,동대문 스테이가든,2,고위험군,37.56946846,127.0134964,201192.3196,452214.3531,43.18296159,1.5101489415779028,41.696670419352124,-0.0240432879730726,46.0,165.0
종로구,낙원동,하프레스트 호스텔,2,고위험군,37.56953983,126.9876225,198906.5254,452222.2607,27.46548794,-11.294218839495056,37.44719981026319,1.8170655776351001,46.0,165.0
종로구,관철동,스테이 마루 종로,2,고위험군,37.56669767,126.9847978,198656.9335,451906.8508,41.77586694,5.444143994188238,37.30867052878564,1.5147103911933895,46.0,165.0
종로구,숭인동,루나하우스,2,고위험군,37.57353634,127.0219178,201936.189,452665.9807,35.49600889,-2.771911322234466,37.82576536670038,1.2419638589272324,46.0,165.0
중구,충무로5가,머룸스테이,2,고위험군,37.56119377,127.0008458,200074.73,451295.8743,37.71343046,-4.495350313580978,42.44811264837884,0.5668358776660196,46.0,165.0
중구,신당동,케이그랜드호텔 DDP,2,고위험군,37.56571746,127.0106231,200938.5285,451798.0034,42.58601421,0.18187365114231113,42.968500643258146,-0.3792873051316733,46.0,165.0
중구,명동,무드온 명동,2,고위험군,37.56042879,126.9831765,198513.5724,451211.1032,36.88846481,-2.1580971966409166,38.72952456679952,1.2819083381894611,46.0,165.0
중구,황학동,SINDANG GRAND JOY 호스텔,2,고위험군,37.56332856,127.018601,201643.4107,451532.9731,53.20401401,12.877019132503918,39.98661346622744,-0.47066206459618726,46.0,165.0
중구,충무로3가,MOREN SEOUL MYEONGDONG,2,고위험군,37.55945274,126.9901255,199127.5348,451102.686,38.45181873,-1.3079773208454952,39.098410287958515,1.0027275162727456,46.0,165.0
중구,(인현동,이랑 스테이,2,고위험군,37.5614873,126.9924598,199333.8016,451328.479,37.18727609,-0.7004616197072266,38.708060178392806,0.8644927350340672,46.0,165.0
중구,을지로6가,하이 동대문 호스텔,2,고위험군,37.5646535,127.0066663,200588.9601,451679.8841,47.47456513,4.043292736224174,43.29129917261679,0.13279801845470152,46.0,165.0
중구,명동,하이 서울 호스텔,2,고위험군,37.5583226,126.9816113,198375.2321,450977.367,34.53618313,-6.673040200001296,42.20780069198346,1.4908237515273441,46.0,165.0
중구,충무로2가,올스테이인,2,고위험군,37.55898959,126.9891113,199037.9163,451051.2918,35.16750905,-7.068811898228127,39.9677742925554,1.051561287270493,46.0,165.0
중구,을지로3가,아르보 스테이,2,고위험군,37.56344317,126.9931766,199397.1478,451545.5527,34.04461661,-3.5748416098066116,38.08006500572407,0.7131393683987814,46.0,165.0
중구,(남산동,올리브 호스텔,2,고위험군,37.55561712,126.9843204,198614.5499,450677.0475,45.54906612,-2.143088980696902,44.983701123373265,1.3736685552950376,46.0,165.0
중구,(남산동,보로인 명동,2,고위험군,37.55514884,126.984327,198615.1244,450625.0739,45.03249828,-2.0128846663500894,45.236663484099196,1.3870215689478864,46.0,165.0
중구,명동,호텔 28,2,고위험군,37.56160377,126.9831825,198514.1268,451341.5121,35.59843851,-2.793181862289451,37.85279661616844,1.264993841644283,46.0,165.0
중구,(남산동,오요 5 롯지B (OYO 5 Lodge B),2,고위험군,37.55646209,126.9842423,198607.6709,450770.8303,41.77523918,-3.5221964988453607,44.37257829898604,1.351538985911781,46.0,165.0
용산구,서계동,스테이터울,2,고위험군,37.55142339,126.9655309,196954.1424,450212.0365,42.95662447,0.88989051128641,43.02168556674181,3.2261146119245123,46.0,165.0
용산구,이태원동,H호스텔,2,고위험군,37.52931063,126.9937982,199451.814,447757.2496,44.34334328,3.4670511408398568,40.74932755182241,-0.12578841078209718,46.0,165.0
용산구,한남동,서울미라마(유)그랜드하얏트서울,2,고위험군,37.5367936,126.9970254,199737.097,448587.753,39.17078529,-0.7018556617940703,39.872895870356956,-0.0035263700265721074,46.0,165.0
성동구,성동,스윗스팟성수,2,고위험군,37.54745731,127.052317,204623.2283,449772.5772,40.61094366,-1.6412957486241808,45.37802626087526,-1.303336268221426,46.0,165.0
마포구,동교동,비아르떼 서울,2,고위험군,37.554874,126.9280682,193644.0584,450596.8864,46.83425488,6.289995563637611,41.72220043016408,1.7485805819407232,46.0,165.0
마포구,노고산동,코코스테이,2,고위험군,37.55210431,126.9334754,194121.6196,450289.132,38.7656671,2.527384425138983,37.87594313048997,-0.5144781786418864,46.0,165.0
강서구,화곡동,해담채스테이,2,고위험군,37.52728435,126.8398255,185841.6526,447544.3947,31.96512779,-9.260998722154543,40.898863999604025,3.59526910404278,46.0,165.0
종로구,홍지동,씨케이 인 종로점,2,고위험군,37.5978767,126.958618,196345.5571,455368.0638,46.79405893,1.5619699554627502,47.626410075622815,2.2554595994842748,46.0,165.0
종로구,숭인동,서울 게스트하우스,2,고위험군,37.57188149,127.0156094,201378.9422,452482.2003,50.03752853,9.991460457355473,40.12813615319153,0.5571920938819604,46.0,165.0
종로구,관철동,어 베터 플레이스 (A BETTER PLACE),2,고위험군,37.56691314,126.9855653,198724.7407,451930.7547,42.10691938,5.1460854837843115,37.23860841386019,1.4964388768682275,46.0,165.0
종로구,숭인동,동미,2,고위험군,37.5726296,127.0200052,201767.2557,452565.3054,34.93091504,-2.366541804361745,38.02756516311281,1.0271398403441367,46.0,165.0
종로구,익선동,SAE WHA HOSTEL,2,고위험군,37.57198435,126.9895391,199075.8816,452493.5534,39.77307222,-1.9663334571884192,38.004936823198435,2.3340553443314866,46.0,165.0
종로구,창신동,순안,2,고위험군,37.5681032,127.010761,200950.6822,452062.794,36.75775525,-4.180703371893458,41.87953804093657,-0.5225878450264962,46.0,165.0
종로구,효제동,스타호스텔 동대문 스위트,2,고위험군,37.56891882,127.0021479,200189.7543,452153.266,27.00323146,-10.670119401343019,37.98510677629257,0.6196266263120414,46.0,165.0
종로구,명륜4가,호텔 달스테어(Hotel DALSTAIR),2,고위험군,37.58004227,126.9969759,199732.8774,453387.8425,58.33196648,9.257460155467953,38.91973516078132,2.363262435033441,46.0,165.0
종로구,관철동,한평,2,고위험군,37.56696198,126.9842319,198606.9413,451936.1943,34.17025885,-2.612465351532336,37.46374402601662,1.5927278827536246,46.0,165.0
종로구,창신동,현대,2,고위험군,37.56819149,127.0107164,200946.7409,452072.5927,35.54286008,-5.254509295135733,41.86751107302625,-0.5263551415901303,46.0,165.0
종로구,종로6가,저스트포유(JUST4U),2,고위험군,37.56882658,127.0066505,200587.535,452143.0471,48.90870587,8.429958344002834,40.393211198946624,-0.10323982313595531,46.0,165.0
종로구,창신동,동해,2,고위험군,37.56823753,127.0108347,200957.188,452077.7038,46.8412654,6.040983026456303,41.866191774061626,-0.5127946503898149,46.0,165.0
종로구,창신동,NOOK INN 누크인,2,고위험군,37.56817138,127.010478,200925.6806,452070.3583,33.12462701,-7.760553630609294,41.876406738400235,-0.5351493279163998,46.0,165.0
종로구,숭인동,만남모텔,2,고위험군,37.57340694,127.0214372,201893.7385,452651.609,35.8959241,-2.1745371680523746,37.85897456539375,1.217795375130532,46.0,165.0
종로구,숭인동,스테이 42 동묘,2,고위험군,37.57221599,127.0184885,201633.279,452519.372,56.48822658,18.5932486029102,38.36323310858528,0.8358971891214093,46.0,165.0
종로구,창신동,디디엠 스테이,2,고위험군,37.56858682,127.0114738,201013.6489,452116.4776,34.56898523,-6.683086262298062,41.7572020073041,-0.4164829905948625,46.0,165.0
종로구,창신동,대진,2,고위험군,37.56943843,127.0101945,200900.6186,452210.9833,43.95079617,2.646103137001745,41.77283500674666,-0.37759835160487204,46.0,165.0
종로구,관수동,풀리 미니호텔,2,고위험군,37.56718956,126.9905287,199163.2427,451961.3783,41.5548098,4.64626098366751,37.08397911984003,0.8901114275517674,46.0,165.0
종로구,관수동,브레드 힐 호텔(Bread Hill Hotel),2,고위험군,37.56708795,126.9905269,199163.0834,451950.1008,35.63344025,-1.4125787538391137,37.085592763019946,0.8704162855079468,46.0,165.0
종로구,숭인동,메종호텔,2,고위험군,37.57469579,127.0218552,201930.6264,452794.665,41.66958079,1.8218090940304918,37.74565029396663,1.344114143129155,46.0,165.0
종로구,숭인동,가야,2,고위험군,37.57401858,127.0216359,201911.2775,452719.498,58.72604468,19.37671541526212,37.79643603568116,1.2837203336862568,46.0,165.0
종로구,숭인동,메트로 21(Metro 21),2,고위험군,37.57022964,127.0193705,201711.2396,452298.926,36.32694724,-2.619574897509672,38.38005761317669,0.6177766778108829,46.0,165.0
종로구,효제동,어바웃스테이 동대문,2,고위험군,37.56951008,127.0033108,200292.4909,452218.892,35.15587756,-3.673512218605275,38.42330163969028,0.4625099434080317,46.0,165.0
종로구,효제동,구월호텔,2,고위험군,37.56884387,127.0025535,200225.5843,452144.9483,32.29166394,-4.957386751236811,37.7634719891007,0.5375816381799954,46.0,165.0
종로구,종로6가,디하이브,2,고위험군,37.56884393,127.0068372,200604.0252,452144.9739,32.48426828,-8.098361841190183,40.521751218725285,-0.12830277797490977,46.0,165.0
종로구,숭인동,호스텔 서울,2,고위험군,37.57569436,127.0215682,201905.2535,452905.4889,33.95162918,-2.9842572008537402,37.7582258806767,1.4070335500382425,46.0,165.0
종로구,창신동,창신기지,2,고위험군,37.56848774,127.0114066,201007.7117,452105.4801,58.70687078,17.695973862587422,41.776325470434806,-0.43496999538396997,46.0,165.0
종로구,창신동,이지스테이,2,고위험군,37.56959298,127.0093634,200827.1964,452228.1289,44.6088199,2.7643263034867616,41.69518452981981,-0.3394974750917258,46.0,165.0
종로구,효제동,제이오 호스텔 동대문,2,고위험군,37.56986057,127.0034356,200303.5112,452257.7927,33.50913576,-6.143518923581958,38.64415279744337,0.501737505054272,46.0,165.0
종로구,종로5가,라임모텔,2,고위험군,37.56856888,127.0004601,200040.6508,452114.4247,41.27516171,2.6215292369129486,38.10910244081602,0.829586999914339,46.0,165.0
종로구,숭인동,덕흥,2,고위험군,37.57367008,127.0214717,201896.7751,452680.8152,38.53511017,0.08886839261090529,37.830057997205294,1.2466658549488159,46.0,165.0
종로구,돈의동,Z 호텔,2,고위험군,37.56858936,126.9898379,199102.2361,452116.7462,29.43029865,-7.141287061422812,37.194152047422506,1.3422752342127902,46.0,165.0
종로구,필운동,수모텔,2,고위험군,37.57395332,126.9675412,197132.6501,452712.5301,41.02907176,-2.419861489869554,43.21949986966796,2.6934785171720215,46.0,165.0
종로구,창신동,한도,2,고위험군,37.56828544,127.0156007,201378.2407,452083.0805,30.77747565,-10.283985445919491,41.062905943763155,-0.0010438416609928865,46.0,165.0
종로구,숭인동,영진,2,고위험군,37.57332819,127.0214249,201892.6486,452642.8684,36.0576003,-1.6656430113282639,37.8692402303284,1.2114931910958442,46.0,165.0
종로구,명륜4가,소풍모텔,2,고위험군,37.58042554,126.9997149,199974.8179,453430.3768,39.1525801,2.8024754523314215,38.081594762870296,2.2288490543116164,46.0,165.0
종로구,종로5가,대동장(大同莊),2,고위험군,37.56872917,127.0019131,200169.0098,452132.2166,35.65537389,-2.4031786183415633,38.06851280187723,0.6195527299439121,46.0,165.0
종로구,관철동,우미관호텔,2,고위험군,37.56707898,126.9858974,198754.086,451949.1566,45.38043697,8.0765532097804,37.22971457281145,1.4950466673698721,46.0,165.0
종로구,창신동,토이 게스트하우스,2,고위험군,37.56855581,127.012486,201103.0655,452113.0472,41.68499332,-0.04329979992876787,41.707496059313875,-0.2877698516787239,46.0,165.0
종로구,숭인동,선라이즈(Sunrise),2,고위험군,37.57299352,127.0212126,201873.9088,452605.7197,35.00397822,-1.8287947283790231,37.89971277653045,1.1634790939639434,46.0,165.0
종로구,명륜4가,혜화여관,2,고위험군,37.5794505,126.9987863,199892.7874,453322.1592,43.00543775,5.153523100465975,38.666907006153245,2.2622321429629144,46.0,165.0
종로구,홍지동,종로 238,2,고위험군,37.59779306,126.9583077,196318.1531,455358.7928,47.32919591,2.147943905087942,47.57275125565142,2.252801405707013,46.0,165.0
종로구,관철동,엠제이 스테이,2,고위험군,37.566705,126.9841567,198600.2981,451907.6737,36.87224453,0.2445277177783609,37.43283221615139,1.544550862412327,46.0,165.0
중구,신당동,세화장여관,2,고위험군,37.54757845,127.0070693,200624.71,449784.7595,63.73001112,19.45535432060651,44.41104603948105,0.5104309592503604,46.0,165.0
중구,(회현동,동원여관,2,고위험군,37.55490708,126.9809224,198314.2907,450598.297,54.41302238,5.460719371045471,46.407242048478835,1.6772846780607247,46.0,165.0
중구,주교동,라이프인 청계,2,고위험군,37.56574695,126.9967838,199715.8574,451801.2282,39.97448974,2.0038334815512187,37.30406289743153,0.5297762088511364,46.0,165.0
중구,황학동,크리스티2,2,고위험군,37.56329068,127.0216644,201914.0679,451528.8269,37.95439684,-2.9117586454794164,40.8385161560522,-0.09580693768808766,46.0,165.0
중구,(필동,한일장모텔,2,고위험군,37.55791958,126.9942743,199494.0929,450932.493,36.9432646,-3.771500806219109,41.645397497473546,0.8766589756304117,46.0,165.0
중구,(광희동,그리다 DDP,2,고위험군,37.56298903,127.0053967,200476.8053,451495.1403,50.2522974,7.086063404496613,43.49233249145061,0.4725042987888489,46.0,165.0
중구,산림동,광신장여관,2,고위험군,37.56514549,126.9966723,199706.0016,451734.4736,55.19424843,17.376566954479827,37.633621090258664,0.5140313858991384,46.0,165.0
중구,명동,아트래블홈(ARTRAVEL HOME),2,고위험군,37.55881514,126.9832162,198517.0534,451032.0066,42.67144237,2.6398023186125954,41.02803806813254,1.3408549874827371,46.0,165.0
중구,을지로3가,지요크 을지로,2,고위험군,37.56285139,126.9899303,199110.3283,451479.8979,33.02704275,-4.333675459416185,37.18586219186197,0.9692332390791879,46.0,165.0
중구,(남산동,(주)더로드서울,2,고위험군,37.55615138,126.9832058,198516.0737,450736.361,51.80667462,8.32971439244119,44.8981691593542,1.443245945947818,46.0,165.0
중구,명동,하이 서울 호스텔 명동 센트럴,2,고위험군,37.5583226,126.9816113,198375.2321,450977.367,34.93704142,-6.272181910001294,42.20780069198346,1.4908237515273441,46.0,165.0
중구,남대문로5가,한블레싱(Hanblessing),2,고위험군,37.55159894,126.9741552,197716.2329,450231.2759,46.25973879,-3.033665049902055,41.41628434432759,2.080914193335673,46.0,165.0
중구,(광희동,넘버25호텔 동대문점,2,고위험군,37.56249772,127.0061175,200540.4915,451440.6146,48.62374821,4.802816390936357,43.62806084453545,0.4699760817616252,46.0,165.0
중구,명동,슬립박스(SLEEP BOX),2,고위험군,37.55921779,126.9847031,198648.4373,451076.6735,27.17299352,-12.697265165755859,40.97126669232791,1.2289599382342826,46.0,165.0
중구,황학동,인득여관,2,고위험군,37.56523964,127.0204086,201803.0656,451745.1137,36.33265081,-3.566164204757378,39.94395146349305,-0.22915831755555743,46.0,165.0
중구,신당동,한일여관,2,고위험군,37.56128515,127.0096517,200852.7596,451306.0598,49.06440075,5.758207245395489,43.559693526225864,0.3926116921417473,46.0,165.0
중구,주교동,트래블러스 A 코리아 호스텔,2,고위험군,37.56562443,126.9981173,199833.6663,451787.6267,26.98081157,-10.699833175286535,37.74158654595803,0.5815958455595243,46.0,165.0
중구,신당동,J모텔,2,고위험군,37.56126414,127.0133052,201175.5546,451303.7674,51.3624778,9.224580146327106,42.17971303521571,0.10959558282414938,46.0,165.0
중구,신당동,조이풀스테이(Joyful Stay),2,고위험군,37.56245881,127.0165259,201460.0902,451436.4068,32.59265257,-8.161671929560868,40.54099361843717,-0.4014594757239931,46.0,165.0
중구,신당동,타임스테이,2,고위험군,37.56254877,127.0182782,201614.907,451446.42,37.1456537,-2.4584207467779606,40.013826512183904,-0.41987224874702384,46.0,165.0
중구,(광희동,트리쉐이도호텔,2,고위험군,37.56259916,127.0051718,200456.9375,451451.8682,37.68394494,-5.641934075073259,43.451482549895765,0.5048726193686017,46.0,165.0
중구,신당동,재화여관,2,고위험군,37.56191425,127.0171769,201517.6227,451375.9774,31.38874892,-8.908504371179884,40.22139234966683,-0.3473133302646259,46.0,165.0
중구,신당동,S(에스)모텔,2,고위험군,37.5592684,127.0167706,201481.7731,451082.3129,35.56436047,-4.34364105378782,40.00899584614193,0.18603094570394244,46.0,165.0
중구,을지로7가,백금여관,2,고위험군,37.56224445,127.00925,200817.2577,451412.5273,40.09465915,-3.505392132677919,43.65267196109983,0.3018737960040556,46.0,165.0
중구,남학동,진포레스트인(JIN FOREST Inn),2,고위험군,37.55791929,126.9904146,199153.0654,450932.4886,54.48620758,14.416435947465509,40.347801914851516,1.0062488628013933,46.0,165.0
중구,신당동,은성여관,2,고위험군,37.56201847,127.01763,201557.6539,451387.552,44.83448931,4.8855939721752435,40.044594102295015,-0.36866473693498847,46.0,165.0
중구,초동,호텔베네,2,고위험군,37.56229779,126.9916416,199261.5166,451418.44,36.83462921,-2.618737519093422,37.95568145643129,0.8884704538226548,46.0,165.0
중구,(광희동,호텔 아라,2,고위험군,37.56264071,127.0047345,200418.3012,451456.4778,37.89811068,-5.169379456754129,43.30496539265311,0.5194713589287405,46.0,165.0
중구,북창동,피넛호텔,2,고위험군,37.55942482,126.9770407,197971.4237,451099.7892,40.49299842,0.5947792653461121,41.34684721767259,1.7603507762432495,46.0,165.0
중구,신당동,청구 리빙텔,2,고위험군,37.55972529,127.0140647,201242.6817,451132.983,36.44685439,-5.014852383082463,41.417998390932,0.30619465835855886,46.0,165.0
중구,신당동,야코리아 게스트하우스,2,고위험군,37.55703059,127.0123014,201086.9289,450833.8814,44.50329156,2.404154537458325,42.194234433368734,0.6297081956687346,46.0,165.0
중구,산림동,화성여관,2,고위험군,37.56537071,126.9960702,199652.8115,451759.4724,34.62094554,-2.8029251753265143,37.401792701162094,0.481525478249728,46.0,165.0
중구,신당동,성도여관,2,고위험군,37.56123239,127.0132212,201168.1343,451300.2425,55.29117997,13.126012726681296,42.208096828509106,0.12372160239147975,46.0,165.0
중구,황학동,대림,2,고위험군,37.5634477,127.0221786,201959.4955,451546.2648,40.59147195,-0.458877827831337,41.0451674103044,-0.030627000546564406,46.0,165.0
중구,남창동,황금장여관,2,고위험군,37.55485434,126.9769752,197965.5104,450592.5216,58.11570833,12.343310806952935,42.88852855596525,1.8022384995621492,46.0,165.0
중구,산림동,상원장,2,고위험군,37.56530472,126.9962994,199673.0571,451752.1475,44.70278919,7.02178459565561,37.46968983163667,0.4958610390441809,46.0,165.0
중구,산림동,H2O,2,고위험군,37.56416937,126.9942189,199489.2406,451626.1462,27.36606951,-10.521774247521318,37.87937880461428,0.5793846261057595,46.0,165.0
중구,황학동,중앙여관,2,고위험군,37.56691122,127.0177256,201565.9953,451930.5914,39.75988958,-0.3264114791627435,40.14323510243349,-0.07112131695398483,46.0,165.0
중구,북창동,호텔 문(hotel moon),2,고위험군,37.55959687,126.9775768,198018.7937,451118.8733,35.50166098,-4.025413345703427,41.25164764701033,1.710624085225669,46.0,165.0
중구,남창동,노마드호스텔,2,고위험군,37.55419408,126.9758113,197862.6529,450519.2665,31.90686691,-11.96974516314543,41.98981411255784,1.7502283021920564,46.0,165.0
중구,중림동,다림여인숙,2,고위험군,37.55551958,126.9675696,197134.4538,450666.6005,44.35497193,-0.35688238220705415,44.21052619447854,2.995412077975823,46.0,165.0
중구,명동,57 명동 호스텔,2,고위험군,37.55824724,126.9826565,198467.5818,450968.9854,37.44411815,-4.0305069238659925,42.18597630817411,1.4118343171299088,46.0,165.0
중구,신당동,쉐어하우스 다함,2,고위험군,37.55482988,127.0106132,200937.7867,450589.6106,34.56352014,-7.684632648780351,42.44995437298436,0.6249052659686541,46.0,165.0
중구,신당동,그리네 스테이,2,고위험군,37.56247269,127.0181304,201601.8512,451437.9735,50.58848177,10.980709836092196,40.00055366673905,-0.42987110295364583,46.0,165.0
중구,황학동,창덕여인숙,2,고위험군,37.56373275,127.0179396,201584.967,451577.8221,50.63477071,10.261901086320606,40.006296325446826,-0.5018712980537339,46.0,165.0
중구,(만리동,천안 여인숙,2,고위험군,37.55375612,126.9669521,197079.8183,450470.8965,40.94413181,-3.3024221922093133,44.292781427270974,3.095515208344317,46.0,165.0
중구,(장충동,장충인(J C INN),2,고위험군,37.55828977,127.0044674,200394.7263,450973.5737,41.81657639,-1.6959188829336895,43.70061190484722,0.5865142856267671,46.0,165.0
중구,을지로7가,박포루,2,고위험군,37.56219798,127.009432,200833.3321,451407.3712,45.70415764,2.0964506752670644,43.62552077947624,0.2958362465245368,46.0,165.0
중구,(광희동,왕도여관,2,고위험군,37.56253871,127.0053044,200468.6489,451445.1597,38.48646871,-4.8656705059434415,43.49069078863875,0.5014466816425264,46.0,165.0
용산구,서계동,금강,2,고위험군,37.55085442,126.9662031,197013.5185,450148.8661,37.57168604,-3.2765871841242955,43.16838708681992,3.2328901442181985,46.0,165.0
용산구,(청파동,한글게스트하우스,2,고위험군,37.54166996,126.9694399,197299.2119,449129.4041,42.59103974,-2.6062081055822404,47.24760267821977,3.468331420458965,46.0,165.0
용산구,서계동,계림모텔,2,고위험군,37.55143152,126.9661315,197007.2137,450212.9195,43.53947443,3.4321422131467543,43.18675253292979,3.224140929370516,46.0,165.0
용산구,(청파동,신진장,2,고위험군,37.54626035,126.9696446,197317.4662,449638.8759,64.26579662,6.648559552647178,43.43081975105783,3.2824905613108784,46.0,165.0
용산구,후암동,스위트75서울역점,2,고위험군,37.54972353,126.9757675,197858.6521,450023.09,57.05694425,15.234428115680124,42.18882749665292,2.0265738695852655,46.0,165.0
용산구,이태원동,뷰 모텔,2,고위험군,37.531191,126.9958013,199628.8782,447965.9376,42.05678898,1.333452657443857,40.94228738641439,-0.12549996700895183,46.0,165.0
용산구,동자동,광주여인숙,2,고위험군,37.55051278,126.9741946,197719.6876,450110.7243,44.56725223,0.6875655136165975,42.04991832819613,2.3039384393729754,46.0,165.0
용산구,남영동,로망스모텔,2,고위험군,37.54136675,126.9725538,197574.3988,449095.6666,42.11372007,-7.347845841605391,48.958926207277656,3.211487102542693,46.0,165.0
용산구,동자동,서울네스트,2,고위험군,37.55022009,126.9753306,197820.0591,450078.2122,43.23672609,1.453351683409835,42.01698760388592,2.0392321978080883,46.0,165.0
용산구,(용산동,스테이코,2,고위험군,37.5314273,126.9740431,197705.711,447992.4723,38.87550836,0.5353263737837395,40.36509001587583,2.0937847437435555,46.0,165.0
용산구,원효로2가,크래쉬인 용산,2,고위험군,37.5333324,126.9607882,196534.2236,448204.3208,47.846509,7.347889651976757,39.723116228758265,1.4167899307704759,46.0,165.0
용산구,남영동,지용산인,2,고위험군,37.53912265,126.9726027,197578.6496,448846.5976,44.46064439,-0.22843411334739017,47.88220891051189,3.1921270096637424,46.0,165.0
용산구,이태원동,현대,2,고위험군,37.52919726,126.9961934,199663.5282,447744.6557,43.4161129,1.6966531793865869,41.524627296275185,-0.18726853519494135,46.0,165.0
용산구,(청파동,동산장,2,고위험군,37.54393815,126.9688855,197250.2985,449381.1617,48.02565565,-9.621708675752451,46.69291890847721,3.4141290242424263,46.0,165.0
용산구,남영동,코지 모텔,2,고위험군,37.54191116,126.9726015,197578.6329,449156.0883,46.81847571,-1.5403199806530665,49.266862596130544,3.1951857482106156,46.0,165.0
용산구,이태원동,KAZI FAMILY HOTEL(카지패밀리호텔),2,고위험군,37.52867881,126.9957038,199620.2475,447687.116,46.66331313,5.069362376743257,41.389821417696275,-0.19229061182205218,46.0,165.0
용산구,이태원동,이태원모텔,2,고위험군,37.53110489,126.9936781,199441.2134,447956.3909,55.66755603,15.392438768237838,40.29092043611929,-0.06815973764449944,46.0,165.0
용산구,갈월동,더메종컴퍼니,2,고위험군,37.54016648,126.9714266,197474.7366,448962.4809,49.46843396,2.4887853002900115,47.87246476040984,3.3569872107709418,46.0,165.0
용산구,동자동,경기,2,고위험군,37.55029277,126.9734347,197652.5306,450086.3245,40.78256731,-4.322214113638303,42.411602356711775,2.5139609768269047,46.0,165.0
용산구,후암동,서광,2,고위험군,37.55193238,126.9765224,197925.4214,450268.2289,32.70554029,-8.260057797092976,41.50989440202103,1.7381380676738312,46.0,165.0
용산구,동자동,나나장,2,고위험군,37.55044744,126.9745591,197751.895,450103.4635,43.06447744,1.4396035697317657,42.01015689277604,2.2084055643086167,46.0,165.0
용산구,동자동,서정여인숙,2,고위험군,37.55041744,126.9737056,197676.4711,450100.1546,40.17836539,-5.111551637267276,42.25757842544305,2.4298440644895414,46.0,165.0
용산구,동자동,성남여인숙,2,고위험군,37.55028632,126.9737328,197678.8732,450085.6012,39.20245565,-5.363270832248709,42.34124188387499,2.4512054392578055,46.0,165.0
용산구,동자동,광신여인숙,2,고위험군,37.55032361,126.9738668,197690.7154,450089.7367,39.5687293,-4.885053090248967,42.26874713279106,2.411231431881083,46.0,165.0
용산구,동자동,미경여인숙,2,고위험군,37.55026667,126.9738536,197689.5428,450083.4173,33.17587756,-11.088794603579231,42.3024207066796,2.4266288509001845,46.0,165.0
용산구,동자동,송림여인숙,2,고위험군,37.5502854,126.973681,197674.2932,450085.5004,58.94523885,14.299600222989575,42.357768252333194,2.4644379569894643,46.0,165.0
성동구,송정동,건대스테이,2,고위험군,37.54594785,127.0631179,205577.8078,449605.6313,40.70060303,-0.33688964425748225,44.68513890128322,-1.362330921262254,46.0,165.0
용산구,서계동,MK 리버티하우스,2,고위험군,37.55183526,126.9678297,197157.2945,450257.6771,40.6847221,-3.107312325288362,43.1301233847592,3.1159665562681975,46.0,165.0
용산구,동자동,덕성,2,고위험군,37.55051627,126.9743702,197735.2012,450111.1074,44.43159593,1.7214623925238968,41.99292950584217,2.247515799692648,46.0,165.0
용산구,동자동,명신,2,고위험군,37.55014919,126.9737769,197682.7624,450070.3803,52.60761495,8.53603628431599,42.40177979880279,2.468794009881415,46.0,165.0
용산구,동자동,24게스트 하우스 모텔 서울역,2,고위험군,37.54890816,126.9733025,197640.8014,449932.6527,37.36896655,-3.68204480595746,43.21479204602686,2.6977844369770096,46.0,165.0
용산구,보광동,삼성장,2,고위험군,37.52394807,127.0015803,200139.6906,447162.0554,45.58448818,4.35681060028994,42.26124796118644,-0.3936590557189278,46.0,165.0
용산구,(용산동,수정여관,2,고위험군,37.53137311,126.973614,197667.7801,447986.4684,35.80130093,-4.191734259931721,40.383751503703856,2.148669209197719,46.0,165.0
성동구,성동,복래여관,2,고위험군,37.54590134,127.0231574,202046.4475,449598.8491,62.00238696,17.887656091434557,43.431571447345696,-0.6693286523215066,46.0,165.0
성동구,마장동,제이하우스,2,고위험군,37.56687292,127.0360577,203185.5726,451926.804,49.09968426,6.041515595627487,42.97531102169908,0.7350473236411219,46.0,165.0
성동구,행당동,모텔로,2,고위험군,37.55763832,127.0324228,202864.7962,450901.7552,35.42208879,-6.819423609994487,42.24152115320185,8.30385625538721e-06,46.0,165.0
성동구,성동,천일장여관,2,고위험군,37.53247613,127.0555995,204914.2771,448110.0155,45.84143812,-0.1964620001853632,44.44597252073931,-1.4996018638546982,46.0,165.0
성동구,성동,크리스호스텔,2,고위험군,37.55120472,127.0190163,201680.3776,450187.3783,35.77931754,-6.192337102253106,41.97248995790865,-0.03025268375104595,46.0,165.0
성동구,홍익동,대우장여관,2,고위험군,37.56270306,127.035107,203101.7571,451463.9667,42.1027565,-1.7485564668167868,42.59722506717924,0.4989519419260908,46.0,165.0
성동구,성동,조이게스트하우스,2,고위험군,37.54562637,127.0228753,202021.5298,449568.3246,48.10291382,3.9101338011843367,43.46829644369852,-0.6932671939808556,46.0,165.0
성동구,마장동,동원장모텔,2,고위험군,37.56420552,127.0356442,203149.1509,451630.7399,36.74203689,-6.430584992706663,42.730901193740195,0.5973135954489324,46.0,165.0
성동구,도선동,스테이나라,2,고위험군,37.56172032,127.0294848,202605.0564,451354.7234,43.650679,0.8042221669639744,43.20548073660725,0.40411686944874126,46.0,165.0
성동구,홍익동,동신모텔,2,고위험군,37.56262655,127.0347484,203070.0729,451455.4632,40.94693746,-2.7565446456160174,42.60827558162021,0.5048807017392348,46.0,165.0
성동구,성동,제일,2,고위험군,37.53473267,127.0526024,204649.2363,448360.3112,49.97819144,3.748366101165118,44.64056145645193,-1.4970926322326146,46.0,165.0
성동구,하왕십리동,신도,2,고위험군,37.5617234,127.027207,202403.8129,451355.0046,44.44295334,0.9517238983101493,43.82982752537235,0.3253313385609353,46.0,165.0
성동구,하왕십리동,현대모텔,2,고위험군,37.55842931,127.0314669,202780.3024,450989.517,50.8666755,8.560876969196755,42.33312802332036,0.12144674880440892,46.0,165.0
성동구,성동,솔 스테이,2,고위험군,37.54565722,127.0233463,202063.1493,449571.7588,50.35639762,6.180493434407396,43.44587342210995,-0.7040864877692153,46.0,165.0
성동구,송정동,스테이온,2,고위험군,37.54577776,127.0644083,205691.855,449586.8307,47.21299928,6.2354361698060785,44.628084651272154,-1.3660745889216692,46.0,165.0
성동구,성동,별장여관,2,고위험군,37.54554836,127.0245214,202167.0006,449559.7031,35.93977914,-8.287555739790989,43.398652064257035,-0.8248003900826987,46.0,165.0
성동구,성동,중앙여관,2,고위험군,37.54429402,127.0183856,201624.7905,449420.3628,44.79477782,0.49223347506951143,43.611790887147706,-0.6506923889727072,46.0,165.0
성동구,마장동,태양장,2,고위험군,37.56218111,127.0393524,203476.8695,451406.1849,44.65470187,2.4066254444878865,42.36097630968655,0.2249469382197383,46.0,165.0
성동구,성동,동명여인숙,2,고위험군,37.53230656,127.0555696,204911.649,448091.1937,59.12953397,13.10763464522519,44.42748927559079,-1.5019403409658927,46.0,165.0
성동구,성동,명성,2,고위험군,37.53439019,127.048611,204296.479,448322.1103,48.32562601,2.0168494112131654,44.69825725498287,-1.5171153578736125,46.0,165.0
성동구,성동,유성장,2,고위험군,37.53463035,127.052844,204670.599,448348.9669,50.15538602,3.938731857394373,44.6281728845789,-1.496355415947356,46.0,165.0
성동구,성동,로얄장,2,고위험군,37.53380845,127.0544569,204813.2021,448257.8275,45.66509387,-0.4822267686329482,44.55619094327386,-1.4988502351647952,46.0,165.0
마포구,노고산동,지 하우스 글로벌(G House Global),2,고위험군,37.5505068,126.9355912,194308.4577,450111.6973,40.43776725,0.05629244023747759,40.56348805283953,-1.4749146181130848,46.0,165.0
마포구,도화동,가나모텔,2,고위험군,37.53638047,126.9468898,195305.9836,448543.222,47.32918203,7.3327474350307185,39.833763228167356,-0.3765158037087593,46.0,165.0
마포구,아현동,대명,2,고위험군,37.55359223,126.952867,195835.2195,450453.2374,57.73055337,15.966777780537292,42.00785116447287,0.26383298232763935,46.0,165.0
마포구,서교동,니도나도(Nido Nado),2,고위험군,37.55183851,126.9209181,193011.9826,450260.4907,50.33673033,7.953195668018232,40.42384215794738,3.4951691403008467,46.0,165.0
마포구,신수동,일육육삼,2,고위험군,37.54878014,126.9361703,194359.4994,449920.0239,32.67784652,-6.950375841624151,39.60057015097001,-1.6400228517637083,46.0,165.0
마포구,염리동,국제여인숙,2,고위험군,37.55347723,126.9458468,195214.8944,450440.808,34.99767094,-2.426551383212825,40.39723791413357,-1.7276259381688335,46.0,165.0
마포구,공덕동,나루호스텔,2,고위험군,37.54468753,126.9540917,195942.9594,449464.8693,34.33305106,-4.66012116428513,38.325724796787284,0.9700104440223006,46.0,165.0
마포구,노고산동,모텔산타페,2,고위험군,37.55084724,126.9348696,194244.7209,450149.526,37.76048267,-2.6891857113831676,39.452143650687404,-1.1568171366847366,46.0,165.0
마포구,염리동,호성여관,2,고위험군,37.55368716,126.946585,195280.1394,450464.0704,38.49533736,-2.3571655848580946,40.45400791677116,-1.6914301923992554,46.0,165.0
마포구,합정동,포근 합정,2,고위험군,37.54961986,126.9106574,192105.0734,450015.0593,39.25722592,-5.1918482770946355,41.339770540946624,1.2246969297309853,46.0,165.0
마포구,망원동,남양,2,고위험군,37.55218651,126.9096264,192014.241,450300.0138,37.60647679,-4.639353859529145,42.596787009762416,1.327372695173336,46.0,165.0
마포구,노고산동,1965 신촌인,2,고위험군,37.5514384,126.9353109,194283.7608,450215.1107,58.09072899,17.75499529537465,40.30497587579873,-1.3085407505582345,46.0,165.0
강서구,화곡동,유휴,2,고위험군,37.5271913,126.8416551,186003.3552,447533.7935,43.49177904,1.9189678558589094,40.920227266354956,3.5651403248794047,46.0,165.0
강서구,방화동,대우장,2,고위험군,37.57017485,126.809119,183137.0632,452309.7956,44.22899048,1.4678588455498698,42.46881930563772,2.735570896659502,46.0,165.0
강서구,화곡동,금성여관,2,고위험군,37.53978025,126.8423106,186063.639,448930.9158,49.39818887,10.140470243023493,41.45576155184227,3.1661264149932826,46.0,165.0
강서구,화곡동,진리스테이,2,고위험군,37.52662515,126.8387362,185745.2358,447471.3962,32.06073962,-4.9637776503283675,40.86533883639093,3.618068548597926,46.0,165.0
강서구,방화동,뱅크모텔,2,고위험군,37.56069828,126.807269,182971.4712,451258.3396,46.57773803,3.7838225243580297,42.21491654284775,3.012182604714507,46.0,165.0
강서구,화곡동,쟈스민모텔,2,고위험군,37.54352172,126.8465063,186435.1269,449345.5602,38.09572469,-2.2804567816483754,41.66444705179556,2.8066567275189183,46.0,165.0
강서구,화곡동,제일여관,2,고위험군,37.53914304,126.8416655,186006.5095,448860.289,45.27344965,4.338670144958115,41.42246069114585,3.231148812474745,46.0,165.0
강서구,화곡동,랑뷰티크호텔(RANG BEAUTIQUE HOTEL),2,고위험군,37.54416568,126.8453143,186329.9034,449417.2046,51.819899,10.477929609259107,41.679772322994175,2.83828528066452,46.0,165.0
강서구,화곡동,케이투(K2),2,고위험군,37.52702441,126.8382612,185703.3239,447515.7812,26.78951372,-10.341259066495201,40.886725912854345,3.619443899005995,46.0,165.0
강서구,화곡동,빅토리아여관,2,고위험군,37.5266304,126.8388304,185753.5618,447471.9646,32.16138093,-4.864787573028416,40.86562450503669,3.616782182056044,46.0,165.0
강서구,화곡동,러브레터,2,고위험군,37.55072259,126.8507671,186812.9437,450144.1643,47.77112333,0.09957378034366826,42.16964150959834,2.29780008543755,46.0,165.0
강서구,화곡동,보성장,2,고위험군,37.52926828,126.8385501,185729.291,447764.7793,37.50695166,-4.595563200680893,40.99604245184081,3.5462827602714473,46.0,165.0
강서구,화곡동,오프 스테이,2,고위험군,37.54380947,126.8451199,186312.6558,449377.6979,42.38123224,-0.49883770180883147,41.661838667913045,2.847793875210377,46.0,165.0
강서구,방화동,대성여인숙,2,고위험군,37.57037515,126.8076512,183007.441,452332.291,29.97668648,-11.00310554437004,42.46459333290269,2.752121767527244,46.0,165.0
영등포구,신길동,은하수여관,2,고위험군,37.51149962,126.9195208,192884.6801,445783.4764,41.97676521,0.6716251600297127,41.96242453754273,2.792609140011556,46.0,165.0
영등포구,(양평동,호텔 리버트리,2,고위험군,37.53378131,126.8981776,191000.3682,448258.2936,33.23440284,-10.76125033251843,42.44096500823047,1.5548652154636358,46.0,165.0
영등포구,(당산동,당산 KS Stay,2,고위험군,37.53108375,126.9022621,191361.0673,447958.5146,52.16075079,8.823038837894956,41.595739488825714,1.835698225314818,46.0,165.0
영등포구,대림동,파나마모텔,2,고위험군,37.48740718,126.902949,191416.7793,443110.9093,43.86986944,5.290112024261802,40.46429939147754,2.4483552332336362,46.0,165.0
영등포구,대림동,보성장여관,2,고위험군,37.48659256,126.9036107,191475.2103,443020.437,39.98700454,0.1380730166649755,40.47651608248311,2.4356537396189086,46.0,165.0
영등포구,신길동,신길하우스,2,고위험군,37.50873312,126.9156566,192542.7671,445476.7293,41.73931683,-1.981166129777101,41.773956813285864,2.6966629767593004,46.0,165.0
영등포구,(영등포동,Q모텔,2,고위험군,37.5153198,126.9089882,191953.8803,446208.3165,47.61313824,6.010013835791668,40.29695985610583,2.751751409522755,46.0,165.0
영등포구,대림동,행운여인숙,2,고위험군,37.48671561,126.903718,191484.7141,443034.0843,45.89993233,6.686909060306924,40.47434465555356,2.436161271669624,46.0,165.0
영등포구,신길동,파크여관,2,고위험군,37.50920872,126.9096699,192013.5045,445530.0061,53.1796202,13.065939756235707,41.63081559686326,2.669146697161085,46.0,165.0
영등포구,신길동,삼성장여관,2,고위험군,37.50441709,126.9091691,191968.706,444998.2392,30.96093562,-7.261564469250899,40.29515308864377,2.6162744227240955,46.0,165.0
영등포구,(영등포동,은성장모텔,2,고위험군,37.51592269,126.9036664,191483.4632,446275.6981,40.32445922,-1.4675704301961687,39.04031840274523,2.6922567082572124,46.0,165.0
영등포구,신길동,스테이플라츠,2,고위험군,37.51066101,126.9195249,192884.9665,445690.401,44.40153166,0.9124490749263003,41.957220072250166,2.779749442828713,46.0,165.0
영등포구,신길동,동원여관,2,고위험군,37.50789505,126.9125001,192263.5929,445383.9691,49.09064347,5.989129419743755,41.52252101166221,2.673771628507759,46.0,165.0
영등포구,신길동,엔엠다다름 호텔(N.M.Dadareum Hotel),2,고위험군,37.50471213,126.9095027,191998.2416,445030.9564,36.78014242,-7.9671167995483145,40.37930967226835,2.6223735126180783,46.0,165.0
영등포구,신길동,플라워하우스,2,고위험군,37.49712203,126.9072053,191794.2707,444188.7511,40.9211515,1.4747410505906657,40.11457209594893,2.5298727179430456,46.0,165.0
영등포구,(영등포동,자매여인숙,2,고위험군,37.51799546,126.9062536,191712.4235,446505.5184,61.94283657,18.460379075182566,38.766085894276756,2.738046035051158,46.0,165.0
영등포구,(당산동,향도여관,2,고위험군,37.51960274,126.8976129,190948.7395,446684.7025,25.60721237,-11.981979268573838,39.99401640749881,2.6968978492167817,46.0,165.0
영등포구,신길동,로체모텔,2,고위험군,37.50965931,126.9232469,193213.9469,445578.9502,44.86106513,0.4217233191961114,41.91839938604403,2.806192787521922,46.0,165.0
영등포구,(당산동,수경여관,2,고위험군,37.51920985,126.8979333,190977.0154,446641.0659,30.79141449,-7.840069107623087,39.86150633659055,2.6944205538355064,46.0,165.0
영등포구,신길동,성원여인숙,2,고위험군,37.50884384,126.9099462,192037.8947,445489.4857,47.42182048,6.819845683694865,41.619370428562746,2.6662290453775315,46.0,165.0
영등포구,신길동,미화여관,2,고위험군,37.50932383,126.9170005,192661.6452,445542.185,44.28060089,3.3427539541704974,41.858916818336425,2.7143893360010987,46.0,165.0
영등포구,(영등포동,경화장,2,고위험군,37.51553369,126.9091914,191971.8676,446232.0383,47.7639538,6.212670241354921,40.244270929175265,2.7535380979620454,46.0,165.0
영등포구,(영등포동,대지여인숙,2,고위험군,37.51792497,126.9052886,191627.1073,446497.7803,24.52205611,-13.719623343399192,38.763729404247,2.708968654891609,46.0,165.0
영등포구,신길동,수정장여관,2,고위험군,37.49862932,126.9161197,192582.7083,444355.3009,47.48366481,4.566831228562883,40.46172007186097,2.550574555040263,46.0,165.0
영등포구,(영등포동,유토피아모텔,2,고위험군,37.51541218,126.9088895,191945.168,446218.578,43.28420513,1.9543000856044301,40.21403599472199,2.7508142891664944,46.0,165.0
영등포구,신길동,아로마 여인숙,2,고위험군,37.51155879,126.9191102,192848.3829,445790.0746,46.47175286,5.611982464640725,41.96721030009644,2.783575984533774,46.0,165.0
영등포구,(영등포동,헬로호텔,2,고위험군,37.5149741,126.9063477,191720.4077,446170.1773,35.99276125,-0.9653768058522658,39.605882290205564,2.724895241487026,46.0,165.0
영등포구,(당산동,스테이앤유,2,고위험군,37.51869207,126.895863,190793.9332,446583.7994,43.09597904,4.404293180628933,40.314553660294784,2.6948207517428107,46.0,165.0
영등포구,(당산동,남선여인숙,2,고위험군,37.51864741,126.8980153,190984.2021,446578.6343,32.76152802,-6.265402459678704,39.74986588495163,2.6974792773398297,46.0,165.0
영등포구,(영등포동,코코빌,2,고위험군,37.52219975,126.9048615,191589.8287,446972.2654,34.36703318,-4.4694862397902355,39.00947274794374,2.637504193188611,46.0,165.0
영등포구,(당산동,아폴로 스테이,2,고위험군,37.51991087,126.8919494,190448.1094,446719.4611,55.07311762,9.923032044866126,41.502976088708,2.673769529268112,46.0,165.0
영등포구,(영등포동,대성 여인숙,2,고위험군,37.51724897,126.9074611,191819.0902,446422.5617,34.80797381,-5.585498470518914,38.92221516115851,2.761312803947961,46.0,165.0
영등포구,신길동,세일장,2,고위험군,37.49525284,126.9064822,191730.1181,443981.3586,34.99653058,-8.42811734974893,40.23210685908622,2.511221564710464,46.0,165.0
영등포구,신길동,스마일 여관,2,고위험군,37.5033311,126.9111448,192143.2842,444877.5415,31.78445698,-5.743395851197889,40.16369853652799,2.600593074040909,46.0,165.0
영등포구,(양평동,세종,2,고위험군,37.51885231,126.8903577,190307.2709,446602.137,51.26900389,11.431377978332627,41.6505144963579,2.707426128624624,46.0,165.0
영등포구,(영등포동,아너스빌,2,고위험군,37.51930327,126.9037364,191490.0417,446650.8936,34.38712194,-8.923761854274694,38.533644280887955,2.6981204982380684,46.0,165.0
영등포구,(당산동,남영모텔,2,고위험군,37.53189077,126.9033313,191455.6594,448047.9862,41.11259538,0.7959392039429076,42.00416807995469,1.7093021146015999,46.0,165.0
영등포구,(영등포동,대우장여인숙,2,고위험군,37.51809093,126.904862,191589.4082,446516.2379,27.76935226,-12.44406884928409,38.83920913669047,2.7136619858503708,46.0,165.0
영등포구,(영등포동,은성장여관,2,고위험군,37.5180854,126.9050187,191603.2623,446515.6101,26.94936898,-13.255641461833566,38.81173698294086,2.710379261200996,46.0,165.0
영등포구,(당산동,포켓서울,2,고위험군,37.51966086,126.8967011,190868.1395,446691.2413,41.96906074,3.6532064856484467,40.192466610802256,2.7011333045156904,46.0,165.0
영등포구,(영등포동,플로렌스,2,고위험군,37.51560513,126.9089205,191947.9338,446239.9903,46.77924573,5.677660916747577,40.120807004800355,2.753473306891308,46.0,165.0
영등포구,신길동,슬로우서울(영등포),2,고위험군,37.49497212,126.9068495,191762.5716,443950.1701,40.0091974,-2.484471429777251,40.244933835401184,2.508042926439857,46.0,165.0
영등포구,신길동,제일여인숙,2,고위험군,37.49535984,126.9078097,191847.5238,443993.1184,46.39387997,2.198632451055893,40.20149632487395,2.5075678670317774,46.0,165.0
영등포구,신길동,수원여인숙,2,고위험군,37.5097972,126.9238009,193262.9362,445594.2144,43.40146219,-0.8517140972366448,41.92570269180342,2.8032868672136306,46.0,165.0
영등포구,신길동,신길스테이,2,고위험군,37.51081671,126.918208,192768.5444,445707.7821,50.22853987,5.20165328752163,41.9823778827274,2.7565433561946984,46.0,165.0
영등포구,신길동,테마모텔,2,고위험군,37.50959552,126.9234415,193231.1429,445571.8563,56.76860324,12.318239567681069,41.91699996263563,2.7984186257505157,46.0,165.0
영등포구,(당산동,리비니하우스,2,고위험군,37.51943218,126.8977271,190958.8189,446665.7615,46.00940168,8.5102070428417,39.963836946225776,2.69826375636189,46.0,165.0
영등포구,(당산동,성심여인숙,2,고위험군,37.51874802,126.8983984,191018.0806,446589.7641,29.43365768,-10.497851669503543,39.68688140812974,2.7026788885461905,46.0,165.0
영등포구,(영등포동,제일여인숙,2,고위험군,37.51903649,126.9030905,191432.9119,446621.343,36.4793173,-4.054928922003199,38.684170580336726,2.696914850888262,46.0,165.0
영등포구,신길동,금산여관,2,고위험군,37.51157915,126.9187933,192820.3734,445792.3584,44.20411714,3.384419475359948,41.97232781205293,2.781801323418323,46.0,165.0
영등포구,신길동,옥성여관,2,고위험군,37.49345278,126.9079467,191859.4301,443781.4477,48.52918424,6.587097702433546,40.2843005160362,2.4827508749726905,46.0,165.0
영등포구,(영등포동,백송여인숙,2,고위험군,37.51790548,126.9077354,191843.4085,446495.4023,60.24121045,16.892784796361276,38.77855832675463,2.7685993839831573,46.0,165.0
영등포구,대림동,대흥장 여관,2,고위험군,37.48564409,126.9028456,191407.4291,442915.2389,42.43450728,-1.2113392048642098,40.487519172507426,2.434026052281455,46.0,165.0
영등포구,신길동,경남여인숙,2,고위험군,37.50425695,126.9092527,191976.0808,444980.4586,31.52402527,-7.004391780686536,40.27442005618816,2.6144124075061823,46.0,165.0
영등포구,(당산동,서울스테이,2,고위험군,37.52369543,126.8974721,190936.7857,447138.9535,48.17239464,5.998388148164615,40.703135043299774,2.589799539204752,46.0,165.0
영등포구,(영등포동,에덴여인숙,2,고위험군,37.51773847,126.9020827,191343.6624,446477.3713,51.9713941,7.766223442660298,39.12712224781292,2.690860928064798,46.0,165.0
영등포구,(영등포동,하나장여관,2,고위험군,37.51512537,126.9074189,191815.1275,446186.8726,41.37330111,1.8163137296427152,39.86390854324837,2.7377120838338187,46.0,165.0
영등포구,신길동,모아여인숙,2,고위험군,37.49571698,126.9079211,191857.4182,444032.7466,38.42266229,-5.408192910206033,40.18320859785081,2.51137224994773,46.0,165.0
영등포구,(영등포동,삼일여관,2,고위험군,37.51429313,126.9065718,191740.1422,446094.5785,35.34595885,-6.016838269358672,40.050311272542984,2.719203051465108,46.0,165.0
영등포구,(당산동,삼성여인숙,2,고위험군,37.51898252,126.900284,191184.8007,446615.6123,32.50609722,-7.144846298563095,39.35947342746066,2.6876353161185644,46.0,165.0
영등포구,(영등포동,대진여인숙,2,고위험군,37.51811386,126.9071551,191792.1267,446518.5803,37.39044122,-6.007217245798273,38.74435013387972,2.750969148871544,46.0,165.0
영등포구,신길동,삼화여관,2,고위험군,37.49716012,126.9074689,191817.5821,444192.9556,41.57385389,2.199201835528605,40.10465822125923,2.52919960311229,46.0,165.0
영등포구,신길동,대성장여관,2,고위험군,37.50887033,126.9154404,192523.6628,445491.9751,43.04772582,-0.7366433229177858,41.78497577495129,2.701990349752853,46.0,165.0
강남구,역삼동,뉴성심장,2,고위험군,37.49803822,127.0393026,203475.44,444287.117,35.77918864,-6.200332248918805,41.9316233725783,0.11353854977849868,46.0,165.0
강남구,역삼동,강남648호텔,2,고위험군,37.49724076,127.0310653,202747.0605,444198.337,40.55707327,-1.9971972357697467,42.18367422115847,0.2746181458545813,46.0,165.0
강남구,삼성동,호텔라엠 HOTEL La M,2,고위험군,37.51409315,127.0650082,205747.2943,446070.2678,35.01639888,-3.7446144166007898,39.434051449410056,-0.9181023788374161,46.0,165.0
강남구,논현동,휴호텔,2,고위험군,37.51389224,127.0366518,203240.3512,446046.615,48.4151719,5.630515167215847,42.064752725948395,-1.2140974701585012,46.0,165.0
송파구,잠실동,wynn(윈),2,고위험군,37.50846893,127.083407,207374.4678,445447.3338,34.91356048,-6.316294158696785,41.101120611231536,-0.43027337033667407,46.0,165.0
송파구,잠실동,마쯔&2060,2,고위험군,37.50826138,127.083844,207413.1303,445424.3328,39.55418134,-1.6681746166066276,41.1413265162207,-0.41914973560449426,46.0,165.0
송파구,마천동,해강,2,고위험군,37.49249331,127.1543075,213646.0785,443682.1632,43.9749055,2.40575452574231,41.588131477190636,0.22393778012231902,46.0,165.0
송파구,마천동,한양여인숙,2,고위험군,37.49239026,127.1535927,213582.8878,443670.6226,25.46312478,-16.065625969318305,41.5904177481624,0.22318557152164517,46.0,165.0
송파구,잠실동,라몬 모텔,2,고위험군,37.50848708,127.0829276,207332.0778,445449.3108,50.2765275,9.222990939248213,41.05807707888727,-0.4356890437074391,46.0,165.0
중구,(남산동,오요5롯지B(oYo5LodgeB),2,고위험군,37.55646209,126.9842423,198607.6709,450770.8303,41.86795209,-3.4294835888453576,44.37257829898604,1.351538985911781,46.0,165.0
종로구,누상동,경복궁 서촌 크리스천 홈(Christian Home),2,고위험군,37.57905551,126.9634431,196770.8518,453278.9474,40.53988204,-1.0068678459282125,43.92832220614112,2.557515754871006,46.0,165.0
종로구,누상동,게스트하우스 포테이토(Guest house Potato),2,고위험군,37.57729245,126.9657549,196974.9814,453083.191,44.19771534,3.053514817957833,43.59168800916565,2.6283005370201744,46.0,165.0
종로구,명륜1가,혜화 갤러리 아트,2,고위험군,37.58538272,126.9964746,199688.6167,453980.5731,23.69443007,-13.410142161896761,39.50630912440702,2.494928572641,46.0,165.0
종로구,누하동,외가스테이,2,고위험군,37.57707922,126.9669566,197081.1287,453059.487,51.29423278,9.857872495590826,43.5315674360927,2.647227987646883,46.0,165.0
종로구,동숭동,달빛스테이,2,고위험군,37.58122877,127.0048812,200431.1508,453519.5373,33.04972912,-3.003195090678531,37.15204151785544,1.986088013521828,46.0,165.0
종로구,사직동,디자이너의 집,2,고위험군,37.57065189,126.9652333,196928.6362,452346.1826,41.72423496,-3.583442461423651,42.91827991669547,2.684272260808286,46.0,165.0
종로구,숭인동,Lucia BNB,2,고위험군,37.57185478,127.0174885,201544.9462,452479.265,43.17949075,5.11925029419637,38.81641357769928,0.7154600772449109,46.0,165.0
종로구,동숭동,스튜디오 나인,2,고위험군,37.5765103,127.0056418,200498.3719,452995.8451,48.17283085,9.336025111043497,38.64216966456905,1.663083995354867,46.0,165.0
종로구,명륜1가,서유니스테이,2,고위험군,37.58392029,126.9972026,199752.9193,453818.2578,34.462287,-3.6256465941351905,39.00167017312583,2.447229282217067,46.0,165.0
종로구,숭인동,스콧스테이,2,고위험군,37.57421651,127.0154501,201364.8242,452741.3581,37.33031203,-1.4937726707841108,39.033775347710844,0.9052196099765264,46.0,165.0
종로구,명륜4가,Summer Stay,2,고위험군,37.57907379,126.9999585,199996.3378,453280.348,39.99555999,1.7150989612351282,38.7133771663037,2.184878160715656,46.0,165.0
종로구,혜화동,스테이늘,2,고위험군,37.58756109,126.999238,199932.7012,454222.3419,40.24175262,2.2766598673642875,39.18010535023225,2.397287551252776,46.0,165.0
종로구,충신동,매니스테이(Manny stay),2,고위험군,37.57207588,127.0036243,200320.1729,452503.6669,40.27820291,0.8804918050289245,39.77330170501395,0.9644341628494701,46.0,165.0
종로구,동숭동,Leafful House,2,고위험군,37.5783436,127.0051508,200454.989,453199.3178,35.30888226,-0.46746378986271964,37.532482151611276,1.8872864122573734,46.0,165.0
종로구,연건동,스테이 우연 종로,2,고위험군,37.57397464,126.9991629,199926.0495,452714.4015,46.07565852,7.057879290082276,40.30480966926719,1.9354471063762984,46.0,165.0
종로구,창신동,스텀프 서울(Stump Seoul),2,고위험군,37.57637446,127.0114388,201010.4525,452980.8149,38.58824191,0.655792321852573,39.11097377264446,1.1875477468038789,46.0,165.0
종로구,창신동,행복하우스,2,고위험군,37.57289625,127.0099206,200876.3773,452594.7586,33.89851878,-5.697616618311507,39.97049930161646,0.40375004329617936,46.0,165.0
종로구,동숭동,동숭스테이,2,고위험군,37.57696114,127.0048398,200427.5174,453045.8792,35.44823614,-2.9621671461796595,38.11501719619061,1.7892271143608665,46.0,165.0
종로구,연건동,종로 사랑채,2,고위험군,37.57380993,126.9984984,199867.3538,452696.1213,38.76461806,-1.4229498449904838,40.453755955709184,1.9557653737356666,46.0,165.0
종로구,동숭동,studio-2H,2,고위험군,37.57798974,127.004034,200356.3378,453160.0386,38.15147466,2.498220344325375,37.52714975557253,1.9138213770441919,46.0,165.0
종로구,부암동,레이지마운틴,2,고위험군,37.5881634,126.9633709,196764.8684,454289.822,45.95627697,2.6569493088591614,45.83640603762897,2.389937496812645,46.0,165.0
종로구,명륜3가,쉼표스테이-종로점,2,고위험군,37.5818896,126.9946863,199530.6429,453592.884,34.66726879,-2.13960107879722,39.47618720686779,2.5145071024481265,46.0,165.0
종로구,이화동,씨엘 드 서울,2,고위험군,37.57447432,127.0069088,200610.3091,452769.8823,36.60831945,-2.612608988691804,39.7748465801439,1.033838041423092,46.0,165.0
종로구,창신동,서경,2,고위험군,37.57040647,127.0111472,200984.7708,452318.4341,57.61500754,15.896785302483558,41.60383932630477,-0.1505210394128327,46.0,165.0
종로구,충신동,우주하우스,2,고위험군,37.57241142,127.0054482,200481.2904,452540.9158,48.26134114,8.475586097254727,40.30448150430971,0.6641630131742309,46.0,165.0
종로구,누하동,서촌 스테이,2,고위험군,37.57705277,126.9683159,197201.2043,453056.5099,42.32151399,-1.3353349700382964,43.496602177517566,2.6508482740540047,46.0,165.0
종로구,사간동,행복한 결정,2,고위험군,37.57507311,126.97972,198208.5271,452836.5119,59.18872553,12.486318134672679,42.17964981060872,2.7070512065322148,46.0,165.0
종로구,효자동,온세나라의 한옥집,2,고위험군,37.57925252,126.9705241,197396.3359,453300.5934,50.4213698,4.25462552337018,43.72033373998832,2.616737923665588,46.0,165.0
종로구,연건동,코지드림,2,고위험군,37.57625892,126.9998652,199988.0915,452967.9298,39.57873283,0.290214091459049,39.914961021422116,2.0388706128921785,46.0,165.0
종로구,창신동,홍스 게스트하우스(Hong's guest house),2,고위험군,37.57337487,127.0093892,200829.4276,452647.875,33.40063133,-6.280411495842117,39.91339767959141,0.5519923999262498,46.0,165.0
종로구,삼청동,슬로우스테이,2,고위험군,37.58182825,126.9818294,198395.009,453586.2168,56.07902177,-5.752837680880361,44.97015521539216,2.6727255880883707,46.0,165.0
종로구,옥인동,더 모닝,2,고위험군,37.57960508,126.9691711,197276.8339,453339.7619,51.97864139,6.053409631185836,43.826690693686686,2.5937678860349718,46.0,165.0
종로구,누하동,킴자 하우스,2,고위험군,37.57727948,126.9666425,197053.3925,453081.7233,46.52187423,5.2311297716053815,43.566503293231634,2.639169474289533,46.0,165.0
종로구,누하동,누하킴바이초이,2,고위험군,37.57706234,126.96847,197214.817,453057.5675,38.73543532,-7.36381821777357,43.494027017232796,2.6509800468808558,46.0,165.0
종로구,동숭동,루미혜화하우스,2,고위험군,37.580752,127.0044494,200393.0196,453466.6194,35.19597455,-2.63806084105709,37.267837886788406,1.9854211324050042,46.0,165.0
종로구,숭인동,어바웃플레이스(종로),2,고위험군,37.57284724,127.0198415,201752.7849,452589.4578,31.04724852,-6.356524382015582,38.029165511571904,1.0318015224729995,46.0,165.0
종로구,삼청동,아복화도,2,고위험군,37.58473252,126.9805974,198286.2597,453908.5794,60.83428478,5.358478507099733,45.53342407379939,2.6064788445663805,46.0,165.0
종로구,명륜1가,다즐데이,2,고위험군,37.58513783,126.9965269,199693.2342,453953.3929,34.38354022,-2.6291345825019334,39.45523408004942,2.4879583442082365,46.0,165.0
종로구,창신동,Ocher75,2,고위험군,37.57186853,127.0145496,201285.3208,452480.7468,40.08983536,-0.29116049591183213,40.839447949272824,0.447794512060201,46.0,165.0
종로구,원서동,한옥 살롱 115,2,고위험군,37.58073136,126.9883187,198968.1898,453464.3834,43.08616066,2.1713349088602456,41.66496331736252,2.7149023720213963,46.0,165.0
종로구,연건동,생추어리 종로,2,고위험군,37.57388942,126.9995166,199957.2938,452704.9428,39.26422403,0.8318064883570813,40.17381068927279,1.8656059169718375,46.0,165.0
종로구,명륜1가,사브리나 인 혜화,2,고위험군,37.58464025,126.9967044,199708.9126,453898.1666,35.19767749,-5.1416739716332245,39.318766681644185,2.4778260778917782,46.0,165.0
종로구,충신동,낙산의 야경,2,고위험군,37.57281384,127.0065969,200582.7651,452585.5862,37.17979395,-2.9632556959353167,40.362482103129054,0.6291157099809522,46.0,165.0
종로구,동숭동,슬로우스테이 혜화,2,고위험군,37.57838047,127.0045106,200398.4354,453203.407,25.6581223,-10.28937823377041,37.41465012411513,1.9133289275764318,46.0,165.0
종로구,숭인동,밤비 라 벨르,2,고위험군,37.57283677,127.0189944,201677.9572,452588.2803,34.80309151,-2.6433659296531715,38.15184952652395,0.9460421571073783,46.0,165.0
종로구,명륜2가,창경궁로 하우스,2,고위험군,37.58134152,126.9984553,199863.5593,453532.0412,42.74601658,6.818414101121299,38.02493054878524,2.342588906086642,46.0,165.0
종로구,숭인동,그린하우스3,2,고위험군,37.57413541,127.018058,201595.2067,452732.398,39.63411954,2.3111846359624266,38.162106539287315,1.0838349328549959,46.0,165.0
종로구,명륜1가,거북이집2,2,고위험군,37.58644628,126.9968187,199719.0203,454098.6151,33.83276553,-5.119279983900157,39.56373631999492,2.489476574307052,46.0,165.0
종로구,숭인동,종로테라스 스테이,2,고위험군,37.5740131,127.0179431,201585.0557,452718.8211,33.80362259,-3.5427950780657866,38.204843404895506,1.0632398465336246,46.0,165.0
종로구,숭인동,다 올,2,고위험군,37.57326645,127.0183138,201617.8214,452635.9579,29.40901059,-7.87804083399935,38.22916732910782,0.9912735772246803,46.0,165.0
종로구,창신동,창신맨션,2,고위험군,37.57072247,127.0120566,201065.1074,452353.5163,33.79043054,-7.765666343148844,41.553279712171495,-0.012146984075003829,46.0,165.0
종로구,창신동,소윤재,2,고위험군,37.57433739,127.0136425,201205.1454,452754.7497,41.04417387,2.489283666394904,39.39812744692076,0.8151450759265763,46.0,165.0
종로구,충신동,에피소드 스테이,2,고위험군,37.57233013,127.0074883,200661.517,452531.9059,43.09397537,2.633840822058758,40.49814287180832,0.36899329770635303,46.0,165.0
종로구,홍지동,엘리의 기억,2,고위험군,37.597632,126.9580216,196292.8752,455340.9282,45.59881177,0.4810193688016824,47.506982226846524,2.2506259184723407,46.0,165.0
종로구,창신동,힐제이,2,고위험군,37.5755572,127.0082476,200728.5613,452890.079,36.71266944,-2.749541547732008,39.46876155734609,1.181519066373883,46.0,165.0
종로구,익선동,SOUL STAY,2,고위험군,37.57202034,126.9883332,198969.3506,452497.5605,36.67221877,-6.452926061769482,38.243086532515306,2.390465184131038,46.0,165.0
종로구,이화동,덕덕 스테이,2,고위험군,37.57430912,127.0072709,200642.2905,452751.5494,41.30293322,1.4422974859591093,39.85351509802143,0.9595041932428782,46.0,165.0
종로구,체부동,스테이오구당당,2,고위험군,37.57487244,126.969823,197334.2546,452814.4746,29.6897594,-12.804472974246835,43.235667809312176,2.683407566821992,46.0,165.0
종로구,홍지동,스테이도호,2,고위험군,37.59442514,126.9590077,196379.8105,454984.964,52.69061378,8.18463153163237,46.93145398711305,2.2848036188424636,46.0,165.0
종로구,동숭동,영스테이,2,고위험군,37.57685429,127.0054421,200480.7256,453034.023,43.22420812,4.549327570982946,38.35166579134604,1.7321006166799584,46.0,165.0
종로구,누상동,누상 스튜디오,2,고위험군,37.57702556,126.9645801,196871.2031,453053.6078,40.88230727,-0.3342464816372228,43.59205286014141,2.619531926254586,46.0,165.0
종로구,동숭동,아늑히 혜화,2,고위험군,37.5788742,127.0052147,200460.6285,453258.2086,41.37641307,3.582966724835785,37.42667965231673,1.9110656602465481,46.0,165.0
종로구,청운동,옥연재,2,고위험군,37.58293415,126.9659934,196996.2837,453709.3475,41.37225948,-0.6538732781837169,44.63313519245982,2.4981242126044068,46.0,165.0
종로구,명륜1가,스테이 자두,2,고위험군,37.58428494,126.9959294,199640.4595,453858.7339,34.86457159,-5.154054845189435,39.48815253692524,2.506671229203321,46.0,165.0
종로구,명륜3가,메종 프롬네르,2,고위험군,37.58761522,126.9927879,199363.0092,454228.3739,45.41359904,7.3853248380523695,40.698412726785556,2.6194720515097254,46.0,165.0
종로구,명륜3가,Ivon Stay,2,고위험군,37.58488032,126.9950924,199566.5332,453924.8179,34.55417227,-4.797269092983832,39.82628319135199,2.5429688708154163,46.0,165.0
종로구,충신동,낙산성곽 게스트,2,고위험군,37.57382496,127.0074861,200661.313,452697.8147,38.0131833,-2.559156015594276,40.00732035860477,0.8092344002698301,46.0,165.0
종로구,창신동,blessing[축복],2,고위험군,37.57154433,127.01198,201058.3288,452444.7323,32.5935272,-8.519547054296964,41.2615730884727,0.16974263959183986,46.0,165.0
종로구,명륜3가,명문가,2,고위험군,37.58689804,126.9933154,199409.5952,454148.7716,48.9345883,10.619281330109771,40.51183311455496,2.6125322845422327,46.0,165.0
종로구,숭인동,아뜰리에8 동묘3,2,고위험군,37.57146892,127.0163964,201448.4777,452436.4216,41.64684799,2.0854373077079487,39.6796386842918,0.564576638050498,46.0,165.0
종로구,행촌동,서담재,2,고위험군,37.5730728,126.9619549,196639.1297,452614.9877,50.51994086,4.249084742788668,43.2288531419139,2.661546857683162,46.0,165.0
종로구,누하동,여인숙 깔마,2,고위험군,37.57768546,126.9683244,197201.9771,453126.731,35.82858009,-7.234924561156028,43.571142575414015,2.6391759660291836,46.0,165.0
종로구,창신동,스테리 하우스,2,고위험군,37.57250631,127.0115171,201017.4218,452551.4959,48.8998127,8.934560957242866,40.333534097252056,0.365362355362692,46.0,165.0
종로구,동숭동,모드의집,2,고위험군,37.58046511,127.004045,200357.295,453434.7763,32.23794208,-5.652141298602203,37.311757311827655,1.9828110086460393,46.0,165.0
종로구,충신동,오하이서울,2,고위험군,37.57285097,127.0072964,200644.5574,452589.7118,42.14006162,2.034303067046217,40.35584397819525,0.5653052341118825,46.0,165.0
종로구,동숭동,플라워니 스테이,2,고위험군,37.57730218,127.0054439,200480.8817,453083.7336,38.33716347,0.4967033819789819,38.037112325151305,1.7861907293488621,46.0,165.0
종로구,명륜3가,제이스테이,2,고위험군,37.5879836,126.9937221,199445.5294,454269.254,46.95778089,9.210766820269711,40.472920948574824,2.60275395846213,46.0,165.0
종로구,동숭동,스테이 대학로,2,고위험군,37.57760901,127.0054704,200483.2241,453117.7883,41.4194828,3.436554708922195,37.86514123082905,1.815729715905387,46.0,165.0
종로구,연건동,종로 인사이드,2,고위험군,37.57351439,126.998769,199891.2577,452663.3194,50.97011135,9.3494316744247,40.16628869206938,1.8891404779193635,46.0,165.0
종로구,연건동,바우하우스#3,2,고위험군,37.5741174,126.9984071,199859.2847,452730.247,29.02528386,-10.834418795699253,40.606193546271264,1.9880163406361075,46.0,165.0
종로구,사직동,솔라하우스,2,고위험군,37.57022261,126.966697,197057.9256,452298.4907,47.33542371,5.265581442623201,42.81312619081623,2.690097627015512,46.0,165.0
종로구,명륜1가,스테이 혜래,2,고위험군,37.58625433,126.9969301,199728.8526,454077.3105,38.93060945,0.10616203126215851,39.51008233627624,2.4814539996159866,46.0,165.0
종로구,연건동,리리하우스(LI LI HOUSE),2,고위험군,37.57378848,126.9993475,199942.3557,452693.7397,47.47162666,8.342756923026975,40.16258662852023,1.8748265411588578,46.0,165.0
종로구,필운동,윤스테이,2,고위험군,37.57371059,126.969278,197286.0626,452685.5383,40.11114409,-1.5924102769886304,43.12451721990337,2.685612511174735,46.0,165.0
종로구,창신동,창신동숙,2,고위험군,37.57372994,127.0113029,200998.4839,452687.3023,37.21380932,-1.9076621958370978,39.70135469422816,0.6286986212178637,46.0,165.0
종로구,숭인동,부엉이 게스트하우스(OWL Guesthouse),2,고위험군,37.57264698,127.01936,201710.2576,452567.2224,31.76487435,-5.754427776179902,38.107905300337876,0.9562513582505957,46.0,165.0
종로구,체부동,한스하우스(Hans house),2,고위험군,37.57471511,126.969672,197320.911,452797.0171,34.96165997,-7.7840408950408175,43.223530441080484,2.6804839313778865,46.0,165.0
종로구,필운동,게스트하우스 필운,2,고위험군,37.57419892,126.9675447,197132.9705,452739.7888,34.54451635,-8.484905201854012,43.243648893938044,2.692612273243511,46.0,165.0
종로구,소격동,쥘리앵,2,고위험군,37.57798512,126.9802125,198252.1046,453159.7022,51.18970741,-1.0358796213931214,43.748992276156045,2.718994931869721,46.0,165.0
종로구,숭인동,킴스패밀리하우스,2,고위험군,37.5734284,127.0213203,201883.4058,452653.9885,31.35018283,-6.375416081654372,37.861873952595325,1.2124543364089606,46.0,165.0
종로구,창신동,코비게스트하우스,2,고위험군,37.57042698,127.013348,201179.189,452320.7358,44.48160852,2.7469895367173294,41.75441973693968,0.0685822721059196,46.0,165.0
종로구,창신동,낙산발코니,2,고위험군,37.57637942,127.0092453,200816.6837,452981.3441,36.3936514,-2.122666998308766,39.35963831889574,1.3092397701273635,46.0,165.0
종로구,창신동,하이얀(Haiyan),2,고위험군,37.57476996,127.0128206,201132.5394,452802.7497,37.27620449,-1.2140214449290738,39.23411704784226,0.8686379612989267,46.0,165.0
종로구,팔판동,팔판동 레지던스,2,고위험군,37.58023347,126.9796263,198200.3715,453409.2543,64.41075129,9.620223290234485,44.63444963528554,2.6865824891422436,46.0,165.0
종로구,옥인동,디 하우스,2,고위험군,37.58024857,126.9647079,196882.6187,453411.3207,45.1733403,1.276079495985293,44.10471043204706,2.5417962870061004,46.0,165.0
종로구,창신동,종로랑,2,고위험군,37.57412784,127.0088992,200786.1354,452731.4418,41.69800265,2.356098926309244,39.794763627991415,0.7647028743028648,46.0,165.0
종로구,숭인동,종로03,2,고위험군,37.5770678,127.0164702,201454.8875,453057.8337,42.85265611,5.315150368848407,37.91186961376398,1.294371836558362,46.0,165.0
종로구,숭인동,우드 브릿지,2,고위험군,37.5776089,127.0160414,201416.9959,453117.883,33.78967505,-3.15168339447996,37.86274870760577,1.3608955828429505,46.0,165.0
종로구,누상동,서로 우리 하우스,2,고위험군,37.57821014,126.9651853,196924.7075,453185.0626,42.59248438,1.632874313298764,43.71997554669662,2.6002747990308475,46.0,165.0
종로구,동숭동,루나,2,고위험군,37.57716262,127.0050959,200450.1458,453068.2423,36.15249321,-1.5108904619297974,38.03790960264447,1.7930159103870205,46.0,165.0
종로구,동숭동,자갈자갈집,2,고위험군,37.58075611,127.0036716,200324.3085,453467.0726,30.26264809,-5.924078340956669,37.32474061800614,2.006582869719977,46.0,165.0
종로구,동숭동,혜화비앤비,2,고위험군,37.57826684,127.0048888,200431.84,453190.7971,41.75313856,5.854858691946809,37.51215056218104,1.893443642807748,46.0,165.0
종로구,충신동,무이하우스,2,고위험군,37.57259223,127.0051718,200456.873,452560.9822,45.96679891,5.234701697873497,40.37543530700575,0.7653302518768108,46.0,165.0
종로구,동숭동,혜화디어홈,2,고위험군,37.5770991,127.0040568,200358.3534,453061.1879,36.70825939,-1.097154274994928,37.955031394712414,1.8588154282617857,46.0,165.0
종로구,숭인동,더모던한옥,2,고위험군,37.57338388,127.0156867,201385.7439,452648.9493,43.90240384,5.163486873383903,39.38097749642215,0.8026490367398762,46.0,165.0
종로구,누하동,호랑주택,2,고위험군,37.575989,126.9687868,197242.7592,452938.4298,38.47912658,-6.945430307869515,43.38453465291712,2.678046104478936,46.0,165.0
종로구,사직동,지니크 인,2,고위험군,37.57199422,126.9649162,196900.6794,452495.1761,49.41784938,-4.049308240111991,43.06886335221888,2.700401656124951,46.0,165.0
종로구,동숭동,Hyehwa the hill,2,고위험군,37.58081972,127.0052234,200461.3832,453474.1391,35.44910295,-3.0115803210410803,37.26206479284443,1.9693164557016865,46.0,165.0
종로구,숭인동,토토스테이,2,고위험군,37.57483903,127.0153908,201359.5789,452810.4498,35.94240913,-2.45595984647192,38.74260141285648,0.9768737152775829,46.0,165.0
종로구,숭인동,스테이별빛숭인,2,고위험군,37.57231353,127.0185069,201634.8996,452530.1982,35.59002371,-2.291781640039069,38.34125970422886,0.8518387574368395,46.0,165.0
종로구,숭인동,Today Sinseol,2,고위험군,37.57315713,127.0212725,201879.1962,452623.8797,31.2441916,-5.7805947463763445,37.88755685700234,1.184982810644978,46.0,165.0
종로구,동숭동,스테이 릴리헤이븐,2,고위험군,37.57796653,127.0038134,200336.8489,453157.4617,29.20497017,-6.3073182538290276,37.54196839268317,1.9216167912115665,46.0,165.0
종로구,누상동,seochon visit,2,고위험군,37.57824488,126.9653134,196936.0209,453188.9141,42.58194229,1.6200892162821319,43.722750842980005,2.600776217548133,46.0,165.0
종로구,연건동,노마드 컴퍼니,2,고위험군,37.57377342,126.9995655,199961.6205,452692.0681,34.52245346,-5.122656122624491,40.13798262270114,1.8516989369194414,46.0,165.0
종로구,창신동,낙산별화,2,고위험군,37.57584109,127.0086944,200768.0297,452921.591,37.29374739,-1.0797991688230582,39.42608587462916,1.2159932741858843,46.0,165.0
종로구,창신동,STAY-JUN,2,고위험군,37.57468047,127.0096493,200852.3931,452792.7839,41.78732154,2.8953204252173776,39.56323611503763,0.8688058840579801,46.0,165.0
종로구,통인동,오렌지,2,고위험군,37.57754872,126.9700155,197351.3499,453111.5054,53.30065427,4.583117844097231,43.49750885858222,2.6465615938233875,46.0,165.0
종로구,창신동,white house,2,고위험군,37.57061763,127.0128817,201138.0,452341.89,36.41708504,-5.289132849645505,41.68888717384301,0.03534784338436931,46.0,165.0
종로구,숭인동,스테이지니,2,고위험군,37.57532974,127.0216079,201908.7635,452865.021,34.84774418,-2.141053753858742,37.749031822532125,1.364417674764835,46.0,165.0
종로구,창신동,낙산 네스트(Naksan Nest),2,고위험군,37.57452089,127.0098405,200869.2886,452775.0741,34.99955458,-3.804932444983322,39.577125844000506,0.8245839010405234,46.0,165.0
종로구,동숭동,고은,2,고위험군,37.58044549,127.0047395,200418.6424,453432.6016,39.91231704,0.4544396502509187,37.30795845237476,1.966984236655694,46.0,165.0
종로구,충신동,램파트 게스트하우스,2,고위험군,37.57211599,127.0072916,200644.1406,452508.1375,42.05940877,1.4252635882099014,40.56123937282886,0.3315540767837802,46.0,165.0
종로구,행촌동,잔잔스테이,2,고위험군,37.57102423,126.9628053,196714.1624,452387.5901,54.42816398,6.738797631809014,43.03464428119493,2.6544230443852723,46.0,165.0
종로구,충신동,테이블 노트,2,고위험군,37.57321044,127.0069916,200617.6295,452629.6067,36.71474352,-3.1198488232592325,40.263529916418406,0.6941518849852966,46.0,165.0
종로구,숭인동,헬로서울,2,고위험군,37.57545495,127.0153898,201359.4829,452878.8098,27.10943643,-10.539869358633563,38.45961311698494,1.0564163720061008,46.0,165.0
종로구,부암동,라오테아로아 로그 하우스,2,고위험군,37.59531576,126.966535,197044.6115,455083.5494,61.45568017,15.742025772192804,48.19444853208604,2.336917526210926,46.0,165.0
종로구,동숭동,J-Park Story 동숭동,2,고위험군,37.57760907,127.004499,200397.4095,453117.7904,34.96233492,-0.9882793796765981,37.700614499216606,1.871100397646558,46.0,165.0
중구,(회현동,제이하우스,2,고위험군,37.55421386,126.9800582,198237.9105,450521.3737,51.64901113,5.968269017863221,46.805366832837095,1.731953478917301,46.0,165.0
중구,(회현동,88 게스트하우스,2,고위험군,37.55741988,126.9832419,198519.2921,450877.1489,38.17329224,-7.022548323406902,43.50091975782784,1.3965639804478482,46.0,165.0
중구,(남산동,숨2nd,2,고위험군,37.55543636,126.9859744,198760.694,450656.9622,40.49656198,-2.8615374729401566,44.68522637173365,1.2501586138006457,46.0,165.0
중구,(남산동,제이나인 게스트하우스,2,고위험군,37.55556946,126.9842,198603.9158,450671.7596,46.78088892,-1.265625135829893,45.030860312087796,1.3839400730759044,46.0,165.0
중구,신당동,마르코의 다락방,2,고위험군,37.5489861,127.0082689,200730.7041,449941.0003,37.09025641,-6.650138874230485,44.236070462864596,0.49599607243789484,46.0,165.0
중구,(회현동,라온,2,고위험군,37.5550507,126.9831565,198511.7028,450614.1994,59.61864305,8.008585551113775,45.65794463153303,1.4895261668198854,46.0,165.0
중구,(남산동,엔드 서울,2,고위험군,37.55488937,126.9843849,198620.2357,450596.275,47.31192821,3.3230277747202948,45.347275733217245,1.3914873904983707,46.0,165.0
중구,필동,명동 위 스테이,2,고위험군,37.5557537,126.9956652,199616.9777,450692.0995,40.51388138,-5.78590508060978,42.96426188045542,0.8321733203631154,46.0,165.0
중구,(만리동,서울 삼월,2,고위험군,37.55401687,126.9670078,197084.7555,450499.8349,59.5545475,14.177865231362148,44.29327413073381,3.082069304372741,46.0,165.0
중구,황학동,쉼 스테이,2,고위험군,37.56474665,127.0201533,201780.5246,451690.3927,39.015828,-1.0165019213977473,40.0112742030752,-0.2922607617966312,46.0,165.0
중구,신당동,일상고요,2,고위험군,37.56070631,127.010882,200961.4617,451241.8273,35.86591188,-7.649136982625102,43.36059745440296,0.4000933393719232,46.0,165.0
중구,신당동,스테이 신당,2,고위험군,37.55270014,127.0057008,200503.7439,450353.1973,41.09614645,-3.831157208061981,44.34929220315657,0.683037954322754,46.0,165.0
중구,신당동,원웨이하우스,2,고위험군,37.56091005,127.0096196,200849.9295,451264.4279,59.11993,15.754641584996051,43.54538736044926,0.44262529986250926,46.0,165.0
중구,(광희동,스테이오얏,2,고위험군,37.56135165,127.0075562,200667.6142,451313.4236,47.07123659,3.636741512037986,43.681611715191536,0.4987085859813041,46.0,165.0
중구,(광희동,메종 드 린,2,고위험군,37.56077622,127.0084615,200747.605,451249.5645,41.38415878,-1.938705226301174,43.66669323345378,0.5098292951094889,46.0,165.0
중구,중림동,서울로 스테이,2,고위험군,37.55472963,126.9667115,197058.6011,450578.952,41.07758266,-2.6668072978239152,44.1678188434826,3.04665814418982,46.0,165.0
중구,(남산동,그린네이비 게스트하우스,2,고위험군,37.55597835,126.9858585,198750.4613,450717.1182,38.43651312,-4.62956866501262,44.38756503047139,1.2448422520171876,46.0,165.0
중구,신당동,서울 나침반,2,고위험군,37.56041504,127.0175305,201548.8951,451209.5886,34.91884579,-5.014728858945716,39.874255869957324,-0.05636164027389137,46.0,165.0
중구,남창동,소시 스테이,2,고위험군,37.55367274,126.9766149,197933.6431,450461.386,33.13097855,-8.332346878828034,42.26577611866156,1.744290497335432,46.0,165.0
중구,(광희동,하나 스테이,2,고위험군,37.56150091,127.0088191,200779.191,451329.9994,35.17793373,-8.313427760550532,43.599424896094746,0.42292218661923797,46.0,165.0
중구,신당동,소당 스테이,2,고위험군,37.56159957,127.0121655,201074.8572,451340.9825,36.09486543,-6.730121242645872,42.81329297778238,0.1644605029776588,46.0,165.0
중구,(광희동,호야,2,고위험군,37.56123206,127.0089903,200794.3234,451300.1617,45.14853056,1.6206646366241984,43.59319996284208,0.44282375505294447,46.0,165.0
중구,(필동,나미스 하우스,2,고위험군,37.55760098,126.9967439,199712.3019,450897.1218,54.444493,12.089015333744278,42.48555180057301,0.7727455487018559,46.0,165.0
중구,(광희동,스테이 이비비,2,고위험군,37.56096498,127.0079841,200705.4188,451270.5109,42.19562817,-1.281420858315066,43.70035696227257,0.5150199476404012,46.0,165.0
중구,(남산동,명동힐,2,고위험군,37.55618754,126.9858278,198747.7601,450740.3362,41.50493717,-1.3947045944215404,44.21877763622504,1.2426310170905295,46.0,165.0
중구,(회현동,남산 네스트,2,고위험군,37.554501,126.9835012,198542.1455,450553.1839,60.04891782,12.809959525297124,45.728533611594784,1.478513557605288,46.0,165.0
중구,필동,충무맨션,2,고위험군,37.55679475,126.9950393,199561.6804,450807.6464,31.73977033,-10.064168315246476,42.42491600570355,0.861934266024103,46.0,165.0
중구,(남산동,하우스 사라,2,고위험군,37.55471617,126.9847442,198651.9832,450577.0466,38.32964899,-5.5568876868846,45.311087368679594,1.367087005050711,46.0,165.0
중구,(광희동,지안,2,고위험군,37.56101811,127.0089864,200793.9749,451276.4157,39.55814524,-3.8897701491894523,43.59498984275335,0.4609624130307024,46.0,165.0
중구,신당동,단이랑체리의집,2,고위험군,37.55998923,127.0134705,201190.1805,451162.2695,39.75158107,-2.3475067042518845,41.88728352859685,0.3149752311088008,46.0,165.0
중구,신당동,스테이 109,2,고위험군,37.5603757,127.0188196,201662.7907,451205.2443,32.32799509,-7.692050727875376,39.975989270997914,-0.04894857430934928,46.0,165.0
중구,(회현동,제이나인 롯지,2,고위험군,37.55368801,126.9812494,198343.1612,450462.989,51.36199141,6.043385634182748,47.07813931929527,1.6922663898283188,46.0,165.0
중구,신당동,유에 하우스,2,고위험군,37.55940725,127.0129652,201145.5411,451097.6704,46.08807564,4.162929930621068,42.121971799436324,0.4335473967680218,46.0,165.0
중구,(만리동,더 파인 하우스,2,고위험군,37.55237109,126.9660433,196999.462,450317.2033,41.35634153,-1.521852854991259,43.689689365736115,3.1823994522419534,46.0,165.0
중구,(남산동,봉스 비앤비(Bong's BNB),2,고위험군,37.55451805,126.9843521,198617.3315,450555.0634,54.46960679,10.423725834574512,45.498927955625405,1.407456729515192,46.0,165.0
중구,(남산동,Juny's Cozy Home,2,고위험군,37.55581166,126.9859932,198762.3632,450698.6158,38.30371759,-4.843150108512788,44.46223971664905,1.2390854525958692,46.0,165.0
중구,(남산동,남산 하이드아웃,2,고위험군,37.55534782,126.9839547,198582.236,450647.1639,57.20054365,8.753147141192379,45.220249710116974,1.4104123749932749,46.0,165.0
중구,신당동,랜디모어,2,고위험군,37.55887898,127.0088564,200782.5175,451038.9965,32.43703662,-10.978130201681658,43.58515745622947,0.6052050457857779,46.0,165.0
중구,(필동,섭 스테이,2,고위험군,37.55767439,126.9970922,199743.0717,450905.2684,49.93309602,7.7121878471630225,42.51857734164193,0.7523241203422927,46.0,165.0
중구,예장동,태라 인 명동,2,고위험군,37.55480677,126.9849211,198667.615,450587.0996,42.9253076,-0.872827162438206,45.22916940189705,1.3480400825514183,46.0,165.0
중구,(남산동,보로하우스,2,고위험군,37.5548131,126.9847312,198650.8398,450587.8049,39.89904003,-3.9623923179653744,45.28220156621959,1.3634580690168334,46.0,165.0
중구,중림동,서울로 드림 하우스,2,고위험군,37.55441998,126.9665703,197046.1105,450544.5889,44.46249585,1.6350310478504468,44.16976502873118,3.0710971199697754,46.0,165.0
중구,(남산동,케이브 명동,2,고위험군,37.55568395,126.9842106,198604.8492,450684.4665,46.57411602,-1.186504090920657,44.960524299314436,1.3790768633602033,46.0,165.0
중구,(광희동,동대문 도도,2,고위험군,37.56099125,127.0076842,200678.9284,451273.4244,36.24904379,-7.32430222841144,43.71798493401221,0.5234780295411819,46.0,165.0
중구,신당동,신당동 스마일 스테이,2,고위험군,37.56102698,127.0135953,201201.1878,451277.4491,29.67571921,-12.25386241117592,41.979560604832685,0.12599265696847442,46.0,165.0
중구,(광희동,DDP NEST,2,고위험군,37.56041505,127.0074279,200656.2858,451209.4712,37.75792958,-6.338652458946299,43.77677273182549,0.5708531720718677,46.0,165.0
중구,묵정동,모노블룸 스테이,2,고위험군,37.55861369,127.000778,200068.7394,451009.5159,34.36070964,-8.846904534890584,43.709715372467535,0.5755981406810842,46.0,165.0
중구,신당동,스틸 하우스 신당,2,고위험군,37.56150693,127.0118869,201050.2443,451330.6974,42.73245199,-0.2336979623488773,42.96870201307887,0.20263067307394483,46.0,165.0
중구,황학동,고유홈,2,고위험군,37.56586802,127.0206896,201827.8744,451814.8619,40.40560456,0.6899694861994377,39.79537112903685,-0.09400309320255149,46.0,165.0
중구,(남산동,동동 스테이,2,고위험군,37.55539114,126.9844476,198625.7869,450651.9646,47.47970872,1.3321448123941835,45.09378396301553,1.3692363623477757,46.0,165.0
중구,중림동,시스앤브로 JL,2,고위험군,37.55580362,126.9628839,196720.4354,450698.2787,34.31496082,-6.853478336262093,43.14711318260368,2.903444652197795,46.0,165.0
중구,(필동,남산벚꽃스테이,2,고위험군,37.55784545,126.9968497,199721.6519,450924.2548,51.39342502,9.314313545671688,42.37893349284618,0.7577651970013196,46.0,165.0
중구,황학동,홍스테이 신당,2,고위험군,37.56450034,127.0210405,201858.9132,451663.0724,34.87490551,-5.504239443481261,40.348522157501144,-0.16642033744561932,46.0,165.0
중구,필동,블루브릭스 남산,2,고위험군,37.55351364,126.9957371,199623.3159,450443.4793,52.96110765,10.17240515860535,43.61039045769053,0.7740331948469585,46.0,165.0
중구,신당동,와유,2,고위험군,37.5537573,127.0092099,200813.8071,450470.554,40.57221977,-3.079433147185931,42.910665822934384,0.5797475670065894,46.0,165.0
중구,예장동,남산 하나 하우스,2,고위험군,37.55235723,126.9937912,199451.3703,450315.1412,43.81273322,1.107230270365946,43.59822909636869,0.840951431472723,46.0,165.0
중구,(장충동,글림스,2,고위험군,37.55957821,127.0078024,200689.3821,451116.5945,47.01206448,3.354374821932012,43.82198637574248,0.594623664531105,46.0,165.0
중구,남학동,해마루,2,고위험군,37.55778377,126.9896856,199088.6488,450917.4543,42.42446275,1.8204047971272175,40.88993850444002,1.0346606042846533,46.0,165.0
중구,신당동,뽀키 하우스,2,고위험군,37.55998632,127.0128996,201139.7433,451161.9395,34.47588615,-7.971052129486004,42.21615300523308,0.3592574290484357,46.0,165.0
중구,신당동,더 情(정) 스테이,2,고위험군,37.56112752,127.0119906,201059.4101,451288.5886,32.09606862,-10.84843550055384,42.86207469572916,0.2550185870198148,46.0,165.0
중구,(광희동,웨어하우스,2,고위험군,37.56093266,127.0089999,200795.1704,451266.9319,44.52550809,1.2075149241017726,43.594793744424436,0.470495938629407,46.0,165.0
중구,필동,무지개 하우스,2,고위험군,37.55598648,126.9974478,199774.4857,450717.9296,45.88263655,3.3775904824588068,43.329665404979764,0.7767945576317744,46.0,165.0
중구,(장충동,중구 마루,2,고위험군,37.55578529,127.0006057,200053.5168,450695.597,48.73679139,5.327721351292794,44.128035058743144,0.6772677881000374,46.0,165.0
중구,신당동,포코라 스테이,2,고위험군,37.55589487,127.0092648,200818.6295,450707.7992,43.94323832,1.2371181402870022,43.11380581287715,0.7052014733792742,46.0,165.0
중구,(장충동,서울우리집(SEOUL WOORIJIB),2,고위험군,37.56003474,127.0074591,200659.0414,451167.2615,46.42467188,2.0672056399097656,43.81123153580905,0.5909664576518859,46.0,165.0
중구,(회현동,남대문 하우스,2,고위험군,37.55509097,126.9792975,198170.7162,450618.737,50.51111132,6.487223870319433,45.8175817722329,1.745740717362479,46.0,165.0
중구,남창동,케이팝 하우스,2,고위험군,37.55394624,126.9764108,197915.6152,450491.7457,32.31059695,-9.233592047355984,42.228092090328545,1.750461054510297,46.0,165.0
중구,예장동,태은 하우스,2,고위험군,37.5563119,126.9920602,199298.4508,450754.0739,41.19362209,-1.5047098940032058,41.791003178699995,0.937024111843894,46.0,165.0
중구,(필동,린앤힐,2,고위험군,37.55756004,126.9968038,199717.5917,450892.5778,45.84329277,3.4374545481480823,42.53579231435222,0.7720324032312731,46.0,165.0
중구,황학동,티아모스테이,2,고위험군,37.56441455,127.0200994,201775.7688,451653.5325,35.22993492,-4.779781884143162,40.07170320721717,-0.31470574752004093,46.0,165.0
중구,필동,미야,2,고위험군,37.55667372,126.9951559,199571.9849,450794.213,28.72798585,-13.710601121142407,42.49634023257319,0.8593751843573192,46.0,165.0
중구,(남산동,스테이720,2,고위험군,37.55431315,126.9849806,198672.8637,450532.3129,43.15912087,-0.8194628363913736,45.42271142047008,1.360373808727378,46.0,165.0
중구,남창동,샤이닝 데이지,2,고위험군,37.55434273,126.9766158,197933.7438,450535.7469,34.39493308,-7.380359050093801,42.51423632177382,1.777350681470853,46.0,165.0
중구,(광희동,라르고 스테이 동대문,2,고위험군,37.56149707,127.0086864,200767.4711,451329.5721,39.87344976,-3.603033895575251,43.60023298036584,0.4314193188040676,46.0,165.0
중구,신당동,메트로썬 스테이,2,고위험군,37.55985101,127.0113559,201003.3494,451146.9041,47.30802481,4.24658719791713,43.08291114090615,0.4704215847984046,46.0,165.0
중구,(장충동,서울N하우스,2,고위험군,37.55958688,127.0083747,200739.9495,451117.5611,60.94241412,17.561108689088194,43.69015241857292,0.5837192241865625,46.0,165.0
중구,(만리동,메이하우스,2,고위험군,37.55242898,126.9659875,196994.5354,450323.6302,41.84667285,-1.2671061876001701,43.70739889736485,3.179072976083739,46.0,165.0
중구,(남산동,해피가든,2,고위험군,37.55527576,126.9851366,198686.6649,450639.1489,44.88985847,1.2978592011815095,44.976785775841634,1.3166396689806228,46.0,165.0
중구,예장동,마마 게스트하우스2,2,고위험군,37.5557369,126.9875998,198904.3179,450690.2984,43.60656834,-0.05726450628372248,43.980136998195626,1.1447698808498556,46.0,165.0
중구,중림동,J Stay Seoul,2,고위험군,37.55513081,126.9671369,197096.2009,450623.4649,44.84525576,-0.10531541049185478,44.196561891155746,3.0331069033770013,46.0,165.0
중구,(남산동,아리하우스,2,고위험군,37.55760349,126.9860718,198769.3421,450897.4866,47.68913019,5.226844512296296,42.88607689470496,1.1981581240304058,46.0,165.0
중구,(회현동,선물플러스,2,고위험군,37.5547866,126.9821223,198420.3157,450584.9044,46.21601223,-5.609404920513995,46.40026052439341,1.5945743729368123,46.0,165.0
중구,신당동,77게스트하우스,2,고위험군,37.56177346,127.0108538,200958.9591,451360.2681,60.49631632,16.97908780462749,43.40103432826253,0.248766279410291,46.0,165.0
중구,(남산동,명동 루프탑호스텔 2,2,고위험군,37.55556134,126.9857794,198743.4677,450670.8361,40.86116656,-2.4839226521899818,44.67027901929014,1.2599757869591184,46.0,165.0
중구,(남산동,남산 마이,2,고위험군,37.55466166,126.9840442,198590.1278,450571.007,46.68851568,-0.07042707164557527,45.50784241318692,1.4311322419880772,46.0,165.0
중구,(장충동,타오,2,고위험군,37.55489488,127.0062429,200551.6224,450596.7903,53.23646908,6.906918434208912,43.55242640504099,0.6905472947740378,46.0,165.0
중구,예장동,더힐,2,고위험군,37.55500894,126.9846466,198643.3689,450609.542,45.1925667,0.3335991821085571,45.23597406692507,1.3644643600411563,46.0,165.0
중구,(만리동,콩 포레스트,2,고위험군,37.55234747,126.9659384,196990.1899,450314.5851,41.07725287,-1.701399136232979,43.65844205979761,3.184141430658737,46.0,165.0
중구,(회현동,남산스튜디오,2,고위험군,37.55515938,126.9793328,198173.8388,450626.329,50.53107218,6.497518316658052,45.81376693698958,1.7429521265665373,46.0,165.0
중구,(회현동,브루니하우스,2,고위험군,37.55358333,126.9802825,198257.7179,450451.3883,40.3849747,-4.724488364754279,46.90839098189218,1.735299628617369,46.0,165.0
중구,(광희동,까사데루나,2,고위험군,37.56089279,127.007935,200701.0813,451262.4983,42.12728201,-1.382152165260436,43.71243242276887,0.5253849147775638,46.0,165.0
중구,(회현동,스테이모어,2,고위험군,37.55454397,126.9835361,198545.2302,450557.9525,44.80164547,-2.4541201316024086,45.712496869678695,1.4742442904863196,46.0,165.0
용산구,서계동,유어홈,2,고위험군,37.5485797,126.9677056,197146.2052,449896.3528,37.88505541,-6.761671366853335,41.20882682486769,3.247715208515477,46.0,165.0
용산구,(용산동,지미집2,2,고위험군,37.54356367,126.9817095,198383.5909,449339.3012,44.6726979,1.3508307396637136,45.46741920896778,2.061486327217289,46.0,165.0
용산구,한강로1가,하우재,2,고위험군,37.53166385,126.9734744,197655.4528,448018.7404,28.40368529,-10.865491775933883,40.50588847175675,2.2285869287630047,46.0,165.0
용산구,동자동,서울채(seoulchae),2,고위험군,37.54730923,126.9726644,197584.3668,449755.207,45.72897854,0.43444302831373705,45.45530267014277,2.945146816534241,46.0,165.0
용산구,서계동,BRO & SIS,2,고위험군,37.54783273,126.9670404,197087.3955,449813.4685,38.09581755,-4.899458303586414,40.93744293481488,3.3097677720443,46.0,165.0
용산구,서계동,블루문 하우스,2,고위험군,37.55188791,126.9674986,197128.0409,450263.5307,60.56342405,17.074448790670303,43.29635217611531,3.136804092748274,46.0,165.0
용산구,이태원동,요트(Yacht),2,고위험군,37.53264065,126.9915404,199252.2836,448126.8562,40.2934605,0.7266846061408572,39.61129528134353,0.07136839498227139,46.0,165.0
용산구,이태원동,Noel's Guest House,2,고위험군,37.53050834,126.992442,199331.9498,447890.1893,51.54204645,11.293387523098595,40.197351722672096,-0.04931532835772164,46.0,165.0
용산구,이태원동,Tree House Itaewon,2,고위험군,37.53263443,126.9903676,199148.6251,448126.1758,44.9280938,4.7824224350915046,39.76797329757454,0.13681869678443462,46.0,165.0
용산구,이태원동,제로미네,2,고위험군,37.53262332,126.9916275,199259.9828,448124.9321,36.59435691,-2.950421818695119,39.589334856769796,0.0666778412024951,46.0,165.0
용산구,이태원동,소안하우스,2,고위험군,37.53578494,126.9885245,198985.7591,448475.8619,33.0359577,-8.201518876101943,41.081919916768214,0.4807297261395394,46.0,165.0
용산구,(용산동,Seoul Best Stay,2,고위험군,37.5417635,126.9870837,198858.5068,449139.4254,50.27019102,2.349297284577389,44.87980507010739,1.5650740027199488,46.0,165.0
용산구,서계동,casa bella(까사벨라),2,고위험군,37.55060085,126.9658074,196978.5438,450120.7355,52.52908728,11.14765487471751,42.92230926490211,3.2510645954888555,46.0,165.0
용산구,서계동,Crystal House,2,고위험군,37.55095205,126.9659247,196988.9232,450159.7107,54.51468679,13.709180993453344,43.04990157234705,3.2376972177196723,46.0,165.0
용산구,한강로3가,모모하우스,2,고위험군,37.51980161,126.9624592,196681.3184,446702.5113,63.15776777,16.414904701340873,46.29652951839993,-0.42044790485602446,46.0,165.0
용산구,갈월동,Maison,2,고위험군,37.54380345,126.9733704,197646.6455,449366.0899,53.60717891,1.1659967963681197,49.732244879500996,3.0394457402235107,46.0,165.0
용산구,(용산동,플랫트먼트,2,고위험군,37.53987272,126.9848266,198658.9947,448929.6017,45.57682562,2.1476119604223953,44.998856628347,1.4786096568537903,46.0,165.0
용산구,한강로3가,땡스땡스,2,고위험군,37.5231306,126.9612601,196575.4605,447072.0304,47.00006405,1.189198863460895,45.81687223541277,-0.059702090232343685,46.0,165.0
용산구,원효로3가,모먼트 원효,2,고위험군,37.53174584,126.9562139,196129.8308,448028.4106,34.19663316,-5.468763904822069,39.81812811389673,0.5527651274712562,46.0,165.0
용산구,갈월동,리브하우스,2,고위험군,37.54386709,126.9732637,197637.2119,449373.1559,54.97057222,1.8379222534683208,49.69059754568477,3.0474045798953098,46.0,165.0
용산구,이태원동,나나씨네 스튜디오(NANACINE),2,고위험군,37.53680849,126.9901621,199130.5101,448589.447,46.87007105,5.794430152534652,41.16937276239777,0.4487345504045281,46.0,165.0
용산구,동자동,클라라 하우스(Clara House),2,고위험군,37.54691324,126.973684,197674.4553,449711.2312,50.37411653,4.180258735308605,46.280077811131605,2.8497232423137957,46.0,165.0
용산구,갈월동,로지칙스,2,고위험군,37.543979,126.9738171,197686.1196,449385.5628,33.79805287,-16.15587903141695,49.7209510433865,2.993167420514581,46.0,165.0
용산구,이태원동,스위트 이태원,2,고위험군,37.5309003,126.9924521,199332.8443,447933.692,33.89918198,-6.189464336156881,40.04682101170974,-0.039399596141840514,46.0,165.0
용산구,이태원동,RTR,2,고위험군,37.53218534,126.9905266,199162.6692,448076.3309,38.06926683,-1.7908133740459533,39.59802900622387,0.11027671595246093,46.0,165.0
용산구,후암동,진호하우스(Jinho's House),2,고위험군,37.54354563,126.9756162,197845.1,449337.4212,61.42623133,14.209034479218353,50.15907350212596,2.7712590139914006,46.0,165.0
용산구,이태원동,이태원 마인스테이(Itaewon Minestay),2,고위험군,37.52900389,126.9939066,199461.3995,447723.2047,44.04581991,3.0898709263077038,40.814177365910616,-0.1433311138548648,46.0,165.0
용산구,이태원동,쥬앤,2,고위험군,37.52927449,126.993104,199390.4598,447753.2428,36.70529582,-4.016596656621111,40.61061932057841,-0.10695324974481876,46.0,165.0
용산구,후암동,스마일홈,2,고위험군,37.54954053,126.9757895,197860.5883,450002.7787,42.69090814,0.570106632823304,42.256813713978715,2.0613394426082343,46.0,165.0
용산구,이태원동,베이스캠프,2,고위험군,37.53912139,126.9903992,199151.4881,448846.1484,44.29865668,2.209926887520048,42.33291311090923,0.7502966574828842,46.0,165.0
용산구,산천동,S&J House,2,고위험군,37.5340101,126.95316,195860.0322,448279.8456,36.76682325,-3.58759477365669,39.49406983913838,0.33281269551105763,46.0,165.0
용산구,한강로1가,에이미하우스,2,고위험군,37.53040258,126.9734968,197657.3897,447878.7545,51.32175585,12.919472767392904,40.412198554815184,1.920046223836731,46.0,165.0
용산구,서계동,DOMO,2,고위험군,37.54761991,126.9679016,197163.4873,449789.8218,39.43192641,-4.565243248022519,41.35790673327938,3.302855711026622,46.0,165.0
용산구,(청파동,Clean Cosy House,2,고위험군,37.54583457,126.9652925,196932.8472,449591.7525,45.98372176,8.89267504714315,40.162388686385626,3.38685808270857,46.0,165.0
용산구,남영동,서울하우스,2,고위험군,37.53873825,126.9734111,197650.0798,448803.9134,47.05116165,1.9036827370290297,47.9164991192034,3.074987516784261,46.0,165.0
용산구,이태원동,서울큐브 이태원,2,고위험군,37.53118332,126.9953179,199586.1563,447965.0872,33.61672986,-6.937837275595818,40.75926649098315,-0.10762599684942627,46.0,165.0
용산구,서계동,Via SEOUL,2,고위험군,37.54973422,126.9636203,196785.2392,450024.6225,39.99050407,-0.21797841507093807,40.77147088010804,3.265721289726224,46.0,165.0
용산구,서계동,루실라하우스,2,고위험군,37.55033384,126.9648423,196893.2536,450091.132,39.79914377,-2.879397060603864,41.80273394742632,3.2558635174307473,46.0,165.0
용산구,갈월동,Paul's house,2,고위험군,37.54360891,126.9730367,197617.1481,449344.5068,60.61377405,8.01959881248154,49.79065563537258,3.0758063687079398,46.0,165.0
용산구,후암동,후암3쉐어하우스,2,고위험군,37.54521554,126.9745652,197752.2742,449522.7856,52.87806809,6.591402754625925,48.70327020026586,2.851491412338109,46.0,165.0
용산구,후암동,후암3쉐어하우스,2,고위험군,37.54539096,126.9736288,197669.5307,449542.2779,59.65528374,9.721508991845084,48.59343734998366,2.94185518927457,46.0,165.0
용산구,(용산동,Maggies Doremi House,2,고위험군,37.53879298,126.9850305,198677.0039,448809.7609,44.48357039,1.6450314952537184,44.19110255589411,1.2995683306427759,46.0,165.0
용산구,후암동,후암별장3030,2,고위험군,37.54894256,126.9778127,198039.3585,449936.3671,25.72060729,-16.83684973853786,41.49560901861638,1.918797628298461,46.0,165.0
용산구,서계동,GIO & Sabina,2,고위험군,37.54982823,126.9672382,197104.9512,450034.9389,39.92973155,-4.839722879034333,42.18036798805857,3.214074312920266,46.0,165.0
용산구,서계동,KONG STAY,2,고위험군,37.55045612,126.9647761,196887.4097,450104.7058,44.10873939,0.9874124163007707,41.89655267203571,3.2449478931084688,46.0,165.0
용산구,(청파동,Andy's House,2,고위험군,37.54714029,126.9677561,197150.6086,449736.5941,40.67966478,-5.991476660584333,41.578340090408524,3.3218541366078638,46.0,165.0
용산구,한남동,바나홈스(VANA HOMES),2,고위험군,37.52842159,127.0076124,200672.872,447658.5864,47.12751881,3.421185906435362,43.21400509424922,-0.46377467212316403,46.0,165.0
용산구,이태원동,Today Seoul,2,고위험군,37.53017165,126.9924778,199335.113,447852.8207,36.09505967,-4.268515016054749,40.304121865106254,-0.058902060963899466,46.0,165.0
용산구,서계동,알(R)게스트하우스_2(알게호),2,고위험군,37.5509019,126.9658361,196981.0938,450154.1475,37.60831796,-3.214860099584371,43.07085170411747,3.2424257716540357,46.0,165.0
용산구,서계동,케이에이하우스,2,고위험군,37.55022518,126.966387,197029.7492,450079.0221,43.08253924,-0.3995559782891789,42.57713708928581,3.240176473256424,46.0,165.0
용산구,이태원동,로우 하우스,2,고위험군,37.52923706,126.9936657,199440.1025,447749.085,35.73412102,-5.11743449621806,40.72926736752427,-0.12363332546943072,46.0,165.0
용산구,이태원동,시크릿가든 이태원,2,고위험군,37.52933619,126.993219,199400.6173,447760.09,37.35313026,-3.3783943948243262,40.62273285563042,-0.10888000581275145,46.0,165.0
용산구,서계동,서계스테이,2,고위험군,37.54915325,126.9675493,197132.41,449960.0147,43.30277792,-0.8959675435671954,41.7527204091811,3.220474485690482,46.0,165.0
용산구,서계동,서울스테이션15,2,고위험군,37.54962409,126.9666029,197048.7993,450012.3016,44.2193941,1.5771419130736888,42.37641491548879,3.244630063697761,46.0,165.0
용산구,이태원동,게스트하우스 몽자,2,고위험군,37.52914578,126.9944424,199508.7587,447738.9498,46.60814375,5.5120484989945595,40.940626431086116,-0.1494331257934588,46.0,165.0
용산구,(용산동,해방촌 루프탑 스테이,2,고위험군,37.54272485,126.9855427,198722.3312,449246.1434,42.20835389,-5.320019394183149,45.51876264912316,1.7268655191652418,46.0,165.0
용산구,후암동,도란도란,2,고위험군,37.54840168,126.9790415,198147.9349,449876.311,42.30231611,-0.05216681857215377,41.38369376006648,1.8580648088332632,46.0,165.0
용산구,한남동,원보이,2,고위험군,37.53352161,127.0000738,200006.522,448224.5982,39.45117899,-2.0948346186612383,41.46006023814621,-0.23689951588123367,46.0,165.0
용산구,후암동,이태원 서울역 사이,2,고위험군,37.5451218,126.980573,198283.1966,449512.2549,41.1572754,-1.5338186423118003,44.85131533507215,2.105720729411511,46.0,165.0
용산구,(청파동,포엠 스테이,2,고위험군,37.54535149,126.967653,197141.4294,449538.0621,63.86449546,16.17784345001953,43.29386611844682,3.385129981344065,46.0,165.0
용산구,한남동,OK Hannam House 201,2,고위험군,37.54043839,127.0017348,200153.315,448992.2774,35.9500847,-4.716590433957222,40.68774513544439,0.028319358790344355,46.0,165.0
용산구,이태원동,아늑단스테이,2,고위험군,37.53763728,126.9905786,199167.3242,448681.4287,34.50487578,-6.7258874457270394,41.50183878460651,0.5084729667991325,46.0,165.0
용산구,(용산동,담다 스테이,2,고위험군,37.5426867,126.9814429,198360.0156,449241.9728,42.7091482,-0.860520585925002,45.742982897804055,2.0881606341103276,46.0,165.0
용산구,후암동,서울모먼트,2,고위험군,37.54728255,126.9795171,198189.9331,449752.0918,42.92312548,0.7784955207582982,42.63330441200774,1.959122612547634,46.0,165.0
용산구,이태원동,은월당,2,고위험군,37.53566435,126.9879654,198936.3371,448462.484,47.43547052,6.333939993959369,41.191396699126024,0.5159623730252745,46.0,165.0
용산구,(청파동,서울 플로우 스테이,2,고위험군,37.54648304,126.9662074,197013.7302,449663.6954,48.56567298,0.05493930049530604,40.891055235008686,3.387762500057684,46.0,165.0
용산구,이태원동,마노아,2,고위험군,37.53047704,126.9925783,199344.0024,447886.7145,33.79352228,-6.496901073386518,40.2345683447398,-0.054781136684135034,46.0,165.0
용산구,서계동,오브제니,2,고위험군,37.55181274,126.9670498,197088.3801,450255.2015,34.72585451,-6.773458529969304,43.35405865976572,3.1672700737399557,46.0,165.0
용산구,서계동,모스마라,2,고위험군,37.55002114,126.9651399,196919.5358,450056.4163,30.31500605,-8.599386715435202,41.75926328660842,3.280629070112413,46.0,165.0
용산구,서계동,휴스테이,2,고위험군,37.55031408,126.9644317,196856.967,450088.9525,36.80987067,-5.78299007800743,41.52936419151747,3.26071028556932,46.0,165.0
용산구,서계동,코코지 하우스,2,고위험군,37.54910356,126.9673355,197113.5195,449954.5063,60.20255319,15.040711754660705,41.77314932590765,3.2328508409750487,46.0,165.0
용산구,후암동,까사 드 엘린,2,고위험군,37.54460651,126.9792145,198163.1242,449455.0896,46.17698373,-2.0487887181765387,45.80222678962402,2.29611644137196,46.0,165.0
용산구,서계동,지니하우스,2,고위험군,37.54943783,126.9671668,197098.6249,449991.6114,35.66230248,-7.6262523578851145,42.10218454901648,3.223836576064159,46.0,165.0
용산구,후암동,까사 서울,2,고위험군,37.54988996,126.9761354,197891.1634,450041.5534,34.78450849,-7.368554736514319,41.96753719450963,1.9502018789411733,46.0,165.0
용산구,후암동,스테이자락,2,고위험군,37.54792551,126.9771717,197982.6839,449823.5004,37.60870928,-4.737891467802328,41.854658758784225,2.1625844076623255,46.0,165.0
용산구,서계동,??스 네스트(Syun's Nest),2,고위험군,37.54918316,126.9679172,197164.9241,449963.3232,44.58621164,1.215275432183411,41.64110474693811,3.1998198455811706,46.0,165.0
용산구,서계동,R&B House,2,고위험군,37.54903711,126.9676607,197142.2532,449947.1212,45.88492039,2.081580801953244,41.60139316703709,3.22300219626336,46.0,165.0
용산구,서계동,쉐어 스테이션 서울,2,고위험군,37.55027974,126.9663487,197026.3616,450085.0789,42.72022847,-0.4449650531856264,42.608576916389104,3.2393652656418275,46.0,165.0
용산구,한남동,안세원 게스트하우스(ASW guesthouse),2,고위험군,37.5315315,126.9994315,199949.7522,448003.7208,55.56263322,13.469112057568395,41.89856528090105,-0.2471078272198603,46.0,165.0
용산구,서계동,롬우드스테이,2,고위험군,37.55041496,126.9662806,197020.3502,450100.0888,35.43561976,-6.513432988497279,42.71126631891238,3.2406677341545307,46.0,165.0
용산구,후암동,지안하우스,2,고위험군,37.54676247,126.9750782,197797.6573,449694.4639,58.74104652,8.635294232203087,46.3131956244743,2.667808329998182,46.0,165.0
용산구,(용산동,남산뷰스테이,2,고위험군,37.54170275,126.9804996,198276.6314,449132.7832,43.95068111,0.2637324579734397,46.00344863050748,2.1821518054955296,46.0,165.0
용산구,서계동,정스테이,2,고위험군,37.54926172,126.9674668,197125.1256,449972.0561,37.27975309,-7.247921517894788,41.88775343409463,3.217527359389503,46.0,165.0
용산구,서계동,스타하우스,2,고위험군,37.55000463,126.9648755,196896.1755,450054.5926,35.96791909,-2.374500250266223,41.580424180271486,3.2839389611967182,46.0,165.0
용산구,이촌동,Hangang 204,2,고위험군,37.5230973,126.9547101,195996.4534,447068.5932,44.23936623,-1.3888003510628977,45.44055582214142,-0.1767300496930545,46.0,165.0
용산구,(청파동,정홈,2,고위험군,37.54350907,126.9672773,197108.156,449333.5873,37.25965439,-8.190875371926637,44.872357585739536,3.432764226330811,46.0,165.0
용산구,이태원동,가온,2,고위험군,37.53663986,126.991724,199268.5443,448570.7178,41.98277105,1.4952675742806107,40.50554349490187,0.3097907827708753,46.0,165.0
용산구,후암동,풀문스테이,2,고위험군,37.54411478,126.9784434,198094.9656,449400.5289,41.35524172,-2.818496012286566,46.74024720592093,2.4176617024556224,46.0,165.0
용산구,한남동,메이시맨숀,2,고위험군,37.53439446,127.0008025,200070.9324,448321.4741,41.38226121,0.20019048114041738,41.270808116189144,-0.23712545280995154,46.0,165.0
용산구,(용산동,라온힐조,2,고위험군,37.5430262,126.9811216,198331.6239,449279.6588,43.09087217,-0.36773251951711927,45.672593340079224,2.127241487643793,46.0,165.0
용산구,한남동,Stay Carpediem hannam(스테이 카르페디엠 한남),2,고위험군,37.53026068,127.0043576,200385.1707,447862.6842,49.39588336,6.129441114279437,42.86453550113362,-0.40002378895546237,46.0,165.0
용산구,갈월동,더 프리미어,2,고위험군,37.54305864,126.9730344,197616.9256,449283.4335,63.10738748,15.220410875801292,49.69163065461646,3.0847422005384866,46.0,165.0
용산구,이태원동,모드 하우스(Maud House),2,고위험군,37.53765495,126.9930357,199384.4836,448683.371,31.8351998,-8.513454114662121,40.53921525816545,0.30907286679203994,46.0,165.0
용산구,(청파동,써프서울,2,고위험군,37.54618389,126.9636539,196788.0569,449630.5775,33.31342003,-8.786170370805642,38.516231337451416,3.337173705220349,46.0,165.0
용산구,한남동,Song's house,2,고위험군,37.53440339,127.0009792,200086.5438,448322.4654,39.68052388,-1.4858159918218163,41.29313706799693,-0.24035158075880333,46.0,165.0
용산구,(청파동,THE SEOUL,2,고위험군,37.5477566,126.9667857,197064.8814,449805.0269,38.76983836,-6.913261559207896,40.871408067331046,3.32774581659257,46.0,165.0
용산구,한강로1가,하하하,2,고위험군,37.53008223,126.9737089,197676.1263,447843.1944,36.87995475,-1.5973469353213758,40.36998931586937,1.8017393480792157,46.0,165.0
용산구,용문동,스테이별밤(Stay Starry Night),2,고위험군,37.53501431,126.958858,196363.6953,448391.0649,52.61490348,14.577671797532396,39.279885585169055,1.249692967397798,46.0,165.0
용산구,후암동,남산어반하우스,2,고위험군,37.55050836,126.9762883,197904.6946,450110.185,33.38811821,-7.954952016267022,41.59378487492174,1.8456536239091654,46.0,165.0
용산구,동자동,스패로우스튜디오,2,고위험군,37.54701929,126.9733853,197648.0571,449723.0089,38.75626074,-6.196440226904372,46.01177234686307,2.8797666850155985,46.0,165.0
용산구,(청파동,서울46,2,고위험군,37.54275801,126.9684443,197211.2677,449250.1935,61.78438261,8.626574322166952,46.62237342652661,3.4633850193745674,46.0,165.0
용산구,이태원동,Bora Bora,2,고위험군,37.53061747,126.9931696,199396.2655,447902.2965,50.88357329,10.468821268974501,40.34099834071896,-0.0708903752707192,46.0,165.0
용산구,서계동,퍼플 게스트하우스,2,고위험군,37.55171369,126.9677629,197151.3889,450244.1863,41.50374535,-0.1291194798942712,43.0322741475719,3.125848039675689,46.0,165.0
용산구,서계동,에스제이하우스,2,고위험군,37.54977351,126.9649664,196904.1966,450028.938,34.15161823,-4.309652294042657,41.4835777170533,3.3024057629695704,46.0,165.0
용산구,서계동,서울로스테이,2,고위험군,37.54973422,126.9636203,196785.2392,450024.6225,39.99050407,-0.21797841507093807,40.77147088010804,3.265721289726224,46.0,165.0
용산구,한남동,아이필앳홈,2,고위험군,37.53348307,126.9998678,199988.3171,448220.3208,39.9607174,-1.550807491698727,41.42294901001253,-0.2353275280061564,46.0,165.0
용산구,이태원동,Stay KANU,2,고위험군,37.53250184,126.9914551,199244.7366,448111.4507,28.14397685,-11.466990381958041,39.59357335413104,0.06991404911903583,46.0,165.0
용산구,후암동,서울바이브,2,고위험군,37.54456846,126.976907,197959.2011,449450.9141,50.02730689,4.612009578789348,48.15844717449935,2.584057622502392,46.0,165.0
용산구,한남동,한남 STAY,2,고위험군,37.53160746,126.9982412,199844.5429,448012.1527,34.70221595,-7.060354433251987,41.622055686418975,-0.20225217322315792,46.0,165.0
용산구,서계동,디디 하우스,2,고위험군,37.5488117,126.9632609,196753.4446,449922.2462,45.2506991,3.1787564659269876,39.52146029189753,3.2813040466672327,46.0,165.0
용산구,서계동,서계스테이,2,고위험군,37.54834356,126.9622268,196662.0452,449870.3245,39.89141001,1.5203826143502965,38.84403324335675,3.212988436117536,46.0,165.0
용산구,(용산동,스테이 포인트,2,고위험군,37.54313034,126.9863529,198793.9391,449291.1372,45.56032007,-2.0265830914701297,45.41135999521289,1.7234647271844252,46.0,165.0
용산구,원효로2가,박시티오,2,고위험군,37.53442806,126.9647212,196881.891,448325.7879,25.43419514,-12.961232779849347,40.62727909454193,2.4204780604689056,46.0,165.0
용산구,서계동,Sori House,2,고위험군,37.55185651,126.9671179,197094.3985,450260.0574,40.77663024,-0.8623524370938966,43.376554586514686,3.1620097306193715,46.0,165.0
용산구,이태원동,Nirvana,2,고위험군,37.52880188,126.9949686,199555.2689,447700.7785,44.63683979,3.42592269246763,41.13015625351968,-0.1702605234719354,46.0,165.0
용산구,후암동,Huam The Classy,2,고위험군,37.54737862,126.9784728,198097.6485,449762.7751,40.4633134,-2.7598474588250284,42.3318775948349,2.030900658003122,46.0,165.0
용산구,후암동,모던스테이,2,고위험군,37.54396132,126.9816293,198376.5164,449383.4369,45.46731024,2.3109743496083865,45.30379009390286,2.0577684434499406,46.0,165.0
용산구,이태원동,이태원 바이브,2,고위험군,37.53244808,126.9904296,199154.103,448105.4927,38.12737946,-1.9236425978748741,39.69945613883022,0.1259999177999117,46.0,165.0
용산구,이태원동,이태원재재스테이,2,고위험군,37.53672375,126.989714,199090.9024,448580.0461,35.40351489,-5.738239157964571,41.266122120619265,0.4776323328582984,46.0,165.0
용산구,한강로3가,이촌 야드,2,고위험군,37.52008371,126.9678188,197155.1263,446733.6453,57.46389818,11.887646003757062,45.30284124193242,-0.32774127424462407,46.0,165.0
용산구,(청파동,남산연가,2,고위험군,37.54622601,126.9684448,197211.4419,449635.0994,41.26286998,-1.2178468341705369,42.72851759827878,3.3321279184127954,46.0,165.0
용산구,보광동,헬로 코지,2,고위험군,37.52583631,126.9973942,199769.663,447371.6285,37.21905647,-3.9625111873843295,41.60601597344052,-0.28404139305668136,46.0,165.0
용산구,이태원동,빈방,2,고위험군,37.53847138,126.9923266,199321.8218,448773.9896,47.38434165,6.483583051488409,41.331448377938315,0.4628541989432661,46.0,165.0
용산구,(용산동,HBC[온김],2,고위험군,37.54097036,126.9862253,198782.631,449051.4073,47.22102732,1.3068015952270926,44.984504419029044,1.5023576993626178,46.0,165.0
용산구,서계동,달별정원,2,고위험군,37.54853858,126.964621,196873.6241,449891.8871,32.88890299,-5.379548061885075,39.47438907052399,3.3474077714088177,46.0,165.0
용산구,효창동,블리크스틸(Blikstille),2,고위험군,37.53925952,126.9587811,196357.1068,448862.2342,37.61947111,-1.8651020144811952,38.98003855399715,1.601109773616821,46.0,165.0
용산구,후암동,남산스테이,2,고위험군,37.54587873,126.976517,197924.7755,449596.3468,33.97853343,-10.94600335723252,46.519883080556696,2.533347562549668,46.0,165.0
용산구,한강로3가,Cozy Stay Seoul,2,고위험군,37.52227695,126.9604691,196505.4968,446977.3151,43.88487738,-2.5519987711886074,46.235905249488255,-0.19169415392872735,46.0,165.0
용산구,서계동,스윗미 1949,2,고위험군,37.54897354,126.9669878,197082.7891,449940.0863,60.80523991,16.76051960776403,41.713221422224585,3.255337501867008,46.0,165.0
용산구,후암동,더 컬렉티브 후암,2,고위험군,37.54386235,126.9767252,197943.1164,449372.5484,52.22168465,6.088537053002526,48.92881921423932,2.6335333148319027,46.0,165.0
용산구,서계동,현스네스트,2,고위험군,37.54906679,126.9670341,197086.8823,449950.4345,42.04289826,-1.9392366259577898,41.810433031795576,3.247404699391845,46.0,165.0
용산구,동자동,아인하우스,2,고위험군,37.54694103,126.9729106,197606.1107,449714.3349,45.12553787,0.10341885646973736,46.17690400279276,2.94327094069292,46.0,165.0
용산구,한강로1가,쓰리코너스,2,고위험군,37.53130671,126.9722335,197545.7639,447979.134,29.29366136,-11.068512092723608,40.57122164903153,2.321390590734583,46.0,165.0
용산구,서계동,엘하우스,2,고위험군,37.54921377,126.9667011,197057.467,449966.7579,59.03207988,16.106724676817322,42.01593931669575,3.2561373453219824,46.0,165.0
용산구,이태원동,이태원하우스,2,고위험군,37.5366537,126.9869127,198843.3174,448572.3022,42.86834524,-1.091709459459409,42.25074987182003,0.7367928356676354,46.0,165.0
용산구,(청파동,스테이 서울스테이션(Stay SeoulStation),2,고위험군,37.54712594,126.9678539,197159.2577,449734.9985,41.00712519,-5.8897224156538925,41.61582273136748,3.320583685692572,46.0,165.0
용산구,이태원동,우드 그린 하우스,2,고위험군,37.5359855,126.9885287,198986.1304,448498.1215,40.32323775,-1.0592346164394755,41.215747979348755,0.5006947131139792,46.0,165.0
용산구,동자동,URin,2,고위험군,37.55008563,126.9738512,197689.3234,450063.3241,38.88252329,-4.707796501483131,42.43488018325364,2.458527561448873,46.0,165.0
용산구,갈월동,Give warm,2,고위험군,37.54401131,126.9734051,197649.7142,449389.159,43.26361098,-9.719765050227188,49.62643478749683,3.033185037725688,46.0,165.0
용산구,서계동,문스테이(MOON스테이),2,고위험군,37.54942177,126.9666968,197057.0882,449989.8435,35.37313769,-7.888975375581879,42.21321535533815,3.248657592545486,46.0,165.0
용산구,(용산동,잘예니컨설팅,2,고위험군,37.54224321,126.9812696,198344.686,449192.7539,40.89131904,-2.7311278351129573,45.85070372669652,2.0990264437556547,46.0,165.0
용산구,이태원동,ONDO 이태원,2,고위험군,37.53105757,126.995808,199629.4715,447951.1285,36.98260252,-3.7785628866411543,40.98782017653765,-0.12991563339855688,46.0,165.0
용산구,이태원동,리원 알파,2,고위험군,37.53903073,126.991276,199228.9781,448836.0787,35.8039222,-6.02389119084372,42.01638664924792,0.6448056808924431,46.0,165.0
용산구,이태원동,하하,2,고위험군,37.53588324,126.9903901,199150.6454,448486.7535,43.46356711,2.644110650596126,40.547154114481195,0.3405505686337632,46.0,165.0
용산구,서계동,마야,2,고위험군,37.54777809,126.9676629,197142.404,449807.3851,41.603808,-0.9777190444644646,41.15719814361154,3.2933173329360574,46.0,165.0
용산구,원효로1가,다미스테이,2,고위험군,37.53843888,126.9689127,197252.5041,448770.8089,50.5849749,2.948893299984263,44.828909326577374,3.4682720435123464,46.0,165.0
용산구,한남동,메이시맨숀,2,고위험군,37.53347743,127.0004181,200036.9568,448219.6949,42.30945425,0.7174365881030624,41.5468159596456,-0.25041240581356744,46.0,165.0
용산구,후암동,Cozy Home,2,고위험군,37.54510642,126.9747657,197769.9843,449510.6698,37.89345341,-8.172406559337368,48.68620203010673,2.8324532701912677,46.0,165.0
용산구,이태원동,제임스하우스(James house),2,고위험군,37.53869709,126.9900035,199116.5105,448799.0599,36.92910463,-5.366028495226949,42.27018985132631,0.7163855103449027,46.0,165.0
용산구,보광동,도담도담,2,고위험군,37.52848677,126.9972193,199754.2044,447665.797,44.172029,2.359190742873878,41.655130053351655,-0.22206361855926135,46.0,165.0
용산구,후암동,소리 스테이,2,고위험군,37.54501193,126.9805157,198278.1295,449500.0617,41.08092152,-1.6670790132795474,44.94038709103127,2.118865133986563,46.0,165.0
용산구,갈월동,게스트하우스,2,고위험군,37.54652196,126.972325,197554.3457,449667.8383,34.6955139,-10.870538932630616,46.6511136332616,3.0388177164008363,46.0,165.0
용산구,이태원동,쥴리네 집,2,고위험군,37.53042825,126.9938736,199458.4911,447881.2911,33.79988097,-6.855919558372854,40.55109369345536,-0.0986342374208689,46.0,165.0
용산구,이태원동,Luxe house,2,고위험군,37.53440973,126.9868753,198839.9745,448323.2496,35.6915247,-4.605738945756258,40.76918593202065,0.48689741895750827,46.0,165.0
용산구,보광동,발코니 하우스,2,고위험군,37.52414312,126.9980326,199826.0852,447183.7041,43.36453692,1.5932758906905633,41.678898792716495,-0.33427795980677916,46.0,165.0
용산구,서계동,CLAIR,2,고위험군,37.55159209,126.9665853,197047.32,450230.7265,38.33415025,-1.9960252155558322,43.29138268142902,3.201184657019393,46.0,165.0
용산구,후암동,남산가옥,2,고위험군,37.54734177,126.9776036,198020.8349,449758.7031,33.51964357,-8.30978827310156,42.49613289517235,2.16126435017747,46.0,165.0
용산구,서계동,송송송  서울 스테이,2,고위험군,37.5514146,126.9674529,197123.9835,450211.0003,34.84637507,-6.7450195527104455,42.94352034610647,3.1563823217891342,46.0,165.0
용산구,(용산동,두루미네,2,고위험군,37.54099769,126.9827779,198477.9576,449054.4908,40.24560263,-3.568223397293849,45.769291755693175,1.842056166393509,46.0,165.0
용산구,후암동,Cozy home in Namsan,2,고위험군,37.54724828,126.9796195,198198.984,449748.2863,44.11594129,1.4059925769308919,42.731303675561556,1.9614134647933534,46.0,165.0
용산구,(청파동,Good Stay,2,고위험군,37.54042514,126.9683472,197202.5993,448991.2762,31.64622151,-16.156339277372215,45.93851511310638,3.4928275539505234,46.0,165.0
용산구,동자동,뜰 가든 홈스테이,2,고위험군,37.54723596,126.9727807,197594.6418,449747.0719,38.29509531,-6.682055247009515,45.57098813806667,2.9377941882861927,46.0,165.0
용산구,서계동,아로하 하우스,2,고위험군,37.54895241,126.9680025,197172.4585,449937.7102,44.72840384,1.4712541983410006,41.43542940239411,3.2105430163354867,46.0,165.0
용산구,이태원동,Itaewon 20,2,고위험군,37.5306584,126.9921452,199305.7199,447906.8463,39.64631685,-0.4322040904785709,40.06218935493157,-0.03489728835948902,46.0,165.0
용산구,이태원동,윤싸롱,2,고위험군,37.53533488,126.9891537,199041.3588,448425.9042,45.70348021,5.116757042617017,40.64661649390766,0.38689342477567545,46.0,165.0
용산구,서계동,J house(제이 하우스),2,고위험군,37.55024392,126.9645907,196871.0152,450081.1603,43.41777945,1.1237834556125534,41.56576576734737,3.261956617539397,46.0,165.0
용산구,후암동,지월장,2,고위험군,37.54449387,126.978391,198090.3454,449442.6044,40.45522759,-3.5786814728931944,46.50558042686268,2.4093131777035803,46.0,165.0
용산구,서계동,haroo stay,2,고위험군,37.54943728,126.9644474,196858.3184,449991.6378,30.38539412,-7.150848876461808,40.84061084375669,3.3159659771508982,46.0,165.0
용산구,서계동,서울역우리집,2,고위험군,37.55056089,126.9645829,196870.3383,450116.3404,37.69388273,-6.125924511094979,41.873260831313125,3.2369323588796455,46.0,165.0
용산구,서계동,Woomook,2,고위험군,37.5496059,126.9667796,197064.4184,450010.2772,42.42310784,-1.2207604864821633,42.342387380812866,3.2355994855498067,46.0,165.0
용산구,이태원동,에코 하우스,2,고위험군,37.53575344,126.9886975,199001.0481,448472.3639,39.06868548,-2.0429197528523915,40.99629461864931,0.4634867523804979,46.0,165.0
용산구,서계동,어반네스트(Urbanest) 하우스,2,고위험군,37.54943644,126.9674497,197123.6274,449991.4484,37.73679896,-6.679320723638249,42.005199859693136,3.212243430899035,46.0,165.0
용산구,후암동,Cozy Wooden House,2,고위험군,37.55058667,126.9760263,197881.5494,450118.8823,49.38984507,8.493704915329737,41.61978491917499,1.8524490757200849,46.0,165.0
용산구,이태원동,홈안젤라(Home_Angela),2,고위험군,37.53078397,126.9960919,199654.5673,447920.7612,26.02830722,-15.050586697913243,41.203137488316216,-0.14752314409740508,46.0,165.0
용산구,보광동,제이하우스(Jay house),2,고위험군,37.52383513,126.997644,199791.7385,447149.5219,35.99579762,-5.509086414507998,41.617764553019526,-0.32921956382371215,46.0,165.0
용산구,갈월동,Seoul Earl-Stay,2,고위험군,37.54655777,126.9713106,197464.7039,449671.8396,48.25186373,5.825136988962868,45.4734639738742,3.166670900255111,46.0,165.0
용산구,이태원동,체크인 플리즈,2,고위험군,37.53902104,126.9897786,199096.6387,448835.0165,43.31605946,0.8697212074765801,42.50322473500927,0.7952240796070972,46.0,165.0
용산구,서계동,Top guesthouse,2,고위험군,37.55005538,126.9662543,197018.0136,450060.1806,48.1587257,5.402999271287925,42.47641542022435,3.2481038803643707,46.0,165.0
용산구,이태원동,조조(JoJo),2,고위험군,37.53255053,126.9909182,199197.2865,448116.8591,41.91634269,2.0068911701128513,39.6492058821275,0.09825512673348387,46.0,165.0
용산구,(용산동,Photo Park(포토박),2,고위험군,37.54135419,126.9812242,198340.6602,449094.0843,44.49671032,0.723585461086401,45.96999950295557,2.069464284686591,46.0,165.0
용산구,보광동,무니하우스,2,고위험군,37.52713835,126.9973521,199765.9457,447516.1388,38.64021561,-2.722486352768847,41.627361128430366,-0.25980902233783343,46.0,165.0
용산구,이태원동,Baraka Homestay,2,고위험군,37.52971584,126.9964651,199687.5523,447802.2107,45.74356607,4.080751470483207,41.48273878135396,-0.18022182070322207,46.0,165.0
용산구,후암동,N,2,고위험군,37.55045653,126.9761808,197895.192,450104.4349,47.68013697,6.340761405641082,41.65163448779286,1.8550705287603515,46.0,165.0
용산구,(용산동,코코마통,2,고위험군,37.54182835,126.9830894,198505.5054,449146.679,43.06480161,-0.7532604543772834,45.75821442648431,1.8641344868576042,46.0,165.0
용산구,보광동,이태원 마당,2,고위험군,37.52657152,126.9966197,199701.2032,447453.2298,38.57245864,-2.5047113242018497,41.51067774761002,-0.2562341030357111,46.0,165.0
용산구,이태원동,트래블홀릭 게스트하우스,2,고위험군,37.52977112,126.9922109,199311.5207,447808.3687,34.95443645,-5.448782857016639,40.34776525019479,-0.05959543103761851,46.0,165.0
용산구,(청파동,정 story,2,고위험군,37.54599653,126.9635273,196776.8681,449609.7871,34.20880757,-7.8789602805019,38.472701117548816,3.3406907733591784,46.0,165.0
용산구,원효로1가,Cozy House,2,고위험군,37.53665766,126.9648627,196894.4846,448573.2414,38.68498186,-0.5148142616291764,41.31179952360646,2.7614093915694062,46.0,165.0
용산구,한남동,스테이 카키,2,고위험군,37.53128673,126.9991686,199926.5102,447976.5545,42.75008896,0.6470281741776134,41.9082287959834,-0.24089955719075176,46.0,165.0
용산구,한남동,시온게스트하우스,2,고위험군,37.53522684,127.002162,200191.0833,448413.86,41.07423266,-0.1108173516025488,41.2068522983277,-0.2581037659323263,46.0,165.0
용산구,서계동,Ari House,2,고위험군,37.5515055,126.9672965,197110.1659,450221.0939,38.87086142,-2.262131509091752,43.078712360648666,3.162154127747539,46.0,165.0
용산구,후암동,엔투(N2),2,고위험군,37.55063881,126.9759979,197879.0333,450124.6699,50.91602416,10.184907320831073,41.59738862992181,1.8492462419653963,46.0,165.0
용산구,서계동,영 게스트하우스,2,고위험군,37.54961594,126.9666968,197057.102,450011.3941,41.46948331,-1.669027314779612,42.36852838186735,3.2417247782271352,46.0,165.0
용산구,(청파동,케이하우스,2,고위험군,37.54347141,126.9689461,197255.6342,449329.3575,68.94351614,15.38892928535737,47.280625252278966,3.433332205693132,46.0,165.0
용산구,(용산동,Namsan Fresh House,2,고위험군,37.54042841,126.986443,198801.8655,448991.2547,52.8619575,6.258391377633686,44.458040551176175,1.4080977010686457,46.0,165.0
용산구,보광동,HEAVEN,2,고위험군,37.52931668,126.9988285,199896.4501,447757.9037,39.69132949,-2.2283328292249323,41.996177734432464,-0.27169683531229416,46.0,165.0
용산구,이태원동,Amazon,2,고위험군,37.52995248,126.9922611,199315.9533,447828.4971,40.99721492,0.6253150768700593,40.31263032523667,-0.05754606509359952,46.0,165.0
용산구,이태원동,The Gracia,2,고위험군,37.53666751,126.9872078,198869.3974,448573.8313,42.74300301,-1.0991079757557642,42.14978965596532,0.7065568437574632,46.0,165.0
용산구,보광동,시크릿가든,2,고위험군,37.52848677,126.9972193,199754.2044,447665.797,44.172029,2.359190742873878,41.655130053351655,-0.22206361855926135,46.0,165.0
용산구,효창동,옥상달빛,2,고위험군,37.53854393,126.9588113,196359.7473,448782.8113,39.8714492,1.528831194406223,39.07034855229854,1.5335811931671688,46.0,165.0
용산구,이촌동,E&S Ville,2,고위험군,37.5179488,126.9669704,197080.043,446496.7232,50.03652006,3.605717453734428,45.85591325118467,-0.5415479627902289,46.0,165.0
용산구,한강로2가,AJ's Blue House,2,고위험군,37.53020276,126.9700755,197354.9798,447856.6677,53.44670686,10.30666150696127,41.373345701875195,2.068201232932147,46.0,165.0
용산구,이태원동,오두막 여기,2,고위험군,37.53601428,126.9888905,199018.1122,448501.3119,48.78438095,7.570985907736983,41.089503335449656,0.47258573805258397,46.0,165.0
용산구,후암동,토투 서울(totu_seoul),2,고위험군,37.54509586,126.9799914,198231.7935,449509.3867,45.1437824,2.152998310468355,45.052238627254106,2.1711445905607687,46.0,165.0
용산구,보광동,웜 헤이즐,2,고위험군,37.5291287,126.9965342,199693.6524,447737.0452,55.63130585,13.883451869092177,41.55938717220964,-0.19570961892933433,46.0,165.0
용산구,후암동,2디맨션,2,고위험군,37.54547741,126.9761458,197891.9643,449551.8134,55.12146218,9.933995877582618,47.42677800694144,2.6190302007809914,46.0,165.0
용산구,이태원동,다니하우스,2,고위험군,37.53082714,126.9924316,199331.0352,447925.5723,36.85220578,-3.2647753307158425,40.0742773132209,-0.04063432233708583,46.0,165.0
용산구,후암동,남산아래(NAMSAN AREA),2,고위험군,37.5478582,126.9747138,197765.4879,449816.0854,50.21369375,7.694942805393026,44.059672542142465,2.597685333908107,46.0,165.0
용산구,(청파동,더 소울(the soul),2,고위험군,37.5472954,126.9674108,197120.1076,449753.82,43.99598502,3.5667080821533332,41.34680238649755,3.3207135985408325,46.0,165.0
용산구,동자동,엘하우스,2,고위험군,37.54691332,126.9730534,197618.722,449711.2558,40.69542007,-4.187442051589414,46.205889710821594,2.9278593846476513,46.0,165.0
용산구,서계동,정단재,2,고위험군,37.55078345,126.96524,196928.4152,450141.0203,62.87028158,20.103851647472005,42.56721664788987,3.2441233737660746,46.0,165.0
용산구,(용산동,Park 520,2,고위험군,37.54078317,126.9835819,198549.0122,449030.669,42.9743719,-0.7918560634594343,45.596471772831876,1.724096641579996,46.0,165.0
용산구,한강로1가,채리스 플레이스,2,고위험군,37.531009,126.9731405,197625.9193,447946.0686,34.9454222,-3.6792654437369947,40.46300262254795,2.1191802496773455,46.0,165.0
용산구,갈월동,센트럴,2,고위험군,37.54469301,126.973499,197658.032,449464.8171,63.80662463,11.522245287209174,49.16254729784498,2.9864983104808687,46.0,165.0
용산구,서계동,순(SooN) 게스트하우스,2,고위험군,37.55084062,126.965722,196971.0053,450147.3498,35.49185409,-5.329241862301977,42.993891603672616,3.2465054741731856,46.0,165.0
용산구,(용산동,익스테이 맨션 해방촌,2,고위험군,37.54096005,126.9864671,198804.0048,449050.2599,55.71374427,8.322607465897391,44.80683002601025,1.4841527323119499,46.0,165.0
용산구,원효로1가,남영스테이 517,2,고위험군,37.53865428,126.9677176,197146.8848,448794.7513,34.23150802,-10.337450830923046,44.193703394229175,3.4720205164514213,46.0,165.0
성동구,행당동,소울스타하우스,2,고위험군,37.555588,127.0299722,202648.3427,450674.1222,44.22723665,1.9499920452599468,42.09277192548173,-0.1762406584804837,46.0,165.0
성동구,성동,스테이 얀(STAY YARN),2,고위험군,37.53520808,127.0553876,204895.3755,448413.2172,43.93913401,2.474370540081388,44.689407190622745,-1.4829257403337595,46.0,165.0
성동구,성동,디얼 성수,2,고위험군,37.53398708,127.0527861,204665.5199,448277.569,43.03294193,-3.1459548916174143,44.58032053574892,-1.5058649517958596,46.0,165.0
성동구,하왕십리동,한옥 보문,2,고위험군,37.56097675,127.0264524,202337.1645,451272.1162,61.02605778,17.57602805043905,43.70791843537064,0.24778426666904896,46.0,165.0
성동구,성동,The mellow,2,고위험군,37.54930702,127.0206249,201822.5669,449976.7863,43.04865697,-0.05689324852320965,43.00552556309282,-0.20346624597675084,46.0,165.0
성동구,사근동,yun stay,2,고위험군,37.56068789,127.0458473,204050.782,451240.7152,43.40244994,1.3168822959880373,42.11512116086247,-0.3249518900798454,46.0,165.0
성동구,행당동,YUNS STAY,2,고위험군,37.55677727,127.0322677,202851.1204,450806.1842,30.79248976,-11.501725799553736,42.19216911589029,-0.0974926612392949,46.0,165.0
성동구,성동,헤븐성수,2,고위험군,37.54605763,127.0454494,204016.4093,449616.9141,51.30516412,7.402860411396567,45.35346860908364,-1.30930134042772,46.0,165.0
성동구,하왕십리동,For*rest Stay,2,고위험군,37.55862165,127.0305659,202700.6872,451010.8382,34.94652816,-7.433029105029831,42.39320054423974,0.14715861052807505,46.0,165.0
성동구,성동,성수 삼삼오오 271,2,고위험군,37.53861002,127.0577206,205101.3434,448790.9149,33.97468436,-8.377683798335653,44.8125225447441,-1.4343542320904752,46.0,165.0
성동구,하왕십리동,시티 타이거,2,고위험군,37.56035437,127.0277077,202448.0906,451203.0713,44.73772511,1.287536976862448,43.22305090192021,0.23803058030582505,46.0,165.0
성동구,하왕십리동,레드레터데이,2,고위험군,37.56094969,127.0259302,202291.0227,451269.1,42.93838242,-0.5489268178405382,43.71941166853616,0.22746975852970136,46.0,165.0
성동구,성동,더 성수 스테이,2,고위험군,37.54120882,127.0507901,204488.6636,449078.9966,39.93037118,-0.7603815807392422,45.03682514979037,-1.4043781954798842,46.0,165.0
성동구,성동,스테이 린 인 성수,2,고위험군,37.53666687,127.0459624,204062.2576,448574.6761,64.46134555,17.95604623066066,44.92181098951404,-1.4916520397186916,46.0,165.0
성동구,성동,스테이 성수 아지트,2,고위험군,37.53884043,127.0471999,204171.513,448815.9688,36.08003209,-8.859613316414467,45.022208950005094,-1.4474980007802987,46.0,165.0
성동구,성동,이안스테이,2,고위험군,37.54406033,127.0537229,204747.6805,449395.6236,48.33177639,5.173887445100149,45.042040345256744,-1.3691425460560764,46.0,165.0
성동구,성동,금호 그린 스테이,2,고위험군,37.54798745,127.0187955,201660.9389,449830.2961,37.18917778,-6.06347771153316,43.211870297500155,-0.18585697632977755,46.0,165.0
성동구,성동,르뚜와 성수,2,고위험군,37.53425435,127.0518715,204584.6627,448307.1877,44.31075853,-1.9060749195274624,44.620485081484055,-1.5037662447163538,46.0,165.0
성동구,하왕십리동,위시 스테이(Wish stay),2,고위험군,37.56095451,127.0279054,202465.5375,451269.6849,39.59993899,-3.530285496778937,43.35132116112306,0.28804838291202217,46.0,165.0
성동구,용답동,호호 하우스(hoho house),2,고위험군,37.56369963,127.0510713,204512.1643,451575.2209,41.11760331,-0.8777527936937446,42.36638280561043,-0.3463103867115397,46.0,165.0
성동구,송정동,송정 자미앤(ZAMI&),2,고위험군,37.55192258,127.0697913,206167.0487,450269.1714,40.94741809,-1.9478661312319403,44.108117388407955,-1.2841583894901436,46.0,165.0
성동구,용답동,스튜디오 성동,2,고위험군,37.56358259,127.051868,204582.5584,451562.2694,45.66494904,3.5170566219287736,42.38530760668163,-0.4043717332141065,46.0,165.0
성동구,도선동,스테이인히어왕십리,2,고위험군,37.55980939,127.0336666,202974.6045,451142.7569,44.66595649,2.2982949257034164,42.36788483790557,0.25741844295271177,46.0,165.0
성동구,하왕십리동,모아나스테이,2,고위험군,37.55938224,127.0287642,202541.4743,451095.2044,39.56438736,-3.040574985597239,42.70177675975686,0.18573087305784142,46.0,165.0
성동구,행당동,정감,2,고위험군,37.55714507,127.0310469,202743.2389,450846.9693,39.59552649,-2.6769294506524517,42.258395510557506,-0.01582430536398044,46.0,165.0
성동구,하왕십리동,사월 House,2,고위험군,37.55900131,127.0298085,202633.7581,451052.9545,39.72133317,-2.7912887868806138,42.50422174822618,0.1462175152318999,46.0,165.0
성동구,하왕십리동,둥지,2,고위험군,37.55946993,127.0306713,202709.9701,451104.9903,47.57530744,5.043626592959946,42.486927747665455,0.21242341617051513,46.0,165.0
성동구,성동,상상스테이,2,고위험군,37.54410088,127.0539024,204763.541,449400.1332,51.19090696,7.802861950650836,45.039074922669926,-1.369126371475597,46.0,165.0
성동구,하왕십리동,온유스테이,2,고위험군,37.56001544,127.0304577,202691.0804,451165.5293,48.19670363,5.600539114820847,42.599947468392195,0.24978979907036258,46.0,165.0
성동구,성동,Monoplan House Seongsu - Studio A,2,고위험군,37.54572922,127.0419968,203711.3226,449580.3227,47.29155584,1.7292009856998334,45.24014554941989,-1.3051453008781457,46.0,165.0
성동구,성동,로컬 텍스처(Local Texture),2,고위험군,37.54535903,127.0483394,204271.8488,449539.5053,43.46735834,2.2806870794964453,45.258867965515485,-1.3365424905206085,46.0,165.0
성동구,행당동,Cozy Stay,2,고위험군,37.56288091,127.0361216,203191.39,451483.7399,38.92162558,-3.2180557967262473,42.57131470245625,0.47539048537126916,46.0,165.0
성동구,성동,예그리나,2,고위험군,37.54745146,127.0526581,204653.3714,449771.9448,41.6903834,-0.53181302366594,45.37923299173487,-1.3048448487488766,46.0,165.0
성동구,성동,디에이치 성수포레,2,고위험군,37.54363214,127.0458092,204048.3408,449347.7295,49.92191103,5.8780897200907205,45.18536316669173,-1.3734646773359478,46.0,165.0
성동구,성동,디엠큐케,2,고위험군,37.53550842,127.0462602,204088.6446,448446.1153,45.46797329,-0.9178187465334631,44.7818925233759,-1.5108794521834286,46.0,165.0
성동구,행당동,Kozy Stay,2,고위험군,37.55671475,127.0298226,202635.0791,450799.1738,43.93326282,1.5887141756376906,42.277762010078696,-0.06380630698900097,46.0,165.0
성동구,성동,유토리홈즈,2,고위험군,37.54380142,127.0456564,204034.8246,449366.511,49.06431418,4.827212278663026,45.19667291313919,-1.3698271052187132,46.0,165.0
성동구,도선동,스테이1853,2,고위험군,37.56094709,127.0320888,202835.1551,451268.9794,39.84894705,-2.9604586276136047,42.57974938499819,0.36748598523027015,46.0,165.0
성동구,용답동,Noark House,2,고위험군,37.56058292,127.0517683,204573.9341,451229.3365,44.00016855,0.8275035476605197,42.48239938673596,-0.6502328397811776,46.0,165.0
성동구,성동,위앤성수스테이,2,고위험군,37.54401223,127.0460641,204070.8493,449389.9259,45.33178032,-0.6630403816746409,45.200871171899735,-1.362969970021741,46.0,165.0
성동구,성동,COZY STAY,2,고위험군,37.53845494,127.0496404,204387.2261,448773.2952,41.9749161,-0.40399878648672427,44.963524408618085,-1.4495850613475252,46.0,165.0
성동구,성동,성수 포레스트 로프트,2,고위험군,37.54760885,127.04421,203906.8047,449789.0286,37.97836878,-4.996817486517877,45.39448558386403,-1.2491897832349983,46.0,165.0
성동구,성동,리틀포레 301,2,고위험군,37.54355488,127.0460468,204069.3453,449339.1649,44.96476048,1.9463198336617111,45.177624915252345,-1.3747305047433873,46.0,165.0
성동구,성동,AURI STAY,2,고위험군,37.5358664,127.0462389,204086.7389,448485.8457,46.38173797,-0.04762713424615583,44.830402801801505,-1.5062285808813032,46.0,165.0
성동구,옥수동,정고운,2,고위험군,37.5413296,127.0154527,201365.6619,449091.3016,40.70327678,-4.0306485069518345,43.5226204680003,-1.3953311176031538,46.0,165.0
성동구,성동,리버 인 성수,2,고위험군,37.5350314,127.046539,204113.3068,448393.1841,46.02418599,-0.3069985762799874,44.72170049893152,-1.516140123508174,46.0,165.0
성동구,응봉동,예스위야응봉,2,고위험군,37.54942306,127.0292828,202587.6379,449989.8685,48.31381209,5.4615635550604225,42.608179191214305,-0.7253788069833158,46.0,165.0
성동구,용답동,양BnB House,2,고위험군,37.56192966,127.0516589,204564.1816,451378.8034,41.98250094,-0.5874356026545513,42.3995769460602,-0.5365581723201263,46.0,165.0
성동구,도선동,나비원,2,고위험군,37.56127039,127.0321866,202843.7882,451304.8648,46.50080219,3.9586545771826565,42.619438119984935,0.3846887198571476,46.0,165.0
성동구,성동,SEOULMATE S (서울메이트 성수),2,고위험군,37.53706697,127.0472144,204172.888,448619.1371,36.1709565,-8.296620087588977,44.93229447821129,-1.478716604677799,46.0,165.0
성동구,성동,성수 포레하우스,2,고위험군,37.54325531,127.0453026,204003.5872,449305.8843,29.49713814,-15.195213588247274,45.17481576835391,-1.3818951409033653,46.0,165.0
성동구,용답동,봄 스테이,2,고위험군,37.56107804,127.0508021,204488.5404,451284.2424,38.46811056,-4.511566242721983,42.38076441313378,-0.5641777528228415,46.0,165.0
성동구,행당동,LTE Room,2,고위험군,37.55651877,127.0321946,202844.6703,450777.4915,37.29047014,-5.01758437075987,42.18413028916213,-0.12178502258238949,46.0,165.0
성동구,도선동,Urban Forest Stay Mu-hak,2,고위험군,37.5611673,127.032913,202907.9745,451293.4453,53.72455501,11.10581903721689,42.548605979819165,0.39824980141539723,46.0,165.0
성동구,하왕십리동,헬로 서울,2,고위험군,37.55930372,127.0289688,202559.5536,451086.4952,44.20699926,1.5889909923324979,42.64920554274141,0.17727539776393458,46.0,165.0
성동구,성동,어반 성수,2,고위험군,37.53299683,127.0557905,204931.1239,448167.8167,42.0088006,-4.079163244112273,44.49756281412984,-1.4981638296038065,46.0,165.0
성동구,행당동,앨리 하우스(Alley House),2,고위험군,37.55474963,127.0303512,202681.8541,450581.0839,41.11920241,-1.1454705753003225,41.976523561200906,-0.2714378553387121,46.0,165.0
성동구,하왕십리동,다색,2,고위험군,37.56070015,127.029016,202563.6699,451241.4837,39.59804782,-3.2294598881249215,43.00602122637721,0.3034310324615064,46.0,165.0
성동구,도선동,Light house 왕십리,2,고위험군,37.55970399,127.0337849,202985.0672,451131.0625,45.25451407,2.888878833802025,42.35724536397848,0.23815963830000236,46.0,165.0
성동구,홍익동,서울 써니 스테이(Seoul Sunny Stay),2,고위험군,37.56368262,127.0303719,202683.3645,451572.5406,39.73024067,-3.7103220505497987,43.260270294322574,0.5409020321459237,46.0,165.0
성동구,도선동,코지서울,2,고위험군,37.56115698,127.0317607,202806.1637,451292.2648,44.34867597,1.709508947790873,42.64252698940633,0.37138441038321746,46.0,165.0
성동구,성동,리프레시 성수,2,고위험군,37.53664679,127.0462248,204085.4484,448572.4588,45.17788074,-1.3184295930235947,44.91458379060313,-1.4899924292710045,46.0,165.0
성동구,성동,크림 하우스 성수,2,고위험군,37.53581902,127.051638,204563.9277,448480.8355,37.66467364,-3.998271571082661,44.73191633544923,-1.486015268127687,46.0,165.0
성동구,성동,노스타노바(NOSTANOVA),2,고위험군,37.54742489,127.0257821,202278.3501,449768.0051,29.16972306,-13.04327575457442,43.170345108629725,-0.691804520119709,46.0,165.0
성동구,하왕십리동,YH STAY,2,고위험군,37.56132099,127.026377,202330.4875,451310.3209,51.78142876,8.310244537576452,43.74050646113711,0.26923760788839723,46.0,165.0
성동구,성동,성수리버,2,고위험군,37.53772154,127.0593995,205249.7823,448692.3969,36.75666209,-6.944472350107063,44.732592307610496,-1.4415688424860653,46.0,165.0
성동구,성동,린스테이(LYNN STAY),2,고위험군,37.54280248,127.0482425,204263.4293,449255.7549,46.24981546,3.612713723096263,45.11135681952537,-1.387692483146867,46.0,165.0
성동구,응봉동,캄스테이 응봉,2,고위험군,37.54950772,127.0291947,202579.8516,449999.2623,47.4611473,4.6621781279335295,42.595578437878956,-0.714388830634737,46.0,165.0
성동구,송정동,Laszlo & Co.,2,고위험군,37.54731654,127.0657349,205808.97,449757.6979,36.13748857,-6.7238481265319905,44.48364507008595,-1.3495995445521842,46.0,165.0
성동구,성동,코지 뚝섬(Cozy Ttukseom),2,고위험군,37.54350544,127.0461728,204080.4761,449333.6831,38.33659794,-4.590122437250422,45.173125719985514,-1.3755425872529106,46.0,165.0
성동구,성동,마이 리틀 서울,2,고위험군,37.54904299,127.0206984,201829.0649,449947.4836,47.04283799,4.106557998314422,43.079515308885604,-0.21967360585750254,46.0,165.0
성동구,하왕십리동,Wevvy Loft 왕십리,2,고위험군,37.55865523,127.0288537,202549.3998,451014.5174,38.23232365,-4.213609997013897,42.55332644645807,0.11398036218401772,46.0,165.0
마포구,연남동,주니스 게스트하우스,2,고위험군,37.56149159,126.919013,192844.5664,451332.0113,50.94914232,7.110087638022399,43.88129614665152,0.2032394530122691,46.0,165.0
마포구,동교동,진스파라다이스,2,고위험군,37.55551437,126.9236287,193251.8379,450668.2692,30.61340226,-5.327896598763118,35.65391292076167,1.6260896311400512,46.0,165.0
마포구,연남동,헬로월드 게스트하우스,2,고위험군,37.56096556,126.9228864,193186.7429,451273.3403,36.62713848,-9.427742270188318,46.05510271085492,0.0002942295875374007,46.0,165.0
마포구,합정동,홍대 게스트하우스 Hi :Dear,2,고위험군,37.54562637,126.9174338,192703.4867,449571.2825,40.7850036,-4.082197555787097,40.16533221718052,1.3175020462533384,46.0,165.0
마포구,연남동,스윗루나,2,고위험군,37.55818261,126.923767,193264.2929,450964.4023,42.64686994,-0.6187099140097345,43.649092770459575,-0.2823464363231199,46.0,165.0
마포구,서교동,Lee House 2,2,고위험군,37.55310859,126.927478,193591.7559,450400.987,33.97208471,-4.5032761792110705,39.65272826131184,2.018446267174662,46.0,165.0
마포구,염리동,브리지 스테이 마포,2,고위험군,37.54677382,126.9473364,195346.1066,449696.7352,32.75038715,-8.009230098723052,40.238734583174626,-0.9350296308124679,46.0,165.0
마포구,연남동,화이트브라운,2,고위험군,37.55609972,126.9192324,192863.4377,450733.5608,49.40263585,5.975497899778176,43.422249372201705,0.15135284365265142,46.0,165.0
마포구,성산동,Calm and cozy house,2,고위험군,37.55679066,126.916712,192640.804,450810.4413,32.4486153,-8.448360223072697,40.89821330424383,-0.021568429444812076,46.0,165.0
마포구,성산동,스테이 순,2,고위험군,37.55690407,126.9112361,192156.9686,450823.4713,39.25681616,-2.5152673466546247,42.04324386738707,0.43089217920795064,46.0,165.0
마포구,상암동,스마일 하우스,2,고위험군,37.57474511,126.8944596,190676.855,452805.1505,39.33540194,-1.363704518868552,41.102276366951465,0.47297747967554193,46.0,165.0
마포구,대흥동,낙원하우스,2,고위험군,37.54675942,126.943957,195047.4636,449695.3096,39.25542684,-2.6751876318898553,41.78241092956143,-1.3714528812803701,46.0,165.0
마포구,서교동,써니하우스,2,고위험군,37.55063756,126.9223728,193140.4134,450127.0925,27.76479498,-15.843672475227972,41.15140154173575,3.2015348503034637,46.0,165.0
마포구,창전동,라파벨라 하우스,2,고위험군,37.55036615,126.9259633,193457.6704,450096.7133,38.12576774,-0.6806741106758878,41.40043153350368,2.5850534020534552,46.0,165.0
마포구,합정동,포시즌하우스,2,고위험군,37.54859316,126.9093925,191993.1847,449901.2149,27.47385379,-14.943742172248442,42.11136580641987,1.1723636471215597,46.0,165.0
마포구,망원동,스테이 선선,2,고위험군,37.55668401,126.9040414,191521.2328,450799.6719,48.90870976,5.2862568101215,44.04771836613219,0.8333462279521869,46.0,165.0
마포구,연남동,스테이우아,2,고위험군,37.55903315,126.920769,192999.4814,451059.0212,37.16385739,-6.113541035748007,43.26611150645775,-0.20755442516662106,46.0,165.0
마포구,망원동,프라이빗 하우스,2,고위험군,37.55740113,126.9019853,191339.64,450879.4512,47.13305975,3.21927007247276,44.04339887326633,0.7634005733516679,46.0,165.0
마포구,연남동,솔로몬하우스,2,고위험군,37.56061592,126.9253273,193402.3706,451234.3603,52.1304351,4.302006642642716,47.81173314455421,-0.018238098817509,46.0,165.0
마포구,망원동,비비에이비 스테이,2,고위험군,37.55172181,126.904924,191598.6611,450248.8475,33.4526944,-9.70112784443311,42.74115355641811,1.146430779241395,46.0,165.0
마포구,창전동,스테이 뤼느,2,고위험군,37.55086366,126.928749,193703.8761,450151.7407,37.03055702,-1.802124530394913,40.57696187759388,1.6431187138553631,46.0,165.0
마포구,서교동,어반우드,2,고위험군,37.55098756,126.9136726,192371.6514,450166.6087,38.38826751,1.8469302247282045,37.92606065107853,1.3693758916537302,46.0,165.0
마포구,연남동,Maru Stay,2,고위험군,37.55845119,126.9192223,192862.7625,450994.5469,43.67430502,0.5305192218322077,43.072304811798595,-0.34683694435382073,46.0,165.0
마포구,연남동,데일리 하우스,2,고위험군,37.5588598,126.9243205,193313.2642,451039.5229,42.46851253,-3.1967125454413647,45.5650880930011,-0.1686991029271458,46.0,165.0
마포구,연남동,베인하우스,2,고위험군,37.55866919,126.9246619,193343.4067,451018.3432,41.26325584,-4.114999877605477,45.3934499612725,-0.16126094879469305,46.0,165.0
마포구,도화동,도레미 게스트하우스,2,고위험군,37.53880348,126.9502972,195607.2848,448811.9818,29.41224769,-9.765106686273171,39.14549930487458,-0.044549150350357725,46.0,165.0
마포구,연남동,위자드 하우스,2,고위험군,37.5572601,126.9177554,192733.0367,450862.4624,42.27265485,0.6610384705785322,41.59183406273378,-0.17866339976588647,46.0,165.0
마포구,노고산동,노고산스테이,2,고위험군,37.55242607,126.9398451,194684.4963,450324.4642,55.59006803,10.78593259082318,42.84843638430479,-1.8422759608197614,46.0,165.0
마포구,서교동,JH HOUSE,2,고위험군,37.55340327,126.9166802,192637.661,450434.4838,40.56534319,3.161930211139733,37.396977938321676,1.7722121617318165,46.0,165.0
마포구,동교동,이레스테이,2,고위험군,37.55462383,126.9269901,193548.7725,450569.1939,48.90812702,7.745364164867105,41.3938804033338,2.214454417421876,46.0,165.0
마포구,서교동,어반포레스트,2,고위험군,37.55118684,126.9175119,192710.9309,450188.4217,32.45505985,-5.175283325789387,37.70021128823248,1.8720656387768053,46.0,165.0
마포구,상수동,무드하우스 2호점,2,고위험군,37.54568008,126.9239713,193281.2229,449576.7564,55.84490496,8.13340802828899,41.67823734412818,2.272104512055246,46.0,165.0
마포구,노고산동,헤이스 하우스1,2,고위험군,37.55082404,126.9377856,194502.3902,450146.7765,39.53113283,-2.9269076820387383,42.58111457258528,-2.03592643701548,46.0,165.0
마포구,서교동,문하우스,2,고위험군,37.5527925,126.9276317,193605.3058,450365.8943,45.37297648,6.1802902233283135,40.549898259734675,1.9569529876892637,46.0,165.0
마포구,연남동,연트럴,2,고위험군,37.56322788,126.9206454,192988.9502,451524.5961,50.25250944,6.357555940751169,44.047515720961286,0.18369490300789176,46.0,165.0
마포구,연남동,SeeU House,2,고위험군,37.55762156,126.9216893,193080.6692,450902.2833,35.08698913,-7.031402909488882,42.60491644316409,-0.5966412002458299,46.0,165.0
마포구,서교동,cooKorean Home,2,고위험군,37.5549824,126.9134127,192349.0963,450610.0094,35.5991867,-5.266773109073284,40.299712560392024,1.158551723026611,46.0,165.0
마포구,연남동,모모하우스,2,고위험군,37.55789477,126.9244937,193328.4762,450932.4037,43.01149415,0.42615333750337214,42.85431026566572,-0.20238924654079918,46.0,165.0
마포구,연남동,huayuan house2,2,고위험군,37.55737926,126.9207388,192996.6627,450875.4613,49.79388465,6.379270964396561,43.20787497851842,-0.6310861927056555,46.0,165.0
마포구,서교동,Homi house,2,고위험군,37.55269953,126.9233619,193228.0105,450355.8747,51.75327173,5.926292619870964,41.07227473354341,3.471561719712213,46.0,165.0
마포구,노고산동,마인힐 스테이,2,고위험군,37.55214457,126.9413936,194821.3096,450293.1347,46.39488079,2.4325743529819803,42.12711306050127,-1.7287591526875705,46.0,165.0
마포구,동교동,연밤 게스트하우스,2,고위험군,37.55712309,126.9232575,193219.1835,450846.8448,31.83127004,-6.9023592640826195,38.645182667895504,-0.22653453639840143,46.0,165.0
마포구,동교동,거인,2,고위험군,37.55255355,126.9308814,193892.4392,450339.1576,28.08153853,-7.143887614986685,35.667459596154,0.7469609608547304,46.0,165.0
마포구,서교동,엔케 하우스,2,고위험군,37.5536264,126.9266455,193518.2369,450458.5148,33.99776315,-4.800733522439998,38.67250843324064,2.4343881889549,46.0,165.0
마포구,서교동,Mimi's house,2,고위험군,37.55108117,126.9173686,192698.257,450176.7048,37.45929743,-0.1409997229147848,37.687636595179164,1.7837180245765965,46.0,165.0
마포구,망원동,스테이인 망원,2,고위험군,37.55455056,126.9077188,191845.9347,450562.5589,48.74363117,3.2087794336874964,44.985085588084665,1.1437114183094486,46.0,165.0
마포구,서교동,더 포춘,2,고위험군,37.55225986,126.9271726,193564.696,450306.8089,41.73650629,2.162335783518536,40.907720627464954,2.093227610228327,46.0,165.0
마포구,창전동,스테이 공유 홍대,2,고위험군,37.5502927,126.9283737,193670.6625,450088.3962,37.99232349,-0.940344579690958,40.672124068837576,1.8345155332696732,46.0,165.0
마포구,연남동,마이리틀,2,고위험군,37.55905795,126.9191744,192858.5961,451061.8937,45.3283094,1.987678509974046,43.22969277749573,-0.16053751667915073,46.0,165.0
마포구,도화동,NANA STAY,2,고위험군,37.53848218,126.9526834,195818.1566,448776.2127,38.51382462,-0.17122401000897014,38.93960376239403,0.24215194413200997,46.0,165.0
마포구,연남동,사미스테이,2,고위험군,37.55698014,126.9182525,192776.9385,450831.3518,42.16327581,0.35753208815592075,41.765243496819885,-0.2051689729246543,46.0,165.0
마포구,서교동,Sue-perb house,2,고위험군,37.55191267,126.9180645,192759.8325,450268.9375,35.18263543,-2.07577339472941,37.612514641142326,2.5464282523472708,46.0,165.0
마포구,서교동,모스트스테이,2,고위험군,37.55327394,126.9175679,192716.086,450420.0606,34.33398768,-4.623142557761803,37.78495752124739,2.246571730171762,46.0,165.0
마포구,연남동,블라썸,2,고위험군,37.55874676,126.9245255,193331.3636,451026.9622,43.25246252,-2.2098208099893952,45.47232648002082,-0.16299073963539645,46.0,165.0
마포구,동교동,마포달빛,2,고위험군,37.55257976,126.9305018,193858.903,450342.0913,31.23806042,-3.374199883880369,35.503708115088536,0.9320333437094217,46.0,165.0
마포구,동교동,Da Young House,2,고위험군,37.55341017,126.9295521,193775.056,450434.3194,35.748507,-1.0386947556545323,36.95428980131902,1.3385252348895942,46.0,165.0
마포구,노고산동,신촌의 여유,2,고위험군,37.55246431,126.9393936,194644.6028,450328.734,55.44345149,10.371918453480262,43.057613889006284,-1.8971195099040623,46.0,165.0
마포구,서교동,세린홍대스위트,2,고위험군,37.5515933,126.9272488,193571.3712,450232.8235,35.24570861,-3.9271860649964765,41.15880515434016,2.073496471305756,46.0,165.0
마포구,상수동,휴스테이,2,고위험군,37.54532898,126.9216635,193077.2518,449537.9559,54.59851084,8.413334835704703,41.329159337395026,1.8171871874705365,46.0,165.0
마포구,망원동,보르카,2,고위험군,37.55145772,126.9058677,191682.0222,450219.4528,28.57369344,-14.884250886309466,42.89376623419312,1.1787124629969246,46.0,165.0
마포구,연남동,밀리언스테이1,2,고위험군,37.55975429,126.9255974,193426.1655,451138.7106,53.37099094,6.168831319513565,47.18145511926737,-0.03879030631128751,46.0,165.0
마포구,동교동,스테이 홍대101,2,고위험군,37.55356227,126.9294632,193767.2115,450451.2066,34.97174243,-1.9522193596550679,37.44787076695522,1.3723322844121433,46.0,165.0
마포구,연남동,원 하우스,2,고위험군,37.55918952,126.9256858,193433.9203,451076.0216,56.65465226,10.186369385244639,46.51762981728085,-0.06115584650323597,46.0,165.0
마포구,서교동,호영하우스,2,고위험군,37.55254638,126.9285959,193690.491,450338.5127,42.19509814,1.8651164476439916,40.119812339304254,1.6375513953562788,46.0,165.0
마포구,도화동,연 스테이,2,고위험군,37.53658544,126.9485049,195448.7488,448565.8918,48.55633371,8.767859433215015,39.584018385092065,-0.1983453464366629,46.0,165.0
마포구,서교동,코텔로,2,고위험군,37.54653057,126.9165105,192621.9849,449671.7098,51.34553002,11.01987454337496,39.77233624427069,1.2762434033939918,46.0,165.0
마포구,염리동,마므레인서울,2,고위험군,37.55242519,126.94738,195350.3097,450323.9672,28.1178571,-13.36930969949412,39.84444102623736,-1.5882997747896626,46.0,165.0
마포구,서교동,슬로우시네마 홍대,2,고위험군,37.55177137,126.913431,192350.3834,450253.6218,32.46961715,-5.236889789178207,37.817718595362194,1.4367093845871473,46.0,165.0
마포구,연남동,헤이븐 연남,2,고위험군,37.56162667,126.9256372,193429.8394,451346.5199,52.86888807,4.975498158017885,47.91540299623562,0.033784993300326985,46.0,165.0
마포구,동교동,KHC스테이,2,고위험군,37.55471946,126.9267626,193528.6742,450579.8233,46.94465105,5.7825197210584705,41.33547588278917,2.2710591201817563,46.0,165.0
마포구,연남동,스테이 무아,2,고위험군,37.56143002,126.9189274,192836.9957,451325.1843,49.09294766,5.294749604114955,43.84023606353483,0.20397499895521415,46.0,165.0
마포구,동교동,클라우스하우스3,2,고위험군,37.55376464,126.9297795,193795.1781,450473.6463,37.17188561,0.37695579343249364,37.10610924728217,1.2687554026951653,46.0,165.0
마포구,동교동,양화스테이,2,고위험군,37.55661176,126.9251782,193388.8486,450789.9564,45.24730737,6.109711403806706,39.05491244843463,0.25822041225485437,46.0,165.0
마포구,성산동,휘게하우스,2,고위험군,37.55631513,126.9115941,192188.5429,450758.0761,41.28429086,-0.8655727236056308,42.0177060977962,0.7862773837667484,46.0,165.0
마포구,창전동,알로하하우스_블루,2,고위험군,37.55101092,126.9312881,193928.2585,450167.9178,43.77252135,6.47824109126303,37.70367240230949,0.5137272237440945,46.0,165.0
마포구,동교동,동교의봄,2,고위험군,37.55473791,126.9195567,192891.9624,450582.3915,48.55820299,6.356589995717783,41.88392614877838,2.029778384394839,46.0,165.0
마포구,동교동,오리하우스,2,고위험군,37.55229526,126.931076,193909.6155,450310.4779,33.41751401,-2.3858533545005116,36.08129021541415,0.6392018501190013,46.0,165.0
마포구,도화동,온안 스테이,2,고위험군,37.53837945,126.9530932,195854.3656,448764.7927,33.73334215,-4.881064124846958,38.94457320053611,0.31101850192114294,46.0,165.0
마포구,합정동,아스트라 스테이,2,고위험군,37.54986386,126.9091758,191974.1716,450042.2658,48.12963374,2.6692296800392654,41.94447981332904,1.2327778920401444,46.0,165.0
마포구,동교동,노블스테이,2,고위험군,37.55253174,126.9305821,193865.9929,450336.7564,32.11744859,-2.7159420078727763,35.59611343157235,0.8920572032239736,46.0,165.0
마포구,서교동,에덴 게스트하우스,2,고위험군,37.5501497,126.9195541,192891.2951,450073.1552,39.94925052,0.1766130203567684,38.81275226625823,2.253871882628342,46.0,165.0
마포구,염리동,썬데이 플라라,2,고위험군,37.54477282,126.9440247,195053.3141,449474.8175,45.06210871,3.577969417766475,41.27859802488867,-1.1201147882888518,46.0,165.0
마포구,동교동,구름,2,고위험군,37.55326407,126.9298923,193805.0977,450418.0815,30.83112884,-5.240199859580425,36.29750596898083,1.209005903856268,46.0,165.0
마포구,성산동,MW STAY,2,고위험군,37.56034197,126.9057104,191669.1088,451205.513,41.25552059,-1.5966592570385387,42.846456012134766,0.010335968070668939,46.0,165.0
마포구,공덕동,스테이인공덕엠,2,고위험군,37.54550616,126.958905,196368.36,449555.5305,40.08130478,-0.15152533449290218,38.63380499541729,2.645331706165519,46.0,165.0
마포구,대흥동,플러스 스테이,2,고위험군,37.54469077,126.9391548,194622.9423,449465.9783,41.11193838,-0.11028445442881463,40.289384348885974,-1.3456844830082617,46.0,165.0
마포구,연남동,연남 스테이션 2,2,고위험군,37.56173552,126.9206253,192987.0354,451358.9631,36.88884386,-7.261457356173615,44.251124524834125,0.12875527523006816,46.0,165.0
마포구,서교동,마루 서교,2,고위험군,37.55321296,126.9161303,192589.0463,450413.4049,40.49718837,2.4477603176996965,37.20736652018435,1.6927293705914297,46.0,165.0
마포구,망원동,더플래닛,2,고위험군,37.55123821,126.9078434,191856.5805,450194.9168,42.18626859,-0.01904610428799458,42.65566980731112,1.239510816439469,46.0,165.0
마포구,연남동,더드 하우스,2,고위험군,37.55815851,126.9210094,193020.6388,450961.9287,43.23503898,0.41213547650460214,42.983259491899744,-0.47920048787120967,46.0,165.0
마포구,상수동,스테이 상수,2,고위험군,37.54374376,126.9217001,193080.3353,449362.013,36.35500276,-3.9529036977476224,41.74894630821361,1.6853959550492772,46.0,165.0
마포구,서교동,성산하우스 다날,2,고위험군,37.5555066,126.9114407,192174.9005,450668.3517,47.59930885,6.296640144638523,42.05662958325097,1.1689801952486456,46.0,165.0
마포구,성산동,홍대 스테이,2,고위험군,37.55586956,126.9159724,192575.3645,450708.2683,41.93088503,2.0199582287492888,39.88081102716281,0.3118530520654327,46.0,165.0
마포구,연남동,아르테,2,고위험군,37.55988072,126.9204466,192971.0796,451153.1156,44.70694138,1.0036654426997629,43.69487624046298,-0.018639864976537086,46.0,165.0
마포구,동교동,플레이 마포,2,고위험군,37.55216009,126.9314476,193942.4449,450295.4516,33.57658687,-2.584649843912736,36.386064299363426,0.449675776333736,46.0,165.0
마포구,동교동,제일,2,고위험군,37.55272523,126.931557,193952.1532,450358.1683,33.82804275,-1.7499472072317417,35.85251445996836,0.41297240723733875,46.0,165.0
마포구,동교동,머뭄,2,고위험군,37.55362667,126.9288388,193712.0452,450458.3958,30.82154108,-6.461584145658232,38.55323522574673,1.5655458592233504,46.0,165.0
마포구,도화동,숑?N하우스,2,고위험군,37.53862766,126.9525846,195809.4355,448792.3636,39.41896813,0.7617110099570112,38.8999732682724,0.2308898139876313,46.0,165.0
마포구,망원동,온마음스테이,2,고위험군,37.5530852,126.9070792,191789.2555,450399.9771,44.93347781,0.20023183184171955,43.98889655837336,1.1953131593160065,46.0,165.0
마포구,대흥동,스테이 소도,2,고위험군,37.54740564,126.9439619,195047.9403,449767.032,35.1006392,-6.979213586091923,41.89395436118602,-1.458360387481727,46.0,165.0
마포구,망원동,우리 함께 즐겨요 서울 스테이 2,2,고위험군,37.55358052,126.9037336,191493.6895,450455.2492,49.20445456,5.068714548564138,43.530953034477264,1.0555888523099743,46.0,165.0
마포구,망원동,Mapo;rest Stay,2,고위험군,37.55747481,126.9008818,191242.1458,450887.731,52.32760638,8.20257907250771,44.10261309714468,0.7601400998247407,46.0,165.0
마포구,망원동,헬로 스트레엔젤,2,고위험군,37.55773662,126.9034193,191466.3903,450916.5554,35.71649757,-7.817580800811832,43.875143067480614,0.7017060399197126,46.0,165.0
마포구,서교동,one way house 2,2,고위험군,37.55204423,126.9278899,193628.0583,450282.8277,35.39049272,-4.419115415021899,41.293993523932954,1.8510317218737369,46.0,165.0
마포구,동교동,클라우스 하우스2,2,고위험군,37.55433995,126.9283817,193671.7073,450537.592,47.31640074,7.491971180591001,40.715475312337105,1.6903500020472988,46.0,165.0
마포구,연남동,스테이 고래,2,고위험군,37.56076207,126.9165295,192625.0718,451251.2352,37.94445233,-4.4678020714010245,42.636899108392385,0.25434684073283903,46.0,165.0
마포구,서교동,어울림,2,고위험군,37.5463058,126.9196529,192899.6611,449646.5211,36.85655117,-3.669992356025304,40.37465394058064,1.5845436351012414,46.0,165.0
마포구,망원동,체리하우스,2,고위험군,37.55621009,126.9054971,191649.8071,450746.9421,46.87284008,2.4756208494497685,44.22267403825962,0.901419636696675,46.0,165.0
마포구,서교동,스테이 이브,2,고위험군,37.55368749,126.9260552,193466.082,450465.3359,36.52239173,-1.958045512635202,38.51913105827433,2.689402018519102,46.0,165.0
마포구,망원동,다나 하우스,2,고위험군,37.55521731,126.9011929,191269.3732,450637.1463,44.35412084,-0.2917073417498699,43.939032910787226,0.9201598175110977,46.0,165.0
마포구,동교동,루비 스테이,2,고위험군,37.55263061,126.9313943,193937.7706,450347.6771,33.89485713,-1.6287235517487275,35.79169817913474,0.49381242874575393,46.0,165.0
마포구,서교동,프라이빗 하우스,2,고위험군,37.55240642,126.9288545,193713.33,450322.9615,52.75698546,12.207422392796232,40.37220479159285,1.552434794411995,46.0,165.0
마포구,노고산동,썬스 하우스,2,고위험군,37.55229819,126.9395073,194654.6397,450310.2902,55.37861633,10.386497610416178,42.99475199862637,-1.8815270610242667,46.0,165.0
마포구,도화동,한스 하우스,2,고위험군,37.5347838,126.9461072,195236.7174,448366.0506,39.53713549,-0.5945195640080598,39.86827475739736,-0.3763394760868473,46.0,165.0
마포구,연남동,란 스테이,2,고위험군,37.55970759,126.9240994,193293.7994,451133.6333,50.41578958,4.174413547218556,46.329849240175726,-0.11625691616467973,46.0,165.0
마포구,합정동,S HOUSE,2,고위험군,37.5440966,126.9132566,192334.192,449401.8289,41.32785633,-3.7838015182527016,41.28443455370157,1.1496116029010743,46.0,165.0
마포구,서교동,앤드류 게스트하우스,2,고위험군,37.55364634,126.926408,193497.2509,450460.7443,38.66452787,0.42943503804686856,38.50345580875968,2.5178995157417807,46.0,165.0
마포구,대흥동,1978 Stay,2,고위험군,37.54655983,126.9429587,194959.231,449673.2106,41.5660089,-1.1940234885462075,41.873659697541164,-1.4230524217490306,46.0,165.0
마포구,연남동,시담,2,고위험군,37.5631198,126.9223502,193139.567,451512.4746,41.91149724,-2.7281235017609973,44.703005682855775,0.15218765898885456,46.0,165.0
마포구,연남동,연남재 게스트하우스,2,고위험군,37.55910294,126.9237061,193258.9958,451066.5524,45.09868069,-0.4691687564034197,45.699010604807455,-0.19261786386149132,46.0,165.0
마포구,연남동,도란도란3,2,고위험군,37.55911332,126.9253471,193403.9911,451067.588,44.81696758,-1.328927832572468,46.288394093625456,-0.0846853925079231,46.0,165.0
마포구,연남동,찬스하우스,2,고위험군,37.55735274,126.92095,193015.3179,450872.5022,45.05106814,1.6757185791955322,43.113267937325574,-0.6389056799199035,46.0,165.0
마포구,서교동,Moonlight house,2,고위험군,37.55338757,126.915606,192542.7387,450432.826,41.04240256,3.1006316627760455,37.304048427758914,1.5364718397460277,46.0,165.0
마포구,망원동,힐링하우스2,2,고위험군,37.55917139,126.9022812,191365.9911,451075.9019,50.36786768,6.625520436918322,43.87625930260141,0.5064766777350087,46.0,165.0
마포구,연남동,홍대 스테이유,2,고위험군,37.55805283,126.9241003,193293.7315,450949.9744,46.32841379,3.514145016140212,43.22812970427337,-0.2592971742585796,46.0,165.0
마포구,연남동,홍홈,2,고위험군,37.55730089,126.9211929,193036.7743,450866.7294,48.70051316,5.50200084963199,42.89447679343746,-0.6404623554409296,46.0,165.0
마포구,망원동,Dalgonastay M,2,고위험군,37.55511389,126.9044761,191559.4714,450625.3681,52.63829197,8.802061563245822,44.30158569382454,0.9864651244522022,46.0,165.0
마포구,연남동,작전명 행복,2,고위험군,37.55860056,126.9252831,193398.2929,451010.6822,46.23106452,0.9140524471049218,45.4606228865035,-0.1273157295019844,46.0,165.0
마포구,성산동,우주정복연구소,2,고위험군,37.55878614,126.9160694,192584.2174,451031.9665,44.65165392,2.7360510928528825,41.93742607186708,0.08658838355830431,46.0,165.0
마포구,동교동,이안 뱃 스테이,2,고위험군,37.55344782,126.9298732,193803.4279,450438.4769,31.12635021,-5.302773369296709,36.416916805959794,1.2229285893907402,46.0,165.0
마포구,합정동,망원경,2,고위험군,37.54918998,126.9088675,191946.8601,449967.4996,48.34358202,0.49842648127439304,42.14946541184279,1.2005306556642728,46.0,165.0
마포구,연남동,오아시스 연남1,2,고위험군,37.55924617,126.9231501,193209.8874,451082.4893,53.6424831,7.71655639020063,45.9800616092078,-0.2075766900100581,46.0,165.0
마포구,연남동,나로하우스,2,고위험군,37.55789278,126.9204125,192967.8719,450932.4803,38.25749148,-5.3051987812932495,43.162528609411254,-0.5206170236110105,46.0,165.0
마포구,연남동,Kim's Mansion,2,고위험군,37.56119245,126.9193497,192874.2802,451298.7847,44.27610292,0.10756842183855042,44.29033398568103,0.1578733365447012,46.0,165.0
마포구,대흥동,아라베스크,2,고위험군,37.54692596,126.9434928,195006.4532,449713.8181,58.56602619,15.888717040626936,41.948327342843506,-1.4359071837801891,46.0,165.0
마포구,성산동,하이 홍대,2,고위험군,37.55896277,126.9161679,192592.9441,451051.5625,46.33000742,4.239585119718619,42.11025406461822,0.10084482656063046,46.0,165.0
마포구,합정동,낙낙스테이,2,고위험군,37.54943287,126.9075652,191831.8013,449994.5698,48.29025549,1.4832291792415688,42.36728396797522,1.1950475842272508,46.0,165.0
마포구,합정동,쁘띠맨숀47,2,고위험군,37.54532948,126.9178278,192738.2772,449538.3008,37.85677665,-5.33328396794407,40.44057832059883,1.3353012756496718,46.0,165.0
마포구,연남동,스테이콤마,2,고위험군,37.55880178,126.9205143,192976.9582,451033.3609,34.19111958,-8.885482996793073,43.14073797330595,-0.24924244320639388,46.0,165.0
마포구,중동,더 눅 마포,2,고위험군,37.56745481,126.9049959,191606.7813,451995.0184,39.18096702,-2.237701539423959,41.656254203406675,0.29376221265109287,46.0,165.0
마포구,상암동,올스테이,2,고위험군,37.57337671,126.8946398,190692.5969,452653.2561,36.68248417,-3.982054438297858,41.140094697143326,0.447975647540923,46.0,165.0
마포구,망원동,한강스테이,2,고위험군,37.55052045,126.9011467,191264.7472,450115.8552,45.16347052,3.7036227857462407,42.593237200899495,1.0676571957459993,46.0,165.0
마포구,도화동,흐흐스테이,2,고위험군,37.53876108,126.9518076,195740.771,448807.2065,40.52542179,1.7480850009586177,38.90868273789947,0.12867751683897116,46.0,165.0
마포구,서교동,스테이스트 홍대,2,고위험군,37.54926167,126.9140419,192404.1131,449975.0257,44.12743019,6.012829980699763,39.14630685785758,1.2577644823924408,46.0,165.0
마포구,서교동,스테이온 328,2,고위험군,37.55308438,126.9270773,193556.3477,450398.3273,38.78574814,0.8279852773387617,39.222714783267804,2.168598810198041,46.0,165.0
마포구,동교동,스테이 온기,2,고위험군,37.55321696,126.9306614,193873.0562,450412.8025,42.04993419,7.344124503184389,35.3875302009547,0.8947432453052712,46.0,165.0
마포구,성산동,하루안 스테이,2,고위험군,37.56041888,126.9056656,191665.16,451214.053,41.01316851,-1.8383798049100193,42.8522080962168,-0.001420058213559998,46.0,165.0
마포구,창전동,허브하우스,2,고위험군,37.54695341,126.9288941,193716.3697,449717.7402,47.42741959,3.851683547500741,40.176560603461,2.148326768246367,46.0,165.0
마포구,공덕동,다도 하우스 신공덕,2,고위험군,37.54684029,126.9604459,196504.5988,449703.5444,53.68254786,10.971503689259322,38.463232940045025,3.035593762768286,46.0,165.0
마포구,상암동,조선힙,2,고위험군,37.57408294,126.8933823,190581.5988,452731.7647,42.38755113,1.1636077698147247,41.1370851809834,0.44902011603866837,46.0,165.0
마포구,망원동,망원 데이데이,2,고위험군,37.55090791,126.9014883,191294.9709,450158.8269,37.97062489,-3.4340746573214602,42.54162090174682,1.0709842474907434,46.0,165.0
마포구,연남동,SSOL HOUSE,2,고위험군,37.56364481,126.9189287,192837.3226,451570.9998,41.94992791,-1.373960926350449,43.52180248863658,0.3061770176314225,46.0,165.0
마포구,대흥동,스테이연 마포,2,고위험군,37.54561926,126.9419204,194867.4087,449568.8749,45.59930524,3.009783039826857,41.4260459182663,-1.3711776750489524,46.0,165.0
마포구,도화동,공디스테이,2,고위험군,37.53915854,126.9513128,195697.0645,448851.3422,35.55869613,-3.321532781672964,38.93245252766083,0.05997790924160776,46.0,165.0
마포구,합정동,Piece Haus,2,고위험군,37.54910493,126.908141,191882.644,449958.1225,43.72708893,-2.5534099134433035,42.3034310083774,1.197042626049004,46.0,165.0
마포구,성산동,번역가의 방,2,고위험군,37.5652737,126.9081558,191885.707,451752.6631,36.24997161,-5.470087147412045,41.74045508915214,0.07094142334456763,46.0,165.0
마포구,창전동,스테이 에이치,2,고위험군,37.55122877,126.9314395,193941.6485,450192.0868,44.17996651,7.198138068754616,37.43470830191725,0.42661455420592664,46.0,165.0
마포구,연남동,홍대온스테이,2,고위험군,37.55877584,126.9202131,192950.3393,451030.5044,47.01350271,4.037784537766932,42.964348899325074,-0.24307825144663497,46.0,165.0
마포구,동교동,Hee's house,2,고위험군,37.55278435,126.931626,193958.2559,450364.7255,42.86069235,7.390602555963547,35.82167307756461,0.37766817336206127,46.0,165.0
마포구,연남동,사브리나 인 연남,2,고위험군,37.56090713,126.9166146,192632.5979,451267.3284,40.30608595,-2.091430504446471,42.63466654695788,0.25722463286684155,46.0,165.0
마포구,노고산동,레아스테이,2,고위험군,37.55209414,126.9324024,194026.806,450288.0708,43.07030471,6.247017881517934,36.828487510637245,-0.016953744208244262,46.0,165.0
마포구,연남동,Project 202,2,고위험군,37.55800662,126.9245589,193334.2541,450944.813,42.81096944,-0.2556956503310488,43.35685653556111,-0.20891541018686632,46.0,165.0
마포구,동교동,준하우스1,2,고위험군,37.55645178,126.9222266,193128.0345,450772.4122,38.4642407,-1.3355867599885443,39.56633956833784,0.20501316376786008,46.0,165.0
마포구,연남동,어반리프연남,2,고위험군,37.56043788,126.9257333,193438.2267,451214.5715,50.94642774,3.0925854874498455,47.84314093554338,-0.011816091646728533,46.0,165.0
마포구,도화동,스텔라스테이,2,고위험군,37.53862228,126.9523933,195792.5281,448791.775,42.48178235,3.791691927160741,38.91214839900188,0.21123821049680638,46.0,165.0
마포구,서교동,신화,2,고위험군,37.55124449,126.9238334,193269.535,450194.3488,40.66410876,-0.08413376739282796,40.92932830487343,3.233169009002678,46.0,165.0
마포구,서교동,스테이 로뎀,2,고위험군,37.54641613,126.9157121,192551.4229,449659.0713,47.78916984,7.129039721791337,40.20475908050632,1.233839363211024,46.0,165.0
마포구,서교동,코자요03,2,고위험군,37.54948675,126.9219025,193098.7498,449999.4008,45.81704151,2.4384421637530096,40.150977167528325,2.7065501989311755,46.0,165.0
마포구,대흥동,Casa Luna,2,고위험군,37.55116109,126.9437627,195030.5881,450183.8523,43.98477435,2.1011268544653774,40.867388635641305,-1.6927530190728104,46.0,165.0
마포구,연남동,엔조이연남,2,고위험군,37.5619481,126.9204545,192971.9665,451382.5698,44.3285228,0.2837469340332959,44.158842867145296,0.14405857898328414,46.0,165.0
마포구,연남동,바다민박,2,고위험군,37.56106961,126.9263398,193491.8711,451284.6439,51.59916256,3.3774649058624533,48.239050374185226,0.028874044698412066,46.0,165.0
마포구,서교동,유월애,2,고위험군,37.54887439,126.9194584,192882.7172,449931.6184,46.34350791,6.503727969454928,38.88304397132411,1.8538194809822737,46.0,165.0
마포구,도화동,공덕 스테이,2,고위험군,37.53826824,126.9517284,195733.745,448752.5108,44.52035866,5.603662089829811,39.0289192815603,0.10780609311627225,46.0,165.0
마포구,망원동,더 피크닉 스테이,2,고위험군,37.55345249,126.8968384,190884.3967,450441.6857,47.01434772,4.220344771369575,43.79279989245815,0.940870526459634,46.0,165.0
마포구,동교동,동교 네스트,2,고위험군,37.55429383,126.9296992,193788.1221,450532.3854,37.91379629,-1.368252679230558,38.165526283558364,1.2931356099201397,46.0,165.0
마포구,서교동,스테이담,2,고위험군,37.55557681,126.9163648,192610.0035,450675.7456,47.79445937,7.775378858276724,39.934339749406675,0.4535136217450181,46.0,165.0
마포구,합정동,버터하우스,2,고위험군,37.54666495,126.9069015,191772.8478,449687.4218,43.19565546,1.7297845309292086,42.63373975135748,1.1001368801246594,46.0,165.0
마포구,합정동,스테이 쉼표,2,고위험군,37.54965774,126.9092616,191981.7349,450019.3816,52.39481819,5.727911408706333,41.91718329413251,1.2201774868701922,46.0,165.0
마포구,공덕동,블루하우스,2,고위험군,37.54714898,126.9620284,196644.4558,449737.7476,44.94975854,4.296745693900675,38.20578100514142,3.248532178752303,46.0,165.0
마포구,합정동,하울의 집,2,고위험군,37.54707,126.9105275,192093.3234,449732.0664,48.46415992,5.91223587200038,42.12341165128372,1.1259755130562183,46.0,165.0
마포구,공덕동,벨라 스테이,2,고위험군,37.54466259,126.9591898,196393.4868,449461.8935,34.59263303,-1.9431218634966925,38.58656888041267,2.616272095904476,46.0,165.0
마포구,염리동,모먼트 하우스,2,고위험군,37.55289715,126.9467542,195295.0388,450376.3802,34.7657327,-5.979247700126777,40.089295482460756,-1.6701088881658073,46.0,165.0
마포구,공덕동,뉴 웨이브 하우스 101,2,고위험군,37.54403611,126.9539222,195927.9395,449392.5769,41.69795548,3.80722903889275,38.25589972097846,0.8193115241742186,46.0,165.0
마포구,연남동,CARRIE'S HOME,2,고위험군,37.56141201,126.9251507,193386.8386,451322.7293,54.32612623,6.650406146677305,47.691305717079956,0.017086728789393296,46.0,165.0
마포구,공덕동,우당탕탕 태희네,2,고위험군,37.54733049,126.9602237,196484.9868,449757.959,36.36930637,-2.9004165600852545,38.51439206753771,3.0104364425042136,46.0,165.0
마포구,상수동,홍스 하우스,2,고위험군,37.54604513,126.9234423,193234.5117,449617.3105,54.87893526,6.446576404290937,41.563110226036486,2.2409095625387163,46.0,165.0
마포구,서교동,홍대 안미당,2,고위험군,37.55226731,126.9230807,193203.1191,450307.9238,42.66095014,-5.929049969181101,41.12788314165057,3.4819149207492575,46.0,165.0
마포구,성산동,파라다이스 인 마포,2,고위험군,37.56086449,126.9101334,192059.9605,451263.1237,34.32780129,-7.2181570871581116,41.51082045159403,-0.05721166612571008,46.0,165.0
마포구,당인동,상수 스테이,2,고위험군,37.54329958,126.9196483,192898.973,449312.8674,48.4506058,8.475462912744156,41.51046534668352,1.4462796062942118,46.0,165.0
마포구,아현동,메리골든스테이,2,고위험군,37.55401904,126.9598616,196453.2981,450500.3214,43.11624985,-0.22763780918781862,41.767856808060046,2.7208643817903466,46.0,165.0
마포구,아현동,기다린보람 마포스테이,2,고위험군,37.55408576,126.9522983,195785.001,450508.0387,60.95870776,19.257823546113684,41.66035869747645,-0.05682058818244412,46.0,165.0
마포구,서교동,Tomy guest house,2,고위험군,37.5527082,126.9276907,193610.5156,450356.534,39.16044945,-0.20444625220699209,40.741692345029065,1.938621055899774,46.0,165.0
마포구,아현동,머무룸,2,고위험군,37.55415387,126.954225,195955.2537,450515.5135,40.73471122,-2.379949735121869,43.7530561625145,0.9472810232697637,46.0,165.0
마포구,합정동,소소당 합정,2,고위험군,37.54724842,126.9046318,191572.3382,449752.381,44.18714234,2.5841308070058773,42.770174145184484,1.0994716275232843,46.0,165.0
마포구,망원동,굿바이브,2,고위험군,37.5595094,126.9030953,191437.9627,451113.3425,46.66383786,3.21830208855598,43.69976064834194,0.4706775457885789,46.0,165.0
마포구,서교동,조하 하우스,2,고위험군,37.55263083,126.9235036,193240.5227,450348.2397,51.2531941,5.811152092422596,41.12586906243163,3.44752775804008,46.0,165.0
마포구,도화동,우리함께즐겨요 서울스테이,2,고위험군,37.53687991,126.9472655,195339.2182,448598.635,40.45180932,0.6783645133295977,39.80401894980389,-0.35794613683163523,46.0,165.0
마포구,공덕동,미담스테이,2,고위험군,37.54543146,126.9575945,196252.5513,449547.2911,43.62104579,5.702926542505004,38.654395031090075,2.307643874499322,46.0,165.0
마포구,망원동,레스트 휴,2,고위험군,37.55134398,126.9037998,191499.2771,450207.014,46.89687721,5.143182529555467,42.52788191682588,1.1209003680120657,46.0,165.0
마포구,합정동,로스터블록,2,고위험군,37.55019796,126.9077013,191843.9087,450079.4738,45.04334689,-0.9761173406884396,42.3885961299746,1.2128443805906637,46.0,165.0
마포구,서교동,HAN HOME,2,고위험군,37.55236449,126.9259131,193453.4136,450318.5086,34.58552326,-3.212822003482877,40.31561992512219,2.5998212687050253,46.0,165.0
마포구,망원동,럭키스테이,2,고위험군,37.55330759,126.9074366,191820.8589,450424.6286,39.47206009,-5.848603000419843,44.24750500675173,1.2040552860250415,46.0,165.0
마포구,동교동,하이미쉬,2,고위험군,37.55454393,126.9282429,193659.4626,450560.2407,41.57988634,1.16709950235078,41.40631965039929,1.7209468475963279,46.0,165.0
마포구,동교동,빙고 연남 루프탑,2,고위험군,37.55720823,126.9250743,193379.7147,450856.1648,41.02438545,0.3917927424201082,40.67268702803785,-0.07746488151109204,46.0,165.0
마포구,서교동,STAY AN,2,고위험군,37.55280385,126.9234984,193240.0762,450367.4432,51.97403842,7.067928889075787,41.01995566497365,3.4296830648128784,46.0,165.0
마포구,상수동,Hongdae Cozy Stay,2,고위험군,37.54686313,126.9218142,193090.7102,449708.217,37.9569572,-3.8432852217517777,40.75685245320186,2.0500454443970857,46.0,165.0
마포구,노고산동,호미 게스트하우스,2,고위험군,37.55043029,126.9373534,194464.1731,450103.1004,26.17670955,-15.645902297523197,42.24877580606605,-2.012787791089299,46.0,165.0
마포구,연남동,J HOUSE,2,고위험군,37.55962836,126.9229854,193195.3709,451124.9198,45.64369053,-0.6091973272045408,46.16735143564354,-0.16166339847248218,46.0,165.0
마포구,도화동,요셉 게스트하우스,2,고위험군,37.53838834,126.9533994,195881.4351,448765.766,33.42675615,-5.095038114108213,38.90991716388851,0.3692116276083659,46.0,165.0
마포구,창전동,Garden House,2,고위험군,37.54657553,126.9291723,193740.9174,449675.7816,34.54681795,-3.8787862813695213,40.11868670132504,2.1245707093203055,46.0,165.0
마포구,동교동,Like House,2,고위험군,37.55418894,126.9261603,193475.4135,450520.9836,32.40412343,-6.732590074897409,39.57197081676645,2.6304301954412272,46.0,165.0
마포구,연남동,시즈 더 데이,2,고위험군,37.55886588,126.9245163,193330.5587,451040.1838,38.86967166,-6.693644309433608,45.65668957664566,-0.15410525910229517,46.0,165.0
마포구,연남동,메모리스테이 연남2호점,2,고위험군,37.5609347,126.9180655,192760.7973,451270.2756,50.33765509,7.288390712135467,43.188932549218315,0.23049916640024745,46.0,165.0
마포구,합정동,호루스 스테이,2,고위험군,37.54465034,126.9117784,192203.6099,449463.4089,42.99279889,-0.595605934166592,41.686465669515755,1.1199090246240884,46.0,165.0
마포구,연남동,여기연남스테이,2,고위험군,37.55833364,126.9173848,192700.403,450981.6413,47.46248039,4.894026579475117,42.56589384827892,-0.021849976607023938,46.0,165.0
마포구,합정동,한스테이,2,고위험군,37.5497112,126.9063113,191721.0267,450025.5708,42.35205135,-1.8716408578223493,42.537555483483814,1.1736879586334255,46.0,165.0
마포구,연남동,메모리 메종 연남점,2,고위험군,37.5585801,126.9216348,193075.9371,451008.6739,47.74167377,4.850323587097947,42.98886720400856,-0.34652489434880696,46.0,165.0
마포구,합정동,픽토피아,2,고위험군,37.54538119,126.9133272,192340.5626,449544.3971,36.18517448,-6.203915304340093,41.22352745728057,1.1562387548147806,46.0,165.0
마포구,성산동,Stay 별의 순간 마포점,2,고위험군,37.56291777,126.9052212,191626.176,451491.4399,48.00743028,5.449131379090659,42.52472582916251,-0.18426701556330294,46.0,165.0
마포구,망원동,아틀리에 망원,2,고위험군,37.55134046,126.9063371,191723.4858,450206.3969,44.35743409,1.0135016758543216,42.8746645609007,1.1990433666507567,46.0,165.0
마포구,동교동,마이스위레트로홈,2,고위험군,37.55397747,126.9287902,193707.7724,450497.3336,30.64792281,-7.672416673741534,39.13067559259189,1.578139542626091,46.0,165.0
마포구,성산동,헬로 홍대,2,고위험군,37.56216857,126.9136981,192375.0468,451407.566,49.15145031,6.648510146787565,42.715106498943385,0.2007031034329704,46.0,165.0
마포구,망원동,루다 스테이,2,고위험군,37.55512215,126.9012835,191277.3719,450626.5763,37.65805455,-6.9079523012361435,43.90540933996747,0.9245423913123305,46.0,165.0
마포구,서교동,영가집,2,고위험군,37.54990223,126.9137261,192376.2702,450046.1457,33.951058,-3.417384505430931,38.575841447454266,1.2814617872397598,46.0,165.0
마포구,서교동,라티에르 스테이,2,고위험군,37.54641973,126.9162102,192595.4372,449659.4315,40.50735016,0.032065353636454574,39.952210624461785,1.2555506766930509,46.0,165.0
마포구,공덕동,모이재 스테이,2,고위험군,37.54514579,126.9547393,196000.2088,449515.7029,45.5311271,6.9384229591533355,38.52022325077626,1.2616324288917078,46.0,165.0
마포구,서교동,호호 하우스,2,고위험군,37.55544887,126.9152257,192509.3399,450661.636,27.01961036,-12.329143588275016,39.56285460402066,0.45962240327488596,46.0,165.0
마포구,도화동,마포스테이4889,2,고위험군,37.53510683,126.9469731,195313.2714,448401.8594,44.07387865,3.9715750108783894,39.788898089445226,-0.30403884090119765,46.0,165.0
마포구,연남동,연남 호토 레지던스,2,고위험군,37.55873632,126.919279,192867.8065,451026.1886,43.45090222,0.19350155462088026,43.09195209812195,-0.28698281982604135,46.0,165.0
마포구,서교동,Crystal House,2,고위험군,37.55280378,126.9236755,193255.7227,450367.4227,55.04161081,11.13100732889199,41.02588875044918,3.437637214806277,46.0,165.0
마포구,연남동,밀리스테이,2,고위험군,37.55655551,126.9175438,192714.2733,450784.2777,31.84067063,-9.468055911553943,41.29445434187849,-0.0438267638043805,46.0,165.0
마포구,서교동,하우스32,2,고위험군,37.54976841,126.9185484,192802.392,450030.9131,35.82394152,-2.4625453067582086,38.56620404643638,1.7823050170066133,46.0,165.0
마포구,서교동,Fave stay #2,2,고위험군,37.5527121,126.9235845,193247.6751,450357.2539,51.67837282,6.546857936168159,41.09435135438671,3.437688324639492,46.0,165.0
마포구,연남동,홍대 코지 그린하우스,2,고위험군,37.55713027,126.9177928,192736.3366,450848.0499,39.60070126,-1.9626417408205796,41.54661532559142,-0.192479940233594,46.0,165.0
마포구,서교동,무드하우스,2,고위험군,37.54970282,126.9149446,192483.9249,450023.9155,38.97390807,1.2059670876731374,38.219848057191854,1.3133344774828584,46.0,165.0
마포구,연남동,말랑홈_핑크,2,고위험군,37.55797799,126.9205116,192976.644,450941.9302,37.77577894,-5.72006199473887,43.112403659582526,-0.5082819088770811,46.0,165.0
마포구,연남동,컴피리피,2,고위험군,37.56137483,126.9258038,193444.5404,451318.557,46.5877638,-1.4899239499756831,48.087356837027144,0.02692454419812519,46.0,165.0
마포구,성산동,코너하우스,2,고위험군,37.5572897,126.9168578,192653.7348,450865.8174,44.69281158,3.405571534113953,41.34047230007595,-0.04319571210491552,46.0,165.0
마포구,서교동,코타로 하우스,2,고위험군,37.55221668,126.9300996,193823.3324,450301.8201,37.46907485,2.2810588096530395,36.33963604970211,1.0906943271227494,46.0,165.0
마포구,동교동,야피,2,고위험군,37.55410694,126.9278142,193621.5485,450511.769,46.59697431,5.285189217003321,41.015442856928956,1.9197705294353047,46.0,165.0
마포구,서교동,니트하우스 마포,2,고위험군,37.55152417,126.9182032,192772.0547,450225.808,38.85998759,1.1112945008398185,37.821035790359204,2.3802925863623994,46.0,165.0
마포구,서교동,노스텔지아3,2,고위험군,37.55354575,126.9263015,193487.8351,450449.5874,40.54950396,2.364927421175814,38.52053240412883,2.5551494923132303,46.0,165.0
마포구,연남동,모노하우스 5호점,2,고위험군,37.56077809,126.9236462,193253.8587,451252.4786,54.10446143,7.800347152840111,46.354625858922475,-0.03288894641744823,46.0,165.0
마포구,동교동,모노홈 스튜디오,2,고위험군,37.55369271,126.9294729,193768.0794,450465.6832,38.94999251,1.7669023492759308,37.62109184036811,1.3704497748711961,46.0,165.0
마포구,연남동,헬로인디아,2,고위험군,37.56106133,126.9182818,192779.9212,451284.3134,53.46915025,10.288792867141602,43.313932578671555,0.23072625568175376,46.0,165.0
마포구,공덕동,하루 스테이,2,고위험군,37.54779449,126.9607896,196535.0131,449809.4364,42.81249474,-0.7720762720374665,38.44939285931187,3.0992631694093373,46.0,165.0
마포구,연남동,부영,2,고위험군,37.56131322,126.9257321,193438.1966,451311.724,40.53299014,-7.542934967885408,48.08475400945713,0.02290870703751996,46.0,165.0
마포구,연남동,마리하우스2,2,고위험군,37.56124697,126.9181051,192764.3236,451304.9309,35.99859653,-7.016525058654693,43.125470431785125,0.25210613935415205,46.0,165.0
마포구,서교동,지미스테이,2,고위험군,37.55261622,126.9281441,193650.5664,450346.2946,41.12596655,1.0827495292495044,40.86721473516895,1.7818407414370874,46.0,165.0
마포구,서교동,서교한옥,2,고위험군,37.55264853,126.9159631,192574.2214,450350.7731,30.52683469,-6.495538885458934,37.00803653532138,1.7719078512326047,46.0,165.0
마포구,연남동,월넛하우스,2,고위험군,37.56188142,126.9166782,192638.3193,451375.4582,39.37426266,-3.3086074520817164,42.89537053635853,0.30750739875233746,46.0,165.0
마포구,동교동,제이투 하우스,2,고위험군,37.55442785,126.9287148,193701.1514,450547.3255,45.98524688,6.063629102219046,40.08589097369861,1.5739847847799346,46.0,165.0
마포구,망원동,June Stay,2,고위험군,37.55431248,126.9072554,191804.9621,450536.1752,50.85318785,5.70670631190562,44.85850287829162,1.139763179914644,46.0,165.0
마포구,연남동,스테이 유,2,고위험군,37.56272888,126.9237351,193261.8908,451468.9869,48.74055633,2.7042099467182794,45.94186938597961,0.1149638446669075,46.0,165.0
마포구,연남동,탠저린스테이 홍대,2,고위험군,37.56164484,126.9188471,192829.918,451349.0329,36.30092284,-7.413034626856117,43.706024141140105,0.21714707390959262,46.0,165.0
마포구,연남동,JINI HOUSE,2,고위험군,37.56319218,126.9162468,192600.3337,451520.971,44.53484597,1.2536649247424378,43.14917426091942,0.3845634612007453,46.0,165.0
마포구,성산동,K-힐스테이,2,고위험군,37.56017585,126.9088709,191948.3417,451186.8002,38.84037582,-3.0955118233368992,41.81692092619194,-0.2055843935321135,46.0,165.0
마포구,도화동,57 Space,2,고위험군,37.53848737,126.9528834,195835.8329,448776.7798,39.05705017,0.4365367417306558,38.91185071245903,0.27444083168936073,46.0,165.0
마포구,염리동,아느케,2,고위험군,37.55283256,126.9461848,195244.7208,450369.2402,42.61901094,2.9473603423891817,40.07432162806041,-1.6990096763919664,46.0,165.0
마포구,동교동,RSJ 하우스,2,고위험군,37.55423106,126.9259998,193461.2299,450525.6695,31.35546032,-6.866169306308741,39.452584969706734,2.6735452186626807,46.0,165.0
마포구,동교동,hyuk House,2,고위험군,37.5528397,126.9307825,193883.7234,450370.9233,33.1340177,-1.3517908677089778,35.2185877585257,0.8137487979499225,46.0,165.0
마포구,상수동,단밤스테이,2,고위험군,37.547419,126.9232874,193220.9483,449769.8046,44.63831467,-1.2696367056590034,41.16049530615382,2.4621070635681104,46.0,165.0
마포구,신수동,레일파크 스테이,2,고위험군,37.54545072,126.9381402,194533.3384,449550.382,34.36502318,-6.637916822448659,39.7472138507342,-1.2597417836304023,46.0,165.0
마포구,망원동,The Haru House,2,고위험군,37.55369338,126.9030948,191437.2566,450467.8333,42.86753311,-2.069072123616266,43.43757688554735,1.0347145438791032,46.0,165.0
마포구,공덕동,Maple stay,2,고위험군,37.54367203,126.9536004,195899.4845,449352.1824,33.15737432,-5.619424968774325,38.21541459970544,0.6821114636767144,46.0,165.0
마포구,망원동,카멜리아,2,고위험군,37.55776775,126.8980095,190988.3932,450920.5154,41.4128707,-2.0541935291504387,44.20272078069348,0.747261987330134,46.0,165.0
마포구,연남동,TJ 하우스,2,고위험군,37.55704782,126.9177783,192735.0421,450838.9001,38.44095113,-3.056946009323589,41.51240365167775,-0.192606238455109,46.0,165.0
마포구,노고산동,스테이 헤리티지 신촌,2,고위험군,37.55191817,126.939617,194664.3008,450268.1063,57.20113294,12.312542180293804,42.91763958468087,-1.8566435161140984,46.0,165.0
마포구,도화동,프로젝트 드라곤,2,고위험군,37.53904695,126.9518446,195744.0591,448838.9329,35.87048029,-2.8501557005991387,38.82907469633888,0.12708385443689196,46.0,165.0
마포구,염리동,희가공덕,2,고위험군,37.54292791,126.9451995,195157.0158,449269.9937,56.98463768,14.965165184197758,41.25307835493072,-0.8451250993613517,46.0,165.0
마포구,서교동,오키도키 하우스,2,고위험군,37.55200923,126.9129405,192307.0669,450280.0615,33.99808019,-4.278204460444307,38.27101690367719,1.4507390947446897,46.0,165.0
마포구,동교동,서울맨션,2,고위험군,37.55672797,126.9252504,193395.2392,450802.8492,41.01306981,1.7045042694512276,39.30210338493271,0.1272342526128017,46.0,165.0
마포구,연남동,하우스 홍시,2,고위험군,37.55748658,126.9211909,193036.6175,450887.3389,51.86454428,8.737971953286774,42.885601281714216,-0.6422191991450192,46.0,165.0
마포구,연남동,OH House,2,고위험군,37.55752743,126.9217888,193089.4494,450891.8287,36.18747273,-5.756444853503908,42.49055149714127,-0.5826430147462476,46.0,165.0
마포구,연남동,Elly's Guest House,2,고위험군,37.56066686,126.9214487,193059.6867,451240.2934,54.21278288,9.388695513680666,44.830933204067435,0.016604178685377377,46.0,165.0
마포구,연남동,콜립 연남,2,고위험군,37.55911404,126.9209132,193012.2273,451067.9884,37.12814325,-6.226882199974611,43.29607199101302,-0.19481817710918684,46.0,165.0
마포구,서교동,하이데어,2,고위험군,37.55214106,126.9257166,193436.0235,450293.7242,42.95239326,4.939304746956132,40.76113857668632,2.6594540318021,46.0,165.0
마포구,동교동,올빛(ORBIT),2,고위험군,37.55681326,126.9232454,193218.0846,450812.4582,26.99113677,-10.88809066203007,37.87730374345334,-0.004883460082092783,46.0,165.0
마포구,동교동,딥서울 게스트하우스,2,고위험군,37.55656829,126.9246742,193344.3102,450785.1673,30.80172148,-7.477982967898992,38.15641472488596,0.20635689882174024,46.0,165.0
마포구,서교동,벙크2 게스트하우스,2,고위험군,37.55214693,126.9263077,193488.2612,450294.3346,40.52433514,2.094901376572153,40.76766558895325,2.4149072502104856,46.0,165.0
마포구,연남동,guesthouse pajamaparty,2,고위험군,37.56217134,126.9229118,193189.1003,451407.1659,45.17304001,-0.14637690630559064,45.35366657860996,0.09864743628287076,46.0,165.0
마포구,연남동,아이하우스 친친,2,고위험군,37.56132637,126.9177439,192732.4199,451313.7712,53.76830199,10.980304111764802,42.930931364709096,0.26203721057596707,46.0,165.0
마포구,동교동,다온하우스,2,고위험군,37.55665201,126.9247275,193349.0245,450794.4555,30.64308391,-7.782993319596187,38.323750153447804,0.15757973974701656,46.0,165.0
마포구,연남동,소쥬2,2,고위험군,37.55573509,126.9188773,192832.0193,450693.1183,46.87529653,3.699927443185345,42.958363782434176,0.50218348477171,46.0,165.0
마포구,연남동,만두 게스트하우스,2,고위험군,37.56013397,126.9225473,193156.7017,451181.0683,45.44885527,-0.6741810411505895,46.11248332884513,-0.09262052661840048,46.0,165.0
마포구,서교동,Br. house,2,고위험군,37.55232736,126.9270845,193556.917,450314.3067,46.18543262,6.658850408630514,40.82159988748255,2.1234251173395946,46.0,165.0
마포구,동교동,더 퍼플 스테이 홍대,2,고위험군,37.55362244,126.9296458,193783.3505,450457.8726,42.90114764,6.0875194780404485,37.02319630995874,1.3116285331433515,46.0,165.0
마포구,서교동,퀸 하우스,2,고위험군,37.55306813,126.9180496,192758.633,450397.1809,32.90504349,-6.152642090834334,38.01453754554677,2.653725038137671,46.0,165.0
마포구,연남동,Two Two House,2,고위험군,37.55876527,126.924045,193288.9137,451029.0508,53.56437238,8.32344556671066,45.32509431191822,-0.19704723427425813,46.0,165.0
마포구,연남동,포토 하우스,2,고위험군,37.56100301,126.9227235,193172.3517,451277.5087,43.11554454,-2.7726885115114044,45.894501481232716,0.008564073812513548,46.0,165.0
마포구,연남동,더 어반 게스트하우스,2,고위험군,37.55960824,126.9256379,193429.7249,451122.4979,50.14692745,3.128693908473977,47.00783894767727,-0.04239868015912982,46.0,165.0
마포구,서교동,나루게스트하우스,2,고위험군,37.5486408,126.9171645,192679.983,449905.8688,39.745695,-0.8768349121611223,39.0130705567896,1.3798459938895786,46.0,165.0
마포구,서교동,Stay&Garden,2,고위험군,37.55255238,126.9246374,193340.6968,450339.4517,38.24099168,0.7287567076397679,40.60134347882242,3.225349608783375,46.0,165.0
마포구,서교동,벙크게스트하우스,2,고위험군,37.55214693,126.9263077,193488.2612,450294.3346,40.49744194,2.0680081765721567,40.76766558895325,2.4149072502104856,46.0,165.0
마포구,연남동,Cheshire,2,고위험군,37.55781106,126.9174385,192705.0977,450923.637,44.86501819,2.9294216905210035,41.97115722613759,-0.08803235976148843,46.0,165.0
마포구,서교동,이노게스트하우스,2,고위험군,37.55091491,126.9134668,192353.4593,450158.5621,32.09181768,-4.704118322382158,38.14589637306321,1.3568713096424738,46.0,165.0
마포구,서교동,에이블 게스트하우스(Able Guesthouse),2,고위험군,37.55260719,126.9261244,193472.106,450345.4307,41.61636836,2.9029429753234766,39.851575107430534,2.5159619548006003,46.0,165.0
마포구,동교동,엣홈,2,고위험군,37.5537209,126.9289065,193718.0326,450468.8496,31.3831909,-5.98503401237728,38.544824958907974,1.5442617938359664,46.0,165.0
마포구,연남동,하이 스트릿 게스트하우스,2,고위험군,37.55750443,126.9213599,193051.5498,450889.3076,50.88757528,8.143433384272342,42.77281836910177,-0.6583530781844888,46.0,165.0
마포구,연남동,마루지 게스트하우스,2,고위험군,37.5589785,126.9194611,192883.9166,451053.054,45.47392786,2.250979499701522,43.07340201619747,-0.20903704554120967,46.0,165.0
마포구,서교동,Bliss penthouse,2,고위험군,37.5526817,126.9231331,193207.7914,450353.9123,46.45071109,-0.16815378311859064,41.025571560550674,3.5051474513337935,46.0,165.0
마포구,합정동,오모,2,고위험군,37.5454445,126.9171385,192677.3798,449551.1201,31.00755426,-12.245631817810626,40.24791233024487,1.290797252327181,46.0,165.0
마포구,합정동,ZZZIP 게스트하우스,2,고위험군,37.54480446,126.9141033,192409.0834,449480.3241,49.71323267,8.201371647871213,41.03987805003159,1.1711613962256355,46.0,165.0
마포구,서교동,벙크 백팩커스 게스트하우스,2,고위험군,37.55217281,126.9270973,193558.0329,450297.1526,39.70265295,0.1503598851538399,40.97000069068315,2.1191664051628685,46.0,165.0
마포구,합정동,언더 클라우드,2,고위험군,37.55020814,126.9090299,191961.3123,450080.4892,50.01125999,6.024045590226777,42.021938578990344,1.2509388246079989,46.0,165.0
마포구,서교동,준 게스트하우스,2,고위험군,37.55166438,126.9267696,193529.033,450240.7454,37.53278279,-1.3382828320970575,41.22721741821564,2.2315011696484874,46.0,165.0
마포구,연남동,화이트테일,2,고위험군,37.55940438,126.9241078,193294.5171,451099.98,48.53771157,2.5471214486935025,46.08161430702207,-0.13842643035558905,46.0,165.0
마포구,성산동,가든하우스,2,고위험군,37.56154003,126.9102938,192074.2013,451338.0871,49.53130266,7.956956782150108,41.553597621731626,-0.01996018021138986,46.0,165.0
마포구,성산동,인 게스트하우스,2,고위험군,37.55805348,126.9059125,191686.7119,450951.4997,42.96601224,-0.5065746323055862,43.00220465953601,0.589633513382335,46.0,165.0
마포구,창전동,와우힐즈 게스트하우스,2,고위험군,37.54941414,126.9258357,193446.3115,449991.0605,39.25925253,-0.03309273130702195,41.199194756246975,2.700056863949653,46.0,165.0
마포구,연남동,바투 스테이,2,고위험군,37.5562321,126.919244,192864.4762,450748.2526,43.22214504,-0.16400495954685113,43.388935550434276,0.020135964562765424,46.0,165.0
마포구,연남동,T HOUSE,2,고위험군,37.55869521,126.9186042,192808.1737,451021.6773,38.60681976,-4.985616111793554,43.527025953187234,-0.20826516830451872,46.0,165.0
마포구,동교동,홍대스타일 게스트하우스,2,고위험군,37.5547335,126.919999,192931.0387,450581.8687,39.535681,-2.143997958769262,42.13263918423602,2.166193493029012,46.0,165.0
마포구,연남동,19th st.Guest House,2,고위험군,37.56228586,126.9234974,193240.8497,451419.834,46.34507574,0.4606235763828508,45.90755783174492,0.09355603267188674,46.0,165.0
마포구,합정동,Sogni d'oro,2,고위험군,37.54643106,126.9140763,192406.8614,449660.8592,49.9419388,5.692530294377477,40.896442453328746,1.1853042674695449,46.0,165.0
마포구,연남동,버즈네스트,2,고위험군,37.55844158,126.9206879,192992.2648,450993.37,43.92499916,1.0611681532343482,43.04878398470704,-0.3653968168600718,46.0,165.0
마포구,서교동,홍대PH365,2,고위험군,37.5494618,126.9201872,192947.1776,449996.7589,45.34102475,6.329834039695555,39.0683874353639,2.2172343646596158,46.0,165.0
마포구,도화동,호유즈,2,고위험군,37.53863059,126.9526778,195817.67,448792.6846,39.04803942,0.399435392567284,38.8997002092059,0.23886153074504057,46.0,165.0
마포구,연남동,케이북9,2,고위험군,37.55841935,126.9195732,192893.7708,450990.9864,49.89052716,6.6088303207688455,43.052066278491566,-0.38367101623996386,46.0,165.0
마포구,상암동,비나 하우스,2,고위험군,37.5727038,126.8951944,190741.5054,452578.516,39.31332202,-1.3683873143520984,41.14599644323594,0.4373602254827319,46.0,165.0
마포구,서교동,블랙 게스트하우스,2,고위험군,37.55264049,126.9291796,193742.0749,450348.9188,40.20432909,2.6328007547517913,38.368196281512645,1.44839417220578,46.0,165.0
마포구,연남동,소울타운,2,고위험군,37.55774055,126.9207379,192996.617,450915.5603,45.32951247,1.9123934131702498,43.10411536302906,-0.6325813911904974,46.0,165.0
마포구,서교동,LK,2,고위험군,37.55331923,126.9251563,193386.6243,450424.5263,33.90050439,-4.791746690061302,38.667428711307856,3.0677845397954875,46.0,165.0
마포구,동교동,홍대 연트럴파크 게스트하우스,2,고위험군,37.55252296,126.931419,193939.9462,450335.7277,29.11215284,-6.521708988964718,35.88857231102115,0.47784275238487645,46.0,165.0
마포구,연남동,썬하우스,2,고위험군,37.56233103,126.9229793,193195.0786,451424.8847,39.37215689,-5.935290275926874,45.358140074935754,0.10678653676963715,46.0,165.0
마포구,연남동,정 스테이,2,고위험군,37.5609012,126.9167951,192648.5452,451266.6561,37.4506902,-5.0143009397733,42.69064922989723,0.25733826032706025,46.0,165.0
마포구,망원동,조이 제이 스테이,2,고위험군,37.55703963,126.9053322,191635.332,450839.0258,52.16903,7.771115733006489,43.79659615001975,0.7844632184753108,46.0,165.0
마포구,연남동,하이네 하우스,2,고위험군,37.55943451,126.917617,192721.0239,451103.8069,48.0387601,4.254950044771881,43.84072532687115,0.09019016483043342,46.0,165.0
마포구,연남동,단아,2,고위험군,37.55855091,126.9205852,192983.1938,451005.512,34.07992778,-8.793863904439661,43.029611782695156,-0.329351885908565,46.0,165.0
마포구,성산동,르하임,2,고위험군,37.55820131,126.9057763,191674.6959,450967.9191,41.9732284,-1.5741484042225977,43.03171407406307,0.570870453059041,46.0,165.0
마포구,염리동,해피스테이,2,고위험군,37.54665102,126.9472241,195336.1688,449683.1114,36.95798464,-4.244594375650173,40.34914582907075,-0.9411055854185137,46.0,165.0
마포구,공덕동,서울역 홍대 스테이,2,고위험군,37.54777494,126.9623193,196670.1904,449807.2113,42.13939309,1.9888652979555346,38.463631801681565,3.2477723204633473,46.0,165.0
마포구,동교동,킴스 하우스,2,고위험군,37.55467152,126.926876,193538.6982,450574.4948,57.16952384,15.977828904457716,41.33106187594869,2.2510365197764433,46.0,165.0
마포구,망원동,케이바이브 망원,2,고위험군,37.55561041,126.8986783,191047.2284,450681.0123,46.43444197,2.7459232132860123,44.07676949833062,0.8660820738206869,46.0,165.0
마포구,서교동,드림컴포트,2,고위험군,37.55123658,126.9144736,192442.4554,450194.1822,40.15052946,4.024936584491819,37.29544577251188,1.4261800343466158,46.0,165.0
마포구,창전동,더 서울,2,고위험군,37.54602595,126.9277579,193615.8846,449614.8799,41.8471248,-4.234474471984825,40.98936701783044,2.4895540308522746,46.0,165.0
마포구,망원동,소소재101,2,고위험군,37.55842563,126.9017045,191314.9498,450993.1845,46.24829047,2.5550367047959455,43.98609105393436,0.6399300216307416,46.0,165.0
마포구,서교동,더 홍대 스테이,2,고위험군,37.54905871,126.9194035,192877.8824,449952.0798,36.31743643,-3.875551447138342,38.857457752201256,1.880356736664902,46.0,165.0
마포구,염리동,트리브 공덕,2,고위험군,37.54321482,126.9444601,195091.6938,449301.8755,40.68465747,-0.17903723543615513,41.25916427641011,-0.919046481957733,46.0,165.0
마포구,합정동,리버사이드망원정,2,고위험군,37.54703433,126.9040904,191524.4724,449728.6683,43.97737015,2.3322310111517552,42.80211691037672,1.089877468815979,46.0,165.0
마포구,망원동,Bridge Stay,2,고위험군,37.55637449,126.9046011,191570.6558,450765.2685,32.33648831,-11.525030744447385,44.116542583317965,0.872252830234099,46.0,165.0
마포구,연남동,BS 하우스,2,고위험군,37.56096341,126.925345,193403.9651,451272.9263,46.08248855,-1.976452182736395,48.05584949507566,-0.005186261717097448,46.0,165.0
마포구,서교동,팀스테드,2,고위험군,37.55292307,126.9244608,193325.1302,450380.6064,27.83028731,-11.635352688641635,40.28415602056064,3.263044027879303,46.0,165.0
마포구,동교동,lan house,2,고위험군,37.55402173,126.9213741,193052.4785,450502.7682,32.70093089,-8.188365645625431,41.14017607296492,3.4662421643780785,46.0,165.0
마포구,동교동,Your Dream House,2,고위험군,37.55392719,126.928221,193657.477,450491.7914,41.6387081,1.2356288068217296,40.19544822930163,1.7718974731542267,46.0,165.0
마포구,상수동,다나카 하우스,2,고위험군,37.54557046,126.9217218,193082.42,449564.753,45.51560975,-1.142578939409482,41.2582278484767,1.8535805070452605,46.0,165.0
마포구,성산동,라임하우스,2,고위험군,37.55562326,126.9132446,192334.3112,450681.1509,45.22137371,5.185166403039865,40.72512538636215,0.9086510893808867,46.0,165.0
마포구,연남동,아이브이 게스트하우스,2,고위험군,37.55973665,126.9229152,193189.1782,451136.9437,49.89031051,3.6468914223998112,46.18549247962635,-0.14640274827014452,46.0,165.0
마포구,망원동,카키하우스,2,고위험군,37.55546245,126.9040454,191521.4532,450664.0929,44.51184519,0.6192786263395149,44.21317364276924,0.9491655412257302,46.0,165.0
마포구,창전동,옐로우버터하우스,2,고위험군,37.54656631,126.9292558,193748.2991,449674.7527,34.8896469,-3.5329345392368907,40.09352635975272,2.096791324706547,46.0,165.0
마포구,연남동,하모니 하우스,2,고위험군,37.56040988,126.9251068,193382.8748,451211.5078,46.42374973,-1.09894457518525,47.51210527888941,-0.03477398354971717,46.0,165.0
마포구,연남동,J-Park Story,2,고위험군,37.56134587,126.9166777,192638.2189,451316.0185,42.63752217,0.1287720853196248,42.75951700959972,0.2818915508839563,46.0,165.0
마포구,망원동,한강파크 하우스,2,고위험군,37.55065592,126.900944,191246.8468,450130.9096,45.77222239,4.245385188110745,42.654724267854206,1.062473913340782,46.0,165.0
마포구,노고산동,호스트 헬퍼,2,고위험군,37.55274478,126.9416416,194843.2625,450359.7372,43.19917409,-0.45147680824821634,41.82233898006665,-1.7222767927177671,46.0,165.0
마포구,연남동,로즈 하우스,2,고위험군,37.55913957,126.9203554,192962.9475,451070.8635,43.06673644,-0.10501789654739468,43.14271046510555,-0.15670758239203522,46.0,165.0
마포구,연남동,반달 하우스,2,고위험군,37.56340684,126.9200373,192935.2445,451544.5041,49.28203739,5.63066386214507,43.88495667594478,0.2231389566592587,46.0,165.0
마포구,성산동,네스트 인 망원,2,고위험군,37.55686859,126.9078031,191853.6332,450819.8254,42.98541376,-0.5647181485076516,43.50796734126966,0.8047569986105895,46.0,165.0
마포구,망원동,스테이 다담,2,고위험군,37.5534993,126.9069279,191775.9291,450445.9505,50.04610289,6.108671916754901,44.275364871244555,1.172020103956826,46.0,165.0
마포구,서교동,Forest House,2,고위험군,37.55002027,126.9134995,192356.2557,450059.2651,41.05480132,3.4384087598084534,38.679832796304666,1.2819387188650968,46.0,165.0
마포구,서교동,라라 스페이스,2,고위험군,37.54731757,126.9195794,192893.2583,449758.8209,35.69379727,-5.252987072537728,39.58800462482494,1.6531663859825754,46.0,165.0
마포구,성산동,코너빌리지,2,고위험군,37.5573316,126.9167725,192646.1985,450870.4745,44.58011637,3.277479681386893,41.33762000214174,-0.030305455707074214,46.0,165.0
마포구,상암동,Wilson 202,2,고위험군,37.57485112,126.8945953,190688.8502,452816.903,45.70095891,4.955165950258035,41.094180300346515,0.4727363204409803,46.0,165.0
마포구,노고산동,SG게스트하우스,2,고위험군,37.55295747,126.9401985,194715.7641,450383.4234,35.09972434,-9.456227218354229,42.630058112765795,-1.81419896331651,46.0,165.0
마포구,동교동,미성 게스트하우스,2,고위험군,37.55563281,126.9232226,193215.9621,450681.4439,34.94877882,-0.8921812496967263,36.10729559987797,1.4126786140186143,46.0,165.0
마포구,서교동,온가 스테이,2,고위험군,37.55204906,126.9270933,193557.6697,450283.4181,40.01009263,0.9848359341807509,41.04413618385573,2.1194460289730905,46.0,165.0
마포구,노고산동,써니즈 하우스,2,고위험군,37.55280859,126.9402987,194724.6076,450366.8938,34.9336296,-9.591896673649266,42.610079573177615,-1.8043580896148492,46.0,165.0
마포구,서교동,아몬드 스태이,2,고위험군,37.54579254,126.9189879,192840.8427,449589.6059,41.4441388,0.24880999608711818,40.50783774628022,1.4591943441306612,46.0,165.0
마포구,동교동,스테이 에스제이,2,고위험군,37.5539854,126.9284308,193676.0211,450498.2379,43.40791434,3.483343911132785,39.83258281680011,1.6934223409345717,46.0,165.0
마포구,신수동,다스숀스테 하우스,2,고위험군,37.54488791,126.9369195,194425.4183,449487.9886,37.65904701,-1.6802313031981555,39.020020573054886,-0.9622396048485484,46.0,165.0
마포구,연남동,형석하우스,2,고위험군,37.55872001,126.9254652,193414.3904,451023.927,42.39707974,-3.2804133234380117,45.79620648747448,-0.10709706094944368,46.0,165.0
마포구,망원동,머무르다(망원),2,고위험군,37.55598377,126.9031854,191445.5223,450722.0311,36.00082318,-8.14789950541119,44.152771583496786,0.8961865214208917,46.0,165.0
마포구,연남동,프라임스테이 홍대,2,고위험군,37.55921491,126.9255616,193422.9497,451078.8483,54.20590708,7.784467546279409,46.49293770738798,-0.06629197998800965,46.0,165.0
마포구,서교동,홍하우스,2,고위험군,37.55254107,126.9262422,193482.5024,450338.084,41.94313273,2.990658249132842,40.01067381515998,2.465419607792155,46.0,165.0
마포구,서교동,Hongdae Skylounge,2,고위험군,37.55212731,126.9279492,193633.3072,450292.0446,40.10208773,-0.48576033369058536,41.320911269970686,1.832085061879381,46.0,165.0
마포구,동교동,YAB Guest House,2,고위험군,37.55405158,126.925568,193423.0623,450505.7795,42.6760103,5.0263997893531425,38.50263265678356,2.811788955895544,46.0,165.0
마포구,연남동,빅베어하우스,2,고위험군,37.5567821,126.9173257,192695.0306,450809.4434,36.00552498,-5.144100491800188,41.203359716481856,-0.09405828962576743,46.0,165.0
마포구,동교동,Hongdae Oasis,2,고위험군,37.55437567,126.9280903,193645.9627,450541.5762,46.74655834,6.404505508484689,41.38003285644605,1.7915613189716422,46.0,165.0
마포구,동교동,Julie's house,2,고위험군,37.55648743,126.9246229,193339.7737,450776.1964,36.10792699,-1.8996343704572638,37.8468281167284,0.2943256223710402,46.0,165.0
마포구,서교동,코지하우스 인 홍대,2,고위험군,37.55324125,126.9177795,192734.7768,450416.416,28.48931939,-11.06018369641017,37.97279144225878,2.393289672042759,46.0,165.0
마포구,합정동,예성 게스트하우스,2,고위험군,37.55025616,126.9079377,191864.8093,450085.9128,43.13862506,-1.920510214060215,42.34935935099916,1.2220464649718608,46.0,165.0
마포구,서교동,27번가 게스트하우스,2,고위험군,37.55280967,126.9244262,193322.0583,450368.0228,27.49282822,-10.983401878406049,40.43307385548819,3.270075827746722,46.0,165.0
마포구,연남동,Yeonnam Happy House,2,고위험군,37.56165586,126.9244795,193327.5569,451349.8412,46.17253273,-0.9657627520349763,47.107390586840815,0.03296307487248362,46.0,165.0
마포구,동교동,서울 라이프 홍대,2,고위험군,37.55378905,126.9293483,193757.0784,450476.384,40.84707002,3.1964233519210907,38.03811736370069,1.4103622726534457,46.0,165.0
마포구,신공덕동,코지 네스트 공덕,2,고위험군,37.54027834,126.9565345,196158.6074,448975.4002,35.03686123,-3.3835883188139206,38.54436521189932,1.1412904286679924,46.0,165.0
마포구,성산동,KOREA HOSUE BNB,2,고위험군,37.55884453,126.9060452,191698.5272,451039.2852,39.980066,-3.172111557197695,42.86483593972052,0.40379584272012653,46.0,165.0
마포구,염리동,품 스테이,2,고위험군,37.54645444,126.9442747,195075.5232,449661.4438,48.5283536,8.240403201810558,41.59258929073163,-1.3103929311956555,46.0,165.0
마포구,염리동,칠랙스 하우스,2,고위험군,37.54316868,126.9445862,195102.8322,449296.748,40.11990563,-0.8917576660596396,41.23431050608083,-0.9059846141829684,46.0,165.0
마포구,서교동,제니하우스,2,고위험군,37.55506177,126.9103997,192082.8734,450619.068,40.57084187,-3.023145045389647,43.149942868934865,1.2246920591213886,46.0,165.0
마포구,망원동,망원 기니하우스,2,고위험군,37.55502434,126.9010841,191259.7379,450615.7391,46.65046957,1.626331816476032,43.88284154939176,0.9281959688956348,46.0,165.0
마포구,망원동,영화같은 하루-망원,2,고위험군,37.55295883,126.8990294,191077.9364,450386.6851,37.86978805,-4.602558140621461,43.51666349676488,0.9837508811916675,46.0,165.0
마포구,동교동,플러하우스,2,고위험군,37.55263628,126.9304043,193850.2913,450348.3707,37.58009392,3.1218687086479164,35.43517691674727,0.9795603263859919,46.0,165.0
마포구,동교동,AT30,2,고위험군,37.55611834,126.9234654,193237.4597,450735.3145,34.6628118,-1.956744776979015,36.938145407879134,0.6755742804270655,46.0,165.0
마포구,서교동,스테이 한가,2,고위험군,37.5534261,126.9250483,193377.0871,450436.3952,40.43272563,0.39925555684638425,38.86367487558487,3.0886702413627365,46.0,165.0
마포구,성산동,Jamie House,2,고위험군,37.56347768,126.9083411,191901.888,451553.31,39.91541201,-1.9251521838491286,41.812211155181565,-0.03436980986494821,46.0,165.0
마포구,합정동,스테이55,2,고위험군,37.54344528,126.9121278,192234.3614,449329.6329,43.05078217,2.6987845546107465,41.54712000276494,1.125809842273422,46.0,165.0
마포구,서교동,차차스테이,2,고위험군,37.55316791,126.9271489,193562.6772,450407.5933,32.00569241,-5.659823220837595,38.9639716848377,2.142531544510569,46.0,165.0
마포구,연남동,디어민 하우스,2,고위험군,37.558396,126.9239173,193277.593,450988.0753,37.80698495,-6.339706539547699,44.470538145339574,-0.24467944155417817,46.0,165.0
마포구,노고산동,신촌플레이스,2,고위험군,37.55187541,126.941741,194851.9852,450263.242,46.1388943,2.358752687760891,42.01956393320869,-1.7280709464112465,46.0,165.0
마포구,연남동,호핑하우스,2,고위험군,37.56037954,126.9216797,193080.076,451208.3872,48.72299246,3.693887010654521,45.03031432108897,-0.026078467347893805,46.0,165.0
마포구,합정동,Rich Stay,2,고위험군,37.5503173,126.9092701,191982.554,450092.5842,51.98523147,7.720181193202471,41.905301978744404,1.2585621607680917,46.0,165.0
마포구,대흥동,더 눅 하우스,2,고위험군,37.54697828,126.9432759,194987.2884,449719.6365,49.28266541,6.232120766345453,42.0494471661888,-1.4610878489312582,46.0,165.0
마포구,창전동,레드판다하우스,2,고위험군,37.55143681,126.9305026,193858.879,450215.2375,39.3930126,2.7632766676006923,37.52829556050985,0.895464094931501,46.0,165.0
마포구,서교동,지니 스테이,2,고위험군,37.55222641,126.9284475,193677.3438,450303.0099,36.49869463,-4.710184101152116,41.1656359310399,1.6787686673497493,46.0,165.0
마포구,서교동,Saymi stay,2,고위험군,37.55552726,126.9116039,192189.3283,450670.6311,44.512851,3.380393063720703,41.85352671200659,1.1602967734636638,46.0,165.0
마포구,도화동,두오방즈,2,고위험군,37.53821585,126.9530943,195854.4573,448746.6351,38.41829053,-0.2626060573792941,38.984727050825754,0.2947499239631277,46.0,165.0
마포구,서교동,오아시스 홍대,2,고위험군,37.55278449,126.9255146,193418.2376,450365.1514,46.84724424,9.681208360537198,39.38442739124336,2.830054723193481,46.0,165.0
마포구,동교동,한인빌리지,2,고위험군,37.5546881,126.9283755,193671.1889,450576.2329,35.75328782,-4.812879094456292,41.36835636611886,1.6613467484561355,46.0,165.0
마포구,공덕동,Angela stay,2,고위험군,37.54589156,126.9594059,196412.6448,449598.286,34.85394187,-6.214425921419057,38.6297502035425,2.7916425622054897,46.0,165.0
마포구,창전동,선자하우스 1F,2,고위험군,37.55146431,126.9308331,193888.0867,450218.2681,38.98944541,2.349514604204252,37.30043998041952,0.7376031162140491,46.0,165.0
마포구,연남동,스테이 정하집,2,고위험군,37.56324035,126.9167259,192642.6647,451526.2797,36.56319159,-6.3099719574836755,43.16425323753105,0.3609107154335643,46.0,165.0
마포구,대흥동,Andy's homestay,2,고위험군,37.54175014,126.9395303,194655.9217,449139.5826,35.22429933,-5.2042617130205215,40.30045920699146,-0.8701577788140302,46.0,165.0
마포구,망원동,웜업 에이프릴 게스트하우스,2,고위험군,37.55723561,126.9007906,191234.0649,450861.1911,40.86535345,-2.877705504141808,44.10889203045969,0.7833517422729241,46.0,165.0
마포구,창전동,휴고 하우스,2,고위험군,37.55154622,126.9290652,193731.8762,450227.4756,40.05087582,1.3234089068992958,40.300140025719024,1.481464063904196,46.0,165.0
마포구,서교동,Hongdae Uncle Guesthouse,2,고위험군,37.55116063,126.9172854,192690.9128,450185.5303,35.60230669,-1.9283278364467904,37.59322098125542,1.7878264375118533,46.0,165.0
마포구,연남동,케이글로벌,2,고위험군,37.56157876,126.9189412,192838.231,451341.6916,36.17574086,-7.619359183993851,43.80332732284414,0.20980265671192827,46.0,165.0
마포구,연남동,앨리스하우스,2,고위험군,37.55859933,126.9207345,192996.3926,451010.8749,37.36048376,-5.603407445316442,43.11788665508779,-0.3209571155119291,46.0,165.0
마포구,서교동,스테이유영,2,고위험군,37.5498263,126.9215876,193070.9536,450037.1099,41.25943248,-0.35467737551942236,40.20539380272126,2.7371422712452076,46.0,165.0
마포구,연남동,스윗스토리,2,고위험군,37.56008275,126.9238696,193273.53,451175.288,34.72818298,-11.636705193232778,46.45514016304115,-0.09613214919590751,46.0,165.0
마포구,동교동,메이플라워,2,고위험군,37.55624657,126.9241101,193294.44,450749.5003,40.94353006,3.8296126583872905,37.03314797093446,0.5942238080425966,46.0,165.0
마포구,연남동,참새 나비 고양이,2,고위험군,37.55995805,126.9243375,193314.8582,451161.4144,46.59650178,0.044170910052770296,46.74534429072418,-0.08696234262601707,46.0,165.0
마포구,연남동,wave하우스,2,고위험군,37.55862898,126.9245199,193330.8636,451013.8904,40.81165154,-4.484353317696339,45.251011668056165,-0.17447184760469503,46.0,165.0
마포구,노고산동,ICOS,2,고위험군,37.55180929,126.9378652,194509.4982,450256.1228,55.10595235,11.220683159297195,43.023037178865195,-1.9591770255106467,46.0,165.0
마포구,서교동,헤이마 게스트하우스2,2,고위험군,37.5524961,126.9260272,193463.5012,450333.1078,35.40981698,-2.938795079079668,40.029927450494384,2.559393473478335,46.0,165.0
마포구,염리동,서울큐브이화,2,고위험군,37.55325642,126.9460708,195234.6726,450416.2893,37.46832942,-0.4983634909041683,40.289526965617426,-1.7063635441882776,46.0,165.0
마포구,연남동,Roof 23,2,고위험군,37.55949572,126.9243134,193312.6937,451110.103,44.02714961,-2.1555085400058402,46.24382890728489,-0.11996908823259533,46.0,165.0
마포구,연남동,Plantenor house,2,고위험군,37.55866169,126.9253644,193405.4772,451017.4612,41.91216171,-3.5865254950775096,45.63359673628707,-0.11770928496199949,46.0,165.0
마포구,공덕동,올드타운앳홈,2,고위험군,37.54706042,126.9620163,196643.387,449727.919,41.68118927,1.857932367920192,38.204277533308804,3.248217927755381,46.0,165.0
마포구,노고산동,오마이갓 슬라이딩,2,고위험군,37.55198107,126.9396323,194665.6608,450275.0866,45.83201035,0.9484697175934542,42.90943329486851,-1.8596166332259088,46.0,165.0
마포구,성산동,홍대복층 하우스,2,고위험군,37.55678672,126.9152431,192511.0077,450810.12,37.9721697,-2.5194933157578916,40.57109996388786,0.13388283222667735,46.0,165.0
마포구,성산동,For fly,2,고위험군,37.565058,126.9056416,191663.5573,451728.943,38.62195457,-3.454006295851734,42.10845755061561,0.04098849671923178,46.0,165.0
마포구,도화동,스테이 헤리티지 공덕,2,고위험군,37.53850982,126.9516579,195727.5227,448779.3265,39.3105392,0.444976282904598,38.975917215828005,0.10601121339504765,46.0,165.0
마포구,노고산동,다시 마포,2,고위험군,37.55201895,126.9414709,194828.1314,450279.1881,43.2750748,-0.6972261208002593,42.13722412984838,-1.7286493286412787,46.0,165.0
마포구,상암동,Red rose house,2,고위험군,37.57426445,126.8955872,190776.4039,452751.6915,33.55704714,-7.506830661352993,41.094422611189785,0.4700872082725656,46.0,165.0
마포구,대흥동,에이비썸머홀리데이,2,고위험군,37.55270279,126.9456482,195197.2994,450354.8645,37.83020159,-2.9241414376355195,40.06904804540498,-1.7265884171874233,46.0,165.0
마포구,망원동,Mangwon Smile house,2,고위험군,37.55334342,126.9085146,191916.1212,450428.512,48.19341923,3.4445167236884657,44.26319234545117,1.255277459647025,46.0,165.0
마포구,서교동,레아 게스트하우스,2,고위험군,37.55230312,126.9299053,193806.1722,450311.4267,40.90027979,5.463803017978307,36.67262003536399,1.1707459351921146,46.0,165.0
마포구,공덕동,Ronnie,2,고위험군,37.5459992,126.9595034,196421.2697,449610.229,34.94579542,-6.130910904746244,38.62437429914219,2.8196340657723145,46.0,165.0
마포구,서교동,서교 451,2,고위험군,37.55383854,126.914809,192472.3583,450482.9418,39.71906593,1.4125619552595623,38.08052336956729,1.3476554356515826,46.0,165.0
마포구,창전동,무네미로 아트스테이1,2,고위험군,37.55171685,126.9304696,193855.9842,450246.3207,36.69989863,0.4440403368122503,37.068221252910234,0.9071811166430502,46.0,165.0
마포구,서교동,디자인하우스 서교,2,고위험군,37.5517339,126.9165616,192627.0185,450249.213,32.81594983,-2.8854773284489923,37.17191500787349,1.792687283136147,46.0,165.0
마포구,동교동,땡스땡스,2,고위험군,37.55257054,126.9309931,193902.3108,450341.036,29.10328138,-6.020332827138716,35.483220896264356,0.6924698581301411,46.0,165.0
마포구,동교동,엘라 게스트하우스,2,고위험군,37.55350596,126.9295934,193778.7116,450444.9482,36.20418233,-0.6631992678611311,36.95993193368959,1.3268394013928648,46.0,165.0
마포구,망원동,삼삼스테이,2,고위험군,37.55837261,126.9006307,191220.0725,450987.3996,37.86861638,-6.650785597624683,44.070452725608924,0.6662286664600094,46.0,165.0
마포구,망원동,STARSTAY,2,고위험군,37.55593921,126.9000395,191167.5453,450717.3764,50.86238231,7.0941720800089385,44.102463213777924,0.868013166133884,46.0,165.0
마포구,노고산동,영미하우스 노고산,2,고위험군,37.55268466,126.9320462,193995.3755,450353.6342,38.50146524,2.4658368195485494,36.14766251103579,0.16168930496554107,46.0,165.0
마포구,염리동,더 하이드아웃 빌라 홍대,2,고위험군,37.54428506,126.945511,195184.6345,449420.6048,35.23067238,-6.412545934351876,41.14488547103246,-0.9236742032026246,46.0,165.0
마포구,연남동,Sunny House,2,고위험군,37.55807066,126.9206644,192990.1537,450952.204,45.6313739,2.535322524555866,43.04808857321553,-0.4818125860841393,46.0,165.0
마포구,서교동,Terrace stay hongdae,2,고위험군,37.55337789,126.9185228,192800.4726,450431.5242,50.09244412,10.673386990493675,38.61810101304118,2.792214684231034,46.0,165.0
마포구,서교동,더원 게스트하우스,2,고위험군,37.5473975,126.9197115,192904.9431,449767.6822,29.75753065,-11.215654879961086,39.54618240311753,1.68766106656403,46.0,165.0
마포구,서교동,SH 하우스,2,고위험군,37.5512694,126.9260498,193465.392,450196.9572,37.77233869,-0.8997167443698686,41.30755593924135,2.4960711228020918,46.0,165.0
마포구,상암동,디엠씨스테이,2,고위험군,37.57488101,126.8947148,190699.4111,452820.2086,53.98215517,13.237952397642779,41.09307470881634,0.4733938818230616,46.0,165.0
마포구,노고산동,단밤신촌,2,고위험군,37.55204819,126.939707,194672.2672,450282.5319,50.3444453,5.477346145094231,42.900361385509456,-1.8526744719586659,46.0,165.0
마포구,서교동,Ho's stay,2,고위험군,37.55402172,126.9130909,192320.5624,450503.4115,46.04889269,6.171381722045048,39.73052944720696,1.385187115063575,46.0,165.0
마포구,염리동,스테이 윤슬,2,고위험군,37.55339312,126.9471322,195328.4701,450431.4081,29.0477934,-12.530525729731334,40.33973438811465,-1.6524291562158582,46.0,165.0
마포구,연남동,누크 하우스,2,고위험군,37.56266461,126.9206175,192986.4386,451462.0818,45.06494896,1.1296939997953928,44.06171232454404,0.16637860735963725,46.0,165.0
마포구,망원동,코지 브릭하우스,2,고위험군,37.55399205,126.9025085,191385.4834,450501.0357,44.46643773,-0.3779161378309581,43.516872557532665,1.0080115952307358,46.0,165.0
마포구,노고산동,가끔_신촌,2,고위험군,37.55255441,126.941224,194806.3497,450338.6314,42.99669741,-0.8364126077408542,42.060325090090274,-1.7400528043703571,46.0,165.0
마포구,서교동,다우하우스1,2,고위험군,37.55210193,126.9272554,193571.9963,450289.2749,40.59740689,1.4700014728151558,41.051007248226824,2.0640570070501485,46.0,165.0
마포구,합정동,달리하우스,2,고위험군,37.54692938,126.9103978,192081.8417,449716.4702,43.71907845,2.158229713676519,42.17748763547241,1.1221510826779522,46.0,165.0
마포구,동교동,TOMI HOUSE,2,고위험군,37.55346185,126.9294684,193767.6573,450440.0608,34.96179117,-1.734522218003896,37.26679743351407,1.3685846512324635,46.0,165.0
마포구,연남동,나무하우스,2,고위험군,37.55914467,126.9241766,193300.5753,451071.1503,46.90616287,1.085166105599079,45.88429562563314,-0.15709588563604812,46.0,165.0
마포구,동교동,HAN 게스트 하우스,2,고위험군,37.55318196,126.9298387,193800.36,450408.9718,31.00845689,-5.065943943590728,36.33990984917958,1.2261269946555098,46.0,165.0
마포구,연남동,누비다,2,고위험군,37.56060135,126.9168891,192656.8254,451233.369,30.47845124,-12.0467855497687,42.73387770605708,0.24051792765073987,46.0,165.0
마포구,연남동,미로 게스트하우스,2,고위험군,37.55897993,126.9247803,193353.8975,451052.8233,48.54036757,2.7896312624763837,45.91546285651987,-0.1278763543863996,46.0,165.0
마포구,연남동,케이하우스,2,고위험군,37.55679233,126.9186601,192812.9371,450810.4759,47.83008289,5.517364438904657,42.351945219416535,-0.2700096864882147,46.0,165.0
마포구,상암동,어반 블룸 상암,2,고위험군,37.57254352,126.8941844,190652.2632,452560.8268,36.44636334,-4.25454915174744,41.1505631946897,0.42357267532168813,46.0,165.0
마포구,동교동,스테이 블루,2,고위험군,37.55239122,126.9315147,193948.3911,450321.0999,27.8700435,-8.005386585204292,36.08520123370844,0.4244309797043815,46.0,165.0
마포구,연남동,모노크롬하우스(아지트룸),2,고위험군,37.55977646,126.9263265,193490.5844,451141.1205,46.40770382,-1.0956863823419383,47.502375869158506,-0.001439765784909744,46.0,165.0
마포구,신수동,게스트하우스 하하네,2,고위험군,37.54347927,126.9348039,194238.3526,449331.7742,36.08132211,-1.8997577706152668,38.02378811127966,0.3068745582310089,46.0,165.0
마포구,창전동,Pareto House,2,고위험군,37.55132252,126.9315346,193950.0631,450202.4858,46.66196119,9.753131639796209,37.316519944856346,0.3840459050457861,46.0,165.0
마포구,서교동,바이어스 케이걸하우스,2,고위험군,37.55297285,126.917477,192708.0219,450386.6502,39.47005674,1.062848039869479,37.596427905336895,2.2983438660400437,46.0,165.0
마포구,연남동,하우스 에이치,2,고위험군,37.55995523,126.9255947,193425.9455,451161.0128,43.00684048,-4.494023853181297,47.475696779948876,-0.0317848450269313,46.0,165.0
마포구,연남동,스테이. 노멀띵스,2,고위험군,37.56329824,126.9163882,192612.8308,451532.7313,46.86121587,3.5872917790746826,43.16640257718407,0.38362390498152127,46.0,165.0
마포구,서교동,드리미 하우스,2,고위험군,37.55231119,126.9256706,193431.9754,450312.6098,39.91949526,2.2835956044242423,40.394139198613196,2.6983187562432316,46.0,165.0
마포구,서교동,클라우스 하우스,2,고위험군,37.55323653,126.9256866,193433.4722,450415.3104,32.03935496,-4.513067764406053,38.2799751971817,2.814891997640123,46.0,165.0
마포구,서교동,L3 게스트하우스,2,고위험군,37.55006497,126.9202625,192953.8849,450063.6979,51.60193113,10.431527743193442,39.31712787359314,2.447631166158181,46.0,165.0
마포구,연남동,연남정원,2,고위험군,37.56316618,126.9214456,193059.6446,451517.6887,30.18435955,-13.985314284536539,44.268986706184926,0.17082789063784987,46.0,165.0
마포구,상수동,이유 스테이,2,고위험군,37.54363576,126.9204646,192971.1366,449350.118,40.71538413,0.7362978472607864,41.61036934797605,1.536674862572275,46.0,165.0
마포구,합정동,시티 오아시스 합정점,2,고위험군,37.55049963,126.9089465,191953.9784,450112.8483,44.27544126,-0.18641633085548648,42.06725543433655,1.2571085653913876,46.0,165.0
마포구,도화동,마포 게스트하우스 해날,2,고위험군,37.53517368,126.9456974,195200.518,448409.3433,39.88295072,-0.01942156982745047,39.917677264805654,-0.4344556400432235,46.0,165.0
마포구,연남동,알마수아베,2,고위험군,37.56215485,126.9185399,192802.826,451405.6615,42.52565753,-1.0201038633830066,43.43904596719807,0.2753722165431851,46.0,165.0
마포구,서교동,Room Plus,2,고위험군,37.552834,126.9105654,192097.283,450371.7981,39.37700032,-2.4887498978361933,42.260643444427686,1.3720847556825488,46.0,165.0
마포구,공덕동,만리 848,2,고위험군,37.54499923,126.9583167,196316.3504,449499.2903,48.40182231,8.777555374251861,38.61128651226605,2.4345109697080507,46.0,165.0
마포구,대흥동,블루버드 한옥,2,고위험군,37.54561751,126.9420925,194882.6165,449568.6712,62.68819811,20.416262175924388,41.454413263955324,-1.361723890064643,46.0,165.0
마포구,노고산동,블루브릭스 신촌,2,고위험군,37.55307725,126.9402458,194719.9468,450396.7148,33.35682011,-11.158963235818682,42.59029581018764,-1.8138165945901488,46.0,165.0
마포구,연남동,연남동끝집,2,고위험군,37.56393924,126.9177254,192731.0375,451603.7705,47.51013097,4.2998101261879,43.313385924135346,0.35158626507028584,46.0,165.0
마포구,염리동,제이앤디,2,고위험군,37.55201392,126.9463939,195263.1466,450278.3704,35.20943773,-4.8126475870631324,39.562481039861666,-1.6634025524791354,46.0,165.0
마포구,노고산동,시리,2,고위험군,37.54964322,126.9350603,194261.4781,450015.8825,34.3542585,-2.7692348100361954,39.468514676520655,-1.2064949566984071,46.0,165.0
마포구,합정동,서울의 밤,2,고위험군,37.54709924,126.9061599,191707.3577,449735.6879,43.46998454,1.9478985656968746,42.697441750129954,1.1071896188844461,46.0,165.0
마포구,망원동,망원 담다,2,고위험군,37.55240858,126.9068095,191765.3487,450324.9039,53.06451095,9.8581187161043,43.50597440778667,1.2045015265962067,46.0,165.0
마포구,노고산동,신촌유랑,2,고위험군,37.55126633,126.9374105,194469.2779,450195.8874,30.30031157,-7.665785359007952,42.65384044838902,-2.0251887252644276,46.0,165.0
마포구,서교동,더포레스트,2,고위험군,37.5519298,126.9275169,193595.0888,450270.1527,39.97135378,0.5129035570736491,41.20868109409952,1.9733579359092241,46.0,165.0
마포구,염리동,특별한 하루 스테이,2,고위험군,37.54662147,126.9475022,195360.7445,449679.818,29.04193529,-12.133438153627086,40.22833152616177,-0.8921170944418012,46.0,165.0
마포구,대흥동,피노 스테이,2,고위험군,37.54922039,126.9434657,195004.2115,449968.4736,35.60229471,-6.610941040399375,41.89104260659729,-1.66986842467278,46.0,165.0
마포구,상수동,Amy's sweet home,2,고위험군,37.54315186,126.9209982,193018.2549,449296.3712,49.37572917,8.702022850373275,41.74003340697081,1.56725446300414,46.0,165.0
마포구,동교동,Jin's House,2,고위험군,37.55467349,126.9281632,193652.4286,450574.6257,33.84543157,-6.435646117440349,41.61374208645433,1.7380487826822333,46.0,165.0
마포구,대흥동,D.1881,2,고위험군,37.55119125,126.9436133,195017.3822,450187.2076,42.93021176,0.6123436635934354,40.957533117194515,-1.693640976906493,46.0,165.0
마포구,서교동,가자하우스,2,고위험군,37.55041295,126.9146111,192454.5244,450102.7581,37.02913524,-0.20124546011641087,37.512987744004775,1.3480357863925234,46.0,165.0
마포구,망원동,Jolly house,2,고위험군,37.55223742,126.9016061,191305.5348,450306.3757,37.13179658,-5.120625066649346,42.93604336040709,1.0499055107542916,46.0,165.0
마포구,신수동,스테이 헤리티지 경의선숲길,2,고위험군,37.54391637,126.9390634,194614.8094,449380.0345,35.95046545,-4.364244737957712,40.191718395815144,-1.2387178470912161,46.0,165.0
마포구,연남동,진 하우스,2,고위험군,37.56088256,126.9169292,192660.3969,451264.5768,36.33522867,-6.1679567314230255,42.724971227754864,0.25567117073963536,46.0,165.0
마포구,연남동,시스앤브로 하우스,2,고위험군,37.55834816,126.9215695,193070.1477,450982.9361,48.9170731,6.253799029321094,42.962174743433586,-0.41774454431589736,46.0,165.0
마포구,신공덕동,효공 하우스,2,고위험군,37.54183019,126.9563319,196140.7865,449147.6449,38.24298657,0.04597392910672227,38.37845876386971,1.294261520121704,46.0,165.0
마포구,대흥동,휘진 서강,2,고위험군,37.55007405,126.9443051,195078.4397,450063.1754,33.12758394,-6.770486225745003,40.744341188877804,-1.6954217013695267,46.0,165.0
마포구,망원동,STUDIO ARCH,2,고위험군,37.55331557,126.903343,191459.145,450425.8783,43.26717579,-1.5980854703471294,43.31223618891581,1.0562763550279222,46.0,165.0
마포구,합정동,MJ house 102,2,고위험군,37.54949733,126.9091197,191969.1723,450001.5902,51.36775224,3.6749484876283773,42.0020560373643,1.2149281248314638,46.0,165.0
마포구,연남동,유일,2,고위험군,37.55896284,126.9243086,193312.2238,451050.9599,46.52101063,0.7927964342900964,45.72030922112985,-0.1636990496977928,46.0,165.0
마포구,성산동,솔루나 하우스,2,고위험군,37.55707604,126.9171992,192683.8802,450842.0771,41.37424595,0.11687570576864204,41.34451490685814,-0.09184583356140312,46.0,165.0
마포구,서교동,게스 하우스,2,고위험군,37.55373445,126.9265509,193509.8863,450470.5136,33.64194634,-5.209389972067179,38.64845941063568,2.4940063823610044,46.0,165.0
마포구,상수동,와우 하우스,2,고위험군,37.5444683,126.9215004,193062.7559,449442.4429,44.75259797,3.5278676124333117,41.5130182550118,1.7126632490355176,46.0,165.0
마포구,성산동,Wish Stay,2,고위험군,37.56294553,126.905378,191640.0317,451494.507,47.89912384,5.34546115270394,42.484229271209365,-0.18561718876162817,46.0,165.0
마포구,동교동,JJ하우스1,2,고위험군,37.55476769,126.9266497,193518.706,450585.1841,46.99570763,5.988634473617182,41.31729229199961,2.282765767033098,46.0,165.0
마포구,도화동,도화스테이,2,고위험군,37.538969,126.9515232,195715.6451,448830.296,34.4013166,-4.442901322269009,38.926448290998266,0.09163467338705106,46.0,165.0
마포구,연남동,아띠연남,2,고위험군,37.55937861,126.9195008,192887.4632,451097.4584,51.96116342,8.585005799330602,43.33337370326964,-0.07980764180703921,46.0,165.0
마포구,성산동,해법하우스,2,고위험군,37.55891793,126.9067295,191758.9965,451047.3715,34.52397117,-8.239419558386878,42.66344146673687,0.25128998713841494,46.0,165.0
마포구,창전동,258 Inn,2,고위험군,37.55054835,126.926845,193535.5993,450116.8743,38.54095663,-0.5382552888210128,41.244317419544934,2.283426355248003,46.0,165.0
마포구,연남동,까사드 연남,2,고위험군,37.56204924,126.9249103,193365.6568,451393.4713,43.64437207,-3.657084572332188,47.2496827351193,0.054998394751666124,46.0,165.0
마포구,동교동,헤이스테이,2,고위험군,37.55553867,126.9239535,193280.5411,450670.943,36.68380238,0.2898858676478042,36.05420530796903,1.5944027179821956,46.0,165.0
마포구,동교동,YOUNGSTAY1,2,고위험군,37.55465323,126.9198855,192921.0056,450572.9683,42.29732735,0.6999104683888149,41.930480303229274,2.243209880026199,46.0,165.0
마포구,대흥동,제로워터 스테이,2,고위험군,37.54443198,126.9395048,194653.8517,449437.2357,43.98004607,3.2941555945244474,40.403634157294846,-1.3197138225469103,46.0,165.0
마포구,동교동,Stay U,2,고위험군,37.55236083,126.9309933,193902.3158,450317.7607,33.8457349,-1.7814464094353823,35.92638547166199,0.6824570582949139,46.0,165.0
마포구,대흥동,이화당,2,고위험군,37.55330268,126.9455243,195186.3881,450421.4515,49.45115055,10.742347259533382,40.358079226065016,-1.7386313315765478,46.0,165.0
마포구,성산동,이지멘션1,2,고위험군,37.56333218,126.9159332,192572.6372,451536.5341,42.68117533,-0.7295308811500405,43.153197674810755,0.4014765499759801,46.0,165.0
마포구,서교동,GLOW 스테이,2,고위험군,37.55372671,126.9267583,193528.2093,450469.6402,34.31060724,-4.959478028043797,38.779764559037766,2.383617454870424,46.0,165.0
마포구,성산동,아우라 스페이스,2,고위험군,37.55736614,126.9163762,192611.1892,450874.3391,34.60517923,-6.594145205745157,41.1852269233825,0.01883945123976126,46.0,165.0
마포구,도화동,스테이 차,2,고위험군,37.53837671,126.9529927,195845.4894,448764.4931,38.61206267,-0.012170138728826885,38.94352266596066,0.30077226199317225,46.0,165.0
마포구,서교동,Stay CarpeDiem hongdae,2,고위험군,37.55043322,126.9194563,192882.6807,450104.63,37.14974149,0.26386799708840414,38.802838709336,2.336992561375677,46.0,165.0
마포구,합정동,King kong dae 7,2,고위험군,37.54530952,126.9130474,192315.8226,449536.4654,40.30855032,-2.965220859577549,41.31111007205956,1.1508802671039953,46.0,165.0
마포구,연남동,seven house,2,고위험군,37.55805741,126.9208619,193007.6029,450950.7187,42.02518054,-0.8977953042727407,43.012724403888186,-0.5039721396729667,46.0,165.0
마포구,서교동,Sunny Guest House,2,고위험군,37.55341385,126.9262345,193481.898,450434.9527,31.84622005,-5.815685402408256,38.48588159347018,2.574521056277957,46.0,165.0
마포구,신수동,벙커.K,2,고위험군,37.54651932,126.9374656,194473.7999,449669.0232,39.0713025,-1.5228970329470641,39.47949500517483,-1.3782738007283997,46.0,165.0
마포구,성산동,얼바닉 스테이,2,고위험군,37.55595572,126.9125404,192272.1155,450718.1077,44.14828235,3.110511772282692,41.180808887897214,0.8518147616442723,46.0,165.0
마포구,공덕동,연스테이,2,고위험군,37.54663144,126.960726,196529.3434,449680.3542,35.40161129,-6.9677845300787595,38.39815644877842,3.0746735329119654,46.0,165.0
강서구,공항동,Stay Serendipity,2,고위험군,37.5558778,126.812004,183388.7562,450722.4754,38.70807354,-4.136608647561175,42.10982709382539,3.093834939309347,46.0,165.0
강서구,화곡동,더 화곡 스테이(The Hwagok Stay),2,고위험군,37.54281466,126.8411661,185963.0612,449267.8689,42.30082087,-1.2860544254231598,41.60282066516481,3.0757182156416234,46.0,165.0
강서구,공항동,고요하우스 공항동,2,고위험군,37.55668286,126.811193,183317.2751,450811.9712,40.96576469,-1.1390507523257654,42.12606688609155,3.086339776227481,46.0,165.0
강서구,방화동,에어포트 게스트하우스,2,고위험군,37.56569175,126.8146216,183622.1973,451811.25,46.37037626,5.16872287474304,42.376656648074885,2.7735872926710163,46.0,165.0
강서구,공항동,에어포트 스테이 서울,2,고위험군,37.5553479,126.8127287,183452.6732,450663.5349,32.94273602,-6.8813059811635355,42.098506306372855,3.097632802747803,46.0,165.0
강서구,등촌동,히트코지,2,고위험군,37.55293291,126.8538363,187084.5327,450389.0575,36.96115345,-5.019023133195802,42.423893220343565,1.9717871796657764,46.0,165.0
강서구,방화동,방화별채,2,고위험군,37.56298643,126.8102025,183231.1695,451511.7702,52.13033126,10.652565413686688,42.28124553116548,2.9079584872147977,46.0,165.0
강서구,공항동,두리현스테이,2,고위험군,37.55696025,126.8113822,183334.0552,450842.7247,40.89549984,1.0779655135630932,42.13134895746764,3.08054672808643,46.0,165.0
강서구,화곡동,Lia Stay,2,고위험군,37.53195541,126.8478241,186549.5135,448061.651,48.20831224,7.48690090127176,41.280465937504914,3.236799603474605,46.0,165.0
강서구,등촌동,온에어하우스,2,고위험군,37.55325852,126.855813,187259.2562,450424.9266,41.15507488,0.41171200069472036,42.63083072531157,1.8135142235705923,46.0,165.0
강서구,화곡동,서울하우스,2,고위험군,37.53796787,126.8389054,185762.3458,448730.2737,41.19970637,2.644970090377001,41.36936694228908,3.338718725716632,46.0,165.0
강서구,화곡동,에스더스테이,2,고위험군,37.52807793,126.8372725,185616.1323,447632.8597,25.50512768,-11.597083573490963,40.94325839713986,3.6182810435436874,46.0,165.0
강서구,공항동,미미하우스(MIMI HOUSE),2,고위험군,37.55692417,126.812028,183391.1108,450838.6059,34.27807093,-7.693185095865935,42.13049728081036,3.076611467761176,46.0,165.0
강서구,가양동,스테이240,2,고위험군,37.56917783,126.8384051,185724.0879,452194.2856,39.81652208,-0.8160605657820099,42.72329645453477,2.1946389375630106,46.0,165.0
강서구,개화동,Angel B&B,2,고위험군,37.5840424,126.8015852,182474.7534,453850.3151,41.56692354,1.613333564075127,42.7418081446916,2.6265121379710252,46.0,165.0
강서구,화곡동,스테이 화곡,2,고위험군,37.5393807,126.837677,185654.0531,448887.2674,39.03391647,-0.8076907162799074,41.45072518361114,3.299495728107082,46.0,165.0
강서구,등촌동,Birdhouse,2,고위험군,37.55276631,126.8564116,187312.0685,450370.2161,43.76732556,3.014468668940495,42.65830761231847,1.7949418391122303,46.0,165.0
강서구,화곡동,정 스테이,2,고위험군,37.53343959,126.8481081,186574.8808,448226.3362,40.25969153,-0.12447455155577813,41.340872334957496,3.181935982575487,46.0,165.0
강서구,화곡동,Pum Stay,2,고위험군,37.54256084,126.8417232,186012.2422,449239.6149,40.39092826,-1.3155743429711393,41.59115558525784,3.0764696325619907,46.0,165.0
강서구,공항동,홈스윗홈,2,고위험군,37.55791795,126.8113696,183333.1579,450949.0204,45.94521646,3.209970996506968,42.15148613138443,3.064957168971144,46.0,165.0
강서구,공항동,안식,2,고위험군,37.5576118,126.8123732,183421.7627,450914.8639,34.23209806,-6.272670487473597,42.14454659794001,3.0627284906204135,46.0,165.0
강서구,화곡동,KELLY' GUEST HOUSE,2,고위험군,37.530948,126.841087,185953.8416,447950.8257,43.92501794,2.8852427709712103,41.071304469408325,3.451680453864871,46.0,165.0
강서구,화곡동,모먼트 스테이,2,고위험군,37.53545237,126.841662,186005.5052,448450.67,49.23561435,9.48697367891824,41.239185575368815,3.3500645815043018,46.0,165.0
강서구,개화동,리버사이드,2,고위험군,37.57626056,126.8004967,182376.7804,452986.8222,39.79417341,0.1356212386082305,42.56090640089724,2.734028742040461,46.0,165.0
강서구,방화동,오투게스트하우스,2,고위험군,37.56993891,126.8097568,183193.3516,452283.4947,44.92352438,5.069692422137955,42.466695620429945,2.7328204449545477,46.0,165.0
강서구,방화동,언니네,2,고위험군,37.56430943,126.810525,183259.9588,451658.5503,53.4331234,10.80819263947867,42.31793623767718,2.8729725001277022,46.0,165.0
강서구,개화동,RnR House,2,고위험군,37.57692174,126.7997887,182314.3952,453060.3388,40.28438398,0.6140825885667169,42.57104167310528,2.7325083970322543,46.0,165.0
강서구,내발산동,구름닮은집,2,고위험군,37.55446676,126.8409309,185944.4591,450561.148,35.41425836,-5.30082343468213,42.12623325686384,2.5854274133266695,46.0,165.0
강서구,방화동,수스테이(SUE STAY),2,고위험군,37.56444657,126.8142687,183590.7479,451673.111,41.63647045,2.0788416717642804,42.33834675288865,2.8329446490023944,46.0,165.0
강서구,내발산동,올래마곡,2,고위험군,37.55157537,126.837037,185599.8346,450240.8274,42.20122337,1.3560842032334932,41.97455228520789,2.8626606257115244,46.0,165.0
마포구,도화동,스테이 결,2,고위험군,37.53886159,126.9518765,195746.8652,448818.3587,41.34726744,2.6119489102569062,38.87083575388467,0.13540057720059648,46.0,165.0
영등포구,신길동,Lodge 82,2,고위험군,37.51177423,126.920266,192950.5923,445813.8985,33.00413465,-8.81682633024689,41.94561292119878,2.8142527640586366,46.0,165.0
영등포구,신길동,도담스테이,2,고위험군,37.49699241,126.9105582,192090.7519,444174.0779,38.20445786,-0.11787218253866882,40.040205822649966,2.5196880391008305,46.0,165.0
영등포구,(당산동,성심행,2,고위험군,37.52664465,126.8968678,190883.726,447466.3386,47.77962178,1.373137477829431,41.05935218211363,2.344787937088883,46.0,165.0
영등포구,신길동,쿠쉬 스테이,2,고위험군,37.50595821,126.9204002,192961.9146,445168.3845,41.21990518,2.342696676991011,41.73271022460985,2.6898935010882563,46.0,165.0
영등포구,신길동,쉼길,2,고위험군,37.51229516,126.9154204,192522.2406,445872.0892,34.37966223,-9.021853390137345,42.009801899373464,2.7678587782502824,46.0,165.0
영등포구,(당산동,YDP STAY,2,고위험군,37.52275078,126.8965546,190855.5684,447034.1979,49.86784946,9.098026562292063,40.72286371057943,2.6207090532290014,46.0,165.0
영등포구,신길동,유어진,2,고위험군,37.49661929,126.9112242,192149.6057,444132.6107,42.80914056,4.843519590910681,40.05450658539108,2.5120202717304685,46.0,165.0
영등포구,(당산동,호미 그라운드,2,고위험군,37.51946405,126.8961264,190817.3168,446669.4537,50.52703275,12.961245121787591,40.31717516689686,2.6956848666359656,46.0,165.0
영등포구,(당산동,오롯이휴 당산,2,고위험군,37.53063018,126.9002011,191178.8437,447908.3653,47.24146988,2.163661266095424,41.541857593476564,1.9357176012675028,46.0,165.0
영등포구,(당산동,당산재,2,고위험군,37.51991684,126.8959242,190799.4983,446719.7275,37.74280528,-0.18568540092076802,40.41995490586357,2.6843885674263537,46.0,165.0
영등포구,(당산동,서울우드 포근채,2,고위험군,37.53343206,126.8993204,191101.3276,448219.4224,40.1057513,-0.6031300262756432,42.35184312094113,1.5759430393405691,46.0,165.0
영등포구,(당산동,사계절 하우스,2,고위험군,37.53082118,126.9002179,191180.3475,447929.5623,46.86007493,1.8980211283354649,41.58680488783351,1.9044477144469056,46.0,165.0
영등포구,(양평동,스테이 공간,2,고위험군,37.52221346,126.8831171,189667.6383,446975.9532,44.46920524,2.841567761918064,42.648042451596275,2.689769628857902,46.0,165.0
영등포구,영등포동,미케하우스,2,고위험군,37.51093449,126.9051604,191614.9918,445721.9369,41.62185705,-0.5602191966030219,40.9765764590841,2.673840765192031,46.0,165.0
영등포구,대림동,대림 코지아,2,고위험군,37.48906457,126.9010728,191251.0453,443295.0305,45.09917149,5.56560118892677,40.44388950941622,2.4699966116742402,46.0,165.0
영등포구,영등포동,아라 하우스,2,고위험군,37.51010354,126.9086407,191922.5984,445629.4076,42.50071648,0.527561610665181,41.62387053305554,2.676768129516583,46.0,165.0
영등포구,도림동,체리티,2,고위험군,37.50578482,126.8980199,190983.0579,445151.0495,48.49470685,4.533788144359988,40.46023099743988,2.5685506368583884,46.0,165.0
영등포구,(양평동,모먼트 서울(Moment Seoul),2,고위험군,37.53489754,126.8955869,190771.5207,448382.4325,42.58498872,-1.9423419321677358,42.56134765627654,1.4736492095380773,46.0,165.0
영등포구,(당산동,홍만스 홈,2,고위험군,37.52998346,126.9049903,191602.0827,447836.1489,46.47215553,4.9783376953663065,41.202004825908034,1.9378960528923677,46.0,165.0
영등포구,선유동,킴스하우스,2,고위험군,37.52002909,126.891214,190383.1155,446732.6569,46.71579288,4.186122024364167,41.79122007351335,2.683305795098077,46.0,165.0
영등포구,영등포동,더서울하우스,2,고위험군,37.50998471,126.9077669,191845.3288,445616.2944,51.88725801,10.034789352360882,41.56371010015448,2.6708137771261447,46.0,165.0
영등포구,도림동,메종 블랑 서울(Maison Blanc Seoul),2,고위험군,37.50597544,126.9034001,191458.7871,445171.704,42.4258648,-2.2516325579510266,40.46219841420481,2.608957892406303,46.0,165.0
영등포구,신길동,봄봄스테이 여의도,2,고위험군,37.51154539,126.9193447,192869.1178,445788.5696,35.02175486,-5.818032169537567,41.96384158972147,2.78699838197286,46.0,165.0
영등포구,신길동,스카이 게스트하우스,2,고위험군,37.51029604,126.911694,192192.5698,445650.5149,37.28912856,-5.320788158473633,41.98471961236231,2.7058132306013274,46.0,165.0
영등포구,신길동,ynny stay,2,고위험군,37.51236004,126.9220482,193108.2141,445878.7839,38.52530387,-7.640219654350062,41.9127361820934,2.8677723263567425,46.0,165.0
영등포구,신길동,stay 올랑올랑,2,고위험군,37.50278421,126.9070884,191784.5511,444817.1901,33.68663409,-5.354978849712765,40.11475608987371,2.589964388867993,46.0,165.0
영등포구,신길동,다니숲 스테이,2,고위험군,37.51225752,126.9197781,192907.5029,445867.5742,37.34635763,-5.02230243944291,41.92831932005356,2.8121911077670787,46.0,165.0
영등포구,대림동,cozy(코지),2,고위험군,37.48651284,126.9033811,191454.8969,443011.61,30.14552464,-10.064258862703074,40.47639008068049,2.437803106803913,46.0,165.0
서초구,방배동,로뎀,2,고위험군,37.47311165,126.9939049,199460.8405,441519.8895,42.53685784,1.8368949411327051,41.14206258497547,0.42363594131368637,46.0,165.0
서초구,양재동,스타인 서울,2,고위험군,37.47099934,127.0393091,203477.2677,441286.1598,40.49430504,-2.8774632985626525,41.86018727947188,1.1090885036377314,46.0,165.0
서초구,방배동,메종 방배,2,고위험군,37.47918098,126.9944381,199508.0482,442193.5008,44.76892989,4.0232939522193405,41.03060637544456,0.26844323800465203,46.0,165.0
서초구,방배동,헤이븐스테이,2,고위험군,37.47813135,126.9917024,199266.0706,442077.0237,31.07035996,-9.627153110067223,40.969806956192386,0.25870176524173993,46.0,165.0
서초구,방배동,몰리앤코,2,고위험군,37.48111882,126.9856629,198731.9191,442408.6572,43.50981684,2.635131034100361,40.866008960592254,0.056925292787565175,46.0,165.0
서초구,서초동,Salt House,2,고위험군,37.48652635,127.0091831,200812.162,443008.7643,35.34500216,-6.33865891383541,41.80945676965597,0.36116692401746564,46.0,165.0
서초구,방배동,스마일 방배 도미토리,2,고위험군,37.47958025,126.9849707,198670.6612,442237.906,39.83739803,-1.0515193224212283,40.90506136890566,0.11884531952489129,46.0,165.0
강남구,논현동,창범하우스,2,고위험군,37.51523852,127.0361143,203192.7713,446196.0166,40.24369844,-1.0361175007990653,42.15621635090478,-1.3010960296805136,46.0,165.0
강남구,삼성동,하우스강남,2,고위험군,37.50772316,127.0520013,204597.7672,445362.5651,38.27301602,-2.6372413596444133,40.138145385024885,-0.7273324406454936,46.0,165.0
강남구,논현동,윌라,2,고위험군,37.51586899,127.0285267,202521.9478,446265.7604,40.85677421,-2.2511731395701347,42.85934825942071,-1.1917066409157586,46.0,165.0
강남구,일원동,덕스하우스,2,고위험군,37.49144409,127.0811592,207177.3612,443557.623,34.16721499,-6.922009220622527,41.19435509726675,0.1584561646914084,46.0,165.0
강남구,도곡동,행복스테이,2,고위험군,37.48370802,127.0376268,203327.892,442696.5924,54.74004564,10.22872996756459,42.101964235208655,0.7943669982718267,46.0,165.0
강남구,신사동,모레하우스,2,고위험군,37.522993,127.0342439,203027.1069,447056.6044,37.11332408,-5.553516746608409,42.739106212602806,-1.5918949517419452,46.0,165.0
강남구,청담동,헥사 스테이 청담,2,고위험군,37.51835146,127.0452273,203998.2635,446541.8619,40.03371983,-2.064371897190945,40.792759577873504,-1.484123754381658,46.0,165.0
강남구,삼성동,삼성 코지 스테이,2,고위험군,37.50946391,127.0472064,204173.7201,445555.5426,42.1883103,0.5333701012620722,40.71391002242192,-0.8864540113746665,46.0,165.0
강남구,일원동,제이스테이,2,고위험군,37.49133577,127.0817413,207228.8456,443545.6455,36.69268663,-4.541740733988291,41.2215004840602,0.16355385431981811,46.0,165.0
강남구,대치동,티토스테이,2,고위험군,37.50350866,127.0614358,205432.2296,444895.3125,37.05847242,-2.3558931025346723,39.5587272615762,-0.3749151265463626,46.0,165.0
강남구,삼성동,코엑스 케이 레지던스,2,고위험군,37.50890835,127.0547953,204844.7259,445494.2462,41.95237416,2.3057081094739544,39.502660427167,-0.7757933128981537,46.0,165.0
강남구,역삼동,더코지코너,2,고위험군,37.50277492,127.0317927,202811.1796,444812.5785,43.78532518,1.5682528881961915,42.213378892989596,-0.1275502376502433,46.0,165.0
강남구,역삼동,브릭맨션,2,고위험군,37.50081487,127.0322786,202854.2221,444595.0529,46.4170308,4.244963205128485,42.17260927115489,0.00466964245789459,46.0,165.0
강남구,논현동,나비잠,2,고위험군,37.51634947,127.0309866,202739.4064,446319.1563,49.50786383,7.526900005330866,42.677441706106904,-1.288335769949013,46.0,165.0
강남구,논현동,어반 팀버 강남,2,고위험군,37.50388033,127.025777,202279.2256,444935.1021,37.18581033,-5.312951870625184,42.5578844674545,-0.14060449053580826,46.0,165.0
강남구,역삼동,까사 도로,2,고위험군,37.50091623,127.0289478,202559.6882,444606.2068,36.3444898,-5.944238661855707,42.30252060410023,0.04609808024002914,46.0,165.0
강남구,삼성동,한캄,2,고위험군,37.51053483,127.0486236,204298.9594,445674.4648,38.47315445,-2.7732720452696284,40.339362660395345,-0.9627038773370882,46.0,165.0
강남구,신사동,강남 신사동 가로수길,2,고위험군,37.51850406,127.0195112,201724.858,446558.0164,42.90510041,-0.6963977901509679,44.06172692129413,-0.9336092075671677,46.0,165.0
강남구,역삼동,스윗모먼츠,2,고위험군,37.49447966,127.0437116,203865.504,443892.3351,43.54671976,1.9052014320142874,41.89161983009089,0.3441956017929182,46.0,165.0
강남구,청담동,청담57스테이,2,고위험군,37.52073304,127.0507659,204487.7586,446806.4371,30.69111231,-11.495152718060666,41.605828752483035,-1.5290223392366173,46.0,165.0
송파구,오금동,오금 스테이,2,고위험군,37.50404851,127.1327622,211738.9254,444961.7359,44.10693099,2.2220873052496017,41.89097488451703,0.005775613539773433,46.0,165.0
강남구,삼성동,루미 그레이프 하우스,2,고위험군,37.51114725,127.0484335,204282.1198,445742.427,38.47774207,-2.576614973164304,40.31150890590763,-1.0097803585815874,46.0,165.0
강남구,역삼동,역삼동 제인,2,고위험군,37.49436382,127.0368915,203262.3952,443879.2202,38.50857477,-3.5234904190848226,42.02260210981322,0.33944827644385633,46.0,165.0
강남구,일원동,정게스트하우스,2,고위험군,37.49113755,127.0837889,207409.9452,443523.8048,45.07546803,3.4717641662862775,41.31024793430687,0.16370030812515488,46.0,165.0
강남구,일원동,예본의집,2,고위험군,37.49213551,127.0840129,207429.6586,443634.583,45.26935586,3.787041153578066,41.3069884033539,0.12638921347471938,46.0,165.0
강남구,청담동,청담 게스트하우스,2,고위험군,37.52296261,127.0493685,204364.0963,447053.8257,36.05178379,-5.972689961822894,42.05513253391097,-1.586286807889244,46.0,165.0
강남구,역삼동,빅 존스 플레이스,2,고위험군,37.50131644,127.0265212,202345.1077,444650.5617,39.26144409,-3.1723639943234474,42.4518939106081,0.08103349654901697,46.0,165.0
강남구,신사동,게스트하우스강남(guesthousegangnam),2,고위험군,37.5232255,127.0299232,202645.1508,447082.2787,34.87364058,-8.904320009401566,43.10327462518813,-1.522383193887644,46.0,165.0
강남구,역삼동,24게스트하우스 강남센터,2,고위험군,37.50115056,127.0325881,202881.5713,444632.3196,48.26607828,6.077094740178758,42.16751863515646,-0.026719454210625757,46.0,165.0
강남구,역삼동,강남스테이힐(Gangnam Stay Hill),2,고위험군,37.5006903,127.029349,202595.171,444581.1425,48.09380009,5.850007955575975,42.28545343890574,0.059518828060623974,46.0,165.0
강남구,신사동,제나스위트 강남,2,고위험군,37.52131098,127.023355,202064.5848,446869.6266,42.07256495,-1.3770447194581408,43.891794347275614,-1.1786153542372997,46.0,165.0
송파구,석촌동,레이크 게스트하우스,2,고위험군,37.50065453,127.0990526,208758.6984,444581.3768,41.9795038,0.12586515661804043,41.87631684901838,-0.10113069255942567,46.0,165.0
송파구,방이동,석촌별채,2,고위험군,37.50887846,127.1093053,209664.2223,445495.1311,56.52533671,14.577881453818904,42.190519429950626,-0.21244363566889396,46.0,165.0
송파구,잠실동,K 하우스,2,고위험군,37.50598335,127.0845234,207473.4208,445171.5543,35.07548487,-6.142829264633882,41.21096828432872,-0.3386081542047307,46.0,165.0
송파구,방이동,잠시스테이,2,고위험군,37.51120635,127.1081822,209564.629,445753.3826,37.22088099,-5.115728906229528,42.29030355063275,-0.2801315184962093,46.0,165.0
송파구,석촌동,단감나무 집,2,고위험군,37.49898095,127.1041456,209209.2509,444396.1172,39.04435232,-2.864171108651661,41.908577823129995,-0.03901023160308185,46.0,165.0
송파구,송파동,레몬트리 스테이,2,고위험군,37.50014312,127.1141555,210094.2297,444526.1296,41.96043825,0.02194224051152105,41.93635300316388,-0.010930069698302443,46.0,165.0
송파구,방이동,어반스테이 송파(Urban Stay_Songpa),2,고위험군,37.50564537,127.1182985,210459.8135,445137.261,48.6514544,6.515623952696423,42.047581254094005,-0.08853140145722731,46.0,165.0
송파구,석촌동,쁘띠또뗄,2,고위험군,37.49948276,127.1064924,209416.7033,444452.0439,36.55994148,-5.410599652356865,41.93340852821568,-0.03603264758532423,46.0,165.0
송파구,송파동,송파 스테이 110,2,고위험군,37.50222686,127.1114045,209850.6997,444757.1064,37.64199513,-4.399782613849446,42.00217770149424,-0.06538035580768034,46.0,165.0
송파구,잠실동,캄스테이 서울,2,고위험군,37.50558119,127.0852996,207542.0917,445126.9816,34.62693744,-6.838143504324478,41.26761052836129,-0.3198293963342585,46.0,165.0
송파구,삼전동,잠실 코지 비앤비,2,고위험군,37.50154392,127.091329,208075.6447,444679.3969,38.54799411,-3.1810756028944667,41.596723488071234,-0.1640528603849188,46.0,165.0
송파구,삼전동,Tina`s Homestay,2,고위험군,37.50300268,127.0954957,208443.9117,444841.6661,48.69625644,6.867884830297498,41.78581549803199,-0.17648369107954445,46.0,165.0
송파구,삼전동,오잉 잠실,2,고위험군,37.49628202,127.092644,208192.4922,444095.5078,45.49628768,3.882025711212002,41.61680825966115,0.002398615703767343,46.0,165.0
송파구,풍납동,잠실웰컴하우스,2,고위험군,37.53172743,127.1117037,209873.2719,448031.3296,47.2007468,3.770960194307257,43.22938575344456,-0.7252919645969502,46.0,165.0
송파구,송파동,잠실 석촌역 게스트하우스,2,고위험군,37.50240178,127.1076416,209517.9493,444776.133,48.25574448,6.237797898363603,42.008416256260396,-0.0850097357216114,46.0,165.0
송파구,석촌동,JJ HOUSE,2,고위험군,37.49758924,127.0973088,208604.8471,444241.0084,50.46928426,8.720684450584777,41.78235377039951,-0.032319903731938625,46.0,165.0
송파구,잠실동,잠실앤스테이,2,고위험군,37.50209675,127.0778946,206887.6717,444739.6859,46.58351461,5.590200391555733,40.75432092373358,-0.22513259417176912,46.0,165.0
강남구,신사동,루비루 하우스,2,고위험군,37.51964228,127.0294846,202606.5014,446684.574,49.9014678,8.154333749881886,43.01406145912877,-1.416702298077265,46.0,165.0
강남구,논현동,스테이 179 여성 전용 쉐어하우스,2,고위험군,37.50502069,127.0288121,202547.5548,445061.7452,48.44182146,6.026316895418162,42.394214016507696,-0.19701947093556554,46.0,165.0
강남구,신사동,포레 빌리지 하우스 1,2,고위험군,37.51870888,127.0245927,202174.0733,446580.8541,48.96774909,6.639042852892324,43.601931080820236,-1.1910308438466728,46.0,165.0
강남구,역삼동,서울미담2,2,고위험군,37.4999404,127.0280827,202483.2255,444497.8791,44.27268154,1.973593090284588,42.36483008112546,0.12163385414865568,46.0,165.0
마포구,동교동,사랑방,2,고위험군,37.55220139,126.9317312,193967.503,450300.0172,33.49700865,-2.708673905123092,36.430051280216134,0.30894080314418604,46.0,165.0
마포구,창전동,스테이 홍대,2,고위험군,37.54957786,126.9255049,193417.0985,450009.2545,42.92247476,4.729658502979284,41.132718158278,2.769398791885702,46.0,165.0
마포구,연남동,ELVA75,2,고위험군,37.55814763,126.9195089,192888.0566,450960.8336,40.88937711,-2.1379052450799065,43.055263219756526,-0.4005437870122368,46.0,165.0
중구,신당동,신당 스테이,2,고위험군,37.56007766,127.02172,201919.0591,451172.2207,35.48445507,-5.4302682738914925,40.9515435278816,0.03498463724741478,46.0,165.0
성동구,행당동,성동 와이에스 하우스(YS House),2,고위험군,37.5563301,127.0295944,202614.9318,450756.4759,43.22246771,0.8916064064421079,42.22713761612192,-0.09839897015290944,46.0,165.0
송파구,석촌동,하우슬로우,2,고위험군,37.49913876,127.1027543,209086.2038,444413.4969,36.8252771,-5.086904346167053,41.900807400673756,-0.049440193035238375,46.0,165.0
종로구,창신동,Seoul Wall Loft(서울 월 로프트),2,고위험군,37.57488194,127.0109059,200963.3952,452815.1568,45.25370906,6.262491763097053,39.34742946597307,0.905861114879336,46.0,165.0
종로구,창신동,스테이노을,2,고위험군,37.57361404,127.0108255,200956.31,452674.4338,36.33437025,-3.0920941002910425,39.79134874373521,0.5870238922907643,46.0,165.0
종로구,창신동,선셋남산뷰,2,고위험군,37.57522755,127.0102275,200903.4667,452853.5088,42.67526319,3.553634958619888,39.39409958876097,0.9812561570743753,46.0,165.0
중구,(장충동,피올라 스테이 동대문,2,고위험군,37.55921747,127.0046707,200412.6859,451076.5383,50.55961867,5.603888581520245,43.51205470364866,0.5599788720964007,46.0,165.0
용산구,(용산동,심플스페이시스,2,고위험군,37.53870588,126.984957,198670.503,448800.0949,45.10421773,2.280259742471607,44.173454749676566,1.2966215970229635,46.0,165.0
종로구,명륜3가,스테이히어,2,고위험군,37.58794681,126.9947038,199532.2274,454265.1654,51.51163733,13.907662599492319,40.23262457989493,2.5787706329180433,46.0,165.0
성동구,성동,Green Dot (그린도트),2,고위험군,37.53538989,127.0470223,204156.0056,448432.9933,45.363564,-1.0245082822376048,44.7880311097223,-1.5072448805983076,46.0,165.0
마포구,망원동,하늘온,2,고위험군,37.55691174,126.9041637,191532.0666,450824.9362,46.30199328,2.39628608525954,43.98071182885623,0.810109856507414,46.0,165.0
중구,충무로2가,"빅박 스테이(,Big Box Stay)",2,고위험군,37.55885343,126.9891979,199045.5715,451036.1788,35.200725,-7.167449715612214,40.110710508467285,1.0490883467824499,46.0,165.0
용산구,용산동2가,"해방촌, 당신의 쉼",2,고위험군,37.54027183,126.9851224,198685.1511,448973.8939,45.78832788,2.2667057908928854,45.112834729836585,1.4989283700197193,46.0,165.0
용산구,서계동,"봄날, 하루",2,고위험군,37.54958774,126.9669416,197078.7331,450008.2566,41.31648526,-2.3356619006229025,42.2856148197595,3.2267636856827617,46.0,165.0
용산구,용산동2가,"Slow, HBC",2,고위험군,37.54281688,126.981472,198362.5867,449256.4207,44.63264553,1.0956169434621117,45.70870522042253,2.0865873147873435,46.0,165.0
성동구,행당동,"다옴, 왕십리",2,고위험군,37.55834516,127.0327054,202889.7387,450980.2147,30.89077643,-11.294624446269314,42.27120458010399,0.0849209401791115,46.0,165.0
마포구,상암동,"STAY, 쉼",2,고위험군,37.57212552,126.8938166,190619.7211,452514.4703,36.17985708,-4.57294311949326,41.18702549904307,0.40904188655586254,46.0,165.0
마포구,대흥동,"Lotus Stay, Mapo",2,고위험군,37.54349283,126.9416857,194846.5207,449332.8797,23.42742105,-18.46765555701206,40.81643982357595,-1.1173880619801204,46.0,165.0
마포구,연남동,"'Stay, C",2,고위험군,37.56263414,126.9236762,193256.6705,451458.4761,54.11923669,8.134337539401379,45.92746301633662,0.11024899776977243,46.0,165.0
송파구,석촌동,"석촌애,꽃",2,고위험군,37.50336016,127.1036761,209167.1983,444882.1072,41.19551983,-0.694237471250041,42.01293934742349,-0.1293298746233237,46.0,165.0
