{
  "원본_10개구_건물수": 272097,
  "격자_미매칭_건물수": 17684,
  "면적분자0_전체후보건물수": 51215,
  "밀도0_지정제외건물수": 285,
  "표제부보정건물수": 103,
  "집계_건물수": 254128,
  "집계_상가수": 57923,
  "면적보정건물수": 202479,
  "표제부보정집계건물수": 103,
  "실제건물표시_건물수": 254128,
  "격자수": 3270,
  "건물데이터_있는_격자수": 3205,
  "상가_있는_격자수": 3116,
  "전체건물수_합계": 254128,
  "상가수_합계": 57923,
  "숙박시설수_합계": 4246,
  "상가숙박_개수_합계": 62169,
  "상가숙박_면적층수_분자_합계": 54457673.434,
  "건축면적입력건물수_합계": 127423,
  "건축면적역추산건물수_합계": 75490,
  "건축면적산정불가건물수_합계": 51215,
  "면적계산가능건물수_합계": 202913,
  "면적보정건물수_합계": 202479,
  "표제부보정건물수_합계": 103,
  "건물있지만_면적분자0_격자수": 0,
  "전체건물입체화재하중_분자_원본_합계": 1847547520.092,
  "계산건축면적합계_m2": 327939171.6,
  "건축면적x층수_분자_합계": 280253520.437,
  "전체건물입체화재하중_분자_합계": 280253520.437,
  "전체건물입체화재하중_분자_감소량": 1567293999.655,
  "상가건축면적x층수_분자_합계": 41527612.347,
  "상가입체화재하중_분자_합계": 41527612.347,
  "건축면적x층수_밀도_최대": 563.298714,
  "전체건물_입체화재하중밀도_최대": 563.298714,
  "상가건축면적x층수_밀도_최대": 7.49936,
  "상가_입체화재하중밀도_최대": 7.49936,
  "기준면적_m2": 50000.0,
  "건축면적x층수_계산식": "건축면적x층수_밀도 = Σ(계산건축면적 × 총층수 기반 분자) / 50,000㎡; 건축면적이 없고 연면적/층수가 있으면 계산건축면적=연면적/총층수로 역추산, 건축면적×총층수가 연면적보다 크면 연면적으로 상한 처리",
  "계산식": "전체건물_입체화재하중밀도 = Σ(보정분자) / 50,000㎡; 보정분자 = 연면적>0이고 건축면적<=0 또는 건축면적>연면적 또는 건축면적×총층수>연면적이면 연면적, 그 외 건축면적×총층수"
}