variable,coef_standardized_log1p_damage,direction,p_value_HC3,significant_0_05,abs_coef
주변건물수,-0.1299951126734337,negative,5.538915464156439e-06,True,0.1299951126734337
구조노후도,-0.127290231195425,negative,3.961880427649004e-05,True,0.127290231195425
승인연도,-0.11765744803550222,negative,0.0002755431609134078,True,0.11765744803550222
총층수,0.08210190703142614,positive,0.004105157175514321,True,0.08210190703142614
시설규모/연면적,-0.03938897901299476,negative,0.17825015031771096,False,0.03938897901299476
집중도,-0.023089532130099306,negative,0.39831148116172554,False,0.023089532130099306
?????????m,0.01885535678398725,positive,0.42734255990567915,False,0.01885535678398725
도로폭위험도,-0.015306282909389683,negative,0.5695263501200414,False,0.015306282909389683
단속위험도,0.005304419699609496,positive,0.8206824666018933,False,0.005304419699609496
