variable,trend_r2_univariate_log,max_positive_slope_at,max_positive_slope,min_slope_at,min_slope
structure_age_score,0.002651166712743236,1.0,3.8233352051918876,0.4030150753768844,-1.08574617432987
road_width_risk,0.002707368772753793,0.542713567839196,0.07661206645741458,0.0,-1.5543002724832657
