구,동,숙소명,cluster,cluster_label,위도,경도,x_5181,y_5181,최종위험점수_new,residual,coef_intercept,bw_intercept,coef_구조노후도,bw_구조노후도,coef_도로폭위험도,bw_도로폭위험도,coef_단속위험도,bw_단속위험도
종로구,종로2가,서울YMCA관광호텔,0,중위험군,37.56785597,126.9845017,198630.7961,452035.4128,22.91093724,-3.199859223380898,29.714569989137495,43.0,1.3563446119669478,1463.0,2.8188288908722328,1464.0,2.822061170351484,55.0
종로구,낙원동,목시 서울 인사동 호텔,0,중위험군,37.56954746,126.9885558,198988.9835,452223.0971,24.51774415,-4.4134482137908115,27.88116147917781,43.0,1.3542399561193816,1463.0,2.8183036103894676,1464.0,2.1226399634194064,55.0
종로구,종로4가,진가,0,중위험군,37.56787973,126.9987935,199893.4096,452037.9377,32.43761249,3.935003244744248,29.14353938718769,43.0,1.3541605274112527,1463.0,2.823438575383319,1464.0,1.2364638730044373,55.0
종로구,숭인동,더온재,0,중위험군,37.57228397,127.0203905,201801.3004,452526.9518,22.83469509,-6.989939324731527,29.73738000645772,43.0,1.3547234897800458,1463.0,2.835321960367319,1464.0,1.5003741771777657,55.0
중구,남창동,케이팝 서울타워 호스텔,0,중위험군,37.55403706,126.9763763,197912.5692,450501.8264,16.99936585,-4.488930429174037,28.467911447404337,43.0,1.3598261849489715,1463.0,2.8265549361647477,1464.0,1.7069258006051704,55.0
종로구,종로2가,스테이울림,0,중위험군,37.56718514,126.9835802,198549.3773,451960.9723,24.04776165,-3.9768652385698786,29.978710709257538,43.0,1.3566961168196983,1463.0,2.8188468222954857,1464.0,2.912536486174504,55.0
종로구,충신동,온코리아 스테이,0,중위험군,37.57265524,127.0033667,200297.4115,452567.9683,39.79377633,6.666088167349528,30.015530588597397,43.0,1.3539096381851723,1463.0,2.823827438512641,1464.0,0.4504771562630901,55.0
종로구,숭인동,엔조이스테이 호스텔,0,중위험군,37.57029351,127.0191229,201689.3601,452306.0103,21.14529386,-4.968598779882818,30.123129854924237,43.0,1.3547862089049796,1463.0,2.835648222441712,1464.0,1.6388909047138378,55.0
종로구,권농동,스테이 종로 온당,0,중위험군,37.57416521,126.9904673,199157.9029,452735.5949,32.19474877,1.535308665875366,27.132260649541763,43.0,1.3533585283662042,1463.0,2.8166407105940228,1464.0,2.3604095550770663,55.0
종로구,관수동,THE EXTAY LOUNGE,0,중위험군,37.56665459,126.9885067,198984.6048,451902.0229,18.8161887,-2.8865036998464646,29.068334003232053,43.0,1.3540926466426202,1463.0,2.818862723058455,1464.0,1.970754999907009,55.0
종로구,숭인동,서울앤호텔 동대문,0,중위험군,37.5705788,127.0200435,201770.6876,452337.6911,40.15268664,6.862232830756156,30.19457620456837,43.0,1.3548067516728182,1463.0,2.8360409437175798,1464.0,1.5401775260889492,55.0
종로구,와룡동,클래식 아파트먼트 익선,0,중위험군,37.57389547,126.9897488,199094.4271,452705.6636,31.16213307,-2.339910662634903,27.1006053285721,43.0,1.3537738409211948,1463.0,2.8170131513448156,1464.0,2.3681604176887503,55.0
종로구,숭인동,브릭 스테이 (BRIC STAY),0,중위험군,37.57248011,127.0197134,201741.4763,452548.7083,28.64444955,0.33650515669951986,29.409800305860237,43.0,1.3546830308121318,1463.0,2.8348090708263824,1464.0,1.559289720543614,55.0
종로구,충신동,연경당,0,중위험군,37.57203715,127.0039527,200349.1823,452499.3695,30.80334323,-0.45649877357579527,30.05915985429189,43.0,1.3539938501090238,1463.0,2.8246274355616694,1464.0,0.49287474873685083,55.0
종로구,돈의동,더 메이 호텔,0,중위험군,37.56923344,126.9887906,199009.7162,452188.2421,16.14393547,-3.1275340034568124,27.928783418268154,43.0,1.3540788356020574,1463.0,2.8182521626117465,1464.0,2.0629067313228737,55.0
종로구,익선동,엠제이호텔,0,중위험군,37.57227399,126.9880699,198946.0906,452525.7156,30.95267857,1.4625778809872152,27.21448845603359,43.0,1.354646778312537,1463.0,2.8180726772639364,1464.0,2.3648276641203796,55.0
종로구,익선동,킹스가든,0,중위험군,37.57179889,126.9889326,199022.3007,452472.9757,29.68497731,1.6776232501745625,26.903111401170268,43.0,1.3541385981448493,1463.0,2.817739167189714,1464.0,2.2974728512780316,55.0
종로구,관철동,수레지던스,0,중위험군,37.56655068,126.9841539,198600.0443,451890.546,25.97377645,1.492493432286544,29.782373559242906,43.0,1.3564965736251784,1463.0,2.8195144168423645,1464.0,2.9161400968893645,55.0
종로구,창신동,동대문 서울달빛,0,중위험군,37.56916257,127.0137488,201214.6206,452180.4061,34.54718315,-0.37147169802797464,27.695697530003233,43.0,1.3546418554941244,1463.0,2.8329668485331556,1464.0,2.209684989689595,55.0
종로구,연건동,브루클린,0,중위험군,37.57244418,127.0008332,200073.6066,452544.5381,36.98701582,5.776766611596944,30.280843215947947,43.0,1.3538034530053908,1463.0,2.8220959936309757,1464.0,0.11825862691700181,55.0
종로구,숭인동,케이디 호스텔,0,중위험군,37.57044997,127.0186755,201649.8402,452323.3676,33.38826274,7.913449710757906,29.848045885683664,43.0,1.3547590489684314,1463.0,2.835293817321855,1464.0,1.6756793757539086,55.0
종로구,장사동,센추럴,0,중위험군,37.56604937,126.9921087,199302.819,451834.8177,38.31717841,3.567697098588873,29.97724325952761,43.0,1.3541524854937348,1463.0,2.819575735836741,1464.0,1.1633531940632171,55.0
종로구,창신동,VATICA HOTEL(바티카 호텔),0,중위험군,37.56737832,127.0147475,201302.8834,451982.3886,25.16109034,-2.4160948143485683,27.42153320011485,43.0,1.3547949042109388,1463.0,2.8346077672280248,1464.0,2.0008494082499713,55.0
종로구,권농동,언플러그 안국,0,중위험군,37.57427525,126.9904528,199156.6242,452747.8082,34.38596742,2.7003575364200536,27.132484487083197,43.0,1.3533745457782946,1463.0,2.8166291529435363,1464.0,2.377145154799601,55.0
종로구,낙원동,베스트웨스턴 종로(인사동),0,중위험군,37.5696394,126.9887561,199006.6737,452233.2992,24.1597545,-5.083479669302246,27.79560812908572,43.0,1.3541241274750722,1463.0,2.8181950160256495,1464.0,2.083726701599555,55.0
종로구,숭인동,아이비씨호텔,0,중위험군,37.57050676,127.022065,201949.2705,452329.7355,39.68270504,7.583802153363649,30.330883165657692,43.0,1.3548912569204237,1463.0,2.8372624829232724,1464.0,1.4096211729045591,55.0
종로구,익선동,ICON,0,중위험군,37.57209924,126.9881293,198951.3391,452506.3197,24.01764966,-5.25487196816567,27.205371769207453,43.0,1.3546073929988065,1463.0,2.8180720967585513,1464.0,2.3547999752959536,55.0
종로구,익선동,호텔 다다-인사,0,중위험군,37.57189895,126.9887524,199006.3786,452484.0831,28.99010129,2.4677834450676706,26.98131832094534,43.0,1.3542482614213651,1463.0,2.817807103996538,1464.0,2.3124115713530067,55.0
종로구,낙원동,종로크라운,0,중위험군,37.57131629,126.9874005,198886.9441,452419.4297,27.58183873,4.124891652360688,27.775407525187113,43.0,1.354971667442423,1463.0,2.8184600738221275,1464.0,2.3480153519790505,55.0
종로구,평창동,동화킴스관광호텔,0,중위험군,37.60669991,126.9743304,197733.3915,456346.8474,38.32306966,2.0160634163383335,34.77501682628326,43.0,1.3565348370379717,1463.0,2.818352618198951,1464.0,1.7136469051588343,55.0
종로구,당주동,포시즌스 호텔 서울,0,중위험군,37.56801651,126.9746335,197758.993,452053.4204,31.72027245,9.00586753988997,31.81058428702208,43.0,1.3595150410657793,1463.0,2.824242644251907,1464.0,2.2178452720129544,55.0
종로구,와룡동,Hostel Tommy 호스텔 토미,0,중위험군,37.5716747,126.990417,199153.4252,452459.1776,32.68575111,-2.733816249461597,26.480289077102476,43.0,1.353436043354045,1463.0,2.8170892777972565,1464.0,2.207371717058734,55.0
종로구,운니동,노블관광호텔,0,중위험군,37.57393452,126.9888707,199016.8561,452710.0065,33.81378816,0.3901720535306836,27.157099354505192,43.0,1.3542764352958947,1463.0,2.8174213231703193,1464.0,2.4028175285769304,55.0
종로구,와룡동,바운드 호스텔,0,중위험군,37.57338396,126.9895252,199074.671,452648.8941,29.84933743,-6.053481801577426,27.06904395586407,43.0,1.3538767710689443,1463.0,2.8172001416496624,1464.0,2.3423418069379407,55.0
종로구,익선동,호텔 이비스앰배서더 인사동,0,중위험군,37.57168791,126.9884302,198977.9106,452460.6635,30.06805753,2.3035036365403165,27.132011443816076,43.0,1.354422083398432,1463.0,2.8179950151282243,1464.0,2.317594684254243,55.0
종로구,종로6가,(주) 동승 JW메리어트 동대문 스퀘어 서울,0,중위험군,37.56764454,127.0081243,200717.7489,452011.8647,34.13172046,1.1926202020867294,28.5907933758483,43.0,1.3545316134913081,1463.0,2.830176972396181,1464.0,2.0711182673814217,55.0
종로구,인사동,도미인 익스프레스 서울 인사동,0,중위험군,37.56962018,126.9863919,198797.8158,452231.1937,40.74850581,6.92143653722178,28.792194893355695,43.0,1.3554480252715129,1463.0,2.818926296664368,1464.0,2.55302355123725,55.0
종로구,효제동,더도아스테이,0,중위험군,37.57184081,127.0017557,200155.1023,452477.5722,24.44987108,-2.107124871671221,30.324616762430537,43.0,1.3539063947863024,1463.0,2.823149504776027,1464.0,0.2887363683846349,55.0
성동구,성동,호텔 포코 성수,0,중위험군,37.54070199,127.0562547,204971.6457,449023.0195,43.2702304,6.001226305142389,33.83657011868511,43.0,1.3567479943250864,1463.0,2.865411774622958,1464.0,0.9439526349576,55.0
중구,(광희동,소테츠호텔즈 더 스프라지르 서울 동대문,0,중위험군,37.5619628,127.0069577,200614.7245,451381.25,29.76813948,3.984154109630886,29.19807555214525,43.0,1.3550233638040432,1463.0,2.8328086297620128,1464.0,0.7420730242444322,55.0
중구,남창동,24게스트하우스 명동타운점,0,중위험군,37.55661038,126.9781102,198065.846,450787.3972,42.33502976,7.065866505873572,30.06977299660104,43.0,1.3590888435653168,1463.0,2.8247944322717213,1464.0,1.877215547610456,55.0
중구,쌍림동,호텔 더 디자이너스 동대문,0,중위험군,37.56091185,127.004866,200429.9293,451264.5953,31.39745444,2.5130461666690493,30.35294216389395,43.0,1.3550755481560317,1463.0,2.832065356710497,1464.0,0.981228693509226,55.0
중구,명동,솔라리아 니시테츠 호텔 서울 명동,0,중위험군,37.55974994,126.9843743,198619.3878,451135.7407,27.40122378,-3.7189775234186335,27.53025552779745,43.0,1.3562445849761258,1463.0,2.822174679264349,1464.0,3.9899043050108274,55.0
중구,명동,호텔 스카이파크 센트럴 명동점,0,중위험군,37.56189383,126.9844402,198625.2542,451373.6862,34.47167266,1.0119043185421646,27.642815134303824,43.0,1.3562723085693964,1463.0,2.821709085390181,1464.0,4.11865120303174,55.0
중구,을지로5가,에이큐브 호텔,0,중위험군,37.56347491,127.0012488,200110.3357,451549.0543,34.3849298,5.010256879513779,28.695328536787386,43.0,1.3547260592762111,1463.0,2.8279909613282808,1464.0,1.6236557831400882,55.0
중구,북창동,소테츠호텔즈 더 스프라지르 서울 명동,0,중위험군,37.55930346,126.9779712,198053.6387,451086.3,21.95857565,-2.4414247354501875,28.91973941312873,43.0,1.3590512335102427,1463.0,2.8241598684710896,1464.0,3.5087994423026463,55.0
중구,주교동,2U호스텔,0,중위험군,37.56586745,126.9974009,199770.3781,451814.6006,35.96093302,-0.34052810352683593,28.810839834265195,43.0,1.3543359963916943,1463.0,2.8236889506137484,1464.0,1.7470757388887075,55.0
중구,충무로2가,호텔 스카이파크3,0,중위험군,37.55856041,126.9865871,198814.8843,451003.6867,35.85209991,3.2676396409523676,27.944484621254045,43.0,1.3552089955172004,1463.0,2.8214182261532823,1464.0,2.9267014471391946,55.0
중구,(남산동,자자백팩커스,0,중위험군,37.55605441,126.9856314,198730.397,450725.563,31.79717838,0.7300896928411404,30.27581346732466,43.0,1.3556056450823555,1463.0,2.8224217275938144,1464.0,0.24860423294508913,55.0
중구,(남산동,오요6(OYO6),0,중위험군,37.55655506,126.98442,198623.3695,450781.1462,22.5027131,-4.562044938756365,29.954523751657923,43.0,1.3560904050104878,1463.0,2.8228490877995,1464.0,0.5689613266512556,55.0
중구,을지로6가,케이스타호텔,0,중위험군,37.56374548,127.0058124,200513.5242,451579.0996,32.1453704,1.212576918063828,30.150771515274663,43.0,1.3548223559124526,1463.0,2.830968251347256,1464.0,0.9205785306126413,55.0
중구,주교동,엘림 호스텔,0,중위험군,37.56629135,127.0004515,200039.8861,451861.6455,25.4242058,-1.2984264818681552,28.619354184549763,43.0,1.3543843136424674,1463.0,2.8256520171651127,1464.0,1.513245663037048,55.0
중구,을지로3가,로스터블록,0,중위험군,37.56339033,126.9926879,199353.9731,451539.6914,32.72696791,-0.9645093554636262,29.98849511578109,43.0,1.3545403663057756,1463.0,2.821770714810937,1464.0,1.562576466190703,55.0
중구,(광희동,STAY ON,0,중위험군,37.5618116,127.0067525,200596.5994,451364.4672,36.36215535,1.6773586450294502,29.26696138313448,43.0,1.3550325072140401,1463.0,2.832765386528851,1464.0,0.738979124566339,55.0
중구,을지로7가,라하 부티크 디디피,0,중위험군,37.56262124,127.0082658,200730.2962,451454.3384,23.15628176,-4.208697331570537,28.694495900994326,43.0,1.354996034617628,1463.0,2.8332661896226905,1464.0,0.7807959605236618,55.0
중구,서소문동,정동스테이25(JEONGDONG STAY 25),0,중위험군,37.56106147,126.9745929,197755.1957,451281.4936,25.27582847,-1.1819512864484096,29.046176426994073,43.0,1.3599934205328332,1463.0,2.8258513484711636,1464.0,3.380100943876437,55.0
중구,소공동,크라운파크 호텔 서울 명동,0,중위험군,37.56101578,126.9799895,198232.0034,451276.3074,29.1958747,-2.4893747259569174,27.40426803289199,43.0,1.3582357314508082,1463.0,2.8224961584467576,1464.0,3.792984392147094,55.0
중구,황학동,호스텔 소우재,0,중위험군,37.56418869,127.0203495,201797.8721,451628.4694,36.43836708,3.6535893521421414,28.099758377235695,43.0,1.3552208005427304,1463.0,2.8396893752755172,1464.0,0.7854751101019399,55.0
중구,명동,유스테이호스텔(U-STAY HOSTEL),0,중위험군,37.56011013,126.9848633,198662.6016,451175.7104,32.39570051,0.33223793359431397,27.60669847713035,43.0,1.3559767821951019,1463.0,2.821863557965455,1464.0,4.036362204893769,55.0
중구,을지로5가,나인트리 바이 파르나스 서울 동대문,0,중위험군,37.56386326,127.0021197,200187.2712,451592.158,29.13096002,4.0388169286383935,29.250480295812807,43.0,1.3547070081928476,1463.0,2.8283599793953327,1464.0,1.3841212033501151,55.0
중구,주교동,zip 1972 hostel,0,중위험군,37.56535668,126.9974748,199776.9002,451757.911,35.13298823,0.0857926589351834,28.66324444432276,43.0,1.354401807082152,1463.0,2.824070863583542,1464.0,1.7702996848630974,55.0
중구,충무로3가,스테이모드,0,중위험군,37.55941767,126.9897586,199095.1133,451098.7972,22.80810164,-7.434578077367014,28.81541262990489,43.0,1.3550525041194144,1463.0,2.822241490810297,1464.0,1.718735977967468,55.0
중구,을지로7가,스테이 쉼,0,중위험군,37.56263015,127.0080449,200710.7766,451455.3256,24.41990182,-4.197208593701006,28.836661386967037,43.0,1.3549893735835032,1463.0,2.833117410439547,1464.0,0.8057825168857587,55.0
중구,(남산동,더큐브 호텔,0,중위험군,37.55609169,126.9854119,198711.0046,450729.7036,29.89795809,0.21621798996919495,30.270120938763,43.0,1.3556059161580591,1463.0,2.8225085866240405,1464.0,0.31196815939407163,55.0
중구,(광희동,더 페이즈,0,중위험군,37.56088977,127.0077684,200686.3643,451262.1619,25.87779921,-4.356647724959561,28.910353956169292,43.0,1.3551409242078063,1463.0,2.8339814240317915,1464.0,0.32956613661834655,55.0
중구,무학동,로밍 타이거,0,중위험군,37.56131454,127.0144614,201277.7058,451309.3763,22.3773573,-3.110685681892516,27.233165568805216,43.0,1.3552660429026961,1463.0,2.837878253461476,1464.0,-1.3800920718673777,55.0
중구,황학동,유어모먼트,0,중위험군,37.56647742,127.0223181,201971.7344,451882.5311,29.05164303,0.7293399368879356,29.116294042573273,43.0,1.3551266355533165,1463.0,2.8395613675020748,1464.0,1.2533272998754428,55.0
중구,북창동,한 스위트 서울,0,중위험군,37.55960572,126.9768368,197953.4112,451119.8714,30.6122313,-2.107536110054337,29.06497808574025,43.0,1.3594251057557463,1463.0,2.824784064413966,1464.0,3.44928685624023,55.0
중구,충무로4가,제이빌스,0,중위험군,37.55987697,126.9937168,199444.8474,451149.7433,28.94925022,3.024220077045264,28.760719745695493,43.0,1.3550156451848576,1463.0,2.8248759402067853,1464.0,1.726359860983787,55.0
중구,주교동,먼슬리브 을지로 광장시장 호텔 스테이[Monthliv Euljiro Gwangjang Market Hotel Stay],0,중위험군,37.56590912,126.9983882,199857.6048,451819.2235,22.59554452,-2.919753477758672,28.561245108187165,43.0,1.3543620238671623,1463.0,2.8243905377445717,1464.0,1.7567588220910495,55.0
중구,서소문동,THE VILLA 23,0,중위험군,37.56112681,126.97476,197769.9615,451288.7416,30.53976772,5.279099100979554,28.997543539590914,43.0,1.3599460408567678,1463.0,2.825727602993463,1464.0,3.40293674542196,55.0
중구,황학동,FRGE (에프알지이),0,중위험군,37.56738069,127.020034,201769.9179,451982.738,28.47413329,0.2462441418936372,29.153505650164625,43.0,1.3549849734383757,1463.0,2.837774572881741,1464.0,1.7048085193224105,55.0
중구,충무로2가,트래비스타 호스텔,0,중위험군,37.55986394,126.9889152,199020.6073,451148.3363,25.39347081,3.4596362396964864,28.186322602994604,43.0,1.3549954709237546,1463.0,2.821286717971311,1464.0,2.199667761523333,55.0
중구,명동,르메르디앙 서울 명동,0,중위험군,37.55896817,126.9819263,198403.0836,451049.0122,26.2215444,0.2154647397140259,26.417163406370825,43.0,1.3575090635288372,1463.0,2.8234563741793837,1464.0,3.2289901956804457,55.0
중구,황학동,모먼트맨션,0,중위험군,37.56394721,127.0205806,201818.2983,451601.6724,29.39322227,-2.7214648197926614,28.153271987021256,43.0,1.3552445488330458,1463.0,2.8399501896810797,1464.0,0.6921752585810508,55.0
중구,(만리동,유에이치 스위트 더 서울,0,중위험군,37.55355582,126.9673857,197118.1252,450448.6522,30.69696404,2.3026672290082395,27.541574078708937,43.0,1.362069846258017,1463.0,2.832439284674453,1464.0,1.2806796748113727,55.0
중구,남학동,홈즈레드 명동,0,중위험군,37.55807414,126.9905121,199161.6811,450949.6743,27.88206405,2.8004084583464035,29.461096531616466,43.0,1.3552167831864719,1463.0,2.823758183803026,1464.0,1.153156191529975,55.0
중구,(회현동,(주)조선호텔앤리조트 레스케이프,0,중위험군,37.55715446,126.9787036,198118.2962,450847.7716,28.39202443,1.4806336587052868,29.77316209609748,43.0,1.3588404342027174,1463.0,2.8242909616890524,1464.0,1.815770103343291,55.0
중구,충무로2가,호텔롯데 엘세븐명동,0,중위험군,37.55861521,126.9861925,198780.0189,451009.7739,26.97788984,3.02705189260325,27.867923843785675,43.0,1.3552062517870282,1463.0,2.8215775096047864,1464.0,3.213240594252455,55.0
중구,을지로5가,라마다 바이 윈덤 서울 동대문 (RAMADA BY WYNDHAM SEOUL DONGDAEMUN),0,중위험군,37.56322588,127.0018245,200161.1926,451521.4158,24.5404592,-1.1613953184353036,29.116163351402577,43.0,1.3547679692155543,1463.0,2.828551576265537,1464.0,1.495865500949293,55.0
중구,(광희동,96번지,0,중위험군,37.56206664,127.0089649,200792.0687,451392.79,23.53454044,-2.858938096317612,28.28317698383298,43.0,1.3550641301102038,1463.0,2.834047144521577,1464.0,0.4358892157037655,55.0
중구,을지로5가,트레블로지 동대문 호텔,0,중위험군,37.563663,127.0010971,200096.9309,451569.9299,24.73112452,-2.075224425381524,28.620190629239943,43.0,1.3547013729787503,1463.0,2.827765622074326,1464.0,1.6593156883441804,55.0
중구,(필동,픽셀스테이 명동점,0,중위험군,37.55888617,126.9913853,199238.8373,451039.7925,28.63818624,2.9269190953247026,29.21045300593355,43.0,1.3551188018041922,1463.0,2.82383667863479,1464.0,1.4789285324705612,55.0
중구,명동,호텔스카이파크명동Ⅱ,0,중위험군,37.56217058,126.9842636,198609.6546,451404.4047,34.80159473,0.19521743831862182,27.70680886500434,43.0,1.3563735634179779,1463.0,2.8217433718131746,1464.0,4.082259148976641,55.0
중구,(명동,알로프트서울명동호텔,0,중위험군,37.55952462,126.9811368,198333.3355,451110.7853,17.42653706,-5.566640252336413,26.733666284115472,43.0,1.3578727627291676,1463.0,2.8225121570628966,1464.0,3.6358499502135713,55.0
중구,쌍림동,영빈호텔,0,중위험군,37.56030545,127.0047517,200419.8322,451197.2915,33.33498353,3.0807308792283337,30.237118780588702,43.0,1.3551319319311412,1463.0,2.8323617018204565,1464.0,0.8870259567226756,55.0
중구,쌍림동,호텔더디자이너스 디디피,0,중위험군,37.56105995,127.0033124,200292.6582,451281.0267,24.63283303,-3.7649565121587543,29.963104024409354,43.0,1.3550284487610347,1463.0,2.8309282273510634,1464.0,1.191752057689491,55.0
중구,북창동,호텔 토마스 명동,0,중위험군,37.56039746,126.9775753,198018.6798,451207.7293,27.35952845,3.2608977770422882,28.574284502037543,43.0,1.3591463989543415,1463.0,2.824123248473039,1464.0,3.6322691669244604,55.0
중구,(남산동,호텔룩홈,0,중위험군,37.55558838,126.9850216,198676.5108,450673.8476,31.17777099,1.9347242433216145,30.41363101622077,43.0,1.3556934709328747,1463.0,2.8228011746375463,1464.0,0.22680329416344813,55.0
중구,예장동,오리엔스 호텔 앤 레지던스,0,중위험군,37.55730627,126.9904925,199159.9336,450864.45,33.22216427,3.088887909601894,30.103977724617483,43.0,1.355309152295759,1463.0,2.8242872282314817,1464.0,0.7493395124598411,55.0
중구,충무로2가,이비스 스타일 앰배서더 서울 명동,0,중위험군,37.55893191,126.9885713,198990.2034,451044.8957,24.77247229,-0.8611726961552257,28.572906174533664,43.0,1.3551164287859763,1463.0,2.8216902826897168,1464.0,1.8081400677756816,55.0
중구,충무로3가,홉인 서울 명동 (HOP INN SEOUL MYEONGDONG),0,중위험군,37.56058087,126.9920256,199295.4337,451227.8792,28.39292284,-0.8286870641879212,29.131449237011537,43.0,1.3549135990911636,1463.0,2.8231406451060566,1464.0,1.4410091354526453,55.0
중구,오장동,모닝스카이호텔,0,중위험군,37.5613481,126.9991104,199921.3976,451313.0031,31.89403129,0.5664336571165087,27.693708149223145,43.0,1.3549153312151831,1463.0,2.827824309573832,1464.0,2.004994876303693,55.0
중구,예장동,하센영인호텔,0,중위험군,37.55378191,126.9924151,199329.785,450473.2726,30.41615646,0.07857191738866831,31.331313630517418,43.0,1.3556923757066361,1463.0,2.82817780314948,1464.0,-0.00026975924809822,55.0
중구,남대문로5가,호텔마누,0,중위험군,37.55439108,126.9741021,197711.6305,450541.1714,38.22066044,3.9529484165417372,28.57662181705046,43.0,1.3605454221454087,1463.0,2.8278681884912533,1464.0,1.6859445518068923,55.0
중구,명동,나인트리 바이 파르나스 서울 명동Ⅰ,0,중위험군,37.55883796,126.9852377,198695.6585,451034.5094,33.18618211,3.1282391701314367,27.740771571194156,43.0,1.3556959587578683,1463.0,2.821959291658149,1464.0,3.7785711111680595,55.0
중구,명동,더 그랜드호텔 명동,0,중위험군,37.55890463,126.986388,198797.299,451041.8936,30.20916083,3.9908218001973452,27.817842648478475,43.0,1.3551593365019492,1463.0,2.821425901846115,1464.0,3.5587231522874667,55.0
중구,북창동,클라벤 호텔 명동 시티홀,0,중위험군,37.56046238,126.977322,197996.3031,451214.94,23.11147021,-3.1957008383096657,28.618275115033512,43.0,1.3592281279151652,1463.0,2.824264331735017,1464.0,3.6218150915558343,55.0
중구,(남산동,퍼시픽호텔,0,중위험군,37.556976,126.9846542,198644.069,450827.8622,31.61153998,2.6253443189677945,29.582669206199796,43.0,1.3559656877400883,1463.0,2.8226446957494202,1464.0,0.9542727015287439,55.0
중구,태평로2가,플라자호텔,0,중위험군,37.56192055,126.9771259,197979.0216,451376.7839,39.03803173,-0.6665436959239202,28.25458585161693,43.0,1.3592249389505189,1463.0,2.8240248659717193,1464.0,3.6802078572561996,55.0
중구,(장충동,호텔신라,0,중위험군,37.55399997,127.0052469,200463.6251,450497.4605,43.22447024,3.6014276492902297,30.381695052244254,43.0,1.3556495806977333,1463.0,2.836671635866013,1464.0,1.4315546870915188,55.0
중구,북창동,서울호텔신신,0,중위험군,37.55958613,126.9779037,198047.6741,451117.6744,20.72454379,-3.298396514412662,28.808030463172514,43.0,1.3590648936933962,1463.0,2.824128063032273,1464.0,3.55112026406145,55.0
중구,오장동,스카이파크호텔 동대문1호점,0,중위험군,37.56144741,127.0012903,200114.0,451324.0258,24.89395184,-2.5011264155701234,28.765457488864932,43.0,1.3549467409277132,1463.0,2.829295270451167,1464.0,1.7166979134655325,55.0
중구,예관동,뉴 블랑 센트럴 명동,0,중위험군,37.56140326,126.9978745,199812.2048,451319.127,31.78995525,2.9539533207392346,27.354938849902368,43.0,1.3548867591636438,1463.0,2.826904600869047,1464.0,2.047466321838759,55.0
중구,오장동,베이튼호텔,0,중위험군,37.56253058,127.001946,200171.9359,451444.2459,24.93737925,-4.681264446682153,29.20647942840659,43.0,1.3548455265519854,1463.0,2.829071654204378,1464.0,1.507268856311849,55.0
중구,(광희동,맹그로브 동대문,0,중위험군,37.56137967,127.0079357,200701.1421,451316.5363,31.92199628,1.7118495639114641,28.83573431880898,43.0,1.3551005019426232,1463.0,2.8337954742908558,1464.0,0.46206224465989776,55.0
중구,을지로1가,프레지던트호텔,0,중위험군,37.56288054,126.9786463,198113.3706,451483.2999,42.77342793,-0.8447238600643203,27.671070814668234,43.0,1.3586840498164126,1463.0,2.822840740485687,1464.0,3.7436231458577867,55.0
중구,(남산동,서울프린스호텔,0,중위험군,37.55792308,126.9854887,198717.8246,450932.9651,34.54731476,3.7465660795725455,28.32088850084959,43.0,1.3554887304999081,1463.0,2.8220484186570247,1464.0,2.034311202964629,55.0
중구,소공동,(주)조선호텔앤리조트,0,중위험군,37.56168836,126.9793119,198172.1507,451350.9688,41.10594286,6.769791580850253,27.600361792798008,43.0,1.3584826359829747,1463.0,2.822730616715922,1464.0,3.775464900246603,55.0
중구,(광희동,토요코인 서울 동대문 Ⅱ,0,중위험군,37.56177049,127.0070799,200625.5246,451359.9066,31.80221544,1.0985587846860305,29.136569902554648,43.0,1.3550442455628113,1463.0,2.833004668986286,1464.0,0.6824742294054834,55.0
중구,명동,호텔베르,0,중위험군,37.56182034,126.9823578,198441.2703,451365.5621,28.74690939,-3.5183969537879918,27.388021320357005,43.0,1.3573120568527728,1463.0,2.8216722964844276,1464.0,3.988738545948099,55.0
중구,명동,호스텔아라,0,중위험군,37.56201257,126.9837489,198564.1794,451386.8752,27.77990965,2.567811096635399,27.58439260939728,43.0,1.3566379038794676,1463.0,2.8220341761537866,1464.0,4.074605084851503,55.0
중구,명동,블루닷 포쉬텔,0,중위험군,37.56041505,126.9850463,198678.7741,451209.5503,31.17914216,0.48999615001246255,27.639456272864727,43.0,1.3558820877564663,1463.0,2.821712479914868,1464.0,4.068730402425647,55.0
용산구,서계동,mingle stay,0,중위험군,37.5517128,126.9665819,197047.0252,450244.124,34.0789909,3.416439670425614,27.60166539229191,43.0,1.3623752857107445,1463.0,2.833446329465654,1464.0,1.1761759621377539,55.0
용산구,한남동,임피리얼팰리스 부티크호텔(Imperial Palace Boutique Hotel),0,중위험군,37.53258975,126.99761,199788.756,448121.176,42.11096905,8.70816851298246,29.788691637536594,43.0,1.357485683218126,1463.0,2.8460241151215677,1464.0,-0.023040779332395678,55.0
용산구,이태원동,누베르 서울호텔,0,중위험군,37.5315035,126.9955084,199602.9987,448000.6224,28.33787101,-3.2328426501857734,29.634546738769497,43.0,1.3576911538788772,1463.0,2.8455819256240837,1464.0,0.08098892096208948,55.0
성동구,도선동,밸류플레이스 호스텔 왕십리역점,0,중위험군,37.55948579,127.0341137,203014.1263,451106.8554,34.19609515,1.9510366808226323,29.063910070547045,43.0,1.3558643467873956,1463.0,2.8490669627351766,1464.0,0.4290908449753794,55.0
성동구,도선동,아모렉스 관광호텔,0,중위험군,37.56086358,127.03451,203049.0853,451259.7865,33.2242042,1.262238040875264,29.023114386834457,43.0,1.3558077477232646,1463.0,2.848579759021334,1464.0,0.47172359044405954,55.0
성동구,용답동,새턴호텔(SATURN HOTEL),0,중위험군,37.55868812,127.0600527,205306.029,451019.4715,37.03372228,-0.5504484113376549,32.78862344323389,43.0,1.356477569982989,1463.0,2.8593528647256585,1464.0,0.6125155578651955,55.0
성동구,용답동,호텔 27,0,중위험군,37.55865215,127.0598598,205288.9876,451015.4684,32.73603114,2.2268206062263474,32.75739435116592,43.0,1.356474485817314,1463.0,2.8593047916424874,1464.0,0.6106209308381984,55.0
성동구,하왕십리동,케이그랜드 호스텔(K-Grand Hostel),0,중위험군,37.5602666,127.0312009,202756.7328,451193.4266,33.30381168,1.8517125906548877,29.111727104738478,43.0,1.3557548439611247,1463.0,2.8473369711043834,1464.0,0.4384814723933975,55.0
마포구,서교동,크리에이터타운 서교,0,중위험군,37.55351459,126.9160245,192579.7275,450446.8906,30.08826668,0.8415627956370102,29.86196228067367,43.0,1.3584087918059147,1463.0,2.862085906656256,1464.0,2.289536507689372,55.0
마포구,서교동,코스모하버 홍대,0,중위험군,37.54951825,126.9176306,192721.2611,450003.2191,33.63470693,-0.2047394282400674,30.245231339753524,43.0,1.3592320983571358,1463.0,2.862282186648924,1464.0,2.3345318556833123,55.0
마포구,동교동,스테이히어어게인,0,중위험군,37.55360436,126.9211402,193031.771,450456.4624,35.42610033,3.2852436185805445,33.01779631701375,43.0,1.3591856942318168,1463.0,2.8596708693241917,1464.0,4.0329929822648936,55.0
마포구,노고산동,신촌스테이,0,중위험군,37.55176055,126.9346367,194224.211,450250.9067,23.780588,-5.062581354939848,27.10175425318248,43.0,1.3613670366960595,1463.0,2.8531758364237465,1464.0,2.878085558036435,55.0
마포구,동교동,머큐어 앰배서더 서울 홍대,0,중위험군,37.55257178,126.9216151,193073.6448,450341.8233,17.65556761,-4.960261336526628,32.458756705163694,43.0,1.359397853101655,1463.0,2.859658577495344,1464.0,3.8337530127129096,55.0
마포구,서교동,호텔 더 디자이너스 홍대,0,중위험군,37.54915395,126.9167915,192647.0757,449962.8514,29.72396808,0.6609514929172136,30.128450642874366,43.0,1.3591542415524653,1463.0,2.8627616691341857,1464.0,2.065938266805205,55.0
마포구,동교동,필로소퍼,0,중위험군,37.55675094,126.9227385,193173.2918,450805.5781,30.32777709,0.3124145950249435,32.37747928980784,43.0,1.3590044594360193,1463.0,2.858258333241213,1464.0,1.9069973761340353,55.0
마포구,서교동,더휴식 아늑 홍대점,0,중위험군,37.55279782,126.9195743,192893.3333,450367.0634,33.80585894,2.7511577517609034,31.631695255820695,43.0,1.3590539877262742,1463.0,2.8605838388584064,1464.0,3.8837006238108356,55.0
마포구,도화동,신라스테이 마포,0,중위험군,37.54012376,126.9489118,195484.9196,448958.5824,25.67962444,-4.578235447417171,27.50725276677852,43.0,1.3645707027029124,1463.0,2.847697179529875,1464.0,-0.8698568994314206,55.0
마포구,서교동,아만티 호텔 서울,0,중위험군,37.55444695,126.9178026,192736.935,450550.2325,38.64463866,-3.7415123380282154,31.193270467343357,43.0,1.3585612066544566,1463.0,2.861068438044221,1464.0,3.4602436502312006,55.0
마포구,도화동,(주)서울가든,0,중위험군,37.53794493,126.9475734,195366.5049,448716.824,30.4293613,-1.4743156653261913,27.698747190687705,43.0,1.3648696790385995,1463.0,2.8491341495488647,1464.0,-1.0876476206651222,55.0
마포구,상암동,스탠포드호텔코리아(주) 스탠포드호텔서울,0,중위험군,37.57957611,126.8858794,189919.5504,453342.2222,31.63721971,5.046429310408758,32.141799374753774,43.0,1.3511055096011984,1463.0,2.8688626195597533,1464.0,-1.6020572669924023,55.0
마포구,노고산동,에이치에비뉴 호텔 이대점,0,중위험군,37.55348987,126.9417868,194856.1485,450442.4253,35.16767902,7.183167260346586,29.39001077456355,43.0,1.361947467134541,1463.0,2.8487468316758604,1464.0,2.8190132842344173,55.0
마포구,도화동,글래드호텔 마포,0,중위험군,37.54026211,126.9504014,195616.5811,448973.8671,26.97711839,-3.9792875883342695,27.441840986954382,43.0,1.3646091172406962,1463.0,2.846737954679737,1464.0,-0.7335806102245702,55.0
마포구,동교동,(주)호텔롯데 L7홍대,0,중위험군,37.55297852,126.9208479,193005.8833,450387.0234,36.32188451,4.675201753948635,32.34284619931432,43.0,1.359225474775624,1463.0,2.8599411814674602,1464.0,3.918663728905722,55.0
마포구,서교동,라이즈호텔,0,중위험군,37.55168271,126.9204652,192971.9478,450243.2325,27.29356649,-7.011912329947219,31.66773562701291,43.0,1.3593501879148489,1463.0,2.860415813325801,1464.0,3.738976961905894,55.0
마포구,동교동,나비호스텔,0,중위험군,37.55523533,126.9239408,193279.3864,450637.2768,34.73494169,0.3687674309583002,32.35243139267023,43.0,1.3593859512669582,1463.0,2.8579787772234373,1464.0,1.519068359390292,55.0
마포구,노고산동,골든(Golden) 신촌홍대점,0,중위험군,37.55117099,126.9357304,194320.8157,450185.406,33.443555,5.76587358566562,26.89081248696567,43.0,1.3615913216018178,1463.0,2.8527025465001628,1464.0,2.791316952582251,55.0
마포구,노고산동,로프트13,0,중위험군,37.55111367,126.9346517,194225.4901,450179.1099,19.25125044,-4.781936868324088,26.972558985406284,43.0,1.3614626748447345,1463.0,2.8533007323652666,1464.0,2.881860983944268,55.0
마포구,서교동,더 센트럴 홍대,0,중위험군,37.55152908,126.9200747,192937.4261,450226.2107,34.29916261,-1.0890050761131818,31.444607144056373,43.0,1.359313443495795,1463.0,2.860640582260462,1464.0,3.628217569598509,55.0
마포구,서교동,슬로우온 호스텔,0,중위험군,37.55107515,126.9194317,192880.5635,450175.8784,30.18961702,1.0594933743433401,31.04682766440633,43.0,1.359281881438241,1463.0,2.8610569121966662,1464.0,3.4414323557827293,55.0
마포구,노고산동,스테이플랜비,0,중위험군,37.55166088,126.9344668,194209.1902,450239.855,26.06912535,1.1297141671989053,27.094464424806006,43.0,1.3613595848492948,1463.0,2.853288077983969,1464.0,2.8970497501428314,55.0
마포구,동교동,비아르떼,0,중위험군,37.5547471,126.9275666,193599.7223,450582.836,25.61775498,-3.196598291887838,30.627558872150466,43.0,1.359980248801277,1463.0,2.856270364575667,1464.0,3.1596535080801837,55.0
마포구,마포동,호텔 나루,0,중위험군,37.53446736,126.9434599,195002.7162,448331.067,33.6792989,2.927451843871083,28.07840357888685,43.0,1.365195920873934,1463.0,2.852598100179078,1464.0,-1.3997413341635458,55.0
마포구,서교동,보보호텔,0,중위험군,37.54956944,126.9174166,192702.3582,450008.9171,35.23783147,0.8869679137498991,30.176639306024757,43.0,1.3591911670520174,1463.0,2.8623701374641843,1464.0,2.3418436069157016,55.0
강서구,화곡동,칼튼 관광호텔,0,중위험군,37.55178535,126.8516704,186892.947,450261.9917,37.85768362,6.447721750534541,29.38511804272984,43.0,1.3489127241054077,1463.0,2.88460032052443,1464.0,-0.8101440287108415,55.0
강서구,외발산동,티제이 관광호텔,0,중위험군,37.54519551,126.8192793,184029.3198,449535.6072,34.89945843,3.382539302249551,31.11295809434837,43.0,1.3453119375470728,1463.0,2.8930224973740044,1464.0,-0.6148650398172115,55.0
강서구,외발산동,호텔 디아망,0,중위험군,37.54576712,126.8185255,183962.829,449599.1774,29.14008249,-1.9202358015116907,31.21582744830465,43.0,1.3451849005507834,1463.0,2.8930524674244493,1464.0,-0.6357410927837119,55.0
강서구,화곡동,필호스텔,0,중위험군,37.54473336,126.8456348,186358.3323,449480.1637,30.10659669,3.9045365560894894,29.077032941517434,43.0,1.3486933714452034,1463.0,2.8875478489840996,1464.0,-1.5172460067693863,55.0
강서구,공항동,로얄스퀘어호텔,0,중위험군,37.55789598,126.8095356,183171.1013,450946.9088,33.03617273,2.296090753666096,31.947416245225508,43.0,1.3434359357824293,1463.0,2.892412071748744,1464.0,-0.05364853096847727,55.0
강서구,외발산동,시선호텔,0,중위험군,37.54582791,126.8188712,183993.393,449605.8654,33.69948901,-4.651122837189604,31.181088565089524,43.0,1.3452214532111824,1463.0,2.8929751041174026,1464.0,-0.6392309354799613,55.0
영등포구,신길동,STOWER HOSTEL,0,중위험군,37.50278227,126.907842,191851.1929,444816.9092,25.97991148,-1.7665232263060382,28.661838363895793,43.0,1.365758003463831,1463.0,2.8798429886202928,1464.0,2.135000532946425,55.0
영등포구,(당산동,이도,0,중위험군,37.5243381,126.8972352,190915.9223,447210.3047,31.35350458,2.818857003780426,31.65989711876255,43.0,1.3595489702357249,1463.0,2.877293084687935,1464.0,1.1254462388500754,55.0
영등포구,(양평동,CENTRAL TOWER,0,중위험군,37.52433768,126.8851853,189850.7517,447211.49,34.60617771,1.1844123186208648,32.37605298031412,43.0,1.3572792644299483,1463.0,2.8814415934748343,1464.0,1.4678233685102167,55.0
영등포구,(양평동,서울H,0,중위험군,37.52384689,126.8841451,189758.736,447157.1311,30.53023606,1.1717596216990493,32.37444847855035,43.0,1.3571567270982527,1463.0,2.8819057217623776,1464.0,1.4807293477571393,55.0
영등포구,(양평동,상상그린 G. HOUSE,0,중위험군,37.52407157,126.8847732,189814.2907,447181.9996,37.86889241,1.631530422434686,32.37197169419608,43.0,1.3572410106050552,1463.0,2.8816448418272915,1464.0,1.4708431201362422,55.0
영등포구,(영등포동,호스텔 오닛,0,중위험군,37.51565734,126.9086677,191925.583,446245.8067,35.28739123,2.0165660918197617,32.80107481239805,43.0,1.3633205755891369,1463.0,2.875410035894704,1464.0,-1.3996910169856007,55.0
영등포구,도림동,스프링 플라워,0,중위험군,37.50714354,126.8948768,190705.3221,445302.1559,38.94509743,5.95601187955905,31.16916411152297,43.0,1.362015991080863,1463.0,2.8831059889895374,1464.0,1.107047021369782,55.0
영등포구,(영등포동,호텔 바모스,0,중위험군,37.51723716,126.9079016,191858.0269,446421.2128,29.96174865,-3.163004055016561,32.515251216274216,43.0,1.3628680811589742,1463.0,2.8752404940747076,1464.0,-1.483461557456174,55.0
영등포구,(양평동,가예2,0,중위험군,37.52399149,126.8843187,189774.0998,447173.1611,31.91296659,1.8421078065464833,32.377127191202106,43.0,1.3571682599298858,1463.0,2.881812016553423,1464.0,1.4801550006433464,55.0
영등포구,(영등포동,브이아이피(VIP),0,중위험군,37.51482896,126.9126511,192277.6572,446153.5325,28.01897779,-1.2723726955836554,33.094408668407766,43.0,1.3642857635945282,1463.0,2.8740308507262498,1464.0,-1.0773798249747024,55.0
영등포구,(영등포동,호텔 지엠에스[HOTEL GMS],0,중위험군,37.51474767,126.9082193,191885.8455,446144.8834,33.73404899,0.35148053172223115,32.88290404955873,43.0,1.3634034032701603,1463.0,2.8758673535374233,1464.0,-1.3738199100339532,55.0
영등포구,신길동,셀립 여의,0,중위험군,37.51114742,126.9208391,193001.2024,445744.2878,21.83600288,-7.277195035561832,30.57636859554637,43.0,1.3666717560245107,1463.0,2.871665961714052,1464.0,0.3606271544142157,55.0
영등포구,(영등포동,여울,0,중위험군,37.51767895,126.9077799,191847.3161,446470.2564,28.98679049,-0.32464601752692346,32.4293673413198,43.0,1.3627614745174434,1463.0,2.8751570755174365,1464.0,-1.4078676631169333,55.0
영등포구,(양평동,호텔AROZO 2,0,중위험군,37.52363735,126.8832634,189680.7699,447133.9712,23.86883375,-5.310979691603887,32.40605993107868,43.0,1.3570233512984693,1463.0,2.882241633378221,1464.0,1.4872233393720151,55.0
영등포구,(영등포동,JARDIN HOTEL,0,중위험군,37.51642308,126.9038914,191503.4141,446331.2147,20.53278094,-5.7004430999223565,31.48746613775846,43.0,1.3622089349775637,1463.0,2.8770566849084758,1464.0,-1.3797041975377644,55.0
영등포구,(양평동,노바루스관광호텔,0,중위험군,37.51890902,126.889922,190268.7539,446608.4761,30.81203895,3.3370916092385734,31.82972956917724,43.0,1.3589951884978182,1463.0,2.8813509442115124,1464.0,1.196507922472179,55.0
영등포구,(양평동,호텔 브릿지,0,중위험군,37.52105664,126.881811,189552.0222,446847.7049,38.90136509,4.2566818023268524,32.36272725692925,43.0,1.3571203003815222,1463.0,2.883379953301237,1464.0,1.476518005971509,55.0
영등포구,여의도동,메리어트 이그제큐티브 아파트먼트 서울,0,중위험군,37.51842714,126.917869,192739.3143,446552.4696,36.01783872,0.243421548506916,32.47185678966076,43.0,1.3645907032898938,1463.0,2.8706598814342654,1464.0,-1.0351112785572854,55.0
영등포구,(영등포동,코트야드 바이 메리어트 서울 타임스퀘어,0,중위험군,37.51432572,126.9025553,191385.0571,446098.5558,28.40025683,-4.198250783592396,31.391403622581983,43.0,1.3623192522643657,1463.0,2.8781901512544734,1464.0,-0.9131031781656769,55.0
영등포구,당산동,호텔 아벤트리 여의도,0,중위험군,37.52358074,126.9083096,191894.7851,447125.2354,32.34087669,1.20596330235378,32.11415230187412,43.0,1.3617982585607773,1463.0,2.873215970546327,1464.0,-0.11347652499469285,55.0
영등포구,(양평동,호텔AROZO,0,중위험군,37.5235963,126.8831496,189670.6984,447129.4276,24.51897661,-4.661067273598331,32.40610027715175,43.0,1.3570081113435881,1463.0,2.8822885005460166,1464.0,1.487886361564685,55.0
영등포구,선유동,로프트 관광호텔(HOTEL LOFT),0,중위험군,37.53191873,126.8979658,190981.423,448051.5904,35.34773595,-2.58374163120029,32.97419753105734,43.0,1.3585140912298241,1463.0,2.874992359412911,1464.0,1.3669292322130766,55.0
영등포구,(영등포동,베니키아 호텔 카카오,0,중위험군,37.51472287,126.9110949,192140.0736,446141.8868,28.95452415,-0.9700514215939435,33.18369832797566,43.0,1.3639929279480576,1463.0,2.874709308934784,1464.0,-1.1826489842968155,55.0
서초구,잠원동,더리버사이드호텔,0,중위험군,37.515894,127.0173118,201530.4755,446268.2946,31.55622745,-2.352675340478747,35.52061837465054,43.0,1.3575784543723601,1463.0,2.8645820588474686,1464.0,1.239992034882611,55.0
서초구,서초동,호텔 소설(小雪),0,중위험군,37.48359668,127.0130141,201151.0293,442683.6497,38.51461039,2.4457122262434225,31.57938181692558,43.0,1.3586480464861195,1463.0,2.8798555012867837,1464.0,1.5712917200503544,55.0
서초구,서초동,프로비스타 가족호텔,0,중위험군,37.49206508,127.0178397,201577.653,443623.6003,28.14891849,3.6145640722056065,30.64329870157056,43.0,1.3582211738642604,1463.0,2.876759573727088,1464.0,0.667754148739244,55.0
서초구,신원동,오라카이 청계산 호텔,0,중위험군,37.44654849,127.0539502,204773.9655,438573.0923,40.37749379,7.003763635885207,31.479188940891067,43.0,1.3574460964089734,1463.0,2.89888705173934,1464.0,-0.3861668138173012,55.0
강남구,논현동,힐탑관광호텔,0,중위험군,37.50882475,127.03024,202673.6699,445483.9867,39.60751978,3.4228820549545986,34.980424973716254,43.0,1.3574684073826846,1463.0,2.8719118984272796,1464.0,1.2668669538288075,55.0
강남구,논현동,보코 서울 강남,0,중위험군,37.51492269,127.023849,202108.4343,446160.6179,33.97923445,4.115290519212376,35.06726307353351,43.0,1.35744040241127,1463.0,2.867202928086564,1464.0,1.3916606413519428,55.0
강남구,역삼동,루프서울 역삼2호점,0,중위험군,37.49474909,127.0341415,203019.1923,443921.8883,29.7272082,-2.146576404198637,29.335370678300137,43.0,1.3576435215023064,1463.0,2.8790021709108826,1464.0,-0.15549813033225957,55.0
강남구,역삼동,루프서울 역삼1호점,0,중위험군,37.48992036,127.0388115,203432.3837,443386.1226,25.60260463,1.3324370733321835,29.744808008086054,43.0,1.357609596422117,1463.0,2.8818561517413297,1464.0,1.3699218347999242,55.0
강남구,대치동,호스텔 메가 대치점,0,중위험군,37.50207093,127.0518263,204582.6337,444735.2317,36.8660938,5.435520535141226,34.62067434886451,43.0,1.3573319221947195,1463.0,2.8794153024036873,1464.0,0.6661181558301903,55.0
강남구,논현동,레이지타이거 HOSTEL,0,중위험군,37.50267639,127.0237274,202098.0266,444801.4326,34.54146942,-4.074121324443979,34.88542309200887,43.0,1.3577644963209132,1463.0,2.873093670117685,1464.0,0.6850536939895335,55.0
강남구,역삼동,마티네차움호텔,0,중위험군,37.50365264,127.031022,202743.0023,444909.9714,34.48443497,-0.43628805318782327,34.22763967581146,43.0,1.357560495667381,1463.0,2.87444545654959,1464.0,0.62302925236406,55.0
강남구,논현동,에스티르 신사,0,중위험군,37.51182968,127.019801,201750.6351,445817.2501,28.49785475,-4.503030991670133,35.90712412405313,43.0,1.3576377798055235,1463.0,2.867489209637777,1464.0,0.9348226855843389,55.0
강남구,대치동,온스테이 호스텔,0,중위험군,37.50089697,127.0543272,204803.8486,444605.062,31.55167251,0.13775673168400715,34.51502449773311,43.0,1.3573303814489543,1463.0,2.880295065232616,1464.0,0.737490708803654,55.0
강남구,청담동,알로프트 서울 강남 호텔,0,중위험군,37.52099695,127.0548673,204850.3032,446835.9313,35.19945793,1.7955363249177623,34.43047355996909,43.0,1.3570897340262242,1463.0,2.872807537352236,1464.0,-0.22908476470711703,55.0
강남구,개포동,호텔 데님(Hotel Denim),0,중위험군,37.47343891,127.0458257,204053.5964,441557.1797,26.08175407,-3.539184553860288,29.59544853331132,43.0,1.3575956347476588,1463.0,2.88914585515176,1464.0,0.9170129114812886,55.0
강남구,역삼동,더제리스플래닛 호텔,0,중위험군,37.49629138,127.0277253,202451.7432,444092.876,24.26613035,0.8237457251612881,29.88704036912801,43.0,1.3577771493191684,1463.0,2.8769957996162354,1464.0,-0.3567903904491022,55.0
강남구,논현동,호텔 카푸치노,0,중위험군,37.50413055,127.0306921,202713.8105,444963.0037,36.46965832,0.26709341109049944,34.63144098861795,43.0,1.3575579385849592,1463.0,2.8741522908260557,1464.0,0.7231833571328787,55.0
강남구,대치동,스텔라 호스텔,0,중위험군,37.50252903,127.0533706,204719.1591,444786.1512,36.69631726,1.9226520814483479,34.50783109200212,43.0,1.357319499737406,1463.0,2.879521262622333,1464.0,0.5749380961576535,55.0
강남구,논현동,K-그랜드 호스텔 강남 1,0,중위험군,37.50279344,127.0244422,202161.2354,444814.4398,45.84404247,6.203404979824072,34.93736628676402,43.0,1.3577406250940187,1463.0,2.8732208987003394,1464.0,0.6937986771013176,55.0
강남구,역삼동,강남 스테이 호텔,0,중위험군,37.49665412,127.0346535,203064.3852,444133.3384,31.53653296,3.4533951599841224,29.365524028403968,43.0,1.357605454922729,1463.0,2.8782953238260975,1464.0,-0.23228522617885372,55.0
강남구,역삼동,호텔 소울하다,0,중위험군,37.49598034,127.0316706,202800.6344,444058.4646,40.13195857,6.588180345032967,29.40589421127143,43.0,1.3576805842637678,1463.0,2.8779737664816287,1464.0,-0.5167116392742679,55.0
강남구,역삼동,카파쓰 호텔,0,중위험군,37.49878976,127.0403343,203566.6343,444370.5668,29.77237531,2.220298892212341,28.264080679730228,43.0,1.3574793689778901,1463.0,2.8785377845036404,1464.0,3.8492986745496522,55.0
강남구,역삼동,도미인 서울 강남,0,중위험군,37.50286218,127.0286797,202535.9193,444822.1748,32.6025377,-0.2087577447560136,34.5985771628733,43.0,1.357627779919596,1463.0,2.874240534207506,1464.0,0.5910002974650955,55.0
강남구,청담동,호텔 엔트라,0,중위험군,37.52128529,127.0476972,204216.4496,446867.5879,37.36210455,4.456787881192305,34.08794831866384,43.0,1.357074555470032,1463.0,2.8709832104805,1464.0,-0.16648167163648106,55.0
강남구,삼성동,(주)호텔롯데 L7 강남,0,중위험군,37.50295115,127.0507608,204488.3654,444832.8734,43.23508487,6.699360198410375,34.552643258290686,43.0,1.3573287498990854,1463.0,2.878886447104101,1464.0,0.5584395072619699,55.0
강남구,대치동,호텔 글래드 강남 코엑스센터,0,중위험군,37.50609983,127.0637467,205636.3676,445183.0349,29.1464956,-0.140527785709061,33.55627034789189,43.0,1.3572680724731923,1463.0,2.880031185423736,1464.0,0.2649628754818618,55.0
강남구,역삼동,오월호텔,0,중위험군,37.49785311,127.040296,203563.2973,444266.6093,28.83946938,1.033243620610797,28.2418280466527,43.0,1.3574921082381761,1463.0,2.8789124154284704,1464.0,4.1201264089891385,55.0
강남구,신사동,포포인츠바이쉐라톤서울강남,0,중위험군,37.51750365,127.0276891,202447.8485,446447.1648,31.91825089,0.040379211007337545,34.11706922928658,43.0,1.3572943394311054,1463.0,2.8671306927710156,1464.0,1.7626723688503678,55.0
강남구,역삼동,호텔 세느,0,중위험군,37.50119369,127.0343056,203033.4353,444637.1605,25.86903234,-4.828926425744903,29.21341422137393,43.0,1.3575409538275809,1463.0,2.8762767365584057,1464.0,0.06050423380705202,55.0
강남구,역삼동,호텔 그라모스 서울 강남,0,중위험군,37.4998015,127.0390821,203455.8604,444482.8101,17.44683117,-1.2269456644198584,28.386550111521206,43.0,1.3574836029508646,1463.0,2.877872339686023,1464.0,3.5407133949329244,55.0
강남구,역삼동,호텔 컬리넌 역삼,0,중위험군,37.49863731,127.0412958,203651.6694,444353.6837,21.40348873,-2.9181447553278232,28.262171089329208,43.0,1.3574681447784531,1463.0,2.8787871127425504,1464.0,3.7038285529641626,55.0
강남구,신사동,호텔 안테룸 서울,0,중위험군,37.51609982,127.0244298,202159.7494,446291.2776,39.59775162,6.137727202912636,34.86322450817764,43.0,1.3573932894255503,1463.0,2.866804844771639,1464.0,1.5217644864530757,55.0
강남구,역삼동,파크뷰 강남 호스텔,0,중위험군,37.4946957,127.0298376,202638.5861,443915.8334,24.7462015,-0.3423658843876751,29.385655793141893,43.0,1.357746547359818,1463.0,2.8781555897784337,1464.0,-0.26072321284755484,55.0
강남구,역삼동,(주)조선호텔앤리조트 조선팰리스강남,0,중위험군,37.50046096,127.0407019,203599.0624,444556.0623,24.50786854,3.907449131473175,28.587066101061595,43.0,1.3574519524365478,1463.0,2.877927604641308,1464.0,3.0700563003944974,55.0
강남구,삼성동,그랜드인터컨티넨탈 서울 파르나스,0,중위험군,37.50629703,127.0601027,205314.1601,445204.7096,31.50809005,-7.433768510226052,33.830863238393476,43.0,1.3572669640635582,1463.0,2.8793355883813936,1464.0,0.28873498243008705,55.0
강남구,대치동,파크하얏트서울,0,중위험군,37.50581599,127.0633566,205601.9039,445151.509,33.00851814,2.418316766301178,33.67808142142853,43.0,1.3572701428328322,1463.0,2.8800649484651366,1464.0,0.31827627328941765,55.0
강남구,논현동,베스트웨스턴 프리미어 강남호텔,0,중위험군,37.50361313,127.0290049,202564.6485,444905.5294,40.89574264,6.783913516563317,34.79278354228677,43.0,1.3576049635867506,1463.0,2.8739776200447,1464.0,0.7028645712949722,55.0
강남구,역삼동,AC 호텔 바이 메리어트 서울 강남,0,중위험군,37.4985048,127.0346662,203065.4388,444338.7402,29.94723904,1.942500864267295,28.92148154518504,43.0,1.3575773394832036,1463.0,2.877509251347589,1464.0,0.025775587500795893,55.0
강남구,청담동,호텔리베라서울,0,중위험군,37.52114314,127.0533341,204714.758,446852.0786,38.90758418,3.3073367409209595,34.42077245882344,43.0,1.3570837943383571,1463.0,2.8723976827334163,1464.0,-0.23077104237179752,55.0
강남구,역삼동,삼정관광호텔,0,중위험군,37.50308327,127.0305267,202699.226,444846.7643,31.66116967,-3.612140951845788,34.08198386115886,43.0,1.3575818988341015,1463.0,2.874582845398448,1464.0,0.5169154242029891,55.0
강남구,신사동,선샤인 관광호텔,0,중위험군,37.51778993,127.0279571,202471.5359,446478.9453,29.50407532,-4.867331137947758,34.045556179257424,43.0,1.3572821594860665,1463.0,2.867075601180012,1464.0,1.7846436471136238,55.0
강남구,논현동,그랜드머큐어 임피리얼팰리스서울,0,중위험군,37.51123509,127.0350865,203102.0754,445751.6524,33.22071114,-6.454292109172485,32.874463929592196,43.0,1.3573418478259949,1463.0,2.872075583974263,1464.0,1.300833530626147,55.0
강남구,논현동,엘리에나호텔,0,중위험군,37.50816269,127.0301988,202670.0534,445410.5053,38.83704351,3.352047798075496,35.14449678745191,43.0,1.3574837695406246,1463.0,2.872203615002641,1464.0,1.185464555933569,55.0
강남구,역삼동,노보텔 앰배서더 강남,0,중위험군,37.50255272,127.0280777,202482.7012,444787.8127,37.23179798,2.5101776879911526,34.56300271653056,43.0,1.357648548045628,1463.0,2.874236042767608,1464.0,0.561412958061032,55.0
강남구,청담동,라비타 호텔,0,중위험군,37.51868782,127.056156,204964.3781,446579.7142,27.19213669,-5.619849011238227,34.432149690608945,43.0,1.3571259142899819,1463.0,2.8739806496386473,1464.0,-0.8821337911493216,55.0
강남구,삼성동,호텔 오크우드 프리미어,0,중위험군,37.50977042,127.0580292,205130.592,445590.0963,27.38184597,-0.2426013575223429,33.41539174237276,43.0,1.3572348124004652,1463.0,2.877696824401213,1464.0,-0.020753663096066965,55.0
강남구,논현동,파티오7,0,중위험군,37.5150573,127.0284664,202516.6468,446175.6714,31.50182947,-0.6104947321245398,33.9513320831511,43.0,1.357348507117385,1463.0,2.868526162072113,1464.0,1.6588441979084032,55.0
강남구,삼성동,GOYOO INN & CABINS,0,중위험군,37.50419718,127.0524145,204634.5197,444971.2468,36.76220215,3.8413924714401944,34.42676205132835,43.0,1.357306882827181,1463.0,2.8787208191285267,1464.0,0.3801812944677885,55.0
강남구,논현동,화이트린넨하우스 호스텔,0,중위험군,37.5149934,127.024507,202166.6099,446168.4808,38.49328834,3.428623090348836,34.95209579793871,43.0,1.3574242402391805,1463.0,2.8673711090305156,1464.0,1.4304232700862884,55.0
강남구,논현동,에이든 청담호텔,0,중위험군,37.51726775,127.029692,202624.9218,446421.0369,30.29186957,-0.8680961009126733,33.45099631675896,43.0,1.3572713492427606,1463.0,2.8678452198834123,1464.0,1.824047439699064,55.0
강남구,논현동,아난티 앳 강남,0,중위험군,37.51484148,127.0287963,202545.8207,446151.727,24.92574744,-5.89623836922155,33.83913127974203,43.0,1.3573487477597637,1463.0,2.868723904099435,1464.0,1.6591106371325455,55.0
송파구,잠실동,호텔 더 캐슬(신천),0,중위험군,37.50834852,127.081019,207163.3431,445433.7854,29.93664403,-2.9194505158259965,31.49314823638608,43.0,1.3573038291944657,1463.0,2.881977231657021,1464.0,-0.010795211616994926,55.0
송파구,방이동,오로시에 관광호텔,0,중위험군,37.51300989,127.1083729,209581.2569,445953.572,30.1785529,-8.195755314294772,36.73865483838344,43.0,1.3574745733398093,1463.0,2.884186961056529,1464.0,2.819395740157927,55.0
송파구,방이동,호텔 더 캐슬(방이1),0,중위험군,37.5127031,127.108287,209573.7017,445919.5135,40.93217729,2.257598232490821,36.70999238628623,43.0,1.3574740380386334,1463.0,2.884259334962095,1464.0,2.7762054526225692,55.0
송파구,방이동,호텔베네 롯데타워점,0,중위험군,37.51311401,127.1093124,209664.3057,445965.2241,42.12998694,4.358516725113411,36.71442728344685,43.0,1.3574819434806036,1463.0,2.8842690198739778,1464.0,2.869886679890358,55.0
송파구,잠실동,포레스타,0,중위험군,37.50822063,127.0805945,207125.8211,445419.559,35.49708343,2.5669551419513823,31.492614474361535,43.0,1.3573023551821586,1463.0,2.8819559869055102,1464.0,-0.01887652245144894,55.0
송파구,신천동,소피텔 앰배서더 서울 호텔 앤 서비스드 레지던스(가족호텔),0,중위험군,37.51113193,127.1056086,209337.1049,445744.8644,35.96290059,0.4431858563203548,36.62835718718607,43.0,1.357454287407218,1463.0,2.8843696265033123,1464.0,2.1727882146768365,55.0
송파구,송파동,아이앤유스테이,0,중위험군,37.50566174,127.1056928,209345.2285,445137.7514,43.52641296,5.981064094238221,33.49438348828247,43.0,1.3574558014809892,1463.0,2.88585813002931,1464.0,0.6868325333031515,55.0
송파구,방이동,호텔 더 캐슬(방이2),0,중위험군,37.51259727,127.108332,209577.699,445907.7723,34.93503774,-4.263474875240959,36.697919901202994,43.0,1.3574744353531767,1463.0,2.884293041396456,1464.0,2.765548291952895,55.0
송파구,삼전동,호텔인피니,0,중위험군,37.49945303,127.0952905,208426.169,444447.6824,40.61211174,5.82770217120909,32.28664059303999,43.0,1.357393043634631,1463.0,2.886423012064356,1464.0,1.1595384025419748,55.0
송파구,삼전동,24게스트하우스(서울 잠실점),0,중위험군,37.50055228,127.0886156,207835.8204,444569.1083,38.82315171,6.452204800679752,31.96058355845847,43.0,1.3573599722856973,1463.0,2.885340263786295,1464.0,0.8097375899857087,55.0
송파구,방이동,주식회사 딜라이트 호텔,0,중위험군,37.51263713,127.1085302,209595.2133,445912.2164,43.94211689,4.019078623465148,36.69942573893731,43.0,1.35747596848788,1463.0,2.884305492576817,1464.0,2.785817347316176,55.0
송파구,방이동,HOTEL RAUM(라움),0,중위험군,37.51299912,127.113064,209996.0001,445952.8647,32.02002434,-4.621760777938462,36.60303564126454,43.0,1.3575118381457305,1463.0,2.8847291942649798,1464.0,2.8745200485871156,55.0
송파구,석촌동,CORNER HOTEL,0,중위험군,37.49888583,127.1089673,209635.6222,444386.0428,35.71596757,0.8479989454127264,31.618775389691173,43.0,1.3574711291316686,1463.0,2.8879873243055885,1464.0,0.7667624024688378,55.0
송파구,잠실동,잠실스테이,0,중위험군,37.50218253,127.0872459,207714.5346,444749.9318,33.08949577,1.4581535483947619,31.711157208834486,43.0,1.3573511584421092,1463.0,2.8846919662145223,1464.0,0.8277394175103809,55.0
송파구,석촌동,레이크호텔,0,중위험군,37.50411392,127.1001083,208851.6399,444965.4234,35.16660258,-0.036899074101221174,32.59655708811693,43.0,1.35741938374745,1463.0,2.8856601602395946,1464.0,1.4865017690964382,55.0
송파구,잠실동,(주)파로스 관광호텔,0,중위험군,37.50833724,127.0803708,207106.0323,445432.4843,30.22672536,-3.13738153329928,31.494033626873637,43.0,1.3573008132189905,1463.0,2.881886932565806,1464.0,-0.02703221671355227,55.0
송파구,석촌동,로사나부띠끄 관광호텔,0,중위험군,37.5032461,127.0967501,208554.7995,444868.7959,34.89814861,-1.0342005612207927,31.99076824379579,43.0,1.3573995287168052,1463.0,2.8855199360270225,1464.0,1.8209053581528043,55.0
마포구,노고산동,K-그랜드 호스텔 신촌,0,중위험군,37.5514831,126.9334278,194117.3655,450220.1881,25.68303528,-2.052251477920258,27.49670458856088,43.0,1.3612497496115312,1463.0,2.853883278421151,1464.0,2.983364092318986,55.0
종로구,관철동,벨린스테이,0,중위험군,37.56692536,126.984109,198596.089,451932.1318,28.53647272,2.6368783877883715,29.850992628991825,43.0,1.3565203162154684,1463.0,2.819214791498436,1464.0,2.869658293970235,55.0
강남구,논현동,루프서울 논현점,0,중위험군,37.50544211,127.0302124,202671.3528,445108.5562,32.39920886,0.8416666219369446,35.07056275319895,43.0,1.3575413210475666,1463.0,2.873443792784718,1464.0,0.8940443394236963,55.0
성동구,도선동,서온재 Seo on jae,0,중위험군,37.56031193,127.0332944,202941.7008,451198.5212,25.51382634,1.8133737352155777,29.057074284413034,43.0,1.3558043167893874,1463.0,2.848291427426759,1464.0,0.45432228565526556,55.0
중구,오장동,아랑재,0,중위험군,37.56134429,126.9998039,199982.674,451312.5799,32.10851031,1.162871903790709,27.966935868255533,43.0,1.3549287327882473,1463.0,2.8283182830557205,1464.0,1.9419145812306466,55.0
중구,황학동,호스텔 모어 댄 스테이,0,중위험군,37.56461626,127.0179622,201586.945,451675.8817,22.35414716,-1.7560926874113285,27.62120363037102,43.0,1.3551161453010154,1463.0,2.8380869928445462,1464.0,1.0868383814672864,55.0
종로구,숭인동,은진모텔,0,중위험군,37.57429593,127.0214024,201890.6365,452750.2759,36.58924093,2.574751059767493,28.91391537402655,43.0,1.3546522015229023,1463.0,2.8348408903394313,1464.0,1.5185595069464748,55.0
종로구,원남동,은성,0,중위험군,37.57255438,126.9961684,199661.5172,452556.7756,33.71567461,-1.5600327885701333,29.119382351671184,43.0,1.3535564898106243,1463.0,2.818501355953298,1464.0,1.1980121423136594,55.0
종로구,효제동,해와가,0,중위험군,37.57179563,127.0003061,200027.0411,452472.5563,32.24887223,0.65375081379295,30.44070767745019,43.0,1.3538410323655425,1463.0,2.8221061807867236,1464.0,-0.02372756038934902,55.0
종로구,관수동,위코스테이 인사동,0,중위험군,37.56668627,126.9891108,199037.9746,451905.5326,19.14622446,-2.884802648840047,28.986655107926218,43.0,1.3540853554972108,1463.0,2.818591634981811,1464.0,1.8288232600837313,55.0
종로구,관철동,헤리티지31호텔 (HOTEL HERITAGE31),0,중위험군,37.56663673,126.9855308,198721.6915,451900.0769,27.49322716,5.6508495604840405,29.624961566927055,43.0,1.3558169404574647,1463.0,2.8202802282638424,1464.0,2.6941935526697867,55.0
종로구,원남동,종로 스테이,0,중위험군,37.57231926,126.9953766,199591.5649,452530.6832,29.56219847,2.9393755543984312,28.59819294587744,43.0,1.353542723022229,1463.0,2.8180410496619257,1464.0,1.5370551631407738,55.0
종로구,관철동,UH SUITE,0,중위험군,37.56692677,126.9839391,198581.0754,451932.2908,23.05380376,0.13580544221891344,29.854305231049473,43.0,1.35659867752738,1463.0,2.8190936141797307,1464.0,2.893878233088844,55.0
종로구,익선동,더 가든 호텔(The garden hotel),0,중위험군,37.57241793,126.9886253,198995.161,452541.6852,32.48141629,-3.1358305734568432,27.07597030322485,43.0,1.354345404588365,1463.0,2.8177817770063514,1464.0,2.3465630376305384,55.0
종로구,원남동,Apple-stay (애플스테이),0,중위험군,37.57237793,126.9955602,199607.788,452537.1941,33.77842402,-1.3663094056840634,28.709203685202997,43.0,1.3535453531883421,1463.0,2.81814531820294,1464.0,1.5002462958188918,55.0
종로구,관철동,스테이 오하나,0,중위험군,37.56668466,126.9839868,198585.2885,451905.4187,27.97695518,6.4666880111019225,29.785102088946132,43.0,1.3565754164033423,1463.0,2.8193005958399775,1464.0,2.923150152715241,55.0
종로구,익선동,어반스테이 부티크 익선,0,중위험군,37.57223047,126.9886688,198998.9996,452520.8788,32.76263651,0.6474403857254458,27.044547056200596,43.0,1.3543120859956366,1463.0,2.8177918015924726,1464.0,2.338523036620069,55.0
종로구,익선동,호텔 이비스앰배서더 인사동,0,중위험군,37.57166746,126.9886748,198999.5256,452458.3912,35.51385295,8.654701264291162,27.010057113213435,43.0,1.3542814530163247,1463.0,2.817882345727017,1464.0,2.3002657951188237,55.0
종로구,와룡동,Hostel Tommy 호스텔 토미,0,중위험군,37.5716747,126.990417,199153.4252,452459.1776,32.68575111,-2.733816249461597,26.480289077102476,43.0,1.353436043354045,1463.0,2.8170892777972565,1464.0,2.207371717058734,55.0
종로구,낙원동,N285 인사동호텔,0,중위험군,37.56958821,126.9866176,198817.7535,452227.6425,29.36597329,2.784125846871362,28.67078305117632,43.0,1.3553300642361124,1463.0,2.8191100584124698,1464.0,2.5223976380959074,55.0
종로구,운니동,아늑 호텔 앤 스파 서울 종로 안국 2,0,중위험군,37.57360608,126.9891925,199045.2791,452673.5501,34.11193236,2.9025355135264554,27.118563964768317,43.0,1.3540806059536816,1463.0,2.8173201768950014,1464.0,2.370635747738662,55.0
종로구,종로2가,YMCA관광호텔,0,중위험군,37.56785597,126.9845017,198630.7961,452035.4128,23.93288864,-2.1779078233808953,29.714569989137495,43.0,1.3563446119669478,1463.0,2.8188288908722328,1464.0,2.822061170351484,55.0
종로구,낙원동,피카소모텔,0,중위험군,37.56852673,126.989191,199045.0871,452109.8013,29.12810108,1.8543918346631187,28.07084024363175,43.0,1.3538321806919174,1463.0,2.818202368591328,1464.0,2.0180329560734567,55.0
종로구,창신동,D mini hotel,0,중위험군,37.56924457,127.0126646,201118.8397,452189.4937,35.81858638,1.2476566347247697,27.53474216991711,43.0,1.35459319338695,1463.0,2.832226909458132,1464.0,2.328077662847185,55.0
종로구,숭인동,승학,0,중위험군,37.57090801,127.020308,201794.0436,452374.2346,41.63107897,8.111758845227236,30.121534297075417,43.0,1.3547987235029098,1463.0,2.836018857556883,1464.0,1.4937032331741888,55.0
종로구,권농동,순라스테이,0,중위험군,37.57393044,126.9903495,199147.4896,452709.5392,43.67071914,9.287289626889823,27.105138929889357,43.0,1.3534155373351355,1463.0,2.816732599487472,1464.0,2.339608147498319,55.0
종로구,낙원동,아마레,0,중위험군,37.56858852,126.9890014,199028.3342,452116.6613,28.7057577,1.8966304074895959,28.073704957497164,43.0,1.3539060125618774,1463.0,2.818275196907846,1464.0,2.0552529742703785,55.0
종로구,평창동,킴스관광호텔,0,중위험군,37.60669991,126.9743304,197733.3915,456346.8474,38.32311422,2.0161079763383327,34.77501682628326,43.0,1.3565348370379717,1463.0,2.818352618198951,1464.0,1.7136469051588343,55.0
종로구,낙원동,심플스테이 (SimpleStay),0,중위험군,37.56950223,126.9889167,199020.8634,452218.0733,31.60994562,1.9742766853724234,27.79797093057389,43.0,1.354017476780867,1463.0,2.8181462362701244,1464.0,2.0460019244809846,55.0
종로구,낙원동,(주)종로크라운,0,중위험군,37.57120649,126.9873677,198884.0422,452407.2436,21.86310718,-1.6480636497439072,27.800542089471186,43.0,1.3549854176651077,1463.0,2.8185131740822,1464.0,2.3465229613428376,55.0
종로구,운니동,아늑 호텔 앤 스파 종로운니점,0,중위험군,37.57379044,126.9890874,199035.9989,452694.013,35.3805663,2.1371607650659854,27.135158991400118,43.0,1.3541490052036076,1463.0,2.8173405419773814,1464.0,2.388571108984043,55.0
종로구,연지동,누베르 호텔 앤 스파 서울종로점,0,중위험군,37.56998556,126.998623,199878.3537,452271.6604,26.26287133,-0.5277220174534456,30.022306556311012,43.0,1.3539441606355875,1463.0,2.8219830223061972,1464.0,0.41325248934919934,55.0
종로구,충신동,스위스장,0,중위험군,37.57279777,127.0032919,200290.804,452583.7873,39.52892043,6.41848878836543,29.993528478025567,43.0,1.3538929153866164,1463.0,2.823686242858402,1464.0,0.45524050362013607,55.0
종로구,관철동,아이비레지던스,0,중위험군,37.56689213,126.98423,198606.7792,451928.4418,27.60207095,2.220639717574816,29.820437178889478,43.0,1.35646363188863,1463.0,2.819324107505675,1464.0,2.8554728753442817,55.0
종로구,와룡동,호텔 월하여관,0,중위험군,37.57367058,126.9901406,199129.0354,452680.6997,24.60732007,-2.7872248312026073,27.072990138709542,43.0,1.3535264010058015,1463.0,2.816870160869888,1464.0,2.3280888386315635,55.0
종로구,돈의동,HOTEL THE MAY,0,중위험군,37.56923344,126.9887906,199009.7162,452188.2421,16.38362715,-2.8878423234568125,27.928783418268154,43.0,1.3540788356020574,1463.0,2.8182521626117465,1464.0,2.0629067313228737,55.0
종로구,연지동,호텔어라이브 서울플,0,중위험군,37.56991234,126.9984508,199863.1347,452263.5341,27.58237864,0.8970657388919641,29.962765809471964,43.0,1.3539441348086916,1463.0,2.8219002868427836,1464.0,0.45066010475706575,55.0
종로구,관수동,호텔더디자이너스 종로,0,중위험군,37.56661096,126.9882371,198960.7885,451897.1834,25.65833529,3.555478734054258,29.133158448229654,43.0,1.3542615531587587,1463.0,2.8189918962284946,1464.0,2.0240209500575483,55.0
종로구,수송동,(주)신영SPS지점,0,중위험군,37.57234671,126.9804375,198271.844,452533.8996,21.59106779,-0.9719090797491035,28.78520205235197,43.0,1.3577465351514728,1463.0,2.8195696165880313,1464.0,1.8541792202369163,55.0
종로구,익선동,OK.Vill,0,중위험군,37.57196106,126.9886866,199000.5684,452490.9772,28.81326703,1.8760413016536823,27.010269280663262,43.0,1.354289060482118,1463.0,2.817827865363361,1464.0,2.319623399728865,55.0
종로구,낙원동,더스퀘어 호스텔,0,중위험군,37.56946611,126.9887927,199009.9065,452214.0657,26.07734752,-4.075746607115356,27.844240148177573,43.0,1.3540915362584027,1463.0,2.8182092660653364,1464.0,2.064881302976578,55.0
종로구,익선동,세피앙,0,중위험군,37.57202862,126.9896813,199088.4433,452498.4655,27.33818654,-5.821298712417121,26.777678892208154,43.0,1.3537039152696826,1463.0,2.8173550613817313,1464.0,2.27380259736225,55.0
종로구,낙원동,호텔 노바,0,중위험군,37.56946091,126.9886797,198999.921,452213.4897,25.88709458,-4.269961452388365,27.876980419031383,43.0,1.354160183474068,1463.0,2.8182619842662056,1464.0,2.0930663510570975,55.0
종로구,구기동,자하문호텔,0,중위험군,37.60607579,126.9552165,196045.6112,456278.2101,39.16457703,2.8787839062542773,34.28529098616355,43.0,1.356508429530779,1463.0,2.8309676468831895,1464.0,1.7027747639337831,55.0
종로구,봉익동,쁘띠호텔 통통,0,중위험군,37.57075446,126.9910742,199211.481,452357.0359,31.71146887,2.2638253982242453,26.600311720012193,43.0,1.3535907663505693,1463.0,2.816977588201009,1464.0,2.06481527914108,55.0
종로구,명륜2가,팰리스 모텔,0,중위험군,37.58120935,126.9994429,199950.7925,453517.3709,29.7410763,-1.143916314202496,27.754883880198506,43.0,1.3527570698024172,1463.0,2.8157643150403917,1464.0,0.6077803207826222,55.0
종로구,묘동,온유스테이 익선(ONU STAY Ik seon),0,중위험군,37.57115977,126.990148,199129.6581,452402.0288,28.03190414,-3.4452111307456086,26.466917539672068,43.0,1.3534969800726055,1463.0,2.8172987175176414,1464.0,2.1628360643507056,55.0
종로구,낙원동,헬로인 호텔,0,중위험군,37.56901581,126.9888487,199014.8461,452164.087,31.88508783,2.8176852142181517,27.98093489240336,43.0,1.3540295006650298,1463.0,2.818265290639721,1464.0,2.0605179454855445,55.0
종로구,창신동,리베라,0,중위험군,37.57020735,127.0133534,201179.6757,452296.3595,34.87994139,2.930161141713832,27.622131104534958,43.0,1.354555981077384,1463.0,2.8321177400291577,1464.0,2.3666853481207193,55.0
종로구,낙원동,호텔 컬리넌,0,중위험군,37.56924962,126.988604,198993.2306,452190.0398,22.7261508,-4.768050216485957,27.970120980214826,43.0,1.3541939402175687,1463.0,2.81833464249916,1464.0,2.1112768306684586,55.0
종로구,익선동,종로원,0,중위험군,37.57234237,126.9887981,199010.4208,452533.297,26.79025973,-5.5188241050922535,27.028087221334392,43.0,1.35424381217264,1463.0,2.81771208496132,1464.0,2.336504649068831,55.0
종로구,낙원동,호텔 라붐,0,중위험군,37.56877967,126.9887373,199005.0076,452137.8794,36.22857537,8.382320130082906,28.077395572531398,43.0,1.3540839723539377,1463.0,2.818358923778623,1464.0,2.1026439082452337,55.0
종로구,원남동,창경호텔,0,중위험군,37.57304418,126.9956374,199614.6121,452611.1398,34.4713758,3.6769641184526414,28.631003309784802,43.0,1.3534739161849074,1463.0,2.817783329066994,1464.0,1.6722143160779956,55.0
종로구,창신동,호텔큐비,0,중위험군,37.56907425,127.0126636,201118.7513,452170.5901,27.9405299,3.4316661543561615,27.515329406144176,43.0,1.3546047355780702,1463.0,2.832324192782994,1464.0,2.3075350198399907,55.0
종로구,운니동,호텔담,0,중위험군,37.57367066,126.9888116,199011.6362,452680.7217,27.67227492,-4.481439475932639,27.153097158118698,43.0,1.3542975470726926,1463.0,2.8174912789532143,1464.0,2.390591936405802,55.0
종로구,숭인동,하이스테이 종로 1233,0,중위험군,37.57433901,127.0221524,201956.8878,452755.0727,30.57214321,-3.804385421830645,29.06043595704555,43.0,1.354683518541336,1463.0,2.8352640276411982,1464.0,1.4661252143610142,55.0
종로구,돈의동,레몬트리 호텔(Lemon Tree Hotel),0,중위험군,37.56961553,126.9903035,199143.3802,452230.6347,34.30593781,2.9085910126379346,27.456550235265524,43.0,1.3537171598448317,1463.0,2.817515215455097,1464.0,1.799209934791528,55.0
종로구,낙원동,브라운도트 호텔,0,중위험군,37.56857204,126.9888498,199014.9383,452114.8337,29.79650496,2.3817247862846855,28.112692017446356,43.0,1.3540006926500496,1463.0,2.8183462828491512,1464.0,2.088804173047105,55.0
종로구,관수동,그리드인,0,중위험군,37.56690647,126.9905645,199166.4067,451929.9583,26.83826556,1.5074570676756949,28.949838903535852,43.0,1.3540932673059682,1463.0,2.8179437886949943,1464.0,1.417824769388749,55.0
종로구,관철동,밸류플레이스,0,중위험군,37.5669144,126.9852262,198694.7877,451930.8992,21.52588172,-3.789173219775133,29.66529419048591,43.0,1.3559792268659352,1463.0,2.8200124317589514,1464.0,2.7232940141644657,55.0
종로구,창신동,디에이엘 프리미엄캡슐호텔,0,중위험군,37.56782843,127.013157,201162.3639,452032.3246,32.15330741,1.3046453511816622,27.41162385534179,43.0,1.3547072167739147,1463.0,2.8333546309512254,1464.0,2.149382491580885,55.0
중구,황학동,은성장여관,0,중위험군,37.5637344,127.0185629,201640.033,451578.0159,29.13434266,2.184443613441882,27.744387175284167,43.0,1.3551989640750652,1463.0,2.8389212425241857,1464.0,0.7260106276748713,55.0
중구,황학동,우림여인숙,0,중위험군,37.564755,127.020302,201793.6602,451691.3223,29.02197648,-1.7024444714929068,28.125434921321236,43.0,1.3551797719827432,1463.0,2.8393551378857094,1464.0,0.9675473795415215,55.0
중구,황학동,크리스티,0,중위험군,37.56321444,127.0218899,201933.9885,451520.3697,30.9999906,-0.30016051572712144,28.423061863190043,43.0,1.3553328181173698,1463.0,2.8410706564211146,1464.0,0.4291230525927478,55.0
중구,명동,호텔스카이파크 명동1호점,0,중위험군,37.55850942,126.98333,198527.0997,450998.0735,23.28634844,-1.4664493821259015,27.405417305787633,43.0,1.356787469765767,1463.0,2.8229476603987167,1464.0,2.9980423554466755,55.0
중구,황학동,마이더스여관,0,중위험군,37.56315914,127.0199925,201766.3547,451514.1947,29.8450753,-2.989461219126543,28.040834784935342,43.0,1.3552816506760028,1463.0,2.8400481100997066,1464.0,0.464843154402773,55.0
중구,명동,오요 명동3,0,중위험군,37.56018682,126.9850261,198676.9853,451184.2198,40.24138876,7.580501734195103,27.62894759794968,43.0,1.355884627604938,1463.0,2.821769765184413,1464.0,4.011379258971436,55.0
중구,(광희동,토요코인 서울동대문 I,0,중위험군,37.56192809,127.0081716,200721.9775,451377.4062,27.87537113,2.3760925683926075,28.699613149130016,43.0,1.3550565840531066,1463.0,2.8336194572868734,1464.0,0.57999860547769,55.0
중구,예관동,더캡슐 명동,0,중위험군,37.56077659,126.9980576,199828.3826,451249.5737,21.40955276,0.5425223894175097,27.398492612371527,43.0,1.3549624792343116,1463.0,2.8274400896191785,1464.0,2.047551001277909,55.0
중구,(광희동,신아호텔,0,중위험군,37.56189005,127.0037461,200330.9743,451373.1594,30.4245853,1.987703717686749,30.290041558617084,43.0,1.3549539959264372,1463.0,2.830708609615917,1464.0,1.016154831173226,55.0
중구,남대문로5가,라움169,0,중위험군,37.55526641,126.9745411,197750.4422,450638.312,29.36314984,5.298011107739907,29.418995564999374,43.0,1.3603641712017278,1463.0,2.8273565236017464,1464.0,1.8053619233606795,55.0
중구,충무로1가,모헤닉 호텔 서울 명동,0,중위험군,37.55830263,126.9837322,198562.6326,450975.116,31.34074,2.2722737522611958,27.694275149010394,43.0,1.3565606945467326,1463.0,2.822792554873843,1464.0,2.654170058039411,55.0
중구,쌍림동,Sweet stay at Joy's,0,중위험군,37.56123167,127.0043687,200385.9859,451300.0894,25.27763389,-4.1668616860509395,30.514850550173012,43.0,1.3550336191027568,1463.0,2.831535775893138,1464.0,1.0157497216987692,55.0
중구,충무로4가,인더시티 충무로(INN-The City Chungmuro),0,중위험군,37.56016974,126.9967314,199711.2056,451182.2238,24.55657585,-3.6906089451251134,27.606364680138526,43.0,1.3550144519283975,1463.0,2.8268797220935364,1464.0,2.083046746743891,55.0
중구,(광희동,신아모텔,0,중위험군,37.56189005,127.0037461,200330.9743,451373.1594,30.4636478,2.026766217686749,30.290041558617084,43.0,1.3549539959264372,1463.0,2.830708609615917,1464.0,1.016154831173226,55.0
중구,명동,스테이7,0,중위험군,37.559686,126.9850296,198677.2936,451128.6347,18.69272692,-4.328241504237873,27.59315945070895,43.0,1.355861421875187,1463.0,2.821873703325361,1464.0,3.9316014028987256,55.0
중구,무교동,주식회사 에이케이에이스테이,0,중위험군,37.56439975,126.9782336,198076.9497,451651.9227,25.15223178,-4.139012903020269,28.43249320813414,43.0,1.3587624000205272,1463.0,2.8227310892535025,1464.0,3.518831519486731,55.0
중구,(필동,엘양호텔(L?YOUNG INN),0,중위험군,37.55930433,126.9925736,199343.8352,451086.1944,29.02752329,-0.9136044572810036,29.03064137820959,43.0,1.3550734804982096,1463.0,2.8244276038740077,1464.0,1.6024531315918846,55.0
중구,을지로7가,세승빌딩,0,중위험군,37.56217504,127.007909,200698.7748,451404.8127,20.82132036,-4.101973223107187,28.880050066878297,43.0,1.35502751142451,1463.0,2.833301602297208,1464.0,0.69439037353403,55.0
중구,(광희동,루모텔,0,중위험군,37.56260061,127.0062335,200550.7369,451452.0349,36.45312009,4.323817073266532,29.595355268872684,43.0,1.3549448161735884,1463.0,2.83194486985612,1464.0,0.8701285614758593,55.0
중구,(광희동,모브호텔,0,중위험군,37.56215784,127.0061984,200547.6399,451402.8924,28.6428611,-2.2382856102425777,29.585690788904863,43.0,1.354986251491113,1463.0,2.8321902695725196,1464.0,0.8424610120433503,55.0
중구,남대문로5가,콘스텔로 명동,0,중위험군,37.55514655,126.9750254,197793.2332,450624.9975,29.03719387,4.942290187718445,29.269118561716965,43.0,1.3602238806058733,1463.0,2.827084537910058,1464.0,1.802021514400357,55.0
중구,충무로4가,호텔 아이보리,0,중위험군,37.55916534,126.9931755,199397.0135,451070.7641,31.7082444,1.0695585823523572,28.920085318736596,43.0,1.355092426511359,1463.0,2.8249695262482324,1464.0,1.6937832274271485,55.0
중구,쌍림동,위코스테이 동대문,0,중위험군,37.56121701,127.0031903,200281.8715,451298.4581,29.08629455,1.1723773498355037,29.896462814415116,43.0,1.3550099938899862,1463.0,2.8307476464132164,1464.0,1.2363429411785372,55.0
중구,남대문로3가,더스테이클래식호텔,0,중위험군,37.55862089,126.977787,198037.3386,451010.5466,22.45564255,-4.306106247641861,29.24204279399686,43.0,1.3591420878565348,1463.0,2.8244509785906877,1464.0,3.190540189452113,55.0
중구,(광희동,서울 엔 호스텔,0,중위험군,37.56274732,127.0053235,200470.3378,451468.313,30.86302865,-0.2853804913306348,30.436016226136257,43.0,1.354907109602973,1463.0,2.8312478063279647,1464.0,0.8568552487490928,55.0
중구,을지로5가,스태이링크 주식회사,0,중위험군,37.56360071,126.9997814,199980.6857,451563.0159,23.73305322,-4.478707308340894,28.157365760183893,43.0,1.3546742341037221,1463.0,2.826868575169837,1464.0,1.8401659016695833,55.0
중구,명동,유에이치 스위트 더명동,0,중위험군,37.55921109,126.9868865,198841.3492,451075.9008,29.10100246,1.537690028225267,27.72638413846733,43.0,1.3551071109019706,1463.0,2.821140118492969,1464.0,3.857381473723109,55.0
중구,황학동,윌씨티33,0,중위험군,37.56745247,127.0199035,201758.3897,451990.7023,29.85908921,0.9988462642480549,29.169385626763834,43.0,1.354976390811391,1463.0,2.8376598281454877,1464.0,1.7163269615824635,55.0
중구,황학동,엘씨티 33,0,중위험군,37.56641299,127.0222448,201965.2611,451875.3786,26.94150382,0.17426757164704298,29.08076316127947,43.0,1.3551285499451609,1463.0,2.8395548427719244,1464.0,1.2524292005390065,55.0
중구,황학동,미르,0,중위험군,37.56704364,127.0217622,201922.6086,451945.3634,29.49085838,1.4303519562308509,29.250419216022966,43.0,1.3550683820252982,1463.0,2.8389457321700156,1464.0,1.461444362742852,55.0
중구,황학동,제이앤비 The Best 2,0,중위험군,37.56657468,127.0216746,201914.8788,451893.3125,29.08189424,1.5960825421904161,29.028993943829647,43.0,1.355097963477044,1463.0,2.8391480408852354,1464.0,1.3684703261087428,55.0
중구,황학동,JS스테이,0,중위험군,37.5671459,127.0216978,201916.9156,451956.7117,23.43158366,-4.377464219050598,29.29112249037546,43.0,1.3550589856081623,1463.0,2.8388544005281937,1464.0,1.479197163699417,55.0
중구,황학동,로팡,0,중위험군,37.56714175,127.0206838,201827.3344,451956.2309,25.62348883,-4.5621062296586,29.137355387925215,43.0,1.3550234899058273,1463.0,2.838278841579332,1464.0,1.6259766886820177,55.0
중구,(인현동,센트럴뷰스위트 주식회사,0,중위험군,37.56063038,126.9925919,199345.4664,451233.3701,28.10230723,-0.7966696700410303,29.07324946815702,43.0,1.3549117318322046,1463.0,2.823531686791499,1464.0,1.5204780164807152,55.0
중구,(인현동,센트럴뷰스위트 주식회사,0,중위험군,37.56063038,126.9925919,199345.4664,451233.3701,28.10230723,-0.7966696700410303,29.07324946815702,43.0,1.3549117318322046,1463.0,2.823531686791499,1464.0,1.5204780164807152,55.0
중구,황학동,어베터플레이스 신당,0,중위험군,37.56513768,127.0200506,201771.4384,451733.7905,29.87447761,3.2183383759843096,28.130930925163007,43.0,1.3551447939026864,1463.0,2.839004384132637,1464.0,1.112796992538402,55.0
중구,을지로6가,을지로 코업레지던스,0,중위험군,37.56341362,127.0046017,200406.5639,451542.2611,27.44418024,-4.947546132977813,30.542238898337835,43.0,1.35482169605331,1463.0,2.8303520768367223,1464.0,0.7599972877769989,55.0
중구,(회현동,호텔 명동,0,중위험군,37.55802548,126.978654,198113.932,450944.4454,39.94210383,7.164622087109628,29.332687109049743,43.0,1.3588369479511742,1463.0,2.8240841794641875,1464.0,2.784161787609275,55.0
중구,흥인동,알마호텔,0,중위험군,37.56337665,127.015112,201335.1569,451538.2552,27.55357155,-3.0354246830057896,26.97210490807494,43.0,1.3551238332993027,1463.0,2.837096356092031,1464.0,0.0012190360495794028,55.0
중구,을지로6가,호텔 스테이인(HOTEL STAY IN),0,중위험군,37.56432903,127.0055767,200492.7024,451643.8655,32.60091432,-1.4876435793485001,30.374068517908203,43.0,1.3547578175153872,1463.0,2.8304543684024,1464.0,0.9119081413811538,55.0
중구,신당동,퀸모텔,0,중위험군,37.55353993,127.007974,200704.5999,450446.4185,31.45435861,2.2223882135308095,28.86920342962511,43.0,1.3557040771098454,1463.0,2.838636521044696,1464.0,1.5702992919795578,55.0
중구,(광희동,에비뉴모텔,0,중위험군,37.56238679,127.0054418,200480.7938,451428.299,35.69751362,3.688273657016957,30.247247667923723,43.0,1.3549453797449564,1463.0,2.831547234455281,1464.0,0.9123921079389052,55.0
중구,남대문로5가,지요크 서울역,0,중위험군,37.55204408,126.9734078,197650.2094,450280.6996,34.38681589,1.0184032139943398,26.89506084611012,43.0,1.3608929475067133,1463.0,2.828948676895179,1464.0,1.498270091743933,55.0
중구,초동,럭키장여관,0,중위험군,37.56082266,126.9915662,199254.8393,451254.7186,32.75716515,-0.07432902455099111,29.173350982747458,43.0,1.3548770906946244,1463.0,2.8226333516865862,1464.0,1.3694875943564608,55.0
중구,초동,하루재,0,중위험군,37.5604658,126.9911271,199216.0394,451215.1149,28.13627243,-5.007619461859985,29.09990459506344,43.0,1.3549230086056128,1463.0,2.8225420927041056,1464.0,1.441617813406401,55.0
중구,충무로5가,남경레지던스,0,중위험군,37.55980392,126.9979148,199815.7633,451141.6191,26.53812345,-1.83696128507626,27.61802877033599,43.0,1.3550691130085195,1463.0,2.8279711524808513,1464.0,1.8395152892308075,55.0
중구,(필동,동산여관,0,중위험군,37.55867857,126.9962823,199671.5208,451016.723,27.98752731,-2.757154708891729,28.32520135067249,43.0,1.355166183397852,1463.0,2.8275650968589447,1464.0,1.7067303519322288,55.0
중구,충무로4가,호텔 시에프,0,중위험군,37.55944336,126.9929257,199374.9446,451101.6227,26.04866063,-5.397704980648999,28.959711933075923,43.0,1.3550593392107593,1463.0,2.824591703564003,1464.0,1.645439563488111,55.0
중구,(광희동,동대문인모텔(Dongdaemun Inn),0,중위험군,37.56180927,127.0072524,200640.7633,451364.2119,28.21002299,-2.880052896336789,29.08246484543311,43.0,1.3550448323032045,1463.0,2.833093948493387,1464.0,0.6606073152838092,55.0
중구,명동,솔라리아 니시테츠 호텔 서울 명동,0,중위험군,37.55974994,126.9843743,198619.3878,451135.7407,27.40122378,-3.7189775234186335,27.53025552779745,43.0,1.3562445849761258,1463.0,2.822174679264349,1464.0,3.9899043050108274,55.0
중구,명동,이코노미호텔 명동 프리미어점,0,중위험군,37.55853987,126.9836445,198554.883,451001.4482,25.30828773,2.27937246896127,27.541266989516096,43.0,1.3566163082495506,1463.0,2.822785420034744,1464.0,3.060704441856897,55.0
중구,남대문로5가,호텔릿(Hotelette),0,중위험군,37.55191393,126.9730312,197616.9274,450266.264,32.11455399,-3.904735797477734,26.88229720686957,43.0,1.3610094596608966,1463.0,2.829221869086538,1464.0,1.4751481966249906,55.0
중구,을지로7가,에이피엠 레지던스,0,중위험군,37.56252165,127.0076174,200673.0117,451443.2802,32.82359111,3.7279598584972007,28.966197993421236,43.0,1.354988139257289,1463.0,2.832903908152917,1464.0,0.8648398674642617,55.0
중구,(회현동,호텔 코지 명동,0,중위험군,37.55802548,126.978654,198113.932,450944.4454,39.86397883,7.086497087109628,29.332687109049743,43.0,1.3588369479511742,1463.0,2.8240841794641875,1464.0,2.784161787609275,55.0
중구,(인현동,달콤명동게스트하우스,0,중위험군,37.56077584,126.9958819,199636.1461,451249.4966,19.66743896,-2.119581434942294,28.03870470804348,43.0,1.3549305133861755,1463.0,2.8258674284205743,1464.0,2.1252696997521925,55.0
중구,명동,더스테이호텔,0,중위험군,37.55915651,126.9860126,198764.1343,451069.8542,23.2963077,-5.043225716760357,27.70695976995048,43.0,1.3552232607726835,1463.0,2.821535693854604,1464.0,3.986764353059537,55.0
중구,충무로5가,명동멀린호텔,0,중위험군,37.55988314,126.9982725,199847.3662,451150.4109,26.57603128,1.8207808650503807,27.55846885068678,43.0,1.3550660308527624,1463.0,2.8281722970239778,1464.0,1.789813993268163,55.0
중구,명동,명동 선샤인 게스트하우스,0,중위험군,37.55926496,126.9857117,198737.5535,451081.8948,22.16331046,-0.3956846357618886,27.642642211095158,43.0,1.3554221089034295,1463.0,2.8216477643514293,1464.0,4.069207014602004,55.0
중구,황학동,송림장여관,0,중위험군,37.56365324,127.0178815,201579.8337,451568.9964,24.1018955,-4.1391263854318545,27.595194005275125,43.0,1.355184548846521,1463.0,2.838572955839482,1464.0,0.6920000538238782,55.0
중구,명동,오요 명동1,0,중위험군,37.56016528,126.9843868,198620.4999,451181.8383,33.68158473,1.4963225333857082,27.533519764371285,43.0,1.3562511094208938,1463.0,2.822082671328445,1464.0,4.083078952240328,55.0
중구,충무로5가,현대 서비스드 레지던스,0,중위험군,37.56110121,126.9999541,199995.9463,451285.6009,27.71414086,-2.7747752157375594,28.03440726035577,43.0,1.3549584138235462,1463.0,2.8285788866582626,1464.0,1.9047579195147621,55.0
중구,(광희동,96번지,0,중위험군,37.56206664,127.0089649,200792.0687,451392.79,23.53454044,-2.858938096317612,28.28317698383298,43.0,1.3550641301102038,1463.0,2.834047144521577,1464.0,0.4358892157037655,55.0
중구,(회현동,(주)조선호텔앤리조트 레스케이프,0,중위험군,37.55715446,126.9787036,198118.2962,450847.7716,28.39202443,1.4806336587052868,29.77316209609748,43.0,1.3588404342027174,1463.0,2.8242909616890524,1464.0,1.815770103343291,55.0
중구,신당동,동대문맥스타일 하우스,0,중위험군,37.56607323,127.009775,200863.5939,451837.4815,23.35617869,-0.03123668684629166,28.382939978253763,43.0,1.354726613919842,1463.0,2.8322002379626374,1464.0,2.048909686570383,55.0
중구,명동,필스테이 명동스테이션(명동역점),0,중위험군,37.5590079,126.9846152,198640.6599,451053.3795,18.3399765,-2.838739387998629,27.658322122889334,43.0,1.3560785285448997,1463.0,2.8222151830554587,1464.0,3.675128042582311,55.0
중구,(명동,알로프트서울명동호텔,0,중위험군,37.55952462,126.9811368,198333.3355,451110.7853,17.42653706,-5.566640252336413,26.733666284115472,43.0,1.3578727627291676,1463.0,2.8225121570628966,1464.0,3.6358499502135713,55.0
중구,주교동,투유(2U)HOSTEL,0,중위험군,37.56586745,126.9974009,199770.3781,451814.6006,36.12463109,-0.17683003352683357,28.810839834265195,43.0,1.3543359963916943,1463.0,2.8236889506137484,1464.0,1.7470757388887075,55.0
중구,(광희동,모브호텔,0,중위험군,37.56215784,127.0061984,200547.6399,451402.8924,28.6428611,-2.2382856102425777,29.585690788904863,43.0,1.354986251491113,1463.0,2.8321902695725196,1464.0,0.8424610120433503,55.0
중구,남학동,홈즈레드 명동,0,중위험군,37.55807414,126.9905121,199161.6811,450949.6743,27.88206405,2.8004084583464035,29.461096531616466,43.0,1.3552167831864719,1463.0,2.823758183803026,1464.0,1.153156191529975,55.0
중구,명동,필스테이 명동메트로점,0,중위험군,37.56031807,126.9848275,198659.4458,451198.7898,33.89369372,1.6085002632705212,27.607334764853157,43.0,1.3560054922053761,1463.0,2.8218374430364177,1464.0,4.0839868859606945,55.0
중구,북창동,서울쎈트럴호텔(SEOUL CENTRAL HOTEL),0,중위험군,37.55907732,126.9774223,198005.1343,451061.2126,32.79054316,4.543466721076886,29.173507051986206,43.0,1.3592525613519333,1463.0,2.8245560122424105,1464.0,3.3739879649518145,55.0
중구,명동,유에이치 스위트,0,중위험군,37.55921985,126.9870305,198854.0681,451076.8712,31.60730559,-2.7678025503994697,27.749106616852117,43.0,1.3551044663714027,1463.0,2.821076685110514,1464.0,3.7614540371116676,55.0
중구,명동,K그랜드호텔 명동,0,중위험군,37.559348,126.983928,198579.9527,451091.1367,33.3687148,1.5563096088760489,27.44462677560969,43.0,1.3564820563744155,1463.0,2.822476592240706,1464.0,3.778971747632437,55.0
중구,주교동,호텔 제이스테이(Hotel J-Stay),0,중위험군,37.56588733,126.9977273,199799.2078,451816.8063,35.72892286,0.3225170400635875,28.721392688586505,43.0,1.3543437641394256,1463.0,2.8239175601961626,1464.0,1.7616035759656554,55.0
중구,남창동,머스트스테이 호텔,0,중위험군,37.55416332,126.9768462,197954.0912,450515.8295,25.18872762,-2.4491513757976406,28.722400564282154,43.0,1.3596499952651075,1463.0,2.8262346157333242,1464.0,1.732229707065397,55.0
중구,을지로3가,라이프 인 을지로,0,중위험군,37.56327507,126.9923211,199321.5606,451526.9014,38.15840709,5.457451287767505,29.971283334138075,43.0,1.3545494266290892,1463.0,2.8215691692412244,1464.0,1.4963509146198604,55.0
중구,을지로3가,트립스테이 명동,0,중위험군,37.56327507,126.9923211,199321.5606,451526.9014,38.18965709,5.488701287767505,29.971283334138075,43.0,1.3545494266290892,1463.0,2.8215691692412244,1464.0,1.4963509146198604,55.0
중구,무학동,엠모텔(M모텔),0,중위험군,37.56120906,127.0138423,201223.0073,451297.661,35.59320895,2.9918180247681576,27.270439236723334,43.0,1.3552586953063657,1463.0,2.8375690272008383,1464.0,-1.7303806824528645,55.0
중구,(필동,픽셀스테이 명동점,0,중위험군,37.55888617,126.9913853,199238.8373,451039.7925,28.63818624,2.9269190953247026,29.21045300593355,43.0,1.3551188018041922,1463.0,2.82383667863479,1464.0,1.4789285324705612,55.0
중구,황학동,레지던스 유니콘 인 동대문,0,중위험군,37.56761121,127.0220655,201949.3901,452008.3633,32.63590847,1.7872678480830153,29.5723891625337,43.0,1.3550447734730355,1463.0,2.8388129410237335,1464.0,1.5215581054005671,55.0
중구,신당동,프린스,0,중위험군,37.55293219,127.0100189,200885.2991,450378.984,27.98069513,3.230268127405612,28.146736775851114,43.0,1.3557633329891214,1463.0,2.8402228141103065,1464.0,1.6172218689356912,55.0
중구,오장동,호텔스카이파크 동대문1호점,0,중위험군,37.56144741,127.0012903,200114.0,451324.0258,24.89394102,-2.5011372355701234,28.765457488864932,43.0,1.3549467409277132,1463.0,2.829295270451167,1464.0,1.7166979134655325,55.0
중구,충무로4가,가가하우스,0,중위험군,37.55978163,126.9939283,199463.5347,451139.1604,25.93912243,0.3386530654670423,28.719613693252043,43.0,1.3550281146072256,1463.0,2.8250977589173973,1464.0,1.7485624772547754,55.0
중구,(광희동,올리브호스텔 동대문점,0,중위험군,37.5626401,127.0060916,200538.203,451456.417,27.94052294,-2.7524110577566816,29.698558974378717,43.0,1.3549373635838409,1463.0,2.8318266079580092,1464.0,0.875985305709361,55.0
중구,을지로5가,트레블로지 동대문 호텔,0,중위험군,37.563663,127.0010971,200096.9309,451569.9299,24.73112452,-2.075224425381524,28.620190629239943,43.0,1.3547013729787503,1463.0,2.827765622074326,1464.0,1.6593156883441804,55.0
중구,무학동,탑모텔,0,중위험군,37.56126348,127.0137989,201219.1736,451303.7004,29.53568344,-2.89609357249973,27.266665511103717,43.0,1.355253351342684,1463.0,2.837511911777136,1464.0,-1.7199841171572958,55.0
중구,오장동,케이게스트하우스(K-guesthouse) 동대문,0,중위험군,37.56243879,127.001282,200113.2661,451434.0573,20.24844938,-1.388918418112869,28.796732536356252,43.0,1.3548398679222369,1463.0,2.828665524981271,1464.0,1.6642674264509254,55.0
중구,명동,호텔 스카이파크 Ⅱ,0,중위험군,37.56217058,126.9842636,198609.6546,451404.4047,34.79377752,0.1874002283186229,27.70680886500434,43.0,1.3563735634179779,1463.0,2.8217433718131746,1464.0,4.082259148976641,55.0
중구,(광희동,호텔 클로이,0,중위험군,37.56295774,127.0050817,200448.9723,451491.666,35.58168716,1.1396349800965737,30.614146859279963,43.0,1.354880068261715,1463.0,2.830956443636528,1464.0,0.8353351691933966,55.0
중구,충무로3가,뉴스테이인(New stay inn),0,중위험군,37.55962839,126.9898177,199100.3456,451122.184,29.32859058,-0.8018541152109968,28.75463682681595,43.0,1.3550261073066705,1463.0,2.822136885851687,1464.0,1.7699607031631974,55.0
중구,명동,오요 명동2,0,중위험군,37.55899863,126.9871722,198866.5883,451052.3167,21.92537279,-6.870791876702725,27.835648940888795,43.0,1.355136541380032,1463.0,2.821067962589291,1464.0,3.323014972199837,55.0
중구,(광희동,호텔 라온,0,중위험군,37.56223745,127.0057924,200511.7701,451411.7259,34.60162184,3.9224955357211044,29.90347222875314,43.0,1.3549685736201196,1463.0,2.831872281405681,1464.0,0.8735602301477725,55.0
중구,명동,K9명동호텔,0,중위험군,37.55916111,126.9861241,198773.987,451070.3632,22.94857674,-5.037475018062143,27.717616581479838,43.0,1.3551510098828237,1463.0,2.821484800175648,1464.0,3.9311117183424233,55.0
중구,을지로3가,호텔어라이브 을지로 틈,0,중위험군,37.56274334,126.990842,199190.8743,451467.8974,30.2896612,1.5640265092236838,29.740947550101886,43.0,1.3546001820211802,1463.0,2.8207987803820367,1464.0,1.3121323124015318,55.0
중구,신당동,Q모텔,0,중위험군,37.56099285,127.0136424,201205.3498,451273.6617,35.04571671,1.9627446278852076,27.326797781070667,43.0,1.3552706817384585,1463.0,2.837573031728806,1464.0,-1.7104767945617894,55.0
중구,을지로5가,에이큐브호텔,0,중위험군,37.56347491,127.0012488,200110.3357,451549.0543,34.44363526,5.068962339513778,28.695328536787386,43.0,1.3547260592762111,1463.0,2.8279909613282808,1464.0,1.6236557831400882,55.0
중구,신당동,J모텔,0,중위험군,37.55290824,127.0095836,200846.8376,450376.3218,26.00192357,-4.333177432433747,28.322582198894374,43.0,1.3557611538435368,1463.0,2.839982161832673,1464.0,1.636811920890419,55.0
중구,명동,호스텔 아라125,0,중위험군,37.56201257,126.9837489,198564.1794,451386.8752,28.33672377,3.1246252166353976,27.58439260939728,43.0,1.3566379038794676,1463.0,2.8220341761537866,1464.0,4.074605084851503,55.0
중구,(광희동,레드모텔,0,중위험군,37.56307809,127.0050955,200450.1943,451505.0235,39.94305951,6.349837267710477,30.62998429572427,43.0,1.3548685076478293,1463.0,2.8308921811367957,1464.0,0.7962398863088906,55.0
중구,(만리동,동은여인숙,0,중위험군,37.55327049,126.9669878,197082.953,450416.9962,29.10664714,-2.4478107487987124,27.5278092792374,43.0,1.362157067054018,1463.0,2.8327747938892713,1464.0,1.2404245382245693,55.0
중구,신당동,벤허,0,중위험군,37.54633403,127.0064049,200566.0025,449646.6397,22.66031201,-1.2538082980769651,29.931756690719165,43.0,1.356198127077977,1463.0,2.8421742164106645,1464.0,1.2777951933091813,55.0
중구,황학동,스테이 패스포트 신당,0,중위험군,37.56381135,127.0210812,201862.5288,451586.6034,27.85815217,4.60189400029358,28.276465871672485,43.0,1.3552689013111034,1463.0,2.8403031976456767,1464.0,0.6083934606597302,55.0
중구,(남산동,동도모텔,0,중위험군,37.55676546,126.9841243,198597.2449,450804.5025,25.7989557,-3.7911682104411,29.70616509266954,43.0,1.3562792671932855,1463.0,2.8229400326151004,1464.0,0.5858264249829153,55.0
중구,명동,메이원 호텔,0,중위험군,37.55987957,126.9851772,198690.3303,451150.1166,29.50858316,-2.148323880512258,27.619411391134495,43.0,1.3557818023800807,1463.0,2.8217629481621262,1464.0,3.98519567451652,55.0
중구,(광희동,독립주택,0,중위험군,37.56136225,127.0044752,200395.3966,451314.5827,33.81161799,3.0635799320945836,30.556416404529333,43.0,1.3550230673517865,1463.0,2.8315269646386763,1464.0,1.0150622791541324,55.0
중구,충무로4가,인더시티 명동(Inn The City Myeongdong),0,중위험군,37.55989789,126.9928419,199367.5495,451152.0707,40.19954582,3.3137131768784727,28.96782894031642,43.0,1.3550064854122719,1463.0,2.8242135941452275,1464.0,1.6009309376828917,55.0
중구,입정동,호텔 더 보타닉 세운 명동(A동),0,중위험군,37.56484325,126.9933887,199415.8979,451700.9438,27.93682438,-0.14312624754840186,30.237430391687802,43.0,1.3543564341656091,1463.0,2.8213444383214425,1464.0,1.5896759466457437,55.0
중구,산림동,호텔 더 보타닉 세운 명동(B동),0,중위험군,37.56484712,126.9942461,199491.6465,451701.3683,23.56782893,-5.991800547069918,29.925678771253356,43.0,1.3543777187599768,1463.0,2.8219903870943908,1464.0,1.6231412723609724,55.0
용산구,이태원동,성지모텔,0,중위험군,37.53723689,126.9908857,199194.4599,448636.9877,34.10537108,2.719529268162738,29.883729298485864,43.0,1.3574791536399156,1463.0,2.8388647277157024,1464.0,0.6588043761760565,55.0
용산구,동자동,어바웃스테이서울역,0,중위험군,37.54921254,126.973321,197642.444,449966.4348,28.56166556,-1.9954900732227827,26.35795766010655,43.0,1.361093280931908,1463.0,2.8298111063654585,1464.0,1.2554430265292227,55.0
용산구,갈월동,HOTEL E-CUBE(호텔 이큐브),0,중위험군,37.53766021,126.9714083,197473.0356,448684.3161,34.30178912,1.3648559003577887,30.912269998719086,43.0,1.3624178120232022,1463.0,2.834365531032278,1464.0,1.096594441741583,55.0
용산구,후암동,호텔 후암,0,중위험군,37.54449245,126.9804466,198272.0048,449442.407,39.55285663,5.397705875065078,29.536872398430976,43.0,1.3580599529812465,1463.0,2.827768500863127,1464.0,0.22427802444010733,55.0
용산구,원효로2가,?貧晁?,0,중위험군,37.53217553,126.9623353,196670.9073,448075.8666,19.43853527,-5.341436634816493,29.128051841622348,43.0,1.3652117108446797,1463.0,2.8417568526384196,1464.0,0.875817753930004,55.0
용산구,갈월동,일일모텔,0,중위험군,37.54281046,126.971993,197524.8831,449255.9155,37.56543746,2.3889110739415145,30.618491495665694,43.0,1.361907517332175,1463.0,2.83258458761993,1464.0,1.1925827010486365,55.0
용산구,한남동,한남67호텔,0,중위험군,37.5307153,127.0048641,200429.934,447913.1436,41.22800445,6.100180757134723,30.274975722691487,43.0,1.3572933336401083,1463.0,2.851008906464112,1464.0,-0.640993115489374,55.0
용산구,(청파동,WO모텔서울역,0,중위험군,37.5459209,126.9687286,197236.5103,449601.2275,37.25829473,3.2701971155882106,29.611444795492957,43.0,1.362551448920777,1463.0,2.8336604578413196,1464.0,1.3741531408671068,55.0
용산구,동자동,아로하 게스트하우스,0,중위험군,37.54905051,126.9736169,197668.5922,449948.444,30.12527961,2.249828608862785,26.323054405736787,43.0,1.3610092066398047,1463.0,2.82967608220728,1464.0,1.2651879108902848,55.0
용산구,동자동,희망여관,0,중위험군,37.55051637,126.9738974,197693.4227,450111.13,30.84978863,-2.382340806730518,26.28365260577649,43.0,1.3608358609246165,1463.0,2.829076238985455,1464.0,1.395979104598492,55.0
용산구,(청파동,경향,0,중위험군,37.54629608,126.9695311,197307.4374,449642.8447,38.79507566,0.47808939552282936,29.413126893571466,43.0,1.3623370029390003,1463.0,2.8330408956528506,1464.0,1.4109594202665645,55.0
용산구,문배동,모던용산한옥,0,중위험군,37.53502786,126.9680265,197174.0511,448392.2538,22.98391765,-7.165731399634041,29.723541295387186,43.0,1.363654558116916,1463.0,2.837294570367056,1464.0,1.629715640259026,55.0
성동구,성동,인스피룸 성수 주식회사,0,중위험군,37.54603887,127.0551245,204871.4125,449615.2893,36.39600603,2.8772383208011547,33.74889040943731,43.0,1.3566390501859862,1463.0,2.862927192345541,1464.0,0.8504270764156836,55.0
성동구,도선동,메종,0,중위험군,37.56022261,127.0347361,203069.0822,451188.6538,23.605295,-8.60183419785793,29.036759914692638,43.0,1.355844153454764,1463.0,2.8489917835631857,1464.0,0.4463211892606972,55.0
성동구,도선동,리마크호텔,0,중위험군,37.56055471,127.034479,203046.3589,451225.5046,22.50225658,-7.116534393544626,29.030946464087624,43.0,1.355821876006305,1463.0,2.8487150283247717,1464.0,0.46110132869292686,55.0
성동구,도선동,파레스모텔,0,중위험군,37.56045943,127.0344655,203045.1718,451214.9292,22.56983112,-7.206259468429437,29.033864199743604,43.0,1.3558261295553296,1463.0,2.8487549855943755,1464.0,0.4578354998581601,55.0
성동구,도선동,아모렉스관광호텔,0,중위험군,37.56086358,127.03451,203049.0853,451259.7865,33.22424868,1.2622825208752637,29.023114386834457,43.0,1.3558077477232646,1463.0,2.848579759021334,1464.0,0.47172359044405954,55.0
성동구,도선동,에이치호텔,0,중위험군,37.55984739,127.0344064,203039.9732,451146.9981,32.8553989,1.7882227908290034,29.051364732951896,43.0,1.3558540501456935,1463.0,2.8490241954267157,1464.0,0.437020276153258,55.0
성동구,도선동,코림,0,중위험군,37.56048156,127.0342861,203029.3184,451217.3796,28.81972374,-0.8761180494456724,29.035838450004448,43.0,1.3558206072829098,1463.0,2.84866275634966,1464.0,0.4600549287188636,55.0
성동구,도선동,포레스타호텔,0,중위험군,37.55965771,127.0344756,203046.0924,451125.9481,31.22982917,1.0475484469523124,29.05485445280017,43.0,1.35586476836519,1463.0,2.8491470986423177,1464.0,0.4294003353806888,55.0
성동구,도선동,아루스테이,0,중위험군,37.56076381,127.0343345,203033.5815,451248.7076,30.87029336,1.0050814143453266,29.027444366694777,43.0,1.3558081541827787,1463.0,2.848548104768223,1464.0,0.469570646218458,55.0
성동구,도선동,호텔퓰문(HOTEL FULL MOON),0,중위험군,37.56089481,127.0343573,203035.5889,451263.2478,34.94493914,1.922678965391782,29.024309545437347,43.0,1.3558023760634779,1463.0,2.848495061637476,1464.0,0.4739408024334788,55.0
성동구,용답동,유성장여관,0,중위험군,37.55824913,127.0627391,205543.4172,450970.9038,31.99194938,1.1019688098921065,33.26896990134459,43.0,1.3565441828282685,1463.0,2.8603780859946877,1464.0,0.6620807915520737,55.0
성동구,도선동,저스트 스테이 호텔,0,중위험군,37.56029187,127.0342119,203022.7667,451196.3239,33.28852933,4.20010498599148,29.04227876119668,43.0,1.3558279374954167,1463.0,2.8487208795839365,1464.0,0.4538870869073257,55.0
성동구,성동,근화,0,중위험군,37.53561546,127.0498419,204405.1999,448458.1572,38.89960499,1.1176944245836182,33.89246189389242,43.0,1.356791776992059,1463.0,2.865652332913466,1464.0,0.9680221672431538,55.0
성동구,성동,젠모텔,0,중위험군,37.54450985,127.0482166,204261.0441,449445.2511,37.56416238,2.4347115722554165,33.70852704364055,43.0,1.3565721152808292,1463.0,2.8613989797456783,1464.0,0.8090137213057005,55.0
성동구,도선동,리젠트호텔,0,중위험군,37.56010879,127.033665,202974.4503,451175.9867,34.54804264,5.441838600736837,29.055920535106573,43.0,1.355823394783032,1463.0,2.848560414114651,1464.0,0.44944489116842146,55.0
성동구,성동,신양장여관,0,중위험군,37.5359582,127.0469312,204147.9241,448496.0647,40.08996739,2.311162971909134,33.85209450047179,43.0,1.3567607149376044,1463.0,2.8646502935304894,1464.0,0.9337853452969097,55.0
성동구,성동,금호 스테이,0,중위험군,37.5457164,127.021118,201866.2312,449578.2805,37.16132447,3.7519367715605227,30.230308718388883,43.0,1.3562417246192513,1463.0,2.8501956233212673,1464.0,-1.0225039567452958,55.0
성동구,도선동,스위트모텔,0,중위험군,37.56064804,127.0344937,203047.6557,451235.8636,22.55965472,-6.702473730404353,29.028033062997253,43.0,1.355817744768035,1463.0,2.848676583235391,1464.0,0.4642776271643033,55.0
성동구,도선동,라테라,0,중위험군,37.56066981,127.0343178,203032.1107,451238.2741,29.3373211,-0.15199635029017244,29.029938315421326,43.0,1.3558122892369415,1463.0,2.848586018406727,1464.0,0.4664180482334075,55.0
성동구,도선동,스테이 여유,0,중위험군,37.56057542,127.0343028,203030.7839,451227.7975,28.98253986,-0.3565816087884315,29.03290162011611,43.0,1.3558164817414882,1463.0,2.848624869383519,1464.0,0.46322771103473503,55.0
성동구,도선동,파라다이스,0,중위험군,37.560336,127.0337182,202979.147,451201.206,34.29215463,5.290536688259603,29.04890580821231,43.0,1.3558136092226112,1463.0,2.8484742405985695,1464.0,0.45674136020570416,55.0
성동구,도선동,부르네 모텔,0,중위험군,37.56095418,127.0341243,203014.9993,451269.8296,26.95791299,-3.452675607599616,29.02603462189964,43.0,1.3557935849580296,1463.0,2.8483598237995342,1464.0,0.4769274612972627,55.0
마포구,노고산동,신촌 시스터즈,0,중위험군,37.55114483,126.9348635,194244.2047,450182.5553,23.48995961,-4.412231707706571,26.970284556651293,43.0,1.3614853178299346,1463.0,2.8531796111736663,1464.0,2.861520110047602,55.0
마포구,노고산동,아더포레,0,중위험군,37.55227977,126.9337501,194145.9104,450308.5888,45.72991154,4.222527490756519,27.59046010134206,43.0,1.3611773356107177,1463.0,2.853547062092685,1464.0,2.9780345956081,55.0
마포구,노고산동,어반슬로우(URBANSLOW),0,중위험군,37.5513466,126.9357071,194318.7693,450204.898,33.69031165,6.3602059679302165,26.926050760854654,43.0,1.3615628651090794,1463.0,2.852679193923176,1464.0,2.8003871891063485,55.0
마포구,노고산동,성도장여관,0,중위험군,37.55002455,126.9353636,194288.3124,450058.1871,16.03625413,-3.15237871567275,26.91452160912939,43.0,1.3617124115015964,1463.0,2.8531401227425097,1464.0,2.7782907343203496,55.0
마포구,노고산동,24게스트하우스신촌,0,중위험군,37.55227127,126.9344049,194203.7651,450307.6048,32.06448157,-0.45864755027000115,27.25444936411119,43.0,1.3612635317088146,1463.0,2.85319665249037,1464.0,2.9259373441276786,55.0
마포구,노고산동,와이(Y)호텔,0,중위험군,37.55064695,126.9355795,194307.4381,450127.253,25.80485544,-1.3141958551088848,26.99311652730801,43.0,1.361648717058344,1463.0,2.852893051935207,1464.0,2.7935295152368678,55.0
마포구,노고산동,도로시모텔,0,중위험군,37.55095038,126.9357512,194322.6343,450160.9197,30.85728814,0.9639293099787736,26.879777987496535,43.0,1.3616260454367872,1463.0,2.852736627291469,1464.0,2.7895701277078135,55.0
마포구,성산동,성산장,0,중위험군,37.55600319,126.9162279,192597.9509,450723.0795,36.73374592,1.4782600055993385,30.144683443524873,43.0,1.35811545651774,1463.0,2.8614717633153517,1464.0,2.9384288535860956,55.0
마포구,노고산동,호텔서강스테이,0,중위험군,37.55071712,126.9350135,194257.4258,450135.0754,20.99634306,-3.8423035566869537,26.94567993051548,43.0,1.3615666969754179,1463.0,2.8531866311406433,1464.0,2.8458207402682585,55.0
마포구,노고산동,위드,0,중위험군,37.55113536,126.9347725,194236.1654,450181.5098,20.82765611,-4.656574088814807,26.97056808256758,43.0,1.3614750388031804,1463.0,2.853230859675452,1464.0,2.8691918152839913,55.0
마포구,동교동,(주)호텔롯데 L7 홍대,0,중위험군,37.55297852,126.9208479,193005.8833,450387.0234,36.39421245,4.7475296939486356,32.34284619931432,43.0,1.359225474775624,1463.0,2.8599411814674602,1464.0,3.918663728905722,55.0
마포구,노고산동,라뉘호텔,0,중위험군,37.55074352,126.935437,194294.8524,450137.9797,20.00417411,-6.684407305962903,26.979591096243844,43.0,1.3616166503300577,1463.0,2.8529507802876357,1464.0,2.8111093669934153,55.0
마포구,노고산동,피터캣,0,중위험군,37.55102279,126.9350509,194260.7523,450168.9988,27.60976909,0.47070153539937465,26.949053244270694,43.0,1.361526980939825,1463.0,2.8531031304581087,1464.0,2.8446075797126014,55.0
마포구,노고산동,넘버25신촌점,0,중위험군,37.55115123,126.9355121,194301.5197,450183.2261,35.46656293,6.875216295321529,26.980554242256623,43.0,1.3615667579984156,1463.0,2.8528257292006898,1464.0,2.8110493433804304,55.0
마포구,노고산동,에스호텔,0,중위험군,37.55084055,126.9342842,194192.9948,450148.8195,28.48329507,4.198419652344871,26.971281373012065,43.0,1.3614548567767866,1463.0,2.8535558127531506,1464.0,2.911278520362858,55.0
마포구,성산동,성미,0,중위험군,37.5555394,126.9078491,191857.5557,450672.2971,39.31349818,2.0935779958198353,31.985215411480652,43.0,1.3568681448595201,1463.0,2.865257797172362,1464.0,1.860982843877616,55.0
마포구,노고산동,라세느,0,중위험군,37.55045651,126.9348873,194246.2593,450106.1585,15.63883739,-2.2925544029853935,26.948485539085222,43.0,1.3615885491608675,1463.0,2.853309175279197,1464.0,2.839616599310467,55.0
마포구,서교동,아만티 호텔(Amanti Hotel),0,중위험군,37.55444695,126.9178026,192736.935,450550.2325,38.504008,-3.8821429980282147,31.193270467343357,43.0,1.3585612066544566,1463.0,2.861068438044221,1464.0,3.4602436502312006,55.0
마포구,염리동,혜성,0,중위험군,37.55376086,126.946336,195258.1392,450472.2628,31.98408359,1.566744647869868,30.760596393025285,43.0,1.3623241575996705,1463.0,2.8459621928748424,1464.0,2.872187282074606,55.0
마포구,도화동,신라스테이 마포,0,중위험군,37.54012376,126.9489118,195484.9196,448958.5824,25.67962444,-4.578235447417171,27.50725276677852,43.0,1.3645707027029124,1463.0,2.847697179529875,1464.0,-0.8698568994314206,55.0
마포구,노고산동,브라운스위트 신촌 센트럴,0,중위험군,37.55187417,126.9347852,194237.3454,450263.5081,22.94454387,-5.752338259791525,27.095783829302366,43.0,1.3613696530502204,1463.0,2.853072216044763,1464.0,2.874876725980858,55.0
마포구,동교동,스테이 더 이룸(Stay the eeroom),0,중위험군,37.55360436,126.9211402,193031.771,450456.4624,35.42610033,3.2852436185805445,33.01779631701375,43.0,1.3591856942318168,1463.0,2.8596708693241917,1464.0,4.0329929822648936,55.0
마포구,노고산동,골든힐(Golden Hill),0,중위험군,37.54994707,126.9354691,194297.6256,450049.5814,17.80679462,-1.9941470750806936,26.939502551777487,43.0,1.3617371239312528,1463.0,2.8530987864596438,1464.0,2.7650239343225516,55.0
마포구,노고산동,그랜드(Grand),0,중위험군,37.55006638,126.9355023,194300.5729,450062.8213,19.03166365,-0.6686579959125609,26.917216142471396,43.0,1.3617238506220735,1463.0,2.8530557594731336,1464.0,2.7688660109046213,55.0
강서구,화곡동,르아브르,0,중위험군,37.54334576,126.8467326,186455.0951,449325.9981,32.64151199,5.784852436685423,29.167169595575004,43.0,1.3489627100538868,1463.0,2.887583888516929,1464.0,-1.7797159243051794,55.0
강서구,화곡동,로얄모텔,0,중위험군,37.52677466,126.8381644,185694.7197,447488.0768,17.76598732,-1.6566205574490418,29.402769835825005,43.0,1.3492228789679035,1463.0,2.8931332657744324,1464.0,2.370963672588128,55.0
강서구,화곡동,팰리스,0,중위험군,37.54510834,126.8461126,186400.6222,449521.7128,32.69243548,0.6399893741790947,29.055588323338032,43.0,1.3487265477769208,1463.0,2.887355846917061,1464.0,-1.5241287836924577,55.0
강서구,화곡동,웨일로 서울김포공항점,0,중위험군,37.54617445,126.8469343,186473.4277,449639.9197,29.20487021,-1.6470671447423157,29.04555414989491,43.0,1.3487477268811514,1463.0,2.8869354952515898,1464.0,-1.3684610132899309,55.0
강서구,화곡동,청아여관,0,중위험군,37.52681545,126.8389929,185767.9654,447492.4783,18.77645335,-1.3875712316742295,29.425684004418635,43.0,1.34933920196991,1463.0,2.892949382557058,1464.0,2.321222179349743,55.0
강서구,방화동,SIMPLE STAY(심플 스테이),0,중위험군,37.56095838,126.8092025,183142.3657,451286.8591,36.3905092,0.9139179338094294,31.9608114665335,43.0,1.3432286210516098,1463.0,2.8919134152708312,1464.0,-0.0063791753525671915,55.0
강서구,화곡동,호텔야자 강서구청점,0,중위험군,37.54449559,126.8456429,186358.9995,449453.773,22.91989628,-2.4255648269598957,29.099039764247397,43.0,1.348714666346977,1463.0,2.8875963130707647,1464.0,-1.5577991310129216,55.0
강서구,화곡동,드림 스테이,0,중위험군,37.5437087,126.8457963,186372.4127,449366.4154,29.41673511,1.036143800475859,29.160533271669056,43.0,1.3488027771111242,1463.0,2.8877273342274146,1464.0,-1.6650308231004616,55.0
강서구,화곡동,브라운도트 강서구청점,0,중위험군,37.54684235,126.8474863,186522.3297,449713.9693,33.23217744,1.1798894819934205,29.059350115273773,43.0,1.3487659924776318,1463.0,2.886662605215455,1464.0,-1.296128990523742,55.0
강서구,화곡동,탑 모텔,0,중위험군,37.52717379,126.8411343,185957.314,447531.9278,33.53982392,1.5815017420798867,29.50493148038124,43.0,1.34961862731237,1463.0,2.8924107534448753,1464.0,2.27018030222818,55.0
강서구,화곡동,다우스,0,중위험군,37.54434148,126.8461727,186405.7942,449436.5919,29.24267659,3.8782927904592768,29.12237160367259,43.0,1.3488001325008818,1463.0,2.887504178579175,1464.0,-1.6205552403146595,55.0
강서구,화곡동,모텔플라워,0,중위험군,37.54359436,126.8451785,186317.7952,449353.8147,21.18839746,-3.694548667896669,29.169496529482828,43.0,1.3487280444178595,1463.0,2.887896414590222,1464.0,-1.6539322407334784,55.0
강서구,화곡동,소설스미스,0,중위험군,37.5444712,126.8460701,186396.7533,449451.0041,33.64734605,2.854150742044432,29.107496000177804,43.0,1.3487750305881523,1463.0,2.887500854869617,1464.0,-1.5900705730694513,55.0
강서구,화곡동,HOTEL A(호텔A),0,중위험군,37.54300585,126.8471375,186490.8165,449288.214,26.34921549,-7.302908629419115,29.197694869437754,43.0,1.3490481774456096,1463.0,2.8875606318701323,1464.0,-1.8643454291405304,55.0
강서구,화곡동,구름성여관,0,중위험군,37.54354672,126.8448974,186292.9454,449348.5682,32.66638395,1.5069747436805514,29.174822226292193,43.0,1.3486937250620519,1463.0,2.88797213890195,1464.0,-1.6338156023021038,55.0
강서구,화곡동,큐모텔,0,중위험군,37.54323919,126.8466548,186448.2029,449314.1813,33.19356936,5.52044454328135,29.174159787560857,43.0,1.3489612139294653,1463.0,2.8876250562973182,1464.0,-1.7955307872986972,55.0
강서구,화곡동,삼부장여관,0,중위험군,37.54309738,126.8464356,186428.8002,449298.4738,32.24059231,3.4494116978637024,29.188561534185254,43.0,1.348943254878413,1463.0,2.887707150948526,1464.0,-1.8106421205748984,55.0
강서구,화곡동,유니온호텔,0,중위험군,37.54365234,126.8454146,186338.6762,449360.2155,20.94983675,-5.2647043143104995,29.163574685530904,43.0,1.3487553731119963,1463.0,2.887828844816356,1464.0,-1.65556999928899,55.0
강서구,화곡동,샤르망,0,중위험군,37.54346404,126.8462568,186413.0689,449339.1944,28.3897966,0.6371363455834391,29.194270172519587,43.0,1.3488869871011129,1463.0,2.887671041279433,1464.0,-1.734082031580403,55.0
강서구,화곡동,호텔 엔,0,중위험군,37.52735485,126.8404679,185898.4471,447552.1229,28.35622813,-4.0167461024858575,29.494557548265384,43.0,1.3495043440293126,1463.0,2.8925132216055505,1464.0,2.267353766055192,55.0
강서구,화곡동,타임스테이,0,중위험군,37.53178993,126.8378977,185672.1079,448044.7507,27.8717558,-1.0692643560297306,29.765479002893155,43.0,1.3487383226344893,1463.0,2.8920742326833464,1464.0,1.9182214771326858,55.0
강서구,화곡동,호텔테마,0,중위험군,37.53838541,126.840763,185926.6074,448776.3359,28.14477806,-5.268890843645806,30.38755709857303,43.0,1.348567230111052,1463.0,2.890016556150787,1464.0,-0.9115968090283909,55.0
강서구,화곡동,샤르망모텔,0,중위험군,37.5470128,126.8475673,186529.5175,449732.8756,34.46901901,1.8574963424965745,29.06159300206861,43.0,1.3487625163878734,1463.0,2.8866072679685013,1464.0,-1.2718047354455306,55.0
강서구,화곡동,골든프라자,0,중위험군,37.52713069,126.8404835,185899.7847,447527.2415,27.04809,-4.909518937746228,29.484324881196812,43.0,1.3495273500348866,1463.0,2.892560549290336,1464.0,2.2804919467803937,55.0
강서구,화곡동,커플모텔,0,중위험군,37.54357859,126.845546,186350.2751,449352.011,25.74770734,-2.4915661432231566,29.174495139964186,43.0,1.3487796530242826,1463.0,2.887813743056621,1464.0,-1.6761552666168433,55.0
강서구,화곡동,어거스트,0,중위험군,37.54356399,126.8475667,186528.8483,449350.0992,26.55217432,-5.794415249396195,29.133117510145585,43.0,1.3490589521215082,1463.0,2.887339059590273,1464.0,-1.835069553879697,55.0
강서구,외발산동,호텔 티제이,0,중위험군,37.54519551,126.8192793,184029.3198,449535.6072,34.89940129,3.3824821622495485,31.11295809434837,43.0,1.3453119375470728,1463.0,2.8930224973740044,1464.0,-0.6148650398172115,55.0
강서구,화곡동,모텔노블레스,0,중위험군,37.52700313,126.8381166,185690.5381,447513.4414,18.6442557,-1.4497455799951418,29.410228823929913,43.0,1.3491952405093723,1463.0,2.893091933136473,1464.0,2.3621309447660024,55.0
강서구,화곡동,청솔장,0,중위험군,37.52673966,126.8382944,185706.2051,447484.1724,18.18068964,-1.9074456424769828,29.40467386596366,43.0,1.3492448643201675,1463.0,2.893113816768948,1464.0,2.369850418320601,55.0
영등포구,(영등포동,별빛호텔(별),0,중위험군,37.51571739,126.9073379,191808.025,446252.5864,38.9644266,0.8958000122249956,32.44419413162343,43.0,1.3630394853217769,1463.0,2.8759232200047466,1464.0,-1.4514126711971747,55.0
영등포구,영등포동,삼호여관,0,중위험군,37.51126863,126.9108125,192114.7411,445758.5336,39.27038287,1.3935255208393826,32.9252016394791,43.0,1.3646239950105696,1463.0,2.8759080949330436,1464.0,-0.5220668338800761,55.0
영등포구,(영등포동,씨에프모텔,0,중위험군,37.51577484,126.9091214,191965.705,446258.8088,34.09102576,4.793419084817124,32.89630519591869,43.0,1.3633899277498263,1463.0,2.8751912490680334,1464.0,-1.385465547840698,55.0
영등포구,(영등포동,호텔 바모스,0,중위험군,37.51723716,126.9079016,191858.0269,446421.2128,29.96174865,-3.163004055016561,32.515251216274216,43.0,1.3628680811589742,1463.0,2.8752404940747076,1464.0,-1.483461557456174,55.0
영등포구,(영등포동,호텔리더스,0,중위험군,37.51568625,126.9095283,192001.6762,446248.9418,34.16004836,4.86321724021392,33.022691636364,43.0,1.3634891389212391,1463.0,2.87505335990482,1464.0,-1.362832796603816,55.0
영등포구,(양평동,Y. ROAD 135,0,중위험군,37.52033345,126.8881265,190110.2158,446766.7572,35.11774321,0.8188796693644136,32.0675727297441,43.0,1.3584264373590231,1463.0,2.8815552831020996,1464.0,1.3547720144196864,55.0
영등포구,(영등포동,앤스테이,0,중위험군,37.51557239,126.9090643,191960.6361,446236.3443,36.95655176,6.4038872637851085,32.928677424809464,43.0,1.3634171220175477,1463.0,2.8752760425906234,1464.0,-1.3822540380286306,55.0
영등포구,도림동,호텔마루,0,중위험군,37.50476727,126.9018127,191318.2926,445037.7579,37.49230267,5.256491573037124,29.621694923105593,43.0,1.3639962008067934,1463.0,2.881426576233068,1464.0,1.4663946432844455,55.0
영등포구,(영등포동,맥스모텔,0,중위험군,37.51836789,126.9048282,191586.4548,446546.98,23.66672624,-5.454140804340742,31.542136628294816,43.0,1.3620454497864525,1463.0,2.876119841079069,1464.0,-1.0530769536980158,55.0
영등포구,(영등포동,온천 모텔,0,중위험군,37.51468253,126.9067563,191756.4999,446137.7808,29.91326839,0.1646351416823535,32.449081076546165,43.0,1.3631166086369155,1463.0,2.8764669759845645,1464.0,-1.385908543698216,55.0
영등포구,신길동,로또모텔,0,중위험군,37.49999014,126.9029513,191418.4243,444507.4535,32.06979446,1.2391207146897543,28.722416451665993,43.0,1.3652419604362775,1463.0,2.882578637758986,1464.0,1.8110083794200182,55.0
영등포구,신길동,테마모텔,0,중위험군,37.50393899,126.9099177,192034.8529,444945.1126,32.95282634,5.948755026613355,28.974413443296797,43.0,1.3659697667360606,1463.0,2.878655578467701,1464.0,2.350742744175375,55.0
영등포구,(영등포동,더문 호텔,0,중위험군,37.51580863,126.9063673,191722.2291,446262.7978,30.5061516,-4.449350294551433,32.24590135273148,43.0,1.362825160285198,1463.0,2.876278996498132,1464.0,-1.459311558828257,55.0
영등포구,(영등포동,호텔 아하바,0,중위험군,37.51586069,126.9056451,191658.3875,446268.6396,20.91898205,-10.227751977549175,32.03899991361752,43.0,1.3626686116848887,1463.0,2.8765461240161105,1464.0,-1.4602467484785464,55.0
영등포구,(영등포동,호텔야자(YaJa) 영등포점,0,중위험군,37.51574165,126.9093127,191982.6137,446255.1088,34.60027186,5.374437128743388,32.95419273588141,43.0,1.3634349384730178,1463.0,2.875123932265718,1464.0,-1.3771762428423888,55.0
영등포구,(영등포동,SB호텔,0,중위험군,37.51535175,126.9095803,192006.2298,446211.8121,23.05430747,-5.2892128893668335,33.03431868196141,43.0,1.3635639824694705,1463.0,2.8751345793385203,1464.0,-1.3247246475270977,55.0
영등포구,(영등포동,코지하우스(Cozyhouse),0,중위험군,37.51579105,126.9080381,191869.94,446260.701,34.70948449,2.015953989329617,32.60762982453984,43.0,1.3631676060908084,1463.0,2.8756219347473118,1464.0,-1.438272603850176,55.0
영등포구,(영등포동,베니키아 호텔 카카오,0,중위험군,37.51472287,126.9110949,192140.0736,446141.8868,28.95452415,-0.9700514215939435,33.18369832797566,43.0,1.3639929279480576,1463.0,2.874709308934784,1464.0,-1.1826489842968155,55.0
영등포구,(영등포동,Seoul Bussiness Hotel ORA (오라 호텔),0,중위험군,37.51558659,126.9098334,192028.6359,446237.8549,30.73980879,1.9747740730058503,33.05710778893577,43.0,1.3635699265522778,1463.0,2.8749597883422497,1464.0,-1.328654392073488,55.0
영등포구,(영등포동,페어필드 바이 메리어트 서울(Fairfield by Marriott-Seoul),0,중위험군,37.5142247,126.9084719,191908.1191,446086.8185,34.10473993,0.5031340964644357,33.00876986585965,43.0,1.363555725458668,1463.0,2.8759268266133153,1464.0,-1.318152160122505,55.0
영등포구,(영등포동,모텔자고,0,중위험군,37.51550441,126.9093808,191988.6106,446228.7724,29.16678477,0.09157546008252027,33.029431384800105,43.0,1.363494227152324,1463.0,2.8751687622105457,1464.0,-1.3535948067269934,55.0
영등포구,신길동,썬모텔,0,중위험군,37.49956103,126.9032409,191443.9816,444459.8015,26.01016036,-4.84734259164361,28.68917171725706,43.0,1.3654006888597472,1463.0,2.882618506935002,1464.0,1.8413369131502542,55.0
영등포구,(영등포동,서울장여관,0,중위험군,37.51563943,126.9070686,191784.2103,446243.9573,40.05960465,1.1616868535084066,32.401574760024545,43.0,1.3629994701771484,1463.0,2.8760535181385545,1464.0,-1.447340773225093,55.0
영등포구,(영등포동,코트야드 바이 메리어트 서울 타임스퀘어,0,중위험군,37.51432572,126.9025553,191385.0571,446098.5558,28.40025683,-4.198250783592396,31.391403622581983,43.0,1.3623192522643657,1463.0,2.8781901512544734,1464.0,-0.9131031781656769,55.0
영등포구,대림동,대림모텔,0,중위험군,37.48556008,126.8976344,190946.5358,442906.4033,27.47864497,-3.2189721144134857,28.64332234937723,43.0,1.3671647758873187,1463.0,2.889357233982372,1464.0,1.8441936511803045,55.0
영등포구,(영등포동,페트라호텔,0,중위험군,37.51519016,126.9093412,191985.0752,446193.898,24.96132107,-4.3521229303546605,33.01936175765233,43.0,1.3635466626767254,1463.0,2.8752809470354217,1464.0,-1.3221470193703218,55.0
영등포구,(영등포동,호텔 CC,0,중위험군,37.51529975,126.9080506,191870.99,446206.1718,33.68156185,3.7694252873311385,32.70491354200895,43.0,1.36326349655308,1463.0,2.87576624113767,1464.0,-1.408098697215131,55.0
영등포구,대림동,대방모텔,0,중위험군,37.49299121,126.9009991,191244.9777,443730.843,25.90543685,-2.081547927574732,28.651915344916446,43.0,1.3663081144582172,1463.0,2.88563842057083,1464.0,1.8715931819367255,55.0
영등포구,(양평동,굿데이,0,중위험군,37.53428358,126.8953165,190747.551,448314.317,35.67210353,2.5618998886958337,33.31921060255591,43.0,1.3576933060382759,1463.0,2.8753639837458214,1464.0,1.56126735336021,55.0
영등포구,(영등포동,에프 호텔,0,중위험군,37.51443021,126.9104128,192079.7341,446109.4624,28.54905713,0.12150098141397336,33.26707096657023,43.0,1.3639119137802196,1463.0,2.8750794420972143,1464.0,-1.2110147517023522,55.0
영등포구,(영등포동,메종 벨루나,0,중위험군,37.51537236,126.9090806,191962.0601,446214.1421,30.90980575,0.8184712464461548,32.982008551735134,43.0,1.3634587845720005,1463.0,2.8753305112853376,1464.0,-1.3602632864189106,55.0
영등포구,신길동,포켓서울 보라매점,0,중위험군,37.50069333,126.9200776,192932.8875,444584.0748,37.69160158,2.108735420224889,28.89849838477963,43.0,1.3689159551192773,1463.0,2.875637136034115,1464.0,3.06053439540821,55.0
영등포구,신길동,대원모텔,0,중위험군,37.50851023,126.9111327,192142.7615,445452.3595,35.79652999,2.5480857496438603,31.487798891297608,43.0,1.3652591061875132,1463.0,2.8766650739963873,1464.0,0.6451171070232102,55.0
영등포구,(영등포동,호텔 지엠에스(HOTEL GMS),0,중위험군,37.51474767,126.9082193,191885.8455,446144.8834,33.73405918,0.35149072172223583,32.88290404955873,43.0,1.3634034032701603,1463.0,2.8758673535374233,1464.0,-1.3738199100339532,55.0
영등포구,(영등포동,모텔 수,0,중위험군,37.51521725,126.9087452,191932.3872,446196.9556,34.67240564,3.1899852806218334,32.92577703985705,43.0,1.3634204563815089,1463.0,2.8755130623923044,1464.0,-1.3674604143768847,55.0
영등포구,(영등포동,브이아이피(VIP),0,중위험군,37.51482896,126.9126511,192277.6572,446153.5325,28.01897779,-1.2723726955836554,33.094408668407766,43.0,1.3642857635945282,1463.0,2.8740308507262498,1464.0,-1.0773798249747024,55.0
영등포구,신길동,서울에어비앤비 써클스테이,0,중위험군,37.49711233,126.9077087,191838.7821,444187.6308,27.13667844,-2.9931557297883664,28.43266057746094,43.0,1.3669872785668498,1463.0,2.881830252391482,1464.0,2.3365576539713278,55.0
영등포구,신길동,아담장여관,0,중위험군,37.50368356,126.9081746,191880.6997,444916.9121,25.89689614,-5.730780247455069,28.804789733889265,43.0,1.3656383923016,1463.0,2.87941533878903,1464.0,2.120431008609568,55.0
영등포구,(영등포동,유안호텔,0,중위험군,37.515423,126.9092103,191973.5293,446219.7514,30.73028556,0.6179862344375273,33.00463127461822,43.0,1.3634753430055775,1463.0,2.875262646582251,1464.0,-1.3567420636041823,55.0
영등포구,영등포동,드라마,0,중위험군,37.51221578,126.911646,192188.526,445863.5857,36.16741223,-1.4681122802963102,32.913929264882874,43.0,1.3646046458305787,1463.0,2.875267728126882,1464.0,-0.7283089594194008,55.0
영등포구,(영등포동,H-AVENUE,0,중위험군,37.51557588,126.9080142,191867.8028,446236.8219,30.98160321,1.4480366318279323,32.64038698016344,43.0,1.3632035813452579,1463.0,2.875696803665701,1464.0,-1.4261262207163956,55.0
서초구,서초동,라바호텔,0,중위험군,37.48374424,127.012828,201134.563,442700.0246,33.62195374,-3.1219049325555446,31.58350667227878,43.0,1.3586567887462686,1463.0,2.879745015968781,1464.0,1.569281566129428,55.0
서초구,방배동,블루문모텔,0,중위험군,37.49514932,126.9849813,198671.8771,443965.8671,32.27546293,0.7985010269749857,30.545628374755616,43.0,1.3613651704824303,1463.0,2.8655278204004664,1464.0,1.5021495883456892,55.0
서초구,서초동,제이에스(J?S)호텔,0,중위험군,37.48957577,127.0126322,201117.1614,443347.2451,34.68124868,3.222447681797199,31.42077989400237,43.0,1.3585488079153643,1463.0,2.876793936256801,1464.0,1.2958698558273398,55.0
서초구,방배동,스타일 호텔,0,중위험군,37.49152581,126.985118,198683.8994,443563.703,27.38532676,-3.046542468301695,30.516315745864887,43.0,1.3615155324289334,1463.0,2.868028473439964,1464.0,1.582084430331354,55.0
서초구,방배동,강남 세븐호스텔,0,중위험군,37.48303485,126.9943756,199502.5448,442621.2293,32.18143187,-2.6230284812547495,30.615162398637406,43.0,1.360378582922044,1463.0,2.875995891416561,1464.0,1.6910894350730161,55.0
서초구,서초동,신트라 호텔,0,중위험군,37.48191914,127.0284192,202513.5889,442497.7648,32.41216455,1.8284097942469977,30.688483937907243,43.0,1.3579625320241255,1463.0,2.8834341237879992,1464.0,0.987167794189068,55.0
서초구,방배동,M모텔,0,중위험군,37.48860669,126.9909312,199197.9673,443239.6536,42.97196586,11.28927608696344,30.565347327605615,43.0,1.360673177400451,1463.0,2.871700021591848,1464.0,1.6361679892827,55.0
서초구,서초동,나인스 호텔,0,중위험군,37.48352468,127.0128234,201134.1675,442675.6563,39.66739207,2.813525784989544,31.57539068628393,43.0,1.3586611875328567,1463.0,2.879852339128275,1464.0,1.5736919939230436,55.0
서초구,반포동,스테이 서래,0,중위험군,37.49616275,126.9974113,199771.0822,444078.2418,28.26616299,-4.249266249655083,30.7399066221288,43.0,1.359571416074165,1463.0,2.8690360528021794,1464.0,1.276572909888217,55.0
서초구,잠원동,La TREE HOTEL(라 트리 호텔),0,중위험군,37.51322693,127.017556,201552.1197,445972.2877,46.7348868,8.801174974748406,35.79047931251741,43.0,1.3576625892265943,1463.0,2.866055118019119,1464.0,1.0262753154126014,55.0
서초구,서초동,호텔소설,0,중위험군,37.48359668,127.0130141,201151.0293,442683.6497,38.41311594,2.3442177762434184,31.57938181692558,43.0,1.3586480464861195,1463.0,2.8798555012867837,1464.0,1.5712917200503544,55.0
서초구,방배동,2001호텔,0,중위험군,37.49195614,126.9854588,198714.0535,443611.4592,34.95047005,3.635881536637278,30.512748903184786,43.0,1.3614327784441398,1463.0,2.867850412814468,1464.0,1.5688441853164434,55.0
강남구,논현동,보코서울강남,0,중위험군,37.51492269,127.023849,202108.4343,446160.6179,33.97925014,4.115306209212374,35.06726307353351,43.0,1.35744040241127,1463.0,2.867202928086564,1464.0,1.3916606413519428,55.0
강남구,역삼동,브라운도트 역삼,0,중위험군,37.50011162,127.0394878,203491.7167,444517.2443,23.29906533,-4.947542557546058,28.432920117725615,43.0,1.3574733856343797,1463.0,2.8778263364347256,1464.0,3.4512302800543613,55.0
강남구,역삼동,루프 서울 바이 아늑 서울 강남 1,0,중위험군,37.48992036,127.0388115,203432.3837,443386.1226,25.35754348,1.0873759233321856,29.744808008086054,43.0,1.357609596422117,1463.0,2.8818561517413297,1464.0,1.3699218347999242,55.0
강남구,역삼동,구도 컬렉티브 강남,0,중위험군,37.49554124,127.0311068,202750.7953,444009.7136,26.60177297,4.673155431901229,29.37781523845931,43.0,1.3577009975070784,1463.0,2.878048161749646,1464.0,-0.41557696252540577,55.0
강남구,역삼동,구도 컬렉티브 강남,0,중위험군,37.49550565,127.0309904,202740.505,444005.7602,19.88350543,-2.0365634210131027,29.38077865352345,43.0,1.357704404209485,1463.0,2.8780395752737054,1464.0,-0.40639240823830874,55.0
강남구,신사동,리츠,0,중위험군,37.51793371,127.0181467,201604.2418,446494.6906,34.86885905,1.6278151720847092,35.317287918111475,43.0,1.357481596260099,1463.0,2.8638022130311573,1464.0,1.410606617449245,55.0
강남구,삼성동,자이안트,0,중위험군,37.50968527,127.0489093,204324.2636,445580.1876,36.40566831,3.5461414403547877,33.926978540313726,43.0,1.3572561275227688,1463.0,2.8759137144944154,1464.0,-0.523213667486605,55.0
강남구,역삼동,인트로호텔,0,중위험군,37.50000283,127.0391338,203460.4236,444505.157,18.42069768,-2.0587528878294314,28.416084632350916,43.0,1.3574800110630456,1463.0,2.8777995229745934,1464.0,3.4961188931447986,55.0
강남구,삼성동,제이에스무인호텔,0,중위험군,37.50368616,127.0506675,204480.0717,444914.4456,29.74783675,-7.597703387270737,34.43267576961307,43.0,1.357321263109135,1463.0,2.8785886077168867,1464.0,0.4437343796400659,55.0
강남구,대치동,그레이 호텔,0,중위험군,37.50215931,127.0521147,204608.1347,444745.0548,33.16745884,1.1939748025440018,34.58947353284327,43.0,1.3573294542813383,1463.0,2.879434124184276,1464.0,0.6462481317759499,55.0
강남구,신사동,(주)선샤인호텔,0,중위험군,37.51778993,127.0279571,202471.5359,446478.9453,29.44158311,-4.929823347947757,34.045556179257424,43.0,1.3572821594860665,1463.0,2.867075601180012,1464.0,1.7846436471136238,55.0
강남구,역삼동,멜리샤 호텔,0,중위험군,37.49446846,127.028527,202522.7014,443890.5768,19.14995169,-4.435906619977992,29.415366799047938,43.0,1.357785786050428,1463.0,2.8779829008111393,1464.0,-0.2171330999406865,55.0
강남구,삼성동,캘리포니아호텔,0,중위험군,37.5038992,127.0506518,204478.6752,444938.0895,27.2082165,-9.719307891068887,34.40316882179184,43.0,1.3573189906524845,1463.0,2.8785042490543447,1464.0,0.4111225428650691,55.0
강남구,역삼동,(주)삼정관광호텔,0,중위험군,37.50337195,127.030391,202687.2151,444878.8002,29.71568728,-2.896201118372179,34.31132467637456,43.0,1.3575791783366093,1463.0,2.8744209675548675,1464.0,0.5974072955790936,55.0
강남구,논현동,베스트 웨스턴 프리미어 강남호텔,0,중위험군,37.50361313,127.0290049,202564.6485,444905.5294,40.89591522,6.784086096563314,34.79278354228677,43.0,1.3576049635867506,1463.0,2.8739776200447,1464.0,0.7028645712949722,55.0
강남구,역삼동,오월호텔(OWALL HOTEL),0,중위험군,37.49785311,127.040296,203563.2973,444266.6093,28.75356927,0.9473435106107964,28.2418280466527,43.0,1.3574921082381761,1463.0,2.8789124154284704,1464.0,4.1201264089891385,55.0
강남구,역삼동,엘르모텔,0,중위험군,37.49987076,127.0393079,203475.8246,444490.5053,32.38191738,2.413730239003222,28.406089091737364,43.0,1.3574793387510649,1463.0,2.8778893943451678,1464.0,3.50851612918038,55.0
강남구,역삼동,바레,0,중위험군,37.49817351,127.0395705,203499.1252,444302.1423,32.46293343,0.6534263945894949,28.251565354782816,43.0,1.3574985952371756,1463.0,2.8786402746784954,1464.0,3.8093012844332343,55.0
강남구,역삼동,강남캠퍼스호텔B동,0,중위험군,37.494624,127.0285224,202522.2841,443907.8396,17.65233227,-4.893950882589749,29.415484947627256,43.0,1.3577833450845724,1463.0,2.8779127667895734,1464.0,-0.23862729114192743,55.0
강남구,역삼동,강남캠퍼스호텔A동,0,중위험군,37.4945587,127.0283983,202511.3163,443900.5888,17.93737532,-4.6196046446081205,29.423526463621055,43.0,1.3577879055752917,1463.0,2.877915732381541,1464.0,-0.22899463911431278,55.0
강남구,논현동,호텔야자강남논현점,0,중위험군,37.50609746,127.0364494,203222.7959,445181.487,38.08075681,1.4455034343550892,33.118642586795346,43.0,1.3574218296337102,1463.0,2.8746454827189676,1464.0,0.9905279620732217,55.0
강남구,논현동,호텔 올인,0,중위험군,37.51450921,127.0391244,203458.9248,446115.1789,25.70210712,-2.5936938153347207,32.345448150181824,43.0,1.3572345954112661,1463.0,2.871671709736245,1464.0,0.4452362179105597,55.0
강남구,대치동,호텔컬리넌대치,0,중위험군,37.50236094,127.0534571,204726.8156,444767.4997,30.84646992,-4.0529905929364,34.49835453428312,43.0,1.357320737829366,1463.0,2.879599410857089,1464.0,0.5924160284806537,55.0
강남구,역삼동,호텔 컬리넌 역삼(HOTEL CULLINAN Yeoksam),0,중위험군,37.49863731,127.0412958,203651.6694,444353.6837,21.32536373,-2.9962697553278232,28.262171089329208,43.0,1.3574681447784531,1463.0,2.8787871127425504,1464.0,3.7038285529641626,55.0
강남구,역삼동,더제리스플래닛호텔,0,중위험군,37.49629138,127.0277253,202451.7432,444092.876,24.26784611,0.8254614851612878,29.88704036912801,43.0,1.3577771493191684,1463.0,2.8769957996162354,1464.0,-0.3567903904491022,55.0
강남구,논현동,힐탑관광호텔,0,중위험군,37.50877928,127.0306331,202708.4248,445478.9513,38.60806029,3.1103757741017404,34.8868256040054,43.0,1.3574622046857134,1463.0,2.872034714628642,1464.0,1.2714309930398737,55.0
강남구,역삼동,호텔스타프리미어 역삼,0,중위험군,37.49994744,127.0395579,203497.9247,444499.0251,31.66193407,2.8215602258273265,28.401420618369514,43.0,1.3574746796902977,1463.0,2.877908240211908,1464.0,3.439196437037438,55.0
강남구,역삼동,몰타 2호점(Malta 2호점),0,중위험군,37.50234847,127.0344909,203049.7733,444765.3321,34.92935869,3.1660268283573885,30.54955304186944,43.0,1.3575181149997337,1463.0,2.875818452273184,1464.0,0.4707168075162341,55.0
강남구,대치동,프린스,0,중위험군,37.50147321,127.0523125,204625.6662,444668.9163,39.88911563,6.705915197661568,34.65956386915694,43.0,1.3573352081893986,1463.0,2.8797273936878423,1464.0,0.7321901630866174,55.0
강남구,청담동,알로프트서울강남호텔(Aloft Seoul Gangnam Hotel),0,중위험군,37.52099695,127.0548673,204850.3032,446835.9313,35.06675878,1.6628371749177617,34.43047355996909,43.0,1.3570897340262242,1463.0,2.872807537352236,1464.0,-0.22908476470711703,55.0
강남구,역삼동,렉시호텔,0,중위험군,37.49605794,127.0331979,202935.6925,444067.1238,23.71473115,-5.822586051742228,29.421667086866996,43.0,1.3576447813080685,1463.0,2.8782542944942335,1464.0,-0.5593146213522088,55.0
강남구,논현동,청아장여관,0,중위험군,37.51261882,127.0406087,203590.2354,445905.4252,42.27228955,5.080101941084685,33.08937843861836,43.0,1.3572590196954948,1463.0,2.8728460981524093,1464.0,-0.441098619763174,55.0
강남구,논현동,호텔더디자이너스리즈강남프리미어,0,중위험군,37.50245856,127.0250671,202216.495,444777.287,34.05667814,-3.704141037122888,34.87297288846835,43.0,1.3577301235535484,1463.0,2.8735366924754806,1464.0,0.6549180899226053,55.0
강남구,대치동,시크릿 호텔2,0,중위험군,37.50173903,127.0517917,204579.5954,444698.3934,39.86160765,7.4796339340555065,34.67997012661459,43.0,1.3573354714037738,1463.0,2.879534178489726,1464.0,0.7121109236711052,55.0
강남구,대치동,시크릿 호텔,0,중위험군,37.50185285,127.0517354,204574.6164,444711.0232,39.40768114,7.21568530666849,34.66692274026045,43.0,1.357334641251629,1463.0,2.879481136765177,1464.0,0.6986992697105441,55.0
강남구,역삼동,더호텔(THE HOTEL)1997,0,중위험군,37.4931041,127.0291909,202581.453,443739.1687,24.67538771,0.8903445023962817,29.44356335940051,43.0,1.357789158070067,1463.0,2.8787232898218567,1464.0,0.017778389622609414,55.0
강남구,역삼동,호텔마리,0,중위험군,37.49887419,127.0413209,203653.8748,444379.9752,20.82166473,-1.771383255421327,28.301882359503658,43.0,1.3574647808495983,1463.0,2.8786959865748676,1464.0,3.672088128818571,55.0
강남구,역삼동,사월호텔,0,중위험군,37.49895457,127.0410465,203629.6083,444388.8858,26.0352781,3.7169566934083385,28.314378866662565,43.0,1.357467410852229,1463.0,2.8786099727924253,1464.0,3.5497796462761473,55.0
강남구,개포동,호텔컬리넌 개포,0,중위험군,37.47409599,127.0451324,203992.2317,441630.0771,23.46418984,2.593317317724381,29.6218088503443,43.0,1.3576053388559133,1463.0,2.8888276760242477,1464.0,0.9141698086600308,55.0
강남구,역삼동,녹스 부띠끄 관광호텔,0,중위험군,37.49994832,127.0389565,203444.7438,444499.1006,18.6197818,-1.66312438216179,28.40810405835831,43.0,1.357483379733234,1463.0,2.87778606467321,1464.0,3.532209530648336,55.0
강남구,대치동,글래드강남코엑스센터호텔,0,중위험군,37.50609983,127.0637467,205636.3676,445183.0349,28.9885021,-0.2985212857090609,33.55627034789189,43.0,1.3572680724731923,1463.0,2.880031185423736,1464.0,0.2649628754818618,55.0
강남구,역삼동,블랑호텔 강남점,0,중위험군,37.50176012,127.0424997,203757.965,444700.3225,40.00011579,5.616218139163266,29.020884582988405,43.0,1.3574124666989014,1463.0,2.8777597404170474,1464.0,2.238629447435767,55.0
강남구,역삼동,호텔벤,0,중위험군,37.49797232,127.0390898,203456.6229,444279.7951,28.64693846,1.0802355603890241,28.225401652640493,43.0,1.3575085717087336,1463.0,2.8786286339393548,1464.0,3.588157052646017,55.0
강남구,역삼동,호텔예스,0,중위험군,37.49841946,127.0403617,203569.0739,444329.4693,24.28401931,-2.744936106960676,28.248152176798538,43.0,1.3574838356109238,1463.0,2.8786942746824744,1464.0,3.853808920113546,55.0
강남구,역삼동,엑스와이엠 프리미어(XYM),0,중위험군,37.49828946,127.0388458,203435.0364,444314.9846,28.40093588,1.35128653835309,28.249278187658206,43.0,1.357508068714751,1463.0,2.8784498294444,1464.0,3.4834057735517163,55.0
강남구,삼성동,디에이스호텔,0,중위험군,37.50419805,127.0532469,204708.12,444971.3847,27.28683692,-0.3869070719823924,34.463236560753145,43.0,1.3573032508313818,1463.0,2.8788742524080604,1464.0,0.383102121698565,55.0
강남구,역삼동,씨에프호텔,0,중위험군,37.49848423,127.0414965,203669.4207,444336.7016,23.0855383,-1.9661035482107039,28.267751609333693,43.0,1.3574674111434217,1463.0,2.878887788117772,1464.0,3.77045528856506,55.0
강남구,논현동,하이랜드호텔,0,중위험군,37.51601151,127.0259941,202298.049,446281.5134,41.29122793,4.239808190359284,34.59010340028057,43.0,1.3573655555321464,1463.0,2.8673312513292113,1464.0,1.591195699429168,55.0
강남구,역삼동,호텔스타,0,중위험군,37.49679466,127.0346358,203062.8134,444148.9359,34.47873195,2.5565112514691783,29.36120359261367,43.0,1.357603740881077,1463.0,2.8782319844156032,1464.0,-0.279715754197009,55.0
강남구,삼성동,타라호텔,0,중위험군,37.50394006,127.0511016,204518.447,444942.646,36.93370322,-0.7761150623829849,34.401328389039804,43.0,1.3573161081529435,1463.0,2.878573282306264,1464.0,0.40719110581315593,55.0
강남구,역삼동,에이씨 팰리스(AC PALACE),0,중위험군,37.49868663,127.0400129,203538.2178,444359.1085,23.89537826,-4.986354727785702,28.27109879307494,43.0,1.3574853057236633,1463.0,2.878516834925839,1464.0,3.9443202975212137,55.0
강남구,역삼동,에이씨 팰리스(AC PALACE),0,중위험군,37.49853141,127.0400707,203543.3371,444341.8833,30.87910543,-0.26997535242580994,28.25981683197716,43.0,1.357486527684978,1463.0,2.878591688017649,1464.0,3.8820178069817937,55.0
강남구,삼성동,고유 인 앤 홈즈(goyoo inn & homes),0,중위험군,37.50372503,127.0509103,204501.5389,444918.7712,29.37053611,-6.834595447084158,34.43673977164794,43.0,1.3573194943004954,1463.0,2.8786193490348913,1464.0,0.43828180880604756,55.0
강남구,역삼동,유에이치플랫 시그니처 강남,0,중위험군,37.49556765,127.0318676,202818.0742,444012.6673,27.85841846,2.8625390591746367,29.35840419007389,43.0,1.3576823841940346,1463.0,2.8781936216992885,1464.0,-0.41106956308773346,55.0
강남구,삼성동,유에이치스위트 더코엑스,0,중위험군,37.50342432,127.0507873,204490.6837,444885.3904,21.92651351,-3.9485268461340155,34.48728432890477,43.0,1.357323465718424,1463.0,2.8787110144660053,1464.0,0.48413012718682713,55.0
강남구,역삼동,호텔더디자이너스 리즈 스윗 역삼,0,중위험군,37.50016231,127.0388473,203435.0824,444522.8467,21.76190463,2.305169491892567,28.429790972987476,43.0,1.3574819437632888,1463.0,2.87767509899137,1464.0,3.5652118445108103,55.0
강남구,역삼동,시나브로,0,중위험군,37.49858244,127.0402355,203557.9128,444347.5532,31.03810351,1.9769753582830063,28.252709912401833,43.0,1.3574834958174196,1463.0,2.878603115110001,1464.0,3.9126358202992333,55.0
송파구,방이동,IMT 모텔,0,중위험군,37.5133991,127.1099844,209723.6847,445996.9347,33.89783582,0.42798805461107037,36.72169558669382,43.0,1.3574871851748473,1463.0,2.8842711738326487,1464.0,2.901958028439827,55.0
송파구,방이동,HOTEL CASA,0,중위험군,37.51323823,127.110119,209735.6029,445979.0941,32.26199432,-0.0912897181611001,36.70351585017088,43.0,1.3574883043170665,1463.0,2.8843296653243002,1464.0,2.889269168833573,55.0
송파구,방이동,라운지,0,중위험군,37.51309736,127.1088298,209621.642,445963.3267,44.30212318,4.810345643581364,36.73684585687624,43.0,1.3574781354996381,1463.0,2.8842170773800886,1464.0,2.8569383521826244,55.0
송파구,방이동,호텔머니,0,중위험군,37.51311439,127.1101789,209740.9174,445965.3556,27.96299343,-5.344199671315518,36.690153161263936,43.0,1.3574888132519853,1463.0,2.8843695766262387,1464.0,2.8785949262630073,55.0
송파구,방이동,호텔짬,0,중위험군,37.51224751,127.106986,209458.7424,445868.8172,37.94913813,0.9194438333093515,36.69276694219705,43.0,1.357464152908939,1463.0,2.884229310588629,1464.0,2.5720488574500653,55.0
송파구,잠실동,(주)파로스 관광호텔,0,중위험군,37.50833724,127.0803708,207106.0323,445432.4843,30.22672536,-3.13738153329928,31.494033626873637,43.0,1.3573008132189905,1463.0,2.881886932565806,1464.0,-0.02703221671355227,55.0
송파구,잠실동,하루모텔,0,중위험군,37.50847968,127.0831235,207349.3974,445448.5048,37.3378525,2.1840074172036097,31.49184218547966,43.0,1.3573137199020597,1463.0,2.882237104630627,1464.0,0.015707921058784324,55.0
송파구,거여동,청마,0,중위험군,37.49562653,127.1447947,212804.2895,444028.5735,32.8619194,0.946493805217564,35.24043834609659,43.0,1.3577051458888594,1463.0,2.8916686206937885,1464.0,0.49694791985899867,55.0
송파구,방이동,와우,0,중위험군,37.51197556,127.1069928,209459.3753,445838.6349,36.95943209,0.43379626283398665,36.659919539199024,43.0,1.3574643469526755,1463.0,2.8843036324605995,1464.0,2.50932366205685,55.0
송파구,방이동,넘버25  방이점,0,중위험군,37.51277207,127.1084726,209590.1089,445927.1872,42.95508914,3.4415916086323506,36.714842628682405,43.0,1.3574754627330265,1463.0,2.8842625465726166,1464.0,2.7987574853339936,55.0
송파구,방이동,루이체 호텔,0,중위험군,37.51256728,127.1088461,209623.1565,445904.4962,46.08265208,5.248965031799912,36.68544154958176,43.0,1.3574784669501025,1463.0,2.8843610395606665,1464.0,2.797203017729759,55.0
송파구,방이동,호텔 어반,0,중위험군,37.51316671,127.109081,209643.8408,445971.0494,44.44825912,4.998704374560404,36.72920656462557,43.0,1.3574800924157022,1463.0,2.8842278919321074,1464.0,2.8700839747833085,55.0
송파구,잠실동,플러스모텔,0,중위험군,37.50846214,127.0835857,207390.2701,445446.5942,26.45528403,-3.0752798151428458,31.491184310513244,43.0,1.357316161634932,1463.0,2.882307750747295,1464.0,0.0224469549980765,55.0
송파구,잠실동,엠 더블류,0,중위험군,37.50849806,127.0826375,207306.4301,445450.5069,30.32658671,-3.7195632220267143,31.49259997313686,43.0,1.357311182065273,1463.0,2.8821624895313303,1464.0,0.009592792331159311,55.0
송파구,방이동,라 트리 호텔(La TREE HOTEL),0,중위험군,37.5133466,127.1129561,209986.4187,445991.4192,41.07806228,0.41348735576175955,36.643958995165534,43.0,1.3575110035336382,1463.0,2.8846259508629806,1464.0,2.91934507704691,55.0
송파구,방이동,하이브,0,중위험군,37.51313185,127.1131465,210003.2753,445967.6048,40.3854511,0.5628358978904657,36.61658267647051,43.0,1.3575125152904246,1463.0,2.884703716983654,1464.0,2.886343840983188,55.0
송파구,잠실동,신천 노블스테이 호텔,0,중위험군,37.50853507,127.0816626,207220.2303,445454.5392,36.0748955,2.3237907662574244,31.494176077300107,43.0,1.357306181582784,1463.0,2.8820116113520244,1464.0,-0.0004041139037664343,55.0
송파구,방이동,하오,0,중위험군,37.51294112,127.1091769,209652.3546,445946.0216,38.66553848,-1.0894059032112295,36.70578682896622,43.0,1.3574809353994806,1463.0,2.884299478323942,1464.0,2.850115925399745,55.0
송파구,잠실동,에이 플러스,0,중위험군,37.50831442,127.0798905,207063.5737,445429.9154,37.89452166,2.6143926534491086,31.494554777798122,43.0,1.357298686279361,1463.0,2.881824206032361,1464.0,-0.027325768721321197,55.0
송파구,잠실동,잠실 NU호텔 종합운동장점,0,중위험군,37.50806688,127.0799491,207068.7747,445402.446,35.02878766,2.544584713965044,31.493661825141874,43.0,1.3573000290879575,1463.0,2.8819107557263366,1464.0,-0.0192795776605994,55.0
송파구,거여동,로맨스호텔,0,중위험군,37.49590195,127.1443921,212768.6404,444059.0868,39.85546761,-0.29586563502675034,35.224776582698716,43.0,1.3577035376125866,1463.0,2.891581372660926,1464.0,0.502212126591339,55.0
송파구,방이동,셀레네 호텔,0,중위험군,37.51287278,127.1084298,209586.3103,445938.3604,36.77038028,-2.3656826265927364,36.72541075297013,43.0,1.3574750833406244,1463.0,2.884230485438894,1464.0,2.8077901406214556,55.0
송파구,방이동,HOTEL HL (에이첼 호텔),0,중위험군,37.51283466,127.1092221,209656.3609,445934.2105,38.63475057,-0.8339610688415249,36.693492169185006,43.0,1.357481327898068,1463.0,2.884333211102382,1464.0,2.839891560886581,55.0
송파구,방이동,月(월) 호텔,0,중위험군,37.51305394,127.109129,209648.1026,445958.5383,44.695231,4.806342654069049,36.717915277961126,43.0,1.3574805158838976,1463.0,2.8842636974744478,1464.0,2.8603762113620324,55.0
송파구,방이동,호텔자자(ZAza),0,중위험군,37.51303359,127.1116171,209868.081,445956.5377,37.97951656,1.99010282201764,36.64583345957474,43.0,1.3575002728527217,1463.0,2.884556216033964,1464.0,2.880539868171671,55.0
송파구,방이동,아이다호텔,0,중위험군,37.51359226,127.1101259,209736.1687,446018.3877,46.44299656,4.7638434919264085,36.73076263589691,43.0,1.357488253557592,1463.0,2.8842361573229574,1464.0,2.917196359853527,55.0
송파구,잠실동,호텔포레스타,0,중위험군,37.50821147,127.0808496,207148.375,445418.5617,29.94527245,-3.057579155237878,31.492080994426583,43.0,1.3573035935727407,1463.0,2.881995710926886,1464.0,-0.014362402572377142,55.0
송파구,잠실동,씩스티모텔,0,중위험군,37.50854025,127.0815249,207208.0577,445455.1036,36.0059978,2.2546968118516233,31.49439595085165,43.0,1.3573054856739237,1463.0,2.8819901954071514,1464.0,-0.0016172018649018571,55.0
송파구,방이동,톰지호텔,0,중위험군,37.51281573,127.1087407,209613.7991,445932.0602,43.86453644,4.816899447094102,36.715826482594,43.0,1.3574775482778287,1463.0,2.8842821668537555,1464.0,2.8226055747732373,55.0
송파구,석촌동,남경모텔,0,중위험군,37.50278971,127.0966505,208546.05,444818.1335,34.8828975,-0.6411892636936756,32.0259887210678,43.0,1.3573992110320623,1463.0,2.8856369213204447,1464.0,1.7827931312736311,55.0
송파구,방이동,초이스모텔,0,중위험군,37.51309635,127.1128005,209972.6946,445963.6281,40.76508421,0.998762203291875,36.62000875392991,43.0,1.3575097362277033,1463.0,2.8846740065067062,1464.0,2.8987672907566964,55.0
송파구,방이동,라자,0,중위험군,37.51265982,127.1074545,209500.1054,445914.6256,40.83563291,-0.35620423406706436,36.71409926806669,43.0,1.3574675608157474,1463.0,2.8841731383776126,1464.0,2.677969451602489,55.0
송파구,잠실동,라비앙,0,중위험군,37.5083314,127.0814774,207203.8789,445431.9203,38.78396721,3.4840706830065926,31.492245376614765,43.0,1.3573061046622124,1463.0,2.882048571552504,1464.0,0.005435687151783136,55.0
송파구,방이동,체리,0,중위험군,37.51249205,127.1075258,209506.4312,445896.0124,41.87707323,-0.900896577241113,36.69674322332074,43.0,1.3574682030199654,1463.0,2.8842268130126043,1464.0,2.6546745601342874,55.0
송파구,방이동,호텔 동그라미,0,중위험군,37.51323747,127.1120687,209907.9775,445979.2133,30.93127499,-3.6821083143368156,36.655628441269684,43.0,1.357503873734554,1463.0,2.884553910893774,1464.0,2.9054371656131446,55.0
송파구,잠실동,로즈마리,0,중위험군,37.50845569,127.0837579,207405.495,445445.8919,35.03841743,0.7845535897265918,31.490967897257818,43.0,1.3573170775883499,1463.0,2.8823339536742734,1464.0,0.025224738823885595,55.0
송파구,잠실동,반,0,중위험군,37.50847473,127.0832535,207360.8998,445447.9655,35.53313167,1.4196701661043747,31.49164839872102,43.0,1.3573144044305392,1463.0,2.8822570246350194,1464.0,0.017505857657862722,55.0
송파구,방이동,Ravi 호텔,0,중위험군,37.5124982,127.1085891,209600.4358,445896.803,37.12196193,-2.4381301516448417,36.68184347553965,43.0,1.3574764816474374,1463.0,2.88434962695214,1464.0,2.7713357962451566,55.0
송파구,잠실동,퍼니모텔,0,중위험군,37.50854547,127.0813872,207195.8824,445455.6724,35.73939981,1.98761963101353,31.494614780648586,43.0,1.357304791983781,1463.0,2.8819687318254856,1464.0,-0.002790539957212207,55.0
영등포구,(영등포동,모텔 하이브(HIVE),0,중위험군,37.51902996,126.9033744,191458.0079,446620.5924,27.9702493,-2.7546354364356738,30.737861916883347,43.0,1.3616374780494824,1463.0,2.876489036835898,1464.0,-0.7115965664568014,55.0
중구,(남산동,자자 백팩커스,0,중위험군,37.55605441,126.9856314,198730.397,450725.563,31.79695849,0.7298698028411437,30.27581346732466,43.0,1.3556056450823555,1463.0,2.8224217275938144,1464.0,0.24860423294508913,55.0
중구,예장동,하센 영인 호텔,0,중위험군,37.55378191,126.9924151,199329.785,450473.2726,30.41614465,0.07856010738866814,31.331313630517418,43.0,1.3556923757066361,1463.0,2.82817780314948,1464.0,-0.00026975924809822,55.0
중구,북창동,서울 호텔 신신,0,중위험군,37.55958613,126.9779037,198047.6741,451117.6744,20.52951448,-3.493425824412661,28.808030463172514,43.0,1.3590648936933962,1463.0,2.824128063032273,1464.0,3.55112026406145,55.0
종로구,운니동,STUDIO6st,0,중위험군,37.57363747,126.9880771,198946.7467,452677.046,29.80679615,0.5691810212480135,27.22743211115662,43.0,1.354692885256153,1463.0,2.817333809007293,1464.0,2.405887168718809,55.0
종로구,창신동,라로쥬,0,중위험군,37.57394219,127.0092287,200815.243,452710.8396,22.34026348,-2.9682414506810524,27.74341996710198,43.0,1.3540943650187196,1463.0,2.827208932985379,1464.0,1.842152498757116,55.0
종로구,계동,락이당,0,중위험군,37.57997819,126.9859452,198758.5231,453380.8189,36.31528612,6.402200020897876,28.771318365686916,43.0,1.3556220717574452,1463.0,2.8146670492605117,1464.0,1.9575639133381981,55.0
종로구,삼청동,JJ's house(제이제이스하우스),0,중위험군,37.5816406,126.9818327,198395.2973,453565.3897,45.92761744,1.5221210522230777,29.3343224908145,43.0,1.3569796229056144,1463.0,2.8168817859989566,1464.0,1.8659422676255615,55.0
종로구,명륜3가,명륜 홈스테이,0,중위험군,37.5868793,126.9952168,199577.5322,454146.6814,37.34020343,6.4490746908042915,29.138969647462545,43.0,1.3517582715344414,1463.0,2.812688153981028,1464.0,0.9998712930622229,55.0
종로구,구기동,스테이구기,0,중위험군,37.60447944,126.9589545,196375.5929,456100.882,39.64260737,0.8180297365519351,34.28757299235968,43.0,1.3568563317987208,1463.0,2.8288065561577436,1464.0,1.7172968700236746,55.0
종로구,숭인동,칠링스테이 종로,0,중위험군,37.57391085,127.0210335,201858.06,452707.5291,25.68844363,-5.97858999386693,28.990418980356974,43.0,1.3546577872866599,1463.0,2.8348273957227357,1464.0,1.5235228059960193,55.0
종로구,누상동,소화맨션,0,중위험군,37.57748737,126.9663006,197023.2011,453104.8075,36.24906735,2.506083968636858,32.57584201162615,43.0,1.3597053674595616,1463.0,2.8280276197255643,1464.0,1.3996682403101508,55.0
종로구,계동,북촌 계동별채,0,중위험군,37.5791057,126.9859154,198755.8807,453283.9829,21.5391192,-5.557807851706091,28.63778469838281,43.0,1.3556363647227903,1463.0,2.8148570281913923,1464.0,1.9731551511260204,55.0
종로구,숭인동,클랜돔,0,중위험군,37.56933318,127.0177355,201566.8147,452199.4008,18.48058483,-4.095228965659491,29.44027587182222,43.0,1.3547878777495486,1463.0,2.8353420518376,1464.0,1.8607473736937623,55.0
종로구,동숭동,포에버서울,0,중위험군,37.57764864,127.0047909,200423.1957,453122.1835,31.26218227,-0.19280867068173535,28.243790759157257,43.0,1.3535281616943018,1463.0,2.8218609592690265,1464.0,1.1733660299107536,55.0
종로구,숭인동,동묘하우스 9,0,중위험군,37.57094363,127.020416,201803.5836,452378.1901,40.21569549,7.190808365650597,30.136473256475206,43.0,1.3548010903388488,1463.0,2.836063456680419,1464.0,1.4822158570767754,55.0
종로구,신교동,네버랜드 종로,0,중위험군,37.58034541,126.9682212,197192.9547,453421.958,38.10330545,-1.0148870376551145,32.23262790800022,43.0,1.3593011901426044,1463.0,2.8262210377030303,1464.0,1.5220008723599692,55.0
종로구,창신동,낙산집,0,중위험군,37.5737574,127.0082092,200725.1875,452690.3217,30.7613299,3.2335953826291473,28.314887561068566,43.0,1.3540577615350347,1463.0,2.8266116633832263,1464.0,1.5870198745496702,55.0
종로구,청운동,June Stay 경복궁,0,중위험군,37.58369134,126.96807,197179.7324,453793.3226,23.13285512,-9.225860280058487,32.25677953817221,43.0,1.3589810516905187,1463.0,2.825762874477703,1464.0,1.6352401670547447,55.0
종로구,통인동,민가,0,중위험군,37.57636819,126.970009,197350.7392,452980.4804,38.10631546,-0.4140151707715276,32.47101733308626,43.0,1.3595336819101225,1463.0,2.825708437586573,1464.0,1.3714866287175964,55.0
종로구,혜화동,홈 어브로드,0,중위험군,37.58644126,127.0009665,200085.3681,454098.0536,25.08984237,-3.2219212074401398,28.116936987779,43.0,1.3522444103465467,1463.0,2.813927120058097,1464.0,-0.03448908885502497,55.0
종로구,동숭동,스테이 플러스 혜화,0,중위험군,37.58202553,127.0048797,200431.0172,453607.9686,26.02942218,-4.407548134449158,27.414919881136356,43.0,1.35307737181461,1463.0,2.819407560037547,1464.0,1.0937311089685462,55.0
종로구,동숭동,담온 스테이,0,중위험군,37.58100411,127.0040131,200354.4756,453494.599,22.39883413,-5.015064905450085,27.4837127094753,43.0,1.353123498304805,1463.0,2.8193480753192466,1464.0,1.0471860856514768,55.0
종로구,창신동,스테이온,0,중위험군,37.5673526,127.0125779,201111.2066,451979.5061,25.64526708,1.2974976481998475,27.37282024012645,43.0,1.3547173864140538,1463.0,2.833260473684622,1464.0,2.1824698631749593,55.0
종로구,창신동,healing stay,0,중위험군,37.5756659,127.0077864,200687.8232,452902.1399,32.35280998,2.91949491901428,28.09649603210772,43.0,1.3538789206713733,1463.0,2.825189800113962,1464.0,1.5457378161756092,55.0
종로구,창신동,644guesthouse,0,중위험군,37.57232012,127.0096669,200853.9748,452530.8125,26.51482827,-1.7457203707471045,27.60538264316927,43.0,1.354241454809798,1463.0,2.828458781083672,1464.0,2.0466981260892068,55.0
종로구,이화동,이화동273(Ihwa273),0,중위험군,37.5743026,127.0042358,200374.1819,452750.8093,27.09487259,-0.5762607666837631,29.501173218000254,43.0,1.3538049772213991,1463.0,2.823459777295249,1464.0,0.7458601516513103,55.0
종로구,계동,스테이 석정,0,중위험군,37.57941037,126.9862104,198781.9445,453317.7939,22.1411904,-5.26237173341293,28.68146579905787,43.0,1.3555153181702129,1463.0,2.814624764084532,1464.0,1.9761569902035026,55.0
종로구,숭인동,서울 윈도우 스테이_창신점,0,중위험군,37.57769729,127.0146871,201297.3665,453127.6737,19.89590596,-2.998371173902772,25.586339814786086,43.0,1.354100895636653,1463.0,2.828741485109771,1464.0,2.242693907233591,55.0
종로구,낙원동,Iso House,0,중위험군,37.57152945,126.9871451,198864.3858,452443.0911,27.5761106,7.973251606829464,27.880833050778364,43.0,1.3551123152039806,1463.0,2.818127365356439,1464.0,2.374749898182248,55.0
종로구,부암동,B&B 부암,0,중위험군,37.58862472,126.9626475,196700.9988,454341.0485,34.71573955,1.7467748158235707,32.97263159196925,43.0,1.3586112331114957,1463.0,2.828636008385025,1464.0,1.7099249671306689,55.0
종로구,행촌동,피스풀종로,0,중위험군,37.5730187,126.9614194,196591.8207,452609.0025,42.43325678,2.513084790065861,33.099843635264456,43.0,1.3603529434439665,1463.0,2.832143910318766,1464.0,1.3507107088901684,55.0
종로구,원서동,가디언스,0,중위험군,37.57885652,126.9882883,198965.4751,453256.298,32.68559831,5.773074605591699,28.57884757141927,43.0,1.3547303769687493,1463.0,2.8138972933986843,1464.0,2.0628682387495667,55.0
종로구,숭인동,여름밤비,0,중위험군,37.57482405,127.0147866,201306.2041,452808.7786,26.15924496,-2.724041878360296,26.822614741034297,43.0,1.3543066855432884,1463.0,2.830423609733856,1464.0,2.260358522514228,55.0
종로구,부암동,부암 힐스테이,0,중위험군,37.58933235,126.9651109,196918.5984,454419.5038,27.0656572,1.2913966261513323,32.92757248163527,43.0,1.3585181561411672,1463.0,2.8268767951928604,1464.0,1.7423939731399676,55.0
종로구,동숭동,정's 스테이,0,중위험군,37.57750673,127.0051637,200456.1327,453106.4349,27.44583969,-1.0608489225590034,28.225019758060228,43.0,1.3535656872477848,1463.0,2.8222156211325173,1464.0,1.2130645017994244,55.0
종로구,숭인동,송스테이(Song stay),0,중위험군,37.5724127,127.0177667,201569.5126,452541.1923,35.16684602,5.275149670912647,28.94608549627497,43.0,1.3546023682070267,1463.0,2.8336580980055537,1464.0,1.800440403095109,55.0
종로구,누상동,서촌정글스테이(West Village Jungle Stay),0,중위험군,37.57715198,126.964894,196898.9348,453067.6286,33.0144447,1.3438150673633054,32.68924898892245,43.0,1.3598047352630707,1463.0,2.829040714805837,1464.0,1.3913676659457361,55.0
종로구,숭인동,MIN STAY(민 스테이),0,중위험군,37.57495476,127.015247,201346.8713,452823.2924,24.35696583,-3.2656032356235833,26.88038326570868,43.0,1.3543204672057847,1463.0,2.8306486718849246,1464.0,2.176881339483235,55.0
종로구,옥인동,루마디 서촌,0,중위험군,37.58072054,126.965982,196995.1843,453463.6624,31.2396798,-3.0022946482570525,32.45187363017847,43.0,1.35938456713529,1463.0,2.827677815438475,1464.0,1.5272744508319378,55.0
종로구,이화동,THE Grand IHwa,0,중위험군,37.57344295,127.0043389,200383.2966,452655.3985,27.37332589,-5.290619872816155,29.669943275039593,43.0,1.3538876716149715,1463.0,2.8240538974245606,1464.0,0.6241959508297877,55.0
종로구,명륜4가,초록스테이 종로,0,중위험군,37.57982012,126.9992371,199932.6086,453363.1824,27.39347464,1.633370467617425,27.813065358955072,43.0,1.352910439422314,1463.0,2.816419580490739,1464.0,0.8718374550366234,55.0
종로구,혜화동,혜화 Attic,0,중위험군,37.5848085,126.9999767,199997.9385,453916.8353,30.82201773,1.487502180298101,28.09400670546868,43.0,1.3523571160207544,1463.0,2.8140946307809998,1464.0,0.0635031284117383,55.0
종로구,창신동,미미스테이,0,중위험군,37.57593858,127.0142586,201259.5407,452932.4713,24.09616894,-2.4614784760426076,26.180718504638712,43.0,1.3542025393291304,1463.0,2.8294493940037744,1464.0,2.332717621758164,55.0
종로구,원서동,정원,0,중위험군,37.57864599,126.9881132,198950.0043,453232.9336,31.90717083,5.172691413740047,28.53523577525313,43.0,1.3548082921514641,1463.0,2.813911902999451,1464.0,2.0663218069634266,55.0
종로구,명륜1가,아라 하우스,0,중위험군,37.58776564,126.9963043,199673.5863,454245.0508,29.86255781,-2.1171843861007424,28.92502086192214,43.0,1.351748699765581,1463.0,2.812119374225336,1464.0,0.8962762118475149,55.0
종로구,동숭동,엘린 하우스,0,중위험군,37.57794129,127.0037306,200329.5385,453154.6601,22.48826837,-4.320226946068782,28.305909243164745,43.0,1.3534308856845496,1463.0,2.820910666728074,1464.0,1.0463990731844794,55.0
종로구,동숭동,칼랑드 혜화,0,중위험군,37.58132474,127.004205,200371.4227,453530.186,22.83930183,-4.408584021014935,27.467094821075527,43.0,1.3531028494022193,1463.0,2.819306844941789,1464.0,1.0513504024514408,55.0
종로구,원서동,용 스테이,0,중위험군,37.58073702,126.9871384,198863.9312,453465.0253,31.53880147,0.48382685948456583,29.101368488979293,43.0,1.3551303472446525,1463.0,2.8138282467250857,1464.0,1.9413629357327387,55.0
종로구,통의동,찌니네,0,중위험군,37.57500112,126.9718985,197517.5963,452828.6998,35.74911076,1.8291291606366968,32.643458145861814,43.0,1.3594353218963109,1463.0,2.8246782319627286,1464.0,1.3280188261703607,55.0
종로구,원서동,다인,0,중위험군,37.57865599,126.9878385,198925.743,453234.0465,29.06243679,2.5345486418376595,28.52446209678324,43.0,1.3548748293264652,1463.0,2.8138594930864773,1464.0,2.051803110607522,55.0
종로구,누상동,서촌백호정살롱,0,중위험군,37.57712038,126.9647132,196882.9635,453064.1273,33.07936395,1.5405025219989668,32.70011443478381,43.0,1.3598149137060485,1463.0,2.829168635280815,1464.0,1.3917731131583633,55.0
종로구,숭인동,두잇(DO IT) 스테이,0,중위험군,37.57205528,127.0166257,201468.7228,452501.5043,23.18457579,-5.8138650486944705,28.60325937401058,43.0,1.3545747603412648,1463.0,2.8331477123024924,1464.0,1.959218631091823,55.0
종로구,사간동,안국하우스,0,중위험군,37.57507159,126.9804771,198275.4069,452836.3291,23.55595151,-5.093956452178421,28.141278612979924,43.0,1.3576306270270029,1463.0,2.818986450236221,1464.0,1.7171742487129606,55.0
종로구,창신동,스테이하다,0,중위험군,37.57075984,127.0127886,201129.7706,452357.6725,26.77631875,-5.308470397915102,27.381179694876113,43.0,1.3544944225617819,1463.0,2.83143666393148,1464.0,2.4676109468058494,55.0
종로구,동숭동,혜화문명동스테이,0,중위험군,37.58051774,127.0047008,200415.2271,453440.6203,32.10504642,2.906569245542677,27.495652567736848,43.0,1.353224385214012,1463.0,2.820138645716961,1464.0,1.1887092705455682,55.0
종로구,숭인동,I LIVE IN SEOUL,0,중위험군,37.57726338,127.0165476,201461.7217,453079.542,23.12341627,-4.544814924741939,26.66993291857205,43.0,1.3542306548446588,1463.0,2.8302006609587327,1464.0,2.0128074811672123,55.0
종로구,누상동,서촌 모던 리트리트 하우스,0,중위험군,37.5771565,126.9641838,196836.1991,453068.1539,25.72167151,1.6612702934845665,32.72129271659764,43.0,1.359828962930262,1463.0,2.8295197104557825,1464.0,1.3938439423573958,55.0
종로구,창신동,삼미하우스,0,중위험군,37.57022268,127.0127272,201124.3571,452298.0532,24.69815644,-5.129506946865451,27.481346510651242,43.0,1.3545288412300986,1463.0,2.831705239142072,1464.0,2.42456872324222,55.0
종로구,옥인동,페이보릿 종로,0,중위험군,37.57831993,126.9666727,197056.0994,453197.2004,29.76283415,-3.8300212117263506,32.487819710925066,43.0,1.3595993673846078,1463.0,2.827626887018933,1464.0,1.438006418431785,55.0
종로구,계동,stay hanyang,0,중위험군,37.57780502,126.9858926,198753.838,453139.6227,22.77843223,-5.563915857394004,28.376874023560287,43.0,1.3556465605168146,1463.0,2.8151334748846937,1464.0,2.000596358528356,55.0
종로구,원서동,하우스다 동촌,0,중위험군,37.58000425,126.9875988,198904.585,453383.6907,29.53812318,-0.5691738271648106,28.88338182584027,43.0,1.3549222630330644,1463.0,2.813714735037681,1464.0,1.9830770452328503,55.0
종로구,부암동,랏토하우스,0,중위험군,37.59453825,126.9627801,196712.9641,454997.3792,40.91654495,4.422719292337511,33.58774762342279,43.0,1.357986730217779,1463.0,2.8276656722070164,1464.0,1.7500671062699815,55.0
종로구,충신동,충신 아뜨리에,0,중위험군,37.57191123,127.0065227,200576.2208,452485.4065,32.35008401,1.3335198945437412,29.260139744822567,43.0,1.3541266044650413,1463.0,2.82653023615776,1464.0,1.1695755150195875,55.0
종로구,창신동,위드홈,0,중위험군,37.57274316,127.0085492,200755.2355,452577.7555,20.56992651,-6.056187174807725,28.228298603739056,43.0,1.3541555654824717,1463.0,2.8274453300890525,1464.0,1.7108206008319897,55.0
종로구,신문로2가,성주,0,중위험군,37.57015625,126.9681089,197182.6513,452291.0822,34.81453741,1.4549189627722257,33.83744421105666,43.0,1.3603199410837132,1463.0,2.8281869198279423,1464.0,1.4101928225780949,55.0
종로구,동숭동,Stay forest,0,중위험군,37.57662834,127.005661,200500.0645,453008.9463,35.27973197,6.509303002131325,28.399337256670897,43.0,1.3536757295894093,1463.0,2.823098860830653,1464.0,1.2057354189061644,55.0
종로구,화동,삼청동 코리아 게스트하우스,0,중위험군,37.57937103,126.9812432,198343.1779,453313.5036,34.49219198,5.071300188794805,29.12083908732454,43.0,1.3572361615577235,1463.0,2.817671022120604,1464.0,1.8626242356722638,55.0
종로구,필운동,민기네 집,0,중위험군,37.57495722,126.9661286,197007.902,452823.9955,38.26581773,4.0794285941233355,32.8663994286348,43.0,1.359978722402644,1463.0,2.8286056859809214,1464.0,1.3339644035323521,55.0
종로구,홍지동,조이하슬라,0,중위험군,37.59586118,126.9584616,196331.6448,455144.3696,32.50540796,-0.3611395748886821,33.69766905396697,43.0,1.357747529438527,1463.0,2.8303073427423415,1464.0,1.7218406980184284,55.0
종로구,사간동,우 게스트하우스(Woo Guesthouse),0,중위험군,37.57520538,126.9790919,198153.0442,452851.2045,32.8999814,2.8659547384112862,28.891235634444527,43.0,1.3580145185987185,1463.0,2.819848796694442,1464.0,1.6673388771218167,55.0
종로구,신문로2가,엠엠게스트하우스,0,중위험군,37.56984367,126.9684864,197215.9899,452256.3782,37.35185515,3.440080945622526,33.958403275203274,43.0,1.36031342605041,1463.0,2.827993776430099,1464.0,1.422602034643262,55.0
종로구,숭인동,지유,0,중위험군,37.57110179,127.0153895,201359.5338,452395.6594,32.76859775,0.8814413913459731,28.276852696905916,43.0,1.3545824899235233,1463.0,2.8329059489457435,1464.0,2.1578458460697547,55.0
종로구,통인동,프랜드인서울(Friend in Seoul),0,중위험군,37.57636819,126.970009,197350.7392,452980.4804,38.46392966,-0.05640097077152717,32.47101733308626,43.0,1.3595336819101225,1463.0,2.825708437586573,1464.0,1.3714866287175964,55.0
종로구,통인동,아뜰리에웨스트사이드,0,중위험군,37.57639627,126.9701348,197361.8484,452983.5934,41.52075946,1.1749880406025213,32.455121856462085,43.0,1.3595182206140568,1463.0,2.8256177680964485,1464.0,1.3734128267697656,55.0
종로구,누상동,힙피어 경복궁의 달,0,중위험군,37.57767676,126.9656656,196967.1123,453125.8479,36.38441058,-3.1636940095082267,32.60089019467037,43.0,1.3597166725828853,1463.0,2.828424335963901,1464.0,1.4084156668826688,55.0
종로구,부암동,게스트 하우스 부암,0,중위험군,37.59143042,126.9671238,197096.4557,454652.3018,38.62142987,5.2836850187864925,33.1108648765334,43.0,1.358258224136152,1463.0,2.8252054141591576,1464.0,1.782706957037071,55.0
종로구,동숭동,비투비앤비,0,중위험군,37.57835876,127.0040314,200356.1046,453200.9955,30.46316611,2.715689311812902,28.143487515539412,43.0,1.3534063575329314,1463.0,2.820890366043516,1464.0,1.1211306035758166,55.0
종로구,연건동,EMMA 하우스,0,중위험군,37.57655118,127.0002221,200019.6183,453000.3673,32.73670602,0.40859859868523785,29.10786686919383,43.0,1.3533571011147476,1463.0,2.819109623938699,1464.0,0.7551745390751246,55.0
종로구,명륜3가,MIRO STAY,0,중위험군,37.58692036,126.9950448,199562.3426,454151.2394,36.0761942,5.074629885898215,29.16455870724891,43.0,1.3517368729722041,1463.0,2.8127561079289563,1464.0,1.0384712614677494,55.0
종로구,이화동,블루블릭스 혜화,0,중위험군,37.57395363,127.0026696,200235.8284,452712.0726,37.55659604,4.202704890564988,29.673910577443394,43.0,1.3537536467591593,1463.0,2.8225265485207376,1464.0,0.4679825451011779,55.0
종로구,동숭동,낙산주택,0,중위험군,37.57788658,127.0054694,200483.1349,453148.5954,23.53494709,-6.37549276685564,28.047557125088012,43.0,1.3535463796465659,1463.0,2.8222188027989894,1464.0,1.291219164686131,55.0
종로구,홍지동,빛 스테이,0,중위험군,37.59603495,126.9586322,196346.7193,455163.6495,32.51664694,-0.28994008395770265,33.71160183886521,43.0,1.3577348945486742,1463.0,2.8301717186205626,1464.0,1.7231304944680577,55.0
종로구,옥인동,옥인스테이,0,중위험군,37.5796952,126.9636274,196787.1589,453349.9393,35.69395324,0.5124103771908253,32.64394698580769,43.0,1.359567199261269,1463.0,2.829445489366472,1464.0,1.4871648002494295,55.0
종로구,명륜1가,키키 스테이,0,중위험군,37.58677787,126.9960091,199647.5143,454135.4206,32.40114221,1.158910651798589,28.970532733169748,43.0,1.3518455934818068,1463.0,2.812372428462288,1464.0,0.8681946809952581,55.0
종로구,홍지동,미카엘킴,0,중위험군,37.59456869,126.9592707,196403.036,455000.8864,41.30262516,-1.23143393493703,33.59739554291881,43.0,1.3579141677165214,1463.0,2.829969493056128,1464.0,1.7245461679586804,55.0
종로구,숭인동,스테이동묘,0,중위험군,37.56885637,127.0179691,201587.4681,452146.4844,28.74554986,2.95855548494794,29.386776069023167,43.0,1.3548251281213506,1463.0,2.8357466651787044,1464.0,1.8633875074259332,55.0
종로구,숭인동,굿데이신설,0,중위험군,37.57517296,127.0192573,201701.1294,452847.5751,27.0920401,-0.6568451059195084,28.085692715068873,43.0,1.3545006871061578,1463.0,2.8330629938671787,1464.0,1.7450820139688066,55.0
종로구,신교동,JAHA 79,0,중위험군,37.58043267,126.9692329,197282.322,453431.6131,37.08026809,-1.4877610902546934,32.10307768038673,43.0,1.359218947601617,1463.0,2.82551721485136,1464.0,1.533222235893859,55.0
중구,산림동,오케이빌,0,중위험군,37.56477364,126.9946396,199526.4158,451693.2109,38.9121472,5.7102947142155145,29.773375971281144,43.0,1.3543976779239657,1463.0,2.8223347774492415,1464.0,1.6243458324772748,55.0
중구,주자동,원즈빌,0,중위험군,37.55809516,126.9891273,199039.3256,450952.0205,34.67678956,5.898706385566594,29.39853529161775,43.0,1.3552202600477414,1463.0,2.8227065609221222,1464.0,0.5182744341301861,55.0
중구,(남산동,레이지룸 101,0,중위험군,37.5545527,126.9846222,198641.1967,450558.9052,30.02103871,-0.6595378747991489,30.569160274139758,43.0,1.355863653760029,1463.0,2.8232285484240127,1464.0,0.135072752393756,55.0
중구,신당동,디디피 스테이,0,중위험군,37.55794381,127.0128532,201135.6676,450935.2445,22.65778289,-4.433528312413408,27.402641509074947,43.0,1.355471685514596,1463.0,2.83888410817288,1464.0,-1.9663462044725475,55.0
중구,(남산동,팜트리빌라 명동 101,0,중위험군,37.55574232,126.9858524,198749.9183,450690.9217,29.80057494,-0.6327680386357919,30.434817162466175,43.0,1.3556466076424323,1463.0,2.822402454278421,1464.0,0.16872851106872228,55.0
중구,(만리동,서울로 인,0,중위험군,37.5518282,126.9655697,196957.5918,450256.9643,24.13671466,-4.268421574982803,27.63810771092467,43.0,1.3624989052575944,1463.0,2.8340819278906415,1464.0,1.1574037901548533,55.0
중구,(광희동,하하스테이,0,중위험군,37.56127954,127.0082575,200729.5716,451305.4255,27.39016884,-4.136366072788931,28.604571401222287,43.0,1.3551170968531434,1463.0,2.8340625497872494,1464.0,0.33455724343376025,55.0
중구,신당동,제이하우스,0,중위험군,37.55923679,127.0115125,201017.1923,451078.7346,36.40626275,4.3305437193465295,27.747883193906446,43.0,1.355357525765786,1463.0,2.837310168865637,1464.0,-1.7230613610789622,55.0
중구,(남산동,남산 아트몬 스테이,0,중위험군,37.55460146,126.9844086,198622.3307,450564.3201,28.41167983,-0.8550270336072572,30.546662485390137,43.0,1.3559988959035147,1463.0,2.823312461656096,1464.0,0.12401494498847784,55.0
중구,(만리동,서울로하우스,0,중위험군,37.55415432,126.9664094,197031.88,450515.1089,25.25620534,-3.9401527864439174,27.56741804361232,43.0,1.3621448118111763,1463.0,2.832931635283974,1464.0,1.2285111655975351,55.0
중구,신당동,연 스테이,0,중위험군,37.56194734,127.0250765,202215.564,451379.8069,22.56936157,-0.020022879467028076,29.419603210705816,43.0,1.3555023502949408,1463.0,2.843442374684276,1464.0,0.1151514922473506,55.0
중구,황학동,호호 하우스,0,중위험군,37.56383295,127.0219346,201937.928,451589.018,20.1601087,-4.880974011472468,28.482009144328362,43.0,1.3552929821128048,1463.0,2.8407637880411127,1464.0,0.5745673745476988,55.0
중구,신당동,라 코메타 서울,0,중위험군,37.55020235,127.0079362,200701.2875,450075.9869,32.90558584,-0.1222599282340937,29.064383206116037,43.0,1.3559347295876152,1463.0,2.840670639149351,1464.0,1.6830234202820336,55.0
중구,(남산동,Win Win guest house,0,중위험군,37.55719928,126.9843328,198615.6766,450852.6483,32.33988345,-4.827832545713356,29.184698732919596,43.0,1.3561721708909364,1463.0,2.822744476552038,1464.0,1.088276718486408,55.0
중구,을지로7가,별헤는집,0,중위험군,37.56205259,127.0091636,200809.6217,451391.2323,22.16960777,-3.3524058588050174,28.109193036995485,43.0,1.3550704383497605,1463.0,2.8341825658455333,1464.0,0.3778251492912439,55.0
중구,신당동,디어스,0,중위험군,37.55341959,127.01326,201171.6882,450433.115,22.46770931,-5.665297930607114,27.37422956519836,43.0,1.3557659615328537,1463.0,2.841791918680463,1464.0,1.191151179110692,55.0
중구,(남산동,문스하우스,0,중위험군,37.55464992,126.9842916,198611.9916,450569.7003,29.86360818,-0.3556529293526971,30.532995875632505,43.0,1.3560767327192338,1463.0,2.823353747802975,1464.0,0.1319217624554161,55.0
중구,신당동,게스트 남산,0,중위험군,37.54918702,127.0053308,200471.0646,449963.2812,33.16948464,1.3251223114312687,29.68267192787396,43.0,1.356005752471569,1463.0,2.839759664691456,1464.0,1.602175120715844,55.0
중구,(장충동,더차니스트 남산,0,중위험군,37.55639497,126.999428,199949.4578,450763.2642,31.99782373,2.670185380218605,30.12337600857083,43.0,1.3554112167887864,1463.0,2.8313045124821685,1464.0,0.8142803840417179,55.0
중구,황학동,스테이 담애,0,중위험군,37.5638942,127.0178747,201579.2341,451595.74,26.97355847,-0.18956690863283754,27.604111516033,43.0,1.355166674173624,1463.0,2.838435674708626,1464.0,0.7930788575255793,55.0
중구,(필동,남산하우스,0,중위험군,37.5555527,126.9944725,199511.588,450669.7965,30.59325457,1.076633989943403,30.01687359976301,43.0,1.3554869895899384,1463.0,2.828413797340893,1464.0,0.6460844621678514,55.0
중구,예장동,서울타워빌,0,중위험군,37.55500445,126.9849104,198666.6748,450609.0399,32.74152909,2.9661341961078804,30.506350206126577,43.0,1.3557853004382798,1463.0,2.8229909531077073,1464.0,0.1613437843190652,55.0
중구,(장충동,목인,0,중위험군,37.55696119,126.9997944,199981.8335,450826.1078,32.10886251,3.0501709091233558,29.837136709542303,43.0,1.3553616115983882,1463.0,2.831179366092939,1464.0,0.8633664983608362,55.0
중구,(광희동,스테이 디디피 해치,0,중위험군,37.56073561,127.0086113,200760.84,451245.0585,27.16484137,-4.245120071417556,28.35605157666425,43.0,1.355173606987384,1463.0,2.8346136550164336,1464.0,0.0532737412847758,55.0
중구,신당동,솔리드 스테이,0,중위험군,37.56081261,127.016706,201476.0402,451253.7009,30.2476157,4.500739764643221,27.487950715646477,43.0,1.355359770929081,1463.0,2.839474181525537,1464.0,-1.1557608247660314,55.0
중구,(남산동,스타리아1,0,중위험군,37.55574338,126.985352,198705.7058,450691.0462,29.63473841,0.5604220596925629,30.374364108018234,43.0,1.3556601229625531,1463.0,2.82261827312988,1464.0,0.276259305619122,55.0
중구,충무로5가,익스테이 맨션 충무로,0,중위험군,37.55916784,126.9973801,199768.5127,451071.0229,26.58108508,-2.5632323423045484,27.987924722241253,43.0,1.3551266520674385,1463.0,2.82801830553867,1464.0,1.713052137884603,55.0
중구,신당동,MJ House,0,중위험군,37.55056307,127.0038562,200340.7561,450115.9999,30.43522956,1.9303627653014033,30.148118159081548,43.0,1.355907653932429,1463.0,2.837989905500353,1464.0,1.520286885051639,55.0
중구,(광희동,선선 맨션,0,중위험군,37.56123964,127.0074692,200659.9293,451300.9912,30.07975748,0.16165698783123617,29.040649815675856,43.0,1.3551023369874553,1463.0,2.8335778619337866,1464.0,0.5281719339098397,55.0
중구,(남산동,에밀리 메니지먼트,0,중위험군,37.55520422,126.9841345,198598.1205,450631.2233,33.14646827,4.174411378750275,30.43950056336974,43.0,1.3562037368928295,1463.0,2.8232940484763698,1464.0,0.1442937731536428,55.0
중구,(광희동,마사 하우스,0,중위험군,37.56036623,127.0078307,200691.8771,451204.0556,32.41133331,0.6857118939176132,28.806649732943004,43.0,1.355189363325262,1463.0,2.8343357169834453,1464.0,0.11017301843107785,55.0
중구,신당동,덕복재,0,중위험군,37.56182635,127.0178121,201573.7442,451366.232,20.59551932,-2.617363779858973,27.57109151721328,43.0,1.3553149951886057,1463.0,2.839544544677411,1464.0,-0.21316000459206685,55.0
중구,(장충동,지니하우스,0,중위험군,37.55614152,127.0004201,200037.1153,450735.1342,32.03456802,2.6279724125052084,30.463078156578934,43.0,1.355440378309412,1463.0,2.8321461461654533,1464.0,0.9136681990689858,55.0
중구,(장충동,먕스테이,0,중위험군,37.55607297,127.0007205,200063.6593,450727.5261,32.2609615,2.5622676042421517,30.55321344977174,43.0,1.3554484505600513,1463.0,2.8323936573122745,1464.0,0.9313949846614158,55.0
중구,황학동,브릭스테이,0,중위험군,37.56735418,127.0176451,201558.8715,451979.7534,22.95291456,-4.259231059548366,28.114587196957675,43.0,1.3549011290677495,1463.0,2.8363838484405166,1464.0,1.7967545664813,55.0
중구,(남산동,남산언덕,0,중위험군,37.55445618,126.9847096,198648.9203,450548.1914,29.59355285,-0.6485506149537699,30.57983965032973,43.0,1.3558749677362394,1463.0,2.8232132336623494,1464.0,0.14002830835887126,55.0
중구,(남산동,코지앳,0,중위험군,37.55468403,126.9845744,198636.9825,450573.4819,29.96934956,-0.6295543218613631,30.556699043851168,43.0,1.355895831110376,1463.0,2.823218027853903,1464.0,0.1323207394335652,55.0
중구,황학동,The Market Place,0,중위험군,37.56357881,127.019885,201756.8507,451560.7711,30.5086042,3.7967392606816297,28.009564681688794,43.0,1.3552493250385493,1463.0,2.8397591450937885,1464.0,0.6202554858962589,55.0
중구,(만리동,하하홈스테이,0,중위험군,37.55314237,126.966167,197010.4269,450402.8022,25.55021992,-4.006963905865792,27.54175862568361,43.0,1.3622825894592212,1463.0,2.833349037587058,1464.0,1.22542649626282,55.0
중구,신당동,스테이 마룸,0,중위험군,37.55611853,127.0086935,200768.1545,450732.618,22.92616563,-3.5590457864806346,28.18831315704866,43.0,1.3555284333484223,1463.0,2.8374862887890133,1464.0,1.1640289819311522,55.0
중구,예장동,게스트하우스 더힐2,0,중위험군,37.55510981,126.9846091,198640.0563,450620.7379,33.86303134,4.547598871754534,30.49162974953118,43.0,1.3558972412764467,1463.0,2.823100072543334,1464.0,0.13860834328700378,55.0
중구,(남산동,필스테이명동부띠끄,0,중위험군,37.5575292,126.9838779,198575.4941,450889.2723,30.61002725,-0.5037350740669133,28.53775416464195,43.0,1.3564530450109689,1463.0,2.8228884406878585,1464.0,1.3472000857520792,55.0
중구,(남산동,에코하우스,0,중위험군,37.55755618,126.985879,198752.3033,450892.2383,28.67591379,0.36545163246765355,28.82035287433093,43.0,1.3553730239772734,1463.0,2.821958735119022,1464.0,1.2958319034378747,55.0
중구,(남산동,명동 맘하우스,0,중위험군,37.55771741,126.9858723,198751.7096,450910.133,31.99701773,2.0773141993891677,28.622174929913758,43.0,1.3553486476790138,1463.0,2.8219243746645306,1464.0,1.6140416255025585,55.0
중구,(남산동,Crib49게스트하우스,0,중위험군,37.55433246,126.9848669,198662.8173,450534.4577,34.26088168,1.2596625091802025,30.594575658618268,43.0,1.3558878050859742,1463.0,2.8231743111970684,1464.0,0.12513236089181892,55.0
중구,황학동,어반아트스테이,0,중위험군,37.56735418,127.0176451,201558.8715,451979.7534,23.16750601,-4.044639609548366,28.114587196957675,43.0,1.3549011290677495,1463.0,2.8363838484405166,1464.0,1.7967545664813,55.0
중구,(남산동,웰 프러스 비앤비 게스트하우스,0,중위험군,37.5557428,126.9849257,198668.0407,450690.9877,30.00891907,1.007550500013238,30.380483061184563,43.0,1.3557275053750448,1463.0,2.822807188346184,1464.0,0.2919433583353238,55.0
중구,남창동,남산 203 게스트하우스,0,중위험군,37.55351654,126.9786135,198110.2353,450444.0076,22.13566439,-2.0276423931296463,28.32302039278069,43.0,1.359023334200578,1463.0,2.825374430799413,1464.0,1.6119788464101905,55.0
중구,신당동,하우스 오브 로리앤요한,0,중위험군,37.55042135,127.0093564,200826.7828,450100.3048,24.28721391,-3.7687781820568134,28.7048090473549,43.0,1.3559245648024703,1463.0,2.8413612723355484,1464.0,1.6656555849462051,55.0
중구,주교동,을지로 비앤비,0,중위험군,37.56503235,126.9985209,199869.3217,451721.9122,28.70399198,-3.6383875058621875,28.313609974616295,43.0,1.354472136039821,1463.0,2.825046371466205,1464.0,1.8107209376133073,55.0
중구,신당동,오늘 하루,0,중위험군,37.55967218,127.0107834,200952.7703,451127.0501,36.27643981,5.110666758194995,27.92153290092999,43.0,1.3553115812578003,1463.0,2.836602541505704,1464.0,-1.1236258764065934,55.0
용산구,(용산동,SEOULYDAYS INN,0,중위험군,37.54086606,126.9848192,198658.3594,449039.8504,33.03265699,2.498286293137749,31.540865843653894,43.0,1.3575311516017972,1463.0,2.832233489836732,1464.0,0.21297661780449229,55.0
용산구,한강로1가,seoul corner guest house 2호점,0,중위험군,37.52979887,126.9729504,197609.0788,447811.7639,23.68013821,1.4957372067849555,30.516539684013548,43.0,1.3620937314288233,1463.0,2.836771354769539,1464.0,1.41584754648666,55.0
용산구,동빙고동,FUNFUN GUESTHOUSE(펀펀 게스트하우스),0,중위험군,37.52363972,126.9948091,199541.1327,447127.8439,36.90938688,-4.5179625844602,29.414936967601196,43.0,1.358334184822578,1463.0,2.8504933389726643,1464.0,-0.12227655922692593,55.0
용산구,용문동,토미시스템,0,중위험군,37.53546106,126.9560576,196116.211,448440.7607,31.14157159,1.0982911322430304,27.965370147456778,43.0,1.3653754932553028,1463.0,2.844616467716667,1464.0,0.19277826816199925,55.0
용산구,이촌동,ryan민박,0,중위험군,37.52118565,126.9572456,196220.4915,446856.3191,35.3237174,2.3795190158453963,29.930296918528583,43.0,1.3675002810298387,1463.0,2.8487840463869745,1464.0,-0.17954534805729716,55.0
용산구,서계동,라온403,0,중위험군,37.5496287,126.9671595,197097.9898,450012.7959,23.40817167,-3.4323027356680242,27.921067174684275,43.0,1.3624985278410968,1463.0,2.8336252335072243,1464.0,1.2094519691876762,55.0
용산구,한남동,한남동코지하우스,0,중위험군,37.52978971,127.0029216,200258.2438,447810.4075,38.21329023,4.987749963035583,30.03548747633369,43.0,1.3574291073966644,1463.0,2.8506186498278634,1464.0,-0.4888229725368636,55.0
용산구,동자동,마르페게스트하우스,0,중위험군,37.54807266,126.9738193,197686.4431,449839.9095,26.66483256,-3.074958843414855,26.553152238242056,43.0,1.3609973823983545,1463.0,2.8298429252009494,1464.0,1.2330451302010923,55.0
용산구,후암동,MIN HOUSE,0,중위험군,37.5506954,126.975911,197871.3604,450130.9526,23.55870555,-4.5618278763875715,26.24054914015762,43.0,1.3601321336972254,1463.0,2.827797112590543,1464.0,1.4681838291215088,55.0
용산구,서계동,Goeun Stay Seoul,0,중위험군,37.55013376,126.9645477,196867.2152,450068.9353,31.27572293,4.6970204022641795,27.85703906951324,43.0,1.362807528389878,1463.0,2.8351985638256902,1464.0,1.1592615358146168,55.0
용산구,후암동,Westie Holiday Home(W.H.H),0,중위험군,37.55093558,126.9767004,197941.1246,450157.5922,32.37307051,2.1731879916427737,26.312338240342772,43.0,1.3598189199914723,1463.0,2.8272559772763906,1464.0,1.5068662824761423,55.0
용산구,서계동,바라,0,중위험군,37.5498366,126.9641479,196831.8658,450035.9675,24.75035399,-0.7268819791808312,27.90528259939134,43.0,1.3628857471123297,1463.0,2.8355397583056425,1464.0,1.1652045214070659,55.0
용산구,후암동,코빈하우스,0,중위험군,37.54663447,126.9751193,197801.2847,449680.2565,32.70707679,-4.6865180129501525,27.03547492833593,43.0,1.3605955363710205,1463.0,2.8295051714350947,1464.0,1.0906374899759061,55.0
용산구,이태원동,이태원372,0,중위험군,37.53438157,126.9877396,198916.366,448320.1138,17.608973,-4.362550031414994,29.858947398879195,43.0,1.358007481598439,1463.0,2.8389483557335136,1464.0,0.5926754014123459,55.0
용산구,후암동,서울환대,0,중위험군,37.5468965,126.9742537,197724.7974,449709.3593,31.07729711,3.4816825867305496,27.06057596058862,43.0,1.3609071500389804,1463.0,2.8299382669261375,1464.0,1.1584249441691479,55.0
용산구,보광동,로스트 인 이태원,0,중위험군,37.52763837,126.9971916,199751.7593,447571.6352,28.38368992,-4.328419919443316,29.661244440272508,43.0,1.3578776001593922,1463.0,2.849069769601897,1464.0,-0.1606092506667916,55.0
용산구,(청파동,솔린스테이,0,중위험군,37.54408146,126.9677678,197151.5262,449397.1006,33.73896486,2.718713137572596,30.55167082091756,43.0,1.3629246899955691,1463.0,2.8348151324218636,1464.0,1.382531673825435,55.0
용산구,후암동,남산뷰 공간,0,중위험군,37.54430404,126.9830024,198497.8708,449421.4519,38.75668658,5.951614805038382,30.249899720627596,43.0,1.357236357472092,1463.0,2.8283788903033606,1464.0,0.027122771184380223,55.0
용산구,서계동,비다 하우스,0,중위험군,37.54960807,126.965946,196990.7514,450010.5444,29.55159183,2.4182515493635144,27.909610925160234,43.0,1.3626860344279612,1463.0,2.8344229196191346,1464.0,1.196411490372918,55.0
용산구,동자동,Global Haven,0,중위험군,37.54905269,126.9734093,197650.2436,449948.6912,32.92794135,3.1173816775239196,26.3836270739127,43.0,1.3610751277372277,1463.0,2.8298033784385623,1464.0,1.2558409443749912,55.0
용산구,이태원동,리단,0,중위험군,37.53706047,126.9913554,199235.9736,448617.4033,28.07159035,1.3371077607277115,29.772179020698537,43.0,1.3574656346288128,1463.0,2.839283512638098,1464.0,0.6796565122038423,55.0
용산구,(용산동,마리모 스테이 서울,0,중위험군,37.54034433,126.9863748,198795.8377,448981.9237,34.73956535,3.223965565823068,31.168389601144376,43.0,1.3574687255818487,1463.0,2.8336754318568267,1464.0,0.3875232877534717,55.0
용산구,후암동,바위위 스테이,0,중위험군,37.54536867,126.9814378,198359.621,449539.639,34.60331236,7.003301345773988,29.348693088531327,43.0,1.3574636390485424,1463.0,2.827070196594788,1464.0,0.22121510556615778,55.0
용산구,후암동,EAH,0,중위험군,37.54740133,126.9797194,198207.8167,449765.2711,31.36453226,1.593018463795854,27.665606011247654,43.0,1.3585483168056678,1463.0,2.8273305865409073,1464.0,0.7735501187325997,55.0
용산구,후암동,남산 진주스테이,0,중위험군,37.54651143,126.9812587,198343.8242,449666.4747,31.18811269,1.9432663431664032,28.65493249934353,43.0,1.3576268275330527,1463.0,2.8268310638722722,1464.0,0.438696361315368,55.0
용산구,서계동,링하우스,0,중위험군,37.55164848,126.9671111,197093.7922,450236.9687,28.58865872,2.4089824510819433,27.583827547439576,43.0,1.3623032646958986,1463.0,2.8331158307425706,1464.0,1.179323730447587,55.0
용산구,이태원동,ZEST 202,0,중위험군,37.52911007,126.9942869,199495.0163,447734.9872,39.64875501,5.534270588770141,29.517202408280568,43.0,1.3579626976194263,1463.0,2.846525217941854,1464.0,0.057979980223710925,55.0
용산구,한강로3가,허브하우스,0,중위험군,37.52079961,126.9683258,197199.9736,446813.086,40.21825608,10.149460864783176,31.16629175337053,43.0,1.3646008664469562,1463.0,2.8429683395078875,1464.0,0.3183051940564915,55.0
용산구,후암동,라운드 하우스,0,중위험군,37.54417115,126.9824605,198449.976,449406.7115,24.71319018,-8.128191533516212,30.161050050773234,43.0,1.3572991424300862,1463.0,2.8280969878150333,1464.0,0.04183920259920787,55.0
용산구,(용산동,아삼스테이,0,중위험군,37.54305911,126.9876308,198906.8773,449283.2159,31.00900282,-0.7784432224281659,31.185718289173366,43.0,1.3570635206468182,1463.0,2.8325257590630772,1464.0,0.2841424440538147,55.0
용산구,(용산동,Casa Haebang,0,중위험군,37.54193979,126.9829794,198495.7898,449159.0492,33.13365087,-0.23667076546181676,31.20240093549096,43.0,1.3575539512612822,1463.0,2.8301571324543633,1464.0,-0.031500078736424075,55.0
용산구,서계동,제이앤제이 스테이(J&J Stay),0,중위험군,37.54927578,126.9632376,196751.4031,449973.7543,27.01510448,-4.415117649917892,27.9859760663471,43.0,1.3630439138216686,1463.0,2.836285637872869,1464.0,1.1702168421357908,55.0
용산구,서계동,파파하우스(PaPaHouse),0,중위험군,37.54931519,126.9647327,196883.528,449978.0777,23.01809861,-4.201269156268104,27.96900524133657,43.0,1.3628769580761892,1463.0,2.835295595595287,1464.0,1.1904388882471295,55.0
용산구,서계동,스테이 연,0,중위험군,37.54957529,126.964449,196858.4691,450006.9552,27.64756253,0.7689434123823098,27.934383597030838,43.0,1.3628814454619989,1463.0,2.835411812292364,1464.0,1.1767000966901628,55.0
용산구,이태원동,다온,0,중위험군,37.53941513,126.9923889,199327.3373,448878.7338,31.33397317,-0.37093928387800545,29.92183507587614,43.0,1.357174763947637,1463.0,2.838272018873498,1464.0,0.8239401102778033,55.0
용산구,후암동,고릴라 타자기,0,중위험군,37.54664469,126.9797783,198213.0036,449681.2921,24.14419851,-6.019855234586199,28.095450141424145,43.0,1.35850558512762,1463.0,2.827498394512412,1464.0,0.5938885689459321,55.0
용산구,후암동,마르코 하우스,0,중위험군,37.5442329,126.9827674,198477.0972,449413.56,31.57833715,-0.9546201164489112,30.207415577917743,43.0,1.3572651721583358,1463.0,2.828266851431336,1464.0,0.027619052276003753,55.0
용산구,서계동,코코서울_3,0,중위험군,37.54855821,126.966532,197042.4982,449894.0039,30.79774435,2.810146982601598,28.162672066702545,43.0,1.3627080165951992,1463.0,2.8343267002343917,1464.0,1.2569606521074392,55.0
용산구,이태원동,리원 힐사이드,0,중위험군,37.53853708,126.9913937,199239.378,448781.2886,31.77440215,-0.35097198171212796,29.94124833076305,43.0,1.3573185862235668,1463.0,2.8382621945637374,1464.0,0.6889049799056987,55.0
용산구,서계동,홈어웨이 프럼 홈 서울,0,중위험군,37.54986438,126.9637433,196796.1183,450039.0645,30.4782634,0.231323456922361,27.910694000472436,43.0,1.3629253679484583,1463.0,2.835797836033454,1464.0,1.1601720796072548,55.0
용산구,효창동,Bong's House,0,중위험군,37.53853565,126.9606765,196524.5862,448781.8217,34.74804342,2.937120199407321,28.899451798150828,43.0,1.3646121031592866,1463.0,2.8407433677485647,1464.0,1.1503277163732544,55.0
용산구,(용산동,남산주택,0,중위험군,37.54153328,126.9803689,198265.075,449113.9765,34.69821956,0.5803955194062027,30.73311224764514,43.0,1.3580755591085711,1463.0,2.8286771314735493,1464.0,-0.13147239140334638,55.0
용산구,후암동,STA Stay,0,중위험군,37.54381315,126.9819738,198406.9526,449366.986,35.83902335,3.0291011082285095,30.191542619584567,43.0,1.3573905654719411,1463.0,2.828026156864333,1464.0,0.026659647565310696,55.0
용산구,서계동,SEOUL STAYON,0,중위험군,37.55062279,126.966312,197023.1384,450123.1544,24.17249446,-4.937874944310103,27.739467387857115,43.0,1.3625272429619752,1463.0,2.8339114471498488,1464.0,1.1740580223647603,55.0
용산구,서계동,Dandi Stay,0,중위험군,37.55172665,126.9672495,197106.0213,450245.6404,30.77688472,1.8447198513441236,27.56991359230763,43.0,1.3622740001635063,1463.0,2.8330044907619443,1464.0,1.1850989832966194,55.0
용산구,(용산동,해온 스테이 해방촌,0,중위험군,37.54073079,126.9859558,198758.8094,449024.8215,37.27716149,2.4651636715589405,31.269646468763685,43.0,1.3574558112376107,1463.0,2.833106257695849,1464.0,0.3340147855920432,55.0
용산구,(청파동,헤일로 스테이,0,중위험군,37.54245373,126.9674636,197124.5858,449216.4516,29.71633711,2.095383372461285,30.82245575940245,43.0,1.3631418399539152,1463.0,2.8354632249532243,1464.0,1.364087683824444,55.0
용산구,이태원동,Hwa San Co,0,중위험군,37.53833596,126.990695,199177.6212,448758.9726,26.38031113,-6.211189530278087,29.989276928369378,43.0,1.3573822376736484,1463.0,2.837962061622113,1464.0,0.6497876912290388,55.0
용산구,동자동,연 스테이,0,중위험군,37.54975691,126.9749743,197788.5561,450026.8131,35.97153043,7.9480632079566575,26.170582480791197,43.0,1.3605141455663141,1463.0,2.8286389957039892,1464.0,1.3693554261213887,55.0
용산구,(용산동,남산집,0,중위험군,37.54066283,126.9838749,198574.9062,449017.3083,32.22171979,1.4346587072676869,31.562722609793493,43.0,1.3576377561439452,1463.0,2.8317416461976292,1464.0,0.1360308006881774,55.0
용산구,이태원동,남산하우스,0,중위험군,37.53781303,126.9898494,199102.8797,448700.9415,33.16950567,1.0940697605346017,30.032611134632003,43.0,1.3574914006041698,1463.0,2.8377979618130404,1464.0,0.6246532205087614,55.0
용산구,이태원동,소유 하우스(Soyou Haus),0,중위험군,37.53653296,126.9926549,199350.8255,448558.8464,23.0979357,-2.6640949394505604,29.634468438878965,43.0,1.3574339529762225,1463.0,2.840456628901601,1464.0,0.6111542224325578,55.0
용산구,이태원동,경리단집,0,중위험군,37.53677735,126.9921957,199310.2417,448585.9739,24.50832562,-0.6160131269610432,29.696174074084077,43.0,1.3574393775201872,1463.0,2.84000367957762,1464.0,0.6350611164637736,55.0
용산구,후암동,황금하우스,0,중위험군,37.54954844,126.9767918,197949.1632,450003.6343,23.6851775,-4.449680942465196,26.221463390704322,43.0,1.3598244804477568,1463.0,2.82762112628995,1464.0,1.348407666293409,55.0
용산구,후암동,Kaki namu,0,중위험군,37.54825925,126.9772805,197992.31,449860.5392,29.18151724,0.8863976818668,26.55087928687341,43.0,1.3597331653091387,1463.0,2.828373186209632,1464.0,1.1469141798337086,55.0
용산구,이태원동,이태원 루트 스테이,0,중위험군,37.53827016,126.993451,199421.1992,448751.6491,23.71821096,-5.617242993409199,29.708337665917334,43.0,1.357226399066109,1463.0,2.8397354286532277,1464.0,0.713254024187838,55.0
용산구,후암동,햅 브릿지(hap bridge),0,중위험군,37.54693377,126.9760883,197886.9205,449713.453,33.6922576,2.219968225640841,26.989230673186462,43.0,1.3602192951033023,1463.0,2.8288448708066656,1464.0,1.0485328124779176,55.0
용산구,이태원동,STAY JOY,0,중위험군,37.53966069,126.9921149,199303.1211,448905.99,34.43920385,1.1414358199231103,29.976789573985744,43.0,1.357165695134266,1463.0,2.8379257044024864,1464.0,0.7700739158703882,55.0
용산구,서계동,행운의 집,0,중위험군,37.54746671,126.9674771,197125.9677,449772.8313,24.95036807,-2.9683343286423103,28.631812014554516,43.0,1.3626571082982823,1463.0,2.834018486046582,1464.0,1.3616361248777666,55.0
용산구,한남동,Bella 하우스,0,중위험군,37.534514,127.0010542,200093.1787,448334.7418,32.94757325,0.02454438131881176,30.070871380053603,43.0,1.3571838257608129,1463.0,2.846653395593332,1464.0,-0.20122191274824092,55.0
용산구,후암동,KHAN,0,중위험군,37.54423744,126.9817758,198389.4691,449414.0804,33.81615659,0.8784612303370878,29.966346677874334,43.0,1.3574016683891241,1463.0,2.8275621840728777,1464.0,0.07752505306351232,55.0
용산구,동자동,다다하우스(Dada House),0,중위험군,37.55032379,126.9740973,197711.0829,450089.751,28.91327207,-3.2069877824535986,26.26426690713786,43.0,1.3607826126071874,1463.0,2.8290084625739036,1464.0,1.3935772795010974,55.0
용산구,(용산동,금월당,0,중위험군,37.5435402,126.982031,198412.0089,449336.6909,35.27484097,2.215948348929061,30.325681995246214,43.0,1.357423273803122,1463.0,2.8282749422817126,1464.0,-0.011616514584074311,55.0
용산구,후암동,스테이 흰,0,중위험군,37.54772706,126.9768201,197951.6088,449801.4824,31.81570669,5.199643947921775,26.66679799695249,43.0,1.3599437851933927,1463.0,2.828486310544456,1464.0,1.1046066758467,55.0
용산구,이촌동,The R Story,0,중위험군,37.52057402,126.9567891,196180.1055,446788.4543,35.85377815,2.70473742895836,29.947330436616795,43.0,1.367654725660269,1463.0,2.849283983256331,1464.0,-0.2120753744172829,55.0
용산구,(용산동,로로스테이해방촌,0,중위험군,37.53954165,126.9858954,198753.4489,448892.8423,38.14629188,5.0137802198471135,31.059369202080603,43.0,1.3576005016502777,1463.0,2.8339495368908456,1464.0,0.39588814226078667,55.0
용산구,서계동,서계스테이,0,중위험군,37.55168954,126.9676042,197137.3592,450241.5108,30.69327654,1.782476968086275,27.562069242965393,43.0,1.36222121122296,1463.0,2.8327818897939037,1464.0,1.1884708189243298,55.0
용산구,한강로3가,단아,0,중위험군,37.52169003,126.9604914,196507.4408,446912.1735,33.59049473,0.5172912514655508,30.15074625177916,43.0,1.3668884335527383,1463.0,2.846693187868532,1464.0,-0.022018756804781603,55.0
용산구,후암동,서울 게스트하우스,0,중위험군,37.55074223,126.976227,197899.2826,450136.1431,24.19614192,-4.428728738619242,26.277218584164164,43.0,1.3600105232425432,1463.0,2.827594434231871,1464.0,1.4812683095430645,55.0
용산구,한남동,라벨르하우스,0,중위험군,37.53143519,126.9977209,199798.555,447993.0338,29.32173359,-1.565293571844606,29.764427738289776,43.0,1.357567448340808,1463.0,2.846848276489229,1464.0,-0.07778881394840964,55.0
용산구,용문동,라이커서울러,0,중위험군,37.53535072,126.9588475,196362.788,448428.4027,20.05768881,-8.815391884400597,28.311475165126495,43.0,1.3652183780691465,1463.0,2.8428945570796365,1464.0,0.696750118070863,55.0
용산구,서계동,호두나무집,0,중위험군,37.54996606,126.9645311,196865.7351,450050.3232,26.22056965,-0.2768287559522129,27.879644579215018,43.0,1.36282820666584,1463.0,2.835253980331682,1464.0,1.165657474362663,55.0
용산구,이태원동,이태원 드림,0,중위험군,37.53841239,126.9891511,199041.1711,448767.47,40.42805995,7.4027188251905685,30.229524235180016,43.0,1.3574779601989868,1463.0,2.836918445700189,1464.0,0.597278611461318,55.0
용산구,보광동,이태원 스테이,0,중위험군,37.52824944,126.9974015,199770.314,447639.4558,26.91708028,-5.936740259012964,29.711705997224165,43.0,1.357820532626667,1463.0,2.8487773974845294,1464.0,-0.1571061417389159,55.0
용산구,후암동,Pea:pl Huam,0,중위험군,37.5481093,126.9795485,198192.7314,449843.8505,24.45231101,-5.076726838969083,27.24956561725948,43.0,1.3586464188706695,1463.0,2.82723598095898,1464.0,0.9472123938566711,55.0
용산구,이태원동,이태원.zip,0,중위험군,37.53470407,126.9878597,198926.9821,448355.906,34.75253039,1.8614588616918724,29.87772323609031,43.0,1.3579639503693501,1463.0,2.838788402092851,1464.0,0.5880310970996611,55.0
용산구,후암동,CASA NAMSAN,0,중위험군,37.55051249,126.9774787,198009.8854,450110.6175,21.22805258,-3.660180216826639,26.101798228653358,43.0,1.3595613936078967,1463.0,2.826927973642412,1464.0,1.4784665398925632,55.0
용산구,(용산동,해방 하우스,0,중위험군,37.54096439,126.9842085,198604.3901,449050.7727,31.4649151,1.6041881086820133,31.52402983651443,43.0,1.3575707592663395,1463.0,2.8317423830878736,1464.0,0.13524766664071236,55.0
용산구,서계동,늘담 스테이,0,중위험군,37.54879223,126.963867,196807.0035,449920.0645,32.4986227,1.4241314129431437,28.059804507297933,43.0,1.363035343841457,1463.0,2.8360028008372864,1464.0,1.1918839430768344,55.0
용산구,서계동,zizone,0,중위험군,37.54869173,126.964257,196841.4645,449908.8971,30.37951578,2.3424736387007137,28.075683590947737,43.0,1.3630030719869033,1463.0,2.835774757076347,1464.0,1.2027731277445595,55.0
용산구,원효로4가,Jeong's family,0,중위험군,37.53090532,126.9506842,195641.0271,447935.3652,31.40927108,0.21091344494092112,28.316026740051182,43.0,1.366200285933796,1463.0,2.8493654078798802,1464.0,-0.6187802489936642,55.0
용산구,서빙고동,돈키호테,0,중위험군,37.51786867,126.9902113,199134.637,446487.3622,34.994351,1.9775136951653423,29.47988360417233,43.0,1.3591889132411605,1463.0,2.8521040733139884,1464.0,-0.048297275956769914,55.0
용산구,(용산동,소월길,0,중위험군,37.54393491,126.9833204,198525.9627,449380.4779,27.94964562,-5.18145617449305,30.481990717149447,43.0,1.3572605624490865,1463.0,2.8288825537463147,1464.0,0.004570818773100005,55.0
용산구,이태원동,큐브 게스트하우스,0,중위험군,37.53302947,126.9912873,199229.9151,448170.0124,17.31946398,-3.810114913909903,29.520048876920878,43.0,1.357849379581006,1463.0,2.842089128898327,1464.0,0.5046446139639555,55.0
용산구,서계동,수준있는집,0,중위험군,37.54819116,126.9631502,196743.6335,449853.3776,28.17083578,-3.952683490039295,28.180059759733883,43.0,1.3631794323076487,1463.0,2.836633558983586,1464.0,1.2052318851557096,55.0
용산구,이태원동,레온하우스,0,중위험군,37.53869625,126.9903683,199148.7515,448798.9633,32.63576148,-0.028573948329189136,30.07752405418738,43.0,1.3573667166480576,1463.0,2.8374965272577333,1464.0,0.6317752523522521,55.0
용산구,(청파동,서울펜슬,0,중위험군,37.54139999,126.9671602,197097.7309,449099.5086,36.35984747,6.578927698714292,30.729747371970067,43.0,1.363306091812902,1463.0,2.8358994192089506,1464.0,1.386290072903911,55.0
용산구,(청파동,casa cielo,0,중위험군,37.54545181,126.9683294,197201.2132,449549.176,39.89286709,3.1622043734614778,29.735767008861664,43.0,1.3626797838539169,1463.0,2.8340521527285025,1464.0,1.4090727733657407,55.0
용산구,후암동,쯔요시노이에(tuyosinoie),0,중위험군,37.5477145,126.9774958,198011.3195,449800.0739,23.93230512,-5.390900499457963,26.798030419977813,43.0,1.359648834134169,1463.0,2.8284014195406484,1464.0,1.0585294700487975,55.0
용산구,원효로2가,더하우스,0,중위험군,37.53500173,126.9629771,196727.7649,448389.5174,37.0831031,8.40866459270623,28.985505461063234,43.0,1.364763391469157,1463.0,2.8404109141355676,1464.0,1.3489162711123777,55.0
용산구,효창동,J.하우스,0,중위험군,37.53815423,126.9632642,196753.2741,448739.3963,28.37510465,-3.98102320872572,29.44346122145025,43.0,1.3643433665536135,1463.0,2.8392149987229818,1464.0,1.4470253936114283,55.0
용산구,보광동,제니하우스,0,중위험군,37.52787765,126.9974731,199776.6444,447598.1916,32.78769654,-0.014568497074868958,29.700312345883923,43.0,1.3578427601478014,1463.0,2.849059439476778,1464.0,-0.17125430205533532,55.0
용산구,용문동,더 타워 하우스(The tower house),0,중위험군,37.53536913,126.9593306,196405.4836,448430.4274,25.91142961,1.137680579104856,28.39058744000495,43.0,1.365173314713161,1463.0,2.842584203303114,1464.0,0.7797883021710026,55.0
용산구,이태원동,이태원 맨션,0,중위험군,37.53877802,126.9907578,199183.1807,448808.0353,32.09677122,-0.3085405355725186,30.032067317179113,43.0,1.3573336917322554,1463.0,2.8376870619364674,1464.0,0.6667568293696255,55.0
용산구,서계동,Harry's House(해리 하우스),0,중위험군,37.55206852,126.9674209,197121.1793,450283.5786,33.6046859,2.94995392922527,27.53513081177539,43.0,1.3622130000803614,1463.0,2.832802138020909,1464.0,1.2080184615639589,55.0
용산구,이촌동,윤슬,0,중위험군,37.52699018,126.9524972,195801.0569,447500.7507,34.88590135,0.39375419814963664,29.01560001776405,43.0,1.3668767100185655,1463.0,2.849546700768521,1464.0,-0.45069463257124365,55.0
용산구,후암동,더 팔레트 후암,0,중위험군,37.54473767,126.9803784,198265.9826,449469.6247,30.30215814,-0.3419674579311973,29.397470795221345,43.0,1.3581100828873103,1463.0,2.8277307257409214,1464.0,0.2662621366967835,55.0
용산구,후암동,용산 제니하우스,0,중위험군,37.54564895,126.9820917,198417.4116,449570.7355,28.08784106,-4.2092925812644815,29.38226235200318,43.0,1.3573216255693377,1463.0,2.826710488352554,1464.0,0.21976184705929663,55.0
용산구,이태원동,쏭하우스,0,중위험군,37.53793183,126.9906722,199175.6034,448714.1193,32.65552118,-0.007203308100741879,29.957753269277276,43.0,1.3574242379207337,1463.0,2.838235622916976,1464.0,0.6297854688038236,55.0
용산구,이태원동,이태원 코지스테이,0,중위험군,37.53631144,126.9919022,199284.2918,448534.2658,25.29948435,-7.060888859130493,29.660780363492147,43.0,1.3575019484770818,1463.0,2.8401504288668202,1464.0,0.6079199008903444,55.0
용산구,후암동,MOOD SEOUL,0,중위험군,37.54463355,126.9778505,198042.5861,449458.1183,32.19969552,1.497697487801112,28.71864778870877,43.0,1.3595152105291304,1463.0,2.828995502314035,1464.0,0.5253897627189258,55.0
용산구,동자동,유나리아하우스,0,중위험군,37.55026236,126.9742585,197725.3248,450082.9291,22.7275262,2.536246478447495,26.226999324411338,43.0,1.3607333150257912,1463.0,2.828927132954095,1464.0,1.391566555639307,55.0
용산구,이태원동,림하우스,0,중위험군,37.53594878,126.9928326,199366.5261,448494.0084,26.30528079,-2.3559247951295426,29.607274950030593,43.0,1.357476917766264,1463.0,2.8409725140864124,1464.0,0.5636580269712942,55.0
용산구,(청파동,블루릭(Blue Leek),0,중위험군,37.54017596,126.9639231,196811.5976,448963.7611,28.99478013,-0.2113961146181893,29.948657020838525,43.0,1.3640102402217966,1463.0,2.8381829252519686,1464.0,1.4703090359855389,55.0
성동구,하왕십리동,차니하우스,0,중위험군,37.55805459,127.028784,202543.2662,450947.8516,25.23454891,-1.9600823491594355,29.279460754819517,43.0,1.355803677321911,1463.0,2.847307076048857,1464.0,0.3157120981027186,55.0
성동구,송정동,송정 하우스,0,중위험군,37.54662783,127.0645022,205700.0866,449681.1839,24.0064258,-4.442590944822669,33.746950780466136,43.0,1.3567708948153048,1463.0,2.8653895848498827,1464.0,0.871037104365071,55.0
성동구,성동,그린 하우스,0,중위험군,37.54582933,127.0482827,204266.8121,449591.7004,39.09648409,-0.7825523098589429,33.74137245528108,43.0,1.3565438007966308,1463.0,2.860854228783428,1464.0,0.7811034601393955,55.0
성동구,성동,진스테이,0,중위험군,37.5394625,127.0541394,204784.7784,448885.3415,32.4387449,-0.5790626289889005,33.858081239411575,43.0,1.3567482779990214,1463.0,2.8653092788203334,1464.0,0.9565811712645718,55.0
성동구,성동,Hailey's House,0,중위험군,37.5339344,127.0512189,204526.9993,448271.6456,34.5564561,-1.2874447274363092,33.91583857608353,43.0,1.356839273909173,1463.0,2.866736461144512,1464.0,1.0054060611380962,55.0
성동구,성동,팝스테이,0,중위험군,37.54026772,127.0537825,204753.1831,448974.693,31.2494278,3.003343797440973,33.831555111660535,43.0,1.3567266727007323,1463.0,2.8648795820688386,1464.0,0.9484652064061263,55.0
성동구,성동,스테이 조율-성수,0,중위험군,37.53220981,127.0548993,204852.4048,448080.4209,35.03997235,-1.097302191307925,33.95765880935683,43.0,1.3569014061723739,1463.0,2.8684244066220423,1464.0,1.045130653514083,55.0
성동구,행당동,어반스케치,0,중위험군,37.55433323,127.0351149,203102.7959,450535.015,31.01612937,4.133054676567749,29.37061367572665,43.0,1.3560831926549661,1463.0,2.8520288151325346,1464.0,-0.02854559373677462,55.0
성동구,성동,달래하우스,0,중위험군,37.54178811,127.0497686,204398.3597,449143.2424,35.37129677,1.6391886528418027,33.71553410888481,43.0,1.3566489431900337,1463.0,2.8630479097231274,1464.0,0.9112582809661499,55.0
성동구,성동,SYOM,0,중위험군,37.53414112,127.054017,204774.3045,448294.7273,33.5893465,-2.417136080243644,33.935401162233,43.0,1.3568572769647937,1463.0,2.8674200620002184,1464.0,1.007399029627185,55.0
성동구,성동,금호스테이,0,중위험군,37.5457164,127.021118,201866.2312,449578.2805,37.16132447,3.7519367715605227,30.230308718388883,43.0,1.3562417246192513,1463.0,2.8501956233212673,1464.0,-1.0225039567452958,55.0
성동구,성동,바인 스테이 성수,0,중위험군,37.54617069,127.0444113,203924.6697,449629.4186,28.18006879,-5.956563083156077,33.54113999681874,43.0,1.356481141426429,1463.0,2.8593970432366165,1464.0,0.685663581548042,55.0
성동구,하왕십리동,서울 비앰비,0,중위험군,37.56184051,127.0260286,202299.6893,451367.9729,37.01310899,7.507657617600209,30.125304801723992,43.0,1.3555344038109405,1463.0,2.8439898231258227,1464.0,0.2728590382476762,55.0
성동구,성동,리틀 포레스트,0,중위험군,37.53458686,127.0525155,204641.5639,448344.1238,33.28722836,-2.1994731872815336,33.923065092327064,43.0,1.356835871303298,1463.0,2.8668301781321204,1464.0,1.0035565546302407,55.0
성동구,옥수동,Hannam guest house,0,중위험군,37.53816993,127.0089856,200794.1502,448740.5426,36.5204789,7.866303951023031,31.286102232587254,43.0,1.356717293647308,1463.0,2.8485542917199216,1464.0,-0.49069327978571,55.0
성동구,용답동,용답스테이,0,중위험군,37.55987237,127.0522577,204617.2149,451150.4977,32.78419457,4.7231937205581005,31.04466197324512,43.0,1.3562727261708594,1463.0,2.8562124348077753,1464.0,0.3478591556467875,55.0
성동구,성동,포레리움,0,중위험군,37.54553266,127.0422072,203729.9231,449558.5152,35.84050268,4.240879514226755,33.498812279520706,43.0,1.3564674278748825,1463.0,2.85890957145923,1464.0,0.6421238717401729,55.0
성동구,성동,아워 스테이,0,중위험군,37.53900161,127.0490565,204335.5857,448833.9418,27.77890156,-7.636988266380982,33.82935875345386,43.0,1.3567055457314,1463.0,2.8640034345456673,1464.0,0.9317499835999323,55.0
성동구,성동,Greenbnb,0,중위험군,37.53478943,127.0523989,204631.2413,448366.6008,37.82892714,2.342541492555334,33.918174941144876,43.0,1.3568307031247786,1463.0,2.866715589095757,1464.0,0.9993668812764582,55.0
성동구,성동,미야오엔퍼얼,0,중위험군,37.53841605,127.0491474,204343.6525,448768.956,24.39505448,-4.804345386300824,33.84899089360655,43.0,1.3567205541985357,1463.0,2.8642772269203776,1464.0,0.9373169140875401,55.0
성동구,성동,어반리브 인 성수(URBAN LIVE IN SEONGSU),0,중위험군,37.53460493,127.046222,204085.3096,448345.8373,35.39564942,0.3709712684208668,33.84404730544116,43.0,1.3567884020095684,1463.0,2.865014356794896,1464.0,0.9474177115990497,55.0
마포구,연남동,와이즈하우스,0,중위험군,37.55779652,126.9216946,193081.1466,450921.7014,33.267893,1.1895181452560166,32.712472718364126,43.0,1.3587111226876702,1463.0,2.8585374105890464,1464.0,1.9110398977151462,55.0
마포구,연남동,트윈래빗1 게스트하우스,0,중위험군,37.55789361,126.9218322,193093.3162,450932.4671,35.55621481,-0.9883090383096658,32.75008170043398,43.0,1.358718795143167,1463.0,2.85844841113702,1464.0,1.9255165098529685,55.0
마포구,동교동,오하나 하우스,0,중위험군,37.55422456,126.927554,193598.5669,450524.8411,27.82469851,1.7073451519545095,30.223892858481904,43.0,1.3600507680675922,1463.0,2.8563827609815573,1464.0,3.3997215999685215,55.0
마포구,연남동,훤게스트하우스,0,중위험군,37.55870775,126.9198925,192922.0112,451022.9713,38.71075694,4.806259310962673,33.11782288463079,43.0,1.3583234584633637,1463.0,2.8592040336751605,1464.0,1.9404527885558815,55.0
마포구,서교동,KK-하우스,0,중위험군,37.55193913,126.9253322,193402.0439,450271.3393,32.74695425,1.7632350495303584,31.388896415077998,43.0,1.3600444968353196,1463.0,2.857971255351206,1464.0,2.4363820079178495,55.0
마포구,성산동,게스트하우스 성산,0,중위험군,37.55595163,126.9128343,192298.0919,450717.6296,38.14555038,6.1697168461990195,30.03268637333536,43.0,1.3575950658961968,1463.0,2.863007413470374,1464.0,1.1844050695796322,55.0
마포구,연남동,연남 끝자락,0,중위험군,37.56360512,126.9199508,192927.6209,451566.5173,36.21115663,1.810848598053667,34.60865559490972,43.0,1.3577080573269549,1463.0,2.8581034272160637,1464.0,1.154917753594518,55.0
마포구,연남동,포근하우스,0,중위험군,37.55913646,126.9193057,192870.2002,451070.5974,36.82256692,7.156446825202977,33.23321625674383,43.0,1.358180284395623,1463.0,2.8593888986991702,1464.0,2.041097053390724,55.0
마포구,서교동,코지 스테이,0,중위험군,37.55151743,126.9253299,193401.7999,450224.5358,32.00167776,2.3320018387525856,31.77475539912156,43.0,1.360102946086659,1463.0,2.8580609491437805,1464.0,2.3138034632003137,55.0
마포구,연남동,스튜디오호퓨,0,중위험군,37.56059168,126.9255391,193421.081,451231.6551,40.93780333,5.450673556952516,35.65449652217778,43.0,1.358902460063718,1463.0,2.8560037964367093,1464.0,2.710170083585011,55.0
마포구,성산동,NANI HOUSE RoofTop 33,0,중위험군,37.56535053,126.9065646,191745.1355,451761.329,22.48437175,-6.585533718851828,30.494640000395492,43.0,1.3555080418269978,1463.0,2.863758569717713,1464.0,0.798753954328741,55.0
마포구,서교동,테디하우스,0,중위험군,37.55267949,126.9287785,193706.6347,450353.2741,31.31296706,1.2319960015426439,28.488159865847997,43.0,1.3604411920720874,1463.0,2.856074441883293,1464.0,2.471418037453528,55.0
마포구,동교동,티오피 하우스,0,중위험군,37.55482194,126.926535,193508.5748,450591.2131,41.0454164,6.51553975224261,31.597429623601165,43.0,1.3598217286498737,1463.0,2.8567755706134217,1464.0,2.949603739779851,55.0
마포구,서교동,RM,0,중위험군,37.55090549,126.9147261,192464.7387,450157.4149,33.76621815,1.011407803503154,29.714887479480797,43.0,1.3585764079835636,1463.0,2.8632946493947977,1464.0,2.707485213140182,55.0
마포구,동교동,아우어하우스,0,중위험군,37.55336243,126.9292649,193749.6664,450429.0399,25.33308272,-4.521193969442834,28.771620078413594,43.0,1.3604138495435751,1463.0,2.8556841354790246,1464.0,2.3350974499750605,55.0
마포구,동교동,루프탑하우스,0,중위험군,37.55418272,126.9254038,193408.5639,450520.346,23.46196552,-4.742137754407501,31.677281106923104,43.0,1.3597448761140072,1463.0,2.857471065822208,1464.0,2.669401465754353,55.0
마포구,동교동,돌마,0,중위험군,37.55469129,126.9193174,192870.8123,450577.2354,34.59104969,4.9209611619116025,32.10534985507947,43.0,1.3587620914223357,1463.0,2.86031041531053,1464.0,3.7277502413126213,55.0
마포구,연남동,DW STAY3,0,중위험군,37.55843309,126.9212721,193043.8739,450992.3843,33.83190683,-1.2575732237822237,33.02816722668004,43.0,1.3585648926509664,1463.0,2.8586000208015707,1464.0,1.663894794095187,55.0
마포구,연남동,한스,0,중위험군,37.55852504,126.9185585,192804.1256,451002.794,28.54744467,-0.24216027695349496,32.510052656627195,43.0,1.3581465932665364,1463.0,2.859879841401524,1464.0,2.8550988256207495,55.0
마포구,연남동,Ssol Guest House,0,중위험군,37.55851995,126.9245155,193330.4643,451001.7897,37.80270192,6.263430504091474,34.28460025113385,43.0,1.3590296595987026,1463.0,2.8569803142043626,1464.0,2.495608172713557,55.0
마포구,동교동,구 하우스,0,중위험군,37.55634351,126.9211748,193035.0841,450760.4729,23.99391221,-6.095839398697699,32.403184318236214,43.0,1.358825157924027,1463.0,2.8590924261501915,1464.0,2.151584048564695,55.0
마포구,합정동,합정해날,0,중위험군,37.54426265,126.913765,192379.1336,449420.2171,41.99386895,4.795441841154592,30.610129122571518,43.0,1.3593957178387925,1463.0,2.865341568742613,1464.0,2.008845035226635,55.0
마포구,상수동,스프링 라이트 게스트 하우스,0,중위험군,37.54764523,126.9232193,193214.9456,449794.9183,39.15014904,-1.3781876082793758,32.32096167123194,43.0,1.3603751977832552,1463.0,2.8600441289811034,1464.0,1.9891331378030772,55.0
마포구,동교동,SSU HOME,0,중위험군,37.55460824,126.9287221,193701.8125,450567.3461,34.04567459,-0.4710825190819392,29.898285127282755,43.0,1.3601634160248464,1463.0,2.855709802722264,1464.0,2.8378938639714724,55.0
마포구,합정동,스테이코리아,0,중위험군,37.54869116,126.9084629,191911.0465,449912.1713,22.941797,-5.223736128410913,32.35764345897053,43.0,1.357889555894223,1463.0,2.8665868777233614,1464.0,2.8558986488693954,55.0
마포구,연남동,라온 하우스 연남,0,중위험군,37.55695425,126.9202395,192952.503,450828.3275,29.36748283,-0.17261869045229616,32.25924651174607,43.0,1.3586039943550183,1463.0,2.85941363122751,1464.0,2.5165351013332415,55.0
마포구,연남동,민스테이2,0,중위험군,37.55680926,126.9176728,192725.698,450812.4309,27.15213555,-0.037145362888143296,30.85956412786181,43.0,1.3582333432170763,1463.0,2.8606434705507557,1464.0,3.6456775639577463,55.0
마포구,성산동,Choi's Stay HongDae,0,중위험군,37.55676672,126.9147572,192468.0768,450807.9391,25.01274552,-0.2964068084661662,30.142056708577552,43.0,1.3577905786739544,1463.0,2.8619819953619063,1464.0,2.243197960868833,55.0
마포구,서교동,더퍼스트홍대스테이101,0,중위험군,37.55146122,126.9266748,193520.6385,450218.2036,28.40707068,3.041629096238456,30.639133982965696,43.0,1.360309211932528,1463.0,2.8573984666729375,1464.0,2.0612501110224564,55.0
마포구,동교동,연지아트,0,중위험군,37.5526605,126.9317221,193966.7376,450350.9735,24.51116093,-1.6658819968293415,30.32638512413023,43.0,1.3608526823411362,1463.0,2.8545473347868993,1464.0,2.5203453370285676,55.0
마포구,신수동,스테이 다하세,0,중위험군,37.54614185,126.9371346,194444.5194,449627.148,35.57648115,6.275084592778249,28.122321167579415,43.0,1.362529213241756,1463.0,2.8530500238544056,1464.0,1.8677089820477808,55.0
마포구,연남동,연남내일,0,중위험군,37.55791318,126.9202118,192950.1485,450934.7595,33.9142008,-0.47772216964743563,32.68682069407762,43.0,1.3584744737562076,1463.0,2.8592288063968816,1464.0,2.199562291099717,55.0
마포구,서교동,Lucy Stay,0,중위험군,37.55111052,126.913632,192368.0825,450180.259,22.04434461,-2.343018098947045,29.914514432074792,43.0,1.358375342969119,1463.0,2.8637424772440983,1464.0,2.807010947267941,55.0
마포구,서교동,서교휴스테이,0,중위험군,37.55279818,126.9286534,193695.5931,450366.4557,25.93416033,-4.0224389763447626,28.407753249660875,43.0,1.360406735326427,1463.0,2.856114158185609,1464.0,2.6554556865877346,55.0
마포구,창전동,아이린 홈,0,중위험군,37.55061658,126.931945,193986.2731,450124.1085,34.51662387,-1.33244290231233,28.7901148237155,43.0,1.361176122981848,1463.0,2.8548523082341286,1464.0,2.647162966165265,55.0
마포구,서교동,서교 게스트하우스 다날,0,중위험군,37.54725613,126.9184787,192795.9831,449752.0856,30.68283529,-0.26404282080138586,30.638459091209263,43.0,1.3597020507657853,1463.0,2.862432073030422,1464.0,1.7878041660970243,55.0
마포구,상수동,슈기 BNB,0,중위험군,37.54765558,126.9226917,193168.3255,449796.1053,40.16823128,-1.6270625792180624,32.13092041171063,43.0,1.3602935491988082,1463.0,2.860302117619392,1464.0,2.0029036675291163,55.0
마포구,성산동,머무름,0,중위험군,37.56182415,126.9141894,192418.4166,451369.2997,37.3043128,3.3728600641073996,33.11429921044071,43.0,1.357072852292346,1463.0,2.861177111915323,1464.0,0.2165101318336269,55.0
마포구,연남동,라벤더하우스,0,중위험군,37.5600351,126.9234491,193236.3744,451170.0296,32.93403465,-0.2645557571665762,35.51382965387853,43.0,1.3586752110474205,1463.0,2.8571745175989776,1464.0,2.7031750422619516,55.0
마포구,연남동,익스테이 맨션 연남,0,중위험군,37.56165068,126.9204902,192975.0909,451349.557,29.38357537,0.4693105238561017,34.32688250637016,43.0,1.3580341740158912,1463.0,2.858267096229926,1464.0,1.3906640401764365,55.0
마포구,서교동,디자인 스테이 합정,0,중위험군,37.54887719,126.914836,192474.2461,449932.2891,28.40657473,-1.6058973423053935,29.92165490798166,43.0,1.3588858070919982,1463.0,2.863728532884121,1464.0,2.0829668037831244,55.0
마포구,동교동,뮤즈,0,중위험군,37.5558765,126.923548,193244.7381,450708.4672,30.51335378,0.9196712792017543,32.29932446439588,43.0,1.3592413600459576,1463.0,2.8580409648074254,1464.0,1.5750551259242838,55.0
마포구,성산동,JY House 2,0,중위험군,37.56103633,126.9146356,192457.7654,451281.8251,40.69309482,4.7098126468088495,33.177366282817765,43.0,1.357237180060166,1463.0,2.861145850867933,1464.0,0.3481739791577567,55.0
마포구,서교동,YONG HOUSE,0,중위험군,37.55098903,126.9245619,193333.8861,450165.9439,29.67906713,-1.1025803578743947,32.67255256851125,43.0,1.360065090782088,1463.0,2.858561612605114,1464.0,2.4049969709220225,55.0
마포구,성산동,JY HOUSE,0,중위험군,37.55726808,126.914478,192443.4568,450863.6065,25.61974775,-4.471933714307948,30.279080700241792,43.0,1.3576839316800278,1463.0,2.86200521686242,1464.0,2.1805664208520175,55.0
마포구,동교동,모노홈1,0,중위험군,37.55378382,126.9295017,193770.6301,450475.7934,26.27219165,-5.092821998778671,29.06460796844263,43.0,1.360387927574776,1463.0,2.855476103794618,1464.0,2.3109900957198932,55.0
마포구,서교동,새롬,0,중위험군,37.55128859,126.9239814,193282.6187,450199.2328,32.35519934,-0.47511647154288283,32.60638553143814,43.0,1.359934619043955,1463.0,2.8587810125083526,1464.0,2.653325627217054,55.0
마포구,동교동,준하우스3,0,중위험군,37.55723082,126.9218378,193093.7533,450858.9049,43.71208381,5.958614167179633,32.490950970937355,43.0,1.3588069926952107,1463.0,2.8585952151303724,1464.0,1.96142312691383,55.0
마포구,망원동,함성 파라다이스,0,중위험군,37.55732145,126.9040559,191522.5916,450870.4189,31.17133177,-4.127411260167438,32.02219468408763,43.0,1.356054423000934,1463.0,2.8664519622982945,1464.0,1.8161373089122883,55.0
마포구,성산동,성산아뜰리에,0,중위험군,37.56019029,126.9096289,192015.3097,451188.3382,24.03977298,-2.77708843007375,30.854170569411984,43.0,1.3565768138157976,1463.0,2.863540839480137,1464.0,0.740872173552681,55.0
마포구,동교동,바이브스테이,0,중위험군,37.55319291,126.9308158,193886.6939,450410.1232,30.8128126,6.596142563427815,30.006704081436506,43.0,1.360653353624049,1463.0,2.854914105182377,1464.0,2.1218919585427765,55.0
마포구,신공덕동,데이오프모드홈,0,중위험군,37.53990855,126.9562045,196129.4227,448934.3715,16.71965706,-2.0100296725779323,27.796879544528302,43.0,1.3646933345952188,1463.0,2.8431870129665624,1464.0,0.3075259713471787,55.0
마포구,연남동,바닐라하우스,0,중위험군,37.5582193,126.9207099,192994.1878,450968.6979,39.39225521,5.45704526948375,32.940869946441055,43.0,1.3585090863043714,1463.0,2.8589201431188425,1464.0,1.8402988841827645,55.0
마포구,서교동,스텔라,0,중위험군,37.54959647,126.912166,192238.3813,450012.3377,30.068261,4.333718449804866,30.57439373048028,43.0,1.358357429942149,1463.0,2.864757652686807,1464.0,2.781972177910661,55.0
마포구,창전동,유유당,0,중위험군,37.55037236,126.9278371,193623.2521,450097.2738,26.62969059,0.45245039751965876,31.816216363376945,43.0,1.3606326880354787,1463.0,2.857038304969429,1464.0,1.444173053982742,55.0
마포구,서교동,시즈 스페이스,0,중위험군,37.55117729,126.9133849,192346.2482,450187.6898,25.27037924,2.761089952031636,30.005606311471833,43.0,1.3583270059826826,1463.0,2.863838109377931,1464.0,2.848067869661277,55.0
마포구,연남동,La Lune,0,중위험군,37.55925439,126.9225821,193159.7005,451083.4428,29.54518489,-0.5744307456097246,34.25912817249886,43.0,1.3586508842090057,1463.0,2.857776253861138,1464.0,2.4962231293807604,55.0
마포구,창전동,홍시하우스,0,중위험군,37.54946987,126.9265325,193507.8941,449997.1975,29.11612454,0.611233520514908,32.70108543809112,43.0,1.3605842678633455,1463.0,2.8579285575409856,1464.0,1.542231373795471,55.0
마포구,서교동,서교로운,0,중위험군,37.55049276,126.9160363,192580.4697,450111.5026,26.88859193,-3.2995189431241236,29.808806322126053,43.0,1.3588409344733499,1463.0,2.8627912519027476,1464.0,2.655920461424088,55.0
마포구,동교동,다우하우스2,0,중위험군,37.55457568,126.927105,193558.921,450563.842,40.71434358,6.924661023594034,30.92571417240348,43.0,1.3599377863714366,1463.0,2.856538563252251,1464.0,3.183936175462361,55.0
마포구,서교동,타일러 하우스,0,중위험군,37.5467538,126.916954,192661.1965,449696.451,29.57551963,0.5964443246674804,30.460768198971564,43.0,1.3595363763150585,1463.0,2.8632694584607203,1464.0,1.8010968166653314,55.0
마포구,동교동,스테이 조은,0,중위험군,37.55756505,126.9239548,193280.8362,450895.847,22.61313565,-7.627608254559654,33.14520991958722,43.0,1.3590751146715985,1463.0,2.8574755346738283,1464.0,2.2206833773705092,55.0
마포구,망원동,톨망스테이 마포,0,중위험군,37.5569266,126.899778,191144.5553,450826.9896,34.69890026,3.462167856821509,32.69893506489562,43.0,1.3554420632404491,1463.0,2.8682635024246417,1464.0,1.853815656939804,55.0
마포구,서교동,홈 스윗 402 마포,0,중위험군,37.55090715,126.9129594,192308.6202,450157.7422,22.06168508,-6.245662820229299,30.20832656990179,43.0,1.3582979962839845,1463.0,2.86409294637873,1464.0,2.88860592017746,55.0
마포구,서교동,부티크서울,0,중위험군,37.55142189,126.9271918,193566.317,450213.803,30.73164498,5.2021812445345645,30.17876506123968,43.0,1.3603902347001438,1463.0,2.8571453283880293,1464.0,2.0146180089470143,55.0
마포구,서교동,스테이 해움,0,중위험군,37.54660575,126.9156218,192543.4619,449680.124,37.10582542,4.064072098730627,30.355139983705353,43.0,1.359345683626867,1463.0,2.863920694334749,1464.0,1.8859119935855027,55.0
마포구,연남동,휘게,0,중위험군,37.55851835,126.9243834,193318.7905,451001.6215,42.38424742,4.2820721885130695,34.24643166079255,43.0,1.3590107173816253,1463.0,2.857046848524845,1464.0,2.489328545814243,55.0
마포구,합정동,결,0,중위험군,37.54861729,126.9042444,191538.2568,449904.3439,34.30626323,1.8155136278771735,32.80764548353985,43.0,1.3572154056451007,1463.0,2.8683701227580407,1464.0,2.61673047733193,55.0
마포구,성산동,캉스하우스,0,중위험군,37.55750175,126.9077471,191848.7506,450890.1035,41.89491356,7.2184924671459285,31.433057668754365,43.0,1.356609396341684,1463.0,2.864885136198865,1464.0,1.2589000798109604,55.0
마포구,성산동,제이와이스테이 2,0,중위험군,37.56307978,126.9145847,192453.469,451508.6281,33.73385391,2.7229866833701912,33.55562952082654,43.0,1.3569787938393991,1463.0,2.860726019804326,1464.0,-0.02246175915517823,55.0
마포구,창전동,카사코요,0,중위험군,37.54439269,126.9314306,193940.3069,449433.3648,35.00590587,2.1318651376512676,31.132447544411576,43.0,1.3620866136880332,1463.0,2.8566339493522825,1464.0,-0.07774643187522579,55.0
마포구,동교동,메모리 조선,0,중위험군,37.55775829,126.9240385,193288.2437,450917.2884,25.64662774,-8.136661565047902,33.34526059685946,43.0,1.3590615884102148,1463.0,2.8573901980893828,1464.0,2.297634780836468,55.0
마포구,상암동,STAY PUZZLE,0,중위험군,37.57386298,126.8955523,190773.2687,452707.1364,30.9205535,3.781656907528678,31.670124659768536,43.0,1.3529887170122885,1463.0,2.866437936275073,1464.0,-1.2073703337158341,55.0
마포구,아현동,마포온탑,0,중위험군,37.55067626,126.9595336,196424.1593,450129.3252,32.95100231,3.197267112906534,27.90219363310984,43.0,1.3631198195275886,1463.0,2.8383470880357953,1464.0,1.0173234551974926,55.0
마포구,노고산동,B.B.Stay (Sinchon),0,중위험군,37.55289838,126.9389669,194606.9329,450376.935,36.78137629,5.618495993953065,27.929836123519763,43.0,1.361727949409381,1463.0,2.850522646156637,1464.0,2.7321843934825316,55.0
마포구,서교동,이프스테이,0,중위험군,37.55546359,126.9129239,192305.9552,450663.4556,23.88584963,-5.304733425597966,30.03264783712901,43.0,1.357670727381739,1463.0,2.8630687859804245,1464.0,1.416504061875253,55.0
마포구,성산동,도메인,0,중위험군,37.55976615,126.9161614,192592.4449,451140.7287,28.52777175,0.3115800120159662,32.57907570639749,43.0,1.3576263958553392,1463.0,2.860724839917665,1464.0,1.3136267618189807,55.0
마포구,노고산동,포시즌,0,중위험군,37.55171722,126.9399304,194691.9807,450245.7855,34.10111243,5.252016377552241,28.33867826246084,43.0,1.362007512435607,1463.0,2.8502524176575283,1464.0,2.7917784219585107,55.0
마포구,서교동,OMG HOUSE,0,중위험군,37.55234514,126.9280798,193644.8678,450316.2123,26.65922893,-4.487369555291735,28.711416892629707,43.0,1.3603885638438182,1463.0,2.8565011976861294,1464.0,2.763085398628414,55.0
마포구,망원동,리버레스트,0,중위험군,37.5511509,126.90009,191171.4409,450185.9263,37.87598507,3.744015185367296,33.060663792592315,43.0,1.3562120632265935,1463.0,2.8694478520628675,1464.0,2.3041561278435547,55.0
마포구,합정동,망원 다날하우스,0,중위험군,37.54926971,126.9050766,191611.8698,449976.6801,36.26360009,5.11099209826256,32.67051426487377,43.0,1.3572620982338444,1463.0,2.8678734607762797,1464.0,2.689192288025914,55.0
마포구,서교동,제니수빈하우스,0,중위험군,37.55278146,126.9279665,193634.8933,450364.6463,23.63023311,-2.5050049899812556,28.570551540891202,43.0,1.3603110471331885,1463.0,2.856468758192128,1464.0,3.3053435410425727,55.0
마포구,연남동,Sang Oh's House,0,중위험군,37.55605432,126.9184987,192798.6024,450728.5779,32.49833447,1.1693492842109308,30.95942466131346,43.0,1.3584576384426512,1463.0,2.8604138231216596,1464.0,3.4152489819647753,55.0
마포구,동교동,코지듀플렉스 하우스,0,중위험군,37.55465313,126.9247605,193351.7689,450572.6012,30.97562203,3.111537710195588,32.428722488574024,43.0,1.359586008828009,1463.0,2.8576938266610097,1464.0,1.9322315798526344,55.0
마포구,망원동,망원루,0,중위험군,37.55113694,126.9063357,191723.3458,450183.8087,23.9631614,-8.105199561098008,32.25240457955588,43.0,1.3572128506102923,1463.0,2.866911044701499,1464.0,2.7314458753392095,55.0
마포구,합정동,THE MORUVIA,0,중위험군,37.55076621,126.9094035,191994.3865,450142.3964,42.99204982,1.545442504208964,31.772146396757606,43.0,1.3577530959015582,1463.0,2.865691392993659,1464.0,2.947753236609841,55.0
마포구,공덕동,위시 스테이,0,중위험군,37.54369658,126.9538131,195918.2874,449354.8979,28.20674077,4.625359872431218,27.130224036808603,43.0,1.364147140321549,1463.0,2.843684109918323,1464.0,-0.024502655588626188,55.0
마포구,성산동,풀하우스1,0,중위험군,37.56104176,126.9093305,191989.0395,451282.8667,23.65384853,-5.105754515869851,30.85140321426795,43.0,1.3564291446014412,1463.0,2.8634985852716306,1464.0,0.7228353308347696,55.0
마포구,서교동,위리브홍대501,0,중위험군,37.5499898,126.9196882,192903.1298,450055.3981,32.98019543,5.674428773537301,30.869574947334208,43.0,1.3594812316726859,1463.0,2.8611936787093923,1464.0,2.938009598041351,55.0
마포구,서교동,누비스테이 홍대,0,중위험군,37.55315463,126.927343,193579.8291,450406.1061,23.57534656,-3.124772319973033,28.954971218640903,43.0,1.360169211515279,1463.0,2.8567086760488762,1464.0,3.398716335298447,55.0
마포구,합정동,스테이 서온,0,중위험군,37.54896244,126.9081269,191881.3861,449942.3091,40.05799576,0.6897087011863547,32.41357154804107,43.0,1.357797509361543,1463.0,2.8666657331475975,1464.0,2.9043479256289997,55.0
마포구,연남동,포레스트 연남,0,중위험군,37.5636183,126.9197142,192906.7193,451567.998,31.62598176,2.4427103122310427,34.59514496129502,43.0,1.357671837844052,1463.0,2.8582140296129803,1464.0,1.0010663461160925,55.0
마포구,동교동,센테니얼,0,중위험군,37.55685321,126.9217056,193082.0331,450817.0044,27.59019674,-7.842865894692945,32.3942731160341,43.0,1.3588371964576875,1463.0,2.8587355434862802,1464.0,1.963114949385731,55.0
마포구,동교동,Ogada,0,중위험군,37.55493531,126.9279649,193634.9368,450603.698,30.96974865,2.4374956475493406,30.55443218759335,43.0,1.3600109756074217,1463.0,2.856030131940075,1464.0,3.038644779458817,55.0
마포구,성산동,수니하우스,0,중위험군,37.55794477,126.9164707,192619.5987,450938.5528,31.19970535,-1.0430487553375123,31.013247301509974,43.0,1.3579039639345252,1463.0,2.8609661040789183,1464.0,3.398621326367026,55.0
마포구,대흥동,서강제이스테이,0,중위험군,37.54967635,126.9440976,195060.0801,450019.0463,42.33524994,8.033143800218653,29.733513735792982,43.0,1.3627276282929042,1463.0,2.848280483622613,1464.0,2.90109841387679,55.0
마포구,망원동,대상101,0,중위험군,37.55340663,126.9044787,191559.5042,450435.8823,41.55074877,6.319941225715823,32.38199503224838,43.0,1.356618215804849,1463.0,2.8671590604839743,1464.0,2.4065299908052102,55.0
마포구,상암동,플레이스공백,0,중위험군,37.57368571,126.8950498,190728.8612,452687.5109,25.45795547,-0.7040145785214627,31.69107777045569,43.0,1.3529351197073798,1463.0,2.866663981708876,1464.0,-1.2112551758887955,55.0
마포구,창전동,4U STAY 2호점,0,중위험군,37.55152012,126.9295253,193772.5227,450224.5482,27.06025953,1.7033527401124395,29.94931686916812,43.0,1.3607109551692884,1463.0,2.8559298012236147,1464.0,1.4012641153681522,55.0
마포구,창전동,Meet seoul,0,중위험군,37.54384404,126.9310365,193905.4371,449372.4967,25.3817539,-2.5056149277066204,31.36678383423176,43.0,1.3621229117530549,1463.0,2.8569855290762183,1464.0,-0.056541341864820294,55.0
마포구,동교동,NG HOUSE,0,중위험군,37.55405638,126.9283128,193665.6013,450506.1238,32.39205576,2.0652754170621925,29.390254004529464,43.0,1.3601823161372475,1463.0,2.856030926846101,1464.0,3.109083891011054,55.0
마포구,서교동,스테이 패스포트 삿포로 료칸 서울 홍대 2,0,중위험군,37.55016087,126.9224061,193143.3168,450074.1831,37.4126863,3.5697379574476926,31.993480580040305,43.0,1.3598692238148358,1463.0,2.859833073793007,1464.0,2.65288471132042,55.0
마포구,서교동,LaLa House,0,중위험군,37.55298572,126.926104,193470.3338,450387.4444,30.68509449,1.4156456163537996,30.18178422866344,43.0,1.3600126850199525,1463.0,2.8573677997325224,1464.0,2.9256026150701517,55.0
마포구,연남동,파크애비뉴2,0,중위험군,37.55972368,126.9222049,193126.4132,451135.5559,29.18723315,-6.982465233895052,34.14489726331829,43.0,1.358534272006701,1463.0,2.8578572115171363,1464.0,2.435552190808923,55.0
강서구,공항동,다산하우스,0,중위험군,37.55819835,126.8091533,183137.394,450980.5368,36.66551807,3.288504539382579,31.95067511440251,43.0,1.3433783780290565,1463.0,2.892425951319169,1464.0,-0.04240342526472611,55.0
마포구,연남동,게스트하우스 미야,0,중위험군,37.55831432,126.9248872,193363.2837,450978.9409,33.26936542,-1.9984049319139814,34.17493145257019,43.0,1.3591108105796452,1463.0,2.856839883490157,1464.0,2.4638976761523015,55.0
마포구,연남동,써니힐게스트하우스,0,중위험군,37.55782876,126.9202923,192957.2453,450925.3838,25.18874332,-7.272840584223111,32.661816972721425,43.0,1.3584975376779789,1463.0,2.859209133102527,1464.0,2.1876468551541053,55.0
마포구,서교동,해피트리 게스트하우스 2호점,0,중위험군,37.55203802,126.9268585,193536.9191,450282.2089,23.74382047,-5.8885202740525315,29.696115874315907,43.0,1.3602550809032552,1463.0,2.857185097450515,1464.0,2.5388971012973194,55.0
마포구,서교동,에이블게스트하우스2,0,중위험군,37.55280968,126.9261264,193472.2995,450367.9045,31.58223256,2.3015595636923365,30.118466191133063,43.0,1.3600404185121564,1463.0,2.857393010541603,1464.0,2.890522397114531,55.0
마포구,서교동,홍대게스트하우스 마마스앤파파스,0,중위험군,37.54670433,126.9198148,192914.0087,449690.7409,39.34662083,5.7329163639496485,30.94342206550739,43.0,1.3599955372182135,1463.0,2.8619327970813417,1464.0,1.7715403442195052,55.0
마포구,서교동,Dream House,0,중위험군,37.55175436,126.9156247,192544.2258,450251.5577,30.00158181,0.0302477318651313,29.58265901611454,43.0,1.3585958700261562,1463.0,2.8626823969050976,1464.0,2.8136351226226406,55.0
마포구,서교동,코코아2,0,중위험군,37.54705335,126.9209993,193018.7097,449729.3893,26.36162214,-6.349499549826845,31.374663897790448,43.0,1.3601264044904406,1463.0,2.861276830125875,1464.0,1.8534406272157795,55.0
마포구,서교동,오리 게스트하우스,0,중위험군,37.55317553,126.927908,193629.7549,450408.3873,24.42336585,-2.23639079872164,28.57694273741646,43.0,1.3602474930277153,1463.0,2.8564174245367058,1464.0,3.4396950942131865,55.0
마포구,동교동,패밀리하우스텔＃,0,중위험군,37.55684199,126.9226019,193161.2268,450815.6935,32.9948693,1.2859436059120917,32.373460416125766,43.0,1.358972079878215,1463.0,2.858306167382796,1464.0,1.9298510687320851,55.0
마포구,연남동,Kassy's House,0,중위험군,37.56079124,126.9253162,193401.4053,451253.8195,40.16257635,5.2378608952364445,35.65732497761816,43.0,1.3588444850694021,1463.0,2.856072567539973,1464.0,2.74164101392269,55.0
마포구,신수동,The house Maxminium,0,중위험군,37.54674616,126.9326125,194044.9467,449694.496,35.03725006,4.543683289253895,28.932079360657482,43.0,1.3618618150667232,1463.0,2.8553987833073524,1464.0,1.0465539697927415,55.0
마포구,연남동,서울크라운88게스트하우스,0,중위험군,37.56035396,126.9256121,193427.5108,451205.2659,31.7595665,-0.14354478037329343,35.65408719617609,43.0,1.3589441960390702,1463.0,2.856019304350909,1464.0,2.6788712231185423,55.0
마포구,성산동,이강게스트하우스,0,중위험군,37.55755256,126.9146392,192457.7252,450895.1675,28.62220364,2.0240680756634717,30.433586154012225,43.0,1.3576728307207928,1463.0,2.861875050966289,1464.0,2.275979410162506,55.0
마포구,동교동,Seoulwise,0,중위험군,37.55706685,126.9220143,193109.3334,450840.6932,36.05495544,-0.7067149255724274,32.44860157743663,43.0,1.358854946793403,1463.0,2.8585443585957693,1464.0,1.9714065749190124,55.0
마포구,연남동,스튜디오41,0,중위험군,37.55876326,126.9207348,192996.4309,451029.0692,22.27170157,-5.177901866997477,33.186167552870714,43.0,1.3584419569165653,1463.0,2.8587864273478023,1464.0,1.4701019602657293,55.0
마포구,서교동,LikeU,0,중위험군,37.5536952,126.9271158,193559.7951,450466.1184,31.80733007,1.0561863633314488,29.905463200301764,43.0,1.3600612161653909,1463.0,2.8567126552396913,1464.0,3.3450385548395127,55.0
마포구,서교동,홀리데이 게스트하우스,0,중위험군,37.55039705,126.9196745,192901.9552,450100.599,24.25475427,-7.134915549922564,30.8987680211485,43.0,1.359418860180373,1463.0,2.8611025962115053,1464.0,3.1606532340907103,55.0
마포구,신수동,이안,0,중위험군,37.54369213,126.9389939,194608.6504,449355.1505,29.24049188,0.8567572085627582,29.366010230626912,43.0,1.3631487875936057,1463.0,2.8526273238153252,1464.0,1.1865384529612144,55.0
마포구,서교동,호 홈텔,0,중위험군,37.55201076,126.9110999,192144.4214,450280.3835,26.70511878,-0.911435033851717,30.906876806906382,43.0,1.3578506482149566,1463.0,2.864659645170901,1464.0,2.844634455065883,55.0
마포구,연남동,SARA HOME,0,중위험군,37.55742324,126.9197339,192907.8691,450880.4179,29.64589898,0.2095717754221873,32.2766982134224,43.0,1.358466473862592,1463.0,2.859557876539178,1464.0,2.687614423007056,55.0
마포구,연남동,Kw 홍대 Line,0,중위험군,37.55875522,126.9241949,193302.1521,451027.9247,31.49584106,-0.6907733179660518,34.460108937404335,43.0,1.3589519477173349,1463.0,2.8570880718718175,1464.0,2.5284951484598968,55.0
마포구,연남동,로이하우스,0,중위험군,37.56033744,126.9232228,193216.4063,451203.6021,28.34226138,0.43090182271089716,35.60071364119761,43.0,1.3586028584438028,1463.0,2.8572198482148434,1464.0,2.728430599157264,55.0
마포구,대흥동,Yellow moon,0,중위험군,37.54668374,126.9429083,194954.7881,449686.9658,23.80997655,-5.366252255693734,29.402343503318658,43.0,1.3630622201075413,1463.0,2.849597680008537,1464.0,2.6985345203313917,55.0
마포구,연남동,라이크 하우스,0,중위험군,37.55803089,126.9249115,193365.4091,450947.4818,36.18848268,-2.392235720475874,33.853332567835544,43.0,1.3591521454013746,1463.0,2.8568914140470643,1464.0,2.4002852309193528,55.0
마포구,연남동,리앤노게스트하우스,0,중위험군,37.55866884,126.9202696,192955.3267,451018.6245,27.35316031,-7.7501834302217745,33.12236485836076,43.0,1.358384872017294,1463.0,2.8590317051055316,1464.0,1.6985137073433876,55.0
마포구,동교동,우와 게스트하우스,0,중위험군,37.55753315,126.9222792,193132.7814,450892.4276,40.07178591,0.6254556337584205,32.618545539580275,43.0,1.3588326165322033,1463.0,2.858310966843041,1464.0,2.000137808753858,55.0
마포구,연남동,Super 7,0,중위험군,37.55559792,126.9179905,192753.6557,450677.962,28.99010107,0.790716615090588,30.72426211450005,43.0,1.3584394048544874,1463.0,2.860743626599182,1464.0,3.4557661088119884,55.0
마포구,서교동,룩스 게스트하우스,0,중위험군,37.55209813,126.9296242,193781.3126,450288.6938,28.89382901,3.330039262240618,29.446192354493707,43.0,1.3606427826032144,1463.0,2.855758592893606,1464.0,1.58641798723182,55.0
마포구,연남동,써니힐게스트하우스 홍대,0,중위험군,37.55976759,126.920493,192975.1624,451140.556,32.52134,-2.328703046279678,33.61780048341582,43.0,1.3582759895955534,1463.0,2.858679752912114,1464.0,0.6423075161771853,55.0
마포구,연남동,아트하우스,0,중위험군,37.55751216,126.9209742,193017.4684,450890.1941,40.73077658,5.843061791368349,32.661604131137544,43.0,1.3586410749002142,1463.0,2.858951448685602,1464.0,1.9962052371765209,55.0
마포구,합정동,스테이민,0,중위험군,37.54890658,126.9064695,191734.9157,449936.2537,33.96804287,4.689576025416361,32.573662505257516,43.0,1.3575370488919456,1463.0,2.867379482437213,1464.0,2.7932340013612023,55.0
마포구,서교동,홍대 센트럴 스테이,0,중위험군,37.55273594,126.9273541,193580.7766,450359.6357,31.42582019,3.5328998164110885,28.970030745958468,43.0,1.360229290300186,1463.0,2.8567894152054563,1464.0,3.2169485492601595,55.0
마포구,동교동,JS house2,0,중위험군,37.5576649,126.9250506,193377.669,450906.8514,25.14515607,-6.774743429342649,33.480050336882,43.0,1.35922123401633,1463.0,2.8569039628067454,1464.0,2.294862279359087,55.0
마포구,연남동,스윗 멜로디,0,중위험군,37.55806102,126.9244259,193322.5004,450950.8602,40.81468876,5.472695573438422,33.72398250024397,43.0,1.3590776983785195,1463.0,2.8571283673819763,1464.0,2.4079926323194583,55.0
마포구,연남동,맞이,0,중위험군,37.55876481,126.9210109,193020.8261,451029.2207,35.77006471,-1.039382380263234,33.171376474350964,43.0,1.3584828172221404,1463.0,2.8586525128926645,1464.0,1.4602502103616515,55.0
마포구,합정동,haven stay,0,중위험군,37.55036823,126.908171,191885.4355,450098.3311,38.17786029,3.809991361018362,32.138314743389046,43.0,1.357610780457736,1463.0,2.86631450694506,1464.0,2.922706548699049,55.0
마포구,신공덕동,송희,0,중위험군,37.54064205,126.9533211,195874.6391,449015.9037,25.82337604,-3.568442367445222,27.30241962936173,43.0,1.3646096809213843,1463.0,2.8448031731514876,1464.0,-0.3333319873222134,55.0
마포구,도화동,리틀포레스트,0,중위험군,37.53795091,126.9514522,195709.3091,448717.3037,29.33889992,4.673548493276844,27.560441238217706,43.0,1.365017964265866,1463.0,2.8467492953482747,1464.0,-0.4657562464195107,55.0
마포구,창전동,고요 홍대,0,중위험군,37.54996029,126.9257236,193436.4579,450051.6844,26.39344157,0.25586688486761133,32.64415221801051,43.0,1.36039139048386,1463.0,2.858222167125489,1464.0,1.90392464299636,55.0
마포구,연남동,Steady 게스트하우스,0,중위험군,37.55833333,126.9202425,192952.8962,450981.3888,27.7291516,0.7024719133979751,32.96162344138294,43.0,1.3584243816417607,1463.0,2.859119811193113,1464.0,1.9580837855482418,55.0
마포구,창전동,웰컴하우스,0,중위험군,37.55015445,126.9256913,193433.618,450073.2361,29.01780701,1.2591740145746684,32.59397284262094,43.0,1.3603569898420627,1463.0,2.8581915959276594,1464.0,1.9370968840065181,55.0
마포구,서교동,+82 Capsule Hotel,0,중위험군,37.5468202,126.9198665,192918.5875,449703.5972,36.97728226,6.392543838322236,30.963893856311124,43.0,1.3599859102534122,1463.0,2.8618794990412577,1464.0,1.7864225813761996,55.0
마포구,서교동,로터스로터스,0,중위험군,37.55181873,126.9262993,193487.4895,450257.9089,22.83674666,-8.049277137450751,30.499781484790603,43.0,1.360203997224681,1463.0,2.8575125988849597,1464.0,2.3113128773156464,55.0
마포구,노고산동,마포자이,0,중위험군,37.55296342,126.9404764,194740.3144,450384.0682,21.00371472,-7.179822277625668,28.77793285410403,43.0,1.3618858702851402,1463.0,2.8496370381941727,1464.0,2.78276365983663,55.0
마포구,대흥동,루트9,0,중위험군,37.54983429,126.9438568,195038.8118,450036.5884,41.57305109,7.6692545847097335,29.603666229330955,43.0,1.3626823699758537,1463.0,2.8483886226632142,1464.0,2.902197879774462,55.0
마포구,연남동,연남 로망,0,중위험군,37.56062507,126.9244771,193327.2565,451235.4358,48.52961673,2.9423908069085627,35.64993339899821,43.0,1.3587463511299431,1463.0,2.856531472507203,1464.0,2.748627580281732,55.0
마포구,성산동,라이터스 룸,0,중위험군,37.55856936,126.9062053,191712.6399,451008.7304,27.10731695,-3.3124584425206685,31.38307206274453,43.0,1.3562417249711127,1463.0,2.8653117801811643,1464.0,1.4139880666104618,55.0
마포구,서교동,블루스테이,0,중위험군,37.55533263,126.9118343,192209.6627,450649.0104,35.30757303,5.663411675949597,30.50870654370026,43.0,1.357516519134942,1463.0,2.8635761666547093,1464.0,1.2465717591935646,55.0
마포구,서교동,서교 도우너,0,중위험군,37.55321396,126.9180289,192756.8109,450413.3679,28.51137281,-2.2741358301097314,31.204231313311844,43.0,1.3587590447261042,1463.0,2.861220733190155,1464.0,3.555851618596919,55.0
마포구,연남동,Cozy Studio 202,0,중위험군,37.55650637,126.9182881,192780.0401,450778.7663,30.81049452,0.5134087444971556,30.969606525927958,43.0,1.3583665812637573,1463.0,2.86041973270468,1464.0,3.539881581258275,55.0
마포구,동교동,스페이스 코아,0,중위험군,37.55270699,126.9305703,193864.9654,450356.2079,23.86757789,-1.639296934293828,29.886405778132293,43.0,1.3606883399931506,1463.0,2.855141584075565,1464.0,1.8392613505915283,55.0
마포구,서교동,L&Y Stay,0,중위험군,37.55289856,126.9289348,193720.466,450377.5778,27.6736049,2.9798228883534534,28.53089167090575,43.0,1.3604325118949965,1463.0,2.855949046992991,1464.0,2.4845634668276237,55.0
마포구,합정동,골든트리,0,중위험군,37.54668998,126.906308,191720.4,449690.252,37.52472058,2.5825278530000233,32.80773573871647,43.0,1.3578175104405656,1463.0,2.8679765469256373,1464.0,2.687469475378399,55.0
마포구,도화동,하안 하우스,0,중위험군,37.53890888,126.9516033,195722.7235,448823.6197,32.53226493,6.545809012659102,27.4954230633358,43.0,1.36486399575384,1463.0,2.846377107738735,1464.0,-0.4902511898018735,55.0
마포구,합정동,하얀 딸기,0,중위험군,37.54541282,126.9143001,192426.5429,449547.8288,36.51783848,-1.4329361032034527,30.438929120750217,43.0,1.3593104883144032,1463.0,2.86481565800487,1464.0,1.978874589629261,55.0
마포구,망원동,아우픈,0,중위험군,37.55453031,126.9045442,191565.4159,450560.5915,36.24302856,1.3120734873415643,32.409913651536996,43.0,1.3564832521161376,1463.0,2.866875731854411,1464.0,2.2295121827658915,55.0
마포구,염리동,초록스테이 공덕,0,중위험군,37.54514616,126.9489945,195492.5309,449516.0038,19.78585128,-6.7086195359832885,28.308815234474494,43.0,1.3637657036135502,1463.0,2.846319290607249,1464.0,0.8740130699612945,55.0
마포구,상암동,스테이 디어,0,중위험군,37.57413025,126.8955269,190771.0579,452736.8028,20.53888739,-5.531037685896454,31.683174078532982,43.0,1.352958360564446,1463.0,2.866394849102991,1464.0,-1.22980558531736,55.0
마포구,망원동,STAY WOL,0,중위험군,37.55393329,126.9037089,191491.5462,450494.4047,29.01706952,-6.422712626351995,32.5498489661254,43.0,1.3564289111640324,1463.0,2.8673552348062725,1464.0,2.285618490958439,55.0
마포구,서교동,풀문스테이,0,중위험군,37.54997981,126.9223443,193137.8383,450054.0922,42.6935332,3.507041914944274,31.936933542272687,43.0,1.3598871432979138,1463.0,2.859907104905445,1464.0,2.6035875953039183,55.0
마포구,아현동,Stay On Seoul,0,중위험군,37.55149333,126.960066,196471.2428,450219.9901,32.08604884,0.46919815355095196,27.8360839495951,43.0,1.3629935443353942,1463.0,2.8377903961728785,1464.0,1.0306454168453276,55.0
마포구,성산동,써니 스프링,0,중위험군,37.56259425,126.9137567,192380.2658,451454.8068,29.50420272,-3.220238674789858,33.02210703829397,43.0,1.356913664277491,1463.0,2.861206290035856,1464.0,0.11083011052854572,55.0
마포구,서교동,BTS Guest house,0,중위험군,37.55464626,126.9126246,192279.4212,450572.7663,23.99903008,-5.083608448500076,30.18758821165642,43.0,1.3577278524070846,1463.0,2.86337240100189,1464.0,1.7926135074430274,55.0
마포구,상수동,상수 아뜰리에,0,중위험군,37.54566293,126.9245223,193329.9176,449574.8137,36.73465065,0.057547601533812553,32.1835084129971,43.0,1.360882179806945,1463.0,2.8598878931147476,1464.0,1.6830253273885556,55.0
마포구,서교동,정원스테이 1,0,중위험군,37.55230664,126.9266384,193517.4988,450312.0377,30.32865026,1.972954722378816,29.732864825913897,43.0,1.3601853876804912,1463.0,2.8572401395813642,1464.0,2.762103994859105,55.0
마포구,서교동,KING HOUSE,0,중위험군,37.55209038,126.9231987,193213.5344,450288.2781,42.21776619,1.5748557469856976,32.56044607474952,43.0,1.3597041687910258,1463.0,2.8589919070318643,1464.0,3.1588045622796046,55.0
마포구,창전동,초록이네,0,중위험군,37.54627008,126.9305852,193865.7501,449641.7872,22.24778781,-4.2179296090572365,30.982514092069003,43.0,1.3616640636616146,1463.0,2.856606786646391,1464.0,0.09400868294460807,55.0
마포구,노고산동,스테이하이 신촌,0,중위험군,37.55230764,126.9322726,194015.3534,450311.775,32.05220032,3.2603396166122707,29.40498484929865,43.0,1.3609773977319157,1463.0,2.854328812317918,1464.0,2.7897622201332406,55.0
마포구,망원동,쥐에이치302,0,중위험군,37.5517225,126.8990535,191079.9203,450249.4649,35.3914195,2.9032335675575425,33.109332107805095,43.0,1.355973975501657,1463.0,2.869722914426756,1464.0,2.230467828059142,55.0
마포구,서교동,딥 서울,0,중위험군,37.55011629,126.9193083,192869.5723,450069.4657,31.66683114,-1.0849562749996338,30.7358999943081,43.0,1.359404059462282,1463.0,2.8613449202480665,1464.0,2.9665450069460158,55.0
마포구,연남동,민트하우스,0,중위험군,37.55935718,126.9250912,193381.4042,451094.6716,39.92167612,4.003211420651475,35.180462766568574,43.0,1.359001603821645,1463.0,2.8565037682329715,1464.0,2.607235234863557,55.0
마포구,연남동,헬로 연남 스테이,0,중위험군,37.56024134,126.9173929,192701.2977,451193.3729,31.81894065,-0.15593768413431164,33.14663577746671,43.0,1.3577523611683004,1463.0,2.8600474672206815,1464.0,1.3223073826491327,55.0
마포구,동교동,메종513,0,중위험군,37.55457418,126.9284655,193679.1379,450563.5831,31.08881327,0.6464849632880281,29.9709542559755,43.0,1.3601319421497224,1463.0,2.85584792660782,1464.0,2.892456885095628,55.0
마포구,서교동,유스스페이스,0,중위험군,37.54940196,126.9197132,192905.2806,449990.1531,27.15666719,-0.2811815800625652,30.891770302505833,43.0,1.3595724675547995,1463.0,2.8613232516635394,1464.0,2.557597111634717,55.0
마포구,서교동,apple house 101호,0,중위험군,37.55290289,126.9279042,193629.3942,450378.1278,23.57576336,-2.687912060539606,28.64054960770546,43.0,1.3602850934180462,1463.0,2.856475481831234,1464.0,3.4370053440820034,55.0
마포구,망원동,행복이 가득한 집,0,중위험군,37.55246365,126.902778,191409.1197,450331.3768,23.68320137,-3.9444159912368235,32.72673547104655,43.0,1.3564712908675078,1463.0,2.8680709124821986,1464.0,2.3670877034064746,55.0
마포구,연남동,JS Yeonnam guest,0,중위험군,37.56165342,126.9230161,193198.2649,451349.6753,31.27147034,0.21324187869608835,35.32925390423999,43.0,1.358402088558618,1463.0,2.85703305589454,1464.0,2.7102815907269395,55.0
마포구,상암동,Stay Iris,0,중위험군,37.5753065,126.8933182,190576.0958,452867.5723,30.66388628,3.1391441467082046,31.830139119589603,43.0,1.3525305075845877,1463.0,2.8669969600281147,1464.0,-1.3359800518387588,55.0
마포구,상암동,스테이 네버랜드 DMC,0,중위험군,37.57513805,126.893324,190576.5869,452848.8757,23.86274041,-3.5849927665577432,31.82422556137344,43.0,1.3525477973288411,1463.0,2.867027748430068,1464.0,-1.3261239736739852,55.0
마포구,서교동,시티 오아시스 홍대점,0,중위험군,37.55287535,126.9260075,193461.7953,450375.2014,30.89315707,1.6273491368817297,30.263867296261985,43.0,1.3600138698455264,1463.0,2.857438993503578,1464.0,2.8721188428683675,55.0
마포구,합정동,희우스테이,0,중위험군,37.54739762,126.9043256,191545.2998,449768.9679,35.04256106,2.1346640387389257,32.86339802367494,43.0,1.357394539982601,1463.0,2.86862663167092,1464.0,2.6263244376974404,55.0
마포구,상암동,스테이 하루,0,중위험군,37.57474949,126.893449,190587.5766,452805.7374,26.75574957,0.13720050048207,31.80555292943078,43.0,1.3526034504363749,1463.0,2.867057207853145,1464.0,-1.3066673537297935,55.0
마포구,연남동,그린하우스102,0,중위험군,37.5578824,126.917783,192735.5402,450931.5282,38.8693751,6.268312557302764,31.653908018290124,43.0,1.3581118034200557,1463.0,2.8603756971276164,1464.0,3.4465229303421907,55.0
마포구,연남동,예하우스 연남,0,중위험군,37.55996888,126.9229258,193190.1298,451162.7178,40.85664227,4.0833759684907776,35.148033886501224,43.0,1.358607736151882,1463.0,2.857448211650917,1464.0,2.70016164352075,55.0
마포구,성산동,브라우니 포레스트,0,중위험군,37.56220648,126.9133615,192345.3069,451411.801,33.71841733,1.5107118220859235,32.749925742371786,43.0,1.35690128599988,1463.0,2.8614683049526444,1464.0,0.1873051457206987,55.0
마포구,합정동,Y's STAY,0,중위험군,37.54883563,126.9070973,191790.3914,449928.3241,42.45819566,1.673526248705599,32.53305814040536,43.0,1.3576484924127818,1463.0,2.867132340856513,1464.0,2.8493116266689555,55.0
마포구,연남동,올해피하우스,0,중위험군,37.5589573,126.9200435,192935.3686,451050.6571,39.99342163,4.831768011479255,33.245575402808605,43.0,1.358313733291703,1463.0,2.859076004323104,1464.0,1.6355150131353797,55.0
마포구,연남동,두부,0,중위험군,37.56257625,126.9234464,193236.3656,451452.0675,34.08966944,-0.3923026271884922,35.43883696660904,43.0,1.3583450369122931,1463.0,2.856619029384466,1464.0,2.6372861908376,55.0
마포구,망원동,온더집,0,중위험군,37.55051294,126.9064,191728.9561,450114.5465,33.46466143,-2.9869100453009096,32.34893872441918,43.0,1.3573071994103867,1463.0,2.8670299899683376,1464.0,2.78810536581723,55.0
마포구,동교동,kyoobee guesthouse,0,중위험군,37.55501325,126.9269668,193546.7508,450612.4165,37.08827618,7.244738246857764,31.4190044914034,43.0,1.3598576429267928,1463.0,2.856519617982826,1464.0,2.998146249618202,55.0
마포구,서교동,볼 게스트하우스,0,중위험군,37.54708647,126.9150678,192494.5538,449733.5222,22.80732285,-7.364520821033661,30.258528868396354,43.0,1.3591854343803025,1463.0,2.864056521238621,1464.0,1.9798667024967491,55.0
마포구,망원동,다온하우스M,0,중위험군,37.55389926,126.9053715,191638.4466,450490.4786,31.12135511,-5.941715685675032,32.26225908834954,43.0,1.3566947703673573,1463.0,2.8666763126654526,1464.0,2.4096611092659463,55.0
마포구,망원동,린덴스튜디오,0,중위험군,37.5516092,126.9052807,191630.1716,450236.3173,33.41491595,-1.80458221012222,32.314677762502264,43.0,1.3569814006012226,1463.0,2.8672414537734996,1464.0,2.606678528897415,55.0
마포구,서교동,써니빌,0,중위험군,37.55242914,126.9279967,193637.5328,450325.5409,32.77585344,1.570162480841418,28.704878466308312,43.0,1.3603648329789912,1463.0,2.8565261866437455,1464.0,2.877550220732502,55.0
마포구,서교동,하모니 스테이,0,중위험군,37.55054647,126.9198745,192919.6408,450117.1678,30.68323792,-1.1236478415204658,31.02704641075631,43.0,1.3594274355991796,1463.0,2.8609709513781008,1464.0,3.1309601784611027,55.0
마포구,서교동,Comfy & Cozy,0,중위험군,37.55105539,126.9207869,193000.3151,450173.5835,31.51898508,-3.6936332055591166,31.556223845055236,43.0,1.3594912850585306,1463.0,2.860409371648595,1464.0,3.3346541488650967,55.0
마포구,서교동,어반 오아시스,0,중위험군,37.55267504,126.9266128,193515.265,450352.9274,30.79370271,2.005429029921089,29.655646046210506,43.0,1.3601302184625574,1463.0,2.8571765541016743,1464.0,3.054795947034795,55.0
마포구,연남동,JUST MANSION 1,0,중위험군,37.55874771,126.9249481,193368.7004,451027.0377,31.73490856,-2.0486585471417698,34.606665033490174,43.0,1.3590619050384534,1463.0,2.8567120301505082,1464.0,2.529426358140415,55.0
마포구,합정동,몽키하우스,0,중위험군,37.54610257,126.9151674,192503.2516,449624.3132,39.11971898,-0.3577679247283072,30.382883860309065,43.0,1.3593477362875808,1463.0,2.8642520323780207,1464.0,1.9336878896636378,55.0
마포구,서교동,샬루스테이,0,중위험군,37.54846762,126.9174357,192703.9395,449886.6268,33.52278603,-1.9955285020456373,30.344370828433675,43.0,1.3593567613257087,1463.0,2.862626983166304,1464.0,1.933931163600513,55.0
마포구,성산동,Onul,0,중위험군,37.56028967,126.9055058,191651.0266,451199.7264,23.88553162,-3.6662595433575724,31.007225534997183,43.0,1.3559311771077758,1463.0,2.865252798615509,1464.0,1.3100997528084868,55.0
마포구,합정동,YG Stay House,0,중위험군,37.54640733,126.9051248,191615.8121,449658.9861,31.75355595,0.8026585754944691,32.90598480132721,43.0,1.3576622556255562,1463.0,2.8685355027326387,1464.0,2.644937082725744,55.0
마포구,서교동,굿데이하우스,0,중위험군,37.54600767,126.9175288,192711.9191,449613.5948,22.06565094,-6.163714006875104,30.58911887387832,43.0,1.3597406010376387,1463.0,2.863185336932654,1464.0,1.7771183882020491,55.0
마포구,성산동,블루스프링 하우스,0,중위험군,37.56385593,126.9095673,192010.2603,451595.1863,27.42669595,0.9871063814850451,31.0249662198362,43.0,1.3561320124148002,1463.0,2.8627907187066715,1464.0,0.47292926270290736,55.0
마포구,성산동,베이스캠프 하우스,0,중위험군,37.56114282,126.9089216,191952.9226,451294.1181,23.6638318,-4.854969254100666,30.80428785844909,43.0,1.3563545974370783,1463.0,2.863652611374568,1464.0,0.7403213690203305,55.0
마포구,서교동,스테이 시오,0,중위험군,37.55274182,126.9278376,193623.4981,450360.2554,22.62545372,-2.950842592729348,28.685732668795147,43.0,1.3602981058354873,1463.0,2.8565426074355744,1464.0,3.3828812673116255,55.0
마포구,연남동,소소연남,0,중위험군,37.56120277,126.9166027,192631.581,451300.1419,27.93528747,-1.4901936886861442,33.7506689162082,43.0,1.3575129268893822,1463.0,2.860204828156922,1464.0,0.3494259992385589,55.0
마포구,연남동,연남 베통부르트2,0,중위험군,37.56263081,126.9222676,193132.2252,451458.2085,30.3705705,0.6084410424672875,35.06283951016722,43.0,1.3581682490199718,1463.0,2.8571890722272024,1464.0,2.3682599156784114,55.0
마포구,창전동,시크릿 온 하우스,0,중위험군,37.55016429,126.9280507,193642.1111,450074.166,29.68410825,2.0017807918748325,31.968803276946993,43.0,1.3606944008383373,1463.0,2.8569761565632836,1464.0,1.3363591122643732,55.0
마포구,서교동,Check in H,0,중위험군,37.55318919,126.928484,193680.6565,450409.8645,26.24392256,2.476455936865179,28.24144563684146,43.0,1.3603277751437477,1463.0,2.856120567276462,1464.0,2.9601122641508697,55.0
마포구,서교동,코지데이즈,0,중위험군,37.55253459,126.9277373,193614.6211,450337.2622,31.96039936,2.6848969145008894,28.788561765080022,43.0,1.3603127480444512,1463.0,2.8566364735335803,1464.0,3.142459257175946,55.0
마포구,동교동,화이트그린 게스트하우스,0,중위험군,37.55394319,126.9302668,193838.2525,450493.4311,37.0364581,5.914725854298524,29.522668044064602,43.0,1.3604719372326863,1463.0,2.855047595395872,1464.0,2.018925897556717,55.0
마포구,망원동,MANGWON ATELIER,0,중위험군,37.55443326,126.9049301,191599.5098,450549.7856,40.9956845,6.6245137906296065,32.34956540900496,43.0,1.3565562515214855,1463.0,2.8667379929748087,1464.0,2.267492245977455,55.0
마포구,성산동,제이선 하우스,0,중위험군,37.55665905,126.9103047,192074.651,450796.3551,23.03603287,-4.561428999221427,31.063580009676414,43.0,1.35711166738741,1463.0,2.8639671694222666,1464.0,0.8662743108499681,55.0
마포구,합정동,리버사이드 스테이,0,중위험군,37.54766936,126.9033077,191455.3812,449799.2198,37.06684634,-0.9651419859740571,32.96485855497112,43.0,1.3571909989271989,1463.0,2.8689767323529747,1464.0,2.5641831087634945,55.0
마포구,서교동,글로리 데이즈,0,중위험군,37.54659986,126.9166466,192634.0208,449679.3895,33.11392292,-0.8586813394913548,30.44781483724378,43.0,1.3595105107185457,1463.0,2.863449850788212,1464.0,1.8133440536349874,55.0
마포구,창전동,수 하우스,0,중위험군,37.5498158,126.9273501,193580.1727,450035.5354,31.09879714,0.7447209400795991,32.39259072443966,43.0,1.360648523550595,1463.0,2.857423869189618,1464.0,1.3246272610578427,55.0
마포구,노고산동,Home Sweet Home,0,중위험군,37.55281226,126.9389285,194603.5318,450367.3789,35.4579583,4.403795602400621,27.89348426752195,43.0,1.3617360413029425,1463.0,2.850565199773805,1464.0,2.732778145166391,55.0
마포구,동교동,온하루 게스트 하우스,0,중위험군,37.55664652,126.9209554,193015.7264,450794.1197,34.95459312,6.363781869552806,32.38213403359657,43.0,1.3587521585507558,1463.0,2.8591358221525374,1464.0,2.2141306318919107,55.0
마포구,서교동,유락,0,중위험군,37.5503917,126.9216833,193079.4643,450099.8555,34.30032908,-3.8721676111354952,31.711972555996578,43.0,1.359725620311075,1463.0,2.860132016670792,1464.0,2.898027456109348,55.0
마포구,서교동,사랑이네,0,중위험군,37.54749813,126.9157605,192555.8077,449779.1564,31.58564063,2.9160209719582184,30.244200453499907,43.0,1.3592352339807268,1463.0,2.863639069616654,1464.0,1.9048015757927717,55.0
마포구,동교동,Haoguesthouse,0,중위험군,37.55264313,126.9307969,193884.9816,450349.1054,16.79140741,-7.510483371709128,30.000161013719538,43.0,1.3607286661813578,1463.0,2.8550363852059744,1464.0,1.9271239203568735,55.0
마포구,연남동,중전 하우스,0,중위험군,37.5575546,126.9177931,192736.4016,450895.1455,25.42636995,-4.287474537642147,31.313256350375617,43.0,1.3581555080334093,1463.0,2.86043701556641,1464.0,3.4819591341471394,55.0
마포구,망원동,인 스테이,0,중위험군,37.55166977,126.9044573,191557.4217,450243.1135,23.87696958,-6.735360472543366,32.428516285307786,43.0,1.3568421051594826,1463.0,2.8675679188879273,1464.0,2.5351944499717445,55.0
마포구,망원동,수지 케이원스테이,0,중위험군,37.55713406,126.9051883,191622.627,450849.5193,42.68450554,6.923140999487067,31.8963210930003,43.0,1.3562536474923876,1463.0,2.866026871171442,1464.0,1.7940941331212372,55.0
마포구,연남동,KeKeKe,0,중위험군,37.55965822,126.9220764,193115.0536,451128.3001,21.87344993,-5.380753373269034,34.02564329538513,43.0,1.358523930796589,1463.0,2.857934688679164,1464.0,2.2832338843439244,55.0
마포구,서교동,스테이 서교드레곤,0,중위험군,37.55121526,126.9129189,192305.0757,450191.9421,31.12642349,1.2635600137497036,30.21516130840014,43.0,1.3582482405831109,1463.0,2.864038409835946,1464.0,2.904847422002859,55.0
마포구,서교동,dou dou,0,중위험군,37.54873272,126.9198101,192913.7827,449915.8681,38.81549789,4.419097953410109,30.99361003562958,43.0,1.3596875386487814,1463.0,2.8614387866560684,1464.0,2.2397026075425255,55.0
마포구,서교동,트랭퀼 해븐 홍대,0,중위험군,37.55253691,126.9281922,193654.8117,450337.4889,26.00375615,-4.536347743144308,28.600853913646876,43.0,1.3603776940204895,1463.0,2.8564041379698297,1464.0,2.833291824894744,55.0
마포구,노고산동,멜로우 스테이 2호점,0,중위험군,37.55139021,126.9373861,194467.1327,450209.6381,25.38253696,-6.507514355933392,27.161803967074608,43.0,1.3617623662446035,1463.0,2.8517474977452317,1464.0,2.7211464010571422,55.0
마포구,서교동,비나인 게스트하우스,0,중위험군,37.55202404,126.9303693,193847.1518,450280.4217,27.97971066,2.4033188569499444,30.00202735912908,43.0,1.3607574850596178,1463.0,2.8553869631109414,1464.0,1.6570995689542096,55.0
마포구,연남동,비스타스테이,0,중위험군,37.55740282,126.917767,192734.079,450878.3017,23.11500448,-6.378354559053733,31.20535320044617,43.0,1.3581710866424195,1463.0,2.860479719429748,1464.0,3.454223307860273,55.0
마포구,망원동,JSM Studio,0,중위험군,37.55285681,126.898384,191020.8982,450375.4235,34.80654346,2.769227532982569,33.10752464127873,43.0,1.355725437289219,1463.0,2.869724361556156,1464.0,2.170879260548859,55.0
마포구,연남동,블루 스테이,0,중위험군,37.5610275,126.9262094,193480.3444,451279.9793,33.25568755,-0.7185364009368058,35.64622174478706,43.0,1.3589399336335801,1463.0,2.8555672541559747,1464.0,2.728325462069078,55.0
마포구,동교동,우드사이드,0,중위험군,37.55482251,126.9276038,193603.0193,450591.2031,25.64313331,-2.9171799428914404,30.639945101990918,43.0,1.3599751485609806,1463.0,2.856236238009661,1464.0,3.1551704197040116,55.0
마포구,창전동,VERVE STAY,0,중위험군,37.55005907,126.9268709,193537.8493,450062.5683,30.97216399,1.1457696747983697,32.21684997284566,43.0,1.3605423382014192,1463.0,2.8576117081397174,1464.0,1.5645721508868884,55.0
마포구,염리동,지안네이쳐,0,중위험군,37.55298988,126.9465876,195280.326,450386.6805,29.171108,6.242084467844098,30.695816189807363,43.0,1.3624546226153362,1463.0,2.845993552421041,1464.0,2.8798913253580563,55.0
마포구,연남동,소풍 게스트하우스,0,중위험군,37.55958254,126.9232542,193219.1104,451119.8149,38.67684091,5.020629930160609,35.07542431539543,43.0,1.3587061353435008,1463.0,2.8573715269959425,1464.0,2.6896965206270975,55.0
마포구,서교동,우디하우스,0,중위험군,37.55260324,126.9267013,193523.0807,450344.9524,30.37088121,1.930554982241894,29.589809335402318,43.0,1.3601531310151969,1463.0,2.857146846069978,1464.0,3.0490543866118016,55.0
마포구,성산동,seaven 하우스,0,중위험군,37.56227653,126.9059323,191688.9357,451420.2067,32.2755314,1.80454233734077,30.598893017360876,43.0,1.3557655416932592,1463.0,2.8646781881203673,1464.0,1.079707395499276,55.0
마포구,창전동,코리하우스,0,중위험군,37.55181818,126.9304978,193858.4888,450257.5653,28.74953165,2.4301816897906967,30.119622150702533,43.0,1.3608046586556994,1463.0,2.855362569008539,1464.0,1.6129527776146313,55.0
마포구,동교동,도우 하우스,0,중위험군,37.55400495,126.9252355,193393.6761,450500.6275,30.72945564,0.33178757808963866,31.69961242252809,43.0,1.3597445741266534,1463.0,2.8575911431151035,1464.0,2.621692292286476,55.0
마포구,서교동,GROG STUDIO,0,중위험군,37.55183504,126.9254802,193415.1091,450259.7762,33.65734025,1.972025864834297,31.352240355310514,43.0,1.360080923748743,1463.0,2.857919313649076,1464.0,2.372839377812741,55.0
마포구,연남동,달 하우스,0,중위험군,37.55841366,126.9248547,193360.4235,450989.9687,41.41296388,4.611131786433987,34.26546719660698,43.0,1.3590928818883703,1463.0,2.8568338970432916,1464.0,2.4827028884717994,55.0
마포구,상암동,Via Stay,0,중위험군,37.57462768,126.8944528,190676.2335,452792.1178,30.51205888,-2.78291556985479,31.75736556933298,43.0,1.3527569341994612,1463.0,2.866704158215141,1464.0,-1.2841490139017826,55.0
마포구,서교동,다다하우스,0,중위험군,37.55298757,126.9288081,193709.2753,450387.4653,32.31160952,2.146900009627462,28.397723320985126,43.0,1.3604020568292512,1463.0,2.8559958528422325,1464.0,2.5852181853807306,55.0
마포구,성산동,포테이토 앨리,0,중위험군,37.56073424,126.9099892,192047.2025,451248.6797,23.21368799,-3.0036430949522313,30.97022100946608,43.0,1.3565666900181519,1463.0,2.8632778590796204,1464.0,0.6937282848805205,55.0
마포구,연남동,온하우스,0,중위험군,37.55661624,126.9201559,192945.0844,450790.8187,28.80088208,-0.48738118515315776,32.14373919444943,43.0,1.3586357538540048,1463.0,2.8595214624902967,1464.0,2.590889688531203,55.0
마포구,구수동,헤이포레스트,0,중위험군,37.54236636,126.9324919,194033.9438,449208.3988,31.84433256,4.422298515628263,31.19887333113405,43.0,1.3625684467918138,1463.0,2.8565901139226137,1464.0,-0.2368220828619773,55.0
마포구,서교동,벨 하우스,0,중위험군,37.5528088,126.9280929,193646.062,450367.6721,24.15956058,-2.0636519098042783,28.484444831958708,43.0,1.3603253135528663,1463.0,2.8563986803452015,1464.0,3.178438237443765,55.0
마포구,연남동,복합문화공간 봄날,0,중위험군,37.55990228,126.9172449,192688.1952,451155.7527,30.43825896,-0.7146115333269734,32.850484833617074,43.0,1.3577729370550364,1463.0,2.860191373710376,1464.0,1.6866785108499458,55.0
종로구,연건동,더 모멘트 종로(The Momonet-Jongno),0,중위험군,37.57423456,126.9987163,199886.6043,452743.25,26.54252768,-5.89953770418051,30.114396230017626,43.0,1.3535106829983472,1463.0,2.81939554970514,1464.0,0.36677479829379905,55.0
마포구,동교동,해피나인스,0,중위험군,37.55436431,126.9272422,193571.0269,450540.373,23.86706517,-5.629491693762596,30.618030938748387,43.0,1.359986703266952,1463.0,2.856512191527284,1464.0,3.2941012591682792,55.0
마포구,연남동,마이 딥 포레스트,0,중위험군,37.55739223,126.918265,192778.0784,450877.088,19.96635202,-6.057889321233777,31.419902705706768,43.0,1.358248195740148,1463.0,2.8602510593461474,1464.0,3.34500368793013,55.0
마포구,망원동,해온스테이,0,중위험군,37.554256,126.9068165,191766.1723,450529.9449,33.93535407,-0.10547382442210562,32.15402237117842,43.0,1.3568749968402696,1463.0,2.86598862227493,1464.0,2.381507287396649,55.0
마포구,서교동,오즈 305,0,중위험군,37.55097676,126.9237328,193260.6258,450164.6412,36.91130012,4.799175807490542,32.75026454859177,43.0,1.3599446850020147,1463.0,2.8589797954262037,1464.0,2.6370385412332493,55.0
마포구,성산동,로앤쿡드 더스테이,0,중위험군,37.56202672,126.9136903,192374.3467,451391.823,40.50944483,4.851653776614874,32.87126659616296,43.0,1.3569728019447307,1463.0,2.8613589929483374,1464.0,0.16939721755706794,55.0
마포구,연남동,연남동 진영이네,0,중위험군,37.56280602,126.923179,193212.7594,451477.5886,28.53430499,-6.662968300485655,35.3510268236079,43.0,1.3582771294781677,1463.0,2.85670183731161,1464.0,2.574464318389598,55.0
마포구,연남동,무야스튜디오,0,중위험군,37.55946985,126.9181048,192764.1279,451107.6915,39.64028168,6.363489216621566,32.856224045188384,43.0,1.3579573069372002,1463.0,2.859883739141545,1464.0,2.3344710700615146,55.0
마포구,서교동,온스테이,0,중위험군,37.55247711,126.9267982,193531.6287,450330.9468,30.67167391,2.2817074696161477,29.535483075761334,43.0,1.3601848476594842,1463.0,2.8571241757974892,1464.0,2.9558348709803495,55.0
마포구,연남동,루하 하우스,0,중위험군,37.55919599,126.9197496,192909.4243,451077.171,31.40623758,0.9169434381203914,33.35290229667472,43.0,1.3582390213809312,1463.0,2.8591637057423984,1464.0,1.6168401704979483,55.0
마포구,서교동,나인게스트하우스,0,중위험군,37.55278799,126.928838,193711.8979,450365.3124,25.96261061,2.531600948886723,28.50955731836338,43.0,1.3604343531296617,1463.0,2.8560215586347435,1464.0,2.4952534820117362,55.0
마포구,연남동,크래프트맨스하우스,0,중위험군,37.55950426,126.9241199,193295.5978,451111.0646,36.52224377,-2.4458638102777996,35.22203204457141,43.0,1.358842141203482,1463.0,2.856958371704424,1464.0,2.661009613023474,55.0
마포구,연남동,캐리즈 홈2,0,중위험군,37.55850027,126.925375,193406.4031,450999.5448,30.62687923,-3.0117967905540723,34.46849151787093,43.0,1.3591563383828202,1463.0,2.8565521675293764,1464.0,2.4937722780019445,55.0
마포구,연남동,아리아 하우스,0,중위험군,37.561434,126.9169165,192659.3271,451325.7812,34.29737212,-2.371467585091054,33.93557295685419,43.0,1.3575310809961287,1463.0,2.8600084130626913,1464.0,0.25820915828447155,55.0
마포구,성산동,Bang's House,0,중위험군,37.55876634,126.9163218,192606.5174,451029.749,23.87726737,-5.806354864972985,31.669828282264554,43.0,1.3577768920267788,1463.0,2.860869149130897,1464.0,2.5899911228343417,55.0
마포구,창전동,Dave's 93,0,중위험군,37.55160016,126.9310755,193909.5183,450233.3301,31.75813991,4.326222308538412,30.56431334442562,43.0,1.360915678701556,1463.0,2.8551055539638273,1464.0,2.0488143653099153,55.0
마포구,서교동,다다스테이,0,중위험군,37.55487185,126.9140081,192401.6977,450597.6913,31.37293487,-0.8560120661800141,29.8606321272002,43.0,1.3579156805582149,1463.0,2.8627090065061735,1464.0,1.5479421011244243,55.0
마포구,상암동,엠마하우스,0,중위험군,37.57499578,126.8944726,190678.0337,452832.9707,32.95278994,5.729047479846383,31.770605538861027,43.0,1.35272334762396,1463.0,2.8666244123880666,1464.0,-1.3070655026729165,55.0
마포구,노고산동,시니 하우스,0,중위험군,37.5521011,126.9319731,193988.8684,450288.8707,30.70296119,5.160107792040964,29.824599416797003,43.0,1.3609665323452258,1463.0,2.8545296612249795,1464.0,2.651046918977496,55.0
마포구,성산동,라라 하우스,0,중위험군,37.55721625,126.9161138,192587.9849,450857.7238,36.6999007,1.0924148731795995,30.474291247953058,43.0,1.357942264798979,1463.0,2.861276244439781,1464.0,3.556208133470734,55.0
마포구,연남동,수림,0,중위험군,37.55939966,126.922284,193133.3732,451099.5878,34.60662346,6.664822308017168,34.02298736251501,43.0,1.3585881386367975,1463.0,2.857890381583486,1464.0,2.412574013288803,55.0
강서구,방화동,스카이빌하우스,0,중위험군,37.5674918,126.8088323,183111.1286,452012.0594,35.04752387,0.430990031046818,32.003064120374695,43.0,1.3428352313403362,1463.0,2.8908103470128337,1464.0,0.029444976985139898,55.0
강서구,화곡동,서울 메이트(Seoul Mate),0,중위험군,37.52953479,126.8423549,186065.648,447793.7881,31.13328893,0.5316105993360196,29.735398789490286,43.0,1.3495780520313094,1463.0,2.891611868122117,1464.0,2.060392027023579,55.0
강서구,방화동,STAY HARI(스테이 하리),0,중위험군,37.56551779,126.8152159,183674.6593,451791.8391,35.01459023,1.506039235962426,31.99829685864749,43.0,1.3436024445684787,1463.0,2.889959560734705,1464.0,-0.0900352995155363,55.0
강서구,가양동,온더하우스,0,중위험군,37.55597212,126.8627488,187872.5653,450725.1866,24.98031601,-2.5053335293474746,29.2927857855971,43.0,1.3500625968248545,1463.0,2.880792850280059,1464.0,-0.721424069481903,55.0
강서구,화곡동,서울의 밤,0,중위험군,37.53308137,126.8515273,186877.0233,448186.0956,28.38064628,1.317985285376114,31.34961807302048,43.0,1.350596663166822,1463.0,2.888700442972485,1464.0,-0.49594658703586836,55.0
강서구,방화동,컴포홈,0,중위험군,37.56748202,126.8124535,183431.0465,452010.3293,32.69966703,-0.7958830674756214,32.01172767810594,43.0,1.3432053148655336,1463.0,2.8901348136938068,1464.0,-0.03103928817576486,55.0
강서구,화곡동,Dana Stay,0,중위험군,37.54287256,126.8414946,185992.1032,449274.2461,26.0999262,-5.060859992688567,29.42069883829938,43.0,1.3482892945358742,1463.0,2.8888960649872675,1464.0,-1.5171073322143247,55.0
강서구,화곡동,WON STAY,0,중위험군,37.52982443,126.8364163,185540.7887,447826.831,12.49135168,-5.473106538459321,29.518523403830248,43.0,1.3487018405271112,1463.0,2.892819721628479,1464.0,2.20036624568731,55.0
강서구,등촌동,어반 아뜰리에(Urban Atelier),0,중위험군,37.54240912,126.8610881,187723.6008,449220.0712,29.70617775,2.8127952056930177,29.323605941029513,43.0,1.3511075028371473,1463.0,2.884171136867105,1464.0,-1.8168904329591564,55.0
강서구,마곡동,트라세움,0,중위험군,37.56965891,126.8224524,184314.8615,452250.2231,32.70634673,-0.9713128335627417,32.04639459849938,43.0,1.3441322511429856,1463.0,2.8877725903184377,1464.0,-0.3057313819143579,55.0
강서구,방화동,문문스테이,0,중위험군,37.56198222,126.8086221,183091.3113,451400.5977,20.24005342,-4.0377783739617,31.96876333632258,43.0,1.3431116994799968,1463.0,2.8918338875179415,1464.0,0.01109019743018428,55.0
강서구,등촌동,정담가,0,중위험군,37.55264571,126.8563065,187302.7619,450356.8452,30.43649922,1.4381592895034139,29.351695351561965,43.0,1.3494695342795855,1463.0,2.8832306216363937,1464.0,-0.8296032276095899,55.0
강서구,화곡동,까치,0,중위험군,37.53407531,126.8447126,186274.8841,448297.3835,39.93263183,6.310640319042776,31.384059313428036,43.0,1.3495022937938388,1463.0,2.8900706860238716,1464.0,0.7852345199680091,55.0
강서구,방화동,스테이 홀리,0,중위험군,37.56498705,126.814004,183567.4744,451733.1443,33.96442152,1.2897833159022554,31.99614058355096,43.0,1.3435050955972119,1463.0,2.890287818030066,1464.0,-0.06594026741766709,55.0
강서구,내발산동,투마운틴스테이,0,중위험군,37.55121011,126.8370222,185598.4574,450200.2901,33.92152398,4.4416314213682355,28.87040418391892,43.0,1.3470489326214263,1463.0,2.8881788937879205,1464.0,-0.5645488806244114,55.0
강서구,화곡동,가치스테이,0,중위험군,37.5298184,126.8367007,185565.9275,447826.1181,19.08152692,1.1956506498291226,29.524812461696733,43.0,1.34874241482764,1463.0,2.892761554332975,1464.0,2.212094384364133,55.0
강서구,화곡동,어반하우징,0,중위험군,37.52782705,126.8381079,185689.9292,447604.8877,14.12891186,-3.685640973684892,29.444887707831818,43.0,1.3491195369765874,1463.0,2.8929089340084224,1464.0,2.323762637108196,55.0
강서구,공항동,온유,0,중위험군,37.55901235,126.8121922,183406.085,451070.3405,34.76217051,-0.21262930547933934,31.935962291815194,43.0,1.3436543162050838,1463.0,2.8917185490755712,1464.0,-0.07730183742891208,55.0
강서구,화곡동,온담,0,중위험군,37.5372785,126.8442462,186234.2474,448652.9667,32.42905877,3.316404604158855,30.482731881801058,43.0,1.3491478808314123,1463.0,2.889472106447665,1464.0,-0.9510498911254781,55.0
강서구,방화동,K컬쳐Stay 도경하우스,0,중위험군,37.56575535,126.8137794,183547.8046,451818.456,40.35735934,8.518220453625784,32.002857586283184,43.0,1.3434384270898825,1463.0,2.8901921014433287,1464.0,-0.05951850425621933,55.0
강서구,방화동,아리아하우스,0,중위험군,37.56762493,126.8135239,183525.6408,452026.0025,24.06866528,-0.874544680255962,32.016173577685905,43.0,1.3433079315619325,1463.0,2.8899056077721994,1464.0,-0.05162851225360096,55.0
강서구,등촌동,샤론,0,중위험군,37.55459497,126.8595707,187591.5182,450572.754,33.05007459,0.625900731022142,29.321284914449006,43.0,1.3497464423251968,1463.0,2.8819537490268248,1464.0,-0.74043210492197,55.0
강서구,방화동,허쉬 하우스,0,중위험군,37.56597516,126.8098687,183202.3533,451843.5441,40.20728087,5.219952947556791,31.996998642292894,43.0,1.3430220533214685,1463.0,2.890888106604921,1464.0,0.011364686205818125,55.0
강서구,화곡동,여우와달,0,중위험군,37.53136306,126.8429936,186122.4463,447996.6092,32.67152742,1.7810091937588126,30.0448946226813,43.0,1.3495024622082294,1463.0,2.89106078888169,1464.0,1.7942346193003127,55.0
강서구,화곡동,Damon's house,0,중위험군,37.53877684,126.8453888,186335.5064,448819.0976,33.76667331,1.4416124664138579,29.890630938359536,43.0,1.3491758046483726,1463.0,2.88888311153026,1464.0,-1.5230066066549477,55.0
강서구,공항동,김포공항앞 아파트 복층,0,중위험군,37.55744321,126.8101914,183228.9516,450896.5394,32.77005868,1.0558587275269282,31.941355776560325,43.0,1.3435314203432633,1463.0,2.8923759953539854,1464.0,-0.07265021467548044,55.0
강서구,방화동,그린하우스,0,중위험군,37.56599278,126.8092216,183145.1813,451845.6156,31.08625906,-9.356378721647811,31.995773148142845,43.0,1.3429549884689065,1463.0,2.8910046640567266,1464.0,0.021481868353275785,55.0
강서구,화곡동,라움하우스,0,중위험군,37.52895832,126.8394741,185810.9064,447730.2377,39.06245205,4.172749318024742,29.55089635529184,43.0,1.349213801199102,1463.0,2.892365727516946,1464.0,2.1710007223397634,55.0
강서구,내발산동,코너스톤,0,중위험군,37.55150336,126.8354043,185455.5459,450233.0865,27.81149142,-1.1757689537575189,28.685543721602524,43.0,1.346824484213029,1463.0,2.888476858121831,1464.0,-0.5116758948493179,55.0
강서구,등촌동,보아트래블홈(BoA travel home),0,중위험군,37.55100642,126.8620755,187812.2652,450174.1399,22.39404595,-5.790935228823109,29.27710870988821,43.0,1.3504243675534293,1463.0,2.882027801683492,1464.0,-1.0107491304624534,55.0
강서구,내발산동,Cornerstay in Ujangsan,0,중위험군,37.54773545,126.832452,185193.9221,449815.3542,36.26766294,2.869812292263447,29.293444200643034,43.0,1.3467346815053847,1463.0,2.8898715667510366,1464.0,-0.660127143685509,55.0
강서구,화곡동,스테이 쿠,0,중위험군,37.54526889,126.8493382,186685.7027,449539.0703,26.3972517,-1.6755715803798914,29.078477905243204,43.0,1.349155229318344,1463.0,2.8865484869888225,1464.0,-1.6447290820339207,55.0
강서구,마곡동,하니하우스,0,중위험군,37.57298497,126.8370528,185605.3532,452617.0406,36.13581892,5.543597303262878,31.99373413645013,43.0,1.3455355503517037,1463.0,2.8839892917287946,1464.0,-1.2438244464103014,55.0
강서구,화곡동,이도트라움,0,중위험군,37.53152766,126.8403627,185889.935,448015.2692,23.22459113,1.9937996488611063,29.8613198002934,43.0,1.3491099412243004,1463.0,2.8916020734761214,1464.0,1.8851345556598835,55.0
강서구,화곡동,헤나스테이,0,중위험군,37.54322275,126.8432758,186149.5824,449312.8491,30.97695534,-0.6946140373632304,29.274903124134944,43.0,1.3485005976324296,1463.0,2.8884160823428786,1464.0,-1.5547289238302948,55.0
강서구,등촌동,브리즈스테이,0,중위험군,37.53400674,126.8605343,187673.2762,448287.5817,27.23929533,-4.208574811864693,30.326420091526543,43.0,1.3518811626756244,1463.0,2.8862275885354425,1464.0,-2.621359493911077,55.0
강서구,등촌동,서울로와 스테이,0,중위험군,37.54988505,126.8632009,187911.5277,450049.5359,23.44861266,3.0277830833483925,29.27118992449829,43.0,1.350691110582459,1463.0,2.881957507850767,1464.0,-1.0928812274169728,55.0
강서구,개화동,럭키비키하우스,0,중위험군,37.57627585,126.7995523,182293.3573,452988.6968,27.58311222,-3.141644635420704,32.00856313711315,43.0,1.3414963138883322,1463.0,2.890966190282003,1464.0,0.13698036491051424,55.0
강서구,방화동,연담스테이,0,중위험군,37.5695928,126.8120742,183398.0001,452244.6686,34.9953594,-0.10424153349849519,32.021398619780705,43.0,1.343051823313552,1463.0,2.8898319744544954,1464.0,-0.02295483163985712,55.0
강서구,내발산동,브라보스테이,0,중위험군,37.55137651,126.8369821,185594.9443,450218.7647,33.34969786,4.095337452522049,28.85746556296943,43.0,1.3470313946999513,1463.0,2.8881543155588822,1464.0,-0.5531448414311875,55.0
강서구,화곡동,컴피화곡,0,중위험군,37.54176816,126.8419891,186035.6004,449151.5974,33.54100961,2.0944958199058306,29.522413009416788,43.0,1.3484483449998699,1463.0,2.8890181932506973,1464.0,-1.4899121027798516,55.0
강서구,화곡동,행복감스테이,0,중위험군,37.53873628,126.8477643,186545.4418,448814.2534,32.06027015,0.09057321344000968,29.798203656573698,43.0,1.3495152295691275,1463.0,2.8883366350847113,1464.0,-1.7525082670433454,55.0
강서구,화곡동,Happy our sweet home,0,중위험군,37.53483932,126.8474673,186518.4896,448381.7808,29.13063949,-2.370347142973877,31.480840418190525,43.0,1.349829951370835,1463.0,2.8892667669114136,1464.0,-0.2508253424322684,55.0
강서구,내발산동,스텔라하우스,0,중위험군,37.55155149,126.8390605,185778.6334,450237.8689,21.44087469,-7.9927113929858855,28.855142809813096,43.0,1.3472806688417793,1463.0,2.8876536645321726,1464.0,-0.5641091383556261,55.0
강서구,화곡동,승희하우스,0,중위험군,37.54097548,126.8325965,185205.3618,449065.0559,26.75166287,-0.5120877663642744,30.921151965914977,43.0,1.3472662475414388,1463.0,2.8912275375465453,1464.0,-0.7216352110891397,55.0
강서구,화곡동,오르카 스테이 402,0,중위험군,37.52995082,126.8446145,186265.4537,447839.63,32.45918833,0.7983879904986928,29.950041609794994,43.0,1.3498700527154526,1463.0,2.891016360998604,1464.0,1.900412754766036,55.0
강서구,화곡동,포우스테이,0,중위험군,37.54935107,126.8468729,186468.5778,449992.4953,29.0083722,0.7031540078133958,29.079473642989257,43.0,1.3484728857262378,1463.0,2.8862850738108023,1464.0,-0.9569917746361774,55.0
강서구,화곡동,은율하우스,0,중위험군,37.54607088,126.8513746,186865.8062,449627.7951,25.12712092,-4.599818832278981,29.158666548417195,43.0,1.3493671155906501,1463.0,2.885877512430803,1464.0,-1.5432164584186847,55.0
강서구,내발산동,감성아지트,0,중위험군,37.55272323,126.8361465,185521.3679,450368.363,13.10751804,-7.146645263156126,28.719085530084495,43.0,1.3468267622967471,1463.0,2.888069601301091,1464.0,-0.4184099966108662,55.0
강서구,등촌동,스테이 미야,0,중위험군,37.55259612,126.8588205,187524.8983,450351.0047,33.0807682,-0.1709348571532061,29.303622493803623,43.0,1.349821163501974,1463.0,2.882574622291602,1464.0,-0.8699972685526998,55.0
강서구,등촌동,플랜트리,0,중위험군,37.55583703,126.8448183,186288.2111,450712.6576,30.8726294,1.4219026936444017,29.03683622032478,43.0,1.3476839755172978,1463.0,2.885452443027821,1464.0,-0.532819617453581,55.0
강서구,화곡동,스테이진,0,중위험군,37.5332692,126.853607,187060.8793,448206.6543,35.30141779,1.5998046818273437,31.084725815419098,43.0,1.350891468786123,1463.0,2.88815242726361,1464.0,-1.332706979188662,55.0
강서구,화곡동,달보드레126,0,중위험군,37.54300421,126.8419518,186032.5275,449288.7896,26.94433327,-3.845169916511434,29.37489672463707,43.0,1.3483399141045311,1463.0,2.888764688635955,1464.0,-1.5171048965352254,55.0
강서구,화곡동,컴포트하우스,0,중위험군,37.53992554,126.8368112,185577.6359,448947.8705,40.16540532,6.527296159958404,30.37160594234171,43.0,1.3479040492062737,1463.0,2.8905532025057874,1464.0,-0.869877677338598,55.0
강서구,화곡동,Chill&Cozy,0,중위험군,37.54007381,126.8396905,185832.1329,448963.8889,40.73908381,9.181260912598173,30.024609527828652,43.0,1.348278655789886,1463.0,2.889892935280221,1464.0,-1.2272320974525968,55.0
강서구,화곡동,haus.grove(하우스 그로브),0,중위험군,37.53538056,126.8370184,185595.0781,448443.4011,34.14848675,0.9288041849349611,30.557713847248337,43.0,1.3483084960717335,1463.0,2.891479563705289,1464.0,1.261470259200635,55.0
강서구,화곡동,달온재,0,중위험군,37.54293876,126.8420651,186042.5361,449281.5086,26.71136175,-4.043997925740012,29.38105075559381,43.0,1.3483606558131105,1463.0,2.888752773597175,1464.0,-1.533231352323574,55.0
영등포구,(영등포동,kelly homestay,0,중위험군,37.52670733,126.9043022,191540.8907,447472.6008,36.71600374,3.718753044519552,32.156853639315344,43.0,1.3605041957458808,1463.0,2.8739505250831137,1464.0,0.7474517891523712,55.0
영등포구,신길동,보나,0,중위험군,37.51294457,126.9177036,192724.1609,445943.9864,21.69705205,-7.203685773003787,31.774760107848273,43.0,1.3656764795318639,1463.0,2.872466289247005,1464.0,-0.3959492317557713,55.0
영등포구,(당산동,소울 스테이 아틀리에 영등포,0,중위험군,37.52351734,126.8968506,190881.8294,447119.2478,34.2078846,1.6393290968143006,31.45023712947389,43.0,1.35960655403324,1463.0,2.8776590590106133,1464.0,1.0907947836864784,55.0
영등포구,신길동,슈롱하우스,0,중위험군,37.50431016,126.9089913,191952.9796,444986.3865,15.44384157,-7.024963961811043,28.963376010990725,43.0,1.3656850604540942,1463.0,2.8788921995534382,1464.0,2.184644834216513,55.0
영등포구,(당산동,휴휴휴스테이,0,중위험군,37.52002329,126.8993344,191100.9776,446731.2141,26.96643061,-0.8997174421239009,30.37954868761576,43.0,1.3606648554485377,1463.0,2.8777266548336673,1464.0,0.07933633636582726,55.0
영등포구,(양평동,호미그라운드 선유도점,0,중위험군,37.53466489,126.8974632,190937.3316,448356.4287,32.01117132,0.4365227278937098,33.53267941519793,43.0,1.3580192770062633,1463.0,2.874470377385927,1464.0,1.6073530312830377,55.0
영등포구,(영등포동,소피아하우스,0,중위험군,37.51792672,126.9069862,191777.1747,446497.8249,30.00041541,0.5287337082106731,32.179211204232274,43.0,1.362557015109518,1463.0,2.8754003622458644,1464.0,-1.2250900647331617,55.0
영등포구,(양평동,로그인 양평,0,중위험군,37.52238808,126.8836673,189716.2951,446995.2736,32.29788452,1.2763947512417637,32.330461826785424,43.0,1.3572766077671283,1463.0,2.8824439627931797,1464.0,1.4701645170917859,55.0
영등포구,신길동,미카 BNB,0,중위험군,37.50963183,126.9131508,192321.3076,445576.6762,32.34570867,0.40749398241723966,31.76173153424574,43.0,1.36544835588663,1463.0,2.8754770978778814,1464.0,0.17918838634936007,55.0
영등포구,(영등포동,부띠끄 영등포,0,중위험군,37.51868022,126.9021933,191353.553,446581.8836,28.24139823,0.8156482327407417,30.26171782109676,43.0,1.3614637150193103,1463.0,2.877041863142823,1464.0,-0.5846742291017778,55.0
영등포구,신길동,신길당,0,중위험군,37.51407405,126.9149341,192479.424,446069.5622,31.10096576,2.795088273013061,32.48562301396555,43.0,1.3648943850934139,1463.0,2.8733027547887264,1464.0,-0.8301819663622211,55.0
영등포구,신길동,페퍼하우스,0,중위험군,37.50834849,126.9154608,192525.4127,445434.0559,23.23517398,-2.113074825934742,30.824620931116932,43.0,1.3662017581349168,1463.0,2.8749357605094157,1464.0,1.0527337540400785,55.0
영등포구,도림동,스테이 수,0,중위험군,37.50792055,126.8970426,190896.9102,445388.1823,31.88416012,-0.45831307457202186,31.182431966968565,43.0,1.3623404395290406,1463.0,2.88212588706791,1464.0,0.9795172382593097,55.0
영등포구,(양평동,서울집 선유,0,중위험군,37.53494527,126.8960762,190814.7739,448387.6821,32.35132788,0.3240139909848807,33.52386390941116,43.0,1.3577331123724068,1463.0,2.8749154317896415,1464.0,1.6119911566858076,55.0
영등포구,(양평동,유어홈,0,중위험군,37.53428972,126.8954625,190760.4551,448314.9842,30.51953008,0.45813280116318467,33.328491007327216,43.0,1.3577183283974745,1463.0,2.8753088416721404,1464.0,1.5618543570610743,55.0
영등포구,(당산동,당삼만실,0,중위험군,37.52205367,126.8965624,190856.171,446956.8267,29.66404774,-5.1420819033384575,31.06534988892686,43.0,1.359786681615299,1463.0,2.8781686658799193,1464.0,0.9196437966204232,55.0
영등포구,(당산동,이가빌 BNB,0,중위험군,37.52622906,126.8988035,191054.7869,447420.0274,37.05249147,2.620287243233328,32.101439207741194,43.0,1.3595455648492571,1463.0,2.876196344630318,1464.0,1.1396799473984378,55.0
영등포구,대림동,Jinee House,0,중위험군,37.48928255,126.895435,190752.4743,443319.7623,34.02010313,4.173078645840938,28.74906454561275,43.0,1.3657521673697879,1463.0,2.888731986257031,1464.0,1.7031492866581428,55.0
영등포구,신길동,a.Hidden House,0,중위험군,37.51202771,126.9137291,192372.6786,445842.5414,26.58679109,-5.626525193978509,32.42236981096761,43.0,1.3650697392431341,1463.0,2.8744636593930863,1464.0,-0.5500539263815292,55.0
영등포구,대림동,staygyogyo,0,중위험군,37.49019949,126.897698,190952.7203,443421.3107,29.30789582,1.031317359865806,28.701462198792143,43.0,1.3661161431492075,1463.0,2.8876967710848356,1464.0,1.7660128385163596,55.0
서초구,방배동,로얄 홈스테이,0,중위험군,37.47229702,126.9896807,199087.1699,441429.5091,32.14042839,1.116644300947879,30.57266876137252,43.0,1.361384940430943,1463.0,2.881321594548388,1464.0,1.7418438911288285,55.0
서초구,양재동,알하우스,0,중위험군,37.47123375,127.0409486,203622.2877,441312.2379,31.32380718,-0.36960211087117756,29.805883063575084,43.0,1.3576989571742466,1463.0,2.8894133564116866,1464.0,0.9689856308087487,55.0
서초구,양재동,양재블루,0,중위험군,37.46216111,127.0338684,202996.3354,440305.0493,35.77243163,2.0364305592063303,30.649870941552933,43.0,1.357917313145591,1463.0,2.8921237053956825,1464.0,0.9551975992131825,55.0
서초구,서초동,우담바라 게스트하우스,0,중위험군,37.49389433,127.0164251,201452.515,443826.6003,19.61599044,-5.06430232592577,30.95590676263267,43.0,1.3582484147786378,1463.0,2.875533004877989,1464.0,0.5038164391221185,55.0
서초구,방배동,Suho's stay,0,중위험군,37.48470672,126.9891961,199044.4647,442806.8247,23.57525744,-4.023096217349213,30.536272940462023,43.0,1.3610820598623357,1463.0,2.8736574627539526,1464.0,1.665118529362486,55.0
서초구,방배동,모라하우스,0,중위험군,37.48457925,126.9855429,198721.3625,442792.7205,31.4865799,1.7036450264141862,30.504424315446762,43.0,1.3617263935088015,1463.0,2.8727514017124736,1464.0,1.6933040282483518,55.0
서초구,잠원동,Choice Guesthouse(초이스 게스트하우스),0,중위험군,37.50860686,127.0189716,201677.3822,445459.5432,29.97514592,-5.933539986118436,35.47342285095917,43.0,1.3577611669468566,1463.0,2.868865808265236,1464.0,0.7525743511385727,55.0
서초구,반포동,Say house,0,중위험군,37.50522366,127.0211525,201870.2863,445084.0925,34.46745039,1.021095394784247,35.09839623705848,43.0,1.357782854258837,1463.0,2.8711781354689894,1464.0,0.7543207704555137,55.0
서초구,양재동,Sandy Blue House,0,중위험군,37.48134607,127.038656,203419.0268,442434.4842,29.20745076,0.05300297786340025,30.110319989770687,43.0,1.3576908043977287,1463.0,2.8852431205914493,1464.0,0.8747634352905038,55.0
서초구,반포동,서래마을 컴포트존:몽마르트 공원 인근 도심 속 숲 여행,0,중위험군,37.49156267,126.9988038,199894.2154,443567.6906,34.31815628,2.81121802981248,30.7435881545217,43.0,1.359590969260967,1463.0,2.8721712378986055,1464.0,1.519926380233141,55.0
서초구,방배동,Amy's Wine House,0,중위험군,37.49092806,126.9953826,199591.6567,443497.2665,22.6623945,-3.6955888749105448,30.643326613188968,43.0,1.359994969507142,1463.0,2.8715657385602884,1464.0,1.5752842457454905,55.0
서초구,방배동,온스테이인방배,0,중위험군,37.47819409,126.9866924,198822.931,442084.0378,24.52796018,-6.456714582820215,30.514034026652723,43.0,1.3617320323823983,1463.0,2.8771153901812325,1464.0,1.7390094023928526,55.0
서초구,반포동,알레드반포,0,중위험군,37.50435327,127.0190548,201684.8278,444987.4508,31.22220184,1.066617284688153,34.88622127548409,43.0,1.357878131743195,1463.0,2.871025202870516,1464.0,0.7024574649829064,55.0
서초구,방배동,서진빌딩,0,중위험군,37.49285057,126.9937297,199445.4904,443710.6484,23.89630186,-5.483831110986806,30.63025359128008,43.0,1.3601276315737147,1463.0,2.869901612934618,1464.0,1.531564750630062,55.0
서초구,양재동,슬로우 포레스트,0,중위험군,37.46967317,127.0475292,204204.4855,441139.308,23.0694479,-3.7102074311585937,29.721478934939235,43.0,1.3575771769743064,1463.0,2.890679012669787,1464.0,0.8298738170217479,55.0
종로구,평창동,Cozy House,0,중위험군,37.60187469,126.9666111,197051.5857,455811.5154,33.16659741,-1.6401536271951898,34.34996890701885,43.0,1.3572475406034958,1463.0,2.8241209959908598,1464.0,1.7522031970229381,55.0
강남구,논현동,정호하우스,0,중위험군,37.5090821,127.0258297,202283.7234,445512.4331,42.18519787,6.205426752911329,36.057036722991256,43.0,1.3575544809452345,1463.0,2.87060829832411,1464.0,1.0207208158719465,55.0
강남구,삼성동,어퍼하우스,0,중위험군,37.51043084,127.04562,204033.4103,445662.7903,34.99717861,3.3088051635134406,33.93143350948147,43.0,1.3572618351206327,1463.0,2.8749089508020593,1464.0,-1.043210768113828,55.0
강남구,역삼동,엠티티 도미토리,0,중위험군,37.49295383,127.0343637,203038.9145,443722.6451,31.72139305,1.6826397257632024,29.470103432182192,43.0,1.3576633888723892,1463.0,2.879804345265762,1464.0,0.3901777879103375,55.0
강남구,삼성동,강남하우스,0,중위험군,37.50922544,127.0445853,203941.9891,445528.9624,31.87918992,0.9662937512133425,33.87555838261207,43.0,1.3572866952204015,1463.0,2.875169924938568,1464.0,-1.310904857211272,55.0
강남구,역삼동,지니 홈,0,중위험군,37.49985292,127.0273115,202415.0336,444488.1499,32.45033756,-0.3940839280308239,32.94695427565652,43.0,1.3577222211382074,1463.0,2.875287407603692,1464.0,-0.015747685069898792,55.0
강남구,역삼동,카일룸 블랙 701,0,중위험군,37.50558602,127.0375299,203318.3465,445124.7613,32.72768139,0.7404573089062332,32.422193014680666,43.0,1.3574158234320433,1463.0,2.875111518606921,1464.0,1.0201119462085515,55.0
강남구,삼성동,더 헤이븐,0,중위험군,37.50335065,127.0512278,204529.6396,444877.2351,27.8475887,1.5948008768027435,34.49208760005132,43.0,1.3573218320532294,1463.0,2.8788211417081095,1464.0,0.49305115242105146,55.0
강남구,대치동,온유 스테이 Ⅲ,0,중위험군,37.49976088,127.0528319,204671.6949,444478.8954,34.89794073,3.9573683712474477,34.740375254753054,43.0,1.3573485162349614,1463.0,2.8804580678640823,1464.0,0.9318182285349604,55.0
강남구,논현동,스테이 강남,0,중위험군,37.50668776,127.0299194,202645.3959,445246.7991,26.59824048,-6.2455430148457225,35.349737570426164,43.0,1.3575211205684237,1463.0,2.8728047556266376,1464.0,1.014214094250099,55.0
강남구,역삼동,스테이 라온,0,중위험군,37.49373646,127.0434077,203838.6658,443809.8372,29.01981765,0.919840716853308,28.451278376515937,43.0,1.3574960905619655,1463.0,2.881129752119481,1464.0,3.2977076951163786,55.0
강남구,역삼동,강남스테이,0,중위험군,37.49340357,127.0411789,203641.5829,443772.8022,28.54701688,0.23687334890140832,28.58790745187718,43.0,1.357531846654266,1463.0,2.8808708520837727,1464.0,2.6993873570231193,55.0
강남구,역삼동,강남스테이,0,중위험군,37.49033739,127.035811,203167.0099,443432.3023,28.34711281,1.5490736711522999,29.819473216981937,43.0,1.3576649377295822,1463.0,2.8811624955946376,1464.0,0.9333810397070836,55.0
강남구,역삼동,강남 코지,0,중위험군,37.50561615,127.0433248,203830.7314,445128.3254,33.57522628,1.7022911442931346,32.43376215273168,43.0,1.3573503380340322,1463.0,2.8763654601766935,1464.0,-0.6426158237584426,55.0
강남구,논현동,강남구 스테이,0,중위험군,37.51310491,127.0399731,203534.0214,445959.3509,26.69849919,-6.576576538537779,32.89422802353866,43.0,1.3572550115228177,1463.0,2.8724847848850086,1464.0,-0.12810260510467017,55.0
강남구,역삼동,시연 스테이,0,중위험군,37.48881443,127.0327461,202896.023,443263.1751,35.1993127,5.019985754303438,29.803089724300765,43.0,1.3577547135801014,1463.0,2.8812499539209475,1464.0,0.677364360705093,55.0
강남구,역삼동,디모라 강남,0,중위험군,37.49239084,127.0329888,202917.3471,443660.1171,23.14233856,-2.3549202406095766,29.483864525110818,43.0,1.357702235525286,1463.0,2.8797803460032845,1464.0,0.34206267499907905,55.0
강남구,논현동,B.B House,0,중위험군,37.51138335,127.020135,201780.176,445767.7195,34.47605521,0.5767827429751904,35.95068743445333,43.0,1.3576414719449694,1463.0,2.8678182286735767,1464.0,0.9002480228817165,55.0
강남구,논현동,코지 스테이 신사,0,중위험군,37.51460092,127.0242561,202144.4343,446124.9148,34.00571848,-1.155661443236184,35.04086230147956,43.0,1.3574409855253498,1463.0,2.867486261713717,1464.0,1.3793069054043716,55.0
강남구,역삼동,힐링스테이 인 역삼,0,중위험군,37.49294738,127.0438504,203877.855,443722.2778,28.65470962,-0.1519680688965579,28.542921548668456,43.0,1.3574980790947604,1463.0,2.8815150366014315,1464.0,3.022996126906383,55.0
강남구,논현동,레드 비 하우스,0,중위험군,37.50644002,127.0272716,202411.2962,445219.232,35.5573339,-2.7417487307182427,35.63110564472082,43.0,1.3575838953456891,1463.0,2.8722389981482555,1464.0,0.9690518709212602,55.0
강남구,논현동,반 스테이,0,중위험군,37.51570214,127.0372404,203292.3066,446247.5114,26.66274028,-3.9081965257394167,31.570789527514016,43.0,1.3572254668671384,1463.0,2.870666637215724,1464.0,1.338515330926179,55.0
강남구,논현동,강남스타일 빌리지,0,중위험군,37.50555946,127.0246144,202176.3788,445121.4364,34.12646647,0.03932028257130327,35.35932534970298,43.0,1.3576714088476327,1463.0,2.8719541917831046,1464.0,0.8409871636769356,55.0
강남구,역삼동,우리하우스,0,중위험군,37.50410281,127.0442755,203914.8622,444960.4033,19.41809462,-2.4308006119851093,31.16317038588852,43.0,1.3573628075411812,1463.0,2.8771741863600604,1464.0,0.005292750843554683,55.0
강남구,대치동,스테이인대치,0,중위험군,37.49757216,127.0552374,204884.5455,444236.098,33.12079577,-1.8904550016991095,34.577721079355065,43.0,1.3573538105599527,1463.0,2.881664766336397,1464.0,1.0820844881680023,55.0
강남구,역삼동,포그네 스테이,0,중위험군,37.50425687,127.0382452,203381.6533,444977.2682,31.6562999,2.433745135369268,31.321262729350146,43.0,1.3574282005227325,1463.0,2.875834400609994,1464.0,1.311064329929557,55.0
강남구,도곡동,스테이럭스702,0,중위험군,37.48702457,127.0340386,203010.3973,443064.5647,35.60460167,1.5304820658359404,29.991979315842222,43.0,1.3577436333619144,1463.0,2.8822246849544317,1464.0,0.8150029816879716,55.0
강남구,논현동,안느스테이,0,중위험군,37.50478463,127.0290582,202569.3212,445035.5523,33.03497739,-0.011259510740650569,35.135815618617464,43.0,1.35757953726535,1463.0,2.8734567914308116,1464.0,0.8340219666751959,55.0
강남구,논현동,슬로우 논현,0,중위험군,37.50494989,127.0278057,202458.5709,445053.8606,37.28830696,4.665857745225658,35.273732755493654,43.0,1.357604556714277,1463.0,2.8730671863032926,1464.0,0.8333546060402789,55.0
강남구,삼성동,강남 스테이2,0,중위험군,37.50353936,127.0509903,204508.6299,444898.1681,29.2237893,2.9769737621577583,34.46749096040251,43.0,1.3573210852501556,1463.0,2.878705101644708,1464.0,0.46604219977327443,55.0
강남구,삼성동,코엑스 민박,0,중위험군,37.50892838,127.054201,204792.1779,445496.4388,31.77313903,-1.564822395536961,33.79947173053202,43.0,1.357248757806542,1463.0,2.8772755497236275,1464.0,-0.07138672607967911,55.0
강남구,대치동,대치 스테이,0,중위험군,37.49827346,127.0573963,205075.4095,444314.0475,33.74714862,-0.26864837368922423,34.38543868300912,43.0,1.3573384406284357,1463.0,2.881759151675606,1464.0,0.8996682196860253,55.0
강남구,논현동,네스트,0,중위험군,37.51052077,127.0407097,203599.2665,445672.5722,41.2322839,7.455720428532551,33.508376998326064,43.0,1.3572956975617154,1463.0,2.8737554602405813,1464.0,-0.575606571506739,55.0
강남구,역삼동,윰스테이,0,중위험군,37.49529588,127.0367426,203249.1872,443982.6615,20.04791008,-5.485027701685482,28.83397360469419,43.0,1.3575841210516704,1463.0,2.8792793769526597,1464.0,1.4676858051959822,55.0
강남구,역삼동,리마 오아시스,0,중위험군,37.50276638,127.0347393,203071.7265,444811.7228,30.07454456,-3.907179299835285,30.890851155516266,43.0,1.357506630945278,1463.0,2.875693220684894,1464.0,0.6134121437740743,55.0
강남구,역삼동,어반팀버선릉,0,중위험군,37.5048467,127.0427473,203779.7065,445042.903,33.7450922,2.0000294883223724,31.561430016868552,43.0,1.3573669316390156,1463.0,2.8765570116281456,1464.0,-0.008778730688749459,55.0
강남구,대치동,수하우스,0,중위험군,37.49689863,127.0561327,204963.7644,444161.3918,30.52017559,-4.020451301019612,34.51344968305664,43.0,1.3573543304533264,1463.0,2.8820519991642244,1464.0,1.115689807646265,55.0
강남구,삼성동,케이트 하우스,0,중위험군,37.51017237,127.0453773,204011.9619,445634.093,35.91388745,3.526502296523958,33.87747890755084,43.0,1.3572671933981086,1463.0,2.874960009987255,1464.0,-1.1082932829624708,55.0
강남구,역삼동,스테이 수,0,중위험군,37.50080062,127.0393793,203482.0976,444593.7104,25.87922304,-2.4204382961247397,28.64282282141712,43.0,1.3574651631788377,1463.0,2.8775194615794977,1464.0,3.1722129499587335,55.0
강남구,역삼동,스테이 오하2,0,중위험군,37.50400476,127.0444354,203929.0111,444949.5277,17.22508287,-4.59644716354607,31.16932937687007,43.0,1.3573626720140575,1463.0,2.8772461017308624,1464.0,-0.02249968837212904,55.0
강남구,삼성동,길동박스,0,중위험군,37.50610203,127.0526915,204658.8938,445182.6744,24.14881345,-4.421503167220305,34.12833076473797,43.0,1.3572850621083372,1463.0,2.87805268407216,1464.0,0.1674178872649198,55.0
강남구,논현동,웰컴서울,0,중위험군,37.50576745,127.033287,202943.1914,445144.7565,31.80044091,-6.044738506050038,34.14305024161912,43.0,1.3574771856661192,1463.0,2.874045859654351,1464.0,0.9171232995836506,55.0
강남구,역삼동,더밤스테이 강남,0,중위험군,37.49794255,127.0305883,202704.8574,444276.2128,34.08532717,1.7681659649900325,30.16003214092231,43.0,1.3576740855639748,1463.0,2.876884233218654,1464.0,-0.9023911924804944,55.0
강남구,대치동,가온재,0,중위험군,37.49961469,127.05203,204600.7988,444462.6308,31.97914074,-4.327731643482565,34.78566514400048,43.0,1.3573546747781962,1463.0,2.880373900383427,1464.0,0.9988500455850934,55.0
강남구,논현동,가든스테이 인 서울,0,중위험군,37.51343313,127.0281106,202485.2487,445995.3997,30.79048293,-7.19182499065727,34.23091031392139,43.0,1.357396951769669,1463.0,2.869189913339617,1464.0,1.4757055629783065,55.0
강남구,청담동,호스테이 청담,0,중위험군,37.51884999,127.0434973,203845.3011,446597.1203,33.3193399,-3.1098804013231955,33.37047163213315,43.0,1.35712609695052,1463.0,2.8709347689109292,1464.0,-0.33460424002918704,55.0
강남구,논현동,진스테이,0,중위험군,37.50760589,127.0254401,202249.3213,445348.5833,34.90766854,-0.38893413658583853,35.7502890482321,43.0,1.357600393615216,1463.0,2.8712031470693318,1464.0,0.9373223346309297,55.0
강남구,삼성동,아몰프 펜트하우스 삼성,0,중위험군,37.51105138,127.0476376,204211.7543,445731.7507,29.79204152,-3.173053409826398,33.99032186928162,43.0,1.3572423798913302,1463.0,2.8751013571418818,1464.0,-0.9879125219227155,55.0
강남구,대치동,Stay 여운 ; 청월,0,중위험군,37.4974769,127.0582499,205150.9459,444225.686,31.04538424,-0.5633809387369304,34.343818384919196,43.0,1.3573407468436973,1463.0,2.882178481822676,1464.0,0.9384129150861737,55.0
강남구,대치동,하이 서울,0,중위험군,37.501816,127.0579172,205121.2286,444707.2517,33.32584445,-0.9057969272772084,34.195837789235924,43.0,1.357308983675267,1463.0,2.8805714283150046,1464.0,0.5762091962564697,55.0
강남구,역삼동,스노어랙스,0,중위험군,37.49205457,127.0424317,203752.4413,443623.1301,26.17513653,-0.3531163293683015,28.802321323594924,43.0,1.3575270750143331,1463.0,2.8816236287487973,1464.0,2.438758659660346,55.0
강남구,대치동,메종 서울,0,중위험군,37.50207006,127.0582631,205151.7958,444735.468,30.58631409,-0.3404224936319338,34.17295819549905,43.0,1.357305949717277,1463.0,2.880538111193332,1464.0,0.5514700175454894,55.0
강남구,논현동,베이트 샬롬,0,중위험군,37.50953104,127.0285218,202521.7287,445562.3284,29.62687629,-5.668478477138777,35.307173915867,43.0,1.3574853100777577,1463.0,2.8711315198376965,1464.0,1.282993535622865,55.0
강남구,대치동,강남아이빌,0,중위험군,37.50293703,127.0532138,204705.2733,444831.4261,35.34688444,0.6349283158397228,34.52449855065456,43.0,1.3573161917244034,1463.0,2.879340650879777,1464.0,0.5278870113197925,55.0
강남구,신사동,제이지 하우스(JG House),0,중위험군,37.51693973,127.0228527,202020.3018,446384.462,36.16102078,-1.3144081701513173,35.00325691142894,43.0,1.3574005707852603,1463.0,2.8658882038523954,1464.0,1.5144483258825399,55.0
강남구,신사동,강남 가로수,0,중위험군,37.51928396,127.0202834,201793.1073,446644.5899,35.59389941,0.6098158789050814,35.093582464614194,43.0,1.3573800462973966,1463.0,2.8638424568944796,1464.0,1.5630159744176104,55.0
강남구,신사동,그린빌라트,0,중위험군,37.51952449,127.0243587,202153.3697,446671.3711,35.28081558,-1.6369278022109555,34.642256186194075,43.0,1.3572893418479606,1463.0,2.8650919053529713,1464.0,1.724857202482865,55.0
강남구,역삼동,하루게스트하우스(Haru Guest House),0,중위험군,37.4985488,127.0337612,202985.4087,444343.5945,31.6949345,-0.8548987822820742,29.29457725405998,43.0,1.3575944605958237,1463.0,2.877300181879391,1464.0,-1.0536679126969333,55.0
강남구,역삼동,해피투게더,0,중위험군,37.48972239,127.0360837,203191.1528,443364.0546,23.9742128,-2.0970294883039173,29.872011120249866,43.0,1.3576662595418898,1463.0,2.8814642877633023,1464.0,0.9920729373412827,55.0
강남구,역삼동,강남비앤비,0,중위험군,37.49958615,127.0280264,202478.2597,444458.5605,34.00436785,1.8766717662926524,32.39246452775704,43.0,1.3577084165201303,1463.0,2.8755749046656893,1464.0,-0.1982820178690258,55.0
강남구,청담동,민트스타 하우스 청담,0,중위험군,37.51946375,127.0434881,203844.4572,446665.2396,32.62434094,-3.8197480646506463,33.39011727622355,43.0,1.357114177550706,1463.0,2.8706742976251154,1464.0,-0.2066010839670045,55.0
강남구,역삼동,SM HOUSE(SMILE MAKE),0,중위험군,37.49900378,127.0332971,202944.3482,444394.0768,26.13758151,-4.425516693598649,29.446325773271397,43.0,1.357596564215905,1463.0,2.877004990110752,1464.0,-1.1125180271719892,55.0
강남구,대치동,스테이대치,0,중위험군,37.49703997,127.0564148,204988.7,444177.0936,32.70546839,-2.044373759999104,34.49174790470632,43.0,1.3573519005273544,1463.0,2.8820458288612993,1464.0,1.0763986290849552,55.0
강남구,역삼동,지제이(GJ),0,중위험군,37.49163749,127.0312362,202762.3855,443576.4522,25.75006413,-1.0919509162260255,29.51423158355037,43.0,1.3577560379748,1463.0,2.879766234705496,1464.0,0.33082489975874085,55.0
강남구,역삼동,더엔케이,0,중위험군,37.49442339,127.0354926,203138.6797,443885.7841,27.4790372,1.1269760052958198,29.292150904412612,43.0,1.3576199843881982,1463.0,2.879402824231205,1464.0,0.27074330164332827,55.0
강남구,논현동,스테이 희,0,중위험군,37.50495477,127.0311714,202756.1601,445054.4954,28.5225796,-6.168996255607858,34.70458767854967,43.0,1.357531942469395,1463.0,2.8738981229295306,1464.0,0.836306939775476,55.0
강남구,역삼동,어반 스페이스,0,중위험군,37.50619716,127.0402086,203555.1695,445192.6878,31.20131755,-0.6178504188683966,32.80601945832428,43.0,1.3573729640898908,1463.0,2.875453004130787,1464.0,0.31506024240522285,55.0
강남구,역삼동,여니 하우스,0,중위험군,37.48945708,127.0328623,202906.2676,443334.5043,28.4041064,0.9357989559927908,29.749309915440058,43.0,1.3577437934111614,1463.0,2.8809998332857663,1464.0,0.6541198538497325,55.0
송파구,송파동,해모로 하우스,0,중위험군,37.50860969,127.108004,209549.2083,445465.1682,35.15474997,-1.5271425906068856,34.61521117436098,43.0,1.3574725829767675,1463.0,2.8853234473885214,1464.0,0.5894474825774056,55.0
송파구,석촌동,편안,0,중위험군,37.49736931,127.0987876,208735.6476,444216.7353,34.73842044,0.6722709134502196,32.15174572868101,43.0,1.3574108065661559,1463.0,2.887376052454844,1464.0,1.1181499149566838,55.0
송파구,잠실동,도담e하우스,0,중위험군,37.50186656,127.0847911,207497.5065,444714.6649,35.93473666,1.1236908655922448,31.644732063931656,43.0,1.3573411066253314,1463.0,2.8844786932962942,1464.0,0.6179829260034672,55.0
송파구,석촌동,그린스테이,0,중위험군,37.50216831,127.1028438,209093.7443,444749.7465,39.61353822,6.374259334907201,32.64135309755827,43.0,1.357436242904957,1463.0,2.8864932229516196,1464.0,1.1333768497519001,55.0
송파구,방이동,늘푸른 인더바인,0,중위험군,37.51059523,127.11756,210393.829,445686.5506,37.01467713,-0.636012314317,36.3865157091203,43.0,1.3575462023527942,1463.0,2.8858382256106756,1464.0,1.924331967118131,55.0
송파구,방이동,더골든아워스테이,0,중위험군,37.50866577,127.1228713,210863.6913,445473.005,32.82451337,-0.04626586412226885,35.78728375257332,43.0,1.3575851120980384,1463.0,2.886858867623615,1464.0,1.1702494530127365,55.0
송파구,방이동,Belle's house,0,중위험군,37.51038031,127.1108641,209801.8525,445661.9786,30.34548068,-6.131115928679009,35.572813697325856,43.0,1.3574942025748593,1463.0,2.8851716193111407,1464.0,2.2344286685004326,55.0
송파구,방이동,원스테이,0,중위험군,37.50661475,127.1153898,210202.4977,445244.5305,36.41443725,5.835928480502062,34.74429453686298,43.0,1.3575254142214244,1463.0,2.8866294785076247,1464.0,-1.9935050984386327,55.0
송파구,삼전동,부의유전자,0,중위험군,37.49858114,127.0886558,207839.5776,444350.3406,34.39234506,0.537445157227836,32.20666852035895,43.0,1.3573624840265615,1463.0,2.885922222373377,1464.0,0.7415429942290231,55.0
송파구,잠실동,금하우스,0,중위험군,37.50560203,127.0818788,207239.6245,445129.026,27.43537687,-6.558977139693198,31.450309539927876,43.0,1.3573181807444512,1463.0,2.882953337207166,1464.0,0.1261420476028816,55.0
송파구,삼전동,라이프스테이 송파,0,중위험군,37.50154317,127.091626,208101.903,444679.3392,23.15592039,-7.993092599566893,31.940150984358958,43.0,1.357373103587243,1463.0,2.8854090836272133,1464.0,1.1669012003616819,55.0
송파구,잠실동,조이스하우스(Joy's house),0,중위험군,37.50581047,127.0940291,208313.9234,445153.1642,22.99578664,-0.7317149034053685,31.428725161336917,43.0,1.3573810128705066,1463.0,2.884467866535809,1464.0,2.120308393634086,55.0
송파구,방이동,봉봉피아,0,중위험군,37.51009597,127.1106873,209786.26,445630.4021,30.44626838,-5.224175415965497,34.87114979351186,43.0,1.3574927963159353,1463.0,2.8852270200935948,1464.0,2.026716229324695,55.0
송파구,오금동,수정스테이,0,중위험군,37.50651661,127.1300273,211496.7233,445235.3258,30.12884102,-2.3314189953350812,35.07786480992794,43.0,1.3576357910071233,1463.0,2.8880463897328337,1464.0,1.2284744340645595,55.0
송파구,석촌동,현스테이,0,중위험군,37.49768219,127.0982757,208690.3404,444251.4135,38.7114177,3.9860666868116112,32.20371581360399,43.0,1.3574082884595833,1463.0,2.887236744612127,1464.0,1.13384689673783,55.0
송파구,풍납동,다니엘스테이,0,중위험군,37.5250348,127.1153131,210193.2051,447288.9155,30.60062874,-5.653291501961181,34.17379053942959,43.0,1.357524986693385,1463.0,2.8818292281581024,1464.0,3.4203588947102483,55.0
송파구,잠실동,로맨스828,0,중위험군,37.50327782,127.0855312,207562.8054,444871.3558,33.82565912,5.370801845037622,31.499863284456946,43.0,1.3573410901914884,1463.0,2.884148066255984,1464.0,0.6735028614436385,55.0
송파구,송파동,스테이온기,0,중위험군,37.50401206,127.1120548,209907.9678,444955.3089,30.9590127,-5.698627980351322,33.34453314426421,43.0,1.3574984168658946,1463.0,2.8869613315003555,1464.0,-0.42635070829741983,55.0
송파구,석촌동,로므스테이,0,중위험군,37.50115544,127.0993728,208786.9462,444637.0012,38.59557648,6.062134070868126,32.36251911176124,43.0,1.3574152482537107,1463.0,2.8863958858619574,1464.0,1.4121056479657315,55.0
송파구,잠실동,Puerto Varas,0,중위험군,37.50285075,127.0856539,207573.7005,444823.9664,22.4912895,-5.892856989877831,31.574550252972223,43.0,1.3573426192238158,1463.0,2.8842921599405233,1464.0,0.6902626920545805,55.0
송파구,방이동,혀니스테이 잠실,0,중위험군,37.50911748,127.1138039,210061.9411,445522.1308,36.23470366,0.05910909660796193,36.01274019324132,43.0,1.3575159754998094,1463.0,2.8858210509227717,1464.0,0.7551814801116721,55.0
송파구,삼전동,안녕스테이,0,중위험군,37.49758798,127.0907663,208026.3103,444240.2906,35.37213079,1.0411022083900505,32.29127830662261,43.0,1.3573722485840443,1463.0,2.8864509132653415,1464.0,0.7937272989237689,55.0
송파구,송파동,THE 718,0,중위험군,37.50473663,127.1067158,209435.7982,445035.1782,23.26710927,-5.240721799395846,33.22896833398401,43.0,1.357462410394299,1463.0,2.8862164747773593,1464.0,0.5725609622560126,55.0
송파구,석촌동,로렐스테이,0,중위험군,37.49738873,127.0989186,208747.2224,444218.9028,33.62581686,-0.3605294271018522,32.144083341953575,43.0,1.357411504305741,1463.0,2.887384261912275,1464.0,1.1179989309174687,55.0
송파구,석촌동,윤스테이,0,중위험군,37.4993143,127.0987854,208735.2248,444432.6038,24.21350793,-4.044156720171536,32.21239224788021,43.0,1.3574116150885622,1463.0,2.8868405437520197,1464.0,1.2698772984232833,55.0
송파구,석촌동,지니스테이,0,중위험군,37.49799753,127.09891,208746.3954,444286.4709,26.92337878,-7.998192778940059,32.16729025257664,43.0,1.3574117838642619,1463.0,2.8872161824335105,1464.0,1.1534054901067357,55.0
송파구,삼전동,AROME SONGPA,0,중위험군,37.50116237,127.0953203,208428.6085,444637.3997,32.4236752,-1.9584425254420026,32.11629545904401,43.0,1.357392627761219,1463.0,2.885944355730593,1464.0,1.3756544252946705,55.0
송파구,송파동,스테이 노브(Stay NOV),0,중위험군,37.50520235,127.1106109,209780.1392,445087.2648,31.40989031,-4.840663326343908,33.505989720719306,43.0,1.357489556405089,1463.0,2.8865039793048353,1464.0,-0.6379083901566496,55.0
송파구,석촌동,레이크 하우스,0,중위험군,37.50407351,127.1011869,208947.0091,444961.0404,20.13088153,-5.795838490490411,32.80395451738099,43.0,1.3574261456770071,1463.0,2.885792229766658,1464.0,1.3403142012865783,55.0
송파구,삼전동,크래프트 샘,0,중위험군,37.49993452,127.0864101,207640.8571,444500.3636,33.11996274,0.5554295072214046,31.910346207095536,43.0,1.3573514402720874,1463.0,2.8852572477324974,1464.0,0.641464293328925,55.0
송파구,석촌동,Leo's Nest,0,중위험군,37.50178424,127.0976242,208632.2625,444706.6281,36.00709378,-1.3145507571262058,32.20980194188667,43.0,1.3574051708256978,1463.0,2.8860286439346137,1464.0,1.5600699168604661,55.0
송파구,석촌동,꿈꾸는다락방,0,중위험군,37.49827302,127.0993835,208788.2346,444317.0909,31.57338954,-2.6463617629178913,32.16599115812502,43.0,1.3574144623001723,1463.0,2.8871899522845683,1464.0,1.183238201880686,55.0
송파구,삼전동,순수게스트하우스,0,중위험군,37.50329838,127.0936889,208284.1147,444874.3245,24.36411631,-0.653831079582762,31.70550607095192,43.0,1.3573821333377256,1463.0,2.885147846463011,1464.0,1.6323499596164075,55.0
송파구,삼전동,삼전가(Samjeonga),0,중위험군,37.50211183,127.0890232,207871.6978,444742.2322,39.44708104,6.763443400364892,31.77354454576588,43.0,1.3573595871809345,1463.0,2.8849314815141396,1464.0,0.9753715300230478,55.0
송파구,삼전동,소예,0,중위험군,37.49636647,127.09183,208120.4994,444104.8101,35.43313098,1.4271284264016728,32.390854135830736,43.0,1.3573772857095072,1463.0,2.886918405023737,1464.0,0.7719919459978393,55.0
송파구,방이동,웰럭팜,0,중위험군,37.51093925,127.1114596,209854.4292,445724.076,33.80403195,-2.242472560022371,36.12818308021975,43.0,1.3574988862296924,1463.0,2.885090535042675,1464.0,2.497324979432914,55.0
송파구,송파동,Kim's Family,0,중위험군,37.50556314,127.1045467,209243.9003,445126.6949,41.53234517,5.066704903893317,33.489114440335406,43.0,1.3574480303293952,1463.0,2.8857588352686063,1464.0,0.9426621058565878,55.0
송파구,방이동,Jamsil Cozy Mood,0,중위험군,37.50776511,127.1134865,210034.0584,445372.0011,37.19962075,6.70824160361898,35.097843486839324,43.0,1.3575125313603031,1463.0,2.8861375498365383,1464.0,-2.6659941703894567,55.0
송파구,석촌동,스테이 플러스,0,중위험군,37.50060211,127.1047546,209262.9025,444576.1048,27.7049976,0.4406503633021295,32.16348597989649,43.0,1.3574470791687376,1463.0,2.887115200515903,1464.0,0.997553050100713,55.0
송파구,석촌동,소담스테이,0,중위험군,37.49918828,127.105236,209305.6421,444419.2354,26.56184282,-7.158572362288613,31.78520881808956,43.0,1.3574486651900006,1463.0,2.887541036995623,1464.0,0.983571736559302,55.0
송파구,삼전동,소평(小平) 1,0,중위험군,37.50004058,127.090418,207995.2448,444512.4678,30.88498361,-0.6606600801282134,32.098095417363375,43.0,1.3573688066636096,1463.0,2.8857024211240905,1464.0,0.9273733297685743,55.0
송파구,삼전동,리네스 하우스,0,중위험군,37.49980984,127.0906405,208014.9441,444486.8776,30.85122496,-1.2001964581382474,32.125274136780696,43.0,1.3573700613789255,1463.0,2.885795158612434,1464.0,0.9284802690119708,55.0
송파구,석촌동,타야 스테이,0,중위험군,37.49994472,127.1079784,209548.0474,444503.4652,32.49566923,-1.0807318276643016,31.821193477531608,43.0,1.3574664182355487,1463.0,2.8876140560714547,1464.0,0.7937964521620858,55.0
송파구,삼전동,초록3,0,중위험군,37.50176728,127.0894624,207910.566,444704.0284,37.41045973,5.783657429475959,31.83455287845879,43.0,1.3573622054054864,1463.0,2.8850858180439682,1464.0,0.9844675528583438,55.0
송파구,방이동,더윤스테이,0,중위험군,37.51112252,127.1092003,209654.6568,445744.1825,30.6559554,-7.175097420767404,36.29180957567999,43.0,1.3574815284164203,1463.0,2.884787814068389,1464.0,2.515601979472496,55.0
송파구,석촌동,JR스테이,0,중위험군,37.5028353,127.1010324,208933.4938,444823.6003,33.05009473,-2.0907993784445438,32.58511039514994,43.0,1.3574252297470757,1463.0,2.886115093176022,1464.0,1.3213805487284174,55.0
송파구,잠실동,류스테이,0,중위험군,37.50535361,127.0815276,207208.5966,445101.4276,35.14675086,0.7649071787891941,31.446466264403597,43.0,1.3573175213778146,1463.0,2.882981941885905,1464.0,0.12891903582762623,55.0
송파구,잠실동,다온스테이,0,중위험군,37.49977165,127.0844985,207471.8364,444482.1336,35.84538982,1.6437861845924004,31.835133140182087,43.0,1.357344245376502,1463.0,2.8850724869926223,1464.0,0.5650819805111451,55.0
송파구,잠실동,잠실 스테이,0,중위험군,37.50550057,127.0801108,207083.314,445117.6307,35.40227873,0.9363291802263731,31.46045082318885,43.0,1.3573110880183477,1463.0,2.8827395432843894,1464.0,0.07777029089550194,55.0
송파구,잠실동,Houston Family 2,0,중위험군,37.50445413,127.0810937,207170.3185,445001.5637,35.24417121,1.241066452432463,31.422684351376617,43.0,1.3573187947402365,1463.0,2.883201388819876,1464.0,0.16817882927573632,55.0
송파구,잠실동,애플망고하우스,0,중위험군,37.50552622,127.0802835,207098.5842,445120.4905,35.24362027,0.7864514188076868,31.459951907143257,43.0,1.357311696509084,1463.0,2.8827556779436803,1464.0,0.08460400672457433,55.0
송파구,송파동,for:rest 잠실,0,중위험군,37.50393033,127.1110586,209819.8947,444946.1335,36.21212562,-0.029010327455047502,33.18193476050003,43.0,1.3574914266409255,1463.0,2.886881663015087,1464.0,-0.17454324012141298,55.0
송파구,석촌동,라 튤립,0,중위험군,37.49910744,127.1032239,209127.7291,444410.0662,37.08008165,2.4386452315423455,32.02086102503141,43.0,1.3574366574784957,1463.0,2.887359347717703,1464.0,1.081031697613684,55.0
송파구,삼전동,오닉스맨숀,0,중위험군,37.49976916,127.0907832,208027.5721,444482.3748,31.12904532,-1.0184455810577795,32.130826023799834,43.0,1.357370761928916,1463.0,2.8858234700681993,1464.0,0.940346011366733,55.0
송파구,송파동,주디피아,0,중위험군,37.50401204,127.110609,209780.1264,444955.1554,27.09457602,-7.196875702898456,33.14711130886363,43.0,1.3574884154537976,1463.0,2.886814556405851,1464.0,-0.11329956845583491,55.0
송파구,석촌동,미까사,0,중위험군,37.4975661,127.098618,208720.6264,444238.5607,35.77907325,3.0839799422156773,32.17068249439312,43.0,1.3574100240538058,1463.0,2.8873043796892204,1464.0,1.1306696442593467,55.0
송파구,잠실동,이안,0,중위험군,37.50735899,127.0827814,207319.2669,445324.0958,33.25977223,-0.5706173516225661,31.474531086888888,43.0,1.357316145940382,1463.0,2.8825352913966102,1464.0,0.06437938616541783,55.0
송파구,삼전동,매그놀리아 잠실점,0,중위험군,37.50392123,127.0901327,207969.6081,444943.1457,27.1313143,-2.306681148443026,31.512856561033697,43.0,1.3573621914899383,1463.0,2.8845368108584837,1464.0,1.3148134743578046,55.0
송파구,석촌동,윤슬 하우스,0,중위험군,37.50164097,127.1001785,208858.1321,444690.9643,30.79022669,-0.4925660675453649,32.3866489602108,43.0,1.3574199985323983,1463.0,2.8863498058040915,1464.0,1.3642481371114905,55.0
송파구,송파동,메이빌투,0,중위험군,37.50500576,127.1061441,209385.214,445064.991,36.55040626,-1.090664509921126,33.31912916340899,43.0,1.3574586640794866,1463.0,2.886083134930313,1464.0,0.6602540141761276,55.0
송파구,거여동,위례스테이,0,중위험군,37.48155593,127.1378417,212191.714,442465.998,36.12207753,2.95755157655681,35.104905582498866,43.0,1.3575877875178204,1463.0,2.8942881199859802,1464.0,0.2516275208997558,55.0
송파구,송파동,스테이올로지,0,중위험군,37.50658303,127.1078781,209538.3311,445240.2221,40.33456185,5.376027208586365,33.81330558684072,43.0,1.3574712078172655,1463.0,2.8858497463936454,1464.0,-0.015369462983979537,55.0
송파구,송파동,아로와 웨스트,0,중위험군,37.50682691,127.1078156,209532.7758,445267.2833,35.96778084,-0.9345921566117283,33.90435020719781,43.0,1.3574708512243818,1463.0,2.885778038792313,1464.0,0.02963884921262433,55.0
송파구,석촌동,Stay MiMi,0,중위험군,37.49829867,127.1027325,209084.3743,444320.2556,30.56035186,-5.610812305731681,32.00227080710678,43.0,1.357433107953219,1463.0,2.8875270026721305,1464.0,1.0850241757400454,55.0
송파구,송파동,무드 인,0,중위험군,37.5014156,127.1129004,209983.0795,444667.2246,35.00914488,-0.6512956400373824,32.65508516470384,43.0,1.3575005766464836,1463.0,2.8877133578697345,1464.0,0.12961285389071364,55.0
송파구,풍납동,시온스테이,0,중위험군,37.53122013,127.1165666,210303.1631,447975.5472,22.48606592,-9.811983355188758,32.70262620067712,43.0,1.357527852338509,1463.0,2.88035230157146,1464.0,3.5442805979007046,55.0
송파구,삼전동,비앤비코리아,0,중위험군,37.50037773,127.0878556,207768.6356,444549.6725,27.37879125,0.5738762406975191,31.929992753696432,43.0,1.357356857325697,1463.0,2.885300491185134,1464.0,0.7497788593273983,55.0
송파구,송파동,Twin Stay,0,중위험군,37.50571407,127.1096694,209696.8253,445143.9617,22.90596435,-4.942429478018006,33.55605595510578,43.0,1.3574833460797802,1463.0,2.886271254877758,1464.0,-0.5287915484187055,55.0
송파구,삼전동,Black B,0,중위험군,37.49884104,127.0935388,208271.3414,444379.6041,31.75105621,-0.24409352977116328,32.31615683886192,43.0,1.3573844494201726,1463.0,2.8864020465569813,1464.0,1.003535897869221,55.0
송파구,송파동,더 잠실 까사,0,중위험군,37.50467923,127.1112851,209839.8193,445029.2754,42.37774706,5.747531798163912,33.43010005093294,43.0,1.3574937844387875,1463.0,2.8867099628865582,1464.0,-0.5758961689166865,55.0
송파구,잠실동,윤스스테이,0,중위험군,37.50435679,127.0803582,207105.2999,444990.7044,23.33713517,-2.77535089597243,31.429745075755513,43.0,1.3573162210651695,1463.0,2.883130965478366,1464.0,0.14824192482687604,55.0
송파구,삼전동,봄하우스,0,중위험군,37.49995832,127.0907069,208020.8059,444503.3626,30.15251263,-1.2862077436679478,32.111768646394644,43.0,1.357370232817493,1463.0,2.8857598897036407,1464.0,0.9429038433099743,55.0
송파구,방이동,은&채 하우스,0,중위험군,37.50778442,127.113199,210008.6343,445374.1137,34.8860988,5.507697854204377,35.04075936207991,43.0,1.3575104149210733,1463.0,2.8861023880548786,1464.0,-2.8110360883033487,55.0
송파구,석촌동,룰루 하우스,0,중위험군,37.5021032,127.1012043,208948.781,444742.3629,31.8251381,6.134507706951283,32.518528099253906,43.0,1.357426195788105,1463.0,2.8863344268707953,1464.0,1.279506046356993,55.0
송파구,석촌동,하늘둥지,0,중위험군,37.50327974,127.1030707,209113.6786,444873.1229,34.05989161,0.3342616363586117,32.96407843666042,43.0,1.3574380032550108,1463.0,2.886216127629319,1464.0,1.1232455249622013,55.0
송파구,송파동,Page1 Stay,0,중위험군,37.50408338,127.1111956,209831.9847,444963.1344,30.07250703,2.1939564305896475,33.25543345366193,43.0,1.3574925384165433,1463.0,2.8868557919982774,1464.0,-0.26643382121911746,55.0
송파구,석촌동,더 머뭄,0,중위험군,37.50267641,127.0975111,208622.1548,444805.6371,27.37843505,-0.18088515633143487,32.14464495230205,43.0,1.3574042322618667,1463.0,2.885766603940519,1464.0,1.6787263091869236,55.0
송파구,송파동,레스트 인 잠실,0,중위험군,37.50457526,127.1068887,209451.109,445017.2855,29.46150623,-0.833689975064452,33.189646265254545,43.0,1.3574634967004664,1463.0,2.886277953774393,1464.0,0.5582362581299969,55.0
송파구,석촌동,스테이 서울라이트,0,중위험군,37.50055814,127.0984308,208703.7244,444570.6211,42.05231174,5.828473049720429,32.24951443454029,43.0,1.3574098509428976,1463.0,2.8864585231858766,1464.0,1.4209857324306931,55.0
송파구,송파동,소호가,0,중위험군,37.50243318,127.108807,209620.994,444779.7365,25.39868168,-4.491009736647683,32.5519978653019,43.0,1.357474631127264,1463.0,2.8870440326158855,1464.0,0.4850041441920729,55.0
송파구,잠실동,잠실 해븐,0,중위험군,37.50489778,127.0822854,207275.644,445050.8946,34.87464572,0.43162058920299273,31.421283116662284,43.0,1.3573222933226419,1463.0,2.8832263957483795,1464.0,0.18939548579783178,55.0
송파구,삼전동,시인의 집 민박,0,중위험군,37.5018759,127.0883866,207815.4323,444715.994,26.70324136,-5.29475321968215,31.793669238436337,43.0,1.3573569537306203,1463.0,2.8849232222220182,1464.0,0.9009016363160781,55.0
송파구,잠실동,마음이 머무는 김여사의 사랑채,0,중위험군,37.50248997,127.0863304,207633.5495,444783.9791,27.11505408,-6.7024561208584075,31.652372501461798,43.0,1.3573464162297912,1463.0,2.884485913060971,1464.0,0.7574294001294712,55.0
송파구,잠실동,Goldlady's House,0,중위험군,37.5113183,127.0805905,207125.1783,445763.3606,32.61551284,-0.7324276871624988,31.5153103056921,43.0,1.3572883256275667,1463.0,2.8809797751967654,1464.0,-0.09759756280359519,55.0
송파구,잠실동,스윗 서울,0,중위험군,37.50455734,127.0826174,207305.0378,445013.1359,26.85054307,-4.906162526763737,31.39724603687203,43.0,1.3573247979004675,1463.0,2.883376039175855,1464.0,0.23387980458798355,55.0
송파구,방이동,Songpa lovely room,0,중위험군,37.50698768,127.1153159,210195.9121,445285.913,24.87069859,-6.088162583365776,34.96345319241257,43.0,1.357525308721206,1463.0,2.88652662775856,1464.0,-2.0893526145549073,55.0
송파구,송파동,202 stay,0,중위험군,37.50381406,127.1070859,209468.6389,444932.8219,36.72084798,6.856011381588967,32.96035220631811,43.0,1.3574643719861732,1463.0,2.88650137211643,1464.0,0.6070618507253518,55.0
송파구,석촌동,Heidi house,0,중위험군,37.50407351,127.1011869,208947.0091,444961.0404,19.36878287,-6.55793715049041,32.80395451738099,43.0,1.3574261456770071,1463.0,2.885792229766658,1464.0,1.3403142012865783,55.0
송파구,송파동,Studio GREEN,0,중위험군,37.50837073,127.1077746,209528.9553,445438.6235,42.16308106,4.506572695592958,34.5195547260971,43.0,1.357470889788213,1463.0,2.885361736038481,1464.0,0.4935401425201975,55.0
송파구,풍납동,Groove City guest house,0,중위험군,37.53292763,127.1181468,210442.5959,448165.233,32.63279019,0.2449185250931194,32.33865076336178,43.0,1.3575412147536576,1463.0,2.880112800192847,1464.0,3.585936706515401,55.0
송파구,송파동,블루문,0,중위험군,37.50788116,127.1078234,209533.3313,445384.2924,38.49861454,0.5193234923410515,34.307357214772466,43.0,1.3574711724242123,1463.0,2.8854978653092833,1464.0,0.21416523482646627,55.0
송파구,송파동,Going house,0,중위험군,37.50475432,127.1071183,209471.3859,445037.182,26.06797771,-1.3603099848272073,33.25432363080924,43.0,1.357465143198937,1463.0,2.886254727384809,1464.0,0.4834063322969606,55.0
송파구,방이동,아 파트 아파트(a part apart),0,중위험군,37.51082338,127.1143413,210109.2216,445711.5216,45.19896866,6.1092578909470845,36.26779205268791,43.0,1.3575211917663643,1463.0,2.885436887927304,1464.0,2.2867281972600155,55.0
강남구,논현동,히즈플랜,0,중위험군,37.50742692,127.0290562,202569.0547,445328.8125,42.89082889,7.540698613017888,35.446302746541654,43.0,1.3575225843547767,1463.0,2.872245558208941,1464.0,1.0897260705468022,55.0
강남구,논현동,네스트 스테이 강남,0,중위험군,37.50686725,127.0270685,202393.3267,445266.6439,50.16453392,9.041143664763297,35.710743236380175,43.0,1.3575788208009507,1463.0,2.8719864913425743,1464.0,0.9718929700823481,55.0
강남구,논현동,위드셀렉트,0,중위험군,37.50377032,127.0234941,202077.3674,444922.8396,27.89128438,-10.456242323841078,35.10058696332197,43.0,1.3577459800750833,1463.0,2.872511735155978,1464.0,0.749592211293043,55.0
강남구,청담동,토끼 마루 하우스,0,중위험군,37.52277748,127.0488367,204317.0958,447033.254,42.91727818,5.5346740832790005,34.18571405525801,43.0,1.3570482131766397,1463.0,2.8706597161728973,1464.0,0.18110036892848877,55.0
강남구,논현동,강남 루미,0,중위험군,37.50948935,127.028895,202554.7325,445557.7114,34.12598666,-4.712396371367831,35.17591516524597,43.0,1.3574789093059996,1463.0,2.8712510162681686,1464.0,1.2737069670842849,55.0
강남구,논현동,스테이 강남 2026,0,중위험군,37.50994983,127.0334585,202958.1884,445608.9525,25.90679196,-4.665706172715346,33.80050351480166,43.0,1.357390765846408,1463.0,2.8722321857936572,1464.0,1.3156909555463905,55.0
강남구,논현동,체리하우스,0,중위험군,37.50626148,127.0334416,202956.8397,445199.5923,38.07479358,1.9565588139638308,34.18163630793358,43.0,1.3574650828076438,1463.0,2.8738648208663844,1464.0,0.9905187639003548,55.0
마포구,창전동,마레온,0,중위험군,37.54992437,126.9250568,193377.5292,450047.7445,32.93522628,1.7748370899463914,32.84206252365491,43.0,1.3602993014251954,1463.0,2.8585687352087343,1464.0,2.000145991708012,55.0
강남구,신사동,노아 스테이,0,중위험군,37.51843729,127.0226522,202002.5391,446550.668,37.50372817,1.8001671657717608,34.91789849969915,43.0,1.3573569476753293,1463.0,2.8650727462977894,1464.0,1.6039263151582233,55.0
마포구,망원동,르시엘 마포,0,중위험군,37.55725734,126.9012357,191273.3982,450863.5615,39.19261248,2.5267468779198055,32.47717190506139,43.0,1.3556264642685856,1463.0,2.8676099169905527,1464.0,1.8580156535694354,55.0
마포구,연남동,다솜 하우스,0,중위험군,37.55860946,126.9184793,192797.1368,451012.1697,29.03806599,0.5575346996081443,32.52636756052206,43.0,1.3581238009180887,1463.0,2.859898426374396,1464.0,2.847159564364339,55.0
중구,(장충동,까사 보니따,0,중위험군,37.5558776,127.0010942,200096.6794,450705.8427,32.7797928,3.083697521090656,30.80311807961356,43.0,1.3554681311674956,1463.0,2.832772481040344,1464.0,0.9588541008409504,55.0
송파구,풍납동,이유스테이,0,중위험군,37.53422358,127.11938,210551.4126,448309.2052,29.80861771,-1.5416298637711172,32.108189660688254,43.0,1.3575520881863088,1463.0,2.8799378054787215,1464.0,3.608632886038661,55.0
강남구,논현동,언주스테이,0,중위험군,37.50725161,127.0354123,203131.0473,445309.5478,41.75522293,5.819531553928002,33.75115473196881,43.0,1.3574156227804848,1463.0,2.8739024572117744,1464.0,1.0507673174501466,55.0
중구,(인현동,"쉼,-IN SEOUL",0,중위험군,37.56063038,126.9925919,199345.4664,451233.3701,28.10230723,-0.7966696700410303,29.07324946815702,43.0,1.3549117318322046,1463.0,2.823531686791499,1464.0,1.5204780164807152,55.0
중구,(인현동,"쉼,-IN SEOUL",0,중위험군,37.56063038,126.9925919,199345.4664,451233.3701,28.10230723,-0.7966696700410303,29.07324946815702,43.0,1.3549117318322046,1463.0,2.823531686791499,1464.0,1.5204780164807152,55.0
용산구,서계동,"서울, 집",0,중위험군,37.54938952,126.9652204,196926.6242,449986.3114,27.69714426,1.7041153793949562,27.952156139065163,43.0,1.3628077178172913,1463.0,2.8349564129981664,1464.0,1.1950564350532638,55.0
마포구,망원동,"정톤, 망원",0,중위험군,37.55217273,126.9092894,191984.4617,450298.5131,37.80279403,6.076030845360339,31.56229443043543,43.0,1.3575425253051374,1463.0,2.8654117586759194,1464.0,2.8430204323372843,55.0
마포구,성산동,"위썸스테이, 망원",0,중위험군,37.55666135,126.9073259,191811.4503,450796.8657,32.46854489,1.4857054791046949,31.654341983058558,43.0,1.356645096604515,1463.0,2.86523555429745,1464.0,1.5637121178015927,55.0
송파구,잠실동,"잠실, 쉼",0,중위험군,37.50445961,127.0825736,207301.1719,445002.2857,32.76503996,1.395945116598167,31.39280621676379,43.0,1.3573249131478329,1463.0,2.8834001769732516,1464.0,0.2392256758146324,55.0
송파구,석촌동,"Zen House, Jamsil",0,중위험군,37.50460138,127.1032287,209127.4857,445019.8232,33.40855776,-1.897395412950118,33.19833630473924,43.0,1.3574392227954257,1463.0,2.8858743198433827,1464.0,1.1370912363489305,55.0
송파구,잠실동,"머물다, 잠실",0,중위험군,37.50653766,127.0823606,207282.1401,445232.9061,42.24135084,6.423928759854725,31.46960728385792,43.0,1.3573170856672514,1463.0,2.8827305207643246,1464.0,0.09412816906835522,55.0
종로구,관훈동,호텔 썬비,1,저위험군,37.57030354,126.9840039,198586.865,452307.0719,13.42087742,-3.4077516607265963,23.12362627979712,44.0,4.960734550748832,111.0,4.080192184631347,56.0,0.017243091181445735,59.0
종로구,관훈동,나인트리 바이 파르나스 서울 인사동,1,저위험군,37.57180204,126.983008,198498.9183,452473.4034,19.21733253,1.1743561138753762,23.517054540175934,44.0,4.8034578812720365,111.0,3.8262657987490734,56.0,-0.5164018182564922,59.0
종로구,인의동,이스트 아뜰리에,1,저위험군,37.57093161,126.9958843,199636.4111,452376.668,29.45535909,0.3077073631406151,22.087289927117112,44.0,5.694734307914176,111.0,1.8936922780765546,56.0,0.5052160379231829,59.0
종로구,숭인동,U-STAY HOSTEL,1,저위험군,37.56976898,127.0154556,201365.3966,452247.734,25.62588219,0.5746942354370645,24.81376793597576,44.0,4.042578067538754,111.0,3.081158311160805,56.0,2.0973306408677983,59.0
종로구,이화동,글루호텔,1,저위험군,37.57304815,127.0031721,200280.2191,452611.5762,15.4508699,-0.6889458640308455,23.619397711256088,44.0,4.547570099233537,111.0,2.8006086626385094,56.0,0.8767117655904347,59.0
종로구,창신동,호스텔 메가 동대문역,1,저위험군,37.56790086,127.0094303,200833.121,452040.324,21.70793886,0.3026154692754126,24.566718473316982,44.0,4.214246145759576,111.0,2.301790265966875,56.0,1.4825060558981045,59.0
종로구,봉익동,포레스트 스테이 종로,1,저위험군,37.57018563,126.991442,199243.9613,452293.8994,15.92274082,1.9396976354840554,20.79694726486175,44.0,5.522776819046975,111.0,3.291170822918666,56.0,0.9527583797800139,59.0
종로구,관철동,MOMENTO HOSTEL,1,저위험군,37.56655742,126.9838,198568.7776,451891.2994,23.18591932,2.707941058252178,23.539630703801905,44.0,5.04909433651952,111.0,4.346237947565235,56.0,1.618581516123741,59.0
종로구,창신동,247 HOSTEL SEOUL,1,저위험군,37.56817447,127.0131481,201161.5696,452070.7309,28.46176098,2.3133800399124382,24.258002651780856,44.0,4.1060328111033115,111.0,1.8752357307474927,56.0,1.7463440416555975,59.0
종로구,관철동,찰나 호스텔,1,저위험군,37.56664615,126.9833293,198527.2006,451901.1547,21.17200955,2.177001335366217,23.628097816913026,44.0,5.010672556848134,111.0,4.3896593726648465,56.0,1.440023360252504,59.0
종로구,종로5가,편안정 종로5가점,1,저위험군,37.56810507,127.0045472,200401.7227,452062.9568,24.42589099,1.2754148753902754,26.78411739788532,44.0,4.801363796806944,111.0,2.2111877028231843,56.0,0.7060503525159246,59.0
종로구,종로5가,고유리(Goyu;re),1,저위험군,37.56730221,127.0037223,200328.8504,451973.8455,23.67381825,0.8329036630639024,26.447138905067717,44.0,5.017723975506726,111.0,2.2095843455744006,56.0,0.14482380929820968,59.0
종로구,창신동,이온호텔,1,저위험군,37.56975326,127.0119696,201057.431,452245.9443,25.0569827,2.9149215908489374,23.721027381552805,44.0,3.9891612354407284,111.0,3.2238159776845814,56.0,1.862421461715929,59.0
종로구,관철동,오아시스 트레블러스 종로,1,저위험군,37.56702341,126.9866387,198819.5744,451942.9794,34.79954247,1.1872241575348852,22.31737105107856,44.0,5.1718187847266055,111.0,3.7721343687426385,56.0,2.2135124266821116,59.0
종로구,창신동,동대문인순,1,저위험군,37.56877711,127.0102192,200902.8069,452137.5848,28.05798271,2.2176494870564802,24.05641737454628,44.0,4.078785781920723,111.0,2.6185794776051443,56.0,1.671299927040839,59.0
종로구,종로6가,편안정,1,저위험군,37.56925877,127.006942,200613.282,452191.017,21.08551939,-2.095112322091122,25.10737621711428,44.0,4.331117275351326,111.0,3.0322617152538176,56.0,1.5200375612565604,59.0
종로구,낙원동,소락방 주식회사,1,저위험군,37.57009871,126.9876943,198912.8819,452284.2891,14.86759141,-1.1431838469609517,20.747494466218743,44.0,5.154462809261373,111.0,3.6495526605021977,56.0,0.7623380644142236,59.0
종로구,연지동,스테이누아 종로,1,저위험군,37.56957912,126.9996604,199969.9995,452226.5495,31.17951278,-0.6193535435538244,24.643320006676387,44.0,5.361876097135589,111.0,1.2976843459567005,56.0,0.3150340112377885,59.0
종로구,관철동,1996 종로인,1,저위험군,37.56632523,126.986269,198786.9014,451865.4943,19.26915095,0.32018721937306793,22.545967426768218,44.0,5.206900468504092,111.0,3.833712396523683,56.0,2.067559175962578,59.0
종로구,관철동,먼슬리브 종로 종각역 호텔 스테이,1,저위험군,37.56594442,126.9857743,198743.1897,451823.2353,14.39556882,-4.885535043859294,22.822374262245955,44.0,5.234951622756414,111.0,3.9287406008639794,56.0,2.068482948705284,59.0
종로구,견지동,더프리마호텔 종로,1,저위험군,37.57038151,126.9826794,198469.8543,452315.7464,15.15989744,-3.9639048541871933,23.6467605764122,44.0,4.856194928797547,111.0,4.09881342404463,56.0,-0.10725819245158885,59.0
종로구,효제동,하우스 오손 종묘점,1,저위험군,37.56890164,127.0020354,200179.8148,452151.359,33.0946072,-1.627660570732509,26.308281130832068,44.0,5.0446846139197365,111.0,1.6312186431763198,56.0,0.20694887239513549,59.0
종로구,관수동,HELLO HOSTEL,1,저위험군,37.56619998,126.9911883,199221.509,451851.5409,18.00246441,-0.10445264132950882,21.1011741732418,44.0,5.436438021810246,111.0,3.2759597883343616,56.0,1.6258355882616344,59.0
종로구,청진동,하나데이즈 종로광화문(Hana Days Jongno-Gwanghwamun,1,저위험군,37.56915801,126.9800544,198237.9294,452179.9981,21.85697839,-1.1961992236462642,24.443952158800002,44.0,4.580330601836963,111.0,4.0737466146341985,56.0,-0.01283123826429139,59.0
종로구,숭인동,호텔 DM,1,저위험군,37.57059843,127.0186013,201643.2775,452339.8436,28.05377359,3.8005907661412337,25.471723537506033,44.0,4.063643160409619,111.0,3.6548617535190338,56.0,2.3442285928767532,59.0
종로구,원남동,오라카이 대학로 호텔,1,저위험군,37.57297519,126.9979778,199821.3638,452603.4757,17.49537536,-0.8593648411293309,22.515024922490106,44.0,5.292376183460974,111.0,1.4629359215299598,56.0,0.9060312538456651,59.0
종로구,창신동,D-STAY HOSTEL,1,저위험군,37.56798355,127.0095215,200841.1772,452049.5024,22.90804819,2.4695189367602097,24.52742356780292,44.0,4.196705034867501,111.0,2.340633606317993,56.0,1.4960008519473358,59.0
종로구,명륜4가,호스텔 데이,1,저위험군,37.57929506,126.9971361,199747.0246,453304.9103,27.63239309,0.9422012320341118,22.566578190752693,44.0,4.620104352703848,111.0,2.5525347016745137,56.0,3.29563924936061,59.0
종로구,숭인동,루미아호텔,1,저위험군,37.57109607,127.0214556,201895.4198,452395.1296,26.92374553,4.202934626820159,25.54507607303204,44.0,4.076452826245486,111.0,3.651817375627837,56.0,2.4945255114384075,59.0
종로구,창신동,24guesthouse동대문마켓점,1,저위험군,37.56790086,127.0094303,200833.121,452040.324,21.70793886,0.3026154692754126,24.566718473316982,44.0,4.214246145759576,111.0,2.301790265966875,56.0,1.4825060558981045,59.0
종로구,관철동,호스텔 클로이,1,저위험군,37.56597443,126.9878264,198924.4936,451826.5406,17.48344907,1.6653095539535165,21.850602414762044,44.0,5.2861305639865375,111.0,3.661430892384171,56.0,1.9852840116196173,59.0
종로구,원남동,메이플레이스 호텔 서울 동대문,1,저위험군,37.57336561,126.9979485,199818.7693,452646.8078,14.95589031,-3.8386325080312798,22.30802500350898,44.0,5.227058840368226,111.0,1.4976682547622049,56.0,1.2811281972321922,59.0
종로구,수송동,신라스테이 광화문,1,저위험군,37.56990125,126.9803048,198260.0635,452262.4845,19.90447402,2.140987741325869,24.294656441876228,44.0,4.555049742091597,111.0,4.041444105621581,56.0,-0.18483680929471447,59.0
종로구,인의동,호텔 아트리움,1,저위험군,37.56913495,126.9973365,199764.6917,452177.2551,20.4974136,1.2264307394680145,23.411421328542627,44.0,5.6035417075973735,111.0,1.587978951705091,56.0,0.666231592044241,59.0
종로구,관철동,호스텔 하루,1,저위험군,37.56622871,126.9835334,198545.2223,451854.8205,20.84757253,-1.1550074562809591,23.597202162352396,44.0,5.051993449092902,111.0,4.222721514387519,56.0,1.5787279309180433,59.0
종로구,낙원동,오라카이 인사동 스위츠,1,저위험군,37.57025733,126.9865467,198811.497,452301.9079,15.44674591,0.34612122202706885,21.32989246004,44.0,5.081657144783979,111.0,3.8676454295924345,56.0,0.27826845069295925,59.0
종로구,관수동,호텔베뉴지,1,저위험군,37.56598513,126.9900523,199121.1448,451827.7051,13.84635558,-0.7794828206227873,21.31870093758105,44.0,5.383837477711214,111.0,3.452341492533969,56.0,1.7830708076076789,59.0
종로구,관훈동,아미드 호텔 서울,1,저위험군,37.56984481,126.9834118,198534.5493,452256.1673,18.68581043,-0.648262730300214,23.40406404225435,44.0,4.931675878565802,111.0,4.251508429956201,56.0,0.18469792369219862,59.0
종로구,창신동,케이스테이,1,저위험군,37.56874973,127.0101841,200899.709,452134.5456,24.7643374,0.5008697947622025,24.070452330211253,44.0,4.083564197893655,111.0,2.6031275848895135,56.0,1.6656497095806442,59.0
종로구,창신동,오리지날 백패커스,1,저위험군,37.56968368,127.0117502,201038.0539,452238.2193,31.80805952,7.7472186946578745,23.721495050116935,44.0,3.989944924590402,111.0,3.156927744453938,56.0,1.8416698531101514,59.0
중구,(장충동,앰배서더 서울 풀만 호텔,1,저위험군,37.55742965,127.0016071,200141.9987,450878.1024,33.10607195,3.6641394254901485,25.56090850691058,44.0,5.646865532702851,111.0,2.902737774146938,56.0,0.8539980947573205,59.0
중구,(회현동,루미아 호텔,1,저위험군,37.55527178,126.9789824,198142.881,450638.811,19.18754948,-0.023070847837168174,26.210069706147152,44.0,5.20455011558113,111.0,1.3476552077611035,56.0,2.4882918370302525,59.0
중구,명동,호텔 크레토,1,저위험군,37.55924412,126.9872993,198877.8237,451079.5617,7.095617712,-8.21834879693359,22.271558379004524,44.0,6.053721983265202,111.0,3.6555211639263074,56.0,1.5320753181742541,59.0
중구,태평로2가,24게스트하우스 서울시청점,1,저위험군,37.56195615,126.9755355,197838.5061,451380.7705,37.75795798,2.5260009577462554,23.707293751180046,44.0,6.307091447294011,111.0,3.6970885017629107,56.0,1.5632058847142642,59.0
중구,장교동,롯데시티호텔명동,1,저위험군,37.56418691,126.9872883,198876.9251,451628.1532,16.07173597,1.3678494967252313,22.467433497753525,44.0,5.611601090172601,111.0,4.263399503161324,56.0,2.7045422275188926,59.0
중구,명동,서울 라이트 인 명동,1,저위험군,37.56145726,126.9845635,198636.1419,451325.2302,34.19667612,4.9226906355829705,23.419408583433228,44.0,6.398849880102153,111.0,4.218600520092939,56.0,2.060224791922026,59.0
중구,(남산동,오요5,1,저위험군,37.55618747,126.9840552,198591.1338,450740.3535,24.66420989,0.7931949812482593,22.902645409481806,44.0,5.248376063227259,111.0,-0.5636053683306136,56.0,2.080618189885104,59.0
중구,(회현동,제이오너 호스텔,1,저위험군,37.55530397,126.9828408,198483.8116,450642.3144,20.46007534,0.056952165409917654,23.589204178559278,44.0,5.185063880318975,111.0,-0.9576326706865887,56.0,2.2256374250348974,59.0
중구,(회현동,호텔 블리스 I,1,저위험군,37.55681031,126.9831084,198507.4825,450809.496,21.11462608,2.7203420680938493,23.365913651745906,44.0,5.305388665397375,111.0,-0.5951903297398038,56.0,2.086674321124298,59.0
중구,(회현동,호텔블리스Ⅱ,1,저위험군,37.55663789,126.9831709,198513.0041,450790.3584,20.37654026,2.8268715079851994,23.29628890157003,44.0,5.2927571150019865,111.0,-0.6882328480258769,56.0,2.097446022448237,59.0
중구,(회현동,보코 언 아이에이치지 호텔,1,저위험군,37.5557044,126.9778591,198043.6355,450686.8494,23.5381471,-1.1729631843551687,25.831696357044144,44.0,5.267721087592932,111.0,1.1225173486372702,56.0,2.4841598402575125,59.0
중구,남대문로2가,스탠포드호텔 명동,1,저위험군,37.56189911,126.98191,198401.7016,451374.3122,21.72224023,-2.495477729710025,23.986942162904683,44.0,6.408693448374976,111.0,3.7971675255044204,56.0,1.5251660605465323,59.0
중구,을지로5가,미리네 스테이,1,저위험군,37.56263589,127.0024066,200212.625,451455.935,9.876165929,-6.1934333577520935,23.50571030842481,44.0,5.606537660611378,111.0,2.9854022703872882,56.0,0.7201470293267482,59.0
중구,태평로1가,글로카로카호스텔,1,저위험군,37.56555219,126.9758586,197867.1571,451779.8812,33.59953673,-0.41835905536222384,25.79261654673731,44.0,5.180712215042639,111.0,3.790743218731067,56.0,0.978814669490184,59.0
중구,서소문동,ENA 스위트 호텔,1,저위험군,37.55956061,126.9731035,197623.558,451114.9525,11.80515737,-6.443417454272819,23.777010428854602,44.0,5.682071206479488,111.0,3.1562952775469895,56.0,1.6834645048947232,59.0
중구,남대문로4가,호텔 그레이스리 서울,1,저위험군,37.55884724,126.9761815,197895.4908,451035.7035,17.0760832,-3.394620864191193,23.293715099568352,44.0,5.940328997263522,111.0,2.554175478273398,56.0,2.3664574378276004,59.0
중구,을지로5가,머큐어 앰배서더 서울 동대문(MERCURE AMBASSADOR SEOUL DONGDAEMUN),1,저위험군,37.56466188,127.0010782,200095.2616,451680.7939,23.61681882,3.72010582877569,23.13607174637226,44.0,5.623213234935298,111.0,2.717818843762732,56.0,0.5706081423607627,59.0
중구,(남산동,어반 스위트 스테이 (Urban Suite Stay),1,저위험군,37.55599413,126.9847381,198651.4646,450718.8851,15.95493728,-4.292355568453118,22.716481948635533,44.0,5.280693272674107,111.0,-0.5064295644134937,56.0,2.0578055686555246,59.0
중구,을지로5가,안온 스테이,1,저위험군,37.56281707,127.001911,200168.8394,451476.0428,22.00564794,3.140025256509613,23.21665198935241,44.0,5.627341827623683,111.0,2.9515030787509495,56.0,0.7455625514965822,59.0
중구,명동,하이 서울 호스텔 명동 명동 웨스트,1,저위험군,37.55926806,126.9876751,198911.029,451082.2143,17.67306268,-1.17909896182449,22.470091682358984,44.0,6.1043380834050565,111.0,3.2800375752379822,56.0,1.2718730706124095,59.0
중구,중림동,라서울 스테이,1,저위험군,37.55608468,126.9681435,197185.1786,450729.3025,26.24805979,-2.7825292411374924,24.725003549521375,44.0,5.141556943888748,111.0,2.225408867649,56.0,0.30111678582268364,59.0
중구,충무로3가,트레블로지 명동 남산,1,저위험군,37.55981918,126.9899828,199114.9326,451143.3579,11.82885025,-6.481116596106359,23.230859171165434,44.0,6.469795816791282,111.0,1.9404363514810639,56.0,-0.08715968951381609,59.0
중구,남대문로5가,스테이 한가온 명동,1,저위험군,37.55543671,126.9749461,197786.2331,450657.2036,35.03459486,0.5819073065557774,25.447433582901343,44.0,5.219793556985495,111.0,0.15892277684567457,56.0,1.7842457288275535,59.0
중구,다동,호텔 미드시티 명동,1,저위험군,37.56491356,126.9803153,198260.8805,451708.909,29.88759052,2.5561929440451827,24.90221073058811,44.0,5.1969131164033024,111.0,3.7796231138506577,56.0,1.0961719316315715,59.0
중구,명동,헨나호텔서울명동,1,저위험군,37.55927368,126.9875309,198898.282,451082.8398,12.62878381,-2.549370309000219,22.405615010640506,44.0,6.092817327084184,111.0,3.427777993752232,56.0,1.3828480180540517,59.0
중구,(필동,라임스테이 명동 호스텔,1,저위험군,37.55847797,126.9942617,199492.9807,450994.4678,28.29292059,0.04856098074357007,24.516139351633324,44.0,6.320322740614095,111.0,2.0094352404772335,56.0,-1.5102615190052981,59.0
중구,충무로2가,호스텔 고울,1,저위험군,37.56006354,126.98896,199024.5629,451170.4891,18.44214096,1.9643531970463286,23.031509427438387,44.0,6.477909313059747,111.0,2.4987581956951708,56.0,0.6661436488737101,59.0
중구,(명동,HISTAY HOSTEL,1,저위험군,37.56027363,126.9814079,198357.3094,451193.9118,26.39627143,5.6439057457980475,23.927621806351127,44.0,5.984892225630437,111.0,3.4421974904176116,56.0,1.51716517772416,59.0
중구,명동,MOK HOSTEL,1,저위험군,37.55934315,126.9833265,198526.8095,451090.6077,33.98173341,2.0722092703463666,24.13791379588551,44.0,5.692113052140738,111.0,3.762002230472638,56.0,1.8470966748086333,59.0
중구,(회현동,남산스토리 나인,1,저위험군,37.5530029,126.9799588,198229.1005,450386.9735,31.95824836,-0.16994452341837984,26.0283717794563,44.0,5.0375385999987365,111.0,1.1386151964226119,56.0,2.2589300925622524,59.0
중구,(저동,(주)조선호텔앤리조트 포포인츠 조선 명동,1,저위험군,37.56283151,126.9886404,198996.3664,451477.7044,7.805893001,-6.268584422779491,23.04019814629428,44.0,6.041207033763337,111.0,4.071317558931344,56.0,1.842013796222983,59.0
중구,을지로4가,코스모하버 인 명동2,1,저위험군,37.56414615,126.9967554,199713.3386,451623.5583,17.2235547,-3.6508441354237533,22.52358580553544,44.0,6.06145163942902,111.0,2.27663195730604,56.0,2.6334950952744824,59.0
중구,(필동,G3호텔,1,저위험군,37.55907589,126.9921215,199303.8894,451060.8435,18.76137306,0.6458361984279257,23.860787706316085,44.0,6.428312928956958,111.0,1.7372692092049398,56.0,-1.136446327478919,59.0
중구,을지로6가,노보텔 앰배서더 서울 동대문 호텔,1,저위험군,37.56352003,127.0035614,200314.647,451554.0674,19.02164494,2.654241106774979,23.340687552694874,44.0,5.521628152517612,111.0,2.9083843191161565,56.0,0.46692722921883434,59.0
중구,(광희동,케이 게스트하우스 동대문프리미엄점,1,저위험군,37.56094517,127.0059608,200526.6559,451268.299,20.97980309,-1.3539090494371067,24.64072928266286,44.0,5.605924434946187,111.0,3.150273218700506,56.0,0.7657935516948348,59.0
중구,남대문로4가,코트야드 메리어트 서울 명동,1,저위험군,37.55844079,126.9761372,197891.5651,450990.5934,15.04853869,-4.877704086075852,23.48564044951153,44.0,5.944411364935816,111.0,2.2086799163313335,56.0,2.47954554101251,59.0
중구,(남산동,원투쓰리호스텔,1,저위험군,37.55587082,126.9839836,198584.7968,450705.2102,26.38587737,1.8468265687582068,22.90773514951348,44.0,5.229011099805563,111.0,-0.7135908735533082,56.0,2.1077646221525255,59.0
중구,을지로6가,호텔 스카이파크 킹스타운 동대문지점,1,저위험군,37.56589354,127.0069443,200613.5102,451817.5158,25.80159582,2.9824371218961865,25.298593293048906,44.0,4.898113946288259,111.0,2.2017837330804477,56.0,0.7091389389582189,59.0
중구,초동,나인트리 바이 파르나스 서울 명동Ⅱ,1,저위험군,37.5615963,126.9901367,199128.5529,451340.5958,19.01522831,-0.17509522655594978,23.285857083816285,44.0,6.393052028775061,111.0,2.1229471934814463,56.0,0.24470515313491237,59.0
중구,(남산동,남산호스텔,1,저위험군,37.5553408,126.9837925,198567.9047,450646.3872,28.7644162,2.734856676142236,22.973772184006442,44.0,5.192903485941369,111.0,-0.7414325657138655,56.0,2.1527379984007173,59.0
중구,(저동,G2 호텔,1,저위험군,37.56060529,126.9896815,199088.3227,451230.6097,17.83843873,-1.6408532798024105,23.213725870860923,44.0,6.5218143996927616,111.0,2.2081868200111034,56.0,0.3171900129989077,59.0
중구,(남산동,오요5 롯지A(OYO 5 Lodge A),1,저위험군,37.55634977,126.9841795,198602.119,450758.365,33.749347,-0.6292885673732656,22.874950352698974,44.0,5.262587645780998,111.0,-0.4269104317977449,56.0,2.059311163345511,59.0
중구,명동,사보이호텔,1,저위험군,37.55897352,126.9835172,198543.6446,451049.5802,23.05564515,2.808329994852194,24.160907302095747,44.0,5.597242572201721,111.0,3.381276339710487,56.0,1.8634272103006393,59.0
중구,명동,메트로호텔,1,저위험군,37.56237712,126.982941,198492.8016,451427.3486,27.68771304,-0.5218402215102103,23.879880847151856,44.0,6.183781817815878,111.0,3.9279985085201687,56.0,1.659887208827643,59.0
중구,충무로4가,호텔 도마,1,저위험군,37.55857874,126.9950248,199560.4114,451005.6482,30.87499209,2.7830517318071593,24.72687954997324,44.0,6.178381429405325,111.0,2.106375379611117,56.0,-1.6326080103114338,59.0
중구,을지로2가,트레블로지 명동 을지로 호텔,1,저위험군,37.56386051,126.988585,198991.4803,451591.9119,13.5787579,0.6505792816378726,22.276426332988798,44.0,5.7148205390729245,111.0,4.236991498839416,56.0,2.1351639831344174,59.0
중구,남대문로4가,프레이저플레이스남대문,1,저위험군,37.55862664,126.9756413,197847.7545,451011.2318,26.25592304,2.999970311005608,23.503018985397382,44.0,5.948569996239784,111.0,2.4489199628166434,56.0,2.3103944923901127,59.0
중구,충무로2가,세종호텔,1,저위험군,37.55871693,126.9871697,198866.3649,451021.0514,23.60860474,4.686141092885222,21.74306227640846,44.0,5.904606997050609,111.0,3.427119236938016,56.0,1.3668108732311153,59.0
중구,소공동,호텔롯데,1,저위험군,37.56206001,126.9803022,198259.6532,451392.1987,23.90521275,7.220671724493773,24.090289743648906,44.0,6.483796614578558,111.0,3.7444374291762013,56.0,1.4373578023403517,59.0
중구,명동,로얄호텔서울,1,저위험군,37.5615652,126.984857,198662.0736,451337.2061,37.01093094,6.8298673934728775,23.359158544546116,44.0,6.332299179655408,111.0,4.277078390203999,56.0,2.1206717306859524,59.0
중구,(장충동,써미트호텔,1,저위험군,37.5594974,127.0060987,200538.8503,451107.6144,24.70233306,1.7227513457230899,24.754042937253878,44.0,5.694068225540666,111.0,3.133639907084901,56.0,0.8341897685293233,59.0
중구,충무로1가,데이즈 호텔 명동,1,저위험군,37.55820209,126.9828434,198484.0966,450963.9712,17.02598948,-2.329687375549625,23.97882530255525,44.0,5.4391925170504285,111.0,1.6939329324601413,56.0,1.956159704900333,59.0
중구,태평로1가,코리아나호텔,1,저위험군,37.56555219,126.9758586,197867.1571,451779.8812,34.58046702,0.5625712346377796,25.79261654673731,44.0,5.180712215042639,111.0,3.790743218731067,56.0,0.978814669490184,59.0
중구,(장충동,반얀트리 클럽 앤 스파 서울,1,저위험군,37.54780376,127.0021867,200193.2322,449809.7449,37.20624082,4.634925945035164,26.523673645831327,44.0,5.36340276098092,111.0,2.860424391566367,56.0,1.7154048029931053,59.0
중구,을지로4가,호텔 국도,1,저위험군,37.56342608,126.995507,199603.0408,451543.6435,22.72211873,1.5819508691957225,22.901628150626163,44.0,6.190063525273116,111.0,2.0250699128555825,56.0,0.092219051992735,59.0
중구,(명동,이비스 앰배서더 명동,1,저위험군,37.56143879,126.9822745,198433.9034,451323.216,26.30835335,-0.9644255101135215,23.934018164040292,44.0,6.502649930963996,111.0,3.797783090825538,56.0,1.6101460120891435,59.0
중구,순화동,디에스디엘(주) 프레이저 플레이스 센트럴 서울,1,저위험군,37.55986298,126.9690892,197268.8858,451148.6211,31.57007755,2.8671101400048364,24.339248108626286,44.0,5.275685504596341,111.0,3.1487375584651254,56.0,1.1293747758435897,59.0
중구,태평로1가,뉴서울호텔,1,저위험군,37.56523844,126.9773733,198000.9669,451745.0254,28.83956587,7.672731455180038,25.68358733992511,44.0,5.438236844534658,111.0,3.8105258900587087,56.0,0.995693006694657,59.0
중구,(인현동,호텔 PJ,1,저위험군,37.56206173,126.9949125,199550.5064,451392.2194,21.96251601,2.661747265867845,23.92851915298973,44.0,6.366092366301475,111.0,1.8913683089847892,56.0,-1.4008430146548134,59.0
중구,주교동,포레스트 스테이 을지로,1,저위험군,37.56440216,126.9995208,199957.6594,451651.9676,16.72552358,-4.214719138806956,22.926985494468692,44.0,5.7626443944872285,111.0,2.6595649971605564,56.0,1.1231997471829325,59.0
중구,(남산동,JEJARI STAY,1,저위험군,37.55589221,126.9842567,198608.9273,450707.5802,27.37212124,2.695650182316328,22.822788208958784,44.0,5.237774952310604,111.0,-0.6266330753196765,56.0,2.091703234601554,59.0
중구,(남산동,다두하우스,1,저위험군,37.55602148,126.9840079,198586.9477,450721.9313,37.3094595,0.9025414964136473,22.90651342200698,44.0,5.242752910020728,111.0,-0.6638442864357329,56.0,2.0965880507288057,59.0
용산구,이태원동,호스텔 펠라즈(Hostel Fellaz),1,저위험군,37.5309905,126.992871,199369.8721,447943.7002,25.32889192,-2.055523735692386,26.555784297869565,44.0,4.993108981117829,111.0,2.310737641122164,56.0,1.0944400696747862,59.0
용산구,이촌동,스카이 스위트,1,저위험군,37.51842522,126.9593935,196410.2337,446549.862,21.76826798,-0.21544777286063166,25.249507355002258,44.0,3.1047636158155347,111.0,1.8536738610785222,56.0,-1.0239344299740438,59.0
용산구,이태원동,와이낫슬립(Why Not Sleep),1,저위험군,37.53117208,126.9904651,199157.222,447963.8721,27.201146,-9.408873551997239,26.685589852715104,44.0,4.980746241196109,111.0,2.360305854287632,56.0,1.0735866225202821,59.0
용산구,이태원동,스테이 파키라(Stay Pachira),1,저위험군,37.53120965,126.9912185,199223.8153,447968.0355,33.62207791,2.482951219547072,26.702623057635165,44.0,4.98810011109334,111.0,2.3468675927404035,56.0,1.0797381162853168,59.0
용산구,한강로3가,나인트리 프리미어 로카우스호텔 서울 용산(Nine Tree Premier ROKAUS Hotel Seoul Yongsan),1,저위험군,37.52489689,126.9636342,196785.405,447267.9828,18.5557279,-3.9358932176913584,24.952982719663584,44.0,3.1568198259888107,111.0,1.805037549017038,56.0,-1.0109810252237386,59.0
용산구,이태원동,해밀톤관광호텔,1,저위험군,37.53213283,126.9927876,199362.5155,448070.4852,31.13571848,2.2470336767256995,26.634835150092417,44.0,5.023989267261989,111.0,2.3492464419475008,56.0,1.099356834925407,59.0
용산구,한강로3가,(주)서부티엔디 노보텔 앰배서더 서울 용산,1,저위험군,37.52917031,126.9616552,196610.6634,447742.3486,26.3910764,0.33455988448376317,24.620024609780483,44.0,3.4883971558147517,111.0,1.891604637589707,56.0,-0.384877560343192,59.0
용산구,이태원동,몬드리안 서울 이태원,1,저위험군,37.52621325,126.9925067,199337.6289,447413.4873,23.99215979,2.4368011017543267,26.573399437318574,44.0,4.878720544427111,111.0,2.112551615116784,56.0,1.0577101801196667,59.0
용산구,동자동,(주)조선호텔앤리조트 포포인츠 조선 서울역,1,저위험군,37.54811198,126.971997,197525.4075,449844.3199,12.56557322,-4.4839297409847685,22.15268641664126,44.0,4.766908256264877,111.0,1.392051627443367,56.0,-0.8011098004085587,59.0
용산구,이태원동,에이원호텔,1,저위험군,37.5312925,126.9908435,199190.6722,447977.234,21.60803378,-2.3736970465563196,26.710750931820446,44.0,4.987694774090763,111.0,2.3574873547846877,56.0,1.0772911442584334,59.0
용산구,동자동,케이 그랜드 호텔 서울(K-Grand Hotel Seoul),1,저위험군,37.55008607,126.9714675,197478.6854,450063.4342,24.96694122,4.8126355252964785,22.492563501170743,44.0,4.859173160620003,111.0,0.9426276696874827,56.0,-0.9164111579721161,59.0
용산구,갈월동,호텔 더 디자이너스,1,저위험군,37.5428,126.970798,197419.2712,449254.7867,18.2793578,0.8313109887087258,23.032178076545954,44.0,4.493646984802752,111.0,1.638541556440277,56.0,-0.5398378309092295,59.0
용산구,한강로3가,(주)서부티엔디 그랜드 머큐어 앰버서더 서울 용산,1,저위험군,37.52917031,126.9616552,196610.6634,447742.3486,26.91491916,0.858402644483764,24.620024609780483,44.0,3.4883971558147517,111.0,1.891604637589707,56.0,-0.384877560343192,59.0
성동구,행당동,소노체호스텔 한양,1,저위험군,37.55719846,127.0352887,203118.0364,450853.0272,14.15373922,-5.896305885220029,24.647911015449097,44.0,4.752576542084391,111.0,1.9208885743648823,56.0,2.745827407479174,59.0
성동구,성동,청화스테이,1,저위험군,37.5369324,127.0615424,205439.2365,448604.9338,12.02835363,-8.471129448294816,23.159110734466896,44.0,3.623513892547014,111.0,1.1152125396983987,56.0,1.5547381468676078,59.0
성동구,도선동,컬리넌 호텔 앤 스파,1,저위험군,37.55988082,127.0340262,203006.3802,451150.6962,19.08783436,2.1380928388846563,24.20122382830613,44.0,4.748414515939571,111.0,1.8754618352033605,56.0,2.788060235871004,59.0
마포구,도화동,로이넷 호텔 서울 마포,1,저위험군,37.53906401,126.9474969,195359.8078,448841.032,21.94319787,-2.511580283231776,24.19933147235514,44.0,4.0522801437469695,111.0,2.696685469167298,56.0,0.9441778263140322,59.0
마포구,합정동,써클호텔,1,저위험군,37.54610662,126.9099711,192044.052,449625.1897,22.64169702,0.9058708515107874,26.56891239162791,44.0,4.994830766968459,111.0,3.7683161759926387,56.0,1.9294223543415716,59.0
마포구,공덕동,(주)호텔롯데 롯데시티 호텔마포,1,저위험군,37.54218159,126.9498095,195564.3759,449186.9337,15.46468841,-1.5662580881982215,23.92139902679261,44.0,4.146660214595373,111.0,2.8149130586067255,56.0,0.6025862537996383,59.0
마포구,서교동,나인브릭,1,저위험군,37.55103429,126.9197834,192911.643,450171.3168,20.41757129,-0.1527309445342695,22.219007431985283,44.0,4.491943276426839,111.0,4.0061954047063715,56.0,1.279817057098796,59.0
마포구,합정동,주니비노호텔,1,저위험군,37.54519815,126.909966,192043.5074,449524.361,22.88208923,1.379937921781874,26.81515737090691,44.0,4.941876749142758,111.0,3.5213685475703915,56.0,2.0552362142950154,59.0
마포구,동교동,클레오,1,저위험군,37.55864002,126.9258681,193449.9848,451015.0209,16.64834244,-3.6278207197566807,23.5467182352264,44.0,4.792262661103924,111.0,3.6905360979237156,56.0,3.2367992988968943,59.0
마포구,동교동,홀리데이 인 익스프레스 서울 홍대,1,저위험군,37.55677874,126.924009,193285.5493,450808.5721,22.1037906,4.176719350618395,21.722524548684092,44.0,4.651869991731191,111.0,2.5196924446063296,56.0,2.310376566585409,59.0
강서구,마곡동,머큐어 서울 마곡,1,저위험군,37.56319062,126.8248225,184522.9076,451531.9248,26.72142156,1.0670855228882203,25.620600044955275,44.0,4.486004011543235,111.0,2.029050366052976,56.0,0.28839981460343095,59.0
강서구,염창동,나이아가라관광호텔,1,저위험군,37.54634585,126.8777893,189200.1477,449654.9513,12.86757963,-3.1335300021283405,24.442606875248437,44.0,4.993344998357891,111.0,2.8346101860295247,56.0,2.151877491718059,59.0
강서구,외발산동,메이필드호텔,1,저위험군,37.54436374,126.8174071,183863.6927,449443.6103,24.94677628,3.9283097443823216,25.807426948859028,44.0,4.460681045139626,111.0,1.6681269537999457,56.0,0.07001551937488222,59.0
강서구,화곡동,이지갤러리관광호텔,1,저위험군,37.55053248,126.8497258,186720.8948,450123.211,32.9525523,4.222330320324847,25.112735549918824,44.0,4.222175114585572,111.0,2.5469863151299132,56.0,1.3503698313210184,59.0
강서구,방화동,(주)호텔롯데 롯데시티호텔 김포공항,1,저위험군,37.56231091,126.8022095,182524.8237,451438.2514,28.13513597,1.8163488865291768,26.614454193257593,44.0,4.525018565404258,111.0,1.702811805504961,56.0,0.07960181178508612,59.0
강서구,화곡동,드 어반 관광호텔,1,저위험군,37.52625242,126.8466018,186440.4438,447428.8648,17.14052944,-0.7478484822290916,23.81164518150561,44.0,4.221747080525672,111.0,2.05964507823197,56.0,0.5934402208062262,59.0
강서구,화곡동,볼(Voll) 관광호텔,1,저위험군,37.52600423,126.8458538,186374.2778,447401.4269,17.87903661,-0.038048737537788924,23.81483205517193,44.0,4.2248539617730785,111.0,2.0450573680223663,56.0,0.5794990194743705,59.0
강서구,염창동,제이케이블라썸호텔,1,저위험군,37.55404528,126.8669032,188239.3369,450510.8023,19.27163268,-1.3041538272693778,25.4653260679913,44.0,4.183325069263242,111.0,2.555990773707377,56.0,2.1341929741725902,59.0
강서구,마곡동,호텔 엠펠리체,1,저위험군,37.55708314,126.8344677,185373.8757,450852.5214,22.74883735,-0.496433069409413,23.91421958925055,44.0,4.415313850528188,111.0,2.4905246137094257,56.0,0.5593837699858102,59.0
강서구,등촌동,에스알호텔,1,저위험군,37.55838302,126.8386825,185746.5354,450996.1453,11.08948682,-7.299772805790125,24.157575752966576,44.0,4.38637758601399,111.0,2.7268850131781996,56.0,0.7672935718031616,59.0
강서구,등촌동,(주)컴앤스테이 강서,1,저위험군,37.55407382,126.8591551,187554.7131,450514.9675,19.50717414,-1.9115185510793182,25.35892248469692,44.0,4.083986414469784,111.0,2.6016206667906676,56.0,1.6802472317972266,59.0
강서구,염창동,골든서울호텔,1,저위험군,37.54517029,126.8772495,189152.2695,449524.5405,13.85979895,-2.563100842715331,24.38008531988632,44.0,4.940122013964208,111.0,2.8065493872285643,56.0,2.271057947699388,59.0
영등포구,(영등포동,라스베가스 관광호텔,1,저위험군,37.51802179,126.9113836,192165.9348,446508.0012,18.00256991,1.791246502768864,24.753561646419282,44.0,5.187933146716832,111.0,3.854816540878603,56.0,-0.1743182310068484,59.0
영등포구,여의도동,컴포트 인 여의도,1,저위험군,37.52757056,126.9196663,192899.0645,447567.1378,33.03476385,-0.039882686543215584,26.85866241701999,44.0,4.332398278022298,111.0,3.1642731848940797,56.0,0.7697490651842925,59.0
영등포구,(영등포동,토요코인 서울영등포,1,저위험군,37.51494198,126.9111738,192147.071,446166.1986,22.65307423,-0.17552419076904613,24.96718726676093,44.0,5.117629320688239,111.0,4.002679042175659,56.0,0.10309122712915225,59.0
영등포구,(양평동,가예,1,저위험군,37.52009318,126.8889497,190182.9564,446740.004,20.85640134,-1.174361582887041,23.132649642923553,44.0,5.256470631458763,111.0,2.7016921610090483,56.0,0.37909669659125134,59.0
영등포구,(양평동,ROJIN(로진),1,저위험군,37.52027441,126.8888237,190171.8451,446760.1314,27.89292437,5.825496030779178,23.152635076977546,44.0,5.257746187397605,111.0,2.695075912543416,56.0,0.3789177848480555,59.0
영등포구,(당산동,따담,1,저위험군,37.51953795,126.891167,190378.8957,446678.1514,30.52518016,8.381631138328185,22.947055793895466,44.0,5.281388714677789,111.0,2.771753308864805,56.0,0.489696938219484,59.0
영등포구,(당산동,SH호스텔,1,저위험군,37.5200043,126.8977171,190957.9995,446729.2606,15.154335,-2.777770033878788,21.49048700261945,44.0,5.316982914734142,111.0,3.1743040982916266,56.0,1.0632691154254539,59.0
영등포구,(당산동,SD Firstier,1,저위험군,37.51986208,126.8984186,191019.9937,446713.4088,15.23062396,-2.6874020268209176,21.234721440369746,44.0,5.3120230696211,111.0,3.294669405802421,56.0,1.1275858898074844,59.0
영등포구,여의도동,페어몬트 앰배서더 서울(Fairmont Ambassador Seoul),1,저위험군,37.5233003,126.9275097,193592.0005,447092.6289,24.80866729,1.0070594757135964,26.991099723171335,44.0,4.082642541366903,111.0,3.1963605965166453,56.0,0.7227195471403065,59.0
영등포구,(영등포동,오베르,1,저위험군,37.5158422,126.9019589,191332.5056,446266.9207,11.46062883,-7.746968438071681,23.161072117896516,44.0,5.176405751012243,111.0,4.0736559138018835,56.0,0.40673444063237074,59.0
영등포구,(양평동,Chateau 관광호텔,1,저위험군,37.52003452,126.8895927,190239.7893,446733.4266,16.40669168,-5.7523832647912485,23.076518276933804,44.0,5.2679447829803285,111.0,2.7175132735372474,56.0,0.41070702301223083,59.0
영등포구,선유동,가온누리,1,저위험군,37.51956845,126.8917188,190427.6845,446681.4802,18.75750306,-3.8381426924777244,22.870236587823353,44.0,5.290693533404438,111.0,2.7877645303541776,56.0,0.5303024626896256,59.0
영등포구,(당산동,다담,1,저위험군,37.51987588,126.8967936,190876.3447,446715.0968,10.2356634,-8.438910615825215,21.774283531936288,44.0,5.313235821909155,111.0,3.0714556321814666,56.0,1.0012351090246168,59.0
영등포구,(당산동,베스트웨이,1,저위험군,37.5206932,126.8960286,190808.8165,446805.8835,16.27711625,0.6801761172479548,22.013474550112534,44.0,5.342023091923657,111.0,2.9540419088804635,56.0,0.9407881992223809,59.0
영등포구,(양평동,유니언호텔,1,저위험군,37.53591594,126.8922478,190476.5261,448495.7953,21.78932749,3.0258702877604904,20.820636063043608,44.0,5.760588862399529,111.0,2.1107653394166555,56.0,-0.1668878971590282,59.0
영등포구,(영등포동,호텔 씨엘,1,저위험군,37.51633265,126.9010632,191253.3778,446321.4373,21.48025574,-5.0765625151729346,21.819549879488445,44.0,5.190875673636349,111.0,4.040457740404447,56.0,0.5490581783586603,59.0
영등포구,여의도동,켄싱턴호텔 여의도,1,저위험군,37.52750863,126.9210305,193019.6461,447560.1622,24.70628605,-0.17827303764914149,26.924760251893176,44.0,4.358747394284475,111.0,3.17259930276985,56.0,0.7813709096809733,59.0
영등포구,여의도동,콘래드 서울 호텔,1,저위험군,37.5222288,126.9245121,193326.9312,446973.9142,21.81550966,-2.2884891038222115,26.524888075089947,44.0,4.2726617619177025,111.0,3.2824142571703963,56.0,0.6031631225501874,59.0
영등포구,여의도동,글래드호텔앤리조트(주) 글래드 여의도,1,저위험군,37.52469423,126.9165374,192622.2094,447248.1417,26.84285664,2.898092531936893,26.135383465251685,44.0,4.66766278826185,111.0,3.3291206658785493,56.0,0.5328227504426678,59.0
영등포구,(양평동,위브 스위트 - 선유 파크사이드,1,저위험군,37.53575162,126.8925996,190507.5976,448477.5223,13.97273206,-4.815391085877133,20.8192501514665,44.0,5.758230339934875,111.0,2.0813406202774316,56.0,-0.26540948205875503,59.0
영등포구,(당산동,더 리베라,1,저위험군,37.52084471,126.8961637,190820.7807,446822.6861,17.55283714,2.0006064423920016,21.989246408538804,44.0,5.346718235941698,111.0,2.9542057992604702,56.0,0.944915470405528,59.0
영등포구,(양평동,가온,1,저위험군,37.52035777,126.8898952,190266.5791,446769.2719,24.2542534,8.136605763889186,23.031738882021507,44.0,5.284743037703036,111.0,2.7157575814335244,56.0,0.4441087747395739,59.0
서초구,양재동,더케이호텔앤리조트(주) 더케이호텔서울,1,저위험군,37.46402232,127.0320259,202833.2617,440511.5612,27.95503456,5.8389859689265435,25.31124520482342,44.0,3.0420261645109434,111.0,0.3412838255433934,56.0,1.8907237048552297,59.0
서초구,잠원동,호텔티롤,1,저위험군,37.51230507,127.0161577,201428.5173,445869.9508,19.91377057,-5.399334428570924,26.75026660308719,44.0,4.207798645055263,111.0,2.5998547049347023,56.0,3.226426710390049,59.0
서초구,서초동,유원관광호텔,1,저위험군,37.48242337,127.0120618,201066.8182,442553.4166,15.34877743,-6.441917280683503,24.990390953860388,44.0,3.6077521055188644,111.0,0.9737111786212668,56.0,0.7780790539792364,59.0
서초구,서초동,호텔 페이토,1,저위험군,37.48399045,127.0317868,202811.3575,442727.748,20.21077562,2.113864598791263,22.68950165319392,44.0,3.300154677100276,111.0,0.8068701843112729,56.0,2.0574873756516,59.0
서초구,서초동,신라스테이 서초,1,저위험군,37.48670619,127.0293371,202594.6051,443029.0888,10.06212717,-8.753700343625415,22.01249586948515,44.0,3.414446347704045,111.0,1.4332562871090624,56.0,1.4943983396668987,59.0
서초구,서초동,업플로 호스텔,1,저위험군,37.49101095,127.0162155,201434.032,443506.5797,33.28282815,3.91430937177174,25.036696729588012,44.0,3.724935907089036,111.0,1.9212799303375088,56.0,0.5655778085243399,59.0
서초구,반포동,JW메리어트호텔 서울,1,저위험군,37.50161364,127.0028324,200250.4482,444683.2204,22.66606463,1.7019542595137764,27.04512416866663,44.0,3.8540003007517374,111.0,1.9596360389274303,56.0,1.5768255633534325,59.0
서초구,서초동,힐튼 가든 인 서울 강남,1,저위험군,37.48316337,127.0319656,202827.2061,442635.9584,24.68332194,3.8294567837816302,22.875628723810653,44.0,3.2780112564513324,111.0,0.7067268185394346,56.0,2.1899994616238287,59.0
강남구,삼성동,호텔 인 나인,1,저위험군,37.51294098,127.0591658,205230.8602,445942.0507,8.301884613,-10.533905841038445,24.149037254290803,44.0,2.436034147466224,111.0,2.388687650722325,56.0,1.7298911099136016,59.0
강남구,청담동,호텔리베라 아노블리,1,저위험군,37.52111727,127.0408383,203610.1233,446848.6545,16.15922012,-3.0433081688138053,23.604464096235137,44.0,3.5452183629056213,111.0,2.1181129243953998,56.0,1.6553664092147058,59.0
강남구,신사동,안다즈 서울 강남,1,저위험군,37.52266861,127.0280798,202482.2162,447020.4206,18.9667094,-0.1143600131391338,25.794370350754743,44.0,4.100331392683504,111.0,2.1268431233522893,56.0,3.2584965552899945,59.0
강남구,삼성동,신라스테이 삼성,1,저위험군,37.50730567,127.0623526,205513.023,445316.7851,22.88038151,-4.718984279674462,23.937493108536284,44.0,2.3495884020629942,111.0,2.4164251119804403,56.0,1.8644188689209849,59.0
강남구,논현동,하로스테이 신사,1,저위험군,37.51197371,127.0203569,201799.7769,445833.2461,29.78300762,1.37389076122534,26.552292360781344,44.0,4.201912257634127,111.0,2.6872728710677674,56.0,3.1227596511703526,59.0
강남구,신사동,단델리온 신사1호점,1,저위험군,37.51859556,127.0253689,202242.7016,446568.2952,16.77295275,-7.938163382679022,26.370181899222892,44.0,4.122931948204774,111.0,2.1756440692581918,56.0,3.380949818459889,59.0
강남구,삼성동,기와 호스텔,1,저위험군,37.50575751,127.0561695,204966.4353,445144.6149,29.18604503,1.374915390561771,24.439693761371647,44.0,2.07736463033993,111.0,2.534134273420776,56.0,1.75710011038159,59.0
강남구,역삼동,willow leaf,1,저위험군,37.49772977,127.0321048,202838.9628,444252.6416,24.42375404,-0.5448627766117227,20.68036305926622,44.0,3.3809825221538174,111.0,2.953289003306441,56.0,1.1382495272274669,59.0
강남구,역삼동,리치웰 호텔(Richwell Hotel),1,저위험군,37.50022148,127.0390336,203451.5506,444529.4206,22.92740091,-2.403547088475218,21.01377827610598,44.0,2.544505439777554,111.0,2.9207012585124557,56.0,1.9090862149138277,59.0
강남구,역삼동,인더시티호스텔,1,저위험군,37.50027939,127.0392159,203467.6679,444535.8546,21.55567109,-3.837808144023583,21.06465643148506,44.0,2.523849661570738,111.0,2.922549629334308,56.0,1.9092731601660569,59.0
강남구,역삼동,베니키아 강남 노블레스 호텔,1,저위험군,37.49864607,127.0350027,203095.187,444354.4304,26.54142134,0.46715381476941786,20.371894068120763,44.0,3.04619802130746,111.0,2.87357796498873,56.0,1.4953844430005425,59.0
강남구,삼성동,호텔 페이토 삼성,1,저위험군,37.50570328,127.057925,205121.6554,445138.6902,29.96271154,-0.3446584584105281,24.265067466591397,44.0,2.125149719485213,111.0,2.4951239339134132,56.0,1.8096075628314874,59.0
강남구,논현동,호텔 더 디자이너스 리즈 강남 프리미어,1,저위험군,37.50271388,127.0251084,202220.1402,444805.6252,21.26865533,2.539355803114404,25.951923018448824,44.0,4.0617020708795915,111.0,3.120962445918703,56.0,2.1411445658397237,59.0
강남구,신사동,어바웃스테이 신사점,1,저위험군,37.51443018,127.0190559,201684.7048,446105.859,37.85252092,1.0057676269122595,26.92010250286055,44.0,4.207408927989799,111.0,2.4367629814716505,56.0,3.292371277454864,59.0
강남구,역삼동,호텔 디 아티스트 역삼,1,저위험군,37.49966232,127.0376996,203333.6172,444467.313,20.15987183,3.802093581757447,20.765216535731387,44.0,2.71016810577965,111.0,2.899343502552693,56.0,1.823470779494241,59.0
강남구,삼성동,호텔 유리앤,1,저위험군,37.50617632,127.0567785,205020.249,445191.1298,26.03322109,3.269265227531392,24.344587813984464,44.0,2.0958837852981467,111.0,2.521733344326259,56.0,1.7857006478000494,59.0
강남구,역삼동,호텔 뉴브,1,저위험군,37.50027135,127.0483211,204272.8029,444535.3367,23.30072545,1.2042788373541775,23.35789871540744,44.0,1.975383313771974,111.0,2.832840095795361,56.0,1.3220731039943852,59.0
강남구,역삼동,호텔 신라스테이 역삼(Hotel Shilla Stay Yeoksam),1,저위험군,37.50189663,127.0404735,203578.7994,444715.3944,14.53540694,-0.8759031985675918,21.760950979009205,44.0,2.3011114021795773,111.0,2.963618885342988,56.0,2.00797758611486,59.0
강남구,신사동,다도,1,저위험군,37.51870635,127.0191906,201696.5175,446580.4622,29.69951855,8.4339777511853,26.842336070373705,44.0,4.224213762310797,111.0,2.1733904934089336,56.0,3.5540770114754414,59.0
강남구,논현동,GAM,1,저위험군,37.51012645,127.0324871,202872.3001,445628.525,17.98482454,-3.5532939963777928,25.85307238265085,44.0,3.4126789369017043,111.0,2.9896720393792684,56.0,2.573039766167955,59.0
강남구,대치동,이비스 스타일 앰배서더 강남,1,저위험군,37.50236069,127.0562784,204976.2843,444767.6174,27.12415563,1.6790012636052367,24.58041511960656,44.0,2.0515865605310344,111.0,2.4832815869578417,56.0,1.5621359500496308,59.0
강남구,논현동,렉스 관광 호텔,1,저위험군,37.51162065,127.0197507,201746.1946,445794.0495,31.70536659,1.3023857457858057,26.51193087172946,44.0,4.21888724584871,111.0,2.729252420279497,56.0,3.097824383588873,59.0
강남구,역삼동,트리아관광호텔,1,저위험군,37.50009682,127.0386187,203414.8687,444515.5698,26.94400361,1.3211024810762133,20.93530589241647,44.0,2.592047204497936,111.0,2.9163331583840844,56.0,1.8990640760170983,59.0
강남구,신사동,라까사호텔,1,저위험군,37.51923895,127.0187598,201658.4162,446639.5664,29.75805099,3.4160520625808033,26.872706904076487,44.0,4.227023997381637,111.0,2.150459511265059,56.0,3.5783787568440992,59.0
강남구,삼성동,웨스틴 서울 파르나스,1,저위험군,37.50977042,127.0580292,205130.592,445590.0963,30.52689456,-1.6323916242720777,24.16556811325859,44.0,2.270304530041783,111.0,2.4670316291952177,56.0,1.8072304999461264,59.0
강남구,역삼동,와사비 하우스,1,저위험군,37.49195128,127.0298059,202635.8846,443611.2378,13.65377502,-0.2624032479475087,20.614441048635964,44.0,3.508062237035791,111.0,2.6858540655397785,56.0,0.7465683827875361,59.0
강남구,삼성동,호텔 크레센도 서울,1,저위험군,37.50806468,127.0461159,204077.3787,445400.1981,24.54886561,2.45595055805504,24.871396359484404,44.0,2.007779110715637,111.0,3.0466900674013946,56.0,1.59180825040449,59.0
송파구,잠실동,호텔롯데 롯데호텔월드,1,저위험군,37.50853565,127.0971478,208589.3632,445455.9044,27.80877573,4.481264353957322,25.251985820184917,44.0,4.698413195461058,111.0,4.2086451169916685,56.0,1.290926170275837,59.0
송파구,문정동,메리제인호텔,1,저위험군,37.4828826,127.1227537,210857.0255,442611.3941,30.7790056,1.5125395107087165,27.537191629420246,44.0,5.430551268908792,111.0,3.6825733139072474,56.0,2.7495577236870012,59.0
송파구,가락동,부티크 호텔 XYM,1,저위험군,37.49414553,127.1205935,210664.3701,443861.1847,28.93241283,0.8312304314801828,26.62231223546858,44.0,5.339327861771075,111.0,4.540003699108304,56.0,2.798968317422372,59.0
송파구,신천동,시그니엘 서울(SIGNIEL SEOUL),1,저위험군,37.51035018,127.1026419,209074.9004,445657.8098,22.07869221,6.647423365086393,25.370493534610926,44.0,4.828875174317754,111.0,4.416593293429536,56.0,1.5692353017207248,59.0
송파구,문정동,호텔 파크하비오,1,저위험군,37.47785335,127.122874,210868.3975,442053.2279,19.85078138,0.16228807964940373,27.845435493408907,44.0,5.469341477793509,111.0,3.3940163583108682,56.0,2.678216331715066,59.0
송파구,가락동,가락관광호텔,1,저위험군,37.49113403,127.117929,210429.1572,443526.649,35.92362085,3.419461620636717,26.94726885063337,44.0,5.327806593645081,111.0,4.327253635917286,56.0,2.8440372381889025,59.0
송파구,가락동,캘리포니아호텔,1,저위험군,37.49134308,127.1183152,210463.2829,443549.8936,36.3346945,5.167226591932007,26.963737157398057,44.0,5.330587098540931,111.0,4.342466926895777,56.0,2.8412843417802356,59.0
종로구,관철동,스테이 묘미 종로,1,저위험군,37.56620399,126.985129,198686.1906,451852.0534,15.70536045,-3.44137130803097,23.116682475447078,44.0,5.14135609566511,111.0,4.047771502613738,56.0,1.981206342284934,59.0
종로구,숭인동,호텔 인스피룸 종로,1,저위험군,37.57110935,127.0207528,201833.3295,452396.5896,30.02159386,5.973026276391142,25.53172588014687,44.0,4.079020566421569,111.0,3.7190008678542337,56.0,2.450252332081837,59.0
종로구,숭인동,안한스테이 동묘,1,저위험군,37.57088635,127.016036,201416.6445,452371.7576,18.5396282,-3.2665675544523296,25.154476353116696,44.0,4.021576923746273,111.0,4.17536633839614,56.0,2.2360248777244696,59.0
서초구,반포동,호텔 앳 강남 서울,1,저위험군,37.50289453,127.020478,201810.7081,444825.5759,16.31124027,-2.0318953753331357,26.144515155876178,44.0,4.2661704715303514,111.0,3.176594494787571,56.0,2.288995456416135,59.0
강남구,역삼동,스테이아른,1,저위험군,37.50366871,127.0453887,204013.3162,444912.2707,21.31644372,-2.313196496059387,23.78214657050043,44.0,1.974009565462822,111.0,2.9791252257074876,56.0,1.6709882005612566,59.0
종로구,효제동,백제장,1,저위험군,37.56884357,127.0041212,200364.0797,452144.9199,24.18525931,0.5902910879123091,26.765944218955617,44.0,4.775554212903499,111.0,2.2203979821730817,56.0,0.7489497601556964,59.0
종로구,효제동,더원 호텔,1,저위험군,37.5692221,127.003393,200299.7503,452186.9298,24.79858537,1.1194486213572503,26.74992890482546,44.0,4.838318927979309,111.0,1.940351450310936,56.0,0.45166550429563873,59.0
종로구,관수동,더포스트 호텔,1,저위험군,37.56668503,126.9897635,199095.6394,451905.3885,15.94133796,-5.774791346868453,21.120126393040593,44.0,5.3113681292469686,111.0,3.407688169869839,56.0,1.821814924214566,59.0
종로구,연지동,더스테이종로(TheStayJongro),1,저위험군,37.57028888,126.9982792,199847.9811,452305.3259,15.40107587,-2.60400725512304,23.734822071753488,44.0,5.496755542159036,111.0,1.2765483390098544,56.0,0.33765351740431526,59.0
종로구,관철동,(주)서울큐브 종로,1,저위험군,37.56636189,126.9838774,198575.6146,451869.5967,19.8904306,1.1082539538864076,23.52761568251927,44.0,5.061924675985077,111.0,4.255200939437924,56.0,1.696433496137573,59.0
종로구,연지동,주식회사 파이브호텔 종로,1,저위험군,37.57145411,126.9987318,199887.9614,452434.6523,21.93919877,4.137741014300417,23.536045138055066,44.0,5.390724411117004,111.0,1.397602520245154,56.0,0.2596259835725597,59.0
종로구,원남동,오라카이 대학로 호텔,1,저위험군,37.57297519,126.9979778,199821.3638,452603.4757,17.49537536,-0.8593648411293309,22.515024922490106,44.0,5.292376183460974,111.0,1.4629359215299598,56.0,0.9060312538456651,59.0
종로구,효제동,청원 NEST,1,저위험군,37.56941664,127.0034373,200303.6641,452208.5216,25.69593258,2.2619947663307727,26.624405557390876,44.0,4.811633430351975,111.0,1.9577254550988954,56.0,0.4763227395800907,59.0
종로구,관철동,핑크빌,1,저위험군,37.5663255,126.9841608,198600.6532,451865.5536,19.95846592,1.161262331575557,23.46050109110982,44.0,5.08863549582818,111.0,4.227449771462879,56.0,1.8034091855357057,59.0
종로구,충신동,이에스드림타워,1,저위험군,37.57251594,127.0027139,200239.7455,452552.5058,21.68286087,4.935056340606042,23.988254404103696,44.0,4.637801748095087,111.0,2.515278543421666,56.0,0.7365937962935205,59.0
종로구,창신동,만소호스텔,1,저위험군,37.56851942,127.0099225,200876.6026,452108.9814,25.84870906,3.3121746922830972,24.20716143699647,44.0,4.109760622445082,111.0,2.4981777071195834,56.0,1.6102857748775636,59.0
종로구,관철동,유에이치 스위트 종각 5F,1,저위험군,37.5663269,126.9852019,198692.628,451865.6939,14.33050933,-4.228237911584122,23.097918472668944,44.0,5.135565862838057,111.0,4.060356845909491,56.0,1.9811770876354045,59.0
종로구,장사동,알게스트하우스 종묘점,1,저위험군,37.56669372,126.9940096,199470.7659,451906.3206,18.06818819,0.42070803794707956,21.0585669718307,44.0,5.639625190087303,111.0,2.7525653581921654,56.0,1.4858289468895394,59.0
종로구,돈의동,엠앤럭키호텔,1,저위험군,37.5685956,126.9901221,199127.3384,452117.4361,10.77021425,-2.796864892266889,20.778110092826967,44.0,5.3359699480285805,111.0,3.3611875837414384,56.0,1.5931152745338686,59.0
종로구,관수동,호텔케이월드(청계),1,저위험군,37.56645547,126.9904873,199159.5848,451879.9033,12.14639805,-2.00869061918773,21.102316187653294,44.0,5.357746240777287,111.0,3.351766168557483,56.0,1.709257225485875,59.0
종로구,관철동,더 스테이 코리아(The Stay Korea),1,저위험군,37.56616924,126.9863907,198797.6543,451848.1797,23.78195396,6.581879631511711,22.512868606967146,44.0,5.21987967110285,111.0,3.818388319169519,56.0,2.0495487964075814,59.0
종로구,낙원동,오라카이 인사동 스위츠,1,저위험군,37.57025733,126.9865467,198811.497,452301.9079,15.44674591,0.34612122202706885,21.32989246004,44.0,5.081657144783979,111.0,3.8676454295924345,56.0,0.27826845069295925,59.0
종로구,관훈동,아미드 호텔 서울,1,저위험군,37.56984481,126.9834118,198534.5493,452256.1673,18.68581043,-0.648262730300214,23.40406404225435,44.0,4.931675878565802,111.0,4.251508429956201,56.0,0.18469792369219862,59.0
종로구,창신동,대구,1,저위험군,37.56869433,127.0105724,200934.0121,452128.4006,34.30395,-1.3607116541489788,24.076251462301485,44.0,4.080826771036805,111.0,2.5148995305453874,56.0,1.681440404020237,59.0
종로구,관철동,호텔 프렌즈,1,저위험군,37.56577941,126.987643,198908.2843,451804.8978,23.88574147,-4.4680901684851015,21.964506503139667,44.0,5.289854386810941,111.0,3.718829354305876,56.0,2.0311905706227735,59.0
종로구,관훈동,호텔썬비,1,저위험군,37.57030354,126.9840039,198586.865,452307.0719,13.4208505,-3.407778580726596,23.12362627979712,44.0,4.960734550748832,111.0,4.080192184631347,56.0,0.017243091181445735,59.0
종로구,낙원동,(주)탑호텔 앤 레지던스,1,저위험군,37.57058279,126.988025,198942.1046,452338.0125,18.43119385,4.25429231981297,20.866060370895724,44.0,5.200448972191483,111.0,3.6010449626862195,56.0,0.535307888382728,59.0
종로구,낙원동,호텔누누,1,저위험군,37.56823244,126.9888801,199017.6124,452077.1418,20.71736838,-2.7810930467371016,20.856929417027516,44.0,5.228649525897218,111.0,3.414521134709828,56.0,1.8276595222060272,59.0
종로구,관철동,르몽호텔,1,저위험군,37.56611346,126.9877015,198913.461,451841.9728,17.1935316,1.003824759783079,21.862601468314956,44.0,5.272825011931667,111.0,3.6463746437017575,56.0,1.9781346336848202,59.0
종로구,효제동,블루덕호텔,1,저위험군,37.56889448,127.003309,200292.329,452150.5675,23.67672872,0.4642096911672553,26.80445458224055,44.0,4.881139602085886,111.0,1.9711892592306923,56.0,0.40353418293873744,59.0
종로구,창신동,BM,1,저위험군,37.56785863,127.0107003,200945.3175,452035.6489,26.73716083,2.1469692152106354,24.31097897856732,44.0,4.153219979433985,111.0,1.991598972151364,56.0,1.5539240502483613,59.0
종로구,낙원동,호텔 트래디업 B동,1,저위험군,37.57052737,126.9879043,198931.4365,452331.8629,17.80721927,-2.203958963508647,20.86599384643739,44.0,5.185214132068002,111.0,3.6148739105521717,56.0,0.5302803681399034,59.0
종로구,종로5가,동대문 당근 여관,1,저위험군,37.5678409,127.0040228,200355.3949,452033.6349,34.54604797,0.4989067795551989,26.735763133628204,44.0,4.909660636183085,111.0,2.086272132372543,56.0,0.41014414329536764,59.0
종로구,낙원동,케이브 료칸&호텔 종로,1,저위험군,37.56833357,126.9891105,199037.9658,452088.3637,12.21183715,-4.375568519310251,20.83068092445791,44.0,5.239078634368302,111.0,3.4048712768220457,56.0,1.7707538140423393,59.0
종로구,숭인동,리치하우스,1,저위험군,37.57503345,127.021474,201896.9454,452832.1336,30.30742429,0.8386260903653557,25.422948161726413,44.0,4.014341125633536,111.0,5.151695740560405,56.0,2.58493372326323,59.0
종로구,낙원동,시네마모텔,1,저위험군,37.57043679,126.9884015,198975.3581,452321.8041,13.02213867,-1.3782661376476355,20.733816260992715,44.0,5.23506725356429,111.0,3.5604743422473195,56.0,0.7385758507970871,59.0
종로구,창신동,더 베이지,1,저위험군,37.56996845,127.0114042,201007.4789,452269.8217,31.9767233,0.6629965471276869,23.574414449906115,44.0,3.952708964939936,111.0,3.368853972602781,56.0,1.874140861873045,59.0
종로구,교북동,독립문호텔,1,저위험군,37.56995527,126.9593036,196404.7661,452269.0762,27.17721169,-0.37844674010448287,24.364162894966096,44.0,3.624162074940467,111.0,3.0621297873395505,56.0,1.1277230121763635,59.0
종로구,숭인동,호스텔 바닐라 2,1,저위험군,37.57215126,127.0155335,201372.2339,452512.1405,31.94163398,0.8497200342506339,24.815789179189245,44.0,3.9973013154942683,111.0,5.137414824609255,56.0,2.3326063848100342,59.0
종로구,창신동,글로벌인 동대문 시티데이즈 인,1,저위험군,37.56878727,127.0109196,200964.6849,452138.7194,20.44571112,-5.930085507210549,24.018844146606774,44.0,4.070801427812884,111.0,2.5465655673728005,56.0,1.7065977237923255,59.0
종로구,낙원동,알게호(Rgeho),1,저위험군,37.57028623,126.9884427,198979.0002,452305.0932,28.17160591,2.072582718054889,20.702108416749816,44.0,5.2349654709101845,111.0,3.5546969394307855,56.0,0.8394180113182043,59.0
종로구,명륜3가,브릭스,1,저위험군,37.58068099,126.9972756,199759.3487,453458.7323,25.4660468,6.054578707965469,22.673837713867204,44.0,4.528559612798552,111.0,2.750814186337685,56.0,3.3496265255876043,59.0
종로구,낙원동,어반 골드 호텔,1,저위험군,37.56821148,126.989594,199080.6834,452074.8083,30.13445299,1.1966079189729655,20.804983527749712,44.0,5.27553485386867,111.0,3.3815533586082505,56.0,1.7158074280223299,59.0
종로구,숭인동,동성,1,저위험군,37.57028181,127.0166221,201468.4361,452304.6697,31.34957852,0.2340007497429646,25.277488117771263,44.0,4.046620429980944,111.0,3.605958846179832,56.0,2.2148933656276446,59.0
종로구,숭인동,캐슬장,1,저위험군,37.57097192,127.0188333,201663.7628,452381.3008,31.13513818,5.85627442202988,25.482784362666372,44.0,4.059461116249923,111.0,3.8632231509366046,56.0,2.3699909252554967,59.0
종로구,낙원동,호텔 라와,1,저위험군,37.56947719,126.988412,198976.2779,452215.2995,16.36162914,-0.23147782058688549,20.707468049171744,44.0,5.201365825283963,111.0,3.533822203362466,56.0,1.3051311488537474,59.0
종로구,숭인동,삼오여관,1,저위험군,37.57050629,127.0178338,201575.4786,452329.604,35.97716569,-0.3629419481428826,25.430841344609565,44.0,4.053805755696838,111.0,3.678081911995153,56.0,2.301029121569976,59.0
종로구,낙원동,호텔 야자(종로점),1,저위험군,37.5703237,126.9881809,198955.8717,452309.2548,12.76870153,-1.8355114915987585,20.743099286355992,44.0,5.207224565988449,111.0,3.5871868724782003,56.0,0.7486744951432747,59.0
종로구,낙원동,헤르츠,1,저위험군,37.56998988,126.9881421,198952.4394,452272.2051,11.77229195,-2.7909409489104267,20.691420512703594,44.0,5.189599252538416,111.0,3.588248706665725,56.0,0.9549986279414002,59.0
종로구,관철동,MG HOTEL(엠지호텔),1,저위험군,37.56620274,126.984042,198590.1517,451851.9304,22.15106071,1.7151860819819014,23.473627544609542,44.0,5.082172250448034,111.0,4.185437093940161,56.0,1.7780860984440259,59.0
종로구,낙원동,호텔 트래디업 A동,1,저위험군,37.57053501,126.9877845,198920.8532,452332.7122,16.41080117,0.3675783512947213,20.913196438483084,44.0,5.1760845557184645,111.0,3.6288838183357472,56.0,0.48297321788184705,59.0
종로구,낙원동,호텔팝 리즈 프리미어,1,저위험군,37.56830703,126.989418,199065.1323,452085.4149,19.34174296,2.5217002138991766,20.82249719653027,44.0,5.261868118019261,111.0,3.389724000005066,56.0,1.7315738183782474,59.0
종로구,수송동,신라스테이 광화문,1,저위험군,37.56990125,126.9803048,198260.0635,452262.4845,19.90447402,2.140987741325869,24.294656441876228,44.0,4.555049742091597,111.0,4.041444105621581,56.0,-0.18483680929471447,59.0
종로구,돈의동,티(T),1,저위험군,37.56838036,126.9898391,199102.3405,452093.5496,20.05910925,3.0090529241904385,20.785675264702867,44.0,5.301278641560199,111.0,3.3774237209649463,56.0,1.6600536163972281,59.0
종로구,관훈동,호텔 작(鵲) 인사동 by 아늑(HOTEL JAK(鵲) INSADONG by AANK),1,저위험군,37.57219408,126.9838622,198574.3837,452516.902,20.82481309,0.47319152289936284,23.256808370439337,44.0,4.886407988064646,111.0,3.7667825535438664,56.0,-0.735334376905011,59.0
종로구,낙원동,호텔 스타,1,저위험군,37.56878558,126.9892885,199053.6995,452138.5297,22.07065528,-1.1977756685517207,20.791748699985003,44.0,5.260631345101283,111.0,3.4199687983636675,56.0,1.6210873655792875,59.0
종로구,종로5가,트래블몬스터,1,저위험군,37.56870307,127.0022365,200197.5795,452129.3205,24.14569735,-0.8718187528988821,26.474512956650184,44.0,5.038848915718592,111.0,1.672602800502935,56.0,0.1827613466972359,59.0
종로구,창신동,엘로호스텔,1,저위험군,37.56817166,127.0102944,200909.4551,452070.3876,30.3082539,3.349946988043982,24.267251124672914,44.0,4.143874372676563,111.0,2.2655457917372286,56.0,1.5767864979201345,59.0
종로구,낙원동,에비뉴162,1,저위험군,37.56847519,126.9890521,199032.8083,452104.0824,16.47670349,-0.09124596772179316,20.817573928446862,44.0,5.234364029031758,111.0,3.4180202466106904,56.0,1.7355157197316555,59.0
종로구,낙원동,구월호텔 익선점,1,저위험군,37.56834527,126.9893008,199054.7832,452089.6603,18.30250129,1.860320232047549,20.82283245528574,44.0,5.253493648439204,111.0,3.3962593724315338,56.0,1.7420185226294362,59.0
종로구,숭인동,브라운,1,저위험군,37.56977342,127.0156421,201381.869,452248.2295,38.54734483,3.249346767869689,24.916730032515908,44.0,4.044596305385476,111.0,3.096111846214463,56.0,2.109342846679251,59.0
종로구,종로5가,벤허모텔2,1,저위험군,37.56906562,126.999559,199961.0394,452169.557,26.09524827,3.235491135409408,24.76434294376711,44.0,5.4140554944802854,111.0,1.3741024898748835,56.0,0.38082431060896127,59.0
종로구,관수동,온도 호텔 앤 스파 서울종로점,1,저위험군,37.56648067,126.9893888,199062.5307,451882.7106,20.61410807,5.18588182151883,21.27791847902158,44.0,5.31626973876789,111.0,3.428454300461569,56.0,1.8939031099004235,59.0
종로구,종로5가,엘케이 호스텔,1,저위험군,37.56787315,127.0027884,200246.3448,452037.2103,36.5657773,1.8238966944907276,26.439560135998143,44.0,5.060604918746449,111.0,1.9960384148626609,56.0,0.15709318850550333,59.0
종로구,관수동,종로아이엠티호텔,1,저위험군,37.56632573,126.9894738,199070.0373,451865.5132,17.42811312,2.326177113361368,21.316106894543527,44.0,5.326796980052187,111.0,3.443115999652952,56.0,1.8912454192156534,59.0
종로구,관수동,(주)호텔리안,1,저위험군,37.5663946,126.9901754,199132.0252,451873.1503,12.51989791,-1.4812457606130316,21.1738726910162,44.0,5.35219506792431,111.0,3.3945725991312963,56.0,1.7612532420760194,59.0
종로구,숭인동,와이키키,1,저위험군,37.57136659,127.0214445,201894.4368,452425.154,20.9832185,-2.7188259085361395,25.539705940013953,44.0,4.069540121682036,111.0,3.7672028593744478,56.0,2.4913242983138866,59.0
종로구,숭인동,올리브,1,저위험군,37.57106161,127.0193217,201706.9121,452391.2641,25.54696045,0.581142015124243,25.49857364109545,44.0,4.0621776658087185,111.0,3.850128412977751,56.0,2.3993346866213505,59.0
종로구,낙원동,알리앙스,1,저위험군,37.56853459,126.9893871,199062.4045,452110.6717,23.05278772,-0.7305926936047307,20.806237956655245,44.0,5.263186022680447,111.0,3.4010988636150303,56.0,1.6880815934536453,59.0
종로구,숭인동,Gaga House 동대문,1,저위험군,37.57095095,127.0189937,201677.9386,452378.9762,29.10775644,4.753550465064595,25.489988042670742,44.0,4.058596612321632,111.0,3.82836921820968,56.0,2.378262904084288,59.0
종로구,인사동,파이프 호스텔,1,저위험군,37.56812071,126.9838419,198572.5109,452064.8057,27.60929002,4.5092249565675,23.312641466221447,44.0,5.002679238479454,111.0,4.7258672911425075,56.0,1.1794242244859665,59.0
종로구,창신동,동명,1,저위험군,37.56827627,127.0100783,200890.3617,452081.996,28.29342125,4.533423680726479,24.263257892257894,44.0,4.13951697799095,111.0,2.3667608472166966,56.0,1.57746599476459,59.0
종로구,관철동,스카이호텔,1,저위험군,37.56647897,126.9873609,198883.3762,451882.5441,28.67964125,0.6780811875443682,21.91279249837504,44.0,5.235068615971246,111.0,3.629133910053177,56.0,2.0231588588401404,59.0
종로구,숭인동,하나장,1,저위험군,37.57127618,127.021448,201894.7412,452415.1196,24.40003305,-0.6786896573709633,25.5419515419009,44.0,4.070914279362446,111.0,3.7286417856143954,56.0,2.4922406058123894,59.0
종로구,낙원동,종로 KS Stay,1,저위험군,37.57031895,126.9879488,198935.37,452308.7302,14.16613774,-1.2422237926866018,20.765186022127033,44.0,5.180850698340979,111.0,3.6127272748485866,56.0,0.6841158511416309,59.0
종로구,관훈동,준오 호텔,1,저위험군,37.57226294,126.9834525,198538.1877,452524.551,21.76317754,2.048474022518313,23.392751630885513,44.0,4.828708595694124,111.0,3.7637487700969388,56.0,-0.6743845447901452,59.0
종로구,종로6가,HAH (JUST4U 2.0),1,저위험군,37.56879123,127.0072539,200640.8369,452139.1276,28.05294735,3.226583148476532,25.21129769242591,44.0,4.309546876350367,111.0,2.859028859071369,56.0,1.471413862344449,59.0
종로구,관훈동,H.H 모텔,1,저위험군,37.57208885,126.9837625,198565.5689,452505.2242,27.47629724,6.904643719095358,23.30083009636175,44.0,4.876795291202591,111.0,3.7812991531318545,56.0,-0.6836192847841787,59.0
종로구,낙원동,미정,1,저위험군,37.56798466,126.9892256,199048.1333,452049.6375,23.38965557,3.3804019673354837,20.868194061745385,44.0,5.2527093796941795,111.0,3.406400335805113,56.0,1.8164953820347036,59.0
종로구,원남동,메이플레이스 호텔 서울 동대문,1,저위험군,37.57336561,126.9979485,199818.7693,452646.8078,14.95589031,-3.8386325080312798,22.30802500350898,44.0,5.227058840368226,111.0,1.4976682547622049,56.0,1.2811281972321922,59.0
종로구,관철동,부티크호텔케이(BHK 01),1,저위험군,37.56652738,126.9874728,198893.2603,451887.9157,17.53837107,1.6521190183918488,21.82891424057722,44.0,5.24188643675448,111.0,3.602595227628022,56.0,2.019337152865271,59.0
종로구,창신동,호텔가온골든파크,1,저위험군,37.56815462,127.0138059,201219.6806,452068.5361,23.85338247,-2.0756357730521025,24.284198789598463,44.0,4.111228407936358,111.0,1.660161106938949,56.0,1.7656877108518212,59.0
종로구,돈의동,비욘드 레지던스 종로(Beyond Residence Jongno),1,저위험군,37.56934241,126.9892523,199050.5059,452200.3317,25.68830734,0.06264863750347516,20.750924136657567,44.0,5.27716342139253,111.0,3.454893392092254,56.0,1.4372568219785387,59.0
종로구,숭인동,HOTEL 동양장,1,저위험군,37.5700908,127.016993,201501.2097,452283.4757,33.33837737,6.687584773745133,25.30494864597843,44.0,4.051828366856384,111.0,3.3952168854634324,56.0,2.225458770888803,59.0
종로구,관수동,나포레 호텔,1,저위험군,37.56620995,126.9899735,199114.1892,451852.6582,11.70907686,-2.939235329144797,21.270963175213648,44.0,5.3530216150186,111.0,3.416223784525623,56.0,1.7977694526968397,59.0
종로구,숭인동,와이키키,1,저위험군,37.57145727,127.0214405,201894.0758,452435.2183,20.99536939,-2.7814516531864406,25.53769237737995,44.0,4.068225848859869,111.0,3.8059381755272033,56.0,2.4904849089758243,59.0
종로구,숭인동,아라호텔,1,저위험군,37.57099939,127.0191614,201692.7462,452384.3555,36.52327095,2.0489557533196106,25.494819794803252,44.0,4.060677653954196,111.0,3.835091526104818,56.0,2.3889129757573064,59.0
종로구,효제동,오요호스텔 동대문1,1,저위험군,37.56894927,127.0027517,200243.0982,452156.647,35.80277165,0.7415024961908685,26.659245750967543,44.0,4.942595718734905,111.0,1.7732578146676068,56.0,0.2671972372894166,59.0
종로구,창신동,Han stay,1,저위험군,37.56784218,127.0124682,201101.5088,452033.8424,17.33658883,-8.805339532977023,24.280764293713453,44.0,4.1250648900952225,111.0,1.7042487682368839,56.0,1.6506130233838625,59.0
중구,(장충동,웰빙텔,1,저위험군,37.55843966,127.0040854,200360.9716,450990.2082,26.57386875,5.556566684806569,25.136367274547364,44.0,5.677779322398855,111.0,3.0408384076904746,56.0,0.8739230903948728,59.0
중구,을지로5가,(주)동대문레지던스 웨스턴코업,1,저위험군,37.56377738,127.0025446,200224.815,451582.6273,16.74437072,-0.5780971670388695,23.10307227690676,44.0,5.556179551560531,111.0,2.8568287494936655,56.0,0.5063936042288846,59.0
중구,신당동,8모텔,1,저위험군,37.5610921,127.0136239,201203.7155,451284.677,23.49177552,2.80305911374084,22.64254863606414,44.0,5.480857678092992,111.0,2.1172476311884108,56.0,0.8168727663519688,59.0
중구,(장충동,봉우물산(주)써미트호텔,1,저위험군,37.5594974,127.0060987,200538.8503,451107.6144,24.61641575,1.6368340357230906,24.754042937253878,44.0,5.694068225540666,111.0,3.133639907084901,56.0,0.8341897685293233,59.0
중구,(장충동,케이게스트하우스 동대문 프리미엄점2,1,저위험군,37.56070031,127.0057753,200510.2733,451241.1214,37.3479289,1.244773807666661,24.702066612526373,44.0,5.62701593421669,111.0,3.1453353449742285,56.0,0.7859386828099536,59.0
중구,명동,지요크 명동,1,저위험군,37.56079146,126.9848381,198660.3855,451251.3304,14.36334194,-3.8726627105230715,23.383360284037394,44.0,6.291920571814294,111.0,4.336991407218569,56.0,2.187627923822116,59.0
중구,명동,칼리스타,1,저위험군,37.56196056,126.9830807,198505.1405,451381.1131,21.75860098,-3.7122031646954845,23.83610731152761,44.0,6.330628919163214,111.0,3.942055542165588,56.0,1.7174222766286602,59.0
중구,태평로1가,유에이치스위트 센트럴 서울,1,저위험군,37.56450897,126.9775004,198012.1783,451664.0601,17.83334135,-4.19127595102535,25.4685639581279,44.0,5.787253903232913,111.0,3.795828590917061,56.0,1.1627452818879556,59.0
중구,충무로4가,하우하우스(How House),1,저위험군,37.55948054,126.9946966,199531.4159,451105.7389,27.03755835,0.11394164520451966,24.54271003633988,44.0,6.32715616929654,111.0,2.025202059910913,56.0,-1.5721205272110763,59.0
중구,순화동,라마다 호텔&스위트 서울남대문,1,저위험군,37.55742715,126.9712781,197462.1986,450878.2115,25.21365402,7.404925781871022,24.473212970141006,44.0,5.303926332683881,111.0,2.4824207180799043,56.0,1.2432902780710102,59.0
중구,명동,소테츠 프레사인 서울 명동,1,저위험군,37.56092608,126.9842292,198606.5947,451266.2804,22.25125029,3.6705153309886285,23.513220223264142,44.0,6.318689115949741,111.0,4.14541130192005,56.0,2.01655635938113,59.0
중구,(장충동,동림여관,1,저위험군,37.55859878,127.0038475,200339.9491,451007.8677,26.83168419,5.616695715070268,25.130708397289606,44.0,5.675146385690693,111.0,3.0376624845080853,56.0,0.8769254360708325,59.0
중구,(필동,빌리브 인더시티 남산,1,저위험군,37.55875759,126.9920535,199297.8764,451025.5165,18.06731881,0.22317662395672144,23.84017052158476,44.0,6.40765941030375,111.0,1.6905132905769653,56.0,-1.268765443137308,59.0
중구,명동,무무네 스테이(MUMUNE STAY),1,저위험군,37.55992254,126.981668,198380.2837,451154.9404,12.04523986,-7.390092324490736,24.04816590847774,44.0,5.835752464773082,111.0,3.437371218714093,56.0,1.5470282290853368,59.0
중구,명동,(주)라인호텔명동,1,저위험군,37.56259453,126.9829506,198493.6595,451451.4784,18.91760295,-3.9216466518952657,23.871510280541926,44.0,6.080440938565628,111.0,3.940673064971098,56.0,1.6517117971807607,59.0
중구,(회현동,보코 언 아이에이치지 호텔,1,저위험군,37.5557044,126.9778591,198043.6355,450686.8494,23.5381471,-1.1729631843551687,25.831696357044144,44.0,5.267721087592932,111.0,1.1225173486372702,56.0,2.4841598402575125,59.0
중구,명동,HOTEL DRIP&DROP,1,저위험군,37.56290669,126.9829366,198492.4306,451486.1247,17.68387672,-4.937245175718839,23.851130780940014,44.0,5.939542572839743,111.0,3.9516765891154826,56.0,1.6353359047139124,59.0
중구,명동,에잇레스트 호스텔 명동,1,저위험군,37.56065304,126.9849517,198670.4218,451235.9658,16.98168538,-2.5217452242613234,23.34935466508133,44.0,6.248555882668631,111.0,4.417297542311827,56.0,2.2550746630206495,59.0
중구,오장동,글로리인(Glory inn),1,저위험군,37.56224265,127.001297,200114.589,451412.2881,22.65125809,-2.3292019258512866,23.491658936908216,44.0,5.659978549908466,111.0,2.9734201453078453,56.0,0.8381900034627968,59.0
중구,을지로3가,라움 레지던스,1,저위험군,37.56397563,126.9893042,199055.0293,451604.6814,27.10213641,6.111884899351164,22.060288502784008,44.0,5.710620805084135,111.0,3.8530253668707877,56.0,1.700372798895009,59.0
중구,명동,유에이치스위트 더명동3,1,저위험군,37.55922076,126.9871775,198867.0599,451076.9705,19.86367205,1.0062237150455466,22.208392636113214,44.0,6.036626032184545,111.0,3.782223345946559,56.0,1.59764180172473,59.0
중구,태평로2가,유에이치스위트 서울덕수궁,1,저위험군,37.56051208,126.9762082,197897.9002,451220.4805,21.02905628,3.4692315872886326,22.848385341658087,44.0,6.255900853225227,111.0,3.4679976960165373,56.0,1.8452461255203247,59.0
중구,충무로5가,구도 레지던스 충무로,1,저위험군,37.56105877,127.000605,200053.4529,451280.8907,22.25356811,-2.7487720491237795,24.141325398395615,44.0,5.700123994498918,111.0,2.8974186247892075,56.0,0.8509612820836501,59.0
중구,북창동,예신라,1,저위험군,37.55888808,126.9768577,197955.2364,451040.2214,14.18441414,-4.966469280847226,23.133835515076896,44.0,5.990390040072439,111.0,2.6812478016524093,56.0,2.4097784780660216,59.0
중구,충무로2가,에스엘호텔,1,저위험군,37.55947776,126.9889533,199023.9677,451105.4745,16.71530968,-1.805401625997252,22.94413214542417,44.0,6.310130920812858,111.0,2.192449814280124,56.0,0.4007578986551659,59.0
중구,충무로3가,호텔 꼬모쉐 명동,1,저위험군,37.56000992,126.9910453,199208.8143,451164.5183,25.61584971,5.56854154554296,23.577793012339207,44.0,6.452383876277278,111.0,1.8272124500234093,56.0,-0.5561074589036711,59.0
중구,북창동,르서울호텔,1,저위험군,37.56068492,126.9769684,197965.0734,451239.6469,12.68960383,-2.5671090389275815,22.989463797531776,44.0,6.376480748172109,111.0,3.561667649110478,56.0,1.7976377429294574,59.0
중구,오장동,제이디타워 레지던스,1,저위험군,37.56260302,127.0012691,200112.127,451452.2848,15.0994362,-2.788898722985344,23.327572655311624,44.0,5.654366656073849,111.0,2.948911254246056,56.0,0.8341308358971384,59.0
중구,(인현동,호스텔 케이팝,1,저위험군,37.56169553,126.9931658,199396.183,451351.5853,16.86501337,-6.337198339665157,24.036389431763116,44.0,6.343354466777334,111.0,1.736976368671551,56.0,-1.3038908503462852,59.0
중구,태평로2가,유에이치스위트 서울스퀘어,1,저위험군,37.56031367,126.9764151,197916.1733,451198.4547,27.09831392,-2.112068514172762,22.811977753774904,44.0,6.256535513764518,111.0,3.4135510027301486,56.0,1.9158436598834434,59.0
중구,중림동,랑 호텔(RANG Hotel),1,저위험군,37.55536217,126.9683113,197199.9836,450649.1075,32.60807343,-1.1899017461965542,24.754226501306178,44.0,5.107938118735952,111.0,1.9661000437743497,56.0,-0.05430520517622439,59.0
중구,오장동,더바오컴퍼니,1,저위험군,37.5620177,127.0013564,200119.8392,451387.3213,28.69552585,0.3130600469167213,23.67274265406446,44.0,5.663861406473544,111.0,2.983417204000498,56.0,0.8298924309068364,59.0
중구,충무로3가,가가하우스 을지로,1,저위험군,37.5601926,126.9914579,199245.2651,451184.7902,36.53126237,0.9790928438089139,23.685927308474287,44.0,6.478844258284676,111.0,1.771342897362162,56.0,-0.7535876193045901,59.0
중구,황학동,빅 스테이,1,저위험군,37.56760688,127.0195623,201728.2425,452007.8337,14.68928805,-7.966680319535035,25.392165788789505,44.0,4.197805874024903,111.0,2.0163007397108497,56.0,2.240527438669508,59.0
중구,북창동,스테이모먼트,1,저위험군,37.5596575,126.9764613,197920.2371,451125.6266,27.51246355,3.0788613921178687,23.022900189964354,44.0,6.109871224316615,111.0,3.1244408975768128,56.0,2.200548619238355,59.0
중구,다동,요기는 호텔,1,저위험군,37.5640592,126.9812369,198342.2794,451614.0684,26.51064355,-1.0929276989382366,24.38377689366787,44.0,5.461980400709033,111.0,3.775698694157765,56.0,1.312022009242663,59.0
중구,충무로3가,명동 K STAY 블루보트,1,저위험군,37.56034502,126.989833,199101.7051,451201.7213,29.93375085,3.9363315568139257,23.224514364027357,44.0,6.48910837405889,111.0,2.1251532230833305,56.0,0.17512812453783705,59.0
중구,을지로6가,허브모텔,1,저위험군,37.56400886,127.0055099,200486.7965,451608.33,19.65168373,0.7258030243395304,23.532543601262304,44.0,5.356816867211382,111.0,3.05524114329911,56.0,0.16439818010792917,59.0
중구,(광희동,화신여관,1,저위험군,37.56258859,127.0026857,200237.285,451450.6859,31.75290695,0.35018530201306675,23.632574581009813,44.0,5.605900161201921,111.0,2.994898873438717,56.0,0.7066337924803405,59.0
중구,신당동,세포장모텔,1,저위험군,37.54686459,127.0069701,200615.9461,449705.529,21.2665356,-1.720226802225362,26.228434557044924,44.0,5.614640672988263,111.0,3.0491666742143133,56.0,1.7045911686650483,59.0
중구,중림동,대영장여관,1,저위험군,37.55445273,126.9672114,197102.7611,450548.2038,18.89849828,-4.052740138802754,24.564304934883737,44.0,5.048344670492392,111.0,1.7923852316042759,56.0,-0.6416803150838403,59.0
중구,(회현동,호텔 경동,1,저위험군,37.55443196,126.9809373,198315.5949,450545.5641,20.96058342,0.037684997242273255,25.87901196405967,44.0,5.1280946141118555,111.0,0.8961724231405677,56.0,2.369294730183861,59.0
중구,순화동,프레이저 플레이스 센트럴 서울,1,저위험군,37.55986298,126.9690892,197268.8858,451148.6211,31.57007906,2.867111650004837,24.339248108626286,44.0,5.275685504596341,111.0,3.1487375584651254,56.0,1.1293747758435897,59.0
중구,남대문로4가,프레이저플레이스남대문서울(Fraser Place Namdaemun-Seoul),1,저위험군,37.55862664,126.9756413,197847.7545,451011.2318,26.11530651,2.859353781005609,23.503018985397382,44.0,5.948569996239784,111.0,2.4489199628166434,56.0,2.3103944923901127,59.0
중구,다동,스몰 하우스 빅도어,1,저위험군,37.56419873,126.9811758,198336.8888,451629.5557,32.53907464,4.806738111894337,24.426588829813916,44.0,5.407430039938255,111.0,3.779112232808671,56.0,1.2826359522981476,59.0
중구,북창동,24게스트하우스 명동에비뉴,1,저위험군,37.55861319,126.9769228,197960.988,451009.7104,20.20716746,-2.418462372579363,23.19654992462124,44.0,5.92821640244769,111.0,2.4822485215943346,56.0,2.490065515770003,59.0
중구,(회현동,힐하우스 호텔,1,저위험군,37.55405845,126.9811766,198336.7332,450504.1047,26.18860999,3.8092605152702745,25.748377430229127,44.0,5.103443997300252,111.0,0.934181314974206,56.0,2.3550876412607575,59.0
영등포구,(당산동,포켓서울 문래점,1,저위험군,37.51813948,126.8997971,191141.6541,446522.0912,23.98483588,2.3631033793962644,20.954746495239412,44.0,5.252769704521448,111.0,3.765513962857804,56.0,0.8952857222798709,59.0
중구,(남산동,우주 남산점,1,저위험군,37.55587082,126.9839836,198584.7968,450705.2102,26.72210081,2.183050008758208,22.90773514951348,44.0,5.229011099805563,111.0,-0.7135908735533082,56.0,2.1077646221525255,59.0
중구,(회현동,대영호텔,1,저위험군,37.55561992,126.9795108,198189.5763,450677.44,28.37012142,1.1814168354116283,26.115247827732773,44.0,5.236699930501873,111.0,1.1377653513970105,56.0,2.5156208095398966,59.0
중구,(남산동,오요5롯지A(oYo5LodgeA),1,저위험군,37.55634977,126.9841795,198602.119,450758.365,33.74993089,-0.6287046773732641,22.874950352698974,44.0,5.262587645780998,111.0,-0.4269104317977449,56.0,2.059311163345511,59.0
중구,(저동,이화호텔,1,저위험군,37.56100128,126.9869874,198850.2918,451274.5894,24.22852529,3.0457488597612965,22.976823101464756,44.0,6.624614992699568,111.0,4.2296321005549,56.0,2.2061379108509307,59.0
중구,(남산동,호텔 마흐리트,1,저위험군,37.55766837,126.9864202,198800.1269,450904.683,18.60251874,-2.5935727319122606,21.72150776956115,44.0,5.6009529357139645,111.0,1.9491414475302096,56.0,1.5935655868620353,59.0
중구,중림동,WO모텔 충정로,1,저위험군,37.55465607,126.9670047,197084.5065,450570.7786,24.94524697,2.0587948008032306,24.574511572540665,44.0,5.053960119220071,111.0,1.883666810358268,56.0,-0.5644340655254904,59.0
중구,을지로4가,국도관광개발 주식회사 호텔국도,1,저위험군,37.56342608,126.995507,199603.0408,451543.6435,22.71431679,1.5741489291957258,22.901628150626163,44.0,6.190063525273116,111.0,2.0250699128555825,56.0,0.092219051992735,59.0
중구,흥인동,레인보우호텔,1,저위험군,37.56318521,127.0151159,201335.5066,451517.0077,31.31350716,1.2003571554396046,22.95245772451958,44.0,4.823786465055088,111.0,1.413682882512414,56.0,1.3446604609956605,59.0
중구,(장충동,파이프 호스텔,1,저위험군,37.55841902,127.0048897,200432.0333,450987.9208,33.72672717,2.3220586534264207,25.049052283137886,44.0,5.690638431391278,111.0,3.0780103172571756,56.0,0.8682111498501379,59.0
중구,(회현동,뉴코리아호텔,1,저위험군,37.5553878,126.9789975,198144.2146,450651.6875,24.52262535,2.740131650395842,26.19489668519785,44.0,5.216166024745548,111.0,1.3224468780732317,56.0,2.5037695875549515,59.0
중구,(회현동,서울씨티호텔(SEOUL CITY HOTEL),1,저위험군,37.55549628,126.9801253,198243.8758,450663.7058,39.43811091,0.6769859231252795,26.030004724111407,44.0,5.208275708077528,111.0,0.8731368490594709,56.0,2.4633102339583637,59.0
중구,(회현동,뉴오리엔탈호텔,1,저위험군,37.55758838,126.9829243,198491.2349,450895.8554,26.63721237,1.5554206240549604,23.71154952255415,44.0,5.363876942519752,111.0,0.6429694999888531,56.0,2.011466780689023,59.0
중구,(회현동,HOTEL PARK HILL,1,저위험군,37.55502777,126.9809653,198318.0815,450611.6914,30.73726858,3.3652879043399437,25.694093804079994,44.0,5.162594182469731,111.0,0.5689445597592373,56.0,2.4013481599210573,59.0
중구,남대문로5가,안전장,1,저위험군,37.55569993,126.973826,197687.2691,450686.4449,26.05654034,2.9205636465299882,25.33715734026313,44.0,5.229280332574907,111.0,0.10140389439448227,56.0,1.4859620278199879,59.0
중구,초동,나인트리 바이 파르나스 서울 명동 Ⅱ,1,저위험군,37.5615963,126.9901367,199128.5529,451340.5958,19.01522984,-0.17509369655595108,23.285857083816285,44.0,6.393052028775061,111.0,2.1229471934814463,56.0,0.24470515313491237,59.0
중구,서소문동,ENA 스위트 호텔,1,저위험군,37.55956061,126.9731035,197623.558,451114.9525,11.80515737,-6.443417454272819,23.777010428854602,44.0,5.682071206479488,111.0,3.1562952775469895,56.0,1.6834645048947232,59.0
중구,장교동,(주)호텔롯데 롯데시티호텔명동,1,저위험군,37.56418691,126.9872883,198876.9251,451628.1532,15.84516789,1.1412814167252332,22.467433497753525,44.0,5.611601090172601,111.0,4.263399503161324,56.0,2.7045422275188926,59.0
중구,남대문로5가,르코지,1,저위험군,37.55578736,126.9736727,197673.7263,450696.1523,21.3269863,0.858868944293711,25.243306942338133,44.0,5.235081719052471,111.0,0.36009818768393087,56.0,1.465976073761317,59.0
중구,(광희동,필스테이 동대문이코노미,1,저위험군,37.563312,127.0030718,200271.3984,451530.9769,16.39230409,-2.601314217452053,23.377460590363107,44.0,5.572234852933338,111.0,2.920254208202535,56.0,0.5662762858291112,59.0
중구,무학동,에이(A)모텔,1,저위험군,37.5612303,127.0144147,201273.5838,451300.026,16.33665309,-3.7927014374076187,22.629697374570128,44.0,5.436755798243796,111.0,1.9423405250966599,56.0,0.897418559400468,59.0
중구,명동,명동K-stay 게스트하우스,1,저위험군,37.55926806,126.9876751,198911.029,451082.2143,18.43571655,-0.4164450918244924,22.470091682358984,44.0,6.1043380834050565,111.0,3.2800375752379822,56.0,1.2718730706124095,59.0
중구,(장충동,조이 게스트하우스,1,저위험군,37.55896433,127.0046902,200414.4049,451048.4428,29.54641678,6.21591925763807,24.96721996749955,44.0,5.685648863645492,111.0,3.0902003172689056,56.0,0.8642251252876236,59.0
중구,을지로5가,뉴천지호텔,1,저위험군,37.56313439,127.0025578,200225.9832,451511.263,32.25720169,1.1613504508584995,23.252399453887307,44.0,5.591817334390839,111.0,2.932500592369891,56.0,0.6473122838631982,59.0
중구,(인현동,호텔 피제이 명동,1,저위험군,37.56206173,126.9949125,199550.5064,451392.2194,21.96252345,2.6617547058678426,23.92851915298973,44.0,6.366092366301475,111.0,1.8913683089847892,56.0,-1.4008430146548134,59.0
중구,(장충동,더 스테이(THE STAY),1,저위험군,37.5588474,127.0049281,200435.4237,451035.4661,30.78820069,-3.958240098721941,24.994767045196454,44.0,5.687628829653476,111.0,3.096303329652394,56.0,0.8691162928035079,59.0
중구,(장충동,아르뎁(arrdep),1,저위험군,37.55893603,127.0043918,200388.0397,451045.3006,37.50835106,2.327407006099655,25.038496957620207,44.0,5.6838322083012125,111.0,3.07479111302723,56.0,0.8646661939799296,59.0
중구,충무로4가,스테이락 호텔,1,저위험군,37.55917934,126.994239,199490.9824,451072.3117,24.70472092,-0.023443937925559766,24.462518349678405,44.0,6.383981258152318,111.0,1.9845104139952388,56.0,-1.5922717444087024,59.0
중구,을지로6가,호텔 DDK,1,저위험군,37.56419834,127.0057101,200504.4846,451629.3612,12.29656057,-4.660199540801084,23.592314212901606,44.0,5.304718901431608,111.0,3.0993628176077124,56.0,0.08527221779860839,59.0
중구,오장동,글로리 인(Glory Inn),1,저위험군,37.56233361,127.0012908,200114.0473,451422.3835,28.22478216,0.5218930076759065,23.424968257114664,44.0,5.660929768070096,111.0,2.9707413963192617,56.0,0.8370682681833941,59.0
중구,신당동,대천여관,1,저위험군,37.55695173,127.0117467,201037.9195,450825.1226,25.54960259,3.3732338920514735,23.779796141613566,44.0,5.896006040113598,111.0,2.855506820473398,56.0,0.8367563647022633,59.0
중구,을지로6가,호텔 밀리오레,1,저위험군,37.56557232,127.0075223,200664.5833,451781.8681,17.87224222,-5.2512103308893785,25.04758613596207,44.0,4.923444820708626,111.0,2.080211035489775,56.0,0.7364596363539486,59.0
중구,북창동,스타힐스호텔,1,저위험군,37.55874491,126.9769095,197959.8103,451024.3301,21.05480436,1.1992676990932694,23.145516253750667,44.0,5.951508953237712,111.0,2.5846242237311676,56.0,2.480188113013142,59.0
중구,(회현동,신세계,1,저위험군,37.55494665,126.9815004,198365.3667,450602.6786,20.26336869,-3.7721236041924335,25.11525916353394,44.0,5.173790863627459,111.0,0.0036512431358322883,56.0,2.3526396160962983,59.0
중구,(회현동,남산힐호텔,1,저위험군,37.55382358,126.9816432,198377.9576,450478.0288,24.77039052,3.23389666097534,25.46449354016361,44.0,5.098860614870839,111.0,0.7407179117923929,56.0,2.341648745925517,59.0
중구,충무로3가,레인보우호텔(Rainbow Hotel),1,저위험군,37.55975714,126.9913741,199237.8592,451136.46,23.86744223,3.4712776510877887,23.67871310023381,44.0,6.441649490318079,111.0,1.7811551873907603,56.0,-0.7259915949627129,59.0
중구,중림동,우리텔,1,저위험군,37.55608254,126.9680154,197173.8597,450729.0689,27.4692115,4.161252397494383,24.717984625867942,44.0,5.138071734944717,111.0,2.2330503311298586,56.0,0.29166800648287994,59.0
중구,(남산동,서울뷰,1,저위험군,37.55707965,126.9851856,198691.0297,450839.3585,22.52779148,2.1731145032949435,22.39016337866325,44.0,5.406122768246312,111.0,0.5359713026215709,56.0,1.9353097881341579,59.0
중구,중림동,해성장여관,1,저위험군,37.55548515,126.9681619,197186.7898,450662.7613,25.49709571,2.3232647580037487,24.74214799576825,44.0,5.110027791377257,111.0,2.027309279341017,56.0,0.004716972203499481,59.0
용산구,이태원동,스테이 패스포트 이태원 호텔 앤 스파,1,저위험군,37.53200884,126.9906821,199176.4124,448056.7402,44.01016169,5.952862461411819,26.706665477719188,44.0,5.009558665978864,111.0,2.3949070283702074,56.0,1.081047001116435,59.0
용산구,관철동,스카이호텔,1,저위험군,37.52128153,126.9613988,196587.6406,446866.8018,24.6571815,2.0221843424456694,25.124585322116427,44.0,3.110774034804741,111.0,1.8140342321846614,56.0,-1.0908018363532106,59.0
용산구,동자동,(주)조선호텔앤리조트포포인츠조선서울역,1,저위험군,37.54811198,126.971997,197525.4075,449844.3199,13.13131118,-3.918191780984767,22.15268641664126,44.0,4.766908256264877,111.0,1.392051627443367,56.0,-0.8011098004085587,59.0
용산구,한강로2가,노블호텔,1,저위험군,37.52804337,126.9666585,197052.8633,447617.1038,22.2773114,-6.038595815725557,24.652766997101416,44.0,3.1795541074211124,111.0,1.8223896955362813,56.0,-0.8979587492860358,59.0
용산구,원효로2가,원효,1,저위험군,37.53343113,126.9611322,196564.6268,448215.266,32.29964006,8.637351316725471,24.68374888827211,44.0,3.667981393494451,111.0,1.9295372213531339,56.0,0.5504680937227734,59.0
용산구,남영동,달고나모텔,1,저위험군,37.54187455,126.9726897,197586.422,449152.0227,33.36703208,2.1232483210178934,22.96007714903006,44.0,4.513893001104984,111.0,1.542122432314364,56.0,-0.5424079561996201,59.0
용산구,이촌동,스카이스위트,1,저위험군,37.51842522,126.9593935,196410.2337,446549.862,21.76841337,-0.21530238286063152,25.249507355002258,44.0,3.1047636158155347,111.0,1.8536738610785222,56.0,-1.0239344299740438,59.0
용산구,남영동,부킹용산닷컴1(Booking Yongsan.com1),1,저위험군,37.54125605,126.9726225,197580.4605,449083.3785,24.17532137,-5.5856315929476885,23.03684566404343,44.0,4.480822904889171,111.0,1.5257694255563603,56.0,-0.5209748628233697,59.0
용산구,갈월동,코스테이,1,저위험군,37.54337721,126.9717258,197501.2856,449318.8249,36.67548423,6.839621412806686,22.86757386089102,44.0,4.5511665840568245,111.0,1.6012718625183808,56.0,-0.5635407128363273,59.0
용산구,한강로3가,WO모텔 용산역,1,저위험군,37.52142243,126.961568,196602.6008,446882.4338,24.48002879,1.8397472656214688,25.119913177627332,44.0,3.107038760176702,111.0,1.8138070734963614,56.0,-1.1035539289602319,59.0
용산구,보광동,통일여관,1,저위험군,37.52380562,127.0013182,200116.5236,447146.2449,34.90880885,3.0115498852719362,25.29777741768977,44.0,4.741738070647429,111.0,2.1234756416475573,56.0,1.0142796279978092,59.0
용산구,원효로3가,플라워하우스(Flower house),1,저위험군,37.53199358,126.9571601,196213.4796,448055.8681,26.53614113,-3.164774101223074,24.474616299300607,44.0,3.6475660085271477,111.0,2.1738704623630025,56.0,0.47338129454633465,59.0
용산구,동빙고동,치커리(chicory),1,저위험군,37.51836719,126.9952549,199580.5161,446542.6572,20.64625172,2.1564367254240473,23.930485642407703,44.0,4.586268849276721,111.0,2.4424687539031202,56.0,0.9332336819352036,59.0
용산구,한강로3가,애플여관,1,저위험군,37.52136614,126.9614742,196594.3055,446876.1897,32.71693082,3.836606516737927,25.12183176329252,44.0,3.1094034055203346,111.0,1.8140224690084126,56.0,-1.0944949311460659,59.0
용산구,갈월동,호텔 더 디자이너스,1,저위험군,37.5428,126.970798,197419.2712,449254.7867,18.2793578,0.8313109887087258,23.032178076545954,44.0,4.493646984802752,111.0,1.638541556440277,56.0,-0.5398378309092295,59.0
용산구,갈월동,레인보우호텔(용산),1,저위험군,37.53867965,126.9713163,197464.9426,448797.4639,22.53113283,1.5739392075929146,23.44768684426491,44.0,4.243609895352956,111.0,1.5776864177352419,56.0,-0.44560884784944566,59.0
용산구,(청파동,진양모텔,1,저위험군,37.54408752,126.9628267,196714.8662,449397.9344,30.7001341,7.0743581153363095,24.100193420344734,44.0,4.238789285178238,111.0,2.1561621228149095,56.0,-0.19563888743915844,59.0
용산구,원효로3가,평안,1,저위험군,37.53278784,126.9591492,196389.3263,448143.943,30.80674727,0.15435113768784348,24.580908492859997,44.0,3.656874028362713,111.0,2.0836737994718053,56.0,0.5354643722018959,59.0
용산구,이촌동,문화,1,저위험군,37.52717601,126.9533485,195876.3158,447521.3379,25.44145967,4.683199716259558,24.675530842842228,44.0,3.5469500435518277,111.0,2.1019011633353255,56.0,-0.06796285630327858,59.0
용산구,한강로3가,메이호텔(MAY HOTEL),1,저위험군,37.52134758,126.9636113,196783.231,446874.0546,29.69546535,4.0595413294387335,25.134784019469937,44.0,3.0267778171033197,111.0,1.7451310572651888,56.0,-1.3608809023149226,59.0
용산구,남영동,뉴월드,1,저위험군,37.54153717,126.9727286,197589.8543,449114.5767,16.56069097,-3.4018075422217358,22.991345708589442,44.0,4.498749275726771,111.0,1.5303207850647498,56.0,-0.5270591288830582,59.0
용산구,남영동,스프링라이트 모텔(SPRING LIGHT MOTEL),1,저위험군,37.53985478,126.9730037,197614.1122,448927.8449,32.55426766,2.6017233229649186,23.166376721326046,44.0,4.429951968832919,111.0,1.5216295784676401,56.0,-0.5092280042971766,59.0
성동구,성동,서울숲 스테이,1,저위험군,37.54456913,127.0440244,203890.5614,449451.6487,31.62660721,2.497968223148593,27.55253662114229,44.0,4.213810922494363,111.0,2.4699207972586583,56.0,2.0277828628622583,59.0
성동구,송정동,호텔드가자,1,저위험군,37.54857989,127.0680791,206016.0211,449898.0619,22.05005644,2.7789641541319554,22.724892354681657,44.0,3.779107793693053,111.0,1.5088971684666146,56.0,1.604234367211787,59.0
성동구,송정동,쁠랑호텔,1,저위험군,37.54875799,127.0680478,206013.2461,449917.8269,23.52945771,3.4070168992321186,22.71511578512296,44.0,3.783059776446929,111.0,1.5186487782990037,56.0,1.603325169756049,59.0
성동구,도선동,세성여관,1,저위험군,37.56134209,127.03495,203087.9359,451312.9099,29.99494356,-3.9270253426925983,24.263374178630368,44.0,4.691095600507336,111.0,1.9896465390168163,56.0,2.7727724548813626,59.0
성동구,송정동,라스테이,1,저위험군,37.54597257,127.0658114,205815.8294,449608.5382,29.41638984,0.2565193677823103,23.083991042791503,44.0,3.7849138228886243,111.0,1.470031930522465,56.0,1.6241111613207118,59.0
성동구,도선동,미르,1,저위험군,37.56148846,127.034877,203081.4818,451329.1528,18.88068369,-3.5058168075024234,24.266068337624713,44.0,4.688569231875428,111.0,1.9862423263556805,56.0,2.7759154085524806,59.0
성동구,성동,파루스셀라 성수,1,저위험군,37.54588143,127.0522895,204620.8945,449597.6722,37.58226959,-1.1297661240289827,26.082114319376892,44.0,4.0134604171587345,111.0,2.119055452474605,56.0,1.8364951907986353,59.0
성동구,성동,리버 STAY,1,저위험군,37.53191832,127.055507,204906.1387,448048.1006,32.25518014,4.929842101773708,23.553051606043443,44.0,3.6095454962500355,111.0,0.901477521633327,56.0,1.5084109061640107,59.0
성동구,성동,팰리스모텔,1,저위험군,37.53345205,127.0594271,205252.5202,448218.5374,22.30476958,2.845610177850922,22.88154050388129,44.0,3.5624429644386155,111.0,0.9546078323456866,56.0,1.5240251745763789,59.0
성동구,도선동,더 스테이 모텔,1,저위험군,37.55997834,127.0341467,203017.0177,451161.5236,20.29537855,2.6933139987350643,24.20692793846597,44.0,4.742432326497692,111.0,1.885718493473615,56.0,2.78673002304181,59.0
성동구,송정동,성수스테이,1,저위험군,37.54585354,127.0655097,205789.1779,449595.3086,26.6623094,-4.064717584130339,23.121161044298255,44.0,3.786786241022034,111.0,1.4730492296536268,56.0,1.626956181390714,59.0
마포구,노고산동,지 스테이(G Stay),1,저위험군,37.5503579,126.9352522,194278.493,450095.1917,20.11210291,-3.0322945637682253,22.611890970971398,44.0,4.530730564467449,111.0,1.7795880907302453,56.0,1.24208329051441,59.0
마포구,합정동,써클호텔,1,저위험군,37.54610662,126.9099711,192044.052,449625.1897,22.64169702,0.9058708515107874,26.56891239162791,44.0,4.994830766968459,111.0,3.7683161759926387,56.0,1.9294223543415716,59.0
마포구,노고산동,루디(Ludi),1,저위험군,37.55037268,126.9356007,194309.2906,450096.811,26.07493851,3.3553860053737665,22.628789151399484,44.0,4.533462592742524,111.0,1.7792842770385868,56.0,1.2657398269305966,59.0
마포구,합정동,준희빈,1,저위험군,37.54537042,126.9101307,192058.0788,449543.4669,27.46659594,2.0953434277640532,26.77671065903939,44.0,4.942286392220154,111.0,3.5635767077942466,56.0,2.053227889456055,59.0
마포구,공덕동,쉼’스테이,1,저위험군,37.54573449,126.9562332,196132.2646,449580.9789,16.74587759,-4.744312623013588,23.999044778070044,44.0,4.2108703324088665,111.0,2.6831577140322076,56.0,0.32851876743515745,59.0
마포구,합정동,남경호텔,1,저위험군,37.54628443,126.9096536,192016.0158,449644.9514,22.71443534,0.9671926688270602,26.592449312816214,44.0,5.022351255248234,111.0,3.82794899490336,56.0,1.8555659722811981,59.0
마포구,공덕동,(주)호텔롯데롯데시티호텔마포,1,저위험군,37.54218159,126.9498095,195564.3759,449186.9337,15.46468921,-1.5662572881982229,23.92139902679261,44.0,4.146660214595373,111.0,2.8149130586067255,56.0,0.6025862537996383,59.0
마포구,도화동,마포레지던스,1,저위험군,37.5346475,126.9457632,195206.3062,448350.9404,29.86982611,6.661940228634528,24.383350053986305,44.0,3.9011512040635528,111.0,2.534177315772251,56.0,0.9831599808397926,59.0
마포구,공덕동,록수,1,저위험군,37.54439084,126.9539806,195933.1251,449431.9451,26.63355764,-3.7658120701563114,23.956170675366728,44.0,4.160106379430928,111.0,2.742107463442148,56.0,0.5686771589663198,59.0
마포구,노고산동,한도여관,1,저위험군,37.55071831,126.9342075,194186.2094,450135.257,24.91917219,0.9602841733241831,22.587173528325334,44.0,4.508044599281565,111.0,1.8344277440944214,56.0,1.1242561417689454,59.0
마포구,합정동,남경장호텔,1,저위험군,37.54604022,126.9093585,191989.9044,449617.8722,25.48019969,3.5971679278266784,26.68453899171162,44.0,5.024032939747331,111.0,3.798883472504366,56.0,1.850044580422628,59.0
마포구,서교동,동경모텔,1,저위험군,37.55064465,126.9201933,192947.8281,450128.0406,37.58180619,4.327615024155769,22.250061271355023,44.0,4.434350360066944,111.0,4.011299308463361,56.0,1.2118401241557972,59.0
마포구,상수동,에이레이 모텔,1,저위험군,37.54319116,126.9202748,192954.3293,449300.7869,35.48682959,2.1739905575846876,26.682896274869552,44.0,4.599719668532968,111.0,2.8393366895813106,56.0,1.7908125441030027,59.0
마포구,동교동,홀리데이 인 익스프레스 서울 홍대,1,저위험군,37.55677874,126.924009,193285.5493,450808.5721,22.1037906,4.176719350618395,21.722524548684092,44.0,4.651869991731191,111.0,2.5196924446063296,56.0,2.310376566585409,59.0
마포구,노고산동,G-House 신촌01,1,저위험군,37.55042405,126.9354013,194291.6708,450102.5245,19.36818295,-3.5339237554086935,22.623325260689786,44.0,4.5297009539459,111.0,1.7856944475801142,56.0,1.2508167036714193,59.0
마포구,노고산동,G-House 신촌02,1,저위험군,37.55025477,126.9353206,194284.5293,450083.7414,23.87237109,0.7245296893118969,22.607813603322178,44.0,4.533154497055353,111.0,1.7680322709987626,56.0,1.251947873047925,59.0
강서구,화곡동,프롬에이치 어스 호텔 위드 아늑 서울 강서화곡점,1,저위험군,37.52648178,126.8456644,186357.6219,447454.4565,16.53433341,-0.8620828581819282,23.817024933163616,44.0,4.225201896649326,111.0,2.0420618320723922,56.0,0.5734865286035055,59.0
강서구,화곡동,아늑 호텔 앤 스파 서울 까치산,1,저위험군,37.52761144,126.845279,186323.7645,447579.8908,27.15497642,8.014199520695037,23.822834782575043,44.0,4.226279985242607,111.0,2.037528179135811,56.0,0.5590702553245466,59.0
강서구,마곡동,인터시티365호텔,1,저위험군,37.55702444,126.8350396,185424.3946,450845.9175,22.88106281,-0.461632176054632,23.947471110300512,44.0,4.411361808936058,111.0,2.5333556446784717,56.0,0.6043023512272973,59.0
강서구,화곡동,하임 A,1,저위험군,37.52682269,126.8384916,185723.6487,447493.3578,23.78860591,-1.2105301421315886,23.859036383548585,44.0,4.2626559887844575,111.0,1.9239353541248412,56.0,0.44459567273235945,59.0
강서구,화곡동,하임 B,1,저위험군,37.52679585,126.838623,185735.2656,447490.359,23.55661442,-1.3108204552536513,23.858533112874618,44.0,4.261433587663487,111.0,1.926028254732274,56.0,0.44710382709038937,59.0
강서구,내발산동,스테이쉼 발산,1,저위험군,37.55315254,126.8362819,185533.4171,450415.9904,26.02945829,5.9930614548004755,24.186624935184703,44.0,4.39119244471531,111.0,2.53187083605613,56.0,0.6932806876559039,59.0
강서구,화곡동,씨네마,1,저위험군,37.55007567,126.8491545,186670.3274,450072.5914,21.39512871,-6.048240774731735,25.08644088329622,44.0,4.2324842672101095,111.0,2.5503035540733365,56.0,1.3367284375566242,59.0
강서구,화곡동,테르모 호텔,1,저위험군,37.52622853,126.8461776,186402.9425,447426.2746,11.35272795,-6.6893720983626554,23.81372388175116,44.0,4.223386292428768,111.0,2.0516075216354146,56.0,0.5840296165164417,59.0
강서구,공항동,썸모텔,1,저위험군,37.5585145,126.8080801,183042.6402,451015.8189,28.32951136,5.667651588189514,26.47910402161216,44.0,4.506335346604274,111.0,1.724907258266739,56.0,0.08648843212662885,59.0
강서구,화곡동,디오스,1,저위험군,37.52644935,126.8453213,186327.2914,447450.907,18.0930593,-0.12038364469943019,23.81876143568593,44.0,4.226603418996374,111.0,2.0346200263184158,56.0,0.5676314263092901,59.0
강서구,화곡동,러쉬,1,저위험군,37.52610021,126.8466444,186444.1837,447411.9653,18.30119795,-0.219705879955292,23.811110422760983,44.0,4.2217878392539285,111.0,2.059931078320567,56.0,0.5952796333747499,59.0
강서구,방화동,한성여관,1,저위험군,37.55946195,126.8070952,182955.8363,451121.1529,27.47101757,3.3993640674877206,26.51070654049465,44.0,4.5086419176527155,111.0,1.7232108518132603,56.0,0.08552237396315271,59.0
강서구,화곡동,킴스테이9,1,저위험군,37.52942952,126.8597536,187603.5109,447779.6691,25.08714138,-2.400588817271899,23.77054672437768,44.0,4.200362313532068,111.0,2.7110593717666243,56.0,1.104302723074075,59.0
강서구,화곡동,스타모텔,1,저위험군,37.55025321,126.8493128,186684.35,450092.2737,20.73198076,-6.658435840923474,25.092083163543503,44.0,4.229702316696553,111.0,2.549812874236731,56.0,1.338885204650175,59.0
강서구,화곡동,MS호텔,1,저위험군,37.52652784,126.8461964,186404.6569,447459.4916,32.37798284,0.9466661191005734,23.814352689372335,44.0,4.223062508435639,111.0,2.052835532464753,56.0,0.5827882038136306,59.0
강서구,화곡동,리베모텔,1,저위험군,37.52626092,126.8422142,186052.5992,447430.4498,30.85500881,-0.5235082452034518,23.83547495847734,44.0,4.239286840977343,111.0,1.9837563330375,56.0,0.514713766344116,59.0
강서구,방화동,(주)호텔롯데 롯데시티호텔 김포공항,1,저위험군,37.56231091,126.8022095,182524.8237,451438.2514,28.13513597,1.8163488865291768,26.614454193257593,44.0,4.525018565404258,111.0,1.702811805504961,56.0,0.07960181178508612,59.0
강서구,화곡동,드림호텔,1,저위험군,37.55041843,126.8505947,186797.6558,450110.4304,33.15038343,4.2434698516479585,25.19058625013668,44.0,4.208836179644675,111.0,2.532907385614661,56.0,1.395919684835417,59.0
강서구,화곡동,리버풀,1,저위험군,37.5262038,126.8457271,186363.1154,447423.5951,30.59648765,-0.1875619403797124,23.815966873021157,44.0,4.225173577297175,111.0,2.0428444825929475,56.0,0.5761906243747731,59.0
강서구,화곡동,딘(DEAN),1,저위험군,37.5505894,126.8506929,186806.3609,450129.3922,33.77131845,4.377422807654344,25.188867352717242,44.0,4.206899210180996,111.0,2.534837455180739,56.0,1.395645823938835,59.0
강서구,염창동,대림장,1,저위험군,37.54565154,126.875844,189028.1347,449578.1165,23.67136521,-4.015928638723313,24.68658192659523,44.0,4.825814355352017,111.0,2.7551854609598805,56.0,2.285171407724796,59.0
강서구,화곡동,오슬로호텔,1,저위험군,37.52699399,126.8379971,185679.9733,447512.4452,24.14926263,-0.7190779749855771,23.861817175714506,44.0,4.2676772328080785,111.0,1.9147344876888222,56.0,0.43137807704210307,59.0
강서구,화곡동,씨엘호텔(CL HOTEL),1,저위험군,37.52573455,126.8398154,185840.4607,447372.3876,24.34302206,5.541265372894841,23.846945000805288,44.0,4.252276799485211,111.0,1.9478706493935223,56.0,0.4828677047005905,59.0
강서구,화곡동,일쏠레,1,저위험군,37.52590617,126.8397998,185839.1203,447391.4376,24.66964934,5.865572714671707,23.847927639940412,44.0,4.25237956104502,111.0,1.9473848572528767,56.0,0.4818977003853367,59.0
강서구,화곡동,여우잠,1,저위험군,37.52650228,126.8465161,186432.9128,447456.6086,17.90170226,-0.26346103654918807,23.812642014739957,44.0,4.221818242095003,111.0,2.058859995807964,56.0,0.5898874839557069,59.0
강서구,화곡동,N호텔,1,저위험군,37.52623504,126.8463155,186415.1316,447426.9772,11.06177632,-6.83922362761469,23.8130418762885,44.0,4.22285370468622,111.0,2.054189275729238,56.0,0.5864650594900143,59.0
강서구,공항동,서울여관,1,저위험군,37.55784427,126.8085117,183080.6277,450941.3534,39.86880531,7.019605083000052,26.461133204323406,44.0,4.503589180763363,111.0,1.7218473440573059,56.0,0.08546003364616504,59.0
강서구,화곡동,보보모텔,1,저위험군,37.52591513,126.8442326,186230.9539,447391.774,26.42374726,7.400250936184516,23.822986690835872,44.0,4.2312812037993925,111.0,2.013614758115831,56.0,0.5515990412493033,59.0
강서구,마곡동,더퍼스트스테이 호텔,1,저위험군,37.55690548,126.8354242,185458.3593,450832.6548,22.24694437,-0.9765018362999918,23.979964011455397,44.0,4.408449436949024,111.0,2.5564967558040963,56.0,0.6352778550236167,59.0
강서구,마곡동,인터시티 서울호텔,1,저위험군,37.55702444,126.8350396,185424.3946,450845.9175,22.88106281,-0.461632176054632,23.947471110300512,44.0,4.411361808936058,111.0,2.5333556446784717,56.0,0.6043023512272973,59.0
강서구,화곡동,거기모텔,1,저위험군,37.52646425,126.8454931,186342.4768,447452.5358,19.51676748,0.9464756992984711,23.817886401398354,44.0,4.225911292932301,111.0,2.0382899002369164,56.0,0.5705585530529671,59.0
강서구,마곡동,골든호텔,1,저위험군,37.55743549,126.8365089,185554.2996,450891.3124,18.32733057,1.0665275177700941,24.056880644259422,44.0,4.401919883330052,111.0,2.6254051244679713,56.0,0.6873217765649908,59.0
강서구,화곡동,알프스,1,저위험군,37.53946339,126.8402722,185883.4292,448896.0522,28.16595928,1.0885103172797557,24.894205963144085,44.0,4.304432934936466,111.0,1.9596394039177756,56.0,0.23969522340731644,59.0
강서구,화곡동,HOTEL Voll One(호텔 볼 원),1,저위험군,37.52621423,126.8458648,186375.2919,447424.7327,31.98958606,0.6024196911110664,23.815284664346706,44.0,4.224625916430899,111.0,2.0457577385272336,56.0,0.5785551001555937,59.0
강서구,염창동,(주)나이아가라관광호텔,1,저위험군,37.54634585,126.8777893,189200.1477,449654.9513,12.84415556,-3.1569540721283396,24.442606875248437,44.0,4.993344998357891,111.0,2.8346101860295247,56.0,2.151877491718059,59.0
강서구,화곡동,호텔에스,1,저위험군,37.5274941,126.8439038,186202.1778,447567.0683,14.75208778,-4.27459572011162,23.830754545182877,44.0,4.232108931797538,111.0,2.011497657790396,56.0,0.5348926962832438,59.0
강서구,화곡동,뉴테르모 호텔,1,저위험군,37.52608084,126.846272,186411.254,447409.8692,19.43000618,0.4850404453047972,23.812911924710853,44.0,4.223170248331252,111.0,2.052920958506096,56.0,0.5864611571003626,59.0
강서구,화곡동,리치,1,저위험군,37.52695482,126.8405119,185902.2558,447507.7179,25.17871103,-0.16611402632285888,23.84945598225704,44.0,4.2488359194397,111.0,1.956108598333608,56.0,0.48623327634058333,59.0
강서구,화곡동,앨리스 넥스트 도어,1,저위험군,37.52628531,126.8399562,185853.0116,447433.494,17.54428445,-1.303956686367986,23.849049137213456,44.0,4.251775781787731,111.0,1.9489829963402368,56.0,0.4821531174108396,59.0
강서구,화곡동,아리아모텔,1,저위험군,37.52662172,126.8386361,185736.386,447471.0307,23.67440591,-1.3255576445369677,23.857058964587623,44.0,4.260731272617312,111.0,1.9268478624380245,56.0,0.4493317736111484,59.0
강서구,화곡동,호텔초콜렛,1,저위험군,37.52651538,126.8459385,186381.8542,447458.146,20.55375606,1.5937407201312368,23.815668904674645,44.0,4.224080918428923,111.0,2.047964223813561,56.0,0.5781928336567945,59.0
강서구,화곡동,리치모텔,1,저위험군,37.52666668,126.8462648,186410.7309,447474.8912,11.81414899,-6.274155151070904,23.814346146853183,44.0,4.222681258395953,111.0,2.054565801526562,56.0,0.5832904735297132,59.0
강서구,공항동,티파니,1,저위험군,37.55733168,126.8089428,183118.5994,450884.3844,26.10758449,2.9440132924603475,26.444269209987223,44.0,4.502187824002702,111.0,1.7206719708421514,56.0,0.08259134706420572,59.0
강서구,공항동,제일여관,1,저위험군,37.55739897,126.8090956,183132.1165,450891.8254,22.11818773,-0.9005333220612073,26.44120309013756,44.0,4.501983738957672,111.0,1.7234762746459267,56.0,0.08440348479863605,59.0
영등포구,(양평동,스타장,1,저위험군,37.53421449,126.8968762,190885.3968,448306.4966,33.66557221,3.785435732076923,20.76888693674941,44.0,5.892647999276251,111.0,1.9508373417612141,56.0,-0.5686714682310576,59.0
영등포구,(양평동,팔레스,1,저위험군,37.51896298,126.8896168,190241.7838,446614.4966,33.72515379,4.297959465926514,23.18496421507985,44.0,5.236248038590107,111.0,2.739985053740802,56.0,0.3623445034256343,59.0
영등포구,대림동,티파니 모텔,1,저위험군,37.4864738,126.9045947,191562.2241,443007.1676,20.75666813,-5.0066001907402224,23.82609507044839,44.0,4.0578443624010125,111.0,2.482570357046133,56.0,2.355857264171949,59.0
영등포구,(영등포동,그곳에 호텔,1,저위험군,37.51493902,126.9071251,191789.1312,446166.2157,33.58467782,1.738547260707687,24.65705594297117,44.0,5.136075329774145,111.0,4.100797020261883,56.0,0.25552516051226604,59.0
영등포구,대림동,충남여인숙,1,저위험군,37.48734907,126.9056744,191657.8099,443104.2148,25.81151618,0.3164710115847704,23.8576837318936,44.0,4.073217794751927,111.0,2.4674751126347267,56.0,2.358861585263544,59.0
영등포구,신길동,1971 신풍인,1,저위험군,37.49490242,126.9067297,191751.9698,443942.4448,30.24566894,-3.4781600013355813,24.096249041718224,44.0,4.205004273192212,111.0,2.3359504215481435,56.0,2.281522703113394,59.0
영등포구,(영등포동,데쟈트,1,저위험군,37.5150525,126.9067546,191756.3912,446178.843,19.77337579,-0.46881162787884634,24.620716362775532,44.0,5.14042243333982,111.0,4.0751368241728105,56.0,0.2202263785135522,59.0
영등포구,(영등포동,홈,1,저위험군,37.51577496,126.9077618,191845.5097,446258.9391,23.20351017,6.263202193718378,24.567088677211114,44.0,5.154938014650538,111.0,4.039557275368486,56.0,0.06551439979259088,59.0
영등포구,(영등포동,프라임레지던스,1,저위험군,37.5131442,126.9036083,191478.0144,445967.3261,34.65225833,8.623604732884186,24.588126088386765,44.0,5.088852122034221,111.0,4.276479511032452,56.0,0.6632035664866818,59.0
영등포구,여의도동,호텔 코보스,1,저위험군,37.52740183,126.9198328,192913.7668,447548.3983,29.1775547,2.6268301996505734,26.845370779775884,44.0,4.337298440731931,111.0,3.1605460201643014,56.0,0.7615531838197162,59.0
영등포구,(영등포동,라움,1,저위험군,37.51537413,126.9074705,191819.7183,446214.4773,27.35315821,5.223383716972251,24.593801913636486,44.0,5.146563541099459,111.0,4.078014249646807,56.0,0.15972099736352374,59.0
영등포구,(영등포동,아이리스 호텔,1,저위험군,37.51599326,126.905664,191660.0776,446283.3515,8.119504761,-7.753616657420745,24.359262699709067,44.0,5.16889462683768,111.0,4.033449374145817,56.0,0.11680903615158988,59.0
영등포구,여의도동,라다 호텔,1,저위험군,37.51759315,126.9295207,193769.2951,446459.0718,22.89020405,0.5847691717053785,26.859637466982313,44.0,4.504359528284939,111.0,3.278063067719164,56.0,0.6368539160448532,59.0
영등포구,선유동,스위트 하우스,1,저위험군,37.52093563,126.8912436,190385.8547,446833.2685,30.30227406,7.466784061955725,22.8691772452982,44.0,5.3307515011254605,111.0,2.737709483907608,56.0,0.5551098814500646,59.0
영등포구,(영등포동,미림게스트하우스(guesthouse),1,저위험군,37.5156048,126.9039259,191506.3713,446240.3929,12.05758382,-5.549168660273166,24.12556123472028,44.0,5.165142647154943,111.0,4.076448819016191,56.0,0.2413345586113148,59.0
영등포구,대림동,서광여관,1,저위험군,37.48742525,126.9054578,191638.6622,443112.689,20.00046397,-6.23051409636593,23.85440591897759,44.0,4.0733396276953515,111.0,2.4686965221880004,56.0,2.3569417113088686,59.0
영등포구,신길동,엔엠다다름 호텔(N.M.Dadareum  Hotel),1,저위험군,37.50461228,126.9095234,192000.0542,445019.8726,46.25771583,7.478232761431961,25.526801739375614,44.0,4.538269516450283,111.0,3.1808725385255032,56.0,1.857206316610755,59.0
영등포구,(양평동,양남여관,1,저위험군,37.51988672,126.8900107,190276.7257,446716.9793,19.640565,-4.590820009997163,23.047916997957763,44.0,5.271741361072357,111.0,2.730335453250478,56.0,0.43217866678079575,59.0
영등포구,(영등포동,금화장여관,1,저위험군,37.51824016,126.9015992,191300.9849,446533.0972,21.36898715,-2.555358606885214,21.078942237768914,44.0,5.253428909523917,111.0,3.942428572403969,56.0,0.49270254272799097,59.0
영등포구,(영등포동,넘버25영등포점(영등포테마),1,저위험군,37.5152363,126.9075592,191827.5415,446199.1722,25.59987291,4.118054021841186,24.62873206853339,44.0,5.142358995748703,111.0,4.09108661990802,56.0,0.18261010640255693,59.0
영등포구,(당산동,조이빌,1,저위험군,37.52431897,126.8953845,190752.3258,447208.3618,21.84263845,-2.0081568724883603,22.04319230197267,44.0,5.478325176277455,111.0,2.7311996855630456,56.0,0.7515481104835277,59.0
영등포구,(양평동,선유도,1,저위험군,37.53437913,126.8970572,190901.4065,448324.7521,18.84294556,2.3202380677031513,20.786471953332317,44.0,5.886051696676351,111.0,1.9476768104447275,56.0,-0.5503249423873113,59.0
영등포구,선유동,영포장모텔,1,저위험군,37.51966906,126.8911281,190375.4764,446692.7069,28.10142632,3.695447121001731,22.939612981607056,44.0,5.28594253119272,111.0,2.768657261047422,56.0,0.49423152954864347,59.0
영등포구,(당산동,S L  모텔,1,저위험군,37.52429217,126.8955426,190766.3016,447205.3718,21.46216372,-2.307262069858133,22.014678656410908,44.0,5.4756494583472115,111.0,2.7405790162642987,56.0,0.757486483397011,59.0
영등포구,(양평동,해피트리,1,저위험군,37.53419453,126.8970155,190897.6984,448304.2678,34.72004682,4.86346786921985,20.772470555677565,44.0,5.893349081146879,111.0,1.945756381563053,56.0,-0.556402573993096,59.0
영등포구,신길동,민모텔,1,저위험군,37.49583854,126.9172973,192686.5714,444045.4684,29.4805868,1.5867406156419896,24.55414701801132,44.0,4.234870149516676,111.0,2.1486631451050036,56.0,2.3063848503412006,59.0
영등포구,대림동,미도여관,1,저위험군,37.48605527,126.9045317,191556.6025,442960.7219,19.64389834,-6.019310149307671,23.820440970899504,44.0,4.052527826651817,111.0,2.4861055990537153,56.0,2.358461203688784,59.0
영등포구,신길동,모텔봄 보라매역점,1,저위험군,37.49635627,126.9180871,192756.4593,444102.8686,20.73476945,1.6641358975770117,24.64258561206165,44.0,4.2461148851674615,111.0,2.1126604135965756,56.0,2.293787169888545,59.0
영등포구,(영등포동,신영 모텔,1,저위험군,37.5149358,126.9061171,191700.0175,446165.9468,21.12474793,0.0681194450604572,24.58454971900839,44.0,5.1391837011332715,111.0,4.08280439879673,56.0,0.2578294748594838,59.0
영등포구,(당산동,호텔 K,1,저위험군,37.53135296,126.9001856,191177.5596,447988.5864,14.48374951,-2.4584918435439658,20.737498925559553,44.0,6.101555437144904,111.0,2.159810581438018,56.0,-0.27270339414546163,59.0
영등포구,신길동,스테이 나야,1,저위험군,37.50405878,126.9099037,192033.6215,444958.4089,25.19000237,-1.6892154829890274,25.52208849125698,44.0,4.511834489198604,111.0,2.9285042501951546,56.0,1.9009826872261129,59.0
영등포구,(영등포동,아랑여인숙,1,저위험군,37.51808483,126.9076495,191835.8359,446515.3153,30.62943109,0.008342838929891627,24.28941342846185,44.0,5.223059334550153,111.0,3.904542689061218,56.0,-0.09842033701076991,59.0
영등포구,(영등포동,코모도,1,저위험군,37.5151741,126.9060944,191698.0326,446192.3971,22.92446824,2.3893234021105165,24.546109590868866,44.0,5.146004484880159,111.0,4.060556497890743,56.0,0.21178972625550807,59.0
영등포구,(영등포동,뉴욕호텔,1,저위험군,37.51586735,126.9073772,191811.5238,446269.2266,21.67907297,5.461758471880344,24.53363031009008,44.0,5.159120211628464,111.0,4.027156407669782,56.0,0.044986935650297766,59.0
영등포구,(영등포동,호텔 베이직,1,저위험군,37.51505344,126.9071562,191791.8888,446178.9122,21.94997676,1.4939055055067954,24.64269961524304,44.0,5.1388735945830515,111.0,4.089148507208833,56.0,0.22827207567287644,59.0
영등포구,(양평동,유니언호텔,1,저위험군,37.53591594,126.8922478,190476.5261,448495.7953,21.78932749,3.0258702877604904,20.820636063043608,44.0,5.760588862399529,111.0,2.1107653394166555,56.0,-0.1668878971590282,59.0
영등포구,(영등포동,호텔 갤럭시,1,저위험군,37.51526909,126.9070867,191785.7699,446202.8527,20.13435686,-0.443197429967384,24.5916650282795,44.0,5.145093053428619,111.0,4.076876295326249,56.0,0.17191445838676866,59.0
영등포구,(문래동,문래 스테이,1,저위험군,37.5116848,126.895498,190760.7995,445806.1167,26.8017619,0.07970571421767403,23.89184346517042,44.0,4.971432023380293,111.0,3.179768891948346,56.0,0.6047712987353518,59.0
영등포구,(영등포동,영등포여관 오성장,1,저위험군,37.51970176,126.9051584,191615.7941,446694.9933,16.11548201,-3.719449411200994,23.12597168977665,44.0,5.286259255428555,111.0,3.824376544489918,56.0,0.03411040452584113,59.0
영등포구,(문래동,문래 여관,1,저위험군,37.51342952,126.8878207,190082.2742,446000.5401,26.19477246,4.2536462289732455,24.046021465094995,44.0,5.062018999552848,111.0,2.72258155138712,56.0,0.05418858774508728,59.0
영등포구,(당산동,G모텔,1,저위험군,37.53210628,126.9002508,191183.4051,448072.1895,12.29332561,-4.755520733181438,20.71682855451229,44.0,6.089633620589706,111.0,1.991416253640168,56.0,-0.5734700041225043,59.0
영등포구,영등포동,대성장모텔,1,저위험군,37.51293549,126.9046277,191568.1178,445944.0701,34.26243511,3.441276830090601,24.73803250923764,44.0,5.081094444925192,111.0,4.312882150327922,56.0,0.6855188975360857,59.0
영등포구,여의도동,컴포트 인 여의도,1,저위험군,37.52757056,126.9196663,192899.0645,447567.1378,33.03476385,-0.039882686543215584,26.85866241701999,44.0,4.332398278022298,111.0,3.1642731848940797,56.0,0.7697490651842925,59.0
영등포구,(양평동,스테이 패스포트 익스프레스 당산점,1,저위험군,37.53389046,126.8962099,190826.4608,448270.598,27.44770876,-2.271116720360741,20.827781109472717,44.0,5.929597617287939,111.0,2.0038500065519864,56.0,-0.49163561258467003,59.0
영등포구,(영등포동,포유(for you),1,저위험군,37.51808813,126.903145,191437.6224,446516.082,24.4790589,-2.046181368224424,22.541139086199717,44.0,5.244670528013442,111.0,3.956289675858049,56.0,0.2301086889922611,59.0
영등포구,신길동,주식회사 스테이리,1,저위험군,37.50362029,126.9100904,192050.0893,444909.7264,19.38531359,-5.027375967848965,25.450560604746123,44.0,4.491887656389336,111.0,2.684576369885759,56.0,2.0276681159298513,59.0
영등포구,(영등포동,보보스모텔,1,저위험군,37.51939555,126.9098146,192027.38,446660.6031,23.18790752,-3.989451935951841,24.47540076129328,44.0,5.23173122088261,111.0,3.835863894227036,56.0,-0.09049826111414211,59.0
영등포구,(영등포동,하트장,1,저위험군,37.51495786,126.9062502,191711.787,446168.3834,33.77425817,-0.3870717106008854,24.59336323943821,44.0,5.139535503652649,111.0,4.078663293847512,56.0,0.2517336384776857,59.0
영등포구,(영등포동,레이크,1,저위험군,37.51474971,126.906267,191713.2466,446145.2799,20.05675962,-0.4514634101368742,24.62175120390739,44.0,5.1324375440741115,111.0,4.1020863075625655,56.0,0.3004172033257,59.0
영등포구,(영등포동,비오스샵,1,저위험군,37.51590036,126.9055028,191645.8161,446273.0551,12.29502207,-5.339795217625882,24.354451022803936,44.0,5.167358686110236,111.0,4.039429752776585,56.0,0.14562597345967498,59.0
영등포구,(당산동,달모텔,1,저위험군,37.52265122,126.896166,190821.2071,447023.1859,20.71903328,0.9927393687889712,22.008526901808793,44.0,5.4041106509657855,111.0,2.8598522608020804,56.0,0.9041647802332525,59.0
영등포구,(영등포동,호텔 하라스,1,저위험군,37.51497375,126.9073367,191807.843,446170.0519,24.267648,3.5931776397710706,24.66676983261973,44.0,5.136127231893417,111.0,4.103528492023391,56.0,0.2504926815198437,59.0
영등포구,(영등포동,스테이비앤비(STAY BnB),1,저위험군,37.51786715,126.9029054,191416.4084,446491.5778,29.44915253,3.6092172732386345,22.479277756198776,44.0,5.237613301698169,111.0,3.973053836665653,56.0,0.259632723371636,59.0
영등포구,대림동,본관여관,1,저위험군,37.48593865,126.9046214,191564.5182,442947.7706,18.32825356,1.1571219641351362,23.82084668931205,44.0,4.051500851453191,111.0,2.486381170444903,56.0,2.359674756067113,59.0
영등포구,(문래동,수정여관,1,저위험군,37.51079272,126.8910349,190366.1016,445707.5548,21.73362238,3.800347941573392,24.393797335212625,44.0,4.933288397554424,111.0,2.8211851741577982,56.0,0.3265849579279696,59.0
영등포구,대림동,화성장여관,1,저위험군,37.49092389,126.9033886,191456.0609,443501.1779,34.75350923,1.820967839247416,23.870944067758764,44.0,4.115922037232252,111.0,2.4478243466409295,56.0,2.3069393570747967,59.0
영등포구,(영등포동,별빛호텔(빛),1,저위험군,37.51569671,126.9074974,191822.1272,446250.2773,23.54097272,3.0414759649362004,24.560409972763015,44.0,5.1543394220701835,111.0,4.0446827093712665,56.0,0.08328927607700443,59.0
영등포구,(영등포동,호텔 르오,1,저위험군,37.51491025,126.9075682,191828.3051,446162.984,21.67110706,0.07439562916688303,24.684857927036738,44.0,5.133572337493465,111.0,4.109329748862856,56.0,0.26914345029819897,59.0
영등포구,(영등포동,영풍장여관,1,저위험군,37.51510284,126.9076108,191832.0879,446184.3554,32.12667822,-1.8566534854642711,24.66489757961601,44.0,5.138244460489538,111.0,4.096334698342576,56.0,0.21814482996739237,59.0
영등포구,대림동,캐슬론,1,저위험군,37.48707508,126.9042229,191529.4059,443073.9352,24.23419211,7.050627580584173,23.825847379259045,44.0,4.063836953706682,111.0,2.480319833626096,56.0,2.3495401167803074,59.0
영등포구,대림동,행복 여관,1,저위험군,37.48657112,126.9044921,191553.1601,443017.978,26.65628244,0.9187008304361157,23.82525994351112,44.0,4.058625228734852,111.0,2.48249596442599,56.0,2.3546589739527866,59.0
영등포구,대림동,대림장,1,저위험군,37.48819692,126.9063882,191721.0286,443198.252,19.08636802,1.9287905854303524,23.885093981051334,44.0,4.087361602950345,111.0,2.4527102734275372,56.0,2.357356159212441,59.0
영등포구,(당산동,STAY 10?7 Yeongdeungpo,1,저위험군,37.51913794,126.8958977,190797.052,446633.282,28.13931997,4.829866971509865,22.00757881308449,44.0,5.290064490751881,111.0,3.035417565685377,56.0,0.9205354600221218,59.0
영등포구,(당산동,대지여인숙,1,저위험군,37.51896424,126.8954808,190760.179,446614.0443,22.39785793,-4.381817508464753,22.122232224439188,44.0,5.285769750012459,111.0,3.0077422765555966,56.0,0.8673908601385794,59.0
영등포구,(영등포동,코코,1,저위험군,37.51789339,126.9027313,191401.0193,446494.506,27.8927463,7.255918990831006,22.259723693223155,44.0,5.239053579963366,111.0,3.9738323868915937,56.0,0.2831357200765966,59.0
영등포구,여의도동,여의도파크호텔,1,저위험군,37.52553582,126.9193041,192866.8557,447341.3343,25.85191878,-0.4581032173537878,26.39130959119288,44.0,4.348384277569893,111.0,3.220459825709975,56.0,0.6262783744913568,59.0
영등포구,(영등포동,아늑호텔 영등포점,1,저위험군,37.51627922,126.9055997,191654.4196,446315.0952,15.11406082,-1.2708051760896293,24.29951418739169,44.0,5.177843488536556,111.0,4.005338749115029,56.0,0.08402851032963166,59.0
서초구,서초동,호텔 브릭(HOTEL BRICK),1,저위험군,37.48467845,127.0131057,201159.1132,442803.7129,22.75219563,0.5740787050477643,24.984682875257814,44.0,3.6176251282195646,111.0,1.1540954154560323,56.0,0.6563652853784601,59.0
서초구,반포동,봄 호텔,1,저위험군,37.50227147,127.0226088,201999.1326,444756.4674,26.73877501,1.7943489743831798,26.023604781954187,44.0,4.189653028841046,111.0,3.165424890852133,56.0,2.1820995122247546,59.0
서초구,서초동,Hotel Peyto(호텔 페이토),1,저위험군,37.48380782,127.0318532,202817.238,442707.4804,20.47074655,1.9993316966455197,22.73324631432323,44.0,3.2946362430450598,111.0,0.783606371344914,56.0,2.0785985537625713,59.0
서초구,서초동,강남아르누보씨티호텔,1,저위험군,37.49076504,127.0273034,202414.6082,443479.5136,23.5498139,4.2346230698779905,21.041571630456396,44.0,3.5752439182399285,111.0,2.4194952904685483,56.0,0.5107640851526412,59.0
서초구,방배동,서울여인숙,1,저위험군,37.48515342,126.9819903,198407.1717,442856.5,38.17027336,3.593801602913068,25.790376565473807,44.0,4.065732391565703,111.0,-0.9093220441687128,56.0,-0.4370312438089472,59.0
서초구,서초동,오클라우드 호텔,1,저위험군,37.50029363,127.0230204,202035.5803,444536.9616,21.94705098,-0.7112084816342019,25.82833775024818,44.0,4.1428729300480285,111.0,3.1381021516511884,56.0,2.063144203752545,59.0
서초구,양재동,30Month hotel,1,저위험군,37.48133045,127.0378915,203351.4103,442432.7231,31.76248161,6.253400506750943,23.439178992310403,44.0,3.131895250029819,111.0,0.43890059942393017,56.0,2.6993781515489013,59.0
서초구,서초동,르컬렉티브 강남 예술의전당 로이움,1,저위험군,37.48346166,127.0117207,201036.6322,442668.6492,20.79238511,-0.47263945337074276,25.04372609548641,44.0,3.6316647702989764,111.0,1.0076026487183036,56.0,0.6972596164876366,59.0
서초구,서초동,루트인(몽헤브케빈즈),1,저위험군,37.48942109,127.0286795,202536.3526,443330.389,14.04993991,-4.5010680015362095,21.2036182353438,44.0,3.4932855767498276,111.0,2.131815398191659,56.0,0.8395304810220596,59.0
서초구,서초동,주식회사 르호텔드서초,1,저위험군,37.48437074,127.0123939,201096.1663,442769.5527,22.62099475,0.7192216199783914,25.04393162384808,44.0,3.629737833653693,111.0,1.0969206213639089,56.0,0.6616159847659655,59.0
서초구,서초동,준타워,1,저위험군,37.48316337,127.0319656,202827.2061,442635.9584,24.50364258,3.6497774237816323,22.875628723810653,44.0,3.2780112564513324,111.0,0.7067268185394346,56.0,2.1899994616238287,59.0
서초구,서초동,센트럴 스테이 강남,1,저위험군,37.48889818,127.0281659,202490.9509,443272.3392,16.45209518,-2.600853971228517,21.38543243003435,44.0,3.493027634755634,111.0,1.9824280191716537,56.0,0.842435304318327,59.0
서초구,서초동,에이치 호텔,1,저위험군,37.48436111,127.0132129,201168.6011,442768.4937,29.2085416,7.152215634846577,24.940024435617012,44.0,3.609518815831642,111.0,1.1314820849358482,56.0,0.6761702504168622,59.0
서초구,반포동,JW메리어트호텔서울,1,저위험군,37.50161364,127.0028324,200250.4482,444683.2204,23.2979213,2.333810929513774,27.04512416866663,44.0,3.8540003007517374,111.0,1.9596360389274303,56.0,1.5768255633534325,59.0
서초구,서초동,토요코인 서울강남,1,저위험군,37.48909739,127.0291231,202575.5957,443294.4746,19.69685973,3.067345671293772,21.273678600383207,44.0,3.475576079823504,111.0,2.038564649541779,56.0,0.9800417134259672,59.0
강남구,역삼동,유에이치스위트 더강남,1,저위험군,37.49190396,127.0296459,202621.7376,443605.9814,14.06689591,-1.78041902099746,20.639166200171374,44.0,3.5156859900456965,111.0,2.6823162926864406,56.0,0.7340156145435817,59.0
강남구,역삼동,역삼아르누보씨티호텔앤레지던스,1,저위험군,37.50066747,127.0420351,203716.9385,444579.034,29.42944719,2.077360371465936,21.727009936335023,44.0,2.1805536022297973,111.0,2.9192696945380017,56.0,1.85164508534454,59.0
강남구,역삼동,서울인바이더디자이너스,1,저위험군,37.49808884,127.0381866,203376.7488,444292.6945,11.13887097,-5.927692532305208,20.796743935841082,44.0,2.722974410019303,111.0,2.8404334353646807,56.0,1.6926502027994983,59.0
강남구,신사동,프린세스호텔,1,저위험군,37.52465722,127.0358532,203169.2933,447241.365,25.02580647,0.5280074580333931,24.224059096511883,44.0,4.101100868033814,111.0,2.0409040727775327,56.0,2.505660243691953,59.0
강남구,신사동,신사애인호텔,1,저위험군,37.51856693,127.0183575,201622.8645,446564.9736,22.2276471,1.239161461218746,26.895042657628537,44.0,4.219648227234843,111.0,2.17197205248903,56.0,3.5347204295519763,59.0
강남구,청담동,펜타리움,1,저위험군,37.51971041,127.0543304,204802.9269,446693.114,31.65186883,11.447518822048153,24.332862700551296,44.0,2.9419773285850157,111.0,2.1366818468394047,56.0,0.7908909425860432,59.0
강남구,역삼동,몰타 1호점(Malta 1호점),1,저위험군,37.50134128,127.0432388,203823.34,444653.8665,12.80108204,-6.86925720244281,22.207613346984648,44.0,2.1077790398142917,111.0,2.923978184772631,56.0,1.7966501372929227,59.0
강남구,역삼동,펠리스,1,저위험군,37.49818392,127.0384943,203403.9581,444303.2583,14.04931896,-3.620739668107035,20.870286482407288,44.0,2.6914870378139755,111.0,2.8434614602045007,56.0,1.7149623994272956,59.0
강남구,역삼동,화이트모텔,1,저위험군,37.49986402,127.0377402,203337.1965,444489.7005,17.80608865,0.6435645445487594,20.762165519569223,44.0,2.694428944868421,111.0,2.905679089896392,56.0,1.8434821488492492,59.0
강남구,삼성동,웨스틴 서울 파르나스,1,저위험군,37.50977042,127.0580292,205130.592,445590.0963,30.52689456,-1.6323916242720777,24.16556811325859,44.0,2.270304530041783,111.0,2.4670316291952177,56.0,1.8072304999461264,59.0
강남구,역삼동,리치웰호텔,1,저위험군,37.50022148,127.0390336,203451.5506,444529.4206,22.80237442,-2.5285735784752177,21.01377827610598,44.0,2.544505439777554,111.0,2.9207012585124557,56.0,1.9090862149138277,59.0
강남구,역삼동,루미에르 호텔,1,저위험군,37.49813685,127.03834,203390.3167,444298.0285,17.47764632,0.5753216989401686,20.83239746067456,44.0,2.7071437366490003,111.0,2.841911547136087,56.0,1.7044343170845213,59.0
강남구,역삼동,에이치 에비뉴호텔역삼,1,저위험군,37.49974313,127.0379485,203355.6263,444476.2907,24.34516677,1.1355874202675977,20.818241167243702,44.0,2.6815268440049804,111.0,2.902435610418935,56.0,1.8445980799327568,59.0
강남구,역삼동,호텔 린,1,저위험군,37.49794784,127.0383478,203391.0123,444277.0512,12.36209624,-4.91134187568532,20.828842357248295,44.0,2.7121492070820388,111.0,2.8367032296287267,56.0,1.67794222074269,59.0
강남구,삼성동,호텔페이토삼성,1,저위험군,37.50570328,127.057925,205121.6554,445138.6902,29.96271154,-0.3446584584105281,24.265067466591397,44.0,2.125149719485213,111.0,2.4951239339134132,56.0,1.8096075628314874,59.0
강남구,논현동,왈츠호텔,1,저위험군,37.50276476,127.0252795,202235.266,444811.2763,21.45784942,2.7574917107937296,25.95437958342832,44.0,4.052211077564826,111.0,3.1150904814144833,56.0,2.1375126105069087,59.0
강남구,역삼동,더뮤즈,1,저위험군,37.49978072,127.0374861,203314.7366,444480.4464,17.21113521,0.004771454928707897,20.709038242399938,44.0,2.7246382463078667,111.0,2.902175996801712,56.0,1.8218469268582995,59.0
강남구,신사동,(주)라까사호텔,1,저위험군,37.51923895,127.0187598,201658.4162,446639.5664,29.76184239,3.419843462580804,26.872706904076487,44.0,4.227023997381637,111.0,2.150459511265059,56.0,3.5783787568440992,59.0
강남구,역삼동,호텔뉴브(HOTEL NEWV),1,저위험군,37.50027135,127.0483211,204272.8029,444535.3367,23.30072262,1.2042760073541743,23.35789871540744,44.0,1.975383313771974,111.0,2.832840095795361,56.0,1.3220731039943852,59.0
강남구,신사동,짝호텔,1,저위험군,37.51455044,127.0188323,201664.9295,446119.2023,39.00672523,2.0188789767588275,26.935600319875757,44.0,4.20653276346123,111.0,2.4290143583283648,56.0,3.305628828968241,59.0
강남구,도곡동,뉴데이호텔 강남도곡,1,저위험군,37.48993754,127.0422872,203739.7618,443388.1618,24.64866074,5.207185215457756,22.822560590659663,44.0,2.807323377504737,111.0,2.0012355414637097,56.0,1.537374656169088,59.0
강남구,삼성동,어반 네스트(urban nest),1,저위험군,37.50360643,127.0511534,204523.0483,444905.6198,31.85693438,-0.07099409575576487,24.82770017186337,44.0,1.9972350844301539,111.0,2.7136031741130284,56.0,1.315351535649628,59.0
강남구,삼성동,호텔스타 선릉,1,저위험군,37.50255446,127.0486034,204297.6301,444788.7452,27.00591403,-3.248727943160521,24.165608533750152,44.0,2.001191898116345,111.0,2.8818415008882377,56.0,1.3927098033231906,59.0
강남구,역삼동,아마레호텔,1,저위험군,37.49188162,127.039446,203488.4069,443603.82,23.16926601,4.3240692936337375,21.756658580556042,44.0,2.903270441627769,111.0,2.5428154187832046,56.0,1.036772483213119,59.0
강남구,삼성동,호텔오크우드프리미어,1,저위험군,37.50771397,127.0594859,205259.528,445361.9371,21.1415845,0.13863652651043878,24.10089892689215,44.0,2.2416317134742414,111.0,2.455258007770697,56.0,1.8494109009057231,59.0
송파구,방이동,IM HOTEL(아이엠 호텔),1,저위험군,37.51265214,127.1080013,209548.4546,445913.8285,24.7111529,2.0361206342021205,25.368313510804736,44.0,4.943077198552015,111.0,4.5338918368046395,56.0,1.6649879132374625,59.0
송파구,가락동,왕실장,1,저위험군,37.49075481,127.1182425,210456.9321,443484.5953,25.83791997,1.8342021243308473,27.05748426238579,44.0,5.333976954030416,111.0,4.285889669096646,56.0,2.840877882356781,59.0
송파구,방이동,타임모텔,1,저위험군,37.5128035,127.107937,209542.747,445930.6211,19.01560427,-3.528479605633539,25.365533876601802,44.0,4.938478942828911,111.0,4.528668335572602,56.0,1.660648165402899,59.0
송파구,방이동,쿠키,1,저위험군,37.51255038,127.1080445,209552.2834,445902.5388,25.22810271,2.203805764613115,25.37022052085854,44.0,4.946034799369562,111.0,4.537439731332286,56.0,1.6679561008708765,59.0
송파구,잠실동,칸,1,저위험군,37.50808205,127.0790026,206985.0893,445404.059,23.83115558,3.0293880664424897,24.349359571640385,44.0,3.924678270161251,111.0,2.516529661240376,56.0,1.0198137690580944,59.0
송파구,가락동,가락관광호텔,1,저위험군,37.49113403,127.117929,210429.1572,443526.649,35.92362085,3.419461620636717,26.94726885063337,44.0,5.327806593645081,111.0,4.327253635917286,56.0,2.8440372381889025,59.0
송파구,삼전동,줌,1,저위험군,37.50269545,127.0961657,208503.1919,444807.6279,22.22446215,1.9889424176170607,25.070256444119423,44.0,4.734122239263487,111.0,4.146552838213358,56.0,1.5368501374626324,59.0
송파구,거여동,대영,1,저위험군,37.49547781,127.1449869,212821.3069,444012.0936,42.19396884,1.2060713218089347,25.908904460915146,44.0,5.52036160667946,111.0,4.072608363148249,56.0,2.8231912016653675,59.0
송파구,잠실동,상주호텔,1,저위험군,37.50731552,127.0797943,207055.1613,445319.0431,18.71596289,-2.6483592099008817,24.534800965117064,44.0,4.008550126543343,111.0,2.569637155845312,56.0,0.889046872321341,59.0
송파구,방이동,스테이(STAY)509,1,저위험군,37.51263276,127.1135319,210037.4189,445912.2532,20.3800823,0.08428022228353882,25.350663510703505,44.0,5.075469331178188,111.0,4.658105915902513,56.0,1.7967212813386229,59.0
송파구,신천동,시그니엘서울 호텔,1,저위험군,37.51035018,127.1026419,209074.9004,445657.8098,21.76099672,6.329727875086395,25.370493534610926,44.0,4.828875174317754,111.0,4.416593293429536,56.0,1.5692353017207248,59.0
중구,(필동,호텔 트래블러즈 명동(Hotel Traveluz Myeongdong),1,저위험군,37.55931197,126.99131,199232.1867,451087.0519,20.37928909,3.5885404964359644,23.648008119284714,44.0,6.4545207919622625,111.0,1.7134303721282007,56.0,-0.8751474923667026,59.0
종로구,누상동,비바 라 비다_서촌소요,1,저위험군,37.57717984,126.9662773,197021.1289,453070.6759,23.32839126,1.472871514712498,23.810714222620824,44.0,3.863707289307043,111.0,2.3956336301655687,56.0,0.8841894911424039,59.0
종로구,원남동,이스트 아뜰리에,1,저위험군,37.5714802,126.9956594,199616.544,452437.5561,22.9470034,0.8163945609411698,21.825118408043966,44.0,5.696754107581593,111.0,2.0419625128410672,56.0,0.43136773924379623,59.0
종로구,체부동,체부하우스,1,저위험군,37.57401604,126.9711021,197447.213,452719.3886,28.13260975,-1.939320862552492,24.164900558817365,44.0,3.7475540687791944,111.0,2.0599513914312526,56.0,0.6637215755493432,59.0
종로구,창신동,대두의 게스트하우스 에어비앤비 홍대을지로 동대문역점,1,저위험군,37.567321,127.0111661,200986.4802,451975.9831,23.839003,1.0906935938553382,24.40979880352679,44.0,4.192174707792361,111.0,1.71806827203488,56.0,1.5015345256192023,59.0
종로구,연지동,종로마루(Jongnomaru),1,저위험군,37.56925244,126.9996895,199972.5657,452190.2918,24.10862537,2.121893999586959,24.765192641842397,44.0,5.3815571022347655,111.0,1.326197286240589,56.0,0.34877882277240024,59.0
종로구,창신동,DASONI(다소니),1,저위험군,37.5673191,127.0098529,200870.4661,451975.7592,23.28475604,1.1265539535228974,24.588782528490107,44.0,4.265784692739298,111.0,1.929130446362285,56.0,1.419616529238044,59.0
종로구,숭인동,썬라이즈하우스,1,저위험군,37.56855503,127.0156966,201386.7089,452113.0032,21.9631934,-2.9926250367744025,24.651081458380677,44.0,4.105134416681833,111.0,1.9978402464243294,56.0,1.984933578887783,59.0
종로구,연지동,킹하우스,1,저위험군,37.56953847,126.9988739,199900.5183,452222.0384,33.08746069,-0.5430657468221085,24.249299989780777,44.0,5.4654802719682145,111.0,1.3086202231169444,56.0,0.37389695074869234,59.0
종로구,누하동,숲니스,1,저위험군,37.5758455,126.9679272,197166.8168,452922.5285,35.26549607,5.94726407885441,23.943466053432765,44.0,3.831178605815037,111.0,2.3606073122906106,56.0,0.8402966972833377,59.0
종로구,창신동,흐흐 스테이,1,저위험군,37.57171558,127.0106531,200941.1034,452463.725,22.91125246,-4.247571980536822,22.652132332472057,44.0,3.9571098504016007,111.0,5.105737804957069,56.0,2.171543346559327,59.0
종로구,통인동,서촌 가온재,1,저위험군,37.57711555,126.9695264,197308.1337,453063.4424,23.11530369,-1.612884963790087,23.741254884163105,44.0,3.9013247001082045,111.0,2.2144113914398127,56.0,0.7872374561293436,59.0
종로구,청운동,Stella's Home,1,저위험군,37.58310604,126.9697305,197326.3744,453728.3124,26.57163894,4.585523923068763,23.3275207121011,44.0,4.098249504737223,111.0,2.3445470536143462,56.0,0.8490412035835008,59.0
종로구,체부동,가화 DUMBO,1,저위험군,37.57588085,126.9693211,197289.9522,452926.4109,24.72548953,-3.9858819545208526,23.916229138985955,44.0,3.8446890440421004,111.0,2.266784289491493,56.0,0.788452897417349,59.0
종로구,숭인동,히든 잼 동묘,1,저위험군,37.57280128,127.0153061,201352.1362,452584.2819,20.83378443,-3.7382382848494338,24.587006675896028,44.0,3.98824970740084,111.0,6.087546982813828,56.0,2.3807731305068787,59.0
종로구,창신동,헬로월드종로,1,저위험군,37.56998391,127.0121433,201072.7729,452271.5457,32.16664986,-0.12339492411936703,23.651358948685296,44.0,3.971515563271797,111.0,3.425104805702341,56.0,1.9000309417943735,59.0
종로구,누상동,원라이트,1,저위험군,37.57673475,126.9652515,196930.4937,453021.3091,28.48366446,4.55240006464944,23.860985771707583,44.0,3.839646316264464,111.0,2.450734785675915,56.0,0.9085703328308311,59.0
종로구,필운동,온기스테이,1,저위험군,37.57492917,126.9691281,197272.8704,452820.7909,29.27701115,-0.9871937295419251,24.06983226827127,44.0,3.7963782372025907,111.0,2.3049059984901255,56.0,0.7928780918816979,59.0
종로구,숭인동,더그린,1,저위험군,37.57340306,127.0160287,201415.9554,452651.0831,24.50099189,-0.3010253838848129,24.852683863697973,44.0,3.996288569973125,111.0,6.2041896457168555,56.0,2.448073988358476,59.0
종로구,내수동,비어스,1,저위험군,37.57020452,126.9697672,197329.1534,452296.3912,25.46413546,5.081029069320543,25.11294995999611,44.0,3.556846488079231,111.0,2.742426448531355,56.0,0.8216815502218582,59.0
종로구,신교동,다온,1,저위험군,37.58034308,126.9685645,197223.2821,453421.6892,36.92159724,3.966162780925977,23.48482898420991,44.0,3.9877363956245695,111.0,2.2715767688477224,56.0,0.841036299860754,59.0
종로구,원남동,원남스테이,1,저위험군,37.57196107,126.9975888,199786.996,452490.9209,7.918507006,-10.585114887511335,22.7443132725685,44.0,5.480876512355445,111.0,1.4188908625561751,56.0,0.3011616339739789,59.0
종로구,청운동,SEOUL MARU1,1,저위험군,37.58358195,126.9686512,197231.0612,453781.1643,12.397593,-8.733343083906316,23.379148272588647,44.0,4.102714766757546,111.0,2.412984779940047,56.0,0.8756636677505092,59.0
종로구,명륜3가,혜화네스트스테이,1,저위험군,37.58038198,126.9969051,199726.6248,453425.5466,35.45207892,1.4167356420739807,22.66533244107982,44.0,4.565569907098479,111.0,2.748776553129962,56.0,3.3457324390467074,59.0
종로구,명륜3가,Stay Hyehwa,1,저위험군,37.58019539,126.9965778,199697.7126,453404.8383,35.87324168,0.11233117284931637,22.65866677267575,44.0,4.5944066873526355,111.0,2.761673306334151,56.0,3.3522233781225212,59.0
종로구,명륜4가,더파더스,1,저위험군,37.57990788,126.9972379,199756.0215,453372.926,29.40835311,0.8102020153648937,22.617354380330106,44.0,4.574859089508637,111.0,2.639601585080171,56.0,3.320815995437293,59.0
종로구,명륜4가,JOY하우스,1,저위험군,37.57934965,126.9984385,199862.0726,453310.9665,18.02905031,2.05758559457108,22.56825361429144,44.0,4.548323720709192,111.0,2.5871172980434167,56.0,3.2687640767921584,59.0
종로구,행촌동,아리스테이,1,저위험군,37.5698123,126.963913,196811.9642,452253.0418,15.94991465,-3.0919767525517727,24.543114686808277,44.0,3.5923452000388885,111.0,3.0409527288227527,56.0,1.07224578181087,59.0
종로구,연건동,모리안(Morian),1,저위험군,37.57598296,127.0002004,200017.7007,452937.3015,12.28207468,-5.57461444780032,22.081403105019618,44.0,4.656828594083354,111.0,2.4877644198588125,56.0,2.725173630765918,59.0
종로구,신교동,소누 리프레(SONU REFRE),1,저위험군,37.58048384,126.9681648,197187.9842,453437.3239,29.81799797,-2.5637885955792115,23.496729956138513,44.0,3.9855984801777464,111.0,2.297070055487561,56.0,0.8525221839317161,59.0
종로구,신영동,메종드보네르,1,저위험군,37.59986728,126.9594368,196417.966,455588.9646,17.78686364,-1.9244788918725746,23.780189859788983,44.0,4.476336534713109,111.0,2.853157046538303,56.0,0.93785294675565,59.0
종로구,청운동,경복궁청운스테이,1,저위험군,37.5836495,126.9685187,197219.363,453788.6655,29.81622357,-0.9136199496288064,23.385289942287084,44.0,4.103972792360551,111.0,2.4209486159846216,56.0,0.8785963836618037,59.0
종로구,무악동,유창 스테이,1,저위험군,37.57080719,126.9597635,196445.4346,452363.6119,21.12645048,-5.372720743150623,24.32905980267424,44.0,3.64061728462867,111.0,2.9698183869720265,56.0,1.0897231699551744,59.0
종로구,행촌동,주빈 하우스,1,저위험군,37.57056519,126.9601932,196483.3837,452336.7366,29.66926729,3.2467050436304525,24.348930058549694,44.0,3.652204939405068,111.0,2.9869112382786445,56.0,1.095567025676154,59.0
종로구,누상동,리슬로우 스테이,1,저위험군,37.57764971,126.9641374,196832.1168,453122.8961,28.5857028,0.8339785100362569,23.79598815342875,44.0,3.85591901438172,111.0,2.4630833661359213,56.0,0.9279241640751521,59.0
종로구,숭인동,나무플래닛,1,저위험군,37.57358318,127.0186523,201647.7207,452671.1171,9.553621562,-7.1516690463810555,25.336049184301658,44.0,4.017084588884265,111.0,5.234557133662638,56.0,2.4971427229128755,59.0
종로구,행촌동,시도스테이,1,저위험군,37.57088639,126.9605293,196513.0861,452372.3735,29.28072811,2.6801564241912956,24.340266324577804,44.0,3.653911500564114,111.0,2.9537518392314004,56.0,1.0790330797997412,59.0
종로구,청운동,스테이청운,1,저위험군,37.5848927,126.967393,197119.9798,453926.6804,16.11936411,-4.62438937265172,23.32408011342816,44.0,4.141442981444778,111.0,2.50699278144893,56.0,0.9030677633695282,59.0
종로구,홍지동,조이하슬라2,1,저위험군,37.59826187,126.9571249,196213.7273,455410.8726,34.84291985,4.166509362658061,23.798469118649916,44.0,4.428973861680043,111.0,2.820248885916105,56.0,0.9472065891404526,59.0
종로구,연건동,Irum Stay(이룸 스테이),1,저위험군,37.57595765,127.0006747,200059.6019,452934.4925,28.64483831,-1.495008639503105,21.9875620269163,44.0,4.616349711217739,111.0,2.5740773526245553,56.0,2.705155046358564,59.0
종로구,명륜3가,더누아 혜화(The Nua Hyewha),1,저위험군,37.58171848,126.9944082,199506.0811,453573.893,22.13160291,5.093929960207472,22.893204983376897,44.0,4.5740336366548195,111.0,3.198164486113491,56.0,3.425010680737129,59.0
종로구,숭인동,해피 스테이,1,저위험군,37.5701523,127.0168265,201486.4941,452290.2988,29.21253909,-4.369481665917533,25.29120740431069,44.0,4.048978995476331,111.0,3.462431339030492,56.0,2.2187087871620554,59.0
종로구,명륜2가,트리니엘 혜화,1,저위험군,37.58147071,126.9981092,199832.9835,453546.3804,14.62896758,-2.434033234025323,22.691192132484634,44.0,4.450003843876445,111.0,2.8953223591109163,56.0,3.3613645587164713,59.0
종로구,명륜2가,서울 소울,1,저위험군,37.58115436,126.9978257,199807.9484,453511.2697,21.53596102,-6.325556657133134,22.682913214184524,44.0,4.477062065878426,111.0,2.8186743913685723,56.0,3.3579819005537823,59.0
종로구,창신동,무띠코지,1,저위험군,37.57000739,127.0126335,201116.0791,452274.1574,12.23155644,-9.873363835530354,23.692007227480516,44.0,3.985150901181258,111.0,3.4405574842339908,56.0,1.9264450725769564,59.0
종로구,내수동,The Loft Gyeongbok,1,저위험군,37.5698882,126.970206,197367.9115,452261.271,25.44963446,4.9458912120090694,25.329469441526058,44.0,3.5479097156571093,111.0,2.806746641058776,56.0,0.7684976760020804,59.0
종로구,옥인동,종묘 01,1,저위험군,37.57960235,126.969332,197291.0525,453339.4543,21.01604163,-0.7405681737950154,23.494010886185904,44.0,3.981839952094044,111.0,2.2041149722009745,56.0,0.8103967446678254,59.0
종로구,체부동,힙피어 궁중모란,1,저위험군,37.57622145,126.9691468,197274.565,452964.2186,26.61548014,-4.549185654800059,23.87159554985023,44.0,3.8583157220242197,111.0,2.270097316752635,56.0,0.7972508650410692,59.0
종로구,종로6가,타이디스테이(tidy stay),1,저위험군,37.56883002,127.007075,200625.0318,452143.4316,26.34936545,2.287082356262392,25.276048314932492,44.0,4.331751471023899,111.0,2.875894341369068,56.0,1.4578102155072907,59.0
종로구,충신동,낙산힐링하우스,1,저위험군,37.57309501,127.0074192,200655.4034,452616.7983,25.00649659,-1.361130500592214,22.158103261758768,44.0,4.057383960847876,111.0,5.28572209768218,56.0,2.282769241415505,59.0
종로구,창성동,소누스테이(Sonu stay),1,저위험군,37.57838497,126.9710332,197441.2795,453204.2914,20.12331255,-3.2193464921968626,23.518767616735982,44.0,3.977143661667972,111.0,2.0878489614977025,56.0,0.7382384489360226,59.0
종로구,누상동,류진스(Ryujeans),1,저위험군,37.57692592,126.9644135,196856.478,453042.5545,28.5225906,0.7405938262354148,23.850486422559,44.0,3.837644580913919,111.0,2.473222834398086,56.0,0.924298533674303,59.0
종로구,청운동,스테이 조이(stay joy),1,저위험군,37.5830075,126.969757,197328.7089,453717.3748,36.47321497,5.555535643765747,23.327545025889982,44.0,4.095031933175772,111.0,2.337528211337026,56.0,0.8476984317996711,59.0
종로구,효제동,오아시스 스테이,1,저위험군,37.56923288,127.003902,200344.7137,452188.128,25.34326263,1.3242222094798315,26.593888945356444,44.0,4.772506012992494,111.0,2.156254193356109,56.0,0.6779548211640297,59.0
종로구,누하동,쁘띠 서촌,1,저위험군,37.57685475,126.9673134,197112.6343,453034.5623,25.91994696,3.826402060309224,23.829261594126912,44.0,3.8640855142932913,111.0,2.3634510382394622,56.0,0.85805256501492,59.0
종로구,효자동,서촌홈,1,저위험군,37.57948937,126.9715048,197482.9745,453326.8543,25.13993879,-4.7005836551727675,23.394980375044724,44.0,4.019934240012641,111.0,2.0720783014540256,56.0,0.7367981130733331,59.0
종로구,창신동,보니토 스테이,1,저위험군,37.570783,127.0094979,200839.06,452360.2085,17.25275885,-8.851398069669418,22.948366346292232,44.0,3.987701649047328,111.0,4.488140467001896,56.0,2.002649441482978,59.0
종로구,행촌동,Sunrise Inwang House,1,저위험군,37.57140704,126.9606164,196520.804,452430.1564,24.5729291,-2.6282013928249945,24.323728293898114,44.0,3.663659778808519,111.0,2.911072068379606,56.0,1.058993961602153,59.0
종로구,통인동,다원,1,저위험군,37.57721877,126.9692399,197282.8235,453074.9069,23.77671722,-1.3988073267058567,23.740067969207807,44.0,3.9011740215257635,111.0,2.23397851370408,56.0,0.7987192158450719,59.0
종로구,체부동,봄 하우스(Pom House),1,저위험군,37.57593696,126.9691579,197275.536,452932.6431,31.12985767,1.8790338869102854,23.912144290767095,44.0,3.84596429794303,111.0,2.2788446927470383,56.0,0.7956003979560701,59.0
종로구,신교동,서촌 168 B&B(CHANG YEUN HO),1,저위험군,37.58069595,126.9691136,197271.7982,453460.8377,21.95205943,-2.5923252027289116,23.438083053829835,44.0,4.006462086936843,111.0,2.251858574376281,56.0,0.8317042311497684,59.0
종로구,부암동,게스트하우스 더 김스(Guesthouse The Kims),1,저위험군,37.59237563,126.9679306,197167.7487,454757.1848,27.45511768,3.1598403409355065,23.49340140484841,44.0,4.391999299924257,111.0,2.739707439472646,56.0,0.9188463981211454,59.0
종로구,이화동,페퍼베리힐 게스트하우스,1,저위험군,37.57494122,127.0058287,200514.8916,452821.6963,24.2890062,-0.6660417523099333,21.559466608328805,44.0,4.2009041428645695,111.0,4.941419365432652,56.0,2.0134343847756533,59.0
종로구,통인동,럭키엠,1,저위험군,37.57694906,126.9692021,197279.4799,453044.9733,30.8169176,5.5920416968181605,23.77392537444189,44.0,3.8898307290305922,111.0,2.243893663858198,56.0,0.7986481274386389,59.0
종로구,누상동,가치,1,저위험군,37.57684458,126.9653539,196939.5455,453033.4956,30.74196545,3.719550137885996,23.850413982291325,44.0,3.843883279630955,111.0,2.443223491141135,56.0,0.9060796515846754,59.0
종로구,명륜2가,봉하우스(Bong House),1,저위험군,37.58186939,126.9969686,199732.2374,453590.6319,33.79957014,1.3597805823093339,22.753428750157827,44.0,4.484425824759924,111.0,2.9780678582163236,56.0,3.399369149725162,59.0
종로구,체부동,헬로우 서촌,1,저위험군,37.57617953,126.9696168,197316.0847,452959.5524,31.55561401,2.674989035841719,23.862727469116656,44.0,3.861376027829632,111.0,2.230710092315768,56.0,0.7771672597225582,59.0
종로구,창신동,그루잠 게스트하우스,1,저위험군,37.57063738,127.0084943,200750.4024,452344.0379,7.687776884,-8.398577816066938,23.16366535448224,44.0,4.09225585638967,111.0,3.9856494903199753,56.0,1.9065784281210658,59.0
종로구,부암동,지 하우스(G. HOUSE),1,저위험군,37.59370438,126.9668648,197073.6732,454904.6939,28.26043007,1.1939983291472913,23.549085113385672,44.0,4.415082895606456,111.0,2.7726340656851782,56.0,0.9231680891401836,59.0
종로구,관훈동,예하도예 게스트하우스(YEHADOYE guesthouse),1,저위험군,37.57167964,126.9842664,198610.084,452459.7991,26.25423494,6.895573264968597,23.08081649733795,44.0,4.945198440089507,111.0,3.8287166884429986,56.0,-0.6536737616148454,59.0
종로구,통인동,Gyeongbokgung 155,1,저위험군,37.57591638,126.9703356,197379.5666,452930.3255,28.22655832,-1.475908099425368,23.874200162349545,44.0,3.8557451965649547,111.0,2.1618531048355125,56.0,0.739672079252021,59.0
종로구,누하동,스테이 트리니티,1,저위험군,37.57687743,126.967819,197157.2998,453037.0641,15.49033137,-6.851104455207356,23.818261114173463,44.0,3.870329865957023,111.0,2.3368697140820736,56.0,0.8440941115588682,59.0
종로구,명륜3가,블리쓰 혜화,1,저위험군,37.58122639,126.9964533,199686.7206,453519.2679,28.47778938,0.7699692396767652,22.730396803894777,44.0,4.543728443465779,111.0,2.9493535391916894,56.0,3.39631589616026,59.0
종로구,창신동,디디피하우스,1,저위험군,37.56769912,127.0105996,200936.4293,452017.9442,23.80521983,0.9491158236811081,24.377902551018845,44.0,4.1684410740115565,111.0,1.925941395796076,56.0,1.5240076099348923,59.0
종로구,효자동,네모하다,1,저위험군,37.58002549,126.9710162,197439.8358,453386.3707,18.92973675,-4.49410778574466,23.374580192999797,44.0,4.022700664026639,111.0,2.094291878557827,56.0,0.7651013602792838,59.0
종로구,창신동,뚜뚜집,1,저위험군,37.57180237,127.0085489,200755.2123,452473.3387,10.35423352,-5.760100406678076,22.54445958593781,44.0,4.050924401823011,111.0,5.1087272667397166,56.0,2.01829716062798,59.0
종로구,명륜3가,해솔스테이,1,저위험군,37.58027648,126.9968089,199718.1306,453413.8376,36.55068912,1.4927233336269907,22.65956186675156,44.0,4.5760963489528645,111.0,2.7457323292977254,56.0,3.346073521119517,59.0
종로구,관수동,SERENDIPITY,1,저위험군,37.56631775,126.9890832,199035.5306,451864.6315,12.80847297,-2.95606362028113,21.3857152615255,44.0,5.302745567977409,111.0,3.4421969736125533,56.0,1.948165941397637,59.0
종로구,행촌동,하늘 스테이,1,저위험군,37.57197814,126.9615538,196603.6436,452493.5076,26.49091559,0.9880543726244468,24.304108098252204,44.0,3.6686876839632534,111.0,2.8603133688206306,56.0,1.0227976604637516,59.0
종로구,창신동,동묘스테이,1,저위험군,37.5681,127.0143915,201271.4164,452062.4817,27.6760352,2.2817459953320522,24.353727806007775,44.0,4.112019727512609,111.0,1.3018957224147238,56.0,1.8253202953054357,59.0
중구,(필동,더붓메인,1,저위험군,37.55796716,126.9941198,199480.4429,450937.7747,25.80656169,-0.9917565381350464,24.512390943982297,44.0,6.242452087757452,111.0,1.9959308881495783,56.0,-1.544027919228516,59.0
중구,남창동,드림하우스1,1,저위험군,37.55443543,126.9776558,198025.6376,450546.0131,23.88159925,-3.0527618916225983,26.18837377497563,44.0,5.1288150367230205,111.0,1.1049894663073017,56.0,2.241546335158383,59.0
중구,(남산동,두두하우스,1,저위험군,37.55557505,126.9834242,198535.3645,450672.3918,25.5002233,0.10057097860354247,23.134116435409055,44.0,5.2045134654163245,111.0,-0.8512832116992882,56.0,2.1644264202039856,59.0
중구,(남산동,Logan,1,저위험군,37.55523004,126.9839747,198583.9983,450634.0914,35.69619967,-0.39893335880205427,22.90987564725648,44.0,5.193529718227789,111.0,-0.6959049375927603,56.0,2.147342788201078,59.0
중구,(회현동,뉴진스하우스,1,저위험군,37.55547098,126.983063,198503.4477,450660.847,20.78830523,0.20572069786209823,23.368051342077177,44.0,5.192384334849318,111.0,-0.9200863426679831,56.0,2.193595157193609,59.0
중구,(장충동,메종 마리 서울,1,저위험군,37.55729653,127.0040754,200360.09,450863.3343,19.26816273,-0.4564876908348552,25.307280547610443,44.0,5.6708234132415205,111.0,3.0370471394926764,56.0,0.9064515574237647,59.0
중구,예장동,에이치 스테이,1,저위험군,37.55348791,126.9923492,199323.9601,450440.6426,20.27632986,0.055599112849876065,25.216946455178434,44.0,5.475446979235823,111.0,1.7178662302888639,56.0,0.06483882736233659,59.0
중구,주교동,빡하우스,1,저위험군,37.56575916,126.998356,199854.7553,451802.5798,14.463949,-4.943811394037983,23.197487270581696,44.0,5.748133299074661,111.0,2.4126224218972707,56.0,1.293567554247141,59.0
중구,(남산동,별채,1,저위험군,37.55659625,126.9853795,198708.1557,450785.7042,32.10280369,-1.9287173718514055,22.40350506796653,44.0,5.368674528910491,111.0,0.1275946287887243,56.0,1.9793251475416103,59.0
중구,중림동,만리재 레지던스,1,저위험군,37.55449219,126.966788,197065.3487,450552.5966,19.22524823,-1.327018215651524,24.54074603806531,44.0,5.045837487309083,111.0,1.8453754777589508,56.0,-0.8130367431288694,59.0
중구,(남산동,마루스테이,1,저위험군,37.55605869,126.9845459,198634.4831,450726.0532,13.69649671,-6.224324567946523,22.75972614885651,44.0,5.26916916307062,111.0,-0.5000148465211087,56.0,2.0637781663930426,59.0
중구,(장충동,호호스테이,1,저위험군,37.55789604,127.0073795,200652.0341,450929.8906,36.67753868,0.018070401978931727,24.78975112238134,44.0,5.738733822087151,111.0,3.0766620424194615,56.0,0.8490389311270792,59.0
중구,(회현동,뉴썬홈,1,저위험군,37.55351514,126.9797505,198210.7085,450443.83,25.06292251,0.968473765810959,26.14523279005836,44.0,5.061645997559786,111.0,1.2350833278223052,56.0,2.333069349232889,59.0
중구,(남산동,욜로게스트하우스2,1,저위험군,37.55629987,126.9847075,198648.7689,450752.819,9.218862256,-11.600782406098604,22.738738984121873,44.0,5.302703037187795,111.0,-0.3935910398053418,56.0,2.0282910890367285,59.0
중구,(회현동,운 스테이,1,저위험군,37.55347515,126.9817323,198385.8258,450439.3557,23.11088373,2.035141928809672,25.503043127288876,44.0,5.083380054167147,111.0,0.8140336566269595,56.0,2.3389041653474503,59.0
중구,신당동,플라워니,1,저위험군,37.56006699,127.0134863,201191.5735,451170.9002,21.55693759,1.627563366530314,22.88691699967996,44.0,5.597543371699867,111.0,2.371079504986767,56.0,0.7970328040036798,59.0
중구,(회현동,명동재미하우스,1,저위험군,37.55430366,126.9835253,198544.2765,450531.2811,23.73914184,0.594122008244991,23.638104801231858,44.0,5.137010905705203,111.0,-0.5568469319985936,56.0,2.22124256467787,59.0
중구,(회현동,남산 데이지,1,저위험군,37.55426515,126.9834154,198534.5622,450527.0087,29.125951,-3.0338169289519428,23.75452607999216,44.0,5.135218107595562,111.0,-0.5476352764521106,56.0,2.2308938010079866,59.0
중구,신당동,서울 별장,1,저위험군,37.5482818,127.0043967,200388.527,449862.8084,22.48231872,-0.3937611622979773,26.282516598885007,44.0,5.520023614526376,111.0,3.011927645991586,56.0,1.6487885729818532,59.0
중구,신당동,스테이 단아,1,저위험군,37.5600535,127.013782,201217.701,451169.4067,14.57922279,-5.0615483400744985,22.816916652869168,44.0,5.582595382045591,111.0,2.322625549313074,56.0,0.8014589324167724,59.0
중구,(남산동,318 스테이 2,1,저위험군,37.55633528,126.9858649,198751.0362,450756.7331,18.32284645,0.8813441945120246,22.27151465994492,44.0,5.367508187800698,111.0,0.11042446191375133,56.0,1.9858512201420555,59.0
중구,(회현동,에이비팰리스,1,저위험군,37.55556583,126.9829405,198492.6211,450671.3762,19.89931813,-0.35943804191870043,23.43693684506573,44.0,5.201571506003557,111.0,-0.9746567423534138,56.0,2.196111535572093,59.0
중구,(장충동,남산맨션,1,저위험군,37.55915152,127.0043734,200386.4181,451069.2174,28.71945004,-4.451650135245497,24.992242602125692,44.0,5.681798145999688,111.0,3.0827575131367184,56.0,0.8603982313156421,59.0
중구,(회현동,남산인2,1,저위험군,37.5547375,126.9832888,198523.3849,450579.4359,32.13577859,0.4697574760519032,23.533137237491268,44.0,5.157586552356738,111.0,-0.7114665347420914,56.0,2.221172540700847,59.0
중구,(남산동,스페이스 게스트하우스,1,저위험군,37.55553044,126.9840557,198591.1585,450667.431,36.8543345,0.22372855220086763,22.89209640082034,44.0,5.208244629803624,111.0,-0.6995665119370891,56.0,2.124943733155329,59.0
중구,신당동,체크인서울,1,저위험군,37.55954155,127.017044,201505.9222,451112.6336,21.83536123,-0.021449855714067212,22.156957917093052,44.0,5.772462823557754,111.0,1.7467716224218468,56.0,1.121690161546257,59.0
중구,(장충동,담온정,1,저위험군,37.55895524,127.0035034,200309.5477,451047.4294,35.52341399,0.38255519724400244,25.11610804744408,44.0,5.672323883412701,111.0,3.0252924998667323,56.0,0.8766760200212855,59.0
중구,신당동,로얄 202,1,저위험군,37.54774673,127.0042897,200379.0734,449803.4217,22.95622497,-0.09112376274851997,26.356931679620047,44.0,5.490266625311024,111.0,3.0020633472515184,56.0,1.7045654558062096,59.0
중구,(회현동,서울 스테이 남산,1,저위험군,37.55405218,126.9789666,198141.4555,450503.4502,40.35077425,2.830444725060694,26.168332386239626,44.0,5.090219614011142,111.0,1.3030164019419064,56.0,2.3431578747642616,59.0
중구,신당동,후즈홈,1,저위험군,37.5476378,127.0060999,200539.0417,449791.3406,35.93322264,0.42400426969420835,26.224750305610357,44.0,5.595937268697794,111.0,3.0789506517657195,56.0,1.666897842142766,59.0
중구,신당동,스테이 아우어,1,저위험군,37.55716023,127.0091639,200809.7047,450848.2383,9.193036663,-7.446871617688128,24.375732863362114,44.0,5.784563003111162,111.0,3.018244543057053,56.0,0.8453804974841579,59.0
중구,(회현동,모데르노,1,저위험군,37.55570914,126.9829951,198497.4502,450687.281,27.90597352,-2.051032107528812,23.38442320115971,44.0,5.208568074256757,111.0,-0.9755576287187618,56.0,2.187535450942123,59.0
중구,(회현동,모던하우스,1,저위험군,37.55680325,126.983299,198524.3252,450808.7094,35.72691081,3.537691423626228,23.288405582861863,44.0,5.29686714782061,111.0,-0.482785801321291,56.0,2.073633405889968,59.0
중구,(남산동,올리브 호스텔 R1,1,저위험군,37.55502744,126.9836432,198554.703,450611.6103,28.00224232,1.5303651765977975,23.109618581231793,44.0,5.175294997507381,111.0,-0.7349438205571317,56.0,2.1807232661895375,59.0
중구,(회현동,미미스테이,1,저위험군,37.55695778,126.9830644,198503.5994,450825.8641,21.5450842,1.866523135984803,23.425468638373097,44.0,5.313774662257417,111.0,-0.43079107405575584,56.0,2.0745070998078257,59.0
중구,(회현동,부원 게스트하우스,1,저위험군,37.55411022,126.9817271,198385.3774,450509.841,17.90552541,-1.118786139742479,25.297218343021697,44.0,5.1180739833697855,111.0,0.5340908517993328,56.0,2.3381498207004134,59.0
중구,신당동,리마인드 스테이,1,저위험군,37.55594051,127.0113057,200998.9662,450712.8845,16.46465515,-5.012020796414383,23.90310299207886,44.0,5.899828060259214,111.0,2.869539489402136,56.0,0.899651782272525,59.0
중구,(회현동,명동스테이,1,저위험군,37.55402509,126.9817517,198387.5448,450500.3921,18.41703766,-0.5371519601371801,25.310526426542744,44.0,5.114235638425962,111.0,0.5645203749411313,56.0,2.3372546585921414,59.0
중구,예장동,오프투남산,1,저위험군,37.5532905,126.9938832,199459.503,450418.7225,31.45039322,-0.2961194761501815,25.321908271413342,44.0,5.472933119690904,111.0,1.8539031902970606,56.0,-0.7758594197636605,59.0
중구,(회현동,로지월드,1,저위험군,37.55435848,126.9806218,198287.7152,450537.4144,19.61140854,-0.7937475938190133,26.020964230207795,44.0,5.117271762715723,111.0,1.0239395750829436,56.0,2.380163210098884,59.0
중구,(회현동,코코앤벨 명동,1,저위험군,37.5538982,126.9803521,198263.8708,450486.3338,29.56960495,-1.4234663447220903,26.107019068266414,44.0,5.088489212110831,111.0,1.1981869704999821,56.0,2.404128923513892,59.0
중구,(남산동,레드2,1,저위험군,37.55566706,126.9840224,198588.2196,450682.5947,35.25850078,-0.496258348385787,22.900082238668727,44.0,5.21510935202099,111.0,-0.7137742996108098,56.0,2.1185323380512813,59.0
중구,(남산동,24 게스트하우스 남산가든 2,1,저위험군,37.55610674,126.9843092,198613.572,450731.3897,31.483564,-4.377441869309045,22.822769297920573,44.0,5.258803120066662,111.0,-0.5146243530380916,56.0,2.0723820916652027,59.0
중구,(장충동,남산까미노,1,저위험군,37.55584198,127.0015998,200141.3541,450701.8899,31.65904538,-3.583303026987469,25.855855815732845,44.0,5.64639019966789,111.0,2.8609522224196917,56.0,0.9234552228374342,59.0
중구,순화동,제이덥하우스,1,저위험군,37.55742715,126.9712781,197462.1986,450878.2115,22.73664626,4.927918021871022,24.473212970141006,44.0,5.303926332683881,111.0,2.4824207180799043,56.0,1.2432902780710102,59.0
중구,(회현동,서울 타이완 게스트하우스2,1,저위험군,37.55540888,126.9794086,198180.5408,450654.0191,18.12509687,-1.5977056830725545,26.14662036877362,44.0,5.210418506858426,111.0,1.208972626255032,56.0,2.4989671217566287,59.0
중구,묵정동,펠리스 까사,1,저위험군,37.55934393,126.9999488,199995.4718,451090.5636,34.60945779,5.4625913737347105,25.148830387790184,44.0,5.713196929038976,111.0,2.7841029898435936,56.0,0.7727138873526276,59.0
중구,필동,레인보우게스트하우스,1,저위험군,37.55134369,126.9957385,199623.434,450202.6409,22.81301518,2.7370396551941845,26.205546623734747,44.0,5.19347043511562,111.0,2.256304231467871,56.0,1.0496804172865297,59.0
중구,(회현동,1012 하우스 남산,1,저위험군,37.5548967,126.9832748,198522.1519,450597.1054,32.09503484,0.6584822266423913,23.44113235946849,44.0,5.16525924233146,111.0,-0.7576134349612305,56.0,2.2154114537196126,59.0
중구,(회현동,서울 타이완 게스트하우스,1,저위험군,37.55540888,126.9794086,198180.5408,450654.0191,18.14092312,-1.5818794330725545,26.14662036877362,44.0,5.210418506858426,111.0,1.208972626255032,56.0,2.4989671217566287,59.0
중구,(남산동,그랜드필드게스트하우스,1,저위험군,37.55645228,126.9832,198515.5716,450769.7574,22.1395959,3.573382953640998,23.266263253981553,44.0,5.279131699598477,111.0,-0.9477934773901415,56.0,2.1138120864758227,59.0
중구,(회현동,IU게스트하우스,1,저위험군,37.55505357,126.9829111,198490.0157,450614.5219,21.97458873,0.31631928452509683,23.65512021029789,44.0,5.1680145838686595,111.0,-0.8578076756421845,56.0,2.2402997524821853,59.0
중구,(장충동,USB하우스,1,저위험군,37.55785413,127.002724,200240.6858,450925.217,26.89529489,-0.4541443264262952,25.448620771555916,44.0,5.656348890543246,111.0,2.9726516684578623,56.0,0.8947461168668444,59.0
중구,(남산동,제이가든,1,저위험군,37.55631897,126.9857705,198742.6922,450754.9241,18.4814873,0.9929725581626201,22.308788132337337,44.0,5.364155099502421,111.0,0.049133880962333454,56.0,1.9976337372362507,59.0
중구,(회현동,엔포시즌,1,저위험군,37.55429276,126.9788286,198129.265,450530.1545,29.81729986,3.683839707940045,26.2069724174621,44.0,5.11150752518091,111.0,1.3185463837252,56.0,2.3775013756538836,59.0
중구,(회현동,B my guesthouse,1,저위험군,37.55570832,126.9831067,198507.3156,450687.1882,19.58957264,0.17211134373929582,23.317994965201322,44.0,5.208231044782105,111.0,-0.9427333724034803,56.0,2.178457522929306,59.0
중구,(남산동,게스트하우스(수),1,저위험군,37.55627607,126.9856969,198736.1909,450750.1637,34.12694385,2.0671517623625775,22.361931726081806,44.0,5.358851796687454,111.0,-0.03007774502534477,56.0,2.0017557842580844,59.0
중구,(회현동,남산 스테이,1,저위험군,37.55346464,126.9794584,198184.8966,450438.2307,26.99258162,1.0233997677302966,26.09372426605096,44.0,5.055305754275718,111.0,1.1897512212179542,56.0,2.2850640301591993,59.0
중구,중림동,오성 매니지먼트,1,저위험군,37.5560557,126.9675761,197135.0478,450726.1032,17.59138735,-6.988686912301759,24.69386285655108,44.0,5.125279504646009,111.0,2.255437400113243,56.0,0.25490972519644106,59.0
중구,(회현동,남산루프탑,1,저위험군,37.55445981,126.9804108,198269.0769,450548.6647,22.29167437,0.5169746920999785,26.064869082205895,44.0,5.125205547807274,111.0,1.0754621330961767,56.0,2.393761966828558,59.0
용산구,이태원동,Guest house Itawon hills,1,저위험군,37.52719777,126.9940189,199471.3096,447522.7472,29.47517637,0.2622013093895674,26.550627240762118,44.0,4.903582690441887,111.0,2.056497898217869,56.0,1.0916265871112025,59.0
용산구,이태원동,이태원G 게스트하우스,1,저위험군,37.53047012,126.9941757,199485.1913,447885.9365,27.96016622,-0.487748919367732,26.426267503834257,44.0,4.979220793701134,111.0,2.2513646463695185,56.0,1.1088498562739806,59.0
용산구,이태원동,RTR E,1,저위험군,37.53214143,126.9875495,198899.5311,448071.4881,29.35134199,-0.2764789762463771,25.92260876863707,44.0,4.997035084316523,111.0,2.4866761363958254,56.0,1.0653040262611786,59.0
용산구,이태원동,제이바이 하우스,1,저위험군,37.53056717,126.990431,199154.2028,447896.7349,32.44909542,-0.12745874484695463,26.679199857718388,44.0,4.9655178461931015,111.0,2.3419282565516584,56.0,1.0689465548460948,59.0
용산구,이태원동,OHOO house(오후 하우스),1,저위험군,37.53233323,126.9868026,198833.5201,448092.7846,29.77558791,0.16063560896706264,25.816841902225804,44.0,4.992636934622065,111.0,2.519529047629801,56.0,1.0629687309757279,59.0
용산구,보광동,이정표(milestone),1,저위험군,37.52378498,127.0014206,200125.5782,447143.9542,31.24713313,0.8838508186580611,25.296872547741327,44.0,4.73922236377449,111.0,2.1232340518121946,56.0,1.0084187883896758,59.0
용산구,동빙고동,House Bong,1,저위험군,37.52012951,126.9939,199460.7505,446738.2595,21.73664058,-6.800967831310537,23.992666173775085,44.0,4.677096695315756,111.0,2.424578763576088,56.0,0.955137275835118,59.0
용산구,이태원동,MINGOO HOUSE,1,저위험군,37.53222403,126.9903962,199151.1413,448080.6262,35.97828826,1.0801519875178158,26.53297557740791,44.0,5.016056552022151,111.0,2.4153656093786955,56.0,1.0806761771356042,59.0
용산구,이태원동,세리 하우스,1,저위험군,37.53197978,126.9877729,198919.271,448053.5444,29.11162761,-0.6067580959797851,25.99707513280697,44.0,4.995002975257649,111.0,2.4684853250809047,56.0,1.0648771193022062,59.0
용산구,후암동,Casa de Abuela,1,저위험군,37.54552204,126.9779489,198051.3087,449556.7278,18.39708947,-3.5397112952235297,22.4130744218095,44.0,4.671781774185425,111.0,1.1891945536450101,56.0,-0.272482019769559,59.0
용산구,이태원동,랑드하우스,1,저위험군,37.53061665,126.9904544,199156.2682,447902.2264,34.4098952,0.861309033837891,26.68001189794078,44.0,4.967346931645881,111.0,2.342528818457139,56.0,1.0694544966657262,59.0
용산구,이태원동,꿀잠,1,저위험군,37.53197478,126.987266,198874.4742,448052.9954,20.40682349,1.1976544188965406,25.94920438756965,44.0,4.987653030231712,111.0,2.480314248573446,56.0,1.0624244481518534,59.0
용산구,이태원동,WYW STAY,1,저위험군,37.53100024,126.9906236,199171.2297,447944.7986,22.042114,-2.5284332772801292,26.68990935809832,44.0,4.975633465642063,111.0,2.3506400796085947,56.0,1.073450722734784,59.0
용산구,이태원동,잠인서울,1,저위험군,37.53090392,126.9940942,199477.9941,447934.0834,27.35177701,0.08921210536067647,26.424683526742022,44.0,4.992190130024876,111.0,2.2762607462450766,56.0,1.105471679128183,59.0
용산구,이태원동,스테이 미드센트리,1,저위험군,37.53083297,126.9921333,199304.6653,447926.2215,29.20551961,0.10544718604003833,26.635754997671,44.0,4.98474941204935,111.0,2.3197184309326246,56.0,1.0869174513817188,59.0
용산구,이태원동,메종 이태원,1,저위험군,37.53371292,126.9885745,198990.1477,448245.8926,29.58524553,-2.3876476952096866,25.61301577074656,44.0,5.065238767488308,111.0,2.547070307627373,56.0,1.080903519743546,59.0
용산구,이태원동,이루다 이태원,1,저위험군,37.53015695,126.9927666,199360.6407,447851.1872,25.51331304,-1.9429044996938067,26.541196956935252,44.0,4.970863201734682,111.0,2.2842890889371854,56.0,1.0934508064611967,59.0
용산구,(용산동,우주민박 003,1,저위험군,37.53763298,126.9857569,198741.1781,448681.0051,30.68335164,0.4937511693344696,25.855075650011944,44.0,5.110473621286678,111.0,2.344280261154242,56.0,1.0843502106100733,59.0
용산구,이태원동,Antron,1,저위험군,37.53466996,126.9865553,198811.6972,448352.1359,24.57647522,-1.2464188771285158,25.43570912342306,44.0,5.082610804514673,111.0,2.501864200250951,56.0,1.0700459183944788,59.0
용산구,갈월동,JJ house,1,저위험군,37.54351403,126.9720818,197532.7558,449334.0009,21.7333349,1.3040778621649132,22.82555411390994,44.0,4.5635657319607414,111.0,1.5904822018296532,56.0,-0.579844245899901,59.0
용산구,이태원동,윤스테이,1,저위험군,37.53200106,126.9875924,198903.3164,448055.9083,28.89911451,-0.71864349873508,25.971309181395505,44.0,4.993626613010992,111.0,2.474547660714938,56.0,1.064209847774079,59.0
용산구,원효로3가,Cozy Yongsan Castle,1,저위험군,37.53198592,126.9553534,196053.7909,448055.0923,23.51190613,-5.209187122673722,24.452873300391786,44.0,3.6700980162109116,111.0,2.238031830923017,56.0,0.5512345144551912,59.0
용산구,이태원동,S.J. HOUSE,1,저위험군,37.53362503,126.9878004,198921.7262,448236.1465,28.64199097,-0.42322854350651795,25.572258189344126,44.0,5.054034939342578,111.0,2.547177205504709,56.0,1.0762125287037607,59.0
용산구,갈월동,스테이오,1,저위험군,37.54538654,126.9717642,197504.7462,449541.8351,29.40133386,-0.33129556799749693,22.659352995111988,44.0,4.640143335731403,111.0,1.576290254207322,56.0,-0.6031996796437841,59.0
용산구,원효로2가,올라,1,저위험군,37.5342264,126.9624134,196677.9093,448303.4851,32.95207552,1.5051622867630101,24.829837970266198,44.0,3.694460628331581,111.0,1.8873685012720292,56.0,0.47236974869263104,59.0
용산구,후암동,남산 슬로우 스테이,1,저위험군,37.54961122,126.9778138,198039.4706,450010.5803,21.92766579,-0.036704181533821156,23.42160171033919,44.0,4.8340290560248125,111.0,0.662469270066859,56.0,1.2356704658057387,59.0
용산구,이태원동,Comfy Stay,1,저위험군,37.53052295,126.9913163,199232.4518,447891.8195,27.47784635,-3.2729090024158864,26.668618301906726,44.0,4.9643048832744014,111.0,2.3263671477016237,56.0,1.0774388425959023,59.0
용산구,이태원동,Your House Modern&Bright,1,저위험군,37.53209466,126.9882259,198959.3149,448066.2895,18.72851871,-0.06648935542870404,26.012247150906184,44.0,4.994895010676072,111.0,2.4656896769991405,56.0,1.0681189054876359,59.0
용산구,이태원동,이태원 스테이,1,저위험군,37.53202163,126.988515,198984.8703,448058.181,20.35893908,0.7270070379656275,26.077493946185893,44.0,4.995165627520983,111.0,2.452621085189497,56.0,1.0689342156845816,59.0
용산구,이태원동,Solip house,1,저위험군,37.53254143,126.98831,198966.7527,448115.8746,28.50430267,-0.8308833545334053,25.890349342284036,44.0,5.015854580750463,111.0,2.5010346941798174,56.0,1.0721961540499918,59.0
용산구,원효로1가,코지하우스,1,저위험군,37.53778672,126.9660989,197003.7914,448698.5131,27.873504,-2.474373911346074,24.56599897670061,44.0,3.927906792957846,111.0,1.7754598480416663,56.0,-0.21383288508309012,59.0
용산구,이태원동,이태원 루프탑 BBQ STAY,1,저위험군,37.53035648,126.9960721,199652.8179,447873.3152,22.04370977,-4.275405059965557,26.332804979902726,44.0,4.981211372442628,111.0,2.1763305487348097,56.0,1.122286973884096,59.0
용산구,이태원동,루미하우스,1,저위험군,37.53043673,126.9913832,199238.3677,447882.2496,33.33062586,2.726893125245148,26.667389471304737,44.0,4.964580944660959,111.0,2.322967448113718,56.0,1.078033523606452,59.0
용산구,이태원동,코코치요,1,저위험군,37.5300038,126.990955,199200.5146,447834.2033,30.49796875,-1.0424598157652483,26.670301298238563,44.0,4.949407660635482,111.0,2.318919621870646,56.0,1.0718854571634873,59.0
용산구,이태원동,Nine House,1,저위험군,37.53389463,126.9886718,198998.7518,448266.0592,11.36265032,-7.904821579442427,25.557980211585733,44.0,5.071898333054265,111.0,2.5422833522455073,56.0,1.0825107967275145,59.0
용산구,신창동,마이룸인서울,1,저위험군,37.53244176,126.9534896,195889.0727,448105.7647,31.15370284,-0.2831494367515468,24.48114665204847,44.0,3.695085193731111,111.0,2.317297634625727,56.0,0.745775376460308,59.0
용산구,이태원동,아르못,1,저위험군,37.52950823,126.9915067,199249.2692,447779.1966,23.24560971,1.7849361031000477,26.66394183540759,44.0,4.9540810316307455,111.0,2.290845926390625,56.0,1.077278699292724,59.0
용산구,이태원동,Sunlit Stay,1,저위험군,37.53174794,126.9888373,199013.3549,448027.8013,19.94523257,0.2880794001354481,26.229948901245074,44.0,4.992367474868397,111.0,2.425879739307681,56.0,1.0682485576231233,59.0
용산구,갈월동,갈월 스테이(Galwol Stay),1,저위험군,37.54624897,126.971949,197521.1058,449637.5496,16.97821835,-1.138738491736376,22.51790604701542,44.0,4.677590335214841,111.0,1.537430777648669,56.0,-0.6621687285326026,59.0
용산구,이태원동,나이브 하우스,1,저위험군,37.53258983,126.9901728,199131.3989,448121.2275,36.61259436,1.7406033979403617,26.243618448420072,44.0,5.029207106689703,111.0,2.4480593997648286,56.0,1.0817887746373938,59.0
용산구,이태원동,Stunning house,1,저위험군,37.53183346,126.9874456,198890.3466,448037.3085,20.96809498,1.3651771277448148,26.007888271896366,44.0,4.983975400920708,111.0,2.4655386080896866,56.0,1.0618958925057276,59.0
용산구,이태원동,아이보리,1,저위험군,37.53126467,126.9927197,199356.5065,447974.1307,29.99367715,0.5831978212343216,26.592278427478846,44.0,4.9990439136950195,111.0,2.3211239259272327,56.0,1.0955875268651194,59.0
용산구,한남동,한남스테이,1,저위험군,37.54111269,127.0027569,200243.642,449067.1186,31.84428073,1.204866375617442,27.489753163819202,44.0,5.346263156112138,111.0,2.740844946092194,56.0,2.331193316493293,59.0
용산구,이태원동,사운즈 인(SOUNDS INN),1,저위험군,37.53093633,126.9886229,198994.3892,447937.7249,21.82257045,1.2484789674588974,26.455151271807434,44.0,4.96023743743646,111.0,2.3869786189590725,56.0,1.0590006243030432,59.0
용산구,(청파동,mila house 2,1,저위험군,37.54757952,126.9645972,196871.4764,449785.4438,24.24423195,0.2608417766205342,23.460593748761486,44.0,4.517498352485865,111.0,1.7878145363940734,56.0,-0.2513272726363125,59.0
용산구,동빙고동,이스트빙고,1,저위험군,37.51935551,126.9940935,199477.8473,446652.3541,24.84955727,-1.5594727423662889,23.912871366374564,44.0,4.64559550068457,111.0,2.445604124105646,56.0,0.9460067360637265,59.0
용산구,(용산동,매버릭스 게스트하우스,1,저위험군,37.54071299,126.9873864,198885.2444,449022.828,27.54175872,5.469514240221105,26.53935551912712,44.0,5.07138540440523,111.0,1.8466654543084204,56.0,1.2504229502810393,59.0
용산구,후암동,serene seoul,1,저위험군,37.54454759,126.9747256,197766.4283,449448.6474,24.35754396,1.4098996632195337,22.54697502398932,44.0,4.629197742785395,111.0,1.4318486459408057,56.0,-0.6348486475964382,59.0
용산구,효창동,소요 서울,1,저위험군,37.54030523,126.9577779,196268.4988,448978.3346,25.85355141,4.601179977673453,24.928180679983416,44.0,3.93650726780293,111.0,2.5506980714166354,56.0,0.5267826679638195,59.0
용산구,이태원동,Starts of Itaewon,1,저위험군,37.53166891,126.9874533,198891.023,448019.0454,21.37089193,1.5356188588780917,26.058527423220617,44.0,4.976609848967158,111.0,2.453776519231545,56.0,1.0602776651947194,59.0
용산구,이태원동,투서울,1,저위험군,37.52983145,126.9911583,199218.4799,447815.0728,24.53829233,2.7250129871924287,26.673913350892896,44.0,4.953736246620258,111.0,2.3089912867460045,56.0,1.0737394071231692,59.0
용산구,(청파동,스테이 오로라(Stay Aurora),1,저위험군,37.53898594,126.9674435,197122.67,448831.5698,28.89354236,-0.31860553080258924,24.090125553144023,44.0,4.0436427861212305,111.0,1.748068547883194,56.0,-0.32730074252684943,59.0
용산구,원효로2가,STAY CHARM,1,저위험군,37.53455276,126.9622298,196661.691,448339.7135,24.38013639,-6.524372487863623,24.918404933759334,44.0,3.707100441085159,111.0,1.8714320025342053,56.0,0.4544716460109386,59.0
용산구,이태원동,찰리애니홈,1,저위험군,37.52910989,126.9911222,199215.2788,447734.9889,20.30966451,-0.09832597392679432,26.703115515739253,44.0,4.941483252108752,111.0,2.285373876147042,56.0,1.0699394237324529,59.0
용산구,동빙고동,니나노 인테리어,1,저위험군,37.52083551,126.9937082,199443.803,446816.6177,23.11218379,-7.8446349379302625,24.08624519740455,44.0,4.702646733996518,111.0,2.4033233919782497,56.0,0.9641025907816598,59.0
용산구,남영동,NY room,1,저위험군,37.5398956,126.9732156,197632.8373,448932.37,20.24304271,0.7306835213820086,23.157368323249525,44.0,4.443513819956685,111.0,1.517104306467696,56.0,-0.5122452672142801,59.0
용산구,이태원동,이태원 561,1,저위험군,37.53480122,126.9861959,198779.9313,448366.7087,23.60897176,-1.6788883218211552,25.430877894963814,44.0,5.080673748210326,111.0,2.4894548383598165,56.0,1.0660954817772037,59.0
용산구,문배동,88하우스 용산,1,저위험군,37.53333448,126.9683834,197205.534,448204.2988,25.20935344,-1.6511042866219299,24.122348572541185,44.0,3.6693940174476256,111.0,1.822806084480565,56.0,-0.27181050566181214,59.0
용산구,갈월동,장하우스(Jang House),1,저위험군,37.5445589,126.9720923,197533.7199,449449.9685,27.33146443,-0.08460030362696358,22.721993175897058,44.0,4.608581024135186,111.0,1.5806079813945275,56.0,-0.5998384071109416,59.0
용산구,한강로3가,한강뷰(Han river View),1,저위험군,37.52878416,126.9548128,196005.8368,447699.7594,19.25882653,-2.840996743449981,24.540936201225346,44.0,3.578217351000374,111.0,2.115193658389031,56.0,0.05478170215506505,59.0
용산구,한남동,UN게스트하우스,1,저위험군,37.53312813,127.0108903,200962.5523,448180.9825,29.48363999,0.44771365102984007,27.180903790660558,44.0,5.016941881652507,111.0,2.112283237297453,56.0,1.5952221697492228,59.0
용산구,이태원동,아보카도 게스트하우스,1,저위험군,37.53096713,126.9902497,199138.1798,447941.1272,35.118778,1.2767974023463537,26.67455472931757,44.0,4.975119249060614,111.0,2.3565095155930127,56.0,1.0704114798316013,59.0
용산구,이태원동,Maji's house,1,저위험군,37.53267679,126.9891827,199043.8942,448130.8886,32.42775273,0.3882522838801705,25.942754844991736,44.0,5.025730144613705,111.0,2.4871069331862206,56.0,1.0773086403143113,59.0
용산구,이태원동,카메 게스트하우스,1,저위험군,37.53055405,126.9911972,199221.9222,447895.2722,36.79271371,2.9616189039727843,26.671324147636415,44.0,4.964341308147362,111.0,2.3291886208675594,56.0,1.076474355666579,59.0
용산구,이태원동,Good Stay,1,저위험군,37.52951501,126.9907408,199181.5753,447779.9555,31.48122241,-0.20138736712933536,26.69504077582957,44.0,4.939329267314604,111.0,2.306745329456497,56.0,1.067243526157356,59.0
용산구,이태원동,알리바바,1,저위험군,37.53016797,126.9962007,199664.184,447852.3924,35.87484373,-0.22293117518234595,26.336531667177205,44.0,4.980340257850001,111.0,2.1678949196496347,56.0,1.123083384518608,59.0
용산구,이태원동,Parched Mansion,1,저위험군,37.5324492,126.9877944,198921.1816,448105.644,20.32589522,1.0894556721933206,25.860459255927836,44.0,5.005995096343635,111.0,2.506728674612539,56.0,1.069099593952632,59.0
용산구,후암동,그린 어바니스트,1,저위험군,37.55080241,126.9771944,197984.7743,450142.8012,25.41295299,-7.642187504220615,24.30359728591175,44.0,4.855833415625323,111.0,0.5778675213660383,56.0,1.3875794510368036,59.0
용산구,이태원동,DON'S HOUSE,1,저위험군,37.53206541,126.9905106,199161.2545,448063.0203,40.67229586,4.660413506309702,26.68411087058395,44.0,5.010600584711926,111.0,2.402565930867898,56.0,1.080319138857376,59.0
용산구,갈월동,SI스테이,1,저위험군,37.54397707,126.9720811,197532.7092,449385.3927,24.29774097,-3.3181489988174278,22.786399803868214,44.0,4.584022373811621,111.0,1.588242763299568,56.0,-0.5811322510094966,59.0
용산구,후암동,서울 비앤비(Seoul B&B),1,저위험군,37.55077832,126.9770456,197971.6187,450140.1307,16.62248961,-6.201827197836526,24.177581327902356,44.0,4.853940021426002,111.0,0.5797900174576257,56.0,1.3467884055798054,59.0
용산구,한강로3가,딩딩네,1,저위험군,37.53123905,126.9629067,196721.378,447971.9088,25.66261234,0.608813790834482,24.516418792155353,44.0,3.5717897428199037,111.0,1.8866822403262127,56.0,-0.06328443050350221,59.0
용산구,이태원동,보리하우스,1,저위험군,37.5301663,126.9912521,199226.7717,447852.2363,36.62190702,2.594272192579723,26.66927704302335,44.0,4.958542322777309,111.0,2.317898622478481,56.0,1.0760929962750396,59.0
용산구,이태원동,구초이스,1,저위험군,37.53361877,126.9884383,198978.1092,448235.4446,36.35820315,1.0637274439085402,25.620322799602583,44.0,5.060156222684593,111.0,2.5492246117817983,56.0,1.079907584459964,59.0
용산구,이태원동,Naun Stay,1,저위험군,37.53037537,126.9926227,199347.9215,447875.4301,22.23595441,-3.784083396561929,26.558995619791098,44.0,4.975414930879951,111.0,2.29611925762611,56.0,1.0912940494721788,59.0
용산구,이태원동,에어181,1,저위험군,37.53249243,126.9897664,199095.4799,448110.4212,17.65228408,-4.834579642721987,26.16094149046351,44.0,5.022501426760287,111.0,2.452977412655044,56.0,1.0789480221583654,59.0
용산구,후암동,라오테아로아 남산맨숀,1,저위험군,37.54647167,126.9789649,198141.1117,449662.1047,23.45770181,3.2977248028952744,22.364841057607276,44.0,4.710985425966279,111.0,1.0055768487460015,56.0,0.22570635701320096,59.0
용산구,이태원동,GNTD stay(지앤티디 스테이),1,저위험군,37.53386553,126.9884442,198978.6367,448262.8319,19.44705212,-0.9656773505137402,25.54760891494039,44.0,5.070301139874089,111.0,2.5427112867632906,56.0,1.0811304355125881,59.0
성동구,옥수동,River View (리버뷰),1,저위험군,37.54051578,127.010763,200951.2068,449000.9197,29.12278957,1.509193310230014,26.994973131843803,44.0,5.6428594077312155,111.0,2.742470477736211,56.0,2.529045852814527,59.0
성동구,성동,서울숲 휴,1,저위험군,37.54377511,127.0415632,203673.1006,449363.4231,23.83074501,-1.2645740741648588,27.531010963835527,44.0,4.285844377104842,111.0,2.4119372470571614,56.0,2.069675708666908,59.0
성동구,성동,cozy house,1,저위험군,37.53687774,127.0478318,204227.4709,448598.1625,36.96690177,6.20943619055268,26.026024939241317,44.0,3.963352715643094,111.0,1.748871886939443,56.0,1.74710452578021,59.0
성동구,마장동,Move stay,1,저위험군,37.56407313,127.0361667,203195.3202,451616.0638,26.6480829,-3.0858635033167374,24.396277312859496,44.0,4.590667257677987,111.0,2.2034081110832826,56.0,2.779283852895754,59.0
성동구,성동,히어앳홈,1,저위험군,37.54297218,127.0457442,204042.6295,449274.4792,26.95904816,-5.47105091371694,27.370551414104085,44.0,4.134684145165603,111.0,2.275954240604346,56.0,1.9512537459760024,59.0
성동구,성동,랑가네집,1,저위험군,37.53933326,127.0536334,204740.0668,448870.9718,38.81691996,1.347965590780845,24.803863290986556,44.0,3.8662356022689783,111.0,1.570590479070775,56.0,1.7053367357364664,59.0
성동구,홍익동,소울 스테이,1,저위험군,37.56265294,127.0326866,202887.9096,451458.3268,34.74568015,1.9186338788891462,24.218198049377705,44.0,4.653990140833057,111.0,1.9738567425676732,56.0,2.7544435133969967,59.0
성동구,성동,모나크,1,저위험군,37.54389376,127.0404783,203577.2181,449376.55,33.87478782,0.7502258118346674,27.43074047600148,44.0,4.332788407391247,111.0,2.3912026338600962,56.0,2.10200759842433,59.0
성동구,송정동,퀘보 스페이스 성수,1,저위험군,37.54664887,127.0665446,205880.5745,449683.6449,21.04471833,-3.16265103108573,22.958147302114632,44.0,3.7823524487222304,111.0,1.4794059910508561,56.0,1.6178488709115941,59.0
성동구,성동,단잠성수 1호점,1,저위험군,37.53658526,127.0610563,205396.2946,448566.3775,20.32439148,-7.488568285306826,23.132513873570844,44.0,3.622200094857118,111.0,1.1014931386830442,56.0,1.5555379631017312,59.0
성동구,성동,스테이성수,1,저위험군,37.54750301,127.0479806,204240.015,449777.445,37.20949941,3.3677461745813133,27.490033302000704,44.0,4.142021485694309,111.0,2.534141193263679,56.0,1.9801670011176418,59.0
성동구,성동,오늘 성수 스테이,1,저위험군,37.54388005,127.0583276,205154.6263,449375.8572,33.04298168,-1.3707890714461968,24.08604132036014,44.0,3.8711292794217065,111.0,1.6415711194565439,56.0,1.7043403637587988,59.0
성동구,성동,벨르하우스,1,저위험군,37.54256253,127.0451981,203994.3899,449228.9897,28.77788976,4.552623121449287,27.376991707502572,44.0,4.143217497738066,111.0,2.271429868531506,56.0,1.9593271337651106,59.0
성동구,하왕십리동,공간의 의미,1,저위험군,37.55751168,127.0283782,202507.43,450887.5841,33.95034703,3.1993581209544217,23.753576106446868,44.0,5.075522580681958,111.0,1.404545579709624,56.0,2.673155181597833,59.0
성동구,성동,더 코지 성수,1,저위험군,37.53704838,127.0610444,205395.2139,448617.7774,14.0780194,-7.110047111640023,23.22428415061585,44.0,3.6373815198255968,111.0,1.153369072492864,56.0,1.559672959721755,59.0
성동구,행당동,도심속 캠핑장,1,저위험군,37.55717261,127.0341822,203020.2693,450850.122,26.72060881,-2.1029982048644307,24.45870062388725,44.0,4.78638556667703,111.0,1.8432657373861707,56.0,2.7842563270333223,59.0
성동구,행당동,로망((Rom an),1,저위험군,37.55618117,127.0392658,203469.4964,450740.2594,13.05571276,-6.371638057968033,25.399166874831426,44.0,4.6653986742377365,111.0,2.1300904575115243,56.0,2.4531321517209213,59.0
성동구,성동,그린 리추얼 하우스,1,저위험군,37.53686231,127.0606821,205363.1986,448597.1052,26.61025058,-1.8469270430242872,23.220913479104283,44.0,3.6377114321697737,111.0,1.1521078844921457,56.0,1.5605147902544239,59.0
성동구,성동,빌라드 성수,1,저위험군,37.54398633,127.0432141,203818.979,449386.9317,38.22013668,-0.3451563954367316,27.5856787937479,44.0,4.230408141114308,111.0,2.4527182396423637,56.0,2.030704407131977,59.0
성동구,행당동,노엘의 휴일,1,저위험군,37.55342491,127.0331536,202929.5301,450434.1394,17.22842076,-2.278443496088638,25.029712845196737,44.0,4.8406905643701865,111.0,1.8843431275273517,56.0,2.5582791493276216,59.0
성동구,행당동,메종드양(Maison de Yong),1,저위험군,37.55698293,127.0342564,203026.8305,450829.0722,28.01388029,1.0909604613468105,24.48756990651174,44.0,4.785119230789359,111.0,1.8516320683999803,56.0,2.7760192857804284,59.0
성동구,마장동,유얼스테이,1,저위험군,37.5596896,127.0415603,203672.0643,451129.7407,29.00481329,3.860848121417252,24.999017519611808,44.0,4.601215316648488,111.0,2.1887865383862963,56.0,2.509569555817431,59.0
성동구,성동,성수스테이,1,저위험군,37.54406168,127.0418493,203698.3666,449395.2401,35.04463421,0.16180983305904562,27.51422201183607,44.0,4.280965330125311,111.0,2.3987078546850853,56.0,2.06547027783829,59.0
성동구,성동,ATOZ Seongsu forest(아토즈 성수포레스트),1,저위험군,37.53940387,127.0518522,204582.6435,448878.7204,38.02732974,3.887102794104621,25.264476413866383,44.0,3.908401368486116,111.0,1.6762709709082013,56.0,1.7429034201502236,59.0
성동구,성동,STAY YEON 성수,1,저위험군,37.5372255,127.0615219,205437.4025,448637.4631,22.4550145,-5.9821443491817625,23.216247548426324,44.0,3.6342928726161947,111.0,1.1480238128057298,56.0,1.5574848947511446,59.0
성동구,행당동,소담 스테이,1,저위험군,37.55702579,127.0344986,203048.2318,450833.8369,28.79176005,1.584806503336008,24.52455475230436,44.0,4.777107425410511,111.0,1.868895812653543,56.0,2.7702246866678064,59.0
성동구,성동,성쉼당,1,저위험군,37.53354749,127.0593703,205247.4949,448229.1269,22.60861314,3.0779398873459805,22.876465674774202,44.0,3.567142193440069,111.0,0.9456068661256476,56.0,1.5266764279027427,59.0
성동구,성동,초이 인 서울,1,저위험군,37.53538366,127.0524301,204633.9692,448432.5546,24.14500168,2.3309236691132043,24.584200461355607,44.0,3.7912462019449324,111.0,1.3856492011509747,56.0,1.6332439125825324,59.0
성동구,성동,Happy 101,1,저위험군,37.54788162,127.0446543,203946.0528,449819.3213,29.37942155,-3.511022371979184,27.169518048769604,44.0,4.257767076250775,111.0,2.508023438190029,56.0,2.0800931912048566,59.0
성동구,성동,모노성수,1,저위험군,37.53295666,127.0586998,205188.2766,448163.5149,28.47342561,2.6295416130997253,22.99033877017508,44.0,3.5612140297872212,111.0,1.0196130592467871,56.0,1.5173045962037879,59.0
성동구,행당동,한양 스테이,1,저위험군,37.55387875,127.0418048,203693.946,450484.815,32.85502502,-2.008309743639728,25.897205004134776,44.0,4.509907593991264,111.0,2.256668588464353,56.0,2.2374187060698074,59.0
성동구,성동,메종 아미,1,저위험군,37.54470296,127.0401487,203548.0465,449466.3489,33.27161475,0.24176653438851758,27.31467863737493,44.0,4.366872663786185,111.0,2.375349780130001,56.0,2.1224470969665035,59.0
성동구,성동,오늘도 성수,1,저위험군,37.53647605,127.0610843,205398.7754,448554.2581,22.1206161,-5.7938378915751265,23.107352085472108,44.0,3.6181972539467395,111.0,1.087232200185081,56.0,1.5546122276647316,59.0
성동구,마장동,Joony stay,1,저위험군,37.56032254,127.0384639,203398.4478,451199.8731,20.45941434,1.9014167466178016,24.530831200692255,44.0,4.652833198929169,111.0,2.094101950018933,56.0,2.7396987814003486,59.0
성동구,송정동,루프하우스,1,저위험군,37.54816492,127.067404,205956.3994,449851.9623,17.98744218,-2.271773569740219,22.78789687509797,44.0,3.7841419051113947,111.0,1.5131436015119184,56.0,1.6130182706921092,59.0
성동구,성동,제이드하우스,1,저위험군,37.55333507,127.0236551,202090.2205,450423.9146,11.52159054,-7.829860538368562,23.169680748824348,44.0,5.8597913784944495,111.0,1.1046021768424432,56.0,2.1562237889364293,59.0
성동구,행당동,코지네스트,1,저위험군,37.5582965,127.0391251,203456.9594,450975.0308,24.7547898,2.5379409854834307,24.988125680987075,44.0,4.662957299728481,111.0,2.113864230029435,56.0,2.5775722877757827,59.0
성동구,사근동,사근마을호텔,1,저위험군,37.55790398,127.0445062,203932.4405,450931.6772,32.72346023,2.4509848228547924,25.50706257919069,44.0,4.476412651400695,111.0,2.3044512017256915,56.0,2.2406667443817585,59.0
성동구,성동,메종 아미 포레스트 하우스,1,저위험군,37.54482069,127.0395361,203493.9066,449479.3926,33.30587023,0.2990911282640738,27.219966116638336,44.0,4.396191911726995,111.0,2.3593313883972726,56.0,2.1414187831707676,59.0
성동구,성동,트리앤브리즈,1,저위험군,37.54374138,127.0424997,203755.8599,449359.7165,39.58316341,0.7803372976123768,27.57954638803566,44.0,4.250595443541723,111.0,2.4189983481290813,56.0,2.0431609037987752,59.0
성동구,성동,내러티브 스테이,1,저위험군,37.54397631,127.0405192,203580.8243,449385.7136,22.71026889,-0.26922039907883644,27.421480520706528,44.0,4.333006740429393,111.0,2.394402063021493,56.0,2.102640734924156,59.0
성동구,성동,J&J House,1,저위험군,37.54342548,127.0425909,203763.9408,449324.6591,31.02576522,1.047208891417469,27.638286713389117,44.0,4.2411424910534485,111.0,2.410753704883597,56.0,2.036938899712355,59.0
성동구,성동,성수 비스타,1,저위험군,37.5440746,127.0428985,203791.0865,449396.7159,38.81169317,0.1913358076010141,27.571442591472906,44.0,4.24320323897231,111.0,2.4456061779268192,56.0,2.0398525627106716,59.0
성동구,성동,금향 게스트 하우스,1,저위험군,37.54451743,127.0400558,203539.8499,449445.7538,33.33814195,0.2745636133698639,27.345179609930995,44.0,4.366669219802529,111.0,2.3813674610640763,56.0,2.122356070460068,59.0
성동구,행당동,Seras House,1,저위험군,37.55162087,127.032048,202831.9058,450233.8787,22.07394064,1.9753295298157916,25.201906365575034,44.0,4.879121498486234,111.0,1.888412031496493,56.0,2.4904437381502156,59.0
마포구,연남동,더에이치하우스,1,저위험군,37.55853746,126.9181086,192764.3708,451004.207,18.79631231,-0.7610473637758552,23.305402969878777,44.0,5.325691294103099,111.0,-2.0362559266576916,56.0,1.2782448638143635,59.0
마포구,합정동,스티치스 게스트하우스,1,저위험군,37.54758308,126.9090558,191963.3254,449789.1369,33.82989945,0.9807408913371489,26.279260527006535,44.0,5.166627226851006,111.0,4.1173843279340225,56.0,1.5485106888354894,59.0
마포구,당인동,콤마,1,저위험군,37.54346057,126.9200801,192937.1482,449330.7028,32.82927435,0.37894591644734277,26.670997146522843,44.0,4.603566955175331,111.0,2.824095855315621,56.0,1.8007964389090931,59.0
마포구,당인동,편안한 숙소,1,저위험군,37.54354839,126.9194189,192878.7218,449340.4996,31.95268296,-0.24196427684384858,26.649332193648377,44.0,4.617093720169903,111.0,2.6798103358151906,56.0,1.8624872505230803,59.0
마포구,서교동,스테이온 3,1,저위험군,37.55347564,126.9267082,193523.7668,450441.7779,16.60893395,-6.396899950015783,21.891636541514288,44.0,4.250340567664336,111.0,3.01670274697115,56.0,1.0788227920568076,59.0
마포구,합정동,빌라드소앙,1,저위험군,37.54506383,126.9162096,192595.2509,449508.943,20.65644199,-1.6341859261397111,26.47799125884258,44.0,4.712282431572517,111.0,2.279266070950538,56.0,2.420233700405074,59.0
마포구,합정동,모던하우스,1,저위험군,37.54260262,126.9116767,192194.4071,449236.1452,32.19541149,0.2879675193749023,27.144355632147455,44.0,4.795245468334377,111.0,2.244211716517494,56.0,2.4490986399336014,59.0
마포구,합정동,오손도손 스테이,1,저위험군,37.54797387,126.9098183,192030.7468,449832.445,31.5460016,-0.3177697516676794,25.960983330065133,44.0,5.1571682595707795,111.0,4.14822025200437,56.0,1.5966622840285742,59.0
마포구,연남동,챨리하우스,1,저위험군,37.55662292,126.9199454,192926.4864,450791.5759,36.04931534,5.02077429493831,22.4968969522291,44.0,4.974110865066503,111.0,-2.3921432328204957,56.0,0.970492792245325,59.0
마포구,연남동,봉봉하우스,1,저위험군,37.56153185,126.9227788,193177.2903,451336.1997,24.76105218,0.4675009342269263,27.195461412344756,44.0,5.187175730483537,111.0,4.887997432239442,56.0,3.674460670991896,59.0
마포구,서교동,OBJECT APARTMENT HAUS,1,저위험군,37.55422988,126.9121681,192239.0421,450526.5906,26.11848895,0.8905340601159253,22.267276425204617,44.0,5.667021506694965,111.0,1.6452029592804878,56.0,1.3472519758847277,59.0
마포구,창전동,신촌연트럴2,1,저위험군,37.55086054,126.9321552,194004.8654,450151.1717,33.11000715,5.0245669151966545,22.59099396570996,44.0,4.4468593966236805,111.0,1.949085428402777,56.0,0.8578290577716048,59.0
마포구,망원동,아이엠하우스,1,저위험군,37.55346886,126.9026851,191401.0209,450442.9517,21.55006001,-1.4709910680343796,25.0214767672002,44.0,5.594909657009515,111.0,2.391032205712689,56.0,0.2478946454645778,59.0
마포구,합정동,스테이 휴가,1,저위험군,37.54646263,126.9094982,192002.3011,449664.7427,32.0576487,-0.9689352079089844,26.565818306066774,44.0,5.044201014382271,111.0,3.8828108356224087,56.0,1.807629674412806,59.0
마포구,성산동,성산스테이,1,저위험군,37.55746845,126.9090032,191959.733,450886.2994,31.23537446,-0.1465221677089481,22.80139162815744,44.0,5.897959608358493,111.0,0.5430613725170069,56.0,1.5406246406025845,59.0
마포구,노고산동,스테이 올리브,1,저위험군,37.55124925,126.9397075,194672.2554,450193.8591,33.4144223,1.4101936678771452,22.8620984790746,44.0,4.6018954141152735,111.0,1.8076470273399128,56.0,1.459391935180799,59.0
마포구,동교동,듀이하우스,1,저위험군,37.55807387,126.9253232,193401.7869,450952.2231,25.06343946,-2.8482428178454064,22.87565547823671,44.0,4.758669265148186,111.0,3.354736416910623,56.0,3.0835050331501734,59.0
마포구,합정동,K-WAVE 게스트하우스,1,저위험군,37.54461991,126.9171261,192676.1963,449459.6015,22.53846679,-0.3236243102582037,26.515463896520483,44.0,4.6817825764799865,111.0,2.330245335910938,56.0,2.199483226626545,59.0
마포구,신수동,독막스테이,1,저위험군,37.54730719,126.9359036,194335.822,449756.5602,16.43800162,-1.5166023076292952,22.572582674653045,44.0,4.535023415348129,111.0,1.6293400283513864,56.0,1.3216408346255595,59.0
마포구,상암동,트리 하우스,1,저위험군,37.57511896,126.8937197,190611.535,452846.7173,31.7061433,3.7476567987963136,23.023283181096545,44.0,4.975962789238292,111.0,2.698297929281654,56.0,-0.5748010693390848,59.0
마포구,성산동,소프트서울1,1,저위험군,37.56069441,126.9160215,192580.1814,451243.7657,28.18350152,-5.797843294469324,24.678682883891593,44.0,5.664217237260191,111.0,0.7697000406148395,56.0,0.6095009886199751,59.0
마포구,연남동,체리쉬,1,저위험군,37.557447,126.919423,192880.4071,450883.0785,36.36507584,4.33587089731536,22.931840506265587,44.0,5.0731736548340765,111.0,-3.8558539848132067,56.0,0.3133384637768215,59.0
마포구,동교동,블루밍,1,저위험군,37.55626175,126.9249582,193369.3742,450751.1249,28.00141816,2.0524967396656635,21.774498991703734,44.0,4.581836964928847,111.0,2.825017163868186,56.0,2.3106480722089477,59.0
마포구,연남동,디어스유,1,저위험군,37.56212272,126.9245244,193331.57,451401.654,41.7187429,0.1677898401488065,26.585985812703274,44.0,5.1406749411403325,111.0,5.012000193259645,56.0,3.643791570269917,59.0
마포구,합정동,쥬쥬하우스,1,저위험군,37.54410147,126.9158666,192564.8392,449402.1598,31.04891812,-0.5446571370260536,26.616143143844376,44.0,4.705446759734292,111.0,2.2781363113040616,56.0,2.4189142770997636,59.0
마포구,망원동,캐럿 하우스,1,저위험군,37.55179084,126.9007444,191229.3473,450256.8907,36.40772619,1.785988655399322,25.53439327505462,44.0,5.5326999395128,111.0,2.805343961738793,56.0,0.2284351229382822,59.0
마포구,합정동,이즈와이합정,1,저위험군,37.54805079,126.9083459,191900.6426,449841.108,21.16896533,0.9732675196672318,26.12832437408647,44.0,5.242596531752791,111.0,3.953229778066727,56.0,1.3775924808784352,59.0
마포구,연남동,시와 하우스,1,저위험군,37.55817241,126.9183776,192788.1088,450963.6701,36.20734806,4.314235735932133,23.180470521691063,44.0,5.252022983850811,111.0,-2.7155673637378097,56.0,0.9477534075990256,59.0
마포구,도화동,칼로달,1,저위험군,37.53663316,126.9478625,195391.9679,448571.2194,35.14543248,2.000572512617694,24.29520887142234,44.0,3.917989833205321,111.0,2.585698575870551,56.0,0.9429989079192586,59.0
마포구,합정동,스테이 헤리티지 합정,1,저위험군,37.54785015,126.9098314,192031.8922,449818.7124,31.1388611,-0.654672710000991,26.017975327321384,44.0,5.145009900814427,111.0,4.156342756801725,56.0,1.6207509926714374,59.0
마포구,합정동,Artravel Hongdae Apartment,1,저위험군,37.54422132,126.9185974,192806.1818,449415.2492,32.15945479,-0.9860362473438826,26.588401967610288,44.0,4.64036006152606,111.0,2.5863610491365123,56.0,1.938561031128084,59.0
마포구,창전동,나리스테이 창전,1,저위험군,37.5508026,126.9322169,194010.3147,450144.7372,33.86028091,5.472489134215419,22.58073176064101,44.0,4.453845965726878,111.0,1.9427706520170827,56.0,0.8736132632494757,59.0
마포구,연남동,씨유 하우스,1,저위험군,37.56055478,126.924005,193285.5418,451227.6681,36.59843141,4.782305770849661,25.857250952516125,44.0,5.046734706673929,111.0,4.89347604968997,56.0,3.583139728712725,59.0
마포구,동교동,루다 게스트하우스,1,저위험군,37.55445803,126.9203636,192963.2344,450551.2675,35.81796352,6.551252157398302,21.91916296907893,44.0,4.671064377597559,111.0,1.5907020876082767,56.0,1.672219795377889,59.0
마포구,노고산동,스테이 위드 신촌,1,저위험군,37.55212789,126.9327811,194060.2686,450291.7927,15.81319408,-4.735906775670019,22.716011314990627,44.0,4.436014179450523,111.0,1.9806173087420151,56.0,0.812441819700666,59.0
마포구,합정동,YS 하우스,1,저위험군,37.54382768,126.9160224,192578.5869,449371.7601,31.13260649,-0.5070673129933283,26.62557685582081,44.0,4.698373215104207,111.0,2.2720890571614194,56.0,2.3632612888499294,59.0
마포구,연남동,홍대 애비뉴,1,저위험군,37.55655572,126.9198066,192914.2115,450784.128,27.01869658,6.486538685249656,22.518181196407138,44.0,4.984760802053346,111.0,-2.346852616521597,56.0,0.9459272812374642,59.0
마포구,동교동,라니규방,1,저위험군,37.55451078,126.9208334,193004.7506,450557.087,18.66559114,-8.405088743631204,21.77865650425639,44.0,4.6281114867631485,111.0,1.6017839016162905,56.0,1.6634134658607835,59.0
마포구,상암동,JUNI STAY DMC,1,저위험군,37.57304016,126.8956362,190780.5807,452615.8046,26.6366165,-1.1344060232942397,23.04403046139452,44.0,5.037828118276665,111.0,2.6802712136544344,56.0,-0.5217438321783405,59.0
마포구,연남동,보니따하우스,1,저위험군,37.55968955,126.9238645,193273.0467,451131.6478,21.74980745,-4.248512743254789,25.032991268043713,44.0,4.977077818165043,111.0,4.395782354838532,56.0,3.4478693692681137,59.0
마포구,합정동,파라솔스테이,1,저위험군,37.54478171,126.9113434,192165.1868,449478.0255,33.20195598,-1.1653595435331852,26.99143114161288,44.0,4.870386107499733,111.0,3.1644095233161087,56.0,2.292773150737641,59.0
마포구,상수동,송버드 스테이,1,저위험군,37.54458626,126.9193821,192875.5666,449455.6934,34.68475694,-0.26036141512253863,26.578647939800973,44.0,4.623910142566292,111.0,2.937425842794049,56.0,1.8271544817057555,59.0
마포구,동교동,로브그리에 연남,1,저위험군,37.55674531,126.9245896,193336.8473,450804.8204,27.17492282,2.626264114037305,21.7809057519587,44.0,4.636464357085808,111.0,2.780427856776687,56.0,2.427707675517257,59.0
마포구,동교동,가온,1,저위험군,37.55408436,126.9204607,192971.7775,450509.7873,27.75838751,-0.2459674523492268,21.880801295295704,44.0,4.611483015418656,111.0,2.2713362392839294,56.0,1.7930827944814445,59.0
마포구,동교동,몬데이크래커 홍대,1,저위험군,37.55771848,126.9253749,193406.3218,450912.7754,26.03277513,-3.6111021595159514,22.498703776140985,44.0,4.722971973945141,111.0,3.219872022435993,56.0,2.959996278555882,59.0
마포구,도화동,휘스테이 101,1,저위험군,37.53642473,126.9476436,195372.6144,448548.097,29.69490727,3.810244333460446,24.30525698489501,44.0,3.91285693658762,111.0,2.5774005167789795,56.0,0.9483395161598059,59.0
마포구,상수동,홍대 라라스테이,1,저위험군,37.54324251,126.9230776,193202.023,449306.2798,32.4536408,0.6122039036962832,26.566583170592043,44.0,4.550293726960884,111.0,3.4464298953143366,56.0,1.5677980341978492,59.0
마포구,당인동,럭키하우스,1,저위험군,37.5431696,126.9195277,192888.3018,449298.4503,23.40562037,0.8914033069277636,26.6639935098766,44.0,4.613402315726236,111.0,2.6384280952043526,56.0,1.8606351696258716,59.0
마포구,용강동,노렐스테이,1,저위험군,37.53848667,126.9387275,194584.7355,448777.4231,22.32941638,1.7891559111290292,24.13329803962952,44.0,4.321529571752353,111.0,2.536215628127877,56.0,1.298443284366445,59.0
마포구,상수동,스테이문 상수,1,저위험군,37.5425231,126.9225727,193157.3396,449226.4707,33.37795912,1.2277712611844223,26.627770112659533,44.0,4.560368512880702,111.0,3.2453156532037934,56.0,1.631757688819735,59.0
마포구,상수동,스테이지,1,저위험군,37.54378003,126.920578,192981.1744,449366.1217,23.07964404,0.5426539780407929,26.655839839810863,44.0,4.594241882325028,111.0,2.9769589638480025,56.0,1.7457492437408766,59.0
마포구,당인동,스페이스랩 상수,1,저위험군,37.54367045,126.9193908,192876.2439,449354.0489,31.85303367,-0.3406553560640937,26.644532934215775,44.0,4.6183405502834995,111.0,2.7193208993843223,56.0,1.8617757714499112,59.0
마포구,연남동,제이케이하우스,1,저위험군,37.55913364,126.9173238,192695.0852,451070.4366,31.80592949,-0.757473232399601,23.590532369134387,44.0,5.470177252170761,111.0,-0.7796434527137963,56.0,0.9798160649729224,59.0
마포구,중동,THE COTILDA MAPO,1,저위험군,37.57060824,126.9023112,191369.9621,452345.2557,28.95427543,-1.3802992141001376,23.210636336742205,44.0,5.350178711874627,111.0,2.5902011297293224,56.0,-0.3339502157585223,59.0
마포구,연남동,Contact house,1,저위험군,37.56079474,126.9169616,192663.2483,451254.8273,16.14477191,-4.5861501931973905,24.749084364612855,44.0,5.633120138402274,111.0,1.227166823195264,56.0,1.3518329885988833,59.0
마포구,연남동,호연 홈스테이,1,저위험군,37.56022198,126.9233146,193224.512,451190.7808,34.5141282,-0.8254437525372538,25.969224980734367,44.0,5.050066769319452,111.0,4.913609552374976,56.0,3.5807442024066467,59.0
마포구,동교동,로하 하우스,1,저위험군,37.55642533,126.9218482,193094.597,450769.5043,26.73406361,-3.6079282571843336,21.919994537976542,44.0,4.788222948635205,111.0,0.8650640043519767,56.0,1.4819682634794424,59.0
마포구,상암동,스테이 서울하루,1,저위험군,37.57183846,126.8963921,190847.2101,452482.3559,19.65592597,1.4424291527044417,23.058635798864525,44.0,5.068733293549549,111.0,2.666937145827825,56.0,-0.48302771247083187,59.0
마포구,성산동,은하수와 토끼,1,저위험군,37.56217726,126.9144994,192445.8424,451408.4658,40.75718823,5.570065692283016,25.303185087551586,44.0,5.851417796243714,111.0,1.1358160105177566,56.0,-0.03754479977091907,59.0
마포구,상수동,메리썸머 하우스,1,저위험군,37.54425668,126.9204283,192967.994,449419.0353,31.37042984,-0.5337567731305377,26.619313094547152,44.0,4.597048157283762,111.0,2.990220118687414,56.0,1.7400979359390707,59.0
마포구,합정동,오션하우스2,1,저위험군,37.54788434,126.9061914,191710.2319,449822.8218,32.00011519,-1.164379919194623,26.226389203946532,44.0,5.310396311952443,111.0,3.429341644039715,56.0,1.0620488967102522,59.0
마포구,망원동,망원 스테이올,1,저위험군,37.54982953,126.903783,191497.6258,450038.9296,37.49652476,3.6605702794363566,25.78638289457269,44.0,5.47045216025681,111.0,3.144282117441831,56.0,0.498146864650038,59.0
마포구,성산동,모던 아파트먼트,1,저위험군,37.56015323,126.9164002,192613.584,451183.6713,25.67665799,-0.79906806761554,24.318113544719168,44.0,5.620311925000285,111.0,0.43078163252897095,56.0,0.6833126924863203,59.0
마포구,연남동,HOI HOUSE,1,저위험군,37.55773893,126.9244218,193322.112,450915.1124,34.44263719,2.353527741439194,22.268231496050483,44.0,4.739552098215198,111.0,2.973128521909593,56.0,2.8861065870713,59.0
마포구,연남동,갤러리 하우스,1,저위험군,37.561575,126.9241351,193297.1254,451340.8912,38.41041619,1.2322032099332674,26.476693490464665,44.0,5.121413559812304,111.0,5.076381829399398,56.0,3.6372596175584926,59.0
마포구,연남동,소솜 하우스,1,저위험군,37.55854827,126.9236683,193255.6068,451004.9933,30.69928945,-4.028686721946752,23.058570217083275,44.0,4.874379486776405,111.0,3.125101261433877,56.0,3.1099994883964373,59.0
마포구,합정동,파라다이스,1,저위험군,37.54236177,126.9124396,192261.809,449209.3507,32.16674939,0.17448131983825377,27.088292303416793,44.0,4.770951239389807,111.0,2.1694684284817902,56.0,2.4669892958895696,59.0
마포구,동교동,아린 하우스,1,저위험군,37.5563295,126.920883,193009.3041,450758.9396,24.66560766,-4.304281779964253,22.151352580244634,44.0,4.830135300336899,111.0,-0.48136983451394705,56.0,1.2596855356667038,59.0
마포구,신공덕동,르샤르망,1,저위험군,37.54248206,126.9542689,195958.4956,449220.0812,25.8902319,-2.441645557865389,24.15279486633874,44.0,4.062080233449716,111.0,2.6851085402621315,56.0,0.6653005526127377,59.0
마포구,서교동,블루밍 서교,1,저위험군,37.55204027,126.916758,192644.3981,450283.201,26.36651615,-1.611267262034687,22.513500210310337,44.0,5.092237597621609,111.0,3.63879228693765,56.0,1.806076495397013,59.0
마포구,동교동,체크인서울,1,저위험군,37.55479986,126.921012,193020.5571,450589.1582,25.78511047,-1.270196472798201,21.80464894099466,44.0,4.659077395783189,111.0,1.2203971966429807,56.0,1.5784041865996685,59.0
마포구,동교동,스텔라 마리스,1,저위험군,37.55530782,126.9210888,193027.3896,450645.53,17.00506661,-0.738139005511318,21.863844605223058,44.0,4.707826308542389,111.0,0.54373513839355,56.0,1.4170767250890153,59.0
마포구,연남동,K1 HOUSE,1,저위험군,37.56026546,126.9267857,193531.1992,451195.362,24.47405997,4.878937043585498,24.839194294548,44.0,4.900321825415709,111.0,4.415353680002279,56.0,3.4625297750610864,59.0
마포구,망원동,망원스테이 아띠,1,저위험군,37.55084052,126.9033358,191458.2245,450151.178,33.336145,-0.2522731712467632,25.612346249940483,44.0,5.513610093531866,111.0,2.9498778155955407,56.0,0.3915857175128592,59.0
마포구,망원동,스테이 망원,1,저위험군,37.55328001,126.9082826,191895.6124,450421.4943,32.55706816,0.5476848398547176,22.964589731140855,44.0,5.66701062011762,111.0,1.7432751598463971,56.0,0.8432384353488356,59.0
마포구,노고산동,코지M,1,저위험군,37.55097672,126.9385416,194569.21,450163.6782,19.30095878,1.6400852077100119,22.801694051244084,44.0,4.590949527951437,111.0,1.7761662513042318,56.0,1.3962861271925728,59.0
마포구,상수동,남키빌라,1,저위험군,37.54432824,126.9207093,192992.83,449426.9566,33.05164383,-0.9825754952623598,26.615193981797958,44.0,4.591071389165272,111.0,3.0709147870762656,56.0,1.7118344178878533,59.0
마포구,서교동,몽이하우스,1,저위험군,37.55046159,126.9128607,192299.8571,450108.2985,23.43153435,-3.7234362947364446,22.80889546938559,44.0,5.303087540880144,111.0,3.310106165846495,56.0,1.5708935956136907,59.0
마포구,연남동,더블라썸1,1,저위험군,37.56023771,126.9236108,193250.677,451192.5053,26.66714541,-0.1778798175951266,25.800328983130157,44.0,5.036462660611887,111.0,4.8540554637790105,56.0,3.5522644345308017,59.0
마포구,연남동,올리브 스테이,1,저위험군,37.5568182,126.9198003,192913.6832,450813.2606,33.62416062,3.0593865834713547,22.595251544348002,44.0,5.009021751253107,111.0,-3.0129886385463642,56.0,0.8287402419874054,59.0
마포구,망원동,데이오프 스테이 망원,1,저위험군,37.55291482,126.9004174,191200.579,450381.6697,18.01262965,-2.67044325372526,25.344670590120348,44.0,5.562676630150562,111.0,2.6294768507881434,56.0,0.18873229631568295,59.0
마포구,상수동,서강채,1,저위험군,37.54261941,126.9224613,193147.5043,449237.168,23.29237362,1.1275707301569895,26.638513979437196,44.0,4.561807820483552,111.0,3.2847799788645498,56.0,1.6351999810406035,59.0
마포구,염리동,스테이모모,1,저위험군,37.54484319,126.9449149,195131.9924,449482.5812,22.98822895,-6.046822516851311,22.811673356796394,44.0,4.3942158734132555,111.0,2.8871520399571526,56.0,1.4005318247008853,59.0
마포구,합정동,루프탑 풀 스테이,1,저위험군,37.54336191,126.9147365,192464.9011,449320.1675,20.08986872,-0.6596868318496263,26.764651025079615,44.0,4.720296297523521,111.0,2.260999160136511,56.0,2.516291225044356,59.0
마포구,상암동,해온스스테이,1,저위험군,37.57526313,126.8957036,190786.8095,452862.5221,13.09871135,-5.680177250528358,23.024467853062422,44.0,5.030156510062633,111.0,2.6907578738732156,56.0,-0.5639628401236119,59.0
마포구,공덕동,리스테이,1,저위험군,37.54461901,126.9580433,196292.1679,449457.1012,26.35310972,0.8811874866008971,24.325798032832193,44.0,4.161499302183064,111.0,2.57663965251878,56.0,0.20688315863407616,59.0
마포구,상수동,리본 스테이,1,저위험군,37.54260058,126.9226708,193166.0172,449235.0629,31.56148946,0.19709294941982236,26.61680867268765,44.0,4.558584477900053,111.0,3.255243393575677,56.0,1.622323493558474,59.0
마포구,도화동,헤이븐 스테이,1,저위험군,37.53873689,126.952679,195817.7829,448804.4825,30.16387404,3.4228635236671003,24.318765069207995,44.0,3.9000145427197497,111.0,2.596452650113308,56.0,0.8520641667175111,59.0
마포구,서교동,매종드웨이브,1,저위험군,37.5535603,126.9273069,193576.6775,450451.1331,27.67130199,5.1823838110171,22.034000611170455,44.0,4.258142507111009,111.0,2.9948224230248055,56.0,0.8652801251330141,59.0
마포구,당인동,레인보우플래닛,1,저위험군,37.54356393,126.919016,192843.1112,449342.255,31.87199014,-0.16869420287585513,26.634843300928534,44.0,4.626001812390645,111.0,2.556737884185913,56.0,1.9019609918662876,59.0
마포구,망원동,오브스테이,1,저위험군,37.55474097,126.9008877,191242.3516,450584.3067,24.74626083,1.0613192787047048,24.905180409015436,44.0,5.60510200669903,111.0,2.392212427997998,56.0,0.28194773835644493,59.0
마포구,상암동,조선캄,1,저위험군,37.57561109,126.8952131,190743.5199,452901.1899,13.80792913,-4.7468124423090305,23.02106789971677,44.0,5.017131962676209,111.0,2.6941153888553124,56.0,-0.5744722393779271,59.0
마포구,성산동,한스테이1,1,저위험군,37.5567045,126.9146257,192456.454,450801.044,30.31998886,-0.2985416316586935,22.980428146193105,44.0,5.594737416660696,111.0,-0.35804816589222466,56.0,1.185298111295346,59.0
마포구,합정동,하루자기 게스트하우스,1,저위험군,37.54716717,126.9093433,191988.6817,449742.9513,29.77438546,-0.9689113753006247,26.397032264409837,44.0,5.112333285836206,111.0,4.08035306478493,56.0,1.6692963649586257,59.0
마포구,상암동,더 씬 서울 상암(DMC),1,저위험군,37.57380901,126.896324,190841.4328,452701.0709,22.6170918,3.5776132163787757,23.036265516645933,44.0,5.058724889669842,111.0,2.6803815696193505,56.0,-0.5340190321247259,59.0
마포구,상수동,예원,1,저위험군,37.54320378,126.9216751,193078.0804,449302.0836,32.53409905,0.5370188281661221,26.677121789415892,44.0,4.575189652043826,111.0,3.1878462005101134,56.0,1.6760389674164509,59.0
마포구,동교동,MAMA HOUSE,1,저위험군,37.55611798,126.9208943,193010.2775,450735.4626,15.60978049,-3.451407643183286,22.087416459871292,44.0,4.802007817626469,111.0,-0.2665656544405511,56.0,1.2671927249487491,59.0
마포구,동교동,MJ 하우스,1,저위험군,37.55620485,126.920996,193019.2761,450745.0966,24.48442461,-4.429880385922097,22.08827527198033,44.0,4.805153128664568,111.0,-0.2572775157084714,56.0,1.3275314598924874,59.0
마포구,합정동,세컨드 홈,1,저위험군,37.54466303,126.9112247,192154.6845,449464.8633,22.63452213,-0.08990618292925845,27.009720181800695,44.0,4.873109282067102,111.0,3.129391931388434,56.0,2.286693928872297,59.0
마포구,상수동,페퍼 하우스,1,저위험군,37.54291957,126.9219816,193105.1366,449270.5172,21.64808775,0.025212975882126898,26.67044013622996,44.0,4.5698934492821035,111.0,3.2179306021104335,56.0,1.66247717099255,59.0
마포구,동교동,Little Forest,1,저위험군,37.55701656,126.9243382,193314.6573,450834.9438,19.62841739,-4.167305217527645,21.82738873240571,44.0,4.66346463749654,111.0,2.7220247201463184,56.0,2.487649461384312,59.0
마포구,노고산동,파크 스테이,1,저위험군,37.55143937,126.9380468,194525.5181,450215.0555,29.7173345,1.6826749002895198,22.805964173914337,44.0,4.583040303189671,111.0,1.8118289095633304,56.0,1.371535227571959,59.0
마포구,연남동,THE ONSIL,1,저위험군,37.56198661,126.922076,193115.2351,451386.7239,40.51330325,4.181046903166298,27.252332462983937,44.0,5.263799216462873,111.0,4.468840076462997,56.0,3.6794521151253563,59.0
마포구,망원동,엔에이치엠 컴퍼니,1,저위험군,37.55329905,126.8985675,191037.1667,450424.4894,31.33371744,3.2327483712284995,25.383078401176917,44.0,5.5527951480920645,111.0,2.6831818604985433,56.0,0.16561920748438042,59.0
마포구,서교동,홈어웨이프럼홈 망원,1,저위험군,37.55540253,126.9111683,192150.8204,450656.8238,29.91701091,-0.5849988095920651,22.339738976957307,44.0,5.7901993281803765,111.0,1.0770662830524569,56.0,1.3676646449283238,59.0
마포구,망원동,호시간,1,저위험군,37.55089001,126.9026141,191394.4507,450156.7366,34.40468712,0.32479710889727187,25.619998495252794,44.0,5.516733821148781,111.0,2.935954796185702,56.0,0.3399268391901045,59.0
마포구,당인동,스테이 상수,1,저위험군,37.5431798,126.9194051,192877.4636,449299.5916,23.3891009,0.8928801756803075,26.659617660163402,44.0,4.615787688396583,111.0,2.594584797195909,56.0,1.8720234585673614,59.0
마포구,연남동,옐로우 하우스,1,저위험군,37.55912011,126.9172113,192685.143,451068.9437,31.52490609,-1.373847176958563,23.599693401057714,44.0,5.480494572106463,111.0,-0.7870355333222939,56.0,0.9353208195771598,59.0
마포구,대흥동,관숙,1,저위험군,37.54607987,126.9423903,194908.9694,449619.9714,24.31636209,5.150137804805912,22.737927330057367,44.0,4.483111320732491,111.0,2.138770410296346,56.0,1.5473593828887884,59.0
마포구,상암동,Janet's House,1,저위험군,37.57272948,126.8968475,190887.5446,452581.2046,19.04072551,1.1036913126325985,23.04739955501763,44.0,5.0837051314764485,111.0,2.6703384572384046,56.0,-0.5016537988278824,59.0
마포구,동교동,DW Design Residence 3,1,저위험군,37.55563064,126.919847,192917.6918,450681.452,31.62301679,1.9651756372237443,22.294234271759453,44.0,4.881123372324607,111.0,-1.3058415118527114,56.0,1.2238031976298793,59.0
마포구,동교동,바로아토 2호점,1,저위험군,37.55592673,126.9208634,193007.5355,450714.2384,25.89072135,-4.284933697486409,22.051828473144955,44.0,4.782388969599603,111.0,-0.1167054036853451,56.0,1.2695972010391579,59.0
마포구,동교동,감자 게스트하우스,1,저위험군,37.55391652,126.9285444,193686.0497,450490.5854,24.26572661,0.6187158982089542,22.307368965892316,44.0,4.313152991521446,111.0,2.874723223346739,56.0,0.5723283666535257,59.0
마포구,동교동,JJ게스트하우스,1,저위험군,37.55779436,126.9251377,193385.3755,450921.2138,26.30138273,-2.7976356270125216,22.537481403988913,44.0,4.735734213729079,111.0,3.199757951640782,56.0,2.97312179689583,59.0
마포구,마포동,한강 게스트하우스,1,저위험군,37.53330588,126.9446088,195104.1802,448202.0966,22.26356548,1.2933823536176092,24.428610913348653,44.0,3.8845657457092395,111.0,2.5025349211132037,56.0,1.0024394622687047,59.0
마포구,창전동,아트하우스,1,저위험군,37.5482083,126.931095,193910.9602,449856.8731,21.02002662,0.8135381485226105,22.38384722751936,44.0,4.510780238575904,111.0,1.8954808062842388,56.0,1.050284516631979,59.0
마포구,서교동,나모하우스,1,저위험군,37.55306493,126.9242411,193305.7313,450396.3668,26.46924073,-3.0501690348007493,21.445621878319013,44.0,4.2094332657378875,111.0,3.1481395534302217,56.0,1.558017737232491,59.0
마포구,서교동,마이게스트하우스,1,저위험군,37.55402287,126.9107795,192116.3215,450503.7305,14.71915083,-4.067630711392422,22.36033421832493,44.0,5.709817833208301,111.0,1.6782378570057666,56.0,1.2548605305770275,59.0
마포구,합정동,KS guest house,1,저위험군,37.54525628,126.9156598,192546.6821,449530.3461,30.78174199,2.8111136099175766,26.475228218274356,44.0,4.728843136537254,111.0,2.309506079932534,56.0,2.4759684082103677,59.0
마포구,당인동,홍대 하우스,1,저위험군,37.54434588,126.9193062,192868.8336,449429.0199,24.4400658,-0.14521636532724003,26.602390165013972,44.0,4.623883574091231,111.0,2.829360695712117,56.0,1.8459396400238768,59.0
마포구,서교동,Mark's Guest House,1,저위험군,37.55311872,126.9181888,192770.9389,450402.7851,27.92955903,-0.9653931034803662,22.49772243562763,44.0,4.863220196314094,111.0,3.3495505083122055,56.0,1.9373074556986662,59.0
마포구,서교동,Mei House,1,저위험군,37.55358297,126.9173253,192694.6812,450454.378,20.79823095,-0.33965386327163216,22.588373000891682,44.0,5.004517801966104,111.0,2.5221182096965484,56.0,2.584461219797917,59.0
마포구,연남동,MINT HOUSE(박하집),1,저위험군,37.56315011,126.9197024,192905.6289,451516.0353,31.24763505,4.795575014039304,26.623157812997285,44.0,5.495942808891152,111.0,3.33688802212939,56.0,3.0700077977323037,59.0
마포구,성산동,애플트리(Apple tree),1,저위험군,37.55542606,126.9104449,192086.9032,450659.496,31.02884821,0.15622974462039707,22.371544994486932,44.0,5.791156754750606,111.0,1.0281931032199314,56.0,1.308437030504801,59.0
마포구,서교동,해피 네스트,1,저위험군,37.55188301,126.9170249,192667.968,450265.7262,25.30837248,-2.2238095701639935,22.462745857116083,44.0,5.041551447287715,111.0,3.7154501855374167,56.0,1.7820749750557845,59.0
마포구,동교동,딸기핑크게스트하우스,1,저위험군,37.55729396,126.9241101,193294.5356,450865.7482,20.8502196,2.936385691172404,21.941861872794256,44.0,4.708467507614921,111.0,2.7027656658150265,56.0,2.6065069346822005,59.0
마포구,망원동,우먼하우스,1,저위험군,37.55297041,126.8999137,191156.0762,450387.8868,23.43524754,2.550708573952999,25.36240769127748,44.0,5.559332640097123,111.0,2.6482857968889526,56.0,0.1812041679204312,59.0
마포구,연남동,로운하우스,1,저위험군,37.56011826,126.9235666,193246.7618,451179.251,26.73944292,-0.15034489795568717,25.70809663408728,44.0,5.0276754781613295,111.0,4.7492040624364895,56.0,3.5459164227137983,59.0
마포구,합정동,ATTY Stay 2,1,저위험군,37.54248908,126.9128059,192294.1887,449223.4505,31.39327036,-0.15283210453948115,27.043246262435588,44.0,4.760810051852972,111.0,2.184367304186858,56.0,2.4696431736212805,59.0
마포구,상암동,제이시 스테이,1,저위험군,37.57593507,126.8945803,190687.6628,452937.2105,21.17144585,1.965024904703263,23.016254287947852,44.0,4.9997382842611175,111.0,2.697923597191614,56.0,-0.5787867650838013,59.0
마포구,연남동,blossom Yeonnam 11,1,저위험군,37.5583029,126.918541,192802.5589,450978.1404,20.3436952,-0.4039781709967549,23.262240237000306,44.0,5.249175272404854,111.0,-2.6165067144426266,56.0,0.898010977277225,59.0
마포구,도화동,피올라 스테이 마포,1,저위험군,37.53591455,126.9496329,195548.4042,448491.3772,21.32986595,-4.730893523089758,24.313505760007143,44.0,3.8441691321583424,111.0,2.5456345153165185,56.0,0.8991696605935314,59.0
마포구,도화동,스테이도화 301,1,저위험군,37.53687049,126.9481754,195419.6417,448597.5448,33.85886692,1.4168045666602254,24.282449233350277,44.0,3.9233252033058403,111.0,2.5959178633785327,56.0,0.9346978175906895,59.0
마포구,도화동,까사데컴,1,저위험군,37.53820576,126.9526977,195819.405,448745.5328,25.67320055,0.08928789136075821,24.346602521807522,44.0,3.876949758094982,111.0,2.5747314372602155,56.0,0.8596287261295096,59.0
마포구,연남동,트윈 캣츠 게스트하우스,1,저위험군,37.55672701,126.9198866,192921.2946,450803.1331,35.09799174,4.465596641183144,22.545125615575575,44.0,4.990793499251473,111.0,-2.711424972081249,56.0,0.9252319437324258,59.0
마포구,도화동,제로워터스테이 마포역점,1,저위험군,37.53550027,126.9481019,195413.0617,448445.4708,14.17026329,-8.958390092990223,24.3238197982132,44.0,3.860942133039217,111.0,2.5421723824282174,56.0,0.9241599623539551,59.0
마포구,신수동,SG Stay,1,저위험군,37.54743382,126.9357116,194318.8708,449770.6262,24.10569603,-3.164048181647285,22.55712920145688,44.0,4.532500655301801,111.0,1.648003052232238,56.0,1.3222573994574511,59.0
마포구,신수동,페타,1,저위험군,37.54346829,126.9382828,194545.7914,449330.348,30.73302697,1.0220388218009653,22.76706538661074,44.0,4.453467958077703,111.0,1.8261793466593388,56.0,1.4215063588381083,59.0
마포구,망원동,홍홍스테이,1,저위험군,37.55162805,126.9033178,191456.7194,450238.586,18.65359512,-2.3906282696753145,25.458173588069194,44.0,5.543973484576785,111.0,2.792779273000246,56.0,0.36073746048917854,59.0
마포구,상암동,더 다올,1,저위험군,37.57267982,126.8959707,190810.0832,452575.7783,19.82626129,1.6458093910750229,23.047846337442827,44.0,5.050547342828777,111.0,2.6760684127495282,56.0,-0.5100708389434925,59.0
마포구,연남동,더 코너하우스,1,저위험군,37.56124789,126.9225271,193155.0206,451304.7018,30.74478185,6.480337883600004,27.19326791757597,44.0,5.180607822290678,111.0,4.877733895811606,56.0,3.680863051814684,59.0
마포구,서교동,마포 파노라마스테이,1,저위험군,37.55349893,126.9119346,192218.3381,450445.4832,22.80751373,6.451504678634283,22.32676880474677,44.0,5.616340364876223,111.0,2.0216155855940623,56.0,1.3472037986374272,59.0
마포구,서교동,서울스테이 홍대,1,저위험군,37.55333034,126.9271033,193558.6636,450425.6242,28.61285696,5.648127027526375,22.043651039449905,44.0,4.233021703434125,111.0,3.0125918668679357,56.0,0.8733973477570417,59.0
마포구,도화동,네버랜드 테라스,1,저위험군,37.53564868,126.9478092,195387.2018,448461.9568,25.13975896,-2.324081925720389,24.322907683583416,44.0,3.872937490474087,111.0,2.5482312771167224,56.0,0.929639092951634,59.0
마포구,동교동,Fave stay,1,저위험군,37.55334205,126.9233017,193222.7483,450427.1911,22.55478055,3.297177723022987,21.244483680508488,44.0,4.311248791267524,111.0,3.034130924444437,56.0,1.6204863651309434,59.0
마포구,동교동,조이스테이,1,저위험군,37.55647455,126.9217505,193085.9636,450774.9743,26.63325655,-3.7075971954016325,21.949183024319957,44.0,4.80710252956602,111.0,0.6995870895177578,56.0,1.445497409434053,59.0
마포구,서교동,홍대 율 게스트하우스,1,저위험군,37.55118382,126.9165485,192625.8041,450188.1617,28.60530642,1.529457729886552,22.349250639390895,44.0,5.075364755084591,111.0,3.8355640096970673,56.0,1.7599006961112886,59.0
마포구,연남동,Parkside house,1,저위험군,37.56270749,126.9203046,192958.7921,451466.8644,20.281272,-5.789363443476134,26.777964397484144,44.0,5.437736244962391,111.0,3.588141420072341,56.0,3.3249966738169645,59.0
마포구,연남동,아로마 하우스,1,저위험군,37.55983706,126.9240527,193289.6848,451148.0063,36.82530411,0.46455791165990235,25.1352663128267,44.0,4.982628551126085,111.0,4.448172198613871,56.0,3.468241712810079,59.0
마포구,동교동,다올2,1,저위험군,37.55659421,126.9236591,193254.616,450788.1165,22.35748213,-3.9214666997434584,21.685550420766575,44.0,4.628677488926002,111.0,2.338343327135343,56.0,2.1667720509970625,59.0
마포구,서교동,H.Studio,1,저위험군,37.54917142,126.9210564,193023.9531,449964.4654,30.33916158,-1.2367281177150566,22.984271479945235,44.0,4.448322381607912,111.0,4.116323758535472,56.0,1.1342596081413379,59.0
마포구,도화동,IN_Ja house2,1,저위험군,37.53670464,126.9488208,195476.6734,448579.1063,30.00940477,2.6962570245997313,24.273175862198883,44.0,3.891535057145753,111.0,2.594721013355072,56.0,0.9134786210792223,59.0
마포구,연남동,Luna Guest House,1,저위험군,37.55738006,126.9195353,192890.3234,450875.6404,24.77245443,4.491912456181183,22.883202109795903,44.0,5.059915282082734,111.0,-3.986237773445594,56.0,0.42324947232226795,59.0
마포구,망원동,STAY 1977,1,저위험군,37.55054982,126.9027528,191406.6679,450118.9669,35.16529385,0.5647656696717789,25.676402737111427,44.0,5.505344928646626,111.0,3.0010585240078584,56.0,0.36653950386716605,59.0
마포구,합정동,하우스 386,1,저위험군,37.54827327,126.9101068,192056.2713,449865.6503,35.42696024,1.219201488548876,25.720852916975964,44.0,5.168674601871293,111.0,4.132270544753601,56.0,1.5876419169103348,59.0
마포구,연남동,레드스톤 스테이,1,저위험군,37.55702093,126.9191346,192854.8832,450835.8116,10.77507251,-9.438081486026983,22.858248640724096,44.0,5.069673193261021,111.0,-3.5113767756147283,56.0,0.7207990076264336,59.0
마포구,망원동,망원도우너,1,저위험군,37.55202823,126.905483,191648.0937,450282.8067,34.27999251,0.22028971864772728,25.054865128985846,44.0,5.584228386843945,111.0,2.513520388947088,56.0,0.5096217898470884,59.0
마포구,도화동,피스오브도화,1,저위험군,37.53641988,126.9475298,195362.5553,448547.5643,29.67890891,3.7405848460774216,24.308203967439677,44.0,3.9170597760940016,111.0,2.5764219696139152,56.0,0.9538970627908953,59.0
마포구,용강동,스페이스 용강,1,저위험군,37.53926469,126.9384258,194558.126,448863.7913,30.30104535,1.2586006788103923,24.03459242228609,44.0,4.354724645128977,111.0,2.4873199098550387,56.0,1.3237035750101505,59.0
마포구,성산동,미스 미,1,저위험군,37.56272168,126.9043229,191546.7932,451469.7567,19.35611598,-9.234582490517997,23.177124755816486,44.0,5.812353731965654,111.0,1.6386663577655893,56.0,1.5907256795343705,59.0
마포구,신공덕동,더모먼트 공덕,1,저위험군,37.54088689,126.9565741,196162.1357,449042.9402,35.8131496,6.996809494118114,24.60780031477628,44.0,3.9649852149210956,111.0,2.6102725197852283,56.0,0.5697054648519311,59.0
마포구,신수동,모터사이클 다이어리,1,저위험군,37.54323324,126.9346695,194226.4491,449304.4761,16.13244187,-3.6317622169438515,22.83138612017129,44.0,4.460166644329844,111.0,1.3812116467275455,56.0,1.3794978447014723,59.0
마포구,상수동,Stay Ju,1,저위험군,37.54304281,126.9225357,193154.1137,449284.1549,31.93559144,0.27015092370912797,26.604567070078133,44.0,4.559262272125058,111.0,3.3350449291410165,56.0,1.6126925301756612,59.0
마포구,성산동,성산동스테이,1,저위험군,37.55892185,126.907579,191834.057,451047.7324,23.37664026,3.436760832249181,22.933782525850678,44.0,5.906604547711057,111.0,0.8049497383129616,56.0,1.6326019972853116,59.0
마포구,성산동,제청당,1,저위험군,37.55643619,126.914584,192452.7424,450771.2681,15.72991855,-3.516560144753438,22.95934091315879,44.0,5.568917167937879,111.0,-0.24669259121097942,56.0,1.2819216054143547,59.0
마포구,동교동,와이하우스,1,저위험군,37.55583645,126.9207068,192993.6891,450704.2301,13.98343899,-4.992178862798667,22.098442159740628,44.0,4.795310647834434,111.0,-0.2323549056767839,56.0,1.209983890674735,59.0
마포구,동교동,그로브 하우스,1,저위험군,37.5557562,126.9220229,193109.9673,450695.226,24.20891425,6.905004334944408,21.71585452883818,44.0,4.6703905290167045,111.0,1.1491208552274614,56.0,1.499802547955477,59.0
마포구,서교동,라미하우스,1,저위험군,37.55352464,126.918689,192815.1725,450447.799,23.31181116,5.408587703378874,22.35930136304048,44.0,4.791221668144821,111.0,3.060579990134147,56.0,2.0785707573738526,59.0
마포구,연남동,레스트 연남,1,저위험군,37.5604589,126.9240837,193292.4805,451217.0209,36.55302861,4.962426374388091,25.744618718408848,44.0,5.035320083458969,111.0,4.8092629821149675,56.0,3.556468475306298,59.0
마포구,망원동,주나하우스,1,저위험군,37.55076046,126.9016656,191310.6272,450142.4453,28.17190924,0.14778134986620373,25.650415158858806,44.0,5.505653937497346,111.0,2.9903894344134128,56.0,0.3036764522876066,59.0
마포구,상암동,GlobeNest,1,저위험군,37.57392704,126.8959873,190811.702,452714.2037,19.99973455,1.384092696643222,23.034770453114284,44.0,5.04812454790547,111.0,2.6826146391777255,56.0,-0.5364888847249727,59.0
마포구,성산동,마포테라스하우스,1,저위험군,37.56061517,126.9059164,191687.3428,451235.8167,19.51948536,2.1654344681475344,23.022431529182345,44.0,5.895712668017846,111.0,1.2420742311894057,56.0,1.6060980685847779,59.0
마포구,서교동,Park's cozy place,1,저위험군,37.5502364,126.9132802,192336.9053,450083.2708,27.53181221,1.6331753265323208,22.59319054411705,44.0,5.257734373254291,111.0,3.441731380091862,56.0,1.6428896649188867,59.0
마포구,서교동,와이제이그린하우스,1,저위험군,37.55298533,126.9243484,193315.2002,450387.5245,18.38412321,-4.555471115253646,21.477682543215842,44.0,4.206688293335999,111.0,3.171339462081746,56.0,1.5428345718805048,59.0
마포구,서교동,Calm&Jay,1,저위험군,37.54976964,126.9148403,192474.7123,450031.34,17.38025287,0.05220721398627859,22.37601818175434,44.0,5.0763463093356505,111.0,3.8050543453275045,56.0,1.8417852210320373,59.0
마포구,당인동,스테이 여백,1,저위험군,37.54347928,126.9199572,192926.2835,449332.7886,31.4925515,-0.21629174758617253,26.66784969551526,44.0,4.605950619529913,111.0,2.7949585307987825,56.0,1.811750848003054,59.0
마포구,용강동,희담스테이,1,저위험군,37.53906797,126.9386199,194575.2679,448841.9465,31.07664821,1.711577011046682,24.075689777473695,44.0,4.346312553854462,111.0,2.5058718686124406,56.0,1.3168123921649078,59.0
마포구,용강동,마포 BNB 트립,1,저위험군,37.53956824,126.9365011,194388.0446,448897.5947,19.90197113,0.9387055804260491,23.746230012247775,44.0,4.401299329834797,111.0,2.251348946069166,56.0,1.1799406196828721,59.0
마포구,상암동,PNP House,1,저위험군,37.57282212,126.8968022,190883.5594,452591.491,18.95366429,1.067118505380428,23.046352657173085,44.0,5.0814205738192015,111.0,2.6712882200528596,56.0,-0.5047128228444339,59.0
마포구,서교동,Bari stay,1,저위험군,37.55510514,126.9105786,192098.6848,450623.8665,14.42592235,-3.8980528541421435,22.34950121119911,44.0,5.781798707787425,111.0,1.17119569462684,56.0,1.2851189420138245,59.0
마포구,성산동,Dear You Stay,1,저위험군,37.56196252,126.9144194,192438.7508,451384.6386,37.14318296,4.011784193313225,25.20988670753514,44.0,5.820262700201903,111.0,0.9908008989091025,56.0,-0.06679926138709913,59.0
마포구,서교동,오크하우스,1,저위험군,37.54876241,126.9166302,192632.7817,449919.4078,26.43914154,-3.6565826782394844,22.744804509300806,44.0,4.8225023424148965,111.0,3.911173623774001,56.0,1.6336177325424153,59.0
마포구,동교동,파크뷰 스테이,1,저위험군,37.55374108,126.9285871,193689.8141,450471.1108,20.76993914,-1.6077714630175919,22.351385877387813,44.0,4.303645710864264,111.0,2.821154369454079,56.0,0.5236563855762943,59.0
마포구,도화동,페이보 마포,1,저위험군,37.5366893,126.9472992,195342.1857,448577.478,27.56704402,2.04446399305262,24.30516168167692,44.0,3.9365564254684857,111.0,2.5919582863384267,56.0,0.9685275148978354,59.0
마포구,합정동,스테이 로뎀 (안),1,저위험군,37.54405815,126.9125784,192274.2452,449397.6169,30.73277218,0.840799237237384,27.08104399923812,44.0,4.801609658148866,111.0,2.3718814084500153,56.0,2.4796807011368296,59.0
마포구,합정동,하우스 제이제이,1,저위험군,37.54973871,126.9077308,191846.4699,450028.5,38.26245015,-0.2874390565499496,25.60198843893739,44.0,5.406353148828444,111.0,3.3020173092871907,56.0,1.0540007712164532,59.0
마포구,상수동,Anne stay,1,저위험군,37.54358569,126.9216146,193072.77,449344.4754,21.19208022,-0.8084906993796608,26.65398736588291,44.0,4.575466874763292,111.0,3.2190654485120715,56.0,1.6651908127758688,59.0
마포구,상암동,영 스테이,1,저위험군,37.57642101,126.893897,190627.3594,452991.2122,21.29378715,2.989677587275686,23.011971043087726,44.0,4.982146530426673,111.0,2.703020624680067,56.0,-0.5855828723654074,59.0
마포구,상수동,Hongdae Han River,1,저위험군,37.54234465,126.9248655,193359.9507,449206.5005,25.98415937,0.11054002598338286,26.43327077342834,44.0,4.538694296350612,111.0,3.125110328876937,56.0,1.4872415023500603,59.0
마포구,합정동,CHOI & HAUS,1,저위험군,37.54636516,126.9083444,191900.3259,449654.0235,33.44824194,-0.5328747796175008,26.70586094641759,44.0,5.105765088267059,111.0,3.8347482581549315,56.0,1.6576251433824687,59.0
마포구,망원동,럭스리움,1,저위험군,37.55544104,126.8998035,191146.6362,450662.1077,24.78581413,-2.538957630360425,24.82921079785962,44.0,5.609270937777708,111.0,2.426033544466645,56.0,0.310489677995041,59.0
마포구,합정동,K-Wave 홍대 부띠크,1,저위험군,37.54488594,126.9171641,192679.5884,449489.1247,23.16533373,-0.6587013086505742,26.484831172310354,44.0,4.684713465272153,111.0,2.335153222387124,56.0,2.1897561632465834,59.0
마포구,성산동,홍대 스카이 하우스,1,저위험군,37.55768597,126.9136374,192369.2258,450910.0553,20.85447132,3.016826653021713,23.086246673485203,44.0,5.8225830499578155,111.0,-0.20495723117605474,56.0,0.636366382675,59.0
마포구,합정동,에이치 스테이,1,저위험군,37.54351819,126.9154426,192527.3107,449337.4564,31.4440909,0.009827157474855852,26.680646966827435,44.0,4.708286330089662,111.0,2.275360165353729,56.0,2.457646006785764,59.0
마포구,합정동,K&Min's Riverside stay in Hongdae,1,저위험군,37.54407094,126.9172655,192688.4672,449398.6616,21.5822368,-0.1245316054700929,26.5486699342603,44.0,4.6714064490265175,111.0,2.3129118621789244,56.0,2.1460391611364753,59.0
마포구,연남동,YN Stay,1,저위험군,37.55952624,126.9173807,192700.1553,451114.0062,18.60089267,-0.37366352239492073,23.805516116088818,44.0,5.491699178512674,111.0,-0.04156224366692013,56.0,1.081446461057832,59.0
마포구,중동,다올 하우스,1,저위험군,37.5654964,126.9104681,192090.0249,451777.1831,38.33927137,2.5825206102905227,24.927948225676786,44.0,6.1447003376830684,111.0,1.8306622379325281,56.0,1.1044768612055331,59.0
마포구,서교동,아르떼 스테이,1,저위험군,37.55460718,126.9109587,192132.2182,450568.567,12.5523166,-4.706375425935734,22.311822684313235,44.0,5.745413910061096,111.0,1.4100309963262283,56.0,1.270130826580912,59.0
마포구,노고산동,Stay Wood,1,저위험군,37.55137091,126.9390334,194612.7,450207.4003,17.19501881,-10.184559956811544,22.84419885947422,44.0,4.591325172801733,111.0,1.7869061097809833,56.0,1.4136742528969521,59.0
마포구,공덕동,유성스테이,1,저위험군,37.54688979,126.9625785,196693.0539,449708.9612,24.48086608,-0.7737251376858474,23.72916882916116,44.0,4.398047598177345,111.0,2.0498408525083858,56.0,-0.17390686718309495,59.0
마포구,동교동,윤이네,1,저위험군,37.55746684,126.9242267,193304.8465,450884.9275,19.9508693,2.3539279572883594,22.066036455721335,44.0,4.720917995869083,111.0,2.8005831333883036,56.0,2.7243799952274705,59.0
마포구,공덕동,스테이 디아츠,1,저위험군,37.54544059,126.9588364,196362.2981,449548.2557,23.77191044,-2.6494774535754715,24.218186203718357,44.0,4.209902629182143,111.0,2.4878320046010574,56.0,0.18460144510405413,59.0
마포구,합정동,Zen's House,1,저위험군,37.54769777,126.9089212,191951.4414,449801.8776,30.14614272,-0.7858560179768794,26.229831108840205,44.0,5.18378736665751,111.0,4.093869455179425,56.0,1.5107476315717623,59.0
마포구,연남동,연남민박 1971,1,저위험군,37.56105059,126.9230431,193200.5974,451282.7663,42.60627067,6.1688450190744675,26.81591964754392,44.0,5.134741381514411,111.0,5.077108765054955,56.0,3.680183134227186,59.0
마포구,신수동,제이비 스테이,1,저위험군,37.54722267,126.9356561,194313.945,449747.1944,26.08411334,-1.8634623806826198,22.550646526611256,44.0,4.528892718724643,111.0,1.630509630894525,56.0,1.3213733967887098,59.0
마포구,당인동,비비르 스테이 홍대,1,저위험군,37.54363907,126.9191746,192857.1398,449350.5825,31.186834,-0.5050934650232364,26.63705643523528,44.0,4.622914361301028,111.0,2.640117302945761,56.0,1.8834448352016235,59.0
마포구,연남동,세미콜론 하우스,1,저위험군,37.56311652,126.9205908,192984.1167,451512.2405,42.39064608,4.334311472665043,26.93019450303116,44.0,5.435813355437311,111.0,3.740853371494685,56.0,3.3672517838181077,59.0
마포구,연남동,홍대 HK 스테이,1,저위험군,37.55750071,126.91914,192855.4017,450889.0611,38.38176335,4.8783978736461435,23.0165132684129,44.0,5.100855992537326,111.0,-3.878734499319002,56.0,0.4840913294270112,59.0
마포구,동교동,서교스테이,1,저위험군,37.55681929,126.923472,193238.1036,450813.1111,26.7971344,0.1945078535308582,21.70169329112113,44.0,4.6635846240431675,111.0,2.2567848389180654,56.0,2.2456052765846666,59.0
마포구,창전동,마포 아라 스테이,1,저위험군,37.54458151,126.9300076,193814.5685,449454.4142,30.08817185,-0.7491187465265625,23.23503262065863,44.0,4.515594137008348,111.0,1.5067818212173723,56.0,1.421835803149285,59.0
마포구,서교동,서교 짱구하우스,1,저위험군,37.55005794,126.9130636,192317.7416,450063.4816,5.720826547,-8.893465052431571,22.837045446181897,44.0,5.231633727803713,111.0,3.459458901318078,56.0,1.643220851342706,59.0
마포구,성산동,코지인서울,1,저위험군,37.56197617,126.9145398,192449.3951,451386.1439,37.03676217,3.992199750370098,25.22263494759321,44.0,5.82011445982033,111.0,1.0436625321049966,56.0,-0.07121632565985969,59.0
마포구,연남동,영미하우스,1,저위험군,37.55770396,126.9245633,193334.6106,450911.2211,18.86658404,-2.9498126185790987,22.28447594015871,44.0,4.729155638585832,111.0,3.008243999920842,56.0,2.8836496315823066,59.0
마포구,상암동,Roommate in DMC,1,저위험군,37.57397809,126.893773,190616.1064,452720.0885,31.2058324,-1.2658049426763824,23.03364894562803,44.0,4.980026499522648,111.0,2.6930833037714716,56.0,-0.5588567593577854,59.0
마포구,노고산동,신촌 힐링 스테이,1,저위험군,37.55162244,126.9401348,194710.0419,450235.2546,29.5788145,2.191178536398123,22.898764136585303,44.0,4.606629743578198,111.0,1.8200848890607086,56.0,1.4724481374894582,59.0
마포구,서교동,365 Stay,1,저위험군,37.55067906,126.9152516,192511.1556,450132.2419,14.04344111,-3.228438422726697,22.277560857996555,44.0,5.175380045971602,111.0,3.6848190162037535,56.0,1.7845617596875383,59.0
마포구,노고산동,코지하우스,1,저위험군,37.55127482,126.9398439,194684.3129,450196.6893,32.99693563,3.859614668733588,22.868137218051057,44.0,4.610108127364704,111.0,1.811984154854885,56.0,1.4629530502660344,59.0
마포구,망원동,어반 오아시스,1,저위험군,37.55114662,126.9034784,191470.8586,450185.1385,35.44690511,-2.0566243695695263,25.554776542054405,44.0,5.526865215897862,111.0,2.882869885270088,56.0,0.3989778446551091,59.0
마포구,서교동,바이 리틀 클라우드,1,저위험군,37.55111615,126.915764,192556.4723,450180.713,21.12490948,4.777265502593515,22.32847726120641,44.0,5.175564591903429,111.0,3.7039479881352997,56.0,1.8262407962923328,59.0
마포구,상수동,Ella House,1,저위험군,37.54363872,126.9214664,193059.6734,449350.3721,21.12409776,-0.8727400324613548,26.65897169990834,44.0,4.5779602582689165,111.0,3.1883366683954635,56.0,1.6751265842843035,59.0
마포구,상수동,상수하우스,1,저위험군,37.5435241,126.9232158,193214.268,449337.5229,32.32957744,0.4137340012162518,26.56168765123049,44.0,4.547049452995572,111.0,3.5233206254905953,56.0,1.5429292710108842,59.0
마포구,망원동,스테이 마포,1,저위험군,37.55080616,126.9031387,191440.8055,450147.3823,33.17195657,-0.4354281326306477,25.62444254927656,44.0,5.511395169188932,111.0,2.955681852522787,56.0,0.3770962775565798,59.0
마포구,상암동,J-Park Story DMC,1,저위험군,37.57356624,126.8956935,190785.71,452674.1878,26.90119131,-0.9768233856235256,23.036387723752533,44.0,5.040615532688467,111.0,2.6823486458958503,56.0,-0.5290228687168785,59.0
마포구,연남동,연남숲길스테이,1,저위험군,37.56160664,126.9192207,192862.923,451344.7647,24.61012158,0.46027971947956914,25.93883889821245,44.0,5.461040015998567,111.0,2.7877863316111613,56.0,2.8990464889057788,59.0
마포구,망원동,밍글스,1,저위험군,37.55243772,126.9003296,191192.7655,450328.7255,36.08140022,2.7284499170240224,25.45504756545101,44.0,5.549649038954102,111.0,2.7128384825347593,56.0,0.19392964575828245,59.0
마포구,망원동,굿스테이,1,저위험군,37.55706457,126.9037609,191496.4915,450841.9349,21.79772496,-0.8758639629216702,23.87879261638786,44.0,5.71468398801545,111.0,1.8075522876082748,56.0,0.5988151118943859,59.0
마포구,노고산동,ISM,1,저위험군,37.55124052,126.938071,194527.6481,450192.9842,31.17556579,2.8143451971932514,22.7971112096063,44.0,4.578247423693312,111.0,1.790786945285172,56.0,1.3753969618849238,59.0
마포구,도화동,레스팅 스테이,1,저위험군,37.535708,126.9495876,195544.3846,448468.4548,19.74164375,-6.317157855152786,24.313775557381195,44.0,3.8356472073248042,111.0,2.5407932443214203,56.0,0.8972117935166609,59.0
마포구,서교동,윤스테이,1,저위험군,37.55028336,126.9135435,192360.1716,450088.4614,27.54153734,1.9037965438507882,22.54156175099174,44.0,5.249516675527598,111.0,3.482542726517354,56.0,1.666009092364892,59.0
마포구,성산동,메종 서울,1,저위험군,37.55765594,126.906788,191764.0255,450907.3004,16.62925958,-2.2641076010045964,22.82588595981237,44.0,5.819060493213571,111.0,1.0174371989375943,56.0,1.1086840543717755,59.0
마포구,도화동,온화당,1,저위험군,37.53559198,126.947431,195353.7699,448455.6824,30.64633672,3.3200720677294875,24.33289972638399,44.0,3.881571486846895,111.0,2.5456894616398276,56.0,0.9405385420087088,59.0
마포구,합정동,세레노아 합정,1,저위험군,37.5430541,126.9124777,192265.2494,449286.1878,22.08403434,0.42774612822387326,27.10234558426631,44.0,4.779968336738799,111.0,2.2470774874356922,56.0,2.478333063034176,59.0
마포구,당인동,히든 홍대,1,저위험군,37.5437997,126.919366,192874.0645,449368.396,32.27343123,-0.3074355340555215,26.638537559556568,44.0,4.619662424028672,111.0,2.7224406680691207,56.0,1.8599073353163127,59.0
마포구,염리동,스테이 이화 202,1,저위험군,37.5529098,126.9461834,195244.6011,450377.813,38.59147188,6.479780583329003,23.056953236501503,44.0,4.624514461584537,111.0,2.1487588430966746,56.0,1.5919089163371445,59.0
마포구,노고산동,스테이 업 데즐링,1,저위험군,37.55075789,126.9376585,194491.1541,450139.4421,26.60237932,-2.526543054230327,22.747510566452693,44.0,4.566121962123257,111.0,1.7766074187583452,56.0,1.3660824835930896,59.0
마포구,합정동,고즈넉,1,저위험군,37.54357228,126.9163496,192607.4731,449343.388,22.18981829,0.44629984818949353,26.614639764235065,44.0,4.686373583931833,111.0,2.265288976944486,56.0,2.286048307483318,59.0
마포구,망원동,코지스테이 망원점,1,저위험군,37.55122548,126.9019431,191335.1989,450194.0314,33.35849099,-0.06537828261826206,25.582326371316242,44.0,5.521704567276103,111.0,2.901636445806117,56.0,0.30195869448260126,59.0
마포구,도화동,에이치스테이,1,저위험군,37.53542613,126.9497177,195555.8657,448437.1646,26.30749309,0.1342521097841285,24.30615429661796,44.0,3.8221766792396448,111.0,2.5325925930278745,56.0,0.8868756047284475,59.0
마포구,당인동,민트컨디션,1,저위험군,37.54346019,126.9193624,192873.7158,449330.7148,31.33260655,-0.37850100906080186,26.650593076068365,44.0,4.617847140226616,111.0,2.6581192450566853,56.0,1.870238438553711,59.0
마포구,합정동,더마포,1,저위험군,37.54237489,126.9122201,192242.4092,449210.8249,22.07706862,0.4026173664800332,27.112674241414805,44.0,4.775203621483897,111.0,2.183309970086957,56.0,2.461588589352639,59.0
마포구,연남동,마루_연남,1,저위험군,37.56297014,126.9212497,193042.322,451495.945,16.99938855,-5.536945323131011,27.141219407879092,44.0,5.382370658638342,111.0,4.058120223170151,56.0,3.5455446040349674,59.0
마포구,연남동,수리르스테이,1,저위험군,37.55732438,126.9188253,192827.5805,450869.5145,18.92007636,-2.5098682492252635,23.020448058149142,44.0,5.1157197399744145,111.0,-3.428447544086826,56.0,0.7181298919600696,59.0
마포구,도화동,CNI Company,1,저위험군,37.53515511,126.9477836,195384.9106,448407.1778,20.3977127,-2.2030845655347875,24.342776949015366,44.0,3.850903191588701,111.0,2.5342353907933277,56.0,0.9310017869880931,59.0
강서구,등촌동,HOmestay in Seoul,1,저위험군,37.55889289,126.840328,185892.0277,451052.4866,16.08038742,-4.041870405166232,24.269190302455794,44.0,4.3711425193096085,111.0,2.755907999131271,56.0,0.8419257135458491,59.0
강서구,염창동,블랙션샤인,1,저위험군,37.54838569,126.8646689,188041.0087,449882.9371,17.85442485,-1.0219344101104468,25.558102879714735,44.0,4.22664808098772,111.0,2.565550395796004,56.0,2.1374679272077763,59.0
강서구,공항동,THANK YOU STAY,1,저위험군,37.55444927,126.81041,183247.5902,450564.2083,30.27317236,-0.9531643986645797,26.339357193911557,44.0,4.491245707433124,111.0,1.6998669509336164,56.0,0.06205425380170712,59.0
강서구,공항동,센티멘탈 버스,1,저위험군,37.55765102,126.8089697,183121.0456,450919.8226,19.51888209,-2.1179957040722037,26.447523957770116,44.0,4.502418220579831,111.0,1.725113851978245,56.0,0.08641849827721021,59.0
강서구,공항동,온기,1,저위험군,37.55195845,126.8144999,183608.4399,450287.0356,19.26592712,-2.035411880276275,26.095832219590626,44.0,4.473623471201149,111.0,1.7224531514181092,56.0,0.05708252849863959,59.0
강서구,등촌동,스테이 등촌,1,저위험군,37.55246999,126.8587784,187521.1554,450337.0113,19.66462203,0.8707423258461269,25.460282874757205,44.0,4.103142496054408,111.0,2.571985795377398,56.0,1.7214411901503262,59.0
강서구,방화동,제니스하우스,1,저위험군,37.5748683,126.8178945,183913.3236,452829.1762,27.38746269,4.111773913700578,26.53327398769158,44.0,4.5562315759021015,111.0,1.8882991393107558,56.0,0.21247275801935028,59.0
강서구,공항동,드림하우스,1,저위험군,37.5553957,126.8097598,183190.3529,450669.3669,19.29602462,-1.378922169362422,26.39242208823448,44.0,4.495535137650652,111.0,1.7049394988708413,56.0,0.06912561427866243,59.0
강서구,공항동,하우스공감 스테이,1,저위험군,37.55474504,126.8098202,183195.5464,450597.1405,18.32285068,-2.297292870057163,26.367436500758235,44.0,4.493419763250134,111.0,1.696388997755516,56.0,0.061963300159090004,59.0
강서구,화곡동,화곡동 하우스(Hwagok-dong House),1,저위험군,37.52763269,126.8577205,187423.5054,447580.513,18.84265243,1.3253228685955243,23.748867462998213,44.0,4.200010274370648,111.0,2.4747430855276944,56.0,0.921421816738101,59.0
강서구,염창동,유오스테이,1,저위험군,37.54834791,126.8693837,188457.6449,449878.1547,15.38552534,-1.5984056582247188,25.39949093785905,44.0,4.342047605303586,111.0,2.60140011784858,56.0,2.3248481500546108,59.0
강서구,공항동,플라이 서울,1,저위험군,37.55381292,126.8102038,183229.2337,450493.6177,30.06912257,-0.9238144378937818,26.323160073907673,44.0,4.489295062573538,111.0,1.6876038101327748,56.0,0.053647335698204957,59.0
강서구,화곡동,Stay #101,1,저위험군,37.54275653,126.834733,185394.521,449262.397,30.33644322,1.1441373667697796,24.79567364367393,44.0,4.371999448359607,111.0,1.9619789006920667,56.0,-0.15723324629087942,59.0
강서구,화곡동,라곰스테이,1,저위험군,37.52957349,126.8594079,187572.9825,447795.6936,29.06284152,1.7190028401458548,23.771160134730096,44.0,4.1924412062323935,111.0,2.697988438162361,56.0,1.0870753472999568,59.0
강서구,가양동,미리내Stay,1,저위험군,37.56869584,126.8396489,185833.8761,452140.602,25.79873468,4.565046801545744,24.479091409481683,44.0,4.381812468900278,111.0,2.8758824678393733,56.0,0.5810737862327225,59.0
강서구,등촌동,공항에서 가까운 아파트,1,저위험군,37.55298103,126.8595117,187586.039,450393.6336,20.84896834,2.3901831875377795,25.442061169102804,44.0,4.0868883412991925,111.0,2.586678153238806,56.0,1.734570545231926,59.0
강서구,염창동,안밤,1,저위험군,37.54714287,126.8678301,188320.1694,449744.6016,35.81447133,9.04653339267944,25.395543077677928,44.0,4.234848476163724,111.0,2.620625288045489,56.0,2.295716525190923,59.0
강서구,공항동,에어리인(Airy Inn),1,저위험군,37.55659423,126.8083139,183062.8642,450802.6492,20.974373,-0.6559104499597979,26.450940698495657,44.0,4.501603224876413,111.0,1.703174077355558,56.0,0.07374034100870602,59.0
강서구,등촌동,등촌 Stay 48,1,저위험군,37.55270133,126.8582166,187471.5488,450362.7621,16.95651985,-0.693287083981847,25.42415481231811,44.0,4.106026389617476,111.0,2.5729308466750935,56.0,1.6878690713706168,59.0
강서구,염창동,Dawn Stay,1,저위험군,37.54736153,126.8680874,188342.9402,449768.8383,26.725849,8.75506636611144,25.393974905734755,44.0,4.2456426411908295,111.0,2.62801625176323,56.0,2.2944781450853116,59.0
강서구,화곡동,소담스레,1,저위험군,37.52736614,126.8614165,187750.1665,447550.4415,22.9649706,-3.2929719956616736,23.74273194087558,44.0,4.228791449311139,111.0,2.711975718531207,56.0,1.1370539402288575,59.0
강서구,등촌동,디렉터 하우스,1,저위험군,37.54931594,126.8642955,188008.1645,449986.2313,23.13738875,-5.768828137491337,25.605219612692256,44.0,4.203331865047156,111.0,2.5740463727203347,56.0,2.086539541859901,59.0
강서구,화곡동,호호집,1,저위험군,37.5287975,126.8527734,186986.4192,447710.4655,8.752704142,-8.527777876787292,23.788583840429737,44.0,4.198065131711711,111.0,2.255160487257051,56.0,0.7421240481305791,59.0
강서구,화곡동,안나 스테이,1,저위험군,37.52551906,126.8444709,186251.9484,447347.7803,27.63808245,-0.0077735763737045716,23.82060752544661,44.0,4.2304891334551895,111.0,2.017396662735364,56.0,0.5580623536444284,59.0
강서구,등촌동,회랑정,1,저위험군,37.55227847,126.8587615,187519.6284,450315.7571,17.31349994,-0.6123716068263434,25.475376296183217,44.0,4.106835603440706,111.0,2.568067849181353,56.0,1.7278614798302911,59.0
강서구,화곡동,Romg Stay,1,저위험군,37.53609871,126.8444631,186253.2007,448521.9927,25.45575666,5.455591365344713,24.111115275873303,44.0,4.238320437396752,111.0,2.0640008550377473,56.0,0.528759123982356,59.0
강서구,공항동,수 코지 스테이(Soo Cozy Stay),1,저위험군,37.55607372,126.8101848,183228.0589,450744.5433,18.58816963,-2.160840469172605,26.3944288992957,44.0,4.496399800955142,111.0,1.720041633932796,56.0,0.08009830235260905,59.0
강서구,화곡동,혜성,1,저위험군,37.53025651,126.8491553,186666.8676,447872.9044,29.19412761,7.223114291029294,23.809812656901045,44.0,4.207544143165135,111.0,2.1536505881388344,56.0,0.645120385281717,59.0
강서구,공항동,사랑방스테이,1,저위험군,37.5564618,126.8103309,183241.056,450787.5895,25.90643119,4.3372460851550265,26.395105488391764,44.0,4.49763468083475,111.0,1.7273036752968285,56.0,0.0821712890548586,59.0
강서구,공항동,라인스테이,1,저위험군,37.55197601,126.8160621,183746.4819,450288.7134,18.09659602,-2.1582667870860206,26.017544279066534,44.0,4.470003904067725,111.0,1.7511397818091499,56.0,0.0683853800269804,59.0
강서구,방화동,Cozy Room(코지룸),1,저위험군,37.57800431,126.811759,183372.0254,453178.3059,25.93493303,1.9039898715258659,26.662108690668692,44.0,4.578168280836159,111.0,1.8094386819001815,56.0,0.19001817525147705,59.0
강서구,화곡동,미소스테이,1,저위험군,37.53000695,126.8604525,187665.3859,447843.6648,30.43307594,7.315671499872604,23.784309632733105,44.0,4.203319110885692,111.0,2.8091618252621435,56.0,1.1946580773114936,59.0
강서구,공항동,스테이 하루담,1,저위험군,37.55205856,126.818436,183956.2683,450297.4676,24.02078419,-2.56551526820947,25.870250384210987,44.0,4.4644088814472624,111.0,1.8022883862053287,56.0,0.09153991570621875,59.0
강서구,화곡동,Stay in Seoul,1,저위험군,37.541487,126.8388389,185757.1405,449120.8646,18.39381066,-3.154262246623606,24.899339577791103,44.0,4.330482207507357,111.0,2.0292352905297526,56.0,0.2964688310482679,59.0
강서구,공항동,The Nest Stay,1,저위험군,37.55579463,126.8091062,183132.6906,450713.7606,21.27165258,-0.30135107506839276,26.42117077800908,44.0,4.497238319237896,111.0,1.7021271034400098,56.0,0.06964245660989876,59.0
강서구,공항동,공감나눔NO.1,1,저위험군,37.55246778,126.8132482,183497.9457,450343.7842,31.19721742,-1.0201942369710437,26.191581679864356,44.0,4.478263548016101,111.0,1.7103453123956525,56.0,0.055421148573490356,59.0
강서구,화곡동,스테이진25,1,저위험군,37.55093993,126.851404,186869.2637,450168.1973,28.32132069,1.867403863301579,25.21907033272065,44.0,4.192975550477169,111.0,2.533902117941782,56.0,1.4210349620435934,59.0
강서구,등촌동,솔온스테이,1,저위험군,37.54933962,126.8637457,187959.5786,449988.9298,27.67367935,5.349043601801988,25.634421732693028,44.0,4.197434566000536,111.0,2.564050233002049,56.0,2.0653137972480264,59.0
강서구,화곡동,오동나무,1,저위험군,37.53049314,126.8467547,186454.7218,447899.5105,18.16170511,-4.559773289165108,23.82769154273314,44.0,4.2179748020374745,111.0,2.084568225122872,56.0,0.5713064017459066,59.0
강서구,화곡동,인터하우징,1,저위험군,37.52754144,126.859258,187559.3926,447570.1809,18.8238496,1.5231841472818672,23.741479443217358,44.0,4.2247526195714675,111.0,2.546399434381664,56.0,0.9984897778065167,59.0
강서구,공항동,마실(Masil),1,저위험군,37.55422875,126.8106866,183271.987,450539.6839,31.49671706,0.2878179043296747,26.322859958303383,44.0,4.489912582867168,111.0,1.7003392154534653,56.0,0.06113331999093531,59.0
강서구,공항동,공항 STAY,1,저위험군,37.55265579,126.8166372,183797.4482,450364.0616,21.39849997,-0.02138351463207755,26.006919760848827,44.0,4.471132665824534,111.0,1.773841984273136,56.0,0.08321992615339388,59.0
강서구,공항동,스테이솔라,1,저위험군,37.55435617,126.8117715,183367.8752,450553.6335,29.10015988,-1.5168173342744922,26.291214831111244,44.0,4.488292844665688,111.0,1.7175761314507532,56.0,0.06982123747954908,59.0
강서구,화곡동,쏘스테이,1,저위험군,37.52852779,126.8436331,186178.4441,447681.8349,21.37621806,-1.6945453999026938,23.8379414915618,44.0,4.232335282734837,111.0,2.0077054588286476,56.0,0.5205879848837763,59.0
강서구,공항동,스테이 현재,1,저위험군,37.5526725,126.8171306,183841.0494,450365.8313,20.84713162,-0.42998104018647254,25.97728458919572,44.0,4.469961837344632,111.0,1.7841414529353616,56.0,0.0880082624056895,59.0
강서구,공항동,DADA STAY,1,저위험군,37.55101942,126.8167005,183802.6893,450182.433,19.1858636,-1.9490230354659275,25.951721022715635,44.0,4.466376730062816,111.0,1.7468644027020659,56.0,0.059380467402371136,59.0
강서구,방화동,지구플레이스,1,저위험군,37.56466815,126.8064238,182897.7028,451699.1025,20.31484759,-0.7311579510941968,26.572968903694946,44.0,4.529488638528554,111.0,1.7350752404151533,56.0,0.12361118126712842,59.0
강서구,화곡동,화곡 Song.Stay,1,저위험군,37.54071243,126.8361979,185523.5891,449035.3,20.46156761,-0.3370358254697621,24.797716859597063,44.0,4.35217685040112,111.0,1.8390922195834345,56.0,0.030121388693282774,59.0
강서구,공항동,Sarangbang Stay,1,저위험군,37.55716239,126.8082455,183056.9526,450865.7206,19.89314003,-1.1181649927804393,26.459349453749038,44.0,4.503221271736766,111.0,1.709833848564241,56.0,0.07850343288886089,59.0
영등포구,여의도동,63House,1,저위험군,37.51794347,126.936319,194370.3267,446497.5244,30.87715754,2.619704117675017,27.19825271817662,44.0,3.904975662673986,111.0,2.6399111370689283,56.0,0.7781316800477993,59.0
영등포구,(당산동,스테이 로라,1,저위험군,37.52027213,126.8966903,190867.2655,446759.0856,19.80211378,0.3522494301159078,21.829325520070057,44.0,5.327383941656835,111.0,3.03153192464447,56.0,0.9884943202197928,59.0
영등포구,신길동,웨스트 서울 모던스테이,1,저위험군,37.49441931,126.9145775,192445.9173,443888.1672,30.90470433,4.153188166562057,24.331888734779263,44.0,4.205997855699657,111.0,2.245265929306262,56.0,2.333207016824854,59.0
영등포구,도림동,지니 숙박,1,저위험군,37.50592267,126.9023018,191361.6746,445165.9474,39.94464066,2.200695049768804,25.159723732792617,44.0,4.60836860630736,111.0,3.9401295587590814,56.0,1.6930641389845222,59.0
영등포구,(당산동,다온 영등포,1,저위험군,37.5207155,126.895808,190789.3224,446808.3801,16.50052585,0.08951588693619783,22.064957387208256,44.0,5.342887484995359,111.0,2.938259409005537,56.0,0.9237154451448405,59.0
영등포구,(양평동,YR HOUSE,1,저위험군,37.53772987,126.8941701,190646.6569,448696.9265,24.14167297,-4.3471447514062405,20.87183061361867,44.0,5.6975832916011,111.0,2.1120227299706023,56.0,-0.10855990455102582,59.0
영등포구,(당산동,안온(anon),1,저위험군,37.52047952,126.8961085,190815.8598,446782.1599,19.57330509,-0.3259113320443241,21.989805903343097,44.0,5.334927587708228,111.0,2.9720575705298584,56.0,0.9478189104814279,59.0
영등포구,도림동,Son,1,저위험군,37.50577721,126.9002935,191184.0901,445149.9895,28.75800821,-1.8265371295283686,25.014927958194868,44.0,4.598028389088673,111.0,3.8201164656857234,56.0,1.602089431907398,59.0
영등포구,(당산동,소담스테이,1,저위험군,37.51921779,126.8973514,190925.5748,446642.0031,25.09407896,4.785988227583637,21.534206583130825,44.0,5.292054849531581,111.0,3.1994865914523443,56.0,1.0503431581479712,59.0
영등포구,신길동,오늘스테이,1,저위험군,37.49701707,126.9134118,192343.0955,444176.5789,31.7121684,2.871216395068508,24.538867027633657,44.0,4.26564908637595,111.0,2.1456753561113677,56.0,2.3022824026800968,59.0
영등포구,(당산동,느릿스테이,1,저위험군,37.52065164,126.8990555,191076.3972,446800.9795,12.1252119,-4.81724077816008,21.16243228649867,44.0,5.3371722338622885,111.0,3.3023164413435797,56.0,1.1524891758141491,59.0
영등포구,(당산동,한리버파크 비앤스테이,1,저위험군,37.5321911,126.9028386,191412.1451,448081.364,20.51939107,2.2334826772161485,20.80412664185804,44.0,6.1387646286329485,111.0,1.8346558029680313,56.0,-0.6961440744127658,59.0
영등포구,도림동,정담,1,저위험군,37.50493209,126.8974919,190936.2716,445056.4581,32.48793199,-3.9183548700993356,24.833957557082183,44.0,4.542626341599931,111.0,3.4555753779890366,56.0,1.479081485461768,59.0
영등포구,(양평동,선앤유1002,1,저위험군,37.53359476,126.895767,190787.282,448237.8223,12.1760875,-1.9725503961822515,20.88584777779285,44.0,5.953216729710583,111.0,2.051586594512954,56.0,-0.3717629132078605,59.0
영등포구,신길동,글랜하우스,1,저위험군,37.50517759,126.9159306,192566.6359,445082.0893,24.33248465,-0.1759926458194272,25.71966997569389,44.0,4.569095413864762,111.0,2.8537139025822125,56.0,1.75711784887834,59.0
영등포구,신길동,바오 스테이,1,저위험군,37.50031817,126.9069656,191773.4267,444543.5022,22.17142393,1.2411352509510678,24.70955396585179,44.0,4.354897592730958,111.0,2.0650814482437028,56.0,2.1863321468027626,59.0
영등포구,(당산동,당산스테이,1,저위험군,37.5207481,126.8984325,191021.3366,446811.7446,13.60711064,-1.0257623049174285,21.360498375425184,44.0,5.3408660983874015,111.0,3.1999674885085323,56.0,1.0993034372483987,59.0
영등포구,대림동,북스테이 북적북적,1,저위험군,37.48987675,126.9069773,191773.316,443384.6394,18.87220557,-0.9540836820970071,23.92936352312502,44.0,4.113996455797431,111.0,2.4266650420130147,56.0,2.3482516822516066,59.0
영등포구,신길동,파사드하우스,1,저위험군,37.49540574,126.9169686,192657.4602,443997.4588,15.39683198,-1.6551818059745624,24.49773236281517,44.0,4.225279082141612,111.0,2.173065051733105,56.0,2.326885938135627,59.0
영등포구,(당산동,Yeongdeungpo Cozy Stay,1,저위험군,37.51865166,126.8989293,191064.9998,446579.0188,21.79645817,-0.5391274159216906,21.015779310794798,44.0,5.2732442896003295,111.0,3.532898379426731,56.0,1.1455190895719713,59.0
영등포구,신길동,오르빗스테이,1,저위험군,37.49473621,126.906812,191759.2259,443923.9905,23.7986007,-5.5694772611079415,24.090043285647553,44.0,4.201704211708564,111.0,2.3396102478755427,56.0,2.284897800915107,59.0
서초구,서초동,서초맘 게스트하우스,1,저위험군,37.48340679,127.0065427,200578.6647,442662.515,29.98272619,7.038825172770846,25.394837908444153,44.0,3.749370295944019,111.0,0.5753948639986277,56.0,0.5149399609827608,59.0
서초구,반포동,더웨이홈(The Way Home),1,저위험군,37.50260728,127.0217859,201926.3583,444793.7208,31.85360761,-0.8120208619223455,26.0748765050701,44.0,4.223387663939495,111.0,3.17249097155892,56.0,2.2288765830871067,59.0
서초구,서초동,초이스,1,저위험군,37.48304857,127.0070971,200627.7061,442622.7609,19.95154257,-2.9746245071581434,25.342321538484423,44.0,3.7331042001255144,111.0,0.6138268647180389,56.0,0.5395196422177047,59.0
서초구,방배동,서초그린해피하우스,1,저위험군,37.48115716,126.9975347,199781.9473,442412.8187,18.33460746,-4.327581785026602,25.557413333281474,44.0,3.900331774859896,111.0,-0.1505468296880185,56.0,0.15102001627476463,59.0
서초구,잠원동,KW신사,1,저위험군,37.50990054,127.0178734,201580.2538,445603.1061,18.07440535,-4.418971249431653,26.26294586198322,44.0,4.243637672344178,111.0,2.837983523914323,56.0,2.9963322678453226,59.0
서초구,반포동,강남교보하우스,1,저위험군,37.50180565,127.0202526,201790.7985,444704.7199,21.46378718,3.280605323970377,26.113931551870863,44.0,4.264499560507974,111.0,3.170416196058179,56.0,2.1906439237010273,59.0
서초구,반포동,엘스테이,1,저위험군,37.50213292,127.0212759,201881.2809,444741.0626,24.39405674,1.5470712690254231,26.086230134371895,44.0,4.2536625061369175,111.0,3.1731910506887857,56.0,2.2011584479578916,59.0
서초구,서초동,해치스테이,1,저위험군,37.490188,127.0141662,201252.8164,443415.2139,27.67477767,-3.398295724819505,25.39004682764821,44.0,3.713293586336984,111.0,1.6518631815478475,56.0,0.49402895569856975,59.0
서초구,잠원동,스틸 신사,1,저위험군,37.51096302,127.0151812,201342.2063,445720.986,25.92619902,5.769445255554398,26.562281213075607,44.0,4.201887640908105,111.0,2.694314919456571,56.0,3.110811031230292,59.0
서초구,반포동,달고나 스위트,1,저위험군,37.50328188,127.0190271,201682.4017,444868.5398,22.0242686,1.6210205465011356,26.17564523644707,44.0,4.276407730745664,111.0,3.155732712598785,56.0,2.348139732908804,59.0
서초구,양재동,지원하우스,1,저위험군,37.48037737,127.0384214,203398.3174,442326.9629,22.42076443,0.08593939389847804,23.60073282478333,44.0,3.1078958327928325,111.0,0.31666516363102404,56.0,2.7376004017186646,59.0
서초구,방배동,순꿈하우스,1,저위험군,37.48455785,126.9959742,199643.9462,442790.2549,27.71399807,-4.095361756120987,25.667445284862378,44.0,3.9648537914100426,111.0,-0.33691649956719316,56.0,0.05773140919686634,59.0
서초구,방배동,달빛채,1,저위험군,37.48178547,126.9926725,199351.9087,442482.5751,20.80428509,-1.8052459060569248,25.645473728000773,44.0,3.9680412504856584,111.0,-0.47613111029986555,56.0,-0.030022116231336753,59.0
서초구,잠원동,온스테이 잠원,1,저위험군,37.51095866,127.0168459,201489.3858,445720.5271,28.7370928,1.2445470793650273,26.518901441528755,44.0,4.228341387446602,111.0,2.7389629558733475,56.0,3.077752310173035,59.0
서초구,반포동,더 문,1,저위험군,37.50437864,127.0180299,201594.2079,444990.2487,15.58277067,-2.933660446905579,26.19747650843091,44.0,4.26310357212809,111.0,3.1541865835250147,56.0,2.4650926434709426,59.0
서초구,반포동,스테이 공유 논현,1,저위험군,37.50264458,127.0199345,201762.6566,444797.8243,12.24082051,-6.196947380237988,26.142027037940597,44.0,4.285972656014767,111.0,3.174122039691504,56.0,2.2754363103083133,59.0
서초구,방배동,천지윤의 서재,1,저위험군,37.49287769,126.9898236,199100.0645,443713.6885,19.87113577,-2.286653258280353,25.927505011612237,44.0,3.9893337914581948,111.0,-0.40796129720809027,56.0,-0.14166086201033443,59.0
서초구,양재동,Sandy black house,1,저위험군,37.47899263,127.0382195,203380.5185,442173.2679,36.18585369,4.543783872271085,23.801607090259264,44.0,3.090617688592681,111.0,0.16539515918745593,56.0,2.6949772821014024,59.0
서초구,반포동,더캡슐 반포,1,저위험군,37.50139648,127.0190482,201684.3115,444659.2851,29.46446419,2.6250040723391024,26.139327232520717,44.0,4.256739200523402,111.0,3.1576571868437275,56.0,2.154672031593124,59.0
서초구,우면동,까사드록,1,저위험군,37.47046022,127.0245021,202167.4658,441225.881,21.69434467,-0.5019261479912025,25.077793113307155,44.0,3.2066492362727876,111.0,0.5383285267516635,56.0,1.7097931423693171,59.0
서초구,반포동,제이스테이,1,저위험군,37.50274922,127.0223429,201975.6058,444809.4858,20.81586573,1.8957701208197477,26.05913325570382,44.0,4.2161309138175,111.0,3.1687249734983975,56.0,2.222946855757756,59.0
서초구,우면동,행복스테이,1,저위험군,37.47011272,127.0244266,202160.7909,441187.3115,25.16258175,4.036757552879035,25.131431334885914,44.0,3.206059088777203,111.0,0.5376371585902595,56.0,1.7011498984623288,59.0
서초구,서초동,날아오름 스테이,1,저위험군,37.49072234,127.0146512,201295.7,443474.5251,24.56290309,2.823615647060098,25.34454187475915,44.0,3.725767062265517,111.0,1.7033724487920303,56.0,0.4483958837556923,59.0
서초구,방배동,행복드림,1,저위험군,37.48366818,126.9958925,199636.7116,442691.5136,35.45889838,3.9896630354962674,25.64626844475946,44.0,3.955907041283619,111.0,-0.3028401133897116,56.0,0.06820052569760494,59.0
서초구,서초동,다올(DAOL STAY),1,저위험군,37.48700314,127.0101386,200896.6629,443061.6904,28.93949975,-0.6087495720248732,25.599203724932504,44.0,3.719296198234167,111.0,1.1175167522192682,56.0,0.5933919691194058,59.0
성동구,성동,아이필앳홈,1,저위험군,37.54760491,127.0479523,204237.512,449788.7534,38.60325734,5.272617837822146,27.47137592431449,44.0,4.144593858386419,111.0,2.5377442499152503,56.0,1.9833387990344507,59.0
강남구,신사동,문석하우스,1,저위험군,37.51781045,127.0248841,202199.8622,446481.1465,25.64906419,0.6490927507698814,26.448480630984708,44.0,4.104744492222065,111.0,2.200703524111195,56.0,3.402962233776231,59.0
강남구,역삼동,여운,1,저위험군,37.4889495,127.0323251,202858.7843,443278.1532,11.7748856,-6.662703859046479,21.49732752731242,44.0,3.3756681670670714,111.0,1.969261907127077,56.0,1.4016002375064236,59.0
강남구,신사동,핵스,1,저위험군,37.51918378,127.0291096,202573.3707,446633.676,25.46360066,-2.866179710131906,25.69590354025584,44.0,3.989670875812167,111.0,2.1858210068187427,56.0,3.2240704781397422,59.0
강남구,일원동,신비하우스,1,저위험군,37.48756492,127.0822744,207276.3538,443127.1717,33.95856939,1.7384448334846425,25.50792726882431,44.0,4.72200434552429,111.0,2.9679310979662508,56.0,0.821425510229167,59.0
강남구,논현동,르본하우스,1,저위험군,37.50522732,127.0244695,202163.5791,445084.5698,30.01136169,1.6621925948497065,26.266300065131084,44.0,4.17718401668778,111.0,3.163384946041681,56.0,2.326864843909017,59.0
강남구,삼성동,멜로우 파크사이드,1,저위험군,37.5082253,127.0472843,204180.6793,445418.0762,25.13831622,2.8533518777113294,24.98720468068462,44.0,2.027335202911092,111.0,2.968063345838648,56.0,1.5582853905166834,59.0
강남구,역삼동,어반엑시트(Urban Exit),1,저위험군,37.49935671,127.0331292,202929.4912,444433.2422,12.77567152,-3.512973795547815,20.67144882259871,44.0,3.235345675089238,111.0,2.9216901599046174,56.0,1.2705884447546967,59.0
강남구,논현동,몽 하우스,1,저위험군,37.50862076,127.0389364,203442.5727,445461.629,12.19042811,-6.446615185123989,24.371887657204883,44.0,2.170751777052496,111.0,3.180893799123992,56.0,2.375309567459156,59.0
강남구,신사동,더 헤세드 강남,1,저위험군,37.52016566,127.0312254,202760.3754,446742.7123,25.13540938,-4.177980324503558,25.192218522248133,44.0,3.9042026101815837,111.0,2.1466302656332283,56.0,3.1330000267165943,59.0
강남구,역삼동,타쿠네 하우스,1,저위험군,37.49448236,127.0344967,203050.6123,443892.2962,23.82586176,2.936165174600905,20.766919241982393,44.0,3.2036161246450217,111.0,2.831488901942966,56.0,0.9755995811171686,59.0
강남구,삼성동,스테이 서울풀,1,저위험군,37.51209946,127.0493623,204364.1799,445848.1528,18.56409987,-4.391987659940561,25.102801343420555,44.0,2.205904555665444,111.0,2.7110313164862863,56.0,1.609530746104243,59.0
강남구,논현동,프리시 하우스,1,저위험군,37.51281808,127.020367,201800.6514,445926.9606,16.59946571,-5.007683784172734,26.69941385841867,44.0,4.206165088244306,111.0,2.5798335501192047,56.0,3.1878932152496886,59.0
강남구,역삼동,라이언 스테이,1,저위험군,37.50507993,127.0414852,203668.097,445068.7386,17.85443635,-1.9059370578979866,23.325264393765153,44.0,2.011369576706298,111.0,3.0441292926339614,56.0,2.0048879856803903,59.0
강남구,역삼동,역삼 스테이,1,저위험군,37.50449677,127.0436122,203856.1979,445004.1004,35.45470369,4.111219287529295,23.646625389832753,44.0,1.9742066308555826,111.0,3.017570303483783,56.0,1.8410302410258925,59.0
강남구,역삼동,애플 스테이,1,저위험군,37.4920257,127.0311052,202750.7872,443619.5346,24.44530119,2.5117183810332264,20.76501960025717,44.0,3.4415889427914417,111.0,2.6679466751672223,56.0,0.8381916683649506,59.0
강남구,대치동,퓨어하우스,1,저위험군,37.49544082,127.0549678,204860.8487,443999.5331,27.37992191,-0.4655904000771258,24.380895094234358,44.0,2.055353554362315,111.0,2.441079725169453,56.0,1.1685571170921154,59.0
강남구,신사동,로데오 원 스테이,1,저위험군,37.52074019,127.0311668,202755.1775,446806.4762,31.61926323,0.10262762535186809,25.217453370764147,44.0,3.922466190330571,111.0,2.1406477154071855,56.0,3.136432471870254,59.0
강남구,신사동,강남 인 하우스,1,저위험군,37.51506078,127.0201613,201782.412,446175.8679,17.182461,-3.6461673385226234,26.8496285046949,44.0,4.182753237623293,111.0,2.3865370661472323,56.0,3.3319187303967244,59.0
강남구,삼성동,고래별,1,저위험군,37.50851652,127.0507584,204487.8218,445450.5579,29.64874106,1.538841351476723,25.13093421918486,44.0,2.078626696137816,111.0,2.733169118119006,56.0,1.6543184193518394,59.0
강남구,삼성동,업 인 디 에어,1,저위험군,37.51213515,127.0596223,205271.2753,445852.6393,12.89214004,-4.771479193802117,24.12636564427202,44.0,2.4129488143545235,111.0,2.4031840550981953,56.0,1.7612998794320431,59.0
강남구,논현동,버즈게스트하우스,1,저위험군,37.5079169,127.0338187,202990.1161,445383.3346,23.39880067,1.659069087061841,25.396782894140642,44.0,3.0133628129775745,111.0,3.013592390149101,56.0,2.4653635730084305,59.0
강남구,논현동,스테이 지수,1,저위험군,37.5047485,127.0244071,202158.0747,445031.4255,16.58162941,-2.4561500329989805,26.21855321087068,44.0,4.189987274221281,111.0,3.159909622828856,56.0,2.2929972110325227,59.0
강남구,논현동,메종 184 강남,1,저위험군,37.50371116,127.0254089,202246.6856,444916.3176,22.98726711,2.6122511931746466,26.063772048531536,44.0,4.098653846346239,111.0,3.1249390189717356,56.0,2.1775103805210803,59.0
강남구,논현동,머뭄,1,저위험군,37.50627772,127.0312039,202758.9877,445201.3268,19.8665333,-0.8435779668577865,26.19136216863312,44.0,3.426123421674521,111.0,2.8927675497090948,56.0,2.2397450254181916,59.0
강남구,논현동,조브스테이,1,저위험군,37.50863018,127.0331603,202931.8724,445462.4789,31.2342587,8.842763557348338,25.591659107954428,44.0,3.1295625770239757,111.0,3.0354812316119175,56.0,2.5187065307341174,59.0
강남구,신사동,더 그레이스,1,저위험군,37.51954018,127.0286078,202528.9946,446673.2183,30.54048966,-1.910547868139659,25.790623321037806,44.0,4.013863430862009,111.0,2.1764475436792132,56.0,3.248321284920296,59.0
강남구,역삼동,서울스테이2,1,저위험군,37.50389942,127.0423471,203744.3665,444937.7511,18.04563378,-1.8668054820383446,22.98882808099802,44.0,2.0201991757111273,111.0,3.004748771369812,56.0,1.9562325174464184,59.0
강남구,역삼동,헥사 스테이 역삼,1,저위험군,37.49957541,127.0325402,202877.4015,444457.4969,21.13813952,-1.7899872033383843,20.99550173366248,44.0,3.294931225032588,111.0,2.941844963378245,56.0,1.2333894967292782,59.0
강남구,역삼동,행복한 하루,1,저위험군,37.49933142,127.0268668,202375.7264,444430.2589,23.03256584,1.7178162827661403,25.048107058973542,44.0,3.860178310569474,111.0,3.066098493255243,56.0,1.8133807732946106,59.0
강남구,역삼동,역삼 게하,1,저위험군,37.50255735,127.0417013,203687.3321,444788.7732,23.46453532,5.244816634991491,22.265440859230242,44.0,2.1202270495670703,111.0,2.974170507777627,56.0,1.995321388160281,59.0
강남구,역삼동,여니하우스,1,저위험군,37.49204242,127.0401063,203546.7955,443621.6914,21.98987534,3.284428592808325,21.884477965087996,44.0,2.8448107791848343,111.0,2.550474514995119,56.0,1.0371439143138244,59.0
강남구,일원동,까사 레만소,1,저위험군,37.48092916,127.0780795,206905.9661,442390.3742,31.86189055,1.021374553819328,25.86610329828909,44.0,4.824256238835456,111.0,2.7995657799713087,56.0,0.4070117985852968,59.0
강남구,일원동,젠 스테이,1,저위험군,37.48820312,127.085375,207550.5061,443198.2477,29.97329291,2.2714845741801533,25.49261504310248,44.0,4.70884037756314,111.0,3.1468478178688306,56.0,1.1436787823666812,59.0
강남구,역삼동,선릉 게스트 하우스 해날,1,저위험군,37.50317601,127.0442466,203912.3588,444857.5392,22.42252516,3.7912820904460105,23.26665172125084,44.0,2.0186362972886465,111.0,2.9731836750908744,56.0,1.7716259101730987,59.0
강남구,논현동,청화스테이,1,저위험군,37.50729724,127.0399656,203533.6294,445314.7734,21.02884484,1.9048244653110054,24.048019575768095,44.0,2.0224702647666475,111.0,3.127872203463676,56.0,2.155442860619318,59.0
강남구,삼성동,율 스테이,1,저위험군,37.5103692,127.0440541,203894.9683,445655.8831,23.09804432,0.6246767487037133,24.829219734742658,44.0,2.047667358426693,111.0,3.1565698311036394,56.0,1.7868677989613542,59.0
강남구,역삼동,와이 하우스,1,저위험군,37.50323243,127.0433064,203829.2244,444863.7624,12.77586103,-3.351867105086809,22.96242664728714,44.0,2.031169768236747,111.0,2.9814164964966077,56.0,1.861905435878475,59.0
강남구,역삼동,서울스테이 강남,1,저위험군,37.48891081,127.0321964,202847.3976,443273.8552,21.28583763,-4.398173221705175,21.503301663422207,44.0,3.3793337961911103,111.0,1.9629243518181445,56.0,1.394693483694922,59.0
강남구,역삼동,코맘하우스,1,저위험군,37.49440836,127.0356946,203156.548,443884.1227,19.36221776,-0.5732770834996295,20.870494340443294,44.0,3.107379693337054,111.0,2.8028751832142347,56.0,1.010240514472675,59.0
강남구,청담동,미미미 펜트하우스,1,저위험군,37.52108305,127.0403236,203564.6304,446844.8369,16.27622315,-3.0916030636517426,23.629624875143207,44.0,3.563955588774116,111.0,2.1274297395279906,56.0,1.7510583003121394,59.0
강남구,논현동,에스엔제이,1,저위험군,37.50479472,127.0239581,202118.372,445036.5451,12.24066001,-5.912397935907691,26.237285904482203,44.0,4.202839364320977,111.0,3.1651035291026743,56.0,2.3151763748006453,59.0
강남구,삼성동,더 레이지 소울,1,저위험군,37.50825042,127.0512902,204534.8634,445421.0497,28.22151448,0.4790866992842844,25.068483740995042,44.0,2.075313553342814,111.0,2.7068373055695183,56.0,1.6581262549467617,59.0
강남구,역삼동,다움스테이,1,저위험군,37.49670349,127.0413446,203656.079,444139.0567,22.32968258,2.0121423324952055,21.43825193226705,44.0,2.4560173683431437,111.0,2.7708223480266896,56.0,1.5368756926472935,59.0
강남구,청담동,청담A하우스,1,저위험군,37.52350713,127.0403411,203566.0568,447113.88,19.94598928,-1.2706633212953982,23.659867858502295,44.0,3.932386725449647,111.0,1.968156538806013,56.0,1.6379839112580927,59.0
강남구,논현동,클로버스테이,1,저위험군,37.50534447,127.0278596,202463.3202,445097.6553,26.22072989,4.895416627803829,26.33451506258539,44.0,3.8731786239407486,111.0,3.044215770816634,56.0,2.2068155894144192,59.0
강남구,삼성동,라라하우스,1,저위험군,37.50834406,127.0509686,204506.4223,445431.4271,29.34332007,1.3104143339788337,25.119001286452082,44.0,2.0724394341229737,111.0,2.7226425011211712,56.0,1.6529632456060381,59.0
강남구,역삼동,강남미인,1,저위험군,37.50155579,127.0255227,202256.8119,444677.102,16.66897808,-5.096160917911938,25.7945160009061,44.0,4.004426952983624,111.0,3.0968623882206865,56.0,2.061188542408507,59.0
강남구,청담동,서울 몽샹,1,저위험군,37.52436708,127.049007,204332.06,447209.6875,24.79988357,-3.4544210273836917,24.44388835326943,44.0,3.5152013668712345,111.0,1.5297112779628592,56.0,0.7380801068573191,59.0
강남구,삼성동,위드하우스,1,저위험군,37.50796554,127.0506587,204479.0414,445389.4014,26.27635205,-1.3971991643151718,25.245247710464287,44.0,2.052693851213295,111.0,2.7452639623344126,56.0,1.6242494322686152,59.0
강남구,신사동,더 케이스타일,1,저위험군,37.51758003,127.0226668,202003.8545,446455.5232,24.63305914,-0.5284196771149787,26.629990242524077,44.0,4.1776253517100805,111.0,2.216659812494251,56.0,3.46760210291312,59.0
강남구,역삼동,잼잼스테이,1,저위험군,37.49201445,127.0412374,203646.8273,443618.6303,13.10129412,-5.298204902291621,21.984140994382003,44.0,2.7617829245456615,111.0,2.5042905072231543,56.0,1.0554907918250922,59.0
강남구,신사동,가로수길홈스테이,1,저위험군,37.52094846,127.0230574,202038.2947,446829.3849,27.99761213,-0.7780496600035853,26.52240518500741,44.0,4.205292327265777,111.0,2.11997535525633,56.0,3.477158409523176,59.0
강남구,논현동,성모의 집,1,저위험군,37.50778742,127.0383407,203389.9449,445369.1173,36.37663186,-0.23641894147488784,24.193931736604355,44.0,2.2312906876366916,111.0,3.1487591198883185,56.0,2.4729266626189665,59.0
강남구,역삼동,야코리아 강남,1,저위험군,37.50187444,127.0428223,203786.4837,444713.0235,23.86325905,5.457879441129478,22.28204824007032,44.0,2.1005154370056283,111.0,2.9463465617835007,56.0,1.8693687554163172,59.0
강남구,청담동,한강,1,저위험군,37.52470414,127.0514467,204547.7001,447247.2121,20.6131051,-0.16336399556510628,24.191337359219197,44.0,3.4412484256236837,111.0,1.4293784240427563,56.0,0.7296347075365078,59.0
강남구,논현동,썬시티 게스트하우스,1,저위험군,37.5128639,127.0200238,201770.3132,445932.0396,22.92856055,0.650401783284039,26.721884146851256,44.0,4.214293241167229,111.0,2.57333901578909,56.0,3.1906841172915317,59.0
강남구,일원동,로즈하우스,1,저위험군,37.48871079,127.0863893,207640.1585,443254.6742,29.88752381,2.4290455124874093,25.478194566092228,44.0,4.7072711314020514,111.0,3.209755387671863,56.0,1.234023053165415,59.0
강남구,청담동,앤하우스,1,저위험군,37.51883204,127.0467914,204136.512,446595.2678,25.96571345,-1.0701483547715007,24.07826499458218,44.0,2.938920034952097,111.0,2.3364493759707887,56.0,1.1449161931704699,59.0
성동구,성동,루엔성수,1,저위험군,37.5377045,127.0595606,205264.0261,448690.5146,28.66892229,-2.2928100370411926,23.502960505295817,44.0,3.6927267662118046,111.0,1.2220070373522431,56.0,1.5819869038503678,59.0
강남구,역삼동,강남게스트하우스 마루,1,저위험군,37.50059352,127.0361245,203194.298,444570.6095,19.61607973,1.5930196915252104,20.617649606416578,44.0,2.839918332858465,111.0,2.9075399664566954,56.0,1.7819874319838669,59.0
강남구,신사동,세계여행자의집,1,저위험군,37.51602118,127.0198797,201757.4939,446282.4549,26.22565023,2.0715454995744516,26.85216402150425,44.0,4.215264734821845,111.0,2.3197762816393213,56.0,3.3881288264009406,59.0
강남구,대치동,서울의 휴일 게스트하우스,1,저위험군,37.49687758,127.0545368,204822.6373,444158.9726,21.28620923,1.2604782729481165,24.387295520869486,44.0,2.0364847492478013,111.0,2.4933377249675175,56.0,1.2273947420538176,59.0
강남구,역삼동,홀리하우스,1,저위험군,37.49314893,127.0408985,203616.7976,443744.5297,24.4887755,5.9985242865712465,21.67383857715108,44.0,2.7224963390052954,111.0,2.6195635185068036,56.0,1.0405887809321706,59.0
강남구,삼성동,이끌라쎄(마가렛 앤드 컴퍼니) [ECLASSE(MarGaret & Company)],1,저위험군,37.50850572,127.0509754,204507.0147,445449.3696,29.61412326,1.6261247342249945,25.089196405099166,44.0,2.0808467733472464,111.0,2.7206669131112373,56.0,1.6593264194567625,59.0
강남구,신사동,빌라서울가로수길,1,저위험군,37.51836479,127.0242154,202140.7303,446542.6558,40.54932813,4.4882738067006045,26.51010122153908,44.0,4.142428225339542,111.0,2.1811578370028433,56.0,3.414213178695336,59.0
강남구,논현동,슬로우 아뜰리에,1,저위험군,37.50583714,127.0236642,202092.3527,445152.2338,31.32994727,6.91134776520126,26.268678949094387,44.0,4.181662318293737,111.0,3.1706415336148304,56.0,2.4252092932668092,59.0
강남구,논현동,시스테이,1,저위험군,37.50841084,127.0390133,203449.377,445438.3334,22.29136273,-1.0041362812342136,24.323760931634197,44.0,2.147234492170945,111.0,3.173636713086178,56.0,2.3539520788720947,59.0
강남구,신사동,마이룸 신구,1,저위험군,37.52095387,127.0257248,202274.092,446830.0465,32.60656992,3.963715311752381,26.202718724999997,44.0,4.1096635102782795,111.0,2.131881032001421,56.0,3.3753176316943385,59.0
강남구,삼성동,버브,1,저위험군,37.50770744,127.0458103,204050.3825,445360.5359,29.0618394,6.330553806399315,24.745130580580835,44.0,1.9813240312673457,111.0,3.071681694915509,56.0,1.6155445341103103,59.0
강남구,삼성동,서프라이즈미 게스트하우스,1,저위험군,37.51048565,127.0551817,204878.7868,445669.3263,26.2815134,4.846790630089725,24.388194728328124,44.0,2.198272613729585,111.0,2.5232400476052033,56.0,1.7432816884278617,59.0
강남구,신사동,로로맨숀,1,저위험군,37.51889711,127.0190425,201683.4144,446601.6315,28.93828122,-3.3485590318598852,26.862571259050412,44.0,4.228252025318984,111.0,2.1660255193908435,56.0,3.5638752045812865,59.0
강남구,삼성동,스위트 삼성,1,저위험군,37.50783384,127.0525769,204648.6475,445374.8774,25.714447,-1.2752106155777305,24.86016947459134,44.0,2.067110203521893,111.0,2.6510649408967955,56.0,1.6967189906773277,59.0
송파구,송파동,베러임팩트(BETTER IMPACT),1,저위험군,37.49992597,127.1192142,210541.5801,444502.5833,28.60150286,6.335530158810268,25.787572770235265,44.0,5.291741191050081,111.0,5.08714253467269,56.0,2.6980064327328876,59.0
송파구,오금동,블루브릭스 송파,1,저위험군,37.50038009,127.1346045,211902.4026,444554.8198,21.42283411,-3.077364339432201,25.527546683546714,44.0,5.445462537073529,111.0,4.729109198275228,56.0,2.7244820134570165,59.0
송파구,석촌동,호제하우스,1,저위험군,37.50361834,127.1028825,209096.9957,444910.6849,31.01797964,0.3904540222363089,25.097010458276916,44.0,4.935941200330396,111.0,4.540783875082517,56.0,1.8480959434920845,59.0
송파구,송파동,온유스테이 Ⅱ,1,저위험군,37.5014519,127.108903,209629.6068,444670.8369,23.04143936,-4.59600728786533,25.227487157881235,44.0,5.109551822792729,111.0,4.905289279853337,56.0,2.3237977075389717,59.0
송파구,오금동,메트로하우스,1,저위험군,37.50343875,127.1296404,211462.9859,444893.6755,19.85823397,-2.355864170486832,25.420677986557763,44.0,5.392503761472594,111.0,5.294567449086467,56.0,2.6192039973953265,59.0
송파구,문정동,정스테이서울,1,저위험군,37.47791622,127.126368,211177.4389,442060.6147,19.78789596,1.126843080393396,27.683529087116455,44.0,5.49179139550954,111.0,3.414731126122916,56.0,2.705599429728596,59.0
송파구,풍납동,순스테이,1,저위험군,37.52664323,127.1165356,210301.0516,447467.5645,16.46901788,-3.379784117350173,25.10870202492691,44.0,4.77689305385204,111.0,4.446339275539321,56.0,1.6268701824430594,59.0
송파구,가락동,블리스주주,1,저위험군,37.49396828,127.1339686,211847.1851,443843.1116,14.9079337,-5.965026386111644,26.193355844337077,44.0,5.461219570205507,111.0,4.194285361670102,56.0,2.8666526780043085,59.0
송파구,석촌동,번영 101호,1,저위험군,37.49696909,127.0986272,208721.5102,444172.3012,23.24688666,0.7592811818665659,24.81211987966754,44.0,4.892391169727107,111.0,4.12194215575245,56.0,2.006207555527098,59.0
송파구,오금동,애플 하우스,1,저위험군,37.50595758,127.1267985,211211.3287,445172.8911,32.91929364,5.7755465178999295,25.439992116372768,44.0,5.356195365652189,111.0,5.139523501950117,56.0,2.5035493236842052,59.0
송파구,잠실동,Stay on,1,저위험군,37.5012854,127.0832864,207364.5096,444650.0448,25.27200211,1.7970897176046918,25.100992842482682,44.0,4.36887025882747,111.0,2.8868277816477996,56.0,0.6640713916938221,59.0
송파구,가락동,Atelier7419,1,저위험군,37.49376392,127.1200868,210619.6137,443818.7737,18.86616092,-10.705837585338994,26.67643682244391,44.0,5.335891926733403,111.0,4.526758675922881,56.0,2.808327944842686,59.0
송파구,문정동,더아늑하우스(The Anuk House),1,저위험군,37.47739622,127.1258594,211132.5331,442002.8414,34.75816385,4.538448052257063,27.712309716236298,44.0,5.491608623205922,111.0,3.3890829711604384,56.0,2.6950875768367353,59.0
송파구,거여동,제이투어스,1,저위험군,37.4933976,127.1445596,212783.8714,443781.1592,15.14018387,-9.336034782518206,26.076493437602473,44.0,5.523224887331705,111.0,3.9715606894882964,56.0,2.846492561822496,59.0
송파구,가락동,가락스테이,1,저위험군,37.48944959,127.122639,210845.9385,443340.2304,20.51006313,-4.764978032874492,27.206829029642137,44.0,5.385886979868523,111.0,4.106001717637962,56.0,2.819372921936419,59.0
송파구,석촌동,Yuri Stay,1,저위험군,37.49633185,127.1006177,208897.5995,444101.7621,31.54666832,-1.3036017054986822,24.880026773639354,44.0,4.959923639698336,111.0,4.234322490547563,56.0,2.190133758396616,59.0
송파구,송파동,하우두유두,1,저위험군,37.50579683,127.1065117,209417.615,445152.8263,11.9978392,-3.9538672352598017,25.287045873752348,44.0,5.006747589525839,111.0,4.702390405070841,56.0,1.8753220605183296,59.0
송파구,방이동,하루재 잠실,1,저위험군,37.51096815,127.1109062,209805.4987,445727.2258,17.19822348,-2.1803092550463106,25.382281662782468,44.0,5.0441382097421235,111.0,4.650638165474641,56.0,1.7953760498071603,59.0
송파구,석촌동,라움스테이,1,저위험군,37.4969482,127.0984867,208709.0822,444169.9697,23.25807744,0.6952120216724431,24.824280549507804,44.0,4.888437342931832,111.0,4.11151630344745,56.0,1.99813144041654,59.0
송파구,문정동,체커하우스,1,저위험군,37.48242591,127.1240739,210973.8618,442560.8606,21.02266927,1.9844934758988941,27.527259529416767,44.0,5.444584332584007,111.0,3.6635333227062414,56.0,2.7516518589547485,59.0
송파구,풍납동,슬로우송파,1,저위험군,37.52541943,127.114364,210109.2575,447331.5022,28.94834132,-4.460444103769614,25.124373028387403,44.0,4.760137966850181,111.0,4.435387979178947,56.0,1.6094456236352537,59.0
송파구,석촌동,세렌홈,1,저위험군,37.49648779,127.0980945,208674.4553,444118.8339,32.94555477,-0.07511708748924661,24.875883888922402,44.0,4.883613149859402,111.0,4.06234272214424,56.0,1.9981366668165053,59.0
송파구,방이동,방이동 파크빌,1,저위험군,37.51024396,127.1124945,209946.0178,445647.0166,13.96863682,-3.7949247116324543,25.38620851615302,44.0,5.090802640697097,111.0,4.711380630279308,56.0,1.8655995891548032,59.0
송파구,송파동,송파스테이,1,저위험군,37.50587144,127.108059,209554.4148,445161.2631,18.58605829,-3.695818548491637,25.312075185357795,44.0,5.043472338328574,111.0,4.769649397121975,56.0,1.9466775327014454,59.0
송파구,문정동,아마란스,1,저위험군,37.48038036,127.1289805,211408.1404,442334.4148,24.46873961,2.1177106846811853,27.45324571552284,44.0,5.492832182812159,111.0,3.5935869006088192,56.0,2.7608101847474398,59.0
송파구,송파동,호수빌 스테이,1,저위험군,37.50458482,127.1075446,209509.0972,445018.4126,19.0418479,2.979774157417669,25.252378809775404,44.0,5.046592050663984,111.0,4.805002383491359,56.0,2.0078273827277884,59.0
송파구,송파동,애프터 글로우 서울,1,저위험군,37.49978637,127.1117293,209879.7445,444486.2775,21.76451239,-4.303932210152372,25.410885211539117,44.0,5.1783246612539715,111.0,4.998095299559822,56.0,2.555774272548857,59.0
송파구,석촌동,온유,1,저위험군,37.49689946,127.0990468,208758.617,444164.6121,22.7074879,0.3749325523207645,24.857021695439897,44.0,4.906095685002082,111.0,4.147098692863235,56.0,2.038442963325073,59.0
송파구,잠실동,One Stay,1,저위험군,37.5059266,127.0827962,207320.7127,445165.12,15.66764894,-5.619882383382485,25.018103645501128,44.0,4.260852912705811,111.0,2.792540921238299,56.0,0.5860936798689015,59.0
송파구,문정동,주식회사 연당,1,저위험군,37.48576863,127.1135854,210045.7479,442930.6876,25.55710231,4.378197583097872,27.2750218225358,44.0,5.319176850764917,111.0,3.871567523594376,56.0,2.7586313933964184,59.0
송파구,석촌동,잠실하루스테이,1,저위험군,37.49798859,127.0974438,208616.7417,444285.3435,31.36620924,3.005425335203654,24.83859639108684,44.0,4.8397786139942385,111.0,4.0965828519602,56.0,1.8781127925882088,59.0
송파구,방이동,잠실 코코네2,1,저위험군,37.50965257,127.1183312,210462.1465,445582.0128,30.07885591,1.4287079279655828,25.41796176137102,44.0,5.208644794920709,111.0,4.819750205081308,56.0,2.0829628473813995,59.0
송파구,잠실동,더하리 하우스,1,저위험군,37.502375,127.086732,207669.0735,444771.2515,18.94562195,-1.024439807315101,25.19263955881518,44.0,4.451053851247263,111.0,3.2542097727974584,56.0,0.6994586067833859,59.0
송파구,송파동,문경,1,저위험군,37.50661247,127.1099077,209717.7825,445243.6972,30.86866091,0.12859426609670166,25.371671251065706,44.0,5.076788158667892,111.0,4.805345164229702,56.0,1.99630834016236,59.0
송파구,석촌동,Moonlight Stay,1,저위험군,37.49831959,127.0967326,208553.8194,444322.0153,12.62085627,-8.410177171404989,24.859495065870526,44.0,4.812094334076762,111.0,4.065334862184641,56.0,1.8188420488100852,59.0
송파구,방이동,All-stay,1,저위험군,37.5097433,127.1183877,210467.1274,445592.0889,29.62157133,1.1958881108455302,25.415551196948464,44.0,5.208188488468003,111.0,4.816880336728284,56.0,2.0794554506791147,59.0
송파구,석촌동,CITY LAKE,1,저위험군,37.49716668,127.0968463,208564.0,444194.0676,29.59990516,-2.326061542121071,24.92215496263604,44.0,4.833777221925343,111.0,4.019734764051261,56.0,1.8828901874392614,59.0
송파구,방이동,Space Hue,1,저위험군,37.50394558,127.1211289,210710.3108,444948.9245,40.23395823,2.039868467310164,25.576608254348763,44.0,5.288229727937239,111.0,5.1572334993390125,56.0,2.514090108284069,59.0
송파구,잠실동,Jamsil Stay,1,저위험군,37.51249423,127.0940771,208317.4196,445894.9806,23.20650335,2.19637789766357,25.317464478966972,44.0,4.538801826670392,111.0,3.894967526863263,56.0,0.9011105253060501,59.0
송파구,신천동,나루홈스테이,1,저위험군,37.51778563,127.1053596,209314.2597,446483.3163,18.67092917,-2.216265797298071,25.292177996139774,44.0,4.759402588042284,111.0,4.396975114902078,56.0,1.4848577278832709,59.0
송파구,문정동,102stay,1,저위험군,37.47732883,127.125678,211116.4935,441995.3405,33.97529523,4.212578007611967,27.716800923698575,44.0,5.490870261462258,111.0,3.386182042494669,56.0,2.6928107650374535,59.0
송파구,잠실동,Stay agio seoul,1,저위험군,37.50252774,127.0810872,207169.9297,444787.7587,25.72071051,2.454474023078415,24.902755436037864,44.0,4.2609393383777325,111.0,2.7483232831691,56.0,0.7030143039593666,59.0
송파구,문정동,코지,1,저위험군,37.48586194,127.122181,210805.9436,442941.9957,16.07570363,-0.5097448342797932,27.42612744395699,44.0,5.405134565638388,111.0,3.862087335281517,56.0,2.79220330029481,59.0
송파구,방이동,스테이 쉼,1,저위험군,37.51087884,127.111174,209829.1882,445717.3414,17.11883623,-2.3171197990876564,25.38100307678286,44.0,5.051743219749039,111.0,4.659313260314588,56.0,1.8009155232499272,59.0
강남구,논현동,달고나 스위트 강남,1,저위험군,37.50589337,127.0238059,202104.8792,445158.4777,36.65255895,1.4000062779804239,26.274950064952666,44.0,4.175380889672568,111.0,3.1703858163854584,56.0,2.4252727786272006,59.0
강남구,논현동,하나,1,저위험군,37.50556308,127.0289889,202563.1636,445121.9483,20.64016345,-0.23817297803379844,26.33401692693669,44.0,3.7424959919951,111.0,2.977576524673781,56.0,2.1979739244921204,59.0
강남구,삼성동,히든 스테이 강남 (코엑스),1,저위험군,37.5132008,127.0598533,205291.6204,445970.9259,23.68820118,0.5726042073275686,24.098488003899046,44.0,2.464981863937708,111.0,2.375440755857559,56.0,1.7505438770126729,59.0
강남구,논현동,강남 옥토 게스트하우스,1,저위험군,37.50635882,127.0240457,202126.0714,445210.1421,23.00762864,-5.230267729146391,26.296681851421372,44.0,4.163697715766448,111.0,3.168358042141967,56.0,2.4537504858213586,59.0
강남구,역삼동,센트럴 강남,1,저위험군,37.50520739,127.0414339,203663.5584,445082.883,19.73634464,0.20963960831429063,23.37894435236587,44.0,2.0105786823859124,111.0,3.049348001601078,56.0,2.0022527205701963,59.0
마포구,서교동,스테이 정,1,저위험군,37.55405869,126.9120884,192231.9819,450507.5972,33.98315135,5.289665815146687,22.270085272357466,44.0,5.6587062044443375,111.0,1.7353726192454706,56.0,1.3463322832670466,59.0
마포구,당인동,상수르르,1,저위험군,37.54445335,126.919013,192842.9372,449440.97,24.81210065,0.6280250045218345,26.586267536290798,44.0,4.631985936578783,111.0,2.752776341162673,56.0,1.8761689874912415,59.0
강서구,내발산동,인 웨스트,1,저위험군,37.55160503,126.8365762,185559.1263,450244.1899,26.71932243,-2.4188483681146096,24.247333733994708,44.0,4.384455517081167,111.0,2.519172466553195,56.0,0.701185262071624,59.0
종로구,체부동,깐부스테이 서울,1,저위험군,37.57441728,126.9704929,197393.4105,452763.9383,31.865692,1.622414981932863,24.111654639904362,44.0,3.7738446573494913,111.0,2.153476749896947,56.0,0.7142733029610433,59.0
강남구,역삼동,더 화이트 하우스,1,저위험군,37.50437903,127.0421906,203730.5056,444990.9755,22.40732687,1.5072464297963855,23.174416905443195,44.0,2.0142376091943333,111.0,3.017555893470963,56.0,1.9694083764883892,59.0
용산구,이태원동,남산뜰,1,저위험군,37.54219602,126.9891027,199036.943,449187.4073,22.61466207,2.9180157468352803,26.945890590969935,44.0,5.006425845047428,111.0,1.5145427672990266,56.0,1.3516765089979306,59.0
종로구,행촌동,"스테이 종로, 209",1,저위험군,37.5705938,126.9603658,196498.6267,452339.9055,23.53562266,-2.943005149215036,24.351036467802494,44.0,3.650621147158628,111.0,2.980750041041808,56.0,1.0927582108582732,59.0
용산구,용문동,"머물다, 효창",1,저위험군,37.53520596,126.960994,196552.4935,448412.2553,36.14097656,5.705129758474637,25.16102342035093,44.0,3.7329290995613174,111.0,1.9454915276498017,56.0,0.5859165680531966,59.0
성동구,응봉동,"헤이, 월드 스테이",1,저위험군,37.54961579,127.0301211,202661.7048,450011.2826,34.30919693,3.12681854691321,25.321770989736784,44.0,4.95019589291546,111.0,1.8409203394683316,56.0,2.4489981686512987,59.0
마포구,창전동,"쉬다, 가게",1,저위험군,37.54425563,126.9292727,193749.6014,449418.294,24.3901292,-5.770478108737137,23.813729646126937,44.0,4.519749020032932,111.0,1.655293351626589,56.0,1.3702424233471915,59.0
마포구,중동,"안녕,서울",1,저위험군,37.57023396,126.9026097,191396.29,452303.6876,32.48833827,2.0183632551415336,23.237465364678187,44.0,5.380583728725011,111.0,2.5741979929815404,56.0,-0.2983984956093547,59.0
마포구,상암동,"Haru Stay, DMC",1,저위험군,37.57568157,126.8950305,190727.3984,452909.0303,23.01408296,-6.008495602358845,23.019547034522255,44.0,5.012311693049021,111.0,2.695027130753896,56.0,-0.5752761582777062,59.0
마포구,공덕동,"Hey, SEOUL Stay",1,저위험군,37.54492318,126.9551612,196037.483,449490.978,29.02944055,-0.24072289896694343,24.021083189698402,44.0,4.172847206063479,111.0,2.7267028676108014,56.0,0.4082134163163189,59.0
서초구,서초동,"오롯, 쉼 in 서초",1,저위험군,37.48365895,127.007311,200646.6202,442690.5064,23.29274963,1.9634509916070577,25.3775932536076,44.0,3.736278192179086,111.0,0.6686007744999395,56.0,0.5449988085806632,59.0
서초구,서초동,"쉼,102",1,저위험군,37.4837826,127.0264725,202341.347,442704.5339,27.90345115,2.717865656994153,22.888003868470594,44.0,3.391792865415763,111.0,0.9634270317453218,56.0,1.650470633245661,59.0
송파구,풍납동,"팡파르, 송파",1,저위험군,37.52718567,127.116866,210330.1777,447527.8048,33.64920108,1.789697059682041,25.1004811295753,44.0,4.765366684589796,111.0,4.444655011794894,56.0,1.6122909931802052,59.0
종로구,당주동,SOUNDS INN GWANGHWAMUN,2,고위험군,37.56859605,126.9747495,197769.2539,452117.7398,43.75873477,6.561777298023053,42.458380377957965,43.0,5.002982332059403,1454.0,3.042616923843377,431.0,1.7066504042052875,95.0
종로구,묘동,킴스텔코리아 종로점,2,고위험군,37.57078678,126.9906847,199177.0643,452360.6264,42.95410306,3.582473100392818,37.55845488419861,43.0,4.998862996150137,1454.0,3.2541892819637757,431.0,1.3193056435025015,95.0
종로구,창신동,동대문 스테이가든,2,고위험군,37.56946846,127.0134964,201192.3196,452214.3531,43.18296159,9.515812484377335,39.17114737328341,43.0,4.993644026456176,1454.0,3.4363332142783194,431.0,2.385739279699337,95.0
종로구,낙원동,하프레스트 호스텔,2,고위험군,37.56953983,126.9876225,198906.5254,452222.2607,27.46548794,-3.3898145147526897,37.45662645287977,43.0,4.999951764651457,1454.0,3.2141491670086335,431.0,1.1929572497591854,95.0
종로구,관철동,스테이 마루 종로,2,고위험군,37.56669767,126.9847978,198656.9335,451906.8508,41.77586694,8.46204535250665,37.68833480832527,43.0,5.001388940282676,1454.0,3.153255085876601,431.0,0.9735509003168783,95.0
종로구,숭인동,루나하우스,2,고위험군,37.57353634,127.0219178,201936.189,452665.9807,35.49600889,-1.9039606978490298,36.613783051939585,43.0,4.9911179262725325,1454.0,3.474133369916575,431.0,2.433103921263898,95.0
중구,충무로5가,머룸스테이,2,고위험군,37.56119377,127.0008458,200074.73,451295.8743,37.71343046,0.9799531713133689,42.01470350442672,43.0,4.998508005112097,1454.0,3.358152424048355,431.0,1.383238495726289,95.0
중구,신당동,케이그랜드호텔 DDP,2,고위험군,37.56571746,127.0106231,200938.5285,451798.0034,42.58601421,4.133248590853668,39.255849809249696,43.0,4.995089187680166,1454.0,3.4243831503692554,431.0,2.4012117413659055,95.0
중구,명동,무드온 명동,2,고위험군,37.56042879,126.9831765,198513.5724,451211.1032,36.88846481,-4.771388356841079,38.606062312715466,43.0,5.003550111729037,1454.0,3.107233630463085,431.0,1.840498248189962,95.0
중구,황학동,SINDANG GRAND JOY 호스텔,2,고위험군,37.56332856,127.018601,201643.4107,451532.9731,53.20401401,2.4542617872246666,37.95702373145754,43.0,4.99385833959742,1454.0,3.497584854125167,431.0,1.166685835579678,95.0
중구,충무로3가,MOREN SEOUL MYEONGDONG,2,고위험군,37.55945274,126.9901255,199127.5348,451102.686,38.45181873,-1.0283856295084632,39.77364863549356,43.0,5.002002593705884,1454.0,3.2198727924800568,431.0,1.3823013858577864,95.0
중구,(인현동,이랑 스테이,2,고위험군,37.5614873,126.9924598,199333.8016,451328.479,37.18727609,-0.5485008211031968,38.86443645266127,43.0,5.000786520627035,1454.0,3.2825616910438487,431.0,0.9781759244277753,95.0
중구,을지로6가,하이 동대문 호스텔,2,고위험군,37.5646535,127.0066663,200588.9601,451679.8841,47.47456513,1.6284550660434718,41.07771326179822,43.0,4.9962469491068955,1454.0,3.3918329992324976,431.0,2.10940651010571,95.0
중구,명동,하이 서울 호스텔,2,고위험군,37.5583226,126.9816113,198375.2321,450977.367,34.53618313,-7.450279277415689,39.926366262963164,43.0,5.004491559452873,1454.0,3.106790977161752,431.0,2.0193225737449136,95.0
중구,충무로2가,올스테이인,2,고위험군,37.55898959,126.9891113,199037.9163,451051.2918,35.16750905,-1.4263419371145076,40.472153685636655,43.0,5.002436016280442,1454.0,3.1931964117692098,431.0,1.4912309535352672,95.0
중구,을지로3가,아르보 스테이,2,고위험군,37.56344317,126.9931766,199397.1478,451545.5527,34.04461661,-2.810789817989253,37.94911595573781,43.0,5.000086433136971,1454.0,3.2951522791152157,431.0,0.6157285995773628,95.0
중구,(남산동,올리브 호스텔,2,고위험군,37.55561712,126.9843204,198614.5499,450677.0475,45.54906612,-0.3585688544840977,43.70224114675827,43.0,5.004805995061728,1454.0,3.1135976421765394,431.0,1.9389432235115982,95.0
중구,(남산동,보로인 명동,2,고위험군,37.55514884,126.984327,198615.1244,450625.0739,45.03249828,-0.12174134507500156,43.80082693894619,43.0,5.0049539767812,1454.0,3.1080011953538396,431.0,1.9435000138301404,95.0
중구,명동,호텔 28,2,고위험군,37.56160377,126.9831825,198514.1268,451341.5121,35.59843851,3.2164988289699252,38.32805750479448,43.0,5.003200615868277,1454.0,3.110099928488891,431.0,1.756318721563858,95.0
중구,(남산동,오요 5 롯지B (OYO 5 Lodge B),2,고위험군,37.55646209,126.9842423,198607.6709,450770.8303,41.77523918,-1.1713189480020958,43.29726788915295,43.0,5.004553863793984,1454.0,3.118676629928989,431.0,1.9283082478135976,95.0
용산구,서계동,스테이터울,2,고위험군,37.55142339,126.9655309,196954.1424,450212.0365,42.95662447,3.0701836855054268,39.57086845331427,43.0,5.009250680288885,1454.0,3.255934117571163,431.0,2.4759426262022424,95.0
용산구,이태원동,H호스텔,2,고위험군,37.52931063,126.9937982,199451.814,447757.2496,44.34334328,2.51952532091407,41.86711752320711,43.0,5.007724027374514,1454.0,3.1015452150438887,431.0,0.2645265604580922,95.0
용산구,한남동,서울미라마(유)그랜드하얏트서울,2,고위험군,37.5367936,126.9970254,199737.097,448587.753,39.17078529,-3.753614694449766,39.47678727418541,43.0,5.005047304076174,1454.0,3.0739301870834215,431.0,0.49817203039516067,95.0
성동구,성동,스윗스팟성수,2,고위험군,37.54745731,127.052317,204623.2283,449772.5772,40.61094366,-1.2750655917945082,45.21320442869982,43.0,4.990599692634674,1454.0,3.9919104214503522,431.0,0.20443168661036842,95.0
마포구,동교동,비아르떼 서울,2,고위험군,37.554874,126.9280682,193644.0584,450596.8864,46.83425488,-1.9041572138167808,42.369999856069654,43.0,5.013017325027523,1454.0,4.375364069414965,431.0,1.8557741459623498,95.0
마포구,노고산동,코코스테이,2,고위험군,37.55210431,126.9334754,194121.6196,450289.132,38.7656671,1.6170852005558345,39.0146933436198,43.0,5.013081198995922,1454.0,4.1294377175236985,431.0,-0.18693087463328736,95.0
강서구,화곡동,해담채스테이,2,고위험군,37.52728435,126.8398255,185841.6526,447544.3947,31.96512779,-5.675930887546915,42.21842410112424,43.0,5.0233986159537105,1454.0,4.286648129230179,431.0,2.9578491419851765,95.0
종로구,홍지동,씨케이 인 종로점,2,고위험군,37.5978767,126.958618,196345.5571,455368.0638,46.79405893,3.1424644738269976,44.08907476035322,43.0,4.999782554431183,1454.0,3.2572779857350267,431.0,2.165999525977619,95.0
종로구,숭인동,서울 게스트하우스,2,고위험군,37.57188149,127.0156094,201378.9422,452482.2003,50.03752853,3.7223036178517503,39.08228640017309,43.0,4.992686232284358,1454.0,3.4418375881166106,431.0,2.359707061922275,95.0
종로구,관철동,어 베터 플레이스 (A BETTER PLACE),2,고위험군,37.56691314,126.9855653,198724.7407,451930.7547,42.10691938,-5.532555500812315,37.571578163845636,43.0,5.001158336998465,1454.0,3.16926404273294,431.0,0.8292835026646539,95.0
종로구,숭인동,동미,2,고위험군,37.5726296,127.0200052,201767.2557,452565.3054,34.93091504,-0.6558324389211379,36.94962213446305,43.0,4.991664690830885,1454.0,3.4655212210337516,431.0,2.4111515199456597,95.0
종로구,익선동,SAE WHA HOSTEL,2,고위험군,37.57198435,126.9895391,199075.8816,452493.5534,39.77307222,-2.5479290929818745,37.54685282018371,43.0,4.998817976018358,1454.0,3.2417914683004314,431.0,1.7515515253120688,95.0
종로구,창신동,순안,2,고위험군,37.5681032,127.010761,200950.6822,452062.794,36.75775525,1.5830919000171306,39.14500565205633,43.0,4.994534818431708,1454.0,3.421380987856219,431.0,2.4949127666042625,95.0
종로구,효제동,스타호스텔 동대문 스위트,2,고위험군,37.56891882,127.0021479,200189.7543,452153.266,27.00323146,-3.2821854485366337,40.5752467681645,43.0,4.996355305209646,1454.0,3.3521285339723157,431.0,2.2041384292903925,95.0
종로구,명륜4가,호텔 달스테어(Hotel DALSTAIR),2,고위험군,37.58004227,126.9969759,199732.8774,453387.8425,58.33196648,3.244925210730919,40.082622890913825,43.0,4.994808566725824,1454.0,3.3066775437805553,431.0,2.260230399187432,95.0
종로구,관철동,한평,2,고위험군,37.56696198,126.9842319,198606.9413,451936.1943,34.17025885,1.632045552919351,37.808341815391124,43.0,5.00143890282339,1454.0,3.143883658051648,431.0,0.9650787974977205,95.0
종로구,창신동,현대,2,고위험군,37.56819149,127.0107164,200946.7409,452072.5927,35.54286008,-0.2771244373515671,39.158963827985076,43.0,4.994525239784471,1454.0,3.420995068263237,431.0,2.4887310355816177,95.0
종로구,종로6가,저스트포유(JUST4U),2,고위험군,37.56882658,127.0066505,200587.535,452143.0471,48.90870587,1.855494331275061,40.04629324982139,43.0,4.995303889562131,1454.0,3.3881354136585475,431.0,2.4205795323018675,95.0
종로구,창신동,동해,2,고위험군,37.56823753,127.0108347,200957.188,452077.7038,46.8412654,-6.1016834993335465,39.1428414650042,43.0,4.994488920764521,1454.0,3.4216586858852156,431.0,2.4924192462051757,95.0
종로구,창신동,NOOK INN 누크인,2,고위험군,37.56817138,127.010478,200925.6806,452070.3583,33.12462701,-2.072646297852394,39.17872626635282,43.0,4.994582567371451,1454.0,3.4195269119089056,431.0,2.4841122521378423,95.0
종로구,숭인동,만남모텔,2,고위험군,37.57340694,127.0214372,201893.7385,452651.609,35.8959241,-1.054635475347247,36.67313781282196,43.0,4.991233790743019,1454.0,3.4717697970736956,431.0,2.4277007603903926,95.0
종로구,숭인동,스테이 42 동묘,2,고위험군,37.57221599,127.0184885,201633.279,452519.372,56.48822658,4.3806067272655085,37.43774760663344,43.0,4.99204354789747,1454.0,3.457573881939663,431.0,2.3979347622233953,95.0
종로구,창신동,디디엠 스테이,2,고위험군,37.56858682,127.0114738,201013.6489,452116.4776,34.56898523,-3.608304011840012,39.112125665889664,43.0,4.9942715637605914,1454.0,3.425361618704936,431.0,2.48012830996782,95.0
종로구,창신동,대진,2,고위험군,37.56943843,127.0101945,200900.6186,452210.9833,43.95079617,9.454267989217996,39.14037031583834,43.0,4.994364422080087,1454.0,3.414508809385494,431.0,2.4141877654036072,95.0
종로구,관수동,풀리 미니호텔,2,고위험군,37.56718956,126.9905287,199163.2427,451961.3783,41.5548098,4.251177544822987,37.22689535710725,43.0,4.999880067228081,1454.0,3.2594069146289057,431.0,0.46015744281641924,95.0
종로구,관수동,브레드 힐 호텔(Bread Hill Hotel),2,고위험군,37.56708795,126.9905269,199163.0834,451950.1008,35.63344025,-1.6692777070443725,37.219199926911166,43.0,4.999907493633128,1454.0,3.2595031346328653,431.0,0.4480786448203216,95.0
종로구,숭인동,메종호텔,2,고위험군,37.57469579,127.0218552,201930.6264,452794.665,41.66958079,-3.280051641802551,36.55979132639978,43.0,4.9908905866552535,1454.0,3.469836564878145,431.0,2.4430038701900925,95.0
종로구,숭인동,가야,2,고위험군,37.57401858,127.0216359,201911.2775,452719.498,58.72604468,3.8009804922564,36.599809827915564,43.0,4.991070735535173,1454.0,3.4707936833714244,431.0,2.435137305376347,95.0
종로구,숭인동,메트로 21(Metro 21),2,고위험군,37.57022964,127.0193705,201711.2396,452298.926,36.32694724,0.1543708871988443,37.72822530186974,43.0,4.992285677920862,1454.0,3.469544501624853,431.0,2.375696454233563,95.0
종로구,효제동,어바웃스테이 동대문,2,고위험군,37.56951008,127.0033108,200292.4909,452218.892,35.15587756,0.6391681337604638,40.642318688566434,43.0,4.995932873838303,1454.0,3.3604266601306088,431.0,2.298560291585662,95.0
종로구,효제동,구월호텔,2,고위험군,37.56884387,127.0025535,200225.5843,452144.9483,32.29166394,1.8381884402236857,40.71821863581525,43.0,4.996273994422553,1454.0,3.3551516357989706,431.0,2.2284095587874133,95.0
종로구,종로6가,디하이브,2,고위험군,37.56884393,127.0068372,200604.0252,452144.9739,32.48426828,1.541897607192876,39.98577694133243,43.0,4.99525671797865,1454.0,3.3898230126152034,431.0,2.4230755532929837,95.0
종로구,숭인동,호스텔 서울,2,고위험군,37.57569436,127.0215682,201905.2535,452905.4889,33.95162918,-1.3389483439177,36.55697141501468,43.0,4.990736272930365,1454.0,3.4649502924804088,431.0,2.4476924347498663,95.0
종로구,창신동,창신기지,2,고위험군,37.56848774,127.0114066,201007.7117,452105.4801,58.70687078,1.811829552993899,39.12954398143168,43.0,4.994308022473106,1454.0,3.425036581694789,431.0,2.488268923730523,95.0
종로구,창신동,이지스테이,2,고위험군,37.56959298,127.0093634,200827.1964,452228.1289,44.6088199,-2.6306131867127434,39.2533473509676,43.0,4.994514078037731,1454.0,3.4088909850855074,431.0,2.409496601995355,95.0
종로구,효제동,제이오 호스텔 동대문,2,고위험군,37.56986057,127.0034356,200303.5112,452257.7927,33.50913576,-2.57716913234335,40.54616916244026,43.0,4.995820108231374,1454.0,3.36096055873607,431.0,2.313844073191337,95.0
종로구,종로5가,라임모텔,2,고위험군,37.56856888,127.0004601,200040.6508,452114.4247,41.27516171,3.6807110049213634,40.03580201240595,43.0,4.996857832390495,1454.0,3.3406446570619233,431.0,2.0692608982303704,95.0
종로구,숭인동,덕흥,2,고위험군,37.57367008,127.0214717,201896.7751,452680.8152,38.53511017,-1.417796685217425,36.63499984868682,43.0,4.991173095997297,1454.0,3.4710657707493815,431.0,2.4308322678462075,95.0
종로구,돈의동,Z 호텔,2,고위험군,37.56858936,126.9898379,199102.2361,452116.7462,29.43029865,-2.218752121212855,37.30702284833284,43.0,4.999685881032644,1454.0,3.247148116066962,431.0,0.652579936937718,95.0
종로구,필운동,수모텔,2,고위험군,37.57395332,126.9675412,197132.6501,452712.5301,41.02907176,1.974745021757407,42.72092447690632,43.0,5.003065761632759,1454.0,3.066076810256744,431.0,2.1729351431596764,95.0
종로구,창신동,한도,2,고위험군,37.56828544,127.0156007,201378.2407,452083.0805,30.77747565,-3.084103104224006,38.97236244010186,43.0,4.993455301238679,1454.0,3.451342541589813,431.0,2.3772230139490036,95.0
종로구,숭인동,영진,2,고위험군,37.57332819,127.0214249,201892.6486,452642.8684,36.0576003,-0.3780743890189697,36.685384808428694,43.0,4.991252333673566,1454.0,3.471983697603475,431.0,2.4264849490734925,95.0
종로구,명륜4가,소풍모텔,2,고위험군,37.58042554,126.9997149,199974.8179,453430.3768,39.1525801,-0.40028981737764013,38.82837548415826,43.0,4.994082937392392,1454.0,3.325134174669762,431.0,2.3435046143967915,95.0
종로구,종로5가,대동장(大同莊),2,고위험군,37.56872917,127.0019131,200169.0098,452132.2166,35.65537389,3.568382674072481,40.555118545200365,43.0,4.996458193489547,1454.0,3.3506700506416434,431.0,2.176053691114231,95.0
종로구,관철동,우미관호텔,2,고위험군,37.56707898,126.9858974,198754.086,451949.1566,45.38043697,-3.765182147601081,37.53514361350157,43.0,5.001037353874858,1454.0,3.1759531470312816,431.0,0.7861426596595433,95.0
종로구,창신동,토이 게스트하우스,2,고위험군,37.56855581,127.012486,201103.0655,452113.0472,41.68499332,-8.668592166257618,39.10172446059018,43.0,4.994058300528635,1454.0,3.4311860554213944,431.0,2.4629055293268682,95.0
종로구,숭인동,선라이즈(Sunrise),2,고위험군,37.57299352,127.0212126,201873.9088,452605.7197,35.00397822,0.46130333801227863,36.721239890754134,43.0,4.991361030867743,1454.0,3.4719169716525866,431.0,2.4222128181487865,95.0
종로구,명륜4가,혜화여관,2,고위험군,37.5794505,126.9987863,199892.7874,453322.1592,43.00543775,4.980662347480866,39.05847951586166,43.0,4.994544421636081,1454.0,3.3183899202830944,431.0,2.3452734830145774,95.0
종로구,홍지동,종로 238,2,고위험군,37.59779306,126.9583077,196318.1531,455358.7928,47.32919591,3.633592669693556,44.0705704069401,43.0,4.999857842067283,1454.0,3.2577817813610435,431.0,2.1640729682645543,95.0
종로구,관철동,엠제이 스테이,2,고위험군,37.566705,126.9841567,198600.2981,451907.6737,36.87224453,3.3425204352115543,37.80347190471125,43.0,5.001527398385773,1454.0,3.1412480143816226,431.0,1.0330349063359454,95.0
중구,신당동,세화장여관,2,고위험군,37.54757845,127.0070693,200624.71,449784.7595,63.73001112,4.36588612178879,42.09310789723148,43.0,4.999824829469569,1454.0,3.352634204352811,431.0,1.5008142722063225,95.0
중구,(회현동,동원여관,2,고위험군,37.55490708,126.9809224,198314.2907,450598.297,54.41302238,0.9587546433660847,44.235230091995525,43.0,5.005667454857681,1454.0,3.1052013081329135,431.0,2.1139823196407437,95.0
중구,주교동,라이프인 청계,2,고위험군,37.56574695,126.9967838,199715.8574,451801.2282,39.97448974,-1.6546699871649508,38.131713007348836,43.0,4.99850420721884,1454.0,3.3162862680193217,431.0,1.0609728116164523,95.0
중구,황학동,크리스티2,2,고위험군,37.56329068,127.0216644,201914.0679,451528.8269,37.95439684,-0.8197809316187019,38.88978292445372,43.0,4.993238123699993,1454.0,3.5227227150030824,431.0,0.8177702391823467,95.0
중구,(필동,한일장모텔,2,고위험군,37.55791958,126.9942743,199494.0929,450932.493,36.9432646,2.17571280324821,41.413463037685226,43.0,5.001124231922459,1454.0,3.2777198091831736,431.0,1.0599989329908344,95.0
중구,(광희동,그리다 DDP,2,고위험군,37.56298903,127.0053967,200476.8053,451495.1403,50.2522974,9.029739492627037,40.794845829797914,43.0,4.99693112290208,1454.0,3.3846169142317084,431.0,1.887364668951409,95.0
중구,산림동,광신장여관,2,고위험군,37.56514549,126.9966723,199706.0016,451734.4736,55.19424843,-2.3077130344885646,38.3221066127475,43.0,4.998682877739429,1454.0,3.315167596827393,431.0,0.972317586939214,95.0
중구,명동,아트래블홈(ARTRAVEL HOME),2,고위험군,37.55881514,126.9832162,198517.0534,451032.0066,42.67144237,1.6815111237710667,40.00267477029993,43.0,5.004027899311983,1454.0,3.1096538876776,431.0,1.91924485543406,95.0
중구,을지로3가,지요크 을지로,2,고위험군,37.56285139,126.9899303,199110.3283,451479.8979,33.02704275,-2.3849990223475857,37.61207061464596,43.0,5.001195909379831,1454.0,3.2482918733225516,431.0,1.076676088115527,95.0
중구,(남산동,(주)더로드서울,2,고위험군,37.55615138,126.9832058,198516.0737,450736.361,51.80667462,1.224432699643181,43.31201712029683,43.0,5.0048511464938965,1454.0,3.112767469474877,431.0,1.9877756176301604,95.0
중구,명동,하이 서울 호스텔 명동 센트럴,2,고위험군,37.5583226,126.9816113,198375.2321,450977.367,34.93704142,-7.049420987415687,39.926366262963164,43.0,5.004491559452873,1454.0,3.106790977161752,431.0,2.0193225737449136,95.0
중구,남대문로5가,한블레싱(Hanblessing),2,고위험군,37.55159894,126.9741552,197716.2329,450231.2759,46.25973879,-2.0478937387175904,37.56753015710518,43.0,5.0078578178511135,1454.0,3.1434921688805235,431.0,2.357059964955246,95.0
중구,(광희동,넘버25호텔 동대문점,2,고위험군,37.56249772,127.0061175,200540.4915,451440.6146,48.62374821,3.1507816614443485,40.59173317959618,43.0,4.996864059188331,1454.0,3.3932871894313186,431.0,1.8809813131532231,95.0
중구,명동,슬립박스(SLEEP BOX),2,고위험군,37.55921779,126.9847031,198648.4373,451076.6735,27.17299352,-7.820168659436241,40.33064966194146,43.0,5.003607201379865,1454.0,3.121919066311264,431.0,1.8006106090775433,95.0
중구,황학동,인득여관,2,고위험군,37.56523964,127.0204086,201803.0656,451745.1137,36.33265081,-2.9557100589360132,37.85504572478243,43.0,4.99310035612982,1454.0,3.5000246572480096,431.0,1.4321226100784492,95.0
중구,신당동,한일여관,2,고위험군,37.56128515,127.0096517,200852.7596,451306.0598,49.06440075,-3.150421688398268,39.703832465133786,43.0,4.996278270622203,1454.0,3.4310811362247655,431.0,1.788178167665169,95.0
중구,주교동,트래블러스 A 코리아 호스텔,2,고위험군,37.56562443,126.9981173,199833.6663,451787.6267,26.98081157,-2.52639865126665,38.73969231849289,43.0,4.998177504857206,1454.0,3.3282346872998247,431.0,1.3551867722422157,95.0
중구,신당동,J모텔,2,고위험군,37.56126414,127.0133052,201175.5546,451303.7674,51.3624778,-2.0172027057848965,38.825874356648825,43.0,4.995436511163826,1454.0,3.464113866276772,431.0,1.6130299647720232,95.0
중구,신당동,조이풀스테이(Joyful Stay),2,고위험군,37.56245881,127.0165259,201460.0902,451436.4068,32.59265257,-1.7895124754013096,38.14785971627296,43.0,4.994476542995383,1454.0,3.485098723154847,431.0,1.319327926208924,95.0
중구,신당동,타임스테이,2,고위험군,37.56254877,127.0182782,201614.907,451446.42,37.1456537,-0.28403166317342965,38.09061001123864,43.0,4.994084625602212,1454.0,3.499820856001835,431.0,1.0315843084334118,95.0
중구,(광희동,트리쉐이도호텔,2,고위험군,37.56259916,127.0051718,200456.9375,451451.8682,37.68394494,-3.252063034824019,40.78851820550571,43.0,4.997074894848207,1454.0,3.3847688737797013,431.0,1.8514074573819925,95.0
중구,신당동,재화여관,2,고위험군,37.56191425,127.0171769,201517.6227,451375.9774,31.38874892,-2.545709376693157,38.2339441441702,43.0,4.994448273261105,1454.0,3.4944683450625313,431.0,1.0589267670821016,95.0
중구,신당동,S(에스)모텔,2,고위험군,37.5592684,127.0167706,201481.7731,451082.3129,35.56436047,2.4880891894348665,39.097879282578205,43.0,4.995077512913842,1454.0,3.5091308000312966,431.0,0.6914952808564953,95.0
중구,을지로7가,백금여관,2,고위험군,37.56224445,127.00925,200817.2577,451412.5273,40.09465915,-2.2900327719282743,39.88911480150318,43.0,4.996164921341502,1454.0,3.4232794366015917,431.0,1.8633327361035394,95.0
중구,남학동,진포레스트인(JIN FOREST Inn),2,고위험군,37.55791929,126.9904146,199153.0654,450932.4886,54.48620758,1.0144216572233873,40.902837969020545,43.0,5.002296699498628,1454.0,3.2024551025989307,431.0,1.4294322221637676,95.0
중구,신당동,은성여관,2,고위험군,37.56201847,127.01763,201557.6539,451387.552,44.83448931,4.310574728937638,38.18426949166873,43.0,4.994330033611982,1454.0,3.4976911318761386,431.0,1.0008772811145694,95.0
중구,초동,호텔베네,2,고위험군,37.56229779,126.9916416,199261.5166,451418.44,36.83462921,-0.7631575957592887,38.09250631715093,43.0,5.000825029531859,1454.0,3.2767159138953694,431.0,0.9500887489967783,95.0
중구,(광희동,호텔 아라,2,고위험군,37.56264071,127.0047345,200418.3012,451456.4778,37.89811068,-2.3887977626076804,40.86231566312801,43.0,4.997174437212054,1454.0,3.380538161521155,431.0,1.8328533270556973,95.0
중구,북창동,피넛호텔,2,고위험군,37.55942482,126.9770407,197971.4237,451099.7892,40.49299842,0.7989608038295799,39.535499643740906,43.0,5.00503712222501,1454.0,3.099943000489394,431.0,2.299758695247157,95.0
중구,신당동,청구 리빙텔,2,고위험군,37.55972529,127.0140647,201242.6817,451132.983,36.44685439,-1.4178217688185555,39.26130372001083,43.0,4.995587093967106,1454.0,3.4788076373365513,431.0,1.4309381616814447,95.0
중구,신당동,야코리아 게스트하우스,2,고위험군,37.55703059,127.0123014,201086.9289,450833.8814,44.50329156,3.8164915626155818,40.020964080695066,43.0,4.996555829626619,1454.0,3.4729357684102578,431.0,1.6405620774051615,95.0
중구,산림동,화성여관,2,고위험군,37.56537071,126.9960702,199652.8115,451759.4724,34.62094554,-3.7535037332623915,37.97821962470264,43.0,4.998791076803306,1454.0,3.3091730144132296,431.0,0.8883396249734888,95.0
중구,신당동,성도여관,2,고위험군,37.56123239,127.0132212,201168.1343,451300.2425,55.29117997,-2.420737279772247,38.8406945817311,43.0,4.99546220912019,1454.0,3.4633804663105856,431.0,1.6246531582828871,95.0
중구,황학동,대림,2,고위험군,37.5634477,127.0221786,201959.4955,451546.2648,40.59147195,-1.098030863182288,39.10320744756355,43.0,4.9931038901638995,1454.0,3.5260924447043482,431.0,0.8277351841695777,95.0
중구,남창동,황금장여관,2,고위험군,37.55485434,126.9769752,197965.5104,450592.5216,58.11570833,6.516290178165228,40.31995298781753,43.0,5.006393795690981,1454.0,3.110390519832061,431.0,2.2623650125544197,95.0
중구,산림동,상원장,2,고위험군,37.56530472,126.9962994,199673.0571,451752.1475,44.70278919,4.307597232540388,38.09256150573069,43.0,4.998744937617543,1454.0,3.3103947561042526,431.0,0.9213429170254878,95.0
중구,산림동,H2O,2,고위험군,37.56416937,126.9942189,199489.2406,451626.1462,27.36606951,-2.069528338192967,37.74728141600562,43.0,4.99960566643116,1454.0,3.2988799031913913,431.0,0.6448119119434783,95.0
중구,황학동,중앙여관,2,고위험군,37.56691122,127.0177256,201565.9953,451930.5914,39.75988958,2.1375285842245546,37.94286178878531,43.0,4.993303781802063,1454.0,3.470901366963891,431.0,2.2170787746279697,95.0
중구,북창동,호텔 문(hotel moon),2,고위험군,37.55959687,126.9775768,198018.7937,451118.8733,35.50166098,-1.760787949040136,39.45791538588474,43.0,5.0048870660408715,1454.0,3.096720851020384,431.0,2.233768158447847,95.0
중구,남창동,노마드호스텔,2,고위험군,37.55419408,126.9758113,197862.6529,450519.2665,31.90686691,-6.491681065300686,38.93199030935944,43.0,5.006795216614144,1454.0,3.1192289677201703,431.0,2.3243662365596545,95.0
중구,중림동,다림여인숙,2,고위험군,37.55551958,126.9675696,197134.4538,450666.6005,44.35497193,-4.393306083220928,39.68832694256381,43.0,5.00778230698769,1454.0,3.168958237679117,431.0,2.7917978894931395,95.0
중구,명동,57 명동 호스텔,2,고위험군,37.55824724,126.9826565,198467.5818,450968.9854,37.44411815,-0.2754198760602904,40.56941449498179,43.0,5.0043108304455926,1454.0,3.109743120366931,431.0,1.9753648476045549,95.0
중구,신당동,쉐어하우스 다함,2,고위험군,37.55482988,127.0106132,200937.7867,450589.6106,34.56352014,2.0358955899075255,40.6480682490527,43.0,4.997419097832232,1454.0,3.4611996197200376,431.0,1.7634615464160877,95.0
중구,신당동,그리네 스테이,2,고위험군,37.56247269,127.0181304,201601.8512,451437.9735,50.58848177,-2.185513403680531,38.10418387505394,43.0,4.9941312896148755,1454.0,3.498969335354783,431.0,1.0417454857543382,95.0
중구,황학동,창덕여인숙,2,고위험군,37.56373275,127.0179396,201584.967,451577.8221,50.63477071,-4.0766439851515415,37.805801503476665,43.0,4.993914300153392,1454.0,3.4896279216565764,431.0,1.4120185402394174,95.0
중구,(만리동,천안 여인숙,2,고위험군,37.55375612,126.9669521,197079.8183,450470.8965,40.94413181,-1.424425711286979,39.977683786847805,43.0,5.00837378211331,1454.0,3.200845124693342,431.0,2.732618255489629,95.0
중구,(장충동,장충인(J C INN),2,고위험군,37.55828977,127.0044674,200394.7263,450973.5737,41.81657639,5.148390908328004,41.23485532876559,43.0,4.9982184475769404,1454.0,3.3923269374984764,431.0,1.6553967968024637,95.0
중구,을지로7가,박포루,2,고위험군,37.56219798,127.009432,200833.3321,451407.3712,45.70415764,3.4040582758845304,39.83684518446852,43.0,4.9961320584987075,1454.0,3.42503712031338,431.0,1.8552832078056585,95.0
중구,(광희동,왕도여관,2,고위험군,37.56253871,127.0053044,200468.6489,451445.1597,38.48646871,-1.8358697208400798,40.75348066489549,43.0,4.997055624995561,1454.0,3.3860584503443767,431.0,1.8519388310555234,95.0
용산구,서계동,금강,2,고위험군,37.55085442,126.9662031,197013.5185,450148.8661,37.57168604,-1.896198932139761,39.359334532535186,43.0,5.0093142096813255,1454.0,3.2540031149290405,431.0,2.3474063679415758,95.0
용산구,(청파동,한글게스트하우스,2,고위험군,37.54166996,126.9694399,197299.2119,449129.4041,42.59103974,1.9871138831551107,41.398303632972876,43.0,5.011665648453611,1454.0,3.2987223995009938,431.0,1.2178354658903234,95.0
용산구,서계동,계림모텔,2,고위험군,37.55143152,126.9661315,197007.2137,450212.9195,43.53947443,4.256431465100675,39.71359834058608,43.0,5.00915911454919,1454.0,3.247719752502252,431.0,2.518667795810929,95.0
용산구,(청파동,신진장,2,고위험군,37.54626035,126.9696446,197317.4662,449638.8759,64.26579662,-0.43706031541069024,41.15760167380212,43.0,5.010185299453779,1454.0,3.247605494014124,431.0,1.3550191026176683,95.0
용산구,후암동,스위트75서울역점,2,고위험군,37.54972353,126.9757675,197858.6521,450023.09,57.05694425,2.7141978204031076,37.55804043875287,43.0,5.008177025362321,1454.0,3.1325333165463047,431.0,2.1852816231383425,95.0
용산구,이태원동,뷰 모텔,2,고위험군,37.531191,126.9958013,199628.8782,447965.9376,42.05678898,-1.3359725184333584,41.070517655167336,43.0,5.006637711201129,1454.0,3.0833869964404963,431.0,0.2836651450356592,95.0
용산구,동자동,광주여인숙,2,고위험군,37.55051278,126.9741946,197719.6876,450110.7243,44.56725223,3.058579582866514,37.752243218983516,43.0,5.008183992482799,1454.0,3.147971540626065,431.0,2.2758560291547076,95.0
용산구,남영동,로망스모텔,2,고위험군,37.54136675,126.9725538,197574.3988,449095.6666,42.11372007,-6.638151298178919,41.60810542969635,43.0,5.011357514412513,1454.0,3.2466873805827214,431.0,1.0844924961560376,95.0
용산구,동자동,서울네스트,2,고위험군,37.55022009,126.9753306,197820.0591,450078.2122,43.23672609,3.8120138539149764,37.56253856289638,43.0,5.008091895856063,1454.0,3.1379494275484707,431.0,2.284338227496518,95.0
용산구,(용산동,스테이코,2,고위험군,37.5314273,126.9740431,197705.711,447992.4723,38.87550836,3.859940766524822,39.49820084202146,43.0,5.014710371680351,1454.0,3.30020315405414,431.0,0.35527043827626686,95.0
용산구,원효로2가,크래쉬인 용산,2,고위험군,37.5333324,126.9607882,196534.2236,448204.3208,47.846509,2.8331854227677837,39.69166010837408,43.0,5.015348964152563,1454.0,3.5280093476649776,431.0,0.49178753852677154,95.0
용산구,남영동,지용산인,2,고위험군,37.53912265,126.9726027,197578.6496,448846.5976,44.46064439,0.6462006714882804,41.054098513762156,43.0,5.012109288822973,1454.0,3.2668268450655846,431.0,1.0396310015567074,95.0
용산구,이태원동,현대,2,고위험군,37.52919726,126.9961934,199663.5282,447744.6557,43.4161129,1.9231498251007721,41.678976371060955,43.0,5.006920084252761,1454.0,3.087917754801549,431.0,0.23037132662603238,95.0
용산구,(청파동,동산장,2,고위험군,37.54393815,126.9688855,197250.2985,449381.1617,48.02565565,0.9115647181615429,42.144458382492374,43.0,5.011015384387721,1454.0,3.285211820410546,431.0,1.3393918513203542,95.0
용산구,남영동,코지 모텔,2,고위험군,37.54191116,126.9726015,197578.6329,449156.0883,46.81847571,-0.5839388598459507,41.73834014811207,43.0,5.011169933874943,1454.0,3.240622923185369,431.0,1.1010120404361092,95.0
용산구,이태원동,KAZI FAMILY HOTEL(카지패밀리호텔),2,고위험군,37.52867881,126.9957038,199620.2475,447687.116,46.66331313,4.750189909545838,41.84317285117278,43.0,5.00719462002449,1454.0,3.08983471046836,431.0,0.22164978878792674,95.0
용산구,이태원동,이태원모텔,2,고위험군,37.53110489,126.9936781,199441.2134,447956.3909,55.66755603,3.5904402646033873,41.599402111386745,43.0,5.00738587293639,1454.0,3.0917290927012804,431.0,0.33346977160029384,95.0
용산구,갈월동,더메종컴퍼니,2,고위험군,37.54016648,126.9714266,197474.7366,448962.4809,49.46843396,2.982754766817571,41.14207302775962,43.0,5.011904852868122,1454.0,3.276630756553796,431.0,1.1237533662661965,95.0
용산구,동자동,경기,2,고위험군,37.55029277,126.9734347,197652.5306,450086.3245,40.78256731,3.634118080297938,37.992942204803825,43.0,5.008372772640314,1454.0,3.1571988035572955,431.0,2.1884766529161563,95.0
용산구,후암동,서광,2,고위험군,37.55193238,126.9765224,197925.4214,450268.2289,32.70554029,3.222281651693301,37.82832277314078,43.0,5.007363711338918,1454.0,3.1190221841463472,431.0,2.3151403019110517,95.0
용산구,동자동,나나장,2,고위험군,37.55044744,126.9745591,197751.895,450103.4635,43.06447744,3.7058258420990953,37.68874029624834,43.0,5.008145620490043,1454.0,3.142752359709671,431.0,2.28215100857825,95.0
용산구,동자동,서정여인숙,2,고위험군,37.55041744,126.9737056,197676.4711,450100.1546,40.17836539,2.948019108791911,37.88780465850204,43.0,5.008291469356003,1454.0,3.153748231308516,431.0,2.2271581755805387,95.0
용산구,동자동,성남여인숙,2,고위험군,37.55028632,126.9737328,197678.8732,450085.6012,39.20245565,2.714556928825246,37.91756288142415,43.0,5.008327419584964,1454.0,3.153035026282695,431.0,2.2110241967052904,95.0
용산구,동자동,광신여인숙,2,고위험군,37.55032361,126.9738668,197690.7154,450089.7367,39.5687293,-2.712956585948035,37.87495584535618,43.0,5.008294620153911,1454.0,3.1515054825694877,431.0,2.228595727010959,95.0
용산구,동자동,미경여인숙,2,고위험군,37.55026667,126.9738536,197689.5428,450083.4173,33.17587756,-3.0200356222203695,37.8934994471461,43.0,5.008314254853562,1454.0,3.1519166360928668,431.0,2.2230972198417356,95.0
용산구,동자동,송림여인숙,2,고위험군,37.5502854,126.973681,197674.2932,450085.5004,58.94523885,1.5287783936975572,37.93037743746254,43.0,5.008335941817138,1454.0,3.1536507989849776,431.0,2.204282462234665,95.0
성동구,송정동,건대스테이,2,고위험군,37.54594785,127.0631179,205577.8078,449605.6313,40.70060303,0.6105072911863019,44.65422124273382,43.0,4.98922935462281,1454.0,4.048408510213515,431.0,0.19567391281369387,95.0
용산구,서계동,MK 리버티하우스,2,고위험군,37.55183526,126.9678297,197157.2945,450257.6771,40.6847221,-1.617613754856663,39.97197961335445,43.0,5.0087866475810054,1454.0,3.2146425434213755,431.0,2.3955016251378165,95.0
용산구,동자동,덕성,2,고위험군,37.55051627,126.9743702,197735.2012,450111.1074,44.43159593,3.5430233496878287,37.713999935901384,43.0,5.008154737991462,1454.0,3.1454596743003904,431.0,2.284943664630931,95.0
용산구,동자동,명신,2,고위험군,37.55014919,126.9737769,197682.7624,450070.3803,52.60761495,-4.106034576197992,37.942980013652246,43.0,5.008362620576365,1454.0,3.152832355768028,431.0,2.204105660384448,95.0
용산구,동자동,24게스트 하우스 모텔 서울역,2,고위험군,37.54890816,126.9733025,197640.8014,449932.6527,37.36896655,-1.504208584640807,38.50366417075969,43.0,5.008820924031034,1454.0,3.1642641208214672,431.0,1.9874255532817084,95.0
용산구,보광동,삼성장,2,고위험군,37.52394807,127.0015803,200139.6906,447162.0554,45.58448818,5.234799777515903,41.97607688989256,43.0,5.006190654912924,1454.0,3.0841068476285782,431.0,0.10670697585137992,95.0
용산구,(용산동,수정여관,2,고위험군,37.53137311,126.973614,197667.7801,447986.4684,35.80130093,0.7035633882135599,39.43890796833671,43.0,5.014772769459779,1454.0,3.3058495595211266,431.0,0.40039991092136595,95.0
성동구,성동,복래여관,2,고위험군,37.54590134,127.0231574,202046.4475,449598.8491,62.00238696,1.2913575945772635,43.16212145301344,43.0,4.99626549412217,1454.0,3.7339949289547665,431.0,0.21571606410722513,95.0
성동구,마장동,제이하우스,2,고위험군,37.56687292,127.0360577,203185.5726,451926.804,49.09968426,5.9037172604617325,42.70530797308426,43.0,4.989928153057895,1454.0,3.6201003045532056,431.0,1.938950742899671,95.0
성동구,행당동,모텔로,2,고위험군,37.55763832,127.0324228,202864.7962,450901.7552,35.42208879,3.0339178502147703,42.28344502114545,43.0,4.992243362339594,1454.0,3.6978604803828694,431.0,1.7598107157307565,95.0
성동구,성동,천일장여관,2,고위험군,37.53247613,127.0555995,204914.2771,448110.0155,45.84143812,-0.006167314913206212,43.21328123887573,43.0,4.99235525728012,1454.0,4.007786186813955,431.0,0.027613160608508498,95.0
성동구,성동,크리스호스텔,2,고위험군,37.55120472,127.0190163,201680.3776,450187.3783,35.77931754,-4.484461179490566,42.27012568629599,43.0,4.996181523274524,1454.0,3.6092400217024334,431.0,0.4217735843903738,95.0
성동구,홍익동,대우장여관,2,고위험군,37.56270306,127.035107,203101.7571,451463.9667,42.1027565,-0.796796926101095,42.45500777223822,43.0,4.9908447904292235,1454.0,3.653884365711411,431.0,1.9295225902409843,95.0
성동구,성동,조이게스트하우스,2,고위험군,37.54562637,127.0228753,202021.5298,449568.3246,48.10291382,2.7990273272813297,43.17745325961819,43.0,4.996378147554337,1454.0,3.7286487253705767,431.0,0.21168123690515944,95.0
성동구,마장동,동원장모텔,2,고위험군,37.56420552,127.0356442,203149.1509,451630.7399,36.74203689,-2.940287138721864,42.52882952636893,43.0,4.990481280450593,1454.0,3.642531667135784,431.0,1.9263141130955725,95.0
성동구,도선동,스테이나라,2,고위험군,37.56172032,127.0294848,202605.0564,451354.7234,43.650679,0.3460964039739878,42.59468552905244,43.0,4.9920306835942645,1454.0,3.610011390885566,431.0,1.7954579105040105,95.0
성동구,홍익동,동신모텔,2,고위험군,37.56262655,127.0347484,203070.0729,451455.4632,40.94693746,-1.1142547013787052,42.45874790641926,43.0,4.990920629048353,1454.0,3.651386020428383,431.0,1.9325288527959852,95.0
성동구,성동,제일,2,고위험군,37.53473267,127.0526024,204649.2363,448360.3112,49.97819144,3.8718406579145963,43.590688406906594,43.0,4.992511639964299,1454.0,4.013834942090883,431.0,0.028251016349963166,95.0
성동구,하왕십리동,신도,2,고위험군,37.5617234,127.027207,202403.8129,451355.0046,44.44295334,3.241697400701696,42.58737761649945,43.0,4.992457933460524,1454.0,3.5870467513879105,431.0,1.6413820951257703,95.0
성동구,하왕십리동,현대모텔,2,고위험군,37.55842931,127.0314669,202780.3024,450989.517,50.8666755,6.588773034834766,42.31482753642114,43.0,4.992274315859704,1454.0,3.6747446372162167,431.0,1.7786824567618966,95.0
성동구,성동,솔 스테이,2,고위험군,37.54565722,127.0233463,202063.1493,449571.7588,50.35639762,5.296844703872182,43.17497755862431,43.0,4.996269076282211,1454.0,3.7387759182965588,431.0,0.21721648462524634,95.0
성동구,송정동,스테이온,2,고위험군,37.54577776,127.0644083,205691.855,449586.8307,47.21299928,7.122733762610025,44.59581448001249,43.0,4.989074004339154,1454.0,4.054369478917363,431.0,0.19633778469284882,95.0
성동구,성동,별장여관,2,고위험군,37.54554836,127.0245214,202167.0006,449559.7031,35.93977914,-9.309583264738094,43.171071456490935,43.0,4.996033566158191,1454.0,3.7650199228597727,431.0,0.2411034899575511,95.0
성동구,성동,중앙여관,2,고위험군,37.54429402,127.0183856,201624.7905,449420.3628,44.79477782,2.6373513497286325,43.09111513070226,43.0,4.997646308258239,1454.0,3.593343687399586,431.0,0.13338493203687515,95.0
성동구,마장동,태양장,2,고위험군,37.56218111,127.0393524,203476.8695,451406.1849,44.65470187,-0.807753054078006,42.40369906065694,43.0,4.990221659009277,1454.0,3.699366480092172,431.0,1.8519601243279231,95.0
성동구,성동,동명여인숙,2,고위험군,37.53230656,127.0555696,204911.649,448091.1937,59.12953397,-1.7250748856179712,43.19755599501097,43.0,4.992384904873596,1454.0,4.008068705459696,431.0,0.025555794869807014,95.0
성동구,성동,명성,2,고위험군,37.53439019,127.048611,204296.479,448322.1103,48.32562601,1.7828298470530228,43.71053373142702,43.0,4.993238054677631,1454.0,4.002001599881362,431.0,0.012147052405949628,95.0
성동구,성동,유성장,2,고위험군,37.53463035,127.052844,204670.599,448348.9669,50.15538602,4.014665280499649,43.56561663479614,43.0,4.99248702773699,1454.0,4.014421914614396,431.0,0.02922526667503857,95.0
성동구,성동,로얄장,2,고위험군,37.53380845,127.0544569,204813.2021,448257.8275,45.66509387,-0.4203479437674673,43.38506567716393,43.0,4.992344800764964,1454.0,4.015737328257394,431.0,0.031932645438550095,95.0
마포구,노고산동,지 하우스 글로벌(G House Global),2,고위험군,37.5505068,126.9355912,194308.4577,450111.6973,40.43776725,-3.1626378497280143,39.82277126496308,43.0,5.013231925515592,1454.0,3.9910555589393923,431.0,0.2622574735384908,95.0
마포구,도화동,가나모텔,2,고위험군,37.53638047,126.9468898,195305.9836,448543.222,47.32918203,4.745656174934503,42.76930756783325,43.0,5.015748931803523,1454.0,3.691915674256881,431.0,0.22906867633188835,95.0
마포구,아현동,대명,2,고위험군,37.55359223,126.952867,195835.2195,450453.2374,57.73055337,2.321089047795269,41.877390189438756,43.0,5.010438513496271,1454.0,3.6248704166588372,431.0,2.0169813434240402,95.0
마포구,서교동,니도나도(Nido Nado),2,고위험군,37.55183851,126.9209181,193011.9826,450260.4907,50.33673033,-1.005680192217639,41.979228249823734,43.0,5.014365764643542,1454.0,4.584443681148802,431.0,3.3483627804302833,95.0
마포구,신수동,일육육삼,2,고위험군,37.54878014,126.9361703,194359.4994,449920.0239,32.67784652,-0.2543464981330956,39.53781810381851,43.0,5.013581936923601,1454.0,3.932103464319128,431.0,0.4268450681911479,95.0
마포구,염리동,국제여인숙,2,고위험군,37.55347723,126.9458468,195214.8944,450440.808,34.99767094,0.5493353326727757,40.94263089850662,43.0,5.011358302908927,1454.0,3.7751320444694656,431.0,1.4846662380367117,95.0
마포구,공덕동,나루호스텔,2,고위험군,37.54468753,126.9540917,195942.9594,449464.8693,34.33305106,-2.399729648284996,40.82026729463439,43.0,5.012662520695564,1454.0,3.58630777371152,431.0,0.5549836569546244,95.0
마포구,노고산동,모텔산타페,2,고위험군,37.55084724,126.9348696,194244.7209,450149.526,37.76048267,-1.2179275017073863,39.59849501731587,43.0,5.013227396078857,1454.0,4.03915133127067,431.0,0.08549491448202647,95.0
마포구,염리동,호성여관,2,고위험군,37.55368716,126.946585,195280.1394,450464.0704,38.49533736,2.1860385431783484,41.06106728363456,43.0,5.0112162867642445,1454.0,3.767791628299059,431.0,1.523148339422401,95.0
마포구,합정동,포근 합정,2,고위험군,37.54961986,126.9106574,192105.0734,450015.0593,39.25722592,-4.910555226197928,40.906792883078,43.0,5.015708299501281,1454.0,4.90533573542794,431.0,2.371730333058922,95.0
마포구,망원동,남양,2,고위험군,37.55218651,126.9096264,192014.241,450300.0138,37.60647679,-3.9430006680352747,41.796142417385255,43.0,5.015266478930828,1454.0,4.953610729307273,431.0,2.438434530814058,95.0
마포구,노고산동,1965 신촌인,2,고위험군,37.5514384,126.9353109,194283.7608,450215.1107,58.09072899,3.0784912615309494,39.81144433154473,43.0,5.013042779497927,1454.0,4.040857325181469,431.0,0.2124237331457264,95.0
강서구,화곡동,유휴,2,고위험군,37.5271913,126.8416551,186003.3552,447533.7935,43.49177904,-0.6220197774746126,42.28273636669784,43.0,5.023361403641715,1454.0,4.29450696814481,431.0,2.948214310144804,95.0
강서구,방화동,대우장,2,고위험군,37.57017485,126.809119,183137.0632,452309.7956,44.22899048,5.623510244757988,43.9763106470823,43.0,5.018328050241683,1454.0,4.030237181094175,431.0,2.5020864832660186,95.0
강서구,화곡동,금성여관,2,고위험군,37.53978025,126.8423106,186063.639,448930.9158,49.39818887,6.248458194008343,42.30316792535571,43.0,5.0212822639620995,1454.0,4.282017989959843,431.0,2.8736860742145147,95.0
강서구,화곡동,진리스테이,2,고위험군,37.52662515,126.8387362,185745.2358,447471.3962,32.06073962,1.394289251991907,42.19172382174159,43.0,5.0235388964919325,1454.0,4.2816474367824595,431.0,2.9556144189503932,95.0
강서구,방화동,뱅크모텔,2,고위험군,37.56069828,126.807269,182971.4712,451258.3396,46.57773803,5.969143806082968,43.775530732210655,43.0,5.019618985705377,1454.0,4.061539505794272,431.0,2.6043901728948424,95.0
강서구,화곡동,쟈스민모텔,2,고위험군,37.54352172,126.8465063,186435.1269,449345.5602,38.09572469,-4.05172900362119,42.38296711933128,43.0,5.020520171953003,1454.0,4.293621673477506,431.0,2.8079624169284236,95.0
강서구,화곡동,제일여관,2,고위험군,37.53914304,126.8416655,186006.5095,448860.289,45.27344965,0.6390286889100167,42.289317743848436,43.0,5.02140789613077,1454.0,4.280516463043265,431.0,2.880858032113979,95.0
강서구,화곡동,랑뷰티크호텔(RANG BEAUTIQUE HOTEL),2,고위험군,37.54416568,126.8453143,186329.9034,449417.2046,51.819899,3.306320523925187,42.37780459574692,43.0,5.020466975999982,1454.0,4.282752528572482,431.0,2.8055965047512776,95.0
강서구,화곡동,케이투(K2),2,고위험군,37.52702441,126.8382612,185703.3239,447515.7812,26.78951372,-3.9237011036720872,42.1717716215358,43.0,5.02348611932376,1454.0,4.279910034583008,431.0,2.9615523440458285,95.0
강서구,화곡동,빅토리아여관,2,고위험군,37.5266304,126.8388304,185753.5618,447471.9646,32.16138093,1.492035849328687,42.19477575827131,43.0,5.023535390422544,1454.0,4.282041223844951,431.0,2.9552611652244436,95.0
강서구,화곡동,러브레터,2,고위험군,37.55072259,126.8507671,186812.9437,450144.1643,47.77112333,3.7851882269100585,42.54547088998351,43.0,5.0191902918660185,1454.0,4.291592981157761,431.0,2.6229369465610133,95.0
강서구,화곡동,보성장,2,고위험군,37.52926828,126.8385501,185729.291,447764.7793,37.50695166,1.4815853597873598,42.17894525438008,43.0,5.023108406230932,1454.0,4.281794283493149,431.0,2.953382278362862,95.0
강서구,화곡동,오프 스테이,2,고위험군,37.54380947,126.8451199,186312.6558,449377.6979,42.38123224,-3.1639580156157194,42.371984658220846,43.0,5.020531416848924,1454.0,4.283005529160587,431.0,2.811812732566498,95.0
강서구,방화동,대성여인숙,2,고위험군,37.57037515,126.8076512,183007.441,452332.291,29.97668648,-7.590085089935702,43.99385480159934,43.0,5.018365350861373,1454.0,4.028277944435557,431.0,2.503595797203889,95.0
영등포구,신길동,은하수여관,2,고위험군,37.51149962,126.9195208,192884.6801,445783.4764,41.97676521,-0.10644672666444421,42.08636981266088,43.0,5.024337371220354,1454.0,3.9520832289843937,431.0,1.2790644326129998,95.0
영등포구,(양평동,호텔 리버트리,2,고위험군,37.53378131,126.8981776,191000.3682,448258.2936,33.23440284,-3.8104953196619533,45.100738873476395,43.0,5.01985939771691,1454.0,4.396657057045981,431.0,2.5361364848053203,95.0
영등포구,(당산동,당산 KS Stay,2,고위험군,37.53108375,126.9022621,191361.0673,447958.5146,52.16075079,2.792611895608097,44.04007134587805,43.0,5.0202236515182195,1454.0,4.307132934530478,431.0,2.267380479328363,95.0
영등포구,대림동,파나마모텔,2,고위험군,37.48740718,126.902949,191416.7793,443110.9093,43.86986944,6.156337332037893,41.37979378213517,43.0,5.0312360679903065,1454.0,3.8965648915120736,431.0,1.3644336757989133,95.0
영등포구,대림동,보성장여관,2,고위험군,37.48659256,126.9036107,191475.2103,443020.437,39.98700454,-1.0587115257220958,41.36340185372492,43.0,5.031485717960138,1454.0,3.8927626423819923,431.0,1.3532391029925837,95.0
영등포구,신길동,신길하우스,2,고위험군,37.50873312,126.9156566,192542.7671,445476.7293,41.73931683,0.7478109701959426,42.45859207343863,43.0,5.025199951239096,1454.0,3.954012450793425,431.0,1.360084394155291,95.0
영등포구,(영등포동,Q모텔,2,고위험군,37.5153198,126.9089882,191953.8803,446208.3165,47.61313824,6.9380020871616495,42.236555236445405,43.0,5.023647023735839,1454.0,4.032941344052313,431.0,1.5274944155076218,95.0
영등포구,대림동,행운여인숙,2,고위험군,37.48671561,126.903718,191484.7141,443034.0843,45.89993233,5.080175160979984,41.36495669505505,43.0,5.031452144174676,1454.0,3.892653448711305,431.0,1.3530576720296128,95.0
영등포구,신길동,파크여관,2,고위험군,37.50920872,126.9096699,192013.5045,445530.0061,53.1796202,7.928007024582797,43.56753990136686,43.0,5.025204907110658,1454.0,3.979555955009074,431.0,1.4490525543683246,95.0
영등포구,신길동,삼성장여관,2,고위험군,37.50441709,126.9091691,191968.706,444998.2392,30.96093562,-7.722148798828442,42.12597825049198,43.0,5.026494721806687,1454.0,3.949354932587785,431.0,1.4131907790673974,95.0
영등포구,(영등포동,은성장모텔,2,고위험군,37.51592269,126.9036664,191483.4632,446275.6981,40.32445922,-0.5718995471556667,41.20497936163423,43.0,5.02367233004155,1454.0,4.067568161740367,431.0,1.6408168659839713,95.0
영등포구,신길동,스테이플라츠,2,고위험군,37.51066101,126.9195249,192884.9665,445690.401,44.40153166,0.8923195724160067,42.128477180258486,43.0,5.024571414226473,1454.0,3.9468463138675975,431.0,1.2851635985482148,95.0
영등포구,신길동,동원여관,2,고위험군,37.50789505,126.9125001,192263.5929,445383.9691,49.09064347,2.7122654123231698,42.80970723304654,43.0,5.025495682801725,1454.0,3.961207199610047,431.0,1.403980715420168,95.0
영등포구,신길동,엔엠다다름 호텔(N.M.Dadareum Hotel),2,고위험군,37.50471213,126.9095027,191998.2416,445030.9564,36.78014242,1.6867003429075353,42.17463572857042,43.0,5.026410136999934,1454.0,3.9502648453288502,431.0,1.4119459787087965,95.0
영등포구,신길동,플라워하우스,2,고위험군,37.49712203,126.9072053,191794.2707,444188.7511,40.9211515,-0.2646281896176177,41.70022926588818,43.0,5.028516897239953,1454.0,3.918022519070547,431.0,1.382324914815153,95.0
영등포구,(영등포동,자매여인숙,2,고위험군,37.51799546,126.9062536,191712.4235,446505.5184,61.94283657,0.5398021099684129,40.940857348804556,43.0,5.023077964186095,1454.0,4.080251168394371,431.0,1.6343941870614795,95.0
영등포구,(당산동,향도여관,2,고위험군,37.51960274,126.8976129,190948.7395,446684.7025,25.60721237,-4.885699194181882,42.27957474785097,43.0,5.023012819957499,1454.0,4.132767439962401,431.0,1.844460038083806,95.0
영등포구,신길동,로체모텔,2,고위험군,37.50965931,126.9232469,193213.9469,445578.9502,44.86106513,3.9681463662274865,41.94965731743797,43.0,5.024763440748877,1454.0,3.9222094438298014,431.0,1.1901986597312397,95.0
영등포구,(당산동,수경여관,2,고위험군,37.51920985,126.8979333,190977.0154,446641.0659,30.79141449,-5.389948635060634,42.12166829877543,43.0,5.02309153778228,1454.0,4.127019015823748,431.0,1.8252345338313247,95.0
영등포구,신길동,성원여인숙,2,고위험군,37.50884384,126.9099462,192037.8947,445489.4857,47.42182048,1.8993936218515373,43.50795027498617,43.0,5.025295191071022,1454.0,3.975795114324337,431.0,1.4417680519083418,95.0
영등포구,신길동,미화여관,2,고위험군,37.50932383,126.9170005,192661.6452,445542.185,44.28060089,-0.14287619220667835,42.337097495615666,43.0,5.025006220929605,1454.0,3.9510859538877288,431.0,1.3439273919210464,95.0
영등포구,(영등포동,경화장,2,고위험군,37.51553369,126.9091914,191971.8676,446232.0383,47.7639538,7.233681851160107,42.15547847402186,43.0,5.023586279944467,1454.0,4.034190888357209,431.0,1.5284968401915626,95.0
영등포구,(영등포동,대지여인숙,2,고위험군,37.51792497,126.9052886,191627.1073,446497.7803,24.52205611,-8.153214102658566,40.97675937594671,43.0,5.023130170498071,1454.0,4.083897824164909,431.0,1.6526184196479579,95.0
영등포구,신길동,수정장여관,2,고위험군,37.49862932,126.9161197,192582.7083,444355.3009,47.48366481,1.781680772956932,42.019362630149786,43.0,5.028083735163794,1454.0,3.899844101008927,431.0,1.2959117069183428,95.0
영등포구,(영등포동,유토피아모텔,2,고위험군,37.51541218,126.9088895,191945.168,446218.578,43.28420513,4.767745902647576,42.180008982286694,43.0,5.023626969089733,1454.0,4.0344724351026295,431.0,1.5306780471797046,95.0
영등포구,신길동,아로마 여인숙,2,고위험군,37.51155879,126.9191102,192848.3829,445790.0746,46.47175286,-0.7215829935171172,42.12095576497423,43.0,5.024332336244907,1454.0,3.9549177370821518,431.0,1.2907388160712439,95.0
영등포구,(영등포동,헬로호텔,2,고위험군,37.5149741,126.9063477,191720.4077,446170.1773,35.99276125,2.741641240950905,41.79549469052214,43.0,5.0238191445751506,1454.0,4.043061927291889,431.0,1.5747872922895265,95.0
영등포구,(당산동,스테이앤유,2,고위험군,37.51869207,126.895863,190793.9332,446583.7994,43.09597904,8.200182826786246,42.69006960719232,43.0,5.023283189234572,1454.0,4.126759481385306,431.0,1.8406691366574424,95.0
영등포구,(당산동,남선여인숙,2,고위험군,37.51864741,126.8980153,190984.2021,446578.6343,32.76152802,-0.5598679101699915,42.10309580966509,43.0,5.023218384518314,1454.0,4.11960944479615,431.0,1.8048294519219557,95.0
영등포구,(영등포동,코코빌,2,고위험군,37.52219975,126.9048615,191589.8287,446972.2654,34.36703318,-6.333707632990297,40.900675670580696,43.0,5.022124350107241,1454.0,4.1401231199103075,431.0,1.7643158359669173,95.0
영등포구,(당산동,아폴로 스테이,2,고위험군,37.51991087,126.8919494,190448.1094,446719.4611,55.07311762,6.0204546062127875,43.99369798839105,43.0,5.023145574099498,1454.0,4.1546802019270315,431.0,1.9363379464794628,95.0
영등포구,(영등포동,대성 여인숙,2,고위험군,37.51724897,126.9074611,191819.0902,446422.5617,34.80797381,-5.002591740213958,41.00962360884501,43.0,5.023217647487818,1454.0,4.063948647637627,431.0,1.59384985917614,95.0
영등포구,신길동,세일장,2,고위험군,37.49525284,126.9064822,191730.1181,443981.3586,34.99653058,1.367516405645155,41.601077305789666,43.0,5.029040201050306,1454.0,3.9122590683708527,431.0,1.3777613181530035,95.0
영등포구,신길동,스마일 여관,2,고위험군,37.5033311,126.9111448,192143.2842,444877.5415,31.78445698,-0.8460914116181399,42.01371794402762,43.0,5.026767419475475,1454.0,3.938611171207963,431.0,1.3854318071109566,95.0
영등포구,(양평동,세종,2,고위험군,37.51885231,126.8903577,190307.2709,446602.137,51.26900389,8.346805639180992,44.09902257992799,43.0,5.023434171738516,1454.0,4.151435462006698,431.0,1.9168535267567308,95.0
영등포구,(영등포동,아너스빌,2,고위험군,37.51930327,126.9037364,191490.0417,446650.8936,34.38712194,-6.375157064729407,40.78117557036809,43.0,5.022856064670695,1454.0,4.107261824587214,431.0,1.717199178507554,95.0
영등포구,(당산동,남영모텔,2,고위험군,37.53189077,126.9033313,191455.6594,448047.9862,41.11259538,-3.0633758036000316,44.62871728219908,43.0,5.019988247678023,1454.0,4.324994046424269,431.0,2.3062194159328495,95.0
영등포구,(영등포동,대우장여인숙,2,고위험군,37.51809093,126.904862,191589.4082,446516.2379,27.76935226,-6.085824937156129,40.941690057396684,43.0,5.023105419369042,1454.0,4.087735743406149,431.0,1.6646062443164202,95.0
영등포구,(영등포동,은성장여관,2,고위험군,37.5180854,126.9050187,191603.2623,446515.6101,26.94936898,-6.709367965006887,40.91736638066966,43.0,5.023101070319889,1454.0,4.087002254009337,431.0,1.6613645504245027,95.0
영등포구,(당산동,포켓서울,2,고위험군,37.51966086,126.8967011,190868.1395,446691.2413,41.96906074,3.221899083177675,42.5488328217265,43.0,5.023032566158476,1454.0,4.136808316652119,431.0,1.8611597799518462,95.0
영등포구,(영등포동,플로렌스,2,고위험군,37.51560513,126.9089205,191947.9338,446239.9903,46.77924573,6.7570396905819905,42.07491585339628,43.0,5.023577300787455,1454.0,4.036364353981542,431.0,1.535928904309436,95.0
영등포구,신길동,슬로우서울(영등포),2,고위험군,37.49497212,126.9068495,191762.5716,443950.1701,40.0091974,-2.8442812975959697,41.585111002007125,43.0,5.029121132599927,1454.0,3.910434419232055,431.0,1.373851469650802,95.0
영등포구,신길동,제일여인숙,2,고위험군,37.49535984,126.9078097,191847.5238,443993.1184,46.39387997,0.16551351510825185,41.60264054192515,43.0,5.029015529630746,1454.0,3.9098158729759276,431.0,1.3698441300446773,95.0
영등포구,신길동,수원여인숙,2,고위험군,37.5097972,126.9238009,193262.9362,445594.2144,43.40146219,2.6224337221378633,41.934066751021206,43.0,5.024709975838147,1454.0,3.9203010218094385,431.0,1.1686334694196545,95.0
영등포구,신길동,신길스테이,2,고위험군,37.51081671,126.918208,192768.5444,445707.7821,50.22853987,-0.6233854162908585,42.221635149325174,43.0,5.024562483549069,1454.0,3.9549665255485666,431.0,1.3189292190115265,95.0
영등포구,신길동,테마모텔,2,고위험군,37.50959552,126.9234415,193231.1429,445571.8563,56.76860324,1.1365961822637018,41.9337930831773,43.0,5.024777283551931,1454.0,3.921117852714282,431.0,1.183694725623816,95.0
영등포구,(당산동,리비니하우스,2,고위험군,37.51943218,126.8977271,190958.8189,446665.7615,46.00940168,-0.01798137364716723,42.217923282254375,43.0,5.023047826721232,1454.0,4.1302527653813526,431.0,1.8364493335500325,95.0
영등포구,(당산동,성심여인숙,2,고위험군,37.51874802,126.8983984,191018.0806,446589.7641,29.43365768,-4.941143656881362,42.005380098535014,43.0,5.023181599367749,1454.0,4.119300523288748,431.0,1.8019617305855737,95.0
영등포구,(영등포동,제일여인숙,2,고위험군,37.51903649,126.9030905,191432.9119,446621.343,36.4793173,-6.119657955562161,40.950222006157425,43.0,5.022943758898995,1454.0,4.106463625969099,431.0,1.7235132211331012,95.0
영등포구,신길동,금산여관,2,고위험군,37.51157915,126.9187933,192820.3734,445792.3584,44.20411714,-0.3252753487557314,42.14433605851862,43.0,5.024335511971366,1454.0,3.9569290869050127,431.0,1.3005960662634228,95.0
영등포구,신길동,옥성여관,2,고위험군,37.49345278,126.9079467,191859.4301,443781.4477,48.52918424,6.070714437553761,41.516135939133086,43.0,5.029562330448393,1454.0,3.902172884649247,431.0,1.3601954727905925,95.0
영등포구,(영등포동,백송여인숙,2,고위험군,37.51790548,126.9077354,191843.4085,446495.4023,60.24121045,-0.4895912992035747,40.84760886191411,43.0,5.0230457176565775,1454.0,4.070224448205977,431.0,1.5995077860310754,95.0
영등포구,대림동,대흥장 여관,2,고위험군,37.48564409,126.9028456,191407.4291,442915.2389,42.43450728,-0.5172097364169517,41.3521397067482,43.0,5.031745125119225,1454.0,3.8931658119009103,431.0,1.3539625896310583,95.0
영등포구,신길동,경남여인숙,2,고위험군,37.50425695,126.9092527,191976.0808,444980.4586,31.52402527,-7.364450918525069,42.09000219687783,43.0,5.026537021517451,1454.0,3.9483719848046634,431.0,1.4111207499459235,95.0
영등포구,(당산동,서울스테이,2,고위험군,37.52369543,126.8974721,190936.7857,447138.9535,48.17239464,1.239116431059422,43.183947180294965,43.0,5.022091117815739,1454.0,4.191593121173627,431.0,1.9607298709770702,95.0
영등포구,(영등포동,에덴여인숙,2,고위험군,37.51773847,126.9020827,191343.6624,446477.3713,51.9713941,3.686681424300275,41.23470412273778,43.0,5.0232889899682815,1454.0,4.0941379457832,431.0,1.7086010844122774,95.0
영등포구,(영등포동,하나장여관,2,고위험군,37.51512537,126.9074189,191815.1275,446186.8726,41.37330111,8.110657896070812,41.96822046119166,43.0,5.023747079304955,1454.0,4.038082553056728,431.0,1.5558690474243173,95.0
영등포구,신길동,모아여인숙,2,고위험군,37.49571698,126.9079211,191857.4182,444032.7466,38.42266229,-5.101579028320607,41.62079344801168,43.0,5.028914487830581,1454.0,3.910866865799041,431.0,1.3708060633848618,95.0
영등포구,(영등포동,삼일여관,2,고위험군,37.51429313,126.9065718,191740.1422,446094.5785,35.34595885,-5.2044483813228695,42.20831740448544,43.0,5.023982009047283,1454.0,4.033520441357293,431.0,1.5600656180016044,95.0
영등포구,(당산동,삼성여인숙,2,고위험군,37.51898252,126.900284,191184.8007,446615.6123,32.50609722,0.676898093975133,41.55511327330879,43.0,5.0230594931546415,1454.0,4.116516202098235,431.0,1.7764349412580298,95.0
영등포구,(영등포동,대진여인숙,2,고위험군,37.51811386,126.9071551,191792.1267,446518.5803,37.39044122,-6.410882228881164,40.85709027680001,43.0,5.023015887467395,1454.0,4.076778937178927,431.0,1.6166741841264316,95.0
영등포구,신길동,삼화여관,2,고위험군,37.49716012,126.9074689,191817.5821,444192.9556,41.57385389,0.22990323615639596,41.70378799130494,43.0,5.028506357790417,1454.0,3.917416694377829,431.0,1.380743041578686,95.0
영등포구,신길동,대성장여관,2,고위험군,37.50887033,126.9154404,192523.6628,445491.9751,43.04772582,1.7396142851312817,42.4967826886745,43.0,5.025166921988108,1454.0,3.955894265303131,431.0,1.363287682158057,95.0
강남구,역삼동,뉴성심장,2,고위험군,37.49803822,127.0393026,203475.44,444287.117,35.77918864,-7.874153163157828,43.90245331140419,43.0,5.000451296997407,1454.0,3.5999555555629814,431.0,0.8413585099009461,95.0
강남구,역삼동,강남648호텔,2,고위험군,37.49724076,127.0310653,202747.0605,444198.337,40.55707327,-5.28452007166139,44.12482275643447,43.0,5.002469943296295,1454.0,3.497023662494924,431.0,1.0103550156315344,95.0
강남구,삼성동,호텔라엠 HOTEL La M,2,고위험군,37.51409315,127.0650082,205747.2943,446070.2678,35.01639888,-4.883942541626844,40.82053091313239,43.0,4.993413587251098,1454.0,3.8713898532437687,431.0,-0.1987087358749056,95.0
강남구,논현동,휴호텔,2,고위험군,37.51389224,127.0366518,203240.3512,446046.615,48.4151719,5.093002808649366,44.15023071615774,43.0,4.99868213670754,1454.0,3.677809029202331,431.0,-0.0064085704878716525,95.0
송파구,잠실동,wynn(윈),2,고위험군,37.50846893,127.083407,207374.4678,445447.3338,34.91356048,-3.3303943828851956,42.217274799054394,43.0,4.991429066640148,1454.0,3.912690435214123,431.0,1.6436621865715453,95.0
송파구,잠실동,마쯔&2060,2,고위험군,37.50826138,127.083844,207413.1303,445424.3328,39.55418134,-3.8443829423781324,42.2559875082252,43.0,4.991394999053609,1454.0,3.9140240649210294,431.0,1.6694408229715074,95.0
송파구,마천동,해강,2,고위험군,37.49249331,127.1543075,213646.0785,443682.1632,43.9749055,-1.6527619446065387,43.24649640277241,43.0,4.985653325141228,1454.0,4.113721236403513,431.0,2.2729143740266524,95.0
송파구,마천동,한양여인숙,2,고위험군,37.49239026,127.1535927,213582.8878,443670.6226,25.46312478,-7.066117677785805,43.246234972455916,43.0,4.985721397826935,1454.0,4.111523666552165,431.0,2.2793073789604366,95.0
송파구,잠실동,라몬 모텔,2,고위험군,37.50848708,127.0829276,207332.0778,445449.3108,50.2765275,2.157527532464755,42.18767823609097,43.0,4.991492117623046,1454.0,3.9104537776467,431.0,1.6184568724171702,95.0
중구,(남산동,오요5롯지B(oYo5LodgeB),2,고위험군,37.55646209,126.9842423,198607.6709,450770.8303,41.86795209,-1.0786060380020928,43.29726788915295,43.0,5.004553863793984,1454.0,3.118676629928989,431.0,1.9283082478135976,95.0
종로구,누상동,경복궁 서촌 크리스천 홈(Christian Home),2,고위험군,37.57905551,126.9634431,196770.8518,453278.9474,40.53988204,1.678853358082847,42.746236838436616,43.0,5.002676340458624,1454.0,3.0829097460269637,431.0,2.225753741143499,95.0
종로구,누상동,게스트하우스 포테이토(Guest house Potato),2,고위험군,37.57729245,126.9657549,196974.9814,453083.191,44.19771534,-0.7621581152922872,42.6908413230983,43.0,5.002634361321803,1454.0,3.0826767872871432,431.0,2.2410193230929027,95.0
종로구,명륜1가,혜화 갤러리 아트,2,고위험군,37.58538272,126.9964746,199688.6167,453980.5731,23.69443007,-7.351431378498663,40.11391996833854,43.0,4.993496908438087,1454.0,3.3109723680598093,431.0,2.284410622109501,95.0
종로구,누하동,외가스테이,2,고위험군,37.57707922,126.9669566,197081.1287,453059.487,51.29423278,2.7060119672262886,42.66964858535189,43.0,5.002452728697334,1454.0,3.08566027498743,431.0,2.253054697756427,95.0
종로구,동숭동,달빛스테이,2,고위험군,37.58122877,127.0048812,200431.1508,453519.5373,33.04972912,-3.434064927889729,37.48276552943893,43.0,4.992760504970893,1454.0,3.360506444876421,431.0,2.4221908128413645,95.0
종로구,사직동,디자이너의 집,2,고위험군,37.57065189,126.9652333,196928.6362,452346.1826,41.72423496,-3.3835148069618057,42.91795545183592,43.0,5.004277361129692,1454.0,3.054859080473694,431.0,1.9046332814052351,95.0
종로구,숭인동,Lucia BNB,2,고위험군,37.57185478,127.0174885,201544.9462,452479.265,43.17949075,6.747258862804017,38.096384216198516,43.0,4.992316039759618,1454.0,3.452629796612856,431.0,2.386809389456991,95.0
종로구,동숭동,스튜디오 나인,2,고위험군,37.5765103,127.0056418,200498.3719,452995.8451,48.17283085,8.743368292311764,38.964849695737755,43.0,4.993736863002039,1454.0,3.3690091598095764,431.0,2.2634915779379896,95.0
종로구,명륜1가,서유니스테이,2,고위험군,37.58392029,126.9972026,199752.9193,453818.2578,34.462287,-3.218750718370785,39.821129922311904,43.0,4.993728244521543,1454.0,3.312691064426206,431.0,2.2279020349369665,95.0
종로구,숭인동,스콧스테이,2,고위험군,37.57421651,127.0154501,201364.8242,452741.3581,37.33031203,-1.8196769859223423,38.59853585931517,43.0,4.992214167531016,1454.0,3.4359864320953366,431.0,2.3414691931614824,95.0
종로구,명륜4가,Summer Stay,2,고위험군,37.57907379,126.9999585,199996.3378,453280.348,39.99555999,2.9088068029547642,38.86862510540559,43.0,4.994373116042335,1454.0,3.3272357815226123,431.0,2.4098506225823773,95.0
종로구,혜화동,스테이늘,2,고위험군,37.58756109,126.999238,199932.7012,454222.3419,40.24175262,3.1555933794758886,39.79361587185762,43.0,4.992322427436804,1454.0,3.3290545007482204,431.0,2.159014506284509,95.0
종로구,충신동,매니스테이(Manny stay),2,고위험군,37.57207588,127.0036243,200320.1729,452503.6669,40.27820291,0.9895370814989732,40.09098000748784,43.0,4.99524959820562,1454.0,3.360317769690476,431.0,2.2990319523893517,95.0
종로구,동숭동,Leafful House,2,고위험군,37.5783436,127.0051508,200454.989,453199.3178,35.30888226,1.2332494962932898,37.97134230048937,43.0,4.993403970207283,1454.0,3.363577295994045,431.0,2.3303245837759263,95.0
종로구,연건동,스테이 우연 종로,2,고위험군,37.57397464,126.9991629,199926.0495,452714.4015,46.07565852,7.866373729110023,39.50510099859447,43.0,4.9958474327004705,1454.0,3.322878720808874,431.0,2.313161066245039,95.0
종로구,창신동,스텀프 서울(Stump Seoul),2,고위험군,37.57637446,127.0114388,201010.4525,452980.8149,38.58824191,0.16988149458475732,39.773501528626,43.0,4.992543954022245,1454.0,3.4072642113744296,431.0,2.1892429823710686,95.0
종로구,창신동,행복하우스,2,고위험군,37.57289625,127.0099206,200876.3773,452594.7586,33.89851878,-2.74948353532114,39.7459896591643,43.0,4.993648467042152,1454.0,3.407313178749146,431.0,2.297970800053584,95.0
종로구,동숭동,동숭스테이,2,고위험군,37.57696114,127.0048398,200427.5174,453045.8792,35.44823614,-4.132246730612572,38.54741704111199,43.0,4.993804600998756,1454.0,3.362693245935145,431.0,2.3005485537738384,95.0
종로구,연건동,종로 사랑채,2,고위험군,37.57380993,126.9984984,199867.3538,452696.1213,38.76461806,0.4271022049383504,39.59347700422015,43.0,4.9960505926738366,1454.0,3.318585606349688,431.0,2.2569293223681095,95.0
종로구,동숭동,studio-2H,2,고위험군,37.57798974,127.004034,200356.3378,453160.0386,38.15147466,4.116902701159596,38.021321361273195,43.0,4.993732578571577,1454.0,3.3557338039198745,431.0,2.3699313360132703,95.0
종로구,부암동,레이지마운틴,2,고위험군,37.5881634,126.9633709,196764.8684,454289.822,45.95627697,3.0894351451559388,43.262481300472906,43.0,5.000754398913643,1454.0,3.1674599349011254,431.0,2.2264227847803455,95.0
종로구,명륜3가,쉼표스테이-종로점,2,고위험군,37.5818896,126.9946863,199530.6429,453592.884,34.66726879,3.0041869914379262,40.06512570410658,43.0,4.994863748038903,1454.0,3.294515953473543,431.0,2.3280275628518527,95.0
종로구,이화동,씨엘 드 서울,2,고위험군,37.57447432,127.0069088,200610.3091,452769.8823,36.60831945,-2.3927799969542605,39.691236269078956,43.0,4.993939742259843,1454.0,3.3824187617157824,431.0,2.2472027321889327,95.0
종로구,창신동,서경,2,고위험군,37.57040647,127.0111472,200984.7708,452318.4341,57.61500754,1.2962559663130904,39.12983158556173,43.0,4.993941359520004,1454.0,3.4188472241949395,431.0,2.3671565055770385,95.0
종로구,충신동,우주하우스,2,고위험군,37.57241142,127.0054482,200481.2904,452540.9158,48.26134114,0.2478897643273541,39.915530026363896,43.0,4.994749429469281,1454.0,3.3744471423741658,431.0,2.3145316820598896,95.0
종로구,누하동,서촌 스테이,2,고위험군,37.57705277,126.9683159,197201.2043,453056.5099,42.32151399,-0.47025930259011517,42.631080314700625,43.0,5.002194648698768,1454.0,3.0840613330578988,431.0,2.268885757690774,95.0
종로구,사간동,행복한 결정,2,고위험군,37.57507311,126.97972,198208.5271,452836.5119,59.18872553,3.3597324876408337,40.989854878226296,43.0,5.000290496558212,1454.0,3.1271690524245206,431.0,2.3607192956198673,95.0
종로구,효자동,온세나라의 한옥집,2,고위험군,37.57925252,126.9705241,197396.3359,453300.5934,50.4213698,-1.605421641915811,42.52002183790154,43.0,5.0012490685821085,1454.0,3.104920696741951,431.0,2.3230039373213742,95.0
종로구,연건동,코지드림,2,고위험군,37.57625892,126.9998652,199988.0915,452967.9298,39.57873283,0.8304282362113256,39.30825787992156,43.0,4.995106513905067,1454.0,3.3270991592679127,431.0,2.4298822336780344,95.0
종로구,창신동,홍스 게스트하우스(Hong's guest house),2,고위험군,37.57337487,127.0093892,200829.4276,452647.875,33.40063133,-3.7208630867510237,39.8026671670791,43.0,4.993654145295312,1454.0,3.4026261725012534,431.0,2.29221510593833,95.0
종로구,삼청동,슬로우스테이,2,고위험군,37.58182825,126.9818294,198395.009,453586.2168,56.07902177,-2.039412693627554,41.8878322866908,43.0,4.998163271983721,1454.0,3.202375883426111,431.0,2.5416248743063834,95.0
종로구,옥인동,더 모닝,2,고위험군,37.57960508,126.9691711,197276.8339,453339.7619,51.97864139,-0.9880749205937676,42.575162803688066,43.0,5.00144280618821,1454.0,3.106185477718747,431.0,2.304958966962744,95.0
종로구,누하동,킴자 하우스,2,고위험군,37.57727948,126.9666425,197053.3925,453081.7233,46.52187423,4.088244900821209,42.66815882922374,43.0,5.00246752541576,1454.0,3.086363952449612,431.0,2.2517717538619477,95.0
종로구,누하동,누하킴바이초이,2,고위험군,37.57706234,126.96847,197214.817,453057.5675,38.73543532,-6.207887452214443,42.624502763106534,43.0,5.002162230367766,1454.0,3.0840438376629713,431.0,2.2708847439112376,95.0
종로구,동숭동,루미혜화하우스,2,고위험군,37.580752,127.0044494,200393.0196,453466.6194,35.19597455,-3.9255034436857414,37.655964363706225,43.0,4.992968280966041,1454.0,3.357932516784076,431.0,2.429092445295611,95.0
종로구,숭인동,어바웃플레이스(종로),2,고위험군,37.57284724,127.0198415,201752.7849,452589.4578,31.04724852,-3.064959214996815,36.96132337738306,43.0,4.9916506123355395,1454.0,3.4639429028693196,431.0,2.41153053977096,95.0
종로구,삼청동,아복화도,2,고위험군,37.58473252,126.9805974,198286.2597,453908.5794,60.83428478,6.882119503567097,42.430782588472184,43.0,4.997779770847848,1454.0,3.2139719024518967,431.0,2.5424460082422997,95.0
종로구,명륜1가,다즐데이,2,고위험군,37.58513783,126.9965269,199693.2342,453953.3929,34.38354022,-1.3649006848346943,40.08744840675886,43.0,4.993549608838605,1454.0,3.310790517615362,431.0,2.279973359220482,95.0
종로구,창신동,Ocher75,2,고위험군,37.57186853,127.0145496,201285.3208,452480.7468,40.08983536,2.2098789423438774,39.564268230489475,43.0,4.9929047803691615,1454.0,3.4360294952287127,431.0,2.3482468352814774,95.0
종로구,원서동,한옥 살롱 115,2,고위험군,37.58073136,126.9883187,198968.1898,453464.3834,43.08616066,-9.164943310052536,40.477001565459865,43.0,4.996835370031898,1454.0,3.249954313365869,431.0,2.5230752863956494,95.0
종로구,연건동,생추어리 종로,2,고위험군,37.57388942,126.9995166,199957.2938,452704.9428,39.26422403,1.3900785124480635,39.49620211362654,43.0,4.99578320996445,1454.0,3.3261957265197317,431.0,2.3333112956236572,95.0
종로구,명륜1가,사브리나 인 혜화,2,고위험군,37.58464025,126.9967044,199708.9126,453898.1666,35.19767749,1.308508436019146,40.012706207836686,43.0,4.993645003507482,1454.0,3.3109392552092327,431.0,2.263688111570759,95.0
종로구,충신동,낙산의 야경,2,고위험군,37.57281384,127.0065969,200582.7651,452585.5862,37.17979395,-3.3595758614896383,39.863574067934394,43.0,4.994396021820558,1454.0,3.38256703438817,431.0,2.301817784488864,95.0
종로구,동숭동,슬로우스테이 혜화,2,고위험군,37.57838047,127.0045106,200398.4354,453203.407,25.6581223,-7.27871322964879,37.908051737943204,43.0,4.993533611437485,1454.0,3.3588780330903276,431.0,2.365876991903513,95.0
종로구,숭인동,밤비 라 벨르,2,고위험군,37.57283677,127.0189944,201677.9572,452588.2803,34.80309151,2.7661469025729915,37.16005964447515,43.0,4.991815178810926,1454.0,3.458652872992057,431.0,2.402214161257266,95.0
종로구,명륜2가,창경궁로 하우스,2,고위험군,37.58134152,126.9984553,199863.5593,453532.0412,42.74601658,5.380947164154577,39.12737030993392,43.0,4.994129358653907,1454.0,3.3171575103529634,431.0,2.234409645186612,95.0
종로구,숭인동,그린하우스3,2,고위험군,37.57413541,127.018058,201595.2067,452732.398,39.63411954,3.7740471197361174,37.164165648999855,43.0,4.991721517308525,1454.0,3.449792817679118,431.0,2.3894306673978116,95.0
종로구,명륜1가,거북이집2,2,고위험군,37.58644628,126.9968187,199719.0203,454098.6151,33.83276553,-3.987425152460794,40.118233798690326,43.0,4.99313787684074,1454.0,3.3147377244155556,431.0,2.266478753232296,95.0
종로구,숭인동,종로테라스 스테이,2,고위험군,37.5740131,127.0179431,201585.0557,452718.8211,33.80362259,-2.0981506835702675,37.22101795035387,43.0,4.991769661102388,1454.0,3.4493277258337036,431.0,2.3882663888577986,95.0
종로구,숭인동,다 올,2,고위험군,37.57326645,127.0183138,201617.8214,452635.9579,29.40901059,-3.821206128966523,37.268621624145645,43.0,4.991856154832338,1454.0,3.4528738169018607,431.0,2.392643465082385,95.0
종로구,창신동,창신맨션,2,고위험군,37.57072247,127.0120566,201065.1074,452353.5163,33.79043054,-5.422701595347121,39.23795821704554,43.0,4.9936762448445995,1454.0,3.4234762784500687,431.0,2.3544055961683408,95.0
종로구,창신동,소윤재,2,고위험군,37.57433739,127.0136425,201205.1454,452754.7497,41.04417387,3.507400581037686,39.33110084376479,43.0,4.99255034424813,1454.0,3.4260256936007183,431.0,2.3025371630805,95.0
종로구,충신동,에피소드 스테이,2,고위험군,37.57233013,127.0074883,200661.517,452531.9059,43.09397537,2.005749975253842,39.84127533158423,43.0,4.994309175790972,1454.0,3.3908521267179723,431.0,2.3222718756258423,95.0
종로구,홍지동,엘리의 기억,2,고위험군,37.597632,126.9580216,196292.8752,455340.9282,45.59881177,2.342051842452456,44.064184476682236,43.0,4.999942692126448,1454.0,3.257666752380459,431.0,2.162184531295642,95.0
종로구,창신동,힐제이,2,고위험군,37.5755572,127.0082476,200728.5613,452890.079,36.71266944,-3.533788306291207,39.70417228218654,43.0,4.993397755156078,1454.0,3.3899753539508133,431.0,2.2263626088143424,95.0
종로구,익선동,SOUL STAY,2,고위험군,37.57202034,126.9883332,198969.3506,452497.5605,36.67221877,-2.356957454863519,37.519736442120035,43.0,4.999099145109741,1454.0,3.2274596817830488,431.0,1.847280768903019,95.0
종로구,이화동,덕덕 스테이,2,고위험군,37.57430912,127.0072709,200642.2905,452751.5494,41.30293322,2.564498475950181,39.75878861874344,43.0,4.993898912736618,1454.0,3.3855484001505025,431.0,2.2533241207726524,95.0
종로구,체부동,스테이오구당당,2,고위험군,37.57487244,126.969823,197334.2546,452814.4746,29.6897594,-5.016702953845474,42.63672159484671,43.0,5.002407502891361,1454.0,3.064379462765676,431.0,2.233825906721846,95.0
종로구,홍지동,스테이도호,2,고위험군,37.59442514,126.9590077,196379.8105,454984.964,52.69061378,-1.0384960213450682,43.85976638971435,43.0,5.000359628972061,1454.0,3.2282071921195414,431.0,2.1760499839819833,95.0
종로구,동숭동,영스테이,2,고위험군,37.57685429,127.0054421,200480.7256,453034.023,43.22420812,0.5739992073678408,38.73507459848685,43.0,4.993698376818023,1454.0,3.367416900658635,431.0,2.279456210762388,95.0
종로구,누상동,누상 스튜디오,2,고위험군,37.57702556,126.9645801,196871.2031,453053.6078,40.88230727,2.1778320910999227,42.721377994678,43.0,5.002916481003092,1454.0,3.0741393504682715,431.0,2.2213647087075516,95.0
종로구,동숭동,아늑히 혜화,2,고위험군,37.5788742,127.0052147,200460.6285,453258.2086,41.37641307,0.01877099279052885,37.8273633245079,43.0,4.993262174036371,1454.0,3.3639550386733585,431.0,2.34883973928104,95.0
종로구,청운동,옥연재,2,고위험군,37.58293415,126.9659934,196996.2837,453709.3475,41.37225948,-0.3942590733938829,42.81737506616537,43.0,5.001339182299833,1454.0,3.1303306150236403,431.0,2.2647520607318437,95.0
종로구,명륜1가,스테이 자두,2,고위험군,37.58428494,126.9959294,199640.4595,453858.7339,34.86457159,-4.015741232040199,40.13777609909976,43.0,4.99392302285354,1454.0,3.3059573233036588,431.0,2.299425688823846,95.0
종로구,명륜3가,메종 프롬네르,2,고위험군,37.58761522,126.9927879,199363.0092,454228.3739,45.41359904,7.565808247209304,40.834236756091286,43.0,4.993978532013431,1454.0,3.296257706193384,431.0,2.4339944261255644,95.0
종로구,명륜3가,Ivon Stay,2,고위험군,37.58488032,126.9950924,199566.5332,453924.8179,34.55417227,-3.649480911101854,40.32299314990751,43.0,4.9939948586246485,1454.0,3.3024514655239496,431.0,2.344093718035598,95.0
종로구,충신동,낙산성곽 게스트,2,고위험군,37.57382496,127.0074861,200661.313,452697.8147,38.0131833,-2.768806626118163,39.800590923838456,43.0,4.993964191817477,1454.0,3.3883256056715685,431.0,2.2684806682399423,95.0
종로구,창신동,blessing[축복],2,고위험군,37.57154433,127.01198,201058.3288,452444.7323,32.5935272,-5.210897779227494,39.5142357395856,43.0,4.993511237499443,1454.0,3.4214678257693105,431.0,2.334563667315862,95.0
종로구,명륜3가,명문가,2,고위험군,37.58689804,126.9933154,199409.5952,454148.7716,48.9345883,9.222358052064202,40.713885438701496,43.0,4.994002295315609,1454.0,3.2970685114015903,431.0,2.4180375884546566,95.0
종로구,숭인동,아뜰리에8 동묘3,2,고위험군,37.57146892,127.0163964,201448.4777,452436.4216,41.64684799,2.6237693477131216,38.79000822618751,43.0,4.992615769681666,1454.0,3.447275497269116,431.0,2.373486701108087,95.0
종로구,행촌동,서담재,2,고위험군,37.5730728,126.9619549,196639.1297,452614.9877,50.51994086,7.4246311772857965,42.821670915902956,43.0,5.00429542156714,1454.0,3.032756581651155,431.0,2.0024967999056797,95.0
종로구,누하동,여인숙 깔마,2,고위험군,37.57768546,126.9683244,197201.9771,453126.731,35.82858009,-6.38304252497381,42.621856588524324,43.0,5.002047780161858,1454.0,3.088738095294079,431.0,2.277488670455743,95.0
종로구,창신동,스테리 하우스,2,고위험군,37.57250631,127.0115171,201017.4218,452551.4959,48.8998127,9.671576249502195,39.73411362088133,43.0,4.993395809028349,1454.0,3.417846791957588,431.0,2.3085545391611273,95.0
종로구,동숭동,모드의집,2,고위험군,37.58046511,127.004045,200357.295,453434.7763,32.23794208,-4.827549373966214,37.71314057513156,43.0,4.993124746799469,1454.0,3.3552414731326756,431.0,2.4398598161230254,95.0
종로구,충신동,오하이서울,2,고위험군,37.57285097,127.0072964,200644.5574,452589.7118,42.14006162,1.8369349322327722,39.83723055277692,43.0,4.994231566044046,1454.0,3.388644612267847,431.0,2.3018021549836,95.0
종로구,동숭동,플라워니 스테이,2,고위험군,37.57730218,127.0054439,200480.8817,453083.7336,38.33716347,0.3912975710338671,38.47120978530379,43.0,4.993590819602586,1454.0,3.3667175029290397,431.0,2.282369176799966,95.0
종로구,명륜3가,제이스테이,2,고위험군,37.5879836,126.9937221,199445.5294,454269.254,46.95778089,7.223308492916047,40.726492084997425,43.0,4.993630464545541,1454.0,3.3017242157186755,431.0,2.407540824869074,95.0
종로구,동숭동,스테이 대학로,2,고위험군,37.57760901,127.0054704,200483.2241,453117.7883,41.4194828,1.9238723339096993,38.31674958268848,43.0,4.993511546097172,1454.0,3.366635940036593,431.0,2.2825909209821886,95.0
종로구,연건동,종로 인사이드,2,고위험군,37.57351439,126.998769,199891.2577,452663.3194,50.97011135,2.3525749323984897,39.594789390771474,43.0,4.996058759103258,1454.0,3.3205830923767983,431.0,2.2551389412855127,95.0
종로구,연건동,바우하우스#3,2,고위험군,37.5741174,126.9984071,199859.2847,452730.247,29.02528386,-4.038173942030365,39.55558676097455,43.0,4.995995318610911,1454.0,3.317961854956004,431.0,2.266565643859764,95.0
종로구,사직동,솔라하우스,2,고위험군,37.57022261,126.966697,197057.9256,452298.4907,47.33542371,4.822814607498302,42.97979448826869,43.0,5.004114379159752,1454.0,3.052327162964894,431.0,1.8988621684741616,95.0
종로구,명륜1가,스테이 혜래,2,고위험군,37.58625433,126.9969301,199728.8526,454077.3105,38.93060945,1.9121020556284805,40.08760335669613,43.0,4.993159628716443,1454.0,3.3149625671727874,431.0,2.258657627730462,95.0
종로구,연건동,리리하우스(LI LI HOUSE),2,고위험군,37.57378848,126.9993475,199942.3557,452693.7397,47.47162666,-5.951346482651346,39.534938939987455,43.0,4.995849317917304,1454.0,3.3247930741364407,431.0,2.316819474981581,95.0
종로구,필운동,윤스테이,2,고위험군,37.57371059,126.969278,197286.0626,452685.5383,40.11114409,5.29283446769675,42.697264775583434,43.0,5.0027897801569345,1454.0,3.062037358086274,431.0,2.1846059472559274,95.0
종로구,창신동,창신동숙,2,고위험군,37.57372994,127.0113029,200998.4839,452687.3023,37.21380932,-2.1070242041110916,39.73158595009336,43.0,4.993167509836498,1454.0,3.41348892878517,431.0,2.281749304951273,95.0
종로구,숭인동,부엉이 게스트하우스(OWL Guesthouse),2,고위험군,37.57264698,127.01936,201710.2576,452567.2224,31.76487435,-2.5425895332438557,37.1168909946996,43.0,4.991784579124949,1454.0,3.4618354734968984,431.0,2.406452218493258,95.0
종로구,체부동,한스하우스(Hans house),2,고위험군,37.57471511,126.969672,197320.911,452797.0171,34.96165997,0.3912324012909494,42.650073126850344,43.0,5.00247438234418,1454.0,3.0620838015521272,431.0,2.227560775268788,95.0
종로구,필운동,게스트하우스 필운,2,고위험군,37.57419892,126.9675447,197132.9705,452739.7888,34.54451635,-5.720430826123035,42.71384915187865,43.0,5.003007318619883,1454.0,3.0676857047631203,431.0,2.1843737293952596,95.0
종로구,소격동,쥘리앵,2,고위험군,37.57798512,126.9802125,198252.1046,453159.7022,51.18970741,-0.027069684277918782,41.37284738167862,43.0,4.999461348791023,1454.0,3.1562459168782975,431.0,2.450257384309491,95.0
종로구,숭인동,킴스패밀리하우스,2,고위험군,37.5734284,127.0213203,201883.4058,452653.9885,31.35018283,-3.1722788932306543,36.677568276404735,43.0,4.991251163184168,1454.0,3.4710426516629136,431.0,2.4275212875843297,95.0
종로구,창신동,코비게스트하우스,2,고위험군,37.57042698,127.013348,201179.189,452320.7358,44.48160852,3.371498577428433,39.335759616364044,43.0,4.993467312653432,1454.0,3.4333334856483595,431.0,2.3601634891287144,95.0
종로구,창신동,낙산발코니,2,고위험군,37.57637942,127.0092453,200816.6837,452981.3441,36.3936514,-1.6625125793144448,39.832885195484195,43.0,4.992996520369434,1454.0,3.3943413382166874,431.0,2.214816255116729,95.0
종로구,창신동,하이얀(Haiyan),2,고위험군,37.57476996,127.0128206,201132.5394,452802.7497,37.27620449,-1.3865245701037523,39.536817653466876,43.0,4.992621700483659,1454.0,3.4187514791394875,431.0,2.2796081801051296,95.0
종로구,팔판동,팔판동 레지던스,2,고위험군,37.58023347,126.9796263,198200.3715,453409.2543,64.41075129,2.7980897914041947,41.82306797068101,43.0,4.999054263470845,1454.0,3.170768144160092,431.0,2.4836441243423253,95.0
종로구,옥인동,디 하우스,2,고위험군,37.58024857,126.9647079,196882.6187,453411.3207,45.1733403,-10.04950531966837,42.741998807181375,43.0,5.002174364420864,1454.0,3.100061311210813,431.0,2.2467927582255944,95.0
종로구,창신동,종로랑,2,고위험군,37.57412784,127.0088992,200786.1354,452731.4418,41.69800265,3.347414372571187,39.86465281323132,43.0,4.993587570065928,1454.0,3.3973759995307313,431.0,2.276368043254442,95.0
종로구,숭인동,종로03,2,고위험군,37.5770678,127.0164702,201454.8875,453057.8337,42.85265611,3.860010506883633,37.59316285100259,43.0,4.991396293028959,1454.0,3.433756240216136,431.0,2.3623848846419784,95.0
종로구,숭인동,우드 브릿지,2,고위험군,37.5776089,127.0160414,201416.9959,453117.883,33.78967505,-2.947915313603268,37.80139006895803,43.0,4.991360317593602,1454.0,3.430497320881478,431.0,2.3521804577000864,95.0
종로구,누상동,서로 우리 하우스,2,고위험군,37.57821014,126.9651853,196924.7075,453185.0626,42.59248438,2.120435319272282,42.70045544316055,43.0,5.0025358422521,1454.0,3.0860833971477124,431.0,2.2426926169737875,95.0
종로구,동숭동,루나,2,고위험군,37.57716262,127.0050959,200450.1458,453068.2423,36.15249321,-3.1856525806973366,38.47848963435175,43.0,4.9937000825070115,1454.0,3.364340379552895,431.0,2.294838779326714,95.0
종로구,동숭동,자갈자갈집,2,고위험군,37.58075611,127.0036716,200324.3085,453467.0726,30.26264809,-4.663747822000595,37.72674250829228,43.0,4.993132821782589,1454.0,3.3525685755927013,431.0,2.4338715869123724,95.0
종로구,동숭동,혜화비앤비,2,고위험군,37.57826684,127.0048888,200431.84,453190.7971,41.75313856,7.379102322052624,37.97278163104391,43.0,4.993479127292859,1454.0,3.3615205055538064,431.0,2.3396899987000124,95.0
종로구,충신동,무이하우스,2,고위험군,37.57259223,127.0051718,200456.873,452560.9822,45.96679891,3.145538030633759,39.903604421603646,43.0,4.994769937958448,1454.0,3.37173115390626,431.0,2.3066728176352798,95.0
종로구,동숭동,혜화디어홈,2,고위험군,37.5770991,127.0040568,200358.3534,453061.1879,36.70825939,-0.08617358128032038,38.40152867470921,43.0,4.99394387406148,1454.0,3.356702915253042,431.0,2.334323945634441,95.0
종로구,숭인동,더모던한옥,2,고위험군,37.57338388,127.0156867,201385.7439,452648.9493,43.90240384,-1.2156869599735174,38.69140264741241,43.0,4.992347231008416,1454.0,3.4387033612489204,431.0,2.3454552773450033,95.0
종로구,누하동,호랑주택,2,고위험군,37.575989,126.9687868,197242.7592,452938.4298,38.47912658,-4.48157207079533,42.63277990555224,43.0,5.002348724939575,1454.0,3.075521091978912,431.0,2.2550793726076566,95.0
종로구,사직동,지니크 인,2,고위험군,37.57199422,126.9649162,196900.6794,452495.1761,49.41784938,-1.7105495458268294,42.85292089455424,43.0,5.004015827217106,1454.0,3.0512857506948863,431.0,2.0050078300402765,95.0
종로구,동숭동,Hyehwa the hill,2,고위험군,37.58081972,127.0052234,200461.3832,453474.1391,35.44910295,-3.9327661183567315,37.68568287963328,43.0,4.992788540983548,1454.0,3.3633106441492857,431.0,2.4243941332664223,95.0
종로구,숭인동,토토스테이,2,고위험군,37.57483903,127.0153908,201359.5789,452810.4498,35.94240913,-2.6420062695081796,38.502388503485264,43.0,4.992090683352943,1454.0,3.434048134426597,431.0,2.336270892558795,95.0
종로구,숭인동,스테이별빛숭인,2,고위험군,37.57231353,127.0185069,201634.8996,452530.1982,35.59002371,-3.7026713760473626,37.40979695415106,43.0,4.992019469989634,1454.0,3.4573118853029734,431.0,2.3977684141476243,95.0
종로구,숭인동,Today Sinseol,2,고위험군,37.57315713,127.0212725,201879.1962,452623.8797,31.2441916,-2.2022009606042445,36.719743514528744,43.0,4.991316061608128,1454.0,3.471707139496344,431.0,2.4240308243735256,95.0
종로구,동숭동,스테이 릴리헤이븐,2,고위험군,37.57796653,127.0038134,200336.8489,453157.4617,29.20497017,-3.4142776971108084,38.04506799550244,43.0,4.993786688667107,1454.0,3.3541813998646393,431.0,2.3802450603058283,95.0
종로구,누상동,seochon visit,2,고위험군,37.57824488,126.9653134,196936.0209,453188.9141,42.58194229,2.1137960864124494,42.6972508195192,43.0,5.002503695968093,1454.0,3.087514771214331,431.0,2.2445821456323216,95.0
종로구,연건동,노마드 컴퍼니,2,고위험군,37.57377342,126.9995655,199961.6205,452692.0681,34.52245346,-4.937576836554975,39.52361376453037,43.0,4.995800329631866,1454.0,3.3265987580235437,431.0,2.3287090258866705,95.0
종로구,창신동,낙산별화,2,고위험군,37.57584109,127.0086944,200768.0297,452921.591,37.29374739,1.047098294914342,39.762220199008155,43.0,4.993236909308365,1454.0,3.3921441452645094,431.0,2.2180904872019065,95.0
종로구,창신동,STAY-JUN,2,고위험군,37.57468047,127.0096493,200852.3931,452792.7839,41.78732154,3.945251146238199,39.938214653356184,43.0,4.99330106696552,1454.0,3.401016957124523,431.0,2.2623496743360896,95.0
종로구,통인동,오렌지,2,고위험군,37.57754872,126.9700155,197351.3499,453111.5054,53.30065427,4.582720201982966,42.55688952429914,43.0,5.001743393319838,1454.0,3.0877060178775104,431.0,2.2972460332930633,95.0
종로구,창신동,white house,2,고위험군,37.57061763,127.0128817,201138.0,452341.89,36.41708504,-4.830506794751237,39.31834143810167,43.0,4.9935240646565155,1454.0,3.4294420931604037,431.0,2.357189794199893,95.0
종로구,숭인동,스테이지니,2,고위험군,37.57532974,127.0216079,201908.7635,452865.021,34.84774418,-3.85411823884192,36.54782366880247,43.0,4.990804694378827,1454.0,3.4661016275673173,431.0,2.4453213805442133,95.0
종로구,창신동,낙산 네스트(Naksan Nest),2,고위험군,37.57452089,127.0098405,200869.2886,452775.0741,34.99955458,-2.030302976912054,39.93785070846271,43.0,4.993296928024359,1454.0,3.402825289506356,431.0,2.2656845189660912,95.0
종로구,동숭동,고은,2,고위험군,37.58044549,127.0047395,200418.6424,453432.6016,39.91231704,1.1525503958894916,37.70840521504802,43.0,4.99298182341694,1454.0,3.3602847076288804,431.0,2.429982555350604,95.0
종로구,충신동,램파트 게스트하우스,2,고위험군,37.57211599,127.0072916,200644.1406,452508.1375,42.05940877,1.1938076070334702,39.8630187173729,43.0,4.994402372303837,1454.0,3.389424692920619,431.0,2.3304496127478385,95.0
종로구,행촌동,잔잔스테이,2,고위험군,37.57102423,126.9628053,196714.1624,452387.5901,54.42816398,2.4564866665928307,42.90899797870959,43.0,5.00462199294312,1454.0,3.036369902991025,431.0,1.8753691587717092,95.0
종로구,충신동,테이블 노트,2,고위험군,37.57321044,127.0069916,200617.6295,452629.6067,36.71474352,-3.1596815572115062,39.80639472323123,43.0,4.994215871424724,1454.0,3.3851613914442584,431.0,2.286704339532951,95.0
종로구,숭인동,헬로서울,2,고위험군,37.57545495,127.0153898,201359.4829,452878.8098,27.10943643,-2.9513979321733395,38.39983806829038,43.0,4.991956748516065,1454.0,3.432628229071903,431.0,2.3358327232918623,95.0
종로구,부암동,라오테아로아 로그 하우스,2,고위험군,37.59531576,126.966535,197044.6115,455083.5494,61.45568017,3.001687760658136,44.157004963094245,43.0,4.998680831568987,1454.0,3.226200070869408,431.0,2.2440108352906614,95.0
종로구,동숭동,J-Park Story 동숭동,2,고위험군,37.57760907,127.004499,200397.4095,453117.7904,34.96233492,0.6211757476680617,38.18319207177627,43.0,4.993723048407778,1454.0,3.3593557306808792,431.0,2.3274500754111593,95.0
중구,(회현동,제이하우스,2,고위험군,37.55421386,126.9800582,198237.9105,450521.3737,51.64901113,3.0792609368453157,43.639942065511164,43.0,5.006040371509576,1454.0,3.105024582686603,431.0,2.158024165778177,95.0
중구,(회현동,88 게스트하우스,2,고위험군,37.55741988,126.9832419,198519.2921,450877.1489,38.17329224,-1.9654068499635926,42.1282357697371,43.0,5.004450026861508,1454.0,3.1143986638075445,431.0,1.9687762255017276,95.0
중구,(남산동,숨2nd,2,고위험군,37.55543636,126.9859744,198760.694,450656.9622,40.49656198,-0.7700173517650768,43.87010979434563,43.0,5.004360320984106,1454.0,3.1218199602591827,431.0,1.8101208505560762,95.0
중구,(남산동,제이나인 게스트하우스,2,고위험군,37.55556946,126.9842,198603.9158,450671.7596,46.78088892,-0.23665783619156855,43.71012964920769,43.0,5.004844219360466,1454.0,3.112812557181301,431.0,1.9456042573987704,95.0
중구,신당동,마르코의 다락방,2,고위험군,37.5489861,127.0082689,200730.7041,449941.0003,37.09025641,-3.825630456670254,41.67382653939245,43.0,4.99921970755219,1454.0,3.3979527458784173,431.0,1.5014133061511181,95.0
중구,(회현동,라온,2,고위험군,37.5550507,126.9831565,198511.7028,450614.1994,59.61864305,-0.18849500670780373,43.836959706382245,43.0,5.005206920763318,1454.0,3.102186453273489,431.0,2.0110341763965405,95.0
중구,(남산동,엔드 서울,2,고위험군,37.55488937,126.9843849,198620.2357,450596.275,47.31192821,0.22437332692727807,43.86411337307594,43.0,5.005023033182713,1454.0,3.1042864179166565,431.0,1.9433173245705528,95.0
중구,필동,명동 위 스테이,2,고위험군,37.5557537,126.9956652,199616.9777,450692.0995,40.51388138,-0.7940211543784415,42.25171538186331,43.0,5.001227722033469,1454.0,3.270967096440906,431.0,1.092882172177937,95.0
중구,(만리동,서울 삼월,2,고위험군,37.55401687,126.9670078,197084.7555,450499.8349,59.5545475,1.746532358933841,39.92657468373072,43.0,5.008291680966867,1454.0,3.1959683662735365,431.0,2.7382443624759665,95.0
중구,황학동,쉼 스테이,2,고위험군,37.56474665,127.0201533,201780.5246,451690.3927,39.015828,-1.2700725229133099,37.926359233068176,43.0,4.993251524697791,1454.0,3.5010782642036427,431.0,1.302852270166986,95.0
중구,신당동,일상고요,2,고위험군,37.56070631,127.010882,200961.4617,451241.8273,35.86591188,-4.2811988603485105,39.42941661404999,43.0,4.996113126332738,1454.0,3.44288781593648,431.0,1.7465090075348972,95.0
중구,신당동,스테이 신당,2,고위험군,37.55270014,127.0057008,200503.7439,450353.1973,41.09614645,-1.0921204038708225,41.572432037763235,43.0,4.999113390312784,1454.0,3.411617385013575,431.0,1.6548631995843266,95.0
중구,신당동,원웨이하우스,2,고위험군,37.56091005,127.0096196,200849.9295,451264.4279,59.11993,2.6023059725882973,39.65896671085622,43.0,4.996367134238349,1454.0,3.4328032970058517,431.0,1.7615477648875406,95.0
중구,(광희동,스테이오얏,2,고위험군,37.56135165,127.0075562,200667.6142,451313.4236,47.07123659,7.264271269241682,40.20807104267821,43.0,4.99676689513923,1454.0,3.413635746964705,431.0,1.8402338657700132,95.0
중구,(광희동,메종 드 린,2,고위험군,37.56077622,127.0084615,200747.605,451249.5645,41.38415878,2.303057889918641,39.95840927932624,43.0,4.996673654249676,1454.0,3.423453255366454,431.0,1.7940827288433763,95.0
중구,중림동,서울로 스테이,2,고위험군,37.55472963,126.9667115,197058.6011,450578.952,41.07758266,1.133258380610691,39.78471553229012,43.0,5.00813845406718,1454.0,3.1922002793127064,431.0,2.8292775940412525,95.0
중구,(남산동,그린네이비 게스트하우스,2,고위험군,37.55597835,126.9858585,198750.4613,450717.1182,38.43651312,-1.586353857721022,43.62355302590709,43.0,5.0042608102651664,1454.0,3.124717010242099,431.0,1.8113914460492568,95.0
중구,신당동,서울 나침반,2,고위험군,37.56041504,127.0175305,201548.8951,451209.5886,34.91884579,4.105134988975685,38.61324555975947,43.0,4.994677951032795,1454.0,3.5082968297269637,431.0,0.6293759929416094,95.0
중구,남창동,소시 스테이,2,고위험군,37.55367274,126.9766149,197933.6431,450461.386,33.13097855,-3.1556651881165294,39.07137348903499,43.0,5.006814180658591,1454.0,3.1163716658514344,431.0,2.2852168405855147,95.0
중구,(광희동,하나 스테이,2,고위험군,37.56150091,127.0088191,200779.191,451329.9994,35.17793373,-4.921351262643434,39.92150405490444,43.0,4.996429554332565,1454.0,3.423096906237253,431.0,1.8205678753667753,95.0
중구,신당동,소당 스테이,2,고위험군,37.56159957,127.0121655,201074.8572,451340.9825,36.09486543,-3.833718896203969,39.07340309818676,43.0,4.995625110179039,1454.0,3.452520657434922,431.0,1.7127571057620996,95.0
중구,(광희동,호야,2,고위험군,37.56123206,127.0089903,200794.3234,451300.1617,45.14853056,-4.759049125735238,39.84815981707813,43.0,4.996447242245054,1454.0,3.425525054271263,431.0,1.7969072849968797,95.0
중구,(필동,나미스 하우스,2,고위험군,37.55760098,126.9967439,199712.3019,450897.1218,54.444493,2.6480312932300194,41.9571216669647,43.0,5.000479926799639,1454.0,3.307837516794706,431.0,0.9649069851280497,95.0
중구,(광희동,스테이 이비비,2,고위험군,37.56096498,127.0079841,200705.4188,451270.5109,42.19562817,2.257111862930536,40.0843550368956,43.0,4.996747925983155,1454.0,3.4192288592184816,431.0,1.8108322741643597,95.0
중구,(남산동,명동힐,2,고위험군,37.55618754,126.9858278,198747.7601,450740.3362,41.50493717,-0.03644450326589066,43.58710071154729,43.0,5.004217461616235,1454.0,3.126393605126542,431.0,1.8119601395820122,95.0
중구,(회현동,남산 네스트,2,고위험군,37.554501,126.9835012,198542.1455,450553.1839,60.04891782,-1.2229684274608843,43.99273189831153,43.0,5.005317059853968,1454.0,3.0989264138299175,431.0,2.002987465662148,95.0
중구,필동,충무맨션,2,고위험군,37.55679475,126.9950393,199561.6804,450807.6464,31.73977033,-7.771164935887086,41.922629287762646,43.0,5.0011667652771,1454.0,3.274038790872421,431.0,1.0801777948499998,95.0
중구,(남산동,하우스 사라,2,고위험군,37.55471617,126.9847442,198651.9832,450577.0466,38.32964899,0.9756627028881795,43.94409586533892,43.0,5.004963093211757,1454.0,3.106794008163967,431.0,1.9273231484740856,95.0
중구,(광희동,지안,2,고위험군,37.56101811,127.0089864,200793.9749,451276.4157,39.55814524,-1.9599769295854372,39.82373609187023,43.0,4.99649476611796,1454.0,3.4264425998966668,431.0,1.7794536849100235,95.0
중구,신당동,단이랑체리의집,2,고위험군,37.55998923,127.0134705,201190.1805,451162.2695,39.75158107,-2.8056336103990276,39.23078667606761,43.0,4.9956669526623125,1454.0,3.4716929138588655,431.0,1.5218281287531867,95.0
중구,신당동,스테이 109,2,고위험군,37.5603757,127.0188196,201662.7907,451205.2443,32.32799509,-0.32644576040353,38.731163445366136,43.0,4.994409538865779,1454.0,3.520922897961309,431.0,0.5460352880088174,95.0
중구,(회현동,제이나인 롯지,2,고위험군,37.55368801,126.9812494,198343.1612,450462.989,51.36199141,0.7794418468741711,44.44726718222518,43.0,5.005990104665711,1454.0,3.1023560246066277,431.0,2.1129339571041683,95.0
중구,신당동,유에 하우스,2,고위험군,37.55940725,127.0129652,201145.5411,451097.6704,46.08807564,6.695685060437,39.41900349738438,43.0,4.995904656307377,1454.0,3.470107783084242,431.0,1.5688158544570316,95.0
중구,(만리동,더 파인 하우스,2,고위험군,37.55237109,126.9660433,196999.462,450317.2033,41.35634153,1.8109029035961228,40.00889617032087,43.0,5.008904587702523,1454.0,3.2360481386699904,431.0,2.6824997635107377,95.0
중구,(남산동,봉스 비앤비(Bong's BNB),2,고위험군,37.55451805,126.9843521,198617.3315,450555.0634,54.46960679,-1.8736255692314359,43.92678496148682,43.0,5.005131603242295,1454.0,3.1022984247918846,431.0,1.9547181381631227,95.0
중구,(남산동,Juny's Cozy Home,2,고위험군,37.55581166,126.9859932,198762.3632,450698.6158,38.30371759,-1.8221849698744776,43.715352752384895,43.0,5.004258218806774,1454.0,3.12526159014745,431.0,1.8009551752318043,95.0
중구,(남산동,남산 하이드아웃,2,고위험군,37.55534782,126.9839547,198582.236,450647.1639,57.20054365,0.4961748438176983,43.745845931159934,43.0,5.004961514008785,1454.0,3.1073650745535173,431.0,1.9582893739993839,95.0
중구,신당동,랜디모어,2,고위험군,37.55887898,127.0088564,200782.5175,451038.9965,32.43703662,-5.868331893472124,39.94454871334233,43.0,4.9969892343260325,1454.0,3.432990232414087,431.0,1.7477483502218152,95.0
중구,(필동,섭 스테이,2,고위험군,37.55767439,126.9970922,199743.0717,450905.2684,49.93309602,2.839894047625698,42.04097749261231,43.0,5.000362949880679,1454.0,3.3120165720100547,431.0,0.9956387043543882,95.0
중구,예장동,태라 인 명동,2,고위험군,37.55480677,126.9849211,198667.615,450587.0996,42.9253076,2.5004414912367494,43.95305079509297,43.0,5.004879105724485,1454.0,3.108657060365427,431.0,1.9149444397916113,95.0
중구,(남산동,보로하우스,2,고위험군,37.5548131,126.9847312,198650.8398,450587.8049,39.89904003,-1.022623332814078,43.92606237373776,43.0,5.004936126542897,1454.0,3.107501638916039,431.0,1.9261361868644182,95.0
중구,중림동,서울로 드림 하우스,2,고위험군,37.55441998,126.9665703,197046.1105,450544.5889,44.46249585,-2.9295256503591176,39.840082864842174,43.0,5.0082469719457094,1454.0,3.199187159593717,431.0,2.8267564641336547,95.0
중구,(남산동,케이브 명동,2,고위험군,37.55568395,126.9842106,198604.8492,450684.4665,46.57411602,-0.054422379756381645,43.67648713516765,43.0,5.004805848459711,1454.0,3.113800913421293,431.0,1.9441861357357286,95.0
중구,(광희동,동대문 도도,2,고위험군,37.56099125,127.0076842,200678.9284,451273.4244,36.24904379,-3.8007436170263063,40.16281569690768,43.0,4.996815025300023,1454.0,3.416317899266973,431.0,1.8192327275148816,95.0
중구,신당동,신당동 스마일 스테이,2,고위험군,37.56102698,127.0135953,201201.1878,451277.4491,29.67571921,-0.02040201767190908,38.88051554204539,43.0,4.995420778728857,1454.0,3.4673151100255932,431.0,1.538062134945733,95.0
중구,(광희동,DDP NEST,2,고위험군,37.56041505,127.0074279,200656.2858,451209.4712,37.75792958,-3.7300829783597536,40.21540118524252,43.0,4.997004172075546,1454.0,3.4135957756683672,431.0,1.801144287168334,95.0
중구,묵정동,모노블룸 스테이,2,고위험군,37.55861369,127.000778,200068.7394,451009.5159,34.36070964,-0.4105508614406048,42.7627257253408,43.0,4.9991207491902845,1454.0,3.3613655612805635,431.0,1.3470439209683478,95.0
중구,신당동,스틸 하우스 신당,2,고위험군,37.56150693,127.0118869,201050.2443,451330.6974,42.73245199,2.5317795779103065,39.17663768558471,43.0,4.995708745249471,1454.0,3.4504855423130922,431.0,1.7072299302194702,95.0
중구,황학동,고유홈,2,고위험군,37.56586802,127.0206896,201827.8744,451814.8619,40.40560456,2.7764936817197494,37.723212512234795,43.0,4.992917067516654,1454.0,3.498476537820214,431.0,1.5886590015425726,95.0
중구,(남산동,동동 스테이,2,고위험군,37.55539114,126.9844476,198625.7869,450651.9646,47.47970872,3.2279380787345175,43.758794202470696,43.0,5.004853559331225,1454.0,3.1122466463290914,431.0,1.9345979976449288,95.0
중구,중림동,시스앤브로 JL,2,고위험군,37.55580362,126.9628839,196720.4354,450698.2787,34.31496082,-3.8474242905173597,39.405887132558036,43.0,5.00843636569833,1454.0,3.2352636136158623,431.0,3.066363138139737,95.0
중구,(필동,남산벚꽃스테이,2,고위험군,37.55784545,126.9968497,199721.6519,450924.2548,51.39342502,4.036654654927247,41.88341543943409,43.0,5.000392098210414,1454.0,3.3114291469430364,431.0,0.9653443074291951,95.0
중구,황학동,홍스테이 신당,2,고위험군,37.56450034,127.0210405,201858.9132,451663.0724,34.87490551,-1.3761503920256573,38.31832733288611,43.0,4.993122056662262,1454.0,3.509269811437021,431.0,1.1205062199269968,95.0
중구,필동,블루브릭스 남산,2,고위험군,37.55351364,126.9957371,199623.3159,450443.4793,52.96110765,1.4759306298450952,42.578358651082155,43.0,5.001728328611261,1454.0,3.2313606535101687,431.0,1.213048127841141,95.0
중구,신당동,와유,2,고위험군,37.5537573,127.0092099,200813.8071,450470.554,40.57221977,-1.1233583810681012,40.95229260201148,43.0,4.997989701918136,1454.0,3.4469272818167567,431.0,1.722963116349208,95.0
중구,예장동,남산 하나 하우스,2,고위험군,37.55235723,126.9937912,199451.3703,450315.1412,43.81273322,2.6301477690452657,42.75732121383495,43.0,5.002588447432842,1454.0,3.164124077238635,431.0,1.3221879435690063,95.0
중구,(장충동,글림스,2,고위험군,37.55957821,127.0078024,200689.3821,451116.5945,47.01206448,-0.9130274778403447,40.130127391134906,43.0,4.997095290272736,1454.0,3.420586949299525,431.0,1.7744994996393813,95.0
중구,남학동,해마루,2,고위험군,37.55778377,126.9896856,199088.6488,450917.4543,42.42446275,3.0510277061013156,41.35046336014694,43.0,5.0025589069827285,1454.0,3.1868806616696115,431.0,1.490132728423811,95.0
중구,신당동,뽀키 하우스,2,고위험군,37.55998632,127.0128996,201139.7433,451161.9395,34.47588615,-0.5904299991578768,39.30307148349371,43.0,4.995798105957873,1454.0,3.466439532643764,431.0,1.597115636789882,95.0
중구,신당동,더 情(정) 스테이,2,고위험군,37.56112752,127.0119906,201059.4101,451288.5886,32.09606862,-3.921956766837802,39.23585074340157,43.0,4.995765613546949,1454.0,3.452383245436123,431.0,1.694725915565697,95.0
중구,(광희동,웨어하우스,2,고위험군,37.56093266,127.0089999,200795.1704,451266.9319,44.52550809,3.7421268865099506,39.81142710474073,43.0,4.9965101145505395,1454.0,3.427116463060293,431.0,1.774167878075381,95.0
중구,필동,무지개 하우스,2,고위험군,37.55598648,126.9974478,199774.4857,450717.9296,45.88263655,2.8599792483971243,42.47318077238743,43.0,5.000654376712452,1454.0,3.298642277684873,431.0,1.0949163641819584,95.0
중구,(장충동,중구 마루,2,고위험군,37.55578529,127.0006057,200053.5168,450695.597,48.73679139,-0.1305460456641967,42.706556603694274,43.0,4.999810452751579,1454.0,3.3551479988531336,431.0,1.3620327743094363,95.0
중구,신당동,포코라 스테이,2,고위험군,37.55589487,127.0092648,200818.6295,450707.7992,43.94323832,-3.4310630573233993,40.606197754133774,43.0,4.99752624019715,1454.0,3.4434307598466263,431.0,1.7453598406531863,95.0
중구,(장충동,서울우리집(SEOUL WOORIJIB),2,고위험군,37.56003474,127.0074591,200659.0414,451167.2615,46.42467188,2.501158253781739,40.205386117916994,43.0,4.997079893160592,1454.0,3.415509906173119,431.0,1.7883584658393816,95.0
중구,(회현동,남대문 하우스,2,고위험군,37.55509097,126.9792975,198170.7162,450618.737,50.51111132,1.6792294654322788,42.7615129049872,43.0,5.005907102646181,1454.0,3.108457841714888,431.0,2.184997707236288,95.0
중구,남창동,케이팝 하우스,2,고위험군,37.55394624,126.9764108,197915.6152,450491.7457,32.31059695,-3.9371855310509005,39.126321007295594,43.0,5.006766468517042,1454.0,3.116462500800581,431.0,2.2973267542537426,95.0
중구,예장동,태은 하우스,2,고위험군,37.5563119,126.9920602,199298.4508,450754.0739,41.19362209,1.6070128453733616,41.71780814394391,43.0,5.002181578824001,1454.0,3.211197550381593,431.0,1.3538430382744158,95.0
중구,(필동,린앤힐,2,고위험군,37.55756004,126.9968038,199717.5917,450892.5778,45.84329277,3.613883671900595,41.97984100787806,43.0,5.000472361803187,1454.0,3.308167605269608,431.0,0.9753478304292462,95.0
중구,황학동,티아모스테이,2,고위험군,37.56441455,127.0200994,201775.7688,451653.5325,35.22993492,-3.4511304381380583,38.041057712570485,43.0,4.993329544600793,1454.0,3.5026284854603706,431.0,1.1887655510047401,95.0
중구,필동,미야,2,고위험군,37.55667372,126.9951559,199571.9849,450794.213,28.72798585,-6.4688244165616275,41.96761996552929,43.0,5.0011610355413145,1454.0,3.2738800931489065,431.0,1.0729687380732311,95.0
중구,(남산동,스테이720,2,고위험군,37.55431315,126.9849806,198672.8637,450532.3129,43.15912087,0.7914308634872427,44.03205953415404,43.0,5.004984945586476,1454.0,3.103877624193349,431.0,1.9193450284811713,95.0
중구,남창동,샤이닝 데이지,2,고위험군,37.55434273,126.9766158,197933.7438,450535.7469,34.39493308,-2.7905349305763423,39.55225657923022,43.0,5.006611027944153,1454.0,3.1130587100732026,431.0,2.283020288908614,95.0
중구,(광희동,라르고 스테이 동대문,2,고위험군,37.56149707,127.0086864,200767.4711,451329.5721,39.87344976,-2.313821919550577,39.9515724349355,43.0,4.996462143672901,1454.0,3.4221307042899087,431.0,1.825536387484357,95.0
중구,신당동,메트로썬 스테이,2,고위험군,37.55985101,127.0113559,201003.3494,451146.9041,47.30802481,7.123709263404997,39.47131154138224,43.0,4.996184613502466,1454.0,3.4491215584798036,431.0,1.6879063796257117,95.0
중구,(장충동,서울N하우스,2,고위험군,37.55958688,127.0083747,200739.9495,451117.5611,60.94241412,2.4816857707195226,39.98790472205834,43.0,4.996953459177488,1454.0,3.4265086773440543,431.0,1.7647839732010442,95.0
중구,(만리동,메이하우스,2,고위험군,37.55242898,126.9659875,196994.5354,450323.6302,41.84667285,2.1247865082058865,40.0068307503734,43.0,5.008896596957012,1454.0,3.2358558150205283,431.0,2.706303949450701,95.0
중구,(남산동,해피가든,2,고위험군,37.55527576,126.9851366,198686.6649,450639.1489,44.88985847,2.966320649277776,43.90554553112947,43.0,5.004685151546333,1454.0,3.1137376315220897,431.0,1.8857341408164394,95.0
중구,예장동,마마 게스트하우스2,2,고위험군,37.5557369,126.9875998,198904.3179,450690.2984,43.60656834,0.6738848776093889,43.51578367950077,43.0,5.003743614328816,1454.0,3.135836620651379,431.0,1.6782057753894273,95.0
중구,중림동,J Stay Seoul,2,고위험군,37.55513081,126.9671369,197096.2009,450623.4649,44.84525576,2.444483926784912,39.72826120408004,43.0,5.007959541904801,1454.0,3.1805793895325656,431.0,2.7921262950374426,95.0
중구,(남산동,아리하우스,2,고위험군,37.55760349,126.9860718,198769.3421,450897.4866,47.68913019,2.993188393071577,42.50265677831681,43.0,5.003771558475285,1454.0,3.1347011853056017,431.0,1.7532914549891478,95.0
중구,(회현동,선물플러스,2,고위험군,37.5547866,126.9821223,198420.3157,450584.9044,46.21601223,1.9730277289563318,44.1657009159198,43.0,5.005483586290772,1454.0,3.1008349443571057,431.0,2.059628664177341,95.0
중구,신당동,77게스트하우스,2,고위험군,37.56177346,127.0108538,200958.9591,451360.2681,60.49631632,2.5649917788578946,39.434816656526024,43.0,4.995890709925244,1454.0,3.439241479249503,431.0,1.7888101493737123,95.0
중구,(남산동,명동 루프탑호스텔 2,2,고위험군,37.55556134,126.9857794,198743.4677,450670.8361,40.86116656,0.36655063494997364,43.84388343571565,43.0,5.004394108975689,1454.0,3.1217747074980586,431.0,1.823604365088339,95.0
중구,(남산동,남산 마이,2,고위험군,37.55466166,126.9840442,198590.1278,450571.007,46.68851568,0.8754131439489967,43.90956713804717,43.0,5.005163544023518,1454.0,3.1018302598246694,431.0,1.9696579011454558,95.0
중구,(장충동,타오,2,고위험군,37.55489488,127.0062429,200551.6224,450596.7903,53.23646908,3.2553317241191237,41.19299929733314,43.0,4.998501807620868,1454.0,3.418858314276882,431.0,1.6710330272677458,95.0
중구,예장동,더힐,2,고위험군,37.55500894,126.9846466,198643.3689,450609.542,45.1925667,3.2828510542857643,43.87769408584971,43.0,5.00490161097637,1454.0,3.1088443872474714,431.0,1.9281990446975,95.0
중구,(만리동,콩 포레스트,2,고위험군,37.55234747,126.9659384,196990.1899,450314.5851,41.07725287,1.6127632640751202,39.98898204479743,43.0,5.008927110818243,1454.0,3.237760881456747,431.0,2.7020645255085163,95.0
중구,(회현동,남산스튜디오,2,고위험군,37.55515938,126.9793328,198173.8388,450626.329,50.53107218,1.7804974076980216,42.743985142835555,43.0,5.005879757457844,1454.0,3.1087554784768683,431.0,2.1834412102201814,95.0
중구,(회현동,브루니하우스,2,고위험군,37.55358333,126.9802825,198257.7179,450451.3883,40.3849747,2.277976187407596,43.74492479031515,43.0,5.006197109824993,1454.0,3.103721752910124,431.0,2.143894687351596,95.0
중구,(광희동,까사데루나,2,고위험군,37.56089279,127.007935,200701.0813,451262.4983,42.12728201,2.338716963288036,40.096003492248336,43.0,4.996775664278034,1454.0,3.4186963848107546,431.0,1.8097126432938009,95.0
중구,(회현동,스테이모어,2,고위험군,37.55454397,126.9835361,198545.2302,450557.9525,44.80164547,-0.38792200949649214,43.97153086435459,43.0,5.005296788899174,1454.0,3.0992881610314806,431.0,2.00043527576477,95.0
용산구,서계동,유어홈,2,고위험군,37.5485797,126.9677056,197146.2052,449896.3528,37.88505541,-3.327717973178693,40.63384520445104,43.0,5.00976009715915,1454.0,3.256859506644923,431.0,1.624208099376804,95.0
용산구,(용산동,지미집2,2,고위험군,37.54356367,126.9817095,198383.5909,449339.3012,44.6726979,2.136629800045668,43.6602373157178,43.0,5.008917481601229,1454.0,3.1264324298374535,431.0,1.2582491581703679,95.0
용산구,한강로1가,하우재,2,고위험군,37.53166385,126.9734744,197655.4528,448018.7404,28.40368529,-5.922560193004827,39.40721047410795,43.0,5.0146775614248496,1454.0,3.306193465931536,431.0,0.4554114785660077,95.0
용산구,동자동,서울채(seoulchae),2,고위험군,37.54730923,126.9726644,197584.3668,449755.207,45.72897854,3.3151230040242083,40.076620578578925,43.0,5.009417573083194,1454.0,3.1861295945080848,431.0,1.4853774588942794,95.0
용산구,서계동,BRO & SIS,2,고위험군,37.54783273,126.9670404,197087.3955,449813.4685,38.09581755,-2.7490879783866546,40.55844884161884,43.0,5.010078408490225,1454.0,3.275938096438604,431.0,1.5863469185616488,95.0
용산구,서계동,블루문 하우스,2,고위험군,37.55188791,126.9674986,197128.0409,450263.5307,60.56342405,2.597748581131931,39.99548168404297,43.0,5.008821977600828,1454.0,3.219985999141691,431.0,2.456647225473524,95.0
용산구,이태원동,요트(Yacht),2,고위험군,37.53264065,126.9915404,199252.2836,448126.8562,40.2934605,-1.1343613985839838,41.50651387879708,43.0,5.007809938667168,1454.0,3.0995964949394788,431.0,0.48187320455686694,95.0
용산구,이태원동,Noel's Guest House,2,고위험군,37.53050834,126.992442,199331.9498,447890.1893,51.54204645,-0.5848440015814305,41.85302699509023,43.0,5.007949296447132,1454.0,3.103644374997907,431.0,0.33543944766001116,95.0
용산구,이태원동,Tree House Itaewon,2,고위험군,37.53263443,126.9903676,199148.6251,448126.1758,44.9280938,2.6697670867055407,41.70910871406031,43.0,5.008233993248559,1454.0,3.112516719884271,431.0,0.5396245420708082,95.0
용산구,이태원동,제로미네,2,고위험군,37.53262332,126.9916275,199259.9828,448124.9321,36.59435691,-8.681148333725154,41.49628642136295,43.0,5.0077826056097035,1454.0,3.098865310898591,431.0,0.476378101983008,95.0
용산구,이태원동,소안하우스,2,고위험군,37.53578494,126.9885245,198985.7591,448475.8619,33.0359577,-5.221506360022161,41.76511167394731,43.0,5.008202944795037,1454.0,3.107729123288679,431.0,0.9912118892994469,95.0
용산구,(용산동,Seoul Best Stay,2,고위험군,37.5417635,126.9870837,198858.5068,449139.4254,50.27019102,1.9423143536860366,45.06211089072885,43.0,5.007340313007396,1454.0,3.086511624873007,431.0,1.346770641195412,95.0
용산구,서계동,casa bella(까사벨라),2,고위험군,37.55060085,126.9658074,196978.5438,450120.7355,52.52908728,-3.2635515228818477,39.09012419695172,43.0,5.0094455349261455,1454.0,3.262580017068885,431.0,2.2696305344768084,95.0
용산구,서계동,Crystal House,2,고위험군,37.55095205,126.9659247,196988.9232,450159.7107,54.51468679,-2.5815165315174013,39.35894360525973,43.0,5.009327287660451,1454.0,3.256483213417024,431.0,2.3574961096299734,95.0
용산구,한강로3가,모모하우스,2,고위험군,37.51980161,126.9624592,196681.3184,446702.5113,63.15776777,2.906874300798563,41.62859811371523,43.0,5.019958228117621,1454.0,3.5083075077989077,431.0,-0.8576296518080258,95.0
용산구,갈월동,Maison,2,고위험군,37.54380345,126.9733704,197646.6455,449366.0899,53.60717891,-4.663696366882334,41.71939554908559,43.0,5.010440077185459,1454.0,3.2086954227625433,431.0,1.1577347851795539,95.0
용산구,(용산동,플랫트먼트,2,고위험군,37.53987272,126.9848266,198658.9947,448929.6017,45.57682562,1.3303336188651045,44.906037623710716,43.0,5.008629407077655,1454.0,3.11860652124264,431.0,1.2592695412162431,95.0
용산구,한강로3가,땡스땡스,2,고위험군,37.5231306,126.9612601,196575.4605,447072.0304,47.00006405,0.4144152359087059,41.27604453083994,43.0,5.018801678774584,1454.0,3.531069329727144,431.0,-0.5401560656530497,95.0
용산구,원효로3가,모먼트 원효,2,고위험군,37.53174584,126.9562139,196129.8308,448028.4106,34.19663316,-11.22459267731459,41.3042061793691,43.0,5.016284659466431,1454.0,3.6247503200020743,431.0,0.12555213166959517,95.0
용산구,갈월동,리브하우스,2,고위험군,37.54386709,126.9732637,197637.2119,449373.1559,54.97057222,-3.977456045336787,41.71286450128093,43.0,5.010434248972711,1454.0,3.209398375191209,431.0,1.1677840632340102,95.0
용산구,이태원동,나나씨네 스튜디오(NANACINE),2,고위험군,37.53680849,126.9901621,199130.5101,448589.447,46.87007105,5.174550502423493,41.63284730846246,43.0,5.007378122505361,1454.0,3.083768358301875,431.0,0.9997657930448445,95.0
용산구,동자동,클라라 하우스(Clara House),2,고위험군,37.54691324,126.973684,197674.4553,449711.2312,50.37411653,-5.056791348282921,40.2903111914805,43.0,5.009390088393054,1454.0,3.1752176219858916,431.0,1.4694113079418385,95.0
용산구,갈월동,로지칙스,2,고위험군,37.543979,126.9738171,197686.1196,449385.5628,33.79805287,-6.604388022177787,41.660763559407776,43.0,5.010319425975117,1454.0,3.2016934200563245,431.0,1.1454437051835498,95.0
용산구,이태원동,스위트 이태원,2,고위험군,37.5309003,126.9924521,199332.8443,447933.692,33.89918198,-0.8425929317880261,41.77455785932882,43.0,5.007861620844461,1454.0,3.1021286329601163,431.0,0.35468393266678755,95.0
용산구,이태원동,RTR,2,고위험군,37.53218534,126.9905266,199162.6692,448076.3309,38.06926683,1.9096064113496993,41.71473741263161,43.0,5.008274935833683,1454.0,3.1151382494389703,431.0,0.4962160679118194,95.0
용산구,후암동,진호하우스(Jinho's House),2,고위험군,37.54354563,126.9756162,197845.1,449337.4212,61.42623133,2.8918621247214205,41.986212970159215,43.0,5.010207534956405,1454.0,3.180030593457147,431.0,1.0527261758545559,95.0
용산구,이태원동,이태원 마인스테이(Itaewon Minestay),2,고위험군,37.52900389,126.9939066,199461.3995,447723.2047,44.04581991,2.7029634341972084,41.97260965542161,43.0,5.0077505242433675,1454.0,3.10291393125345,431.0,0.25532536777659204,95.0
용산구,이태원동,쥬앤,2,고위험군,37.52927449,126.993104,199390.4598,447753.2428,36.70529582,0.6909022358028878,41.90291700363031,43.0,5.007976803212464,1454.0,3.106553534043996,431.0,0.2761221782347153,95.0
용산구,후암동,스마일홈,2,고위험군,37.54954053,126.9757895,197860.5883,450002.7787,42.69090814,3.8126442675483645,37.58225531748554,43.0,5.008231136781266,1454.0,3.134189046796086,431.0,2.1489066515679913,95.0
용산구,이태원동,베이스캠프,2,고위험군,37.53912139,126.9903992,199151.4881,448846.1484,44.29865668,5.608600702983139,42.5558491771126,43.0,5.006770245531368,1454.0,3.076377675487375,431.0,1.2361029918654634,95.0
용산구,산천동,S&J House,2,고위험군,37.5340101,126.95316,195860.0322,448279.8456,36.76682325,-1.7715307373655733,42.02779563947483,43.0,5.015861269475202,1454.0,3.6558027065408853,431.0,0.08891101920934338,95.0
용산구,한강로1가,에이미하우스,2,고위험군,37.53040258,126.9734968,197657.3897,447878.7545,51.32175585,1.257778493568388,39.47773279752978,43.0,5.015150189787568,1454.0,3.3127878332828873,431.0,0.2444303763587323,95.0
용산구,서계동,DOMO,2,고위험군,37.54761991,126.9679016,197163.4873,449789.8218,39.43192641,-2.237506457070488,40.717592391588624,43.0,5.010019220066499,1454.0,3.263809302685625,431.0,1.4513701422555052,95.0
용산구,(청파동,Clean Cosy House,2,고위험군,37.54583457,126.9652925,196932.8472,449591.7525,45.98372176,5.741610817145741,41.01499880759638,43.0,5.010918654417049,1454.0,3.3299382439391274,431.0,1.597442090558771,95.0
용산구,남영동,서울하우스,2,고위험군,37.53873825,126.9734111,197650.0798,448803.9134,47.05116165,1.3313805424892138,41.0758924716374,43.0,5.012140495328479,1454.0,3.25756426005972,431.0,0.9578445811283106,95.0
용산구,이태원동,서울큐브 이태원,2,고위험군,37.53118332,126.9953179,199586.1563,447965.0872,33.61672986,-2.2826421245973165,41.24319987597574,43.0,5.006803540619019,1454.0,3.0849417274027444,431.0,0.29480247562909706,95.0
용산구,서계동,Via SEOUL,2,고위험군,37.54973422,126.9636203,196785.2392,450024.6225,39.99050407,1.4045724272647035,38.789390897386546,43.0,5.010009090120729,1454.0,3.3125262153266775,431.0,2.1378527215324348,95.0
용산구,서계동,루실라하우스,2,고위험군,37.55033384,126.9648423,196893.2536,450091.132,39.79914377,0.25777874610750473,38.812985257725806,43.0,5.009662826201192,1454.0,3.281945727599485,431.0,2.195843449845621,95.0
용산구,갈월동,Paul's house,2,고위험군,37.54360891,126.9730367,197617.1481,449344.5068,60.61377405,1.9394513426852455,41.76862725156916,43.0,5.010550573185574,1454.0,3.2164526379209786,431.0,1.168473130122393,95.0
용산구,후암동,후암3쉐어하우스,2,고위험군,37.54521554,126.9745652,197752.2742,449522.7856,52.87806809,2.2576979922754745,41.28023345933747,43.0,5.009806707975815,1454.0,3.1800854168596064,431.0,1.2098493345008867,95.0
용산구,후암동,후암3쉐어하우스,2,고위험군,37.54539096,126.9736288,197669.5307,449542.2779,59.65528374,0.13236747447741948,41.23609672772875,43.0,5.009886410984889,1454.0,3.1895541280042132,431.0,1.2579492547334934,95.0
용산구,(용산동,Maggies Doremi House,2,고위험군,37.53879298,126.9850305,198677.0039,448809.7609,44.48357039,1.2238106642478428,44.14259339309,43.0,5.008809985915159,1454.0,3.124764236501588,431.0,1.2629005675318747,95.0
용산구,후암동,후암별장3030,2,고위험군,37.54894256,126.9778127,198039.3585,449936.3671,25.72060729,-3.684492221450256,37.1537451143519,43.0,5.008095918163386,1454.0,3.12295698924522,431.0,1.9181257387830861,95.0
용산구,서계동,GIO & Sabina,2,고위험군,37.54982823,126.9672382,197104.9512,450034.9389,39.92973155,-2.334782335848338,40.43265709096429,43.0,5.009459553230041,1454.0,3.251302522877911,431.0,1.9962417964258303,95.0
용산구,서계동,KONG STAY,2,고위험군,37.55045612,126.9647761,196887.4097,450104.7058,44.10873939,2.577249659663849,38.811027311850566,43.0,5.009637402141711,1454.0,3.281444295134273,431.0,2.222648749992259,95.0
용산구,(청파동,Andy's House,2,고위험군,37.54714029,126.9677561,197150.6086,449736.5941,40.67966478,-3.022171347694062,40.85827893925894,43.0,5.010184600401755,1454.0,3.2717817449175914,431.0,1.4479752758208613,95.0
용산구,한남동,바나홈스(VANA HOMES),2,고위험군,37.52842159,127.0076124,200672.872,447658.5864,47.12751881,3.844964018601985,42.04788448926174,43.0,5.003480490229965,1454.0,3.1115188047102764,431.0,-0.05968362374052182,95.0
용산구,이태원동,Today Seoul,2,고위험군,37.53017165,126.9924778,199335.113,447852.8207,36.09505967,0.1836045898979819,41.89769794317937,43.0,5.008008616406312,1454.0,3.106185189988689,431.0,0.31883912753702043,95.0
용산구,서계동,알(R)게스트하우스_2(알게호),2,고위험군,37.5509019,126.9658361,196981.0938,450154.1475,37.60831796,-2.0509719753418025,39.29966871763143,43.0,5.009354761714951,1454.0,3.258360416603743,431.0,2.344168028535936,95.0
용산구,서계동,케이에이하우스,2,고위험군,37.55022518,126.966387,197029.7492,450079.0221,43.08253924,2.2937203968819446,39.50718192331688,43.0,5.0094690018005466,1454.0,3.2593708338883784,431.0,2.1668137289682083,95.0
용산구,이태원동,로우 하우스,2,고위험군,37.52923706,126.9936657,199440.1025,447749.085,35.73412102,0.3176751038691208,41.89635886832214,43.0,5.00778615243152,1454.0,3.1025936201529087,431.0,0.2644940763385846,95.0
용산구,이태원동,시크릿가든 이태원,2,고위험군,37.52933619,126.993219,199400.6173,447760.09,37.35313026,1.4099600035189113,41.881439432670106,43.0,5.0079229823676235,1454.0,3.105280499705216,431.0,0.27532148047046756,95.0
용산구,서계동,서계스테이,2,고위험군,37.54915325,126.9675493,197132.41,449960.0147,43.30277792,2.406774661954671,40.6900355272755,43.0,5.009612656959047,1454.0,3.254009923317313,431.0,1.7736317285057879,95.0
용산구,서계동,서울스테이션15,2,고위험군,37.54962409,126.9666029,197048.7993,450012.3016,44.2193941,3.6868534858183466,40.26615910992084,43.0,5.009612461517058,1454.0,3.263032414746554,431.0,1.9905631494226717,95.0
용산구,이태원동,게스트하우스 몽자,2,고위험군,37.52914578,126.9944424,199508.7587,447738.9498,46.60814375,4.4401538168664345,41.89508887770175,43.0,5.007533271371847,1454.0,3.0984014190546083,431.0,0.2492163954827477,95.0
용산구,(용산동,해방촌 루프탑 스테이,2,고위험군,37.54272485,126.9855427,198722.3312,449246.1434,42.20835389,-5.129224973937156,45.053157081855154,43.0,5.007673888782154,1454.0,3.0924003665943864,431.0,1.3462983604336733,95.0
용산구,후암동,도란도란,2,고위험군,37.54840168,126.9790415,198147.9349,449876.311,42.30231611,2.879974254153673,37.69543377032826,43.0,5.008073023735038,1454.0,3.119616778835758,431.0,1.76987587714071,95.0
용산구,한남동,원보이,2,고위험군,37.53352161,127.0000738,200006.522,448224.5982,39.45117899,-0.8260076673749879,39.96036487287208,43.0,5.004757662299788,1454.0,3.0803899481313426,431.0,0.21129032747786328,95.0
용산구,후암동,이태원 서울역 사이,2,고위험군,37.5451218,126.980573,198283.1966,449512.2549,41.1572754,-0.033957627139564295,42.21034366573931,43.0,5.008914316470508,1454.0,3.1274753388674426,431.0,1.2336520892669476,95.0
용산구,(청파동,포엠 스테이,2,고위험군,37.54535149,126.967653,197141.4294,449538.0621,63.86449546,2.482688954500965,41.636219458844074,43.0,5.010743881592809,1454.0,3.2931113162612387,431.0,1.4291651703074664,95.0
용산구,한남동,OK Hannam House 201,2,고위험군,37.54043839,127.0017348,200153.315,448992.2774,35.9500847,2.5688794140377595,40.59551631052017,43.0,5.002814484087365,1454.0,3.1276991384077917,431.0,0.45981787631305426,95.0
용산구,이태원동,아늑단스테이,2,고위험군,37.53763728,126.9905786,199167.3242,448681.4287,34.50487578,-6.856365852369258,41.853441114823056,43.0,5.007043350005698,1454.0,3.07668197975104,431.0,1.0692982456903486,95.0
용산구,(용산동,담다 스테이,2,고위험군,37.5426867,126.9814429,198360.0156,449241.9728,42.7091482,-0.42695039330409656,44.03327916018634,43.0,5.009242400721405,1454.0,3.1351345176078564,431.0,1.2242870313647924,95.0
용산구,후암동,서울모먼트,2,고위험군,37.54728255,126.9795171,198189.9331,449752.0918,42.92312548,2.1382696476797562,39.45838865969022,43.0,5.0083673581696395,1454.0,3.1231760976231038,431.0,1.3990215203606873,95.0
용산구,이태원동,은월당,2,고위험군,37.53566435,126.9879654,198936.3371,448462.484,47.43547052,4.839840329713773,41.90890802639581,43.0,5.0084367910916425,1454.0,3.1146999494199785,431.0,1.0022478083627826,95.0
용산구,(청파동,서울 플로우 스테이,2,고위험군,37.54648304,126.9662074,197013.7302,449663.6954,48.56567298,3.124068855709872,40.937159696366855,43.0,5.010599155307683,1454.0,3.305363583267728,431.0,1.5437071167354037,95.0
용산구,이태원동,마노아,2,고위험군,37.53047704,126.9925783,199344.0024,447886.7145,33.79352228,-0.9330745248667185,41.84572706712255,43.0,5.007907455255027,1454.0,3.1031062100318456,431.0,0.3312367684049546,95.0
용산구,서계동,오브제니,2,고위험군,37.55181274,126.9670498,197088.3801,450255.2015,34.72585451,-4.055810568858504,39.97932306069836,43.0,5.008911777086689,1454.0,3.228622702028574,431.0,2.519136390274995,95.0
용산구,서계동,모스마라,2,고위험군,37.55002114,126.9651399,196919.5358,450056.4163,30.31500605,-5.004017589700368,38.92664842919599,43.0,5.00970963170156,1454.0,3.280962747544727,431.0,2.130945547956059,95.0
용산구,서계동,휴스테이,2,고위험군,37.55031408,126.9644317,196856.967,450088.9525,36.80987067,-2.3666554695518585,38.81090606699299,43.0,5.009727729839602,1454.0,3.2897104720131254,431.0,2.2069910311118246,95.0
용산구,서계동,코코지 하우스,2,고위험군,37.54910356,126.9673355,197113.5195,449954.5063,60.20255319,2.2784394631051086,40.682637212982854,43.0,5.00965856701794,1454.0,3.2576444103023605,431.0,1.7833661679526571,95.0
용산구,후암동,까사 드 엘린,2,고위험군,37.54460651,126.9792145,198163.1242,449455.0896,46.17698373,2.1338124187273237,42.32884782589268,43.0,5.009320495825835,1454.0,3.140496606660917,431.0,1.1451183341685365,95.0
용산구,서계동,지니하우스,2,고위험군,37.54943783,126.9671668,197098.6249,449991.6114,35.66230248,-4.047006342380669,40.594893646224925,43.0,5.0095846785603735,1454.0,3.2565511361302533,431.0,1.8846231209336894,95.0
용산구,후암동,까사 서울,2,고위험군,37.54988996,126.9761354,197891.1634,450041.5534,34.78450849,-3.416720048528468,37.434705494794486,43.0,5.008065261689092,1454.0,3.12845942551796,431.0,2.180928387562638,95.0
용산구,후암동,스테이자락,2,고위험군,37.54792551,126.9771717,197982.6839,449823.5004,37.60870928,1.1965006667069389,37.51778692391612,43.0,5.008527813743565,1454.0,3.134428137622033,431.0,1.6886576485796547,95.0
용산구,서계동,??스 네스트(Syun's Nest),2,고위험군,37.54918316,126.9679172,197164.9241,449963.3232,44.58621164,2.4741646887476847,40.691842858522406,43.0,5.0095498552433435,1454.0,3.247278241281636,431.0,1.7428663236701118,95.0
용산구,서계동,R&B House,2,고위험군,37.54903711,126.9676607,197142.2532,449947.1212,45.88492039,3.9190732905034693,40.681776873907474,43.0,5.009630747932299,1454.0,3.2535166458368616,431.0,1.7322998169837358,95.0
용산구,서계동,쉐어 스테이션 서울,2,고위험군,37.55027974,126.9663487,197026.3616,450085.0789,42.72022847,2.228472305301345,39.441291070784864,43.0,5.009458812196386,1454.0,3.2593216890795182,431.0,2.1768366648917055,95.0
용산구,한남동,안세원 게스트하우스(ASW guesthouse),2,고위험군,37.5315315,126.9994315,199949.7522,448003.7208,55.56263322,-1.2484062070201603,40.24970056122517,43.0,5.005369889676071,1454.0,3.074171149527731,431.0,0.20055766065044964,95.0
용산구,서계동,롬우드스테이,2,고위험군,37.55041496,126.9662806,197020.3502,450100.0888,35.43561976,-3.942508099629819,39.28993990105573,43.0,5.00942965495129,1454.0,3.2585735957371367,431.0,2.227396561112117,95.0
용산구,후암동,지안하우스,2,고위험군,37.54676247,126.9750782,197797.6573,449694.4639,58.74104652,1.1386540776992078,40.156975458911695,43.0,5.009228210566992,1454.0,3.157963045097392,431.0,1.479332743280165,95.0
용산구,(용산동,남산뷰스테이,2,고위험군,37.54170275,126.9804996,198276.6314,449132.7832,43.95068111,0.19929510803679307,44.187884865803156,43.0,5.009863622544422,1454.0,3.1515649284630025,431.0,1.136653838961001,95.0
용산구,서계동,정스테이,2,고위험군,37.54926172,126.9674668,197125.1256,449972.0561,37.27975309,-3.740578212831643,40.673071438726566,43.0,5.009592669912821,1454.0,3.253777958158837,431.0,1.81413585776879,95.0
용산구,서계동,스타하우스,2,고위험군,37.55000463,126.9648755,196896.1755,450054.5926,35.96791909,0.7543083858760298,38.89912443148949,43.0,5.0097525030840355,1454.0,3.285828634309393,431.0,2.144675112462303,95.0
용산구,이촌동,Hangang 204,2,고위험군,37.5230973,126.9547101,195996.4534,447068.5932,44.23936623,0.6265960982339251,41.5748611850607,43.0,5.01923319477709,1454.0,3.6612982061587656,431.0,-0.4743936055983031,95.0
용산구,(청파동,정홈,2,고위험군,37.54350907,126.9672773,197108.156,449333.5873,37.25965439,-3.6771334872839674,42.014560101928545,43.0,5.011364568825179,1454.0,3.319682267514365,431.0,1.4038174995728987,95.0
용산구,이태원동,가온,2,고위험군,37.53663986,126.991724,199268.5443,448570.7178,41.98277105,0.5053262226134407,41.01307548084541,43.0,5.006864278381524,1454.0,3.0782523138461255,431.0,0.8577119113194233,95.0
용산구,후암동,풀문스테이,2,고위험군,37.54411478,126.9784434,198094.9656,449400.5289,41.35524172,-0.21739410329708875,42.491321958254986,43.0,5.009604061318331,1454.0,3.149530679420424,431.0,1.0593247193870263,95.0
용산구,한남동,메이시맨숀,2,고위험군,37.53439446,127.0008025,200070.9324,448321.4741,41.38226121,0.8822775128645333,40.025190790428915,43.0,5.004350304506789,1454.0,3.085749833864058,431.0,0.2038424117503464,95.0
용산구,(용산동,라온힐조,2,고위험군,37.5430262,126.9811216,198331.6239,449279.6588,43.09087217,0.03156035066295715,43.75207592016864,43.0,5.009282775883179,1454.0,3.1361175139472084,431.0,1.2088706241421399,95.0
용산구,한남동,Stay Carpediem hannam(스테이 카르페디엠 한남),2,고위험군,37.53026068,127.0043576,200385.1707,447862.6842,49.39588336,6.463906480893279,41.510564444524306,43.0,5.004090152022915,1454.0,3.0873146853287436,431.0,0.038698521073838775,95.0
용산구,갈월동,더 프리미어,2,고위험군,37.54305864,126.9730344,197616.9256,449283.4335,63.10738748,6.4428028029158,41.807191782094236,43.0,5.010731612745018,1454.0,3.221634984549245,431.0,1.1397676351100474,95.0
용산구,이태원동,모드 하우스(Maud House),2,고위험군,37.53765495,126.9930357,199384.4836,448683.371,31.8351998,-6.793607445820488,40.808310398736545,43.0,5.0061863894030125,1454.0,3.0729445328854865,431.0,0.8913641527015626,95.0
용산구,(청파동,써프서울,2,고위험군,37.54618389,126.9636539,196788.0569,449630.5775,33.31342003,-2.6602611416905333,40.65990034047944,43.0,5.011034866842708,1454.0,3.358203052222916,431.0,1.7508603986605453,95.0
용산구,한남동,Song's house,2,고위험군,37.53440339,127.0009792,200086.5438,448322.4654,39.68052388,1.1344684582463742,40.066322258538705,43.0,5.004293616046828,1454.0,3.0861542584858555,431.0,0.1989062523852193,95.0
용산구,(청파동,THE SEOUL,2,고위험군,37.5477566,126.9667857,197064.8814,449805.0269,38.76983836,-2.972079748079004,40.54502759557342,43.0,5.010137312610852,1454.0,3.2810601647103357,431.0,1.611777143978755,95.0
용산구,한강로1가,하하하,2,고위험군,37.53008223,126.9737089,197676.1263,447843.1944,36.87995475,2.2405867224614795,39.5200854324548,43.0,5.015252238335549,1454.0,3.3114916130285654,431.0,0.22370520160326743,95.0
용산구,용문동,스테이별밤(Stay Starry Night),2,고위험군,37.53501431,126.958858,196363.6953,448391.0649,52.61490348,-1.4370587806597825,40.99222588527486,43.0,5.015001698577835,1454.0,3.5581522739284472,431.0,0.3842376661930079,95.0
용산구,후암동,남산어반하우스,2,고위험군,37.55050836,126.9762883,197904.6946,450110.185,33.38811821,-4.098136484025325,37.30068397550579,43.0,5.007846014353484,1454.0,3.1253305900691957,431.0,2.2606790267479715,95.0
용산구,동자동,스패로우스튜디오,2,고위험군,37.54701929,126.9733853,197648.0571,449723.0089,38.75626074,0.6847408131268722,40.21404819294804,43.0,5.0094011835780705,1454.0,3.1801042091245284,431.0,1.472782135020099,95.0
용산구,(청파동,서울46,2,고위험군,37.54275801,126.9684443,197211.2677,449250.1935,61.78438261,1.656113258019019,41.88540612720786,43.0,5.011447057468678,1454.0,3.3063148588182263,431.0,1.3011288492252995,95.0
용산구,이태원동,Bora Bora,2,고위험군,37.53061747,126.9931696,199396.2655,447902.2965,50.88357329,-0.841163294529359,41.75284613130754,43.0,5.0076681038089195,1454.0,3.098741817647593,431.0,0.32533468472617405,95.0
용산구,서계동,퍼플 게스트하우스,2,고위험군,37.55171369,126.9677629,197151.3889,450244.1863,41.50374535,2.372623448409705,39.934808409533495,43.0,5.00883197472009,1454.0,3.216782419546307,431.0,2.3913757150880244,95.0
용산구,서계동,에스제이하우스,2,고위험군,37.54977351,126.9649664,196904.1966,450028.938,34.15161823,-2.863233332545299,38.94843448592182,43.0,5.009805962146013,1454.0,3.2872713444289254,431.0,2.097871196049084,95.0
용산구,서계동,서울로스테이,2,고위험군,37.54973422,126.9636203,196785.2392,450024.6225,39.99050407,1.4045724272647035,38.789390897386546,43.0,5.010009090120729,1454.0,3.3125262153266775,431.0,2.1378527215324348,95.0
용산구,한남동,아이필앳홈,2,고위험군,37.53348307,126.9998678,199988.3171,448220.3208,39.9607174,-0.5214365780878722,39.920770338846744,43.0,5.004830651496556,1454.0,3.0785559967181837,431.0,0.216192718011501,95.0
용산구,이태원동,Stay KANU,2,고위험군,37.53250184,126.9914551,199244.7366,448111.4507,28.14397685,-6.672479966835283,41.53807073672942,43.0,5.0078707607349475,1454.0,3.1020260742642534,431.0,0.4760200542587881,95.0
용산구,후암동,서울바이브,2,고위험군,37.54456846,126.976907,197959.2011,449450.9141,50.02730689,-0.33829001089429056,41.93195268879832,43.0,5.009676968044079,1454.0,3.1569277100670865,431.0,1.095775270617414,95.0
용산구,한남동,한남 STAY,2,고위험군,37.53160746,126.9982412,199844.5429,448012.1527,34.70221595,-5.725079066587334,40.14017131056966,43.0,5.005739806307978,1454.0,3.0709338155842283,431.0,0.2266504736941314,95.0
용산구,서계동,디디 하우스,2,고위험군,37.5488117,126.9632609,196753.4446,449922.2462,45.2506991,2.8583310528322556,39.011254140521785,43.0,5.010323556699426,1454.0,3.333368057347524,431.0,2.02854875537962,95.0
용산구,서계동,서계스테이,2,고위험군,37.54834356,126.9622268,196662.0452,449870.3245,39.89141001,0.11571302524755112,39.74592008353367,43.0,5.010600021746713,1454.0,3.363983662850091,431.0,2.073404764139492,95.0
용산구,(용산동,스테이 포인트,2,고위험군,37.54313034,126.9863529,198793.9391,449291.1372,45.56032007,-0.6332349118257241,44.98290037009871,43.0,5.007278980870751,1454.0,3.089525295469017,431.0,1.3813957742992824,95.0
용산구,원효로2가,박시티오,2,고위험군,37.53442806,126.9647212,196881.891,448325.7879,25.43419514,-5.194240939171404,38.73738893719044,43.0,5.014593752435448,1454.0,3.4372448338975596,431.0,1.0790234844293867,95.0
용산구,서계동,Sori House,2,고위험군,37.55185651,126.9671179,197094.3985,450260.0574,40.77663024,1.888625955462608,39.995729421717634,43.0,5.008888883000067,1454.0,3.2270689873890523,431.0,2.5183628525032433,95.0
용산구,이태원동,Nirvana,2,고위험군,37.52880188,126.9949686,199555.2689,447700.7785,44.63683979,2.514224224803904,42.015792818176756,43.0,5.007422386992828,1454.0,3.095127245278072,431.0,0.23452815675380734,95.0
용산구,후암동,Huam The Classy,2,고위험군,37.54737862,126.9784728,198097.6485,449762.7751,40.4633134,0.666925615183473,38.83090626197643,43.0,5.008501268464952,1454.0,3.1275406478718493,431.0,1.4926556371243744,95.0
용산구,후암동,모던스테이,2,고위험군,37.54396132,126.9816293,198376.5164,449383.4369,45.46731024,3.1056185242445054,43.36958447297851,43.0,5.008848074700013,1454.0,3.1242779022596507,431.0,1.2602626071458054,95.0
용산구,이태원동,이태원 바이브,2,고위험군,37.53244808,126.9904296,199154.103,448105.4927,38.12737946,2.2005965163704104,41.704732315173004,43.0,5.008252462283934,1454.0,3.113884731461621,431.0,0.5208602825507281,95.0
용산구,이태원동,이태원재재스테이,2,고위험군,37.53672375,126.989714,199090.9024,448580.0461,35.40351489,-6.430904115811764,41.76723433107572,43.0,5.007557786350981,1454.0,3.0872381695566102,431.0,1.0272546213977451,95.0
용산구,한강로3가,이촌 야드,2,고위험군,37.52008371,126.9678188,197155.1263,446733.6453,57.46389818,3.7340035462154475,41.275223913952715,43.0,5.019572966241739,1454.0,3.431454207800409,431.0,-1.249376258355789,95.0
용산구,(청파동,남산연가,2,고위험군,37.54622601,126.9684448,197211.4419,449635.0994,41.26286998,0.48413994791580706,41.254831405376905,43.0,5.010365576828985,1454.0,3.269497618570584,431.0,1.3883967204061223,95.0
용산구,보광동,헬로 코지,2,고위험군,37.52583631,126.9973942,199769.663,447371.6285,37.21905647,1.868574354543128,41.70818921484897,43.0,5.007199857266686,1454.0,3.094957836571563,431.0,0.15047163266080688,95.0
용산구,이태원동,빈방,2,고위험군,37.53847138,126.9923266,199321.8218,448773.9896,47.38434165,5.970187059676746,41.564765763568985,43.0,5.006247557903081,1454.0,3.073817820202865,431.0,1.0487631355200249,95.0
용산구,(용산동,HBC[온김],2,고위험군,37.54097036,126.9862253,198782.631,449051.4073,47.22102732,0.5576998006357954,45.00659040499882,43.0,5.007843404470778,1454.0,3.0956488533969826,431.0,1.3127753344297202,95.0
용산구,서계동,달별정원,2,고위험군,37.54853858,126.964621,196873.6241,449891.8871,32.88890299,-3.262765075038608,38.595439504238556,43.0,5.01021257150981,1454.0,3.3100428397935855,431.0,1.9210784864489803,95.0
용산구,효창동,블리크스틸(Blikstille),2,고위험군,37.53925952,126.9587811,196357.1068,448862.2342,37.61947111,3.8049895856657443,42.2407301585865,43.0,5.013699942474444,1454.0,3.5327976934134124,431.0,0.4948654441189143,95.0
용산구,후암동,남산스테이,2,고위험군,37.54587873,126.976517,197924.7755,449596.3468,33.97853343,-0.8983250872938982,40.72866257930781,43.0,5.009298923468432,1454.0,3.1509324811760373,431.0,1.2904794559359847,95.0
용산구,한강로3가,Cozy Stay Seoul,2,고위험군,37.52227695,126.9604691,196505.4968,446977.3151,43.88487738,0.6718915580009721,41.49533090792361,43.0,5.019159118033724,1454.0,3.5437413549190464,431.0,-0.5768744741581845,95.0
용산구,서계동,스윗미 1949,2,고위험군,37.54897354,126.9669878,197082.7891,449940.0863,60.80523991,2.636574996526946,40.639656643294295,43.0,5.009747512576143,1454.0,3.264096470719111,431.0,1.7883641186453085,95.0
용산구,후암동,더 컬렉티브 후암,2,고위험군,37.54386235,126.9767252,197943.1164,449372.5484,52.22168465,0.3226180269620542,42.34338060507102,43.0,5.009941439696342,1454.0,3.1633835419738023,431.0,1.011176959056576,95.0
용산구,서계동,현스네스트,2,고위험군,37.54906679,126.9670341,197086.8823,449950.4345,42.04289826,1.8785037318708646,40.65551588527894,43.0,5.0097132939406075,1454.0,3.262453409402299,431.0,1.8096673916550543,95.0
용산구,동자동,아인하우스,2,고위험군,37.54694103,126.9729106,197606.1107,449714.3349,45.12553787,2.970778247808113,40.36243580428251,43.0,5.009496848204487,1454.0,3.186544569085863,431.0,1.443146859422039,95.0
용산구,한강로1가,쓰리코너스,2,고위험군,37.53130671,126.9722335,197545.7639,447979.134,29.29366136,-4.791626549512799,39.2903618091899,43.0,5.01493202516605,1454.0,3.3269921514916003,431.0,0.5041163328202195,95.0
용산구,서계동,엘하우스,2,고위험군,37.54921377,126.9667011,197057.467,449966.7579,59.03207988,2.262006325867226,40.475895457583846,43.0,5.009718382818812,1454.0,3.26604723964449,431.0,1.873265721906204,95.0
용산구,이태원동,이태원하우스,2,고위험군,37.5366537,126.9869127,198843.3174,448572.3022,42.86834524,-2.7891086857795244,42.697427286895,43.0,5.008601647853057,1454.0,3.1178188533747755,431.0,1.1459117407703923,95.0
용산구,(청파동,스테이 서울스테이션(Stay SeoulStation),2,고위험군,37.54712594,126.9678539,197159.2577,449734.9985,41.00712519,-2.7118490492578147,40.86752941976667,43.0,5.010175052101772,1454.0,3.2702442648205268,431.0,1.439485012095936,95.0
용산구,이태원동,우드 그린 하우스,2,고위험군,37.5359855,126.9885287,198986.1304,448498.1215,40.32323775,-1.3537639760688691,41.85651514380941,43.0,5.008155811421844,1454.0,3.1056562109711603,431.0,1.0199047944871484,95.0
용산구,동자동,URin,2,고위험군,37.55008563,126.9738512,197689.3234,450063.3241,38.88252329,-2.422476712479572,37.94221982520784,43.0,5.008370422690658,1454.0,3.152680354866021,431.0,2.2015390738226173,95.0
용산구,갈월동,Give warm,2,고위험군,37.54401131,126.9734051,197649.7142,449389.159,43.26361098,1.4467493903179047,41.68472953182855,43.0,5.0103671205356015,1454.0,3.2058406089891793,431.0,1.163206607826315,95.0
용산구,서계동,문스테이(MOON스테이),2,고위험군,37.54942177,126.9666968,197057.0882,449989.8435,35.37313769,-4.285692624353054,40.429038195231215,43.0,5.009657997331699,1454.0,3.2638750853338014,431.0,1.929187940743245,95.0
용산구,(용산동,잘예니컨설팅,2,고위험군,37.54224321,126.9812696,198344.686,449192.7539,40.89131904,-1.4768654194512365,44.18848740506975,43.0,5.009422047287502,1454.0,3.1395450260529545,431.0,1.1970515326947468,95.0
용산구,이태원동,ONDO 이태원,2,고위험군,37.53105757,126.995808,199629.4715,447951.1285,36.98260252,-4.053625355545911,41.144026400691466,43.0,5.006663398536812,1454.0,3.084063404822101,431.0,0.28081730466648724,95.0
용산구,이태원동,리원 알파,2,고위험군,37.53903073,126.991276,199228.9781,448836.0787,35.8039222,-6.1900039583278215,42.25277278736868,43.0,5.006484532450522,1454.0,3.077482368814358,431.0,1.1548338129709554,95.0
용산구,이태원동,하하,2,고위험군,37.53588324,126.9903901,199150.6454,448486.7535,43.46356711,0.8417401020319204,41.28719807741006,43.0,5.007504531357313,1454.0,3.0877456114271133,431.0,0.8563400455597808,95.0
용산구,서계동,마야,2,고위험군,37.54777809,126.9676629,197142.404,449807.3851,41.603808,1.8842472036258826,40.64580716342157,43.0,5.010005856870395,1454.0,3.266181796057552,431.0,1.5036995486591433,95.0
용산구,원효로1가,다미스테이,2,고위험군,37.53843888,126.9689127,197252.5041,448770.8089,50.5849749,-4.115856059626729,39.84858379992898,43.0,5.0127912548445135,1454.0,3.339243642039752,431.0,1.2676884551681158,95.0
용산구,한남동,메이시맨숀,2,고위험군,37.53347743,127.0004181,200036.9568,448219.6949,42.30945425,1.0892721471896536,40.05178808996655,43.0,5.004658351123213,1454.0,3.082437636700136,431.0,0.2016369216320326,95.0
용산구,후암동,Cozy Home,2,고위험군,37.54510642,126.9747657,197769.9843,449510.6698,37.89345341,2.9163813449356937,41.346079754562574,43.0,5.009813057823121,1454.0,3.1780881914124555,431.0,1.1949210545125692,95.0
용산구,이태원동,제임스하우스(James house),2,고위험군,37.53869709,126.9900035,199116.5105,448799.0599,36.92910463,-5.975247694496787,42.5364903594112,43.0,5.00700650557715,1454.0,3.076806415782243,431.0,1.2158328962110505,95.0
용산구,보광동,도담도담,2,고위험군,37.52848677,126.9972193,199754.2044,447665.797,44.172029,1.1435561197599995,41.53502553661171,43.0,5.006719787500337,1454.0,3.0831253420562246,431.0,0.20592306934688867,95.0
용산구,후암동,소리 스테이,2,고위험군,37.54501193,126.9805157,198278.1295,449500.0617,41.08092152,-0.11923208853148992,42.28108526705631,43.0,5.008963890927859,1454.0,3.129029948154587,431.0,1.2260961593121278,95.0
용산구,갈월동,게스트하우스,2,고위험군,37.54652196,126.972325,197554.3457,449667.8383,34.6955139,-5.850606710098205,40.722240969632026,43.0,5.009715848253226,1454.0,3.197615555693839,431.0,1.35948695678578,95.0
용산구,이태원동,쥴리네 집,2,고위험군,37.53042825,126.9938736,199458.4911,447881.2911,33.79988097,-1.1275146255079136,41.71008894787217,43.0,5.007461338987098,1454.0,3.0954234189011154,431.0,0.3044147500503997,95.0
용산구,이태원동,Luxe house,2,고위험군,37.53440973,126.9868753,198839.9745,448323.2496,35.6915247,1.3670424685090765,41.880964634635575,43.0,5.009132057885676,1454.0,3.139789674340885,431.0,0.9411505690976583,95.0
용산구,보광동,발코니 하우스,2,고위험군,37.52414312,126.9980326,199826.0852,447183.7041,43.36453692,0.104277090412495,41.762609090855356,43.0,5.007323610620158,1454.0,3.1009661618261033,431.0,0.12383704964606074,95.0
용산구,서계동,CLAIR,2,고위험군,37.55159209,126.9665853,197047.32,450230.7265,38.33415025,2.319662217650638,39.865045220584236,43.0,5.009045186636643,1454.0,3.238646853299462,431.0,2.5152812357526084,95.0
용산구,후암동,남산가옥,2,고위험군,37.54734177,126.9776036,198020.8349,449758.7031,33.51964357,-5.180315608740315,38.60796394088387,43.0,5.008650338656896,1454.0,3.1349492444844493,431.0,1.5321716582669271,95.0
용산구,서계동,송송송  서울 스테이,2,고위험군,37.5514146,126.9674529,197123.9835,450211.0003,34.84637507,-4.367273028916529,39.83358874368416,43.0,5.0089655369083,1454.0,3.2258951019292184,431.0,2.3782972853526694,95.0
용산구,(용산동,두루미네,2,고위험군,37.54099769,126.9827779,198477.9576,449054.4908,40.24560263,-1.0173673571109418,44.960407078325765,43.0,5.009142140755779,1454.0,3.1314447622415904,431.0,1.1988125755196126,95.0
용산구,후암동,Cozy home in Namsan,2,고위험군,37.54724828,126.9796195,198198.984,449748.2863,44.11594129,-7.970475733302884,39.56369712233012,43.0,5.008362489402039,1454.0,3.1227764119671955,431.0,1.3794152760328253,95.0
용산구,(청파동,Good Stay,2,고위험군,37.54042514,126.9683472,197202.5993,448991.2762,31.64622151,-3.9854601530817853,40.737083338245014,43.0,5.012207846792974,1454.0,3.331339678590635,431.0,1.2747629144367576,95.0
용산구,동자동,뜰 가든 홈스테이,2,고위험군,37.54723596,126.9727807,197594.6418,449747.0719,38.29509531,-0.5223548288797986,40.12756070046413,43.0,5.0094232213554,1454.0,3.1852315137976563,431.0,1.4810186099638654,95.0
용산구,서계동,아로하 하우스,2,고위험군,37.54895241,126.9680025,197172.4585,449937.7102,44.72840384,2.5845337059210536,40.65061929266327,43.0,5.009605862498713,1454.0,3.2486701581348187,431.0,1.6748362157514427,95.0
용산구,이태원동,Itaewon 20,2,고위험군,37.5306584,126.9921452,199305.7199,447906.8463,39.64631685,2.819323835033721,41.84677898936053,43.0,5.008023022752712,1454.0,3.1075097566470147,431.0,0.34941182412587884,95.0
용산구,이태원동,윤싸롱,2,고위험군,37.53533488,126.9891537,199041.3588,448425.9042,45.70348021,6.143816994330891,41.50543644440062,43.0,5.008074416096813,1454.0,3.1030555280527468,431.0,0.8788596709449881,95.0
용산구,서계동,J house(제이 하우스),2,고위험군,37.55024392,126.9645907,196871.0152,450081.1603,43.41777945,4.552387692134317,38.792813688196354,43.0,5.00972489324329,1454.0,3.2877234817180683,431.0,2.1891070410516424,95.0
용산구,후암동,지월장,2,고위험군,37.54449387,126.978391,198090.3454,449442.6044,40.45522759,-0.23992029589263097,42.227724828296815,43.0,5.009482277019382,1454.0,3.147794028986675,431.0,1.0861391938483658,95.0
용산구,서계동,haroo stay,2,고위험군,37.54943728,126.9644474,196858.3184,449991.6378,30.38539412,-4.422496840699445,38.75138910890265,43.0,5.009976984281384,1454.0,3.3012915442065984,431.0,2.072848441329904,95.0
용산구,서계동,서울역우리집,2,고위험군,37.55056089,126.9645829,196870.3383,450116.3404,37.69388273,-3.708673589996806,38.854899140821814,43.0,5.009635444660494,1454.0,3.283495506909803,431.0,2.24600738248209,95.0
용산구,서계동,Woomook,2,고위험군,37.5496059,126.9667796,197064.4184,450010.2772,42.42310784,2.1868227451596667,40.39542148512711,43.0,5.009591976715689,1454.0,3.2604743034622063,431.0,1.979363077017185,95.0
용산구,이태원동,에코 하우스,2,고위험군,37.53575344,126.9886975,199001.0481,448472.3639,39.06868548,-4.481410355500827,41.70889601571821,43.0,5.008146599886182,1454.0,3.10539288716271,431.0,0.9722361761102074,95.0
용산구,서계동,어반네스트(Urbanest) 하우스,2,고위험군,37.54943644,126.9674497,197123.6274,449991.4484,37.73679896,-3.421142310346241,40.655475675257264,43.0,5.009543619055742,1454.0,3.2520246633934415,431.0,1.860646004644052,95.0
용산구,후암동,Cozy Wooden House,2,고위험군,37.55058667,126.9760263,197881.5494,450118.8823,49.38984507,-3.996887850063324,37.34325086957497,43.0,5.007864386509013,1454.0,3.128805431177484,431.0,2.2820389142485293,95.0
용산구,이태원동,홈안젤라(Home_Angela),2,고위험군,37.53078397,126.9960919,199654.5673,447920.7612,26.02830722,-7.266352023376779,41.21354638150095,43.0,5.006624564058051,1454.0,3.0847318930528167,431.0,0.26958594365707267,95.0
용산구,보광동,제이하우스(Jay house),2,고위험군,37.52383513,126.997644,199791.7385,447149.5219,35.99579762,-6.174211700786813,41.77401365449994,43.0,5.00751698530316,1454.0,3.1063498828345533,431.0,0.1285492255609284,95.0
용산구,갈월동,Seoul Earl-Stay,2,고위험군,37.54655777,126.9713106,197464.7039,449671.8396,48.25186373,3.9936704365709943,40.80778195923631,43.0,5.009852926347474,1454.0,3.2136576133866788,431.0,1.3526376312010724,95.0
용산구,이태원동,체크인 플리즈,2,고위험군,37.53902104,126.9897786,199096.6387,448835.0165,43.31605946,0.1801206312542405,42.71377794159628,43.0,5.0070122645224435,1454.0,3.0763991642638566,431.0,1.2639606010310698,95.0
용산구,서계동,Top guesthouse,2,고위험군,37.55005538,126.9662543,197018.0136,450060.1806,48.1587257,0.746754662202072,39.56219517657394,43.0,5.0095377411114255,1454.0,3.263156714932844,431.0,2.118580457856512,95.0
용산구,이태원동,조조(JoJo),2,고위험군,37.53255053,126.9909182,199197.2865,448116.8591,41.91634269,3.8633922398307163,41.63121344915167,43.0,5.008053057794571,1454.0,3.1064671564030504,431.0,0.5060108185691805,95.0
용산구,(용산동,Photo Park(포토박),2,고위험군,37.54135419,126.9812242,198340.6602,449094.0843,44.49671032,0.7474060284608584,44.53275014672268,43.0,5.009662954756304,1454.0,3.1455524625055022,431.0,1.1618222698930136,95.0
용산구,보광동,무니하우스,2,고위험군,37.52713835,126.9973521,199765.9457,447516.1388,38.64021561,-3.205129693261817,41.63697560838002,43.0,5.006950218224324,1454.0,3.0888424066704143,431.0,0.17978739244728353,95.0
용산구,이태원동,Baraka Homestay,2,고위험군,37.52971584,126.9964651,199687.5523,447802.2107,45.74356607,2.2343611440898385,41.48393756238834,43.0,5.006720631665128,1454.0,3.086579354036015,431.0,0.24361180946603134,95.0
용산구,후암동,N,2,고위험군,37.55045653,126.9761808,197895.192,450104.4349,47.68013697,-5.246476087671688,37.3324450135203,43.0,5.007879853170932,1454.0,3.126577241525748,431.0,2.2594495263640755,95.0
용산구,(용산동,코코마통,2,고위험군,37.54182835,126.9830894,198505.5054,449146.679,43.06480161,-0.5433641537086018,44.77560802729072,43.0,5.008817199693506,1454.0,3.124592492578171,431.0,1.2371031778543822,95.0
용산구,보광동,이태원 마당,2,고위험군,37.52657152,126.9966197,199701.2032,447453.2298,38.57245864,-2.6959166159365324,41.733557083736905,43.0,5.007314232692044,1454.0,3.0959434608683583,431.0,0.16859295499538945,95.0
용산구,이태원동,트래블홀릭 게스트하우스,2,고위험군,37.52977112,126.9922109,199311.5207,447808.3687,34.95443645,-0.24037187765195256,41.96574683640985,43.0,5.008189756078872,1454.0,3.1129785143926987,431.0,0.3087190412078198,95.0
용산구,(청파동,정 story,2,고위험군,37.54599653,126.9635273,196776.8681,449609.7871,34.20880757,-2.236676873125873,40.75351745845004,43.0,5.011107035886416,1454.0,3.3629206244692686,431.0,1.7460809458027842,95.0
용산구,원효로1가,Cozy House,2,고위험군,37.53665766,126.9648627,196894.4846,448573.2414,38.68498186,-5.184457686598051,38.87917170982238,43.0,5.013843285910854,1454.0,3.4226611392501862,431.0,1.4447771347202185,95.0
용산구,한남동,스테이 카키,2,고위험군,37.53128673,126.9991686,199926.5102,447976.5545,42.75008896,1.3471248393141337,40.24753210645902,43.0,5.0055046263417236,1454.0,3.0730458655576514,431.0,0.20321582481607695,95.0
용산구,한남동,시온게스트하우스,2,고위험군,37.53522684,127.002162,200191.0833,448413.86,41.07423266,2.0424428868127364,40.26411552612382,43.0,5.003762175350858,1454.0,3.097693247124668,431.0,0.17416304925108594,95.0
용산구,서계동,Ari House,2,고위험군,37.5515055,126.9672965,197110.1659,450221.0939,38.87086142,0.963962392176164,39.868444913715244,43.0,5.008962923748356,1454.0,3.227128964882958,431.0,2.4236071368227328,95.0
용산구,후암동,엔투(N2),2,고위험군,37.55063881,126.9759979,197879.0333,450124.6699,50.91602416,-3.086258335669008,37.340101496798525,43.0,5.007852761536865,1454.0,3.128686282496545,431.0,2.288293695909056,95.0
용산구,서계동,영 게스트하우스,2,고위험군,37.54961594,126.9666968,197057.102,450011.3941,41.46948331,2.1747920885373944,40.340399476910115,43.0,5.00960113222291,1454.0,3.2615511340558188,431.0,1.9865435208475823,95.0
용산구,(청파동,케이하우스,2,고위험군,37.54347141,126.9689461,197255.6342,449329.3575,68.94351614,5.09458710561541,42.20587888849235,43.0,5.011154493128174,1454.0,3.28901632294086,431.0,1.310894670934834,95.0
용산구,(용산동,Namsan Fresh House,2,고위험군,37.54042841,126.986443,198801.8655,448991.2547,52.8619575,7.0745682647550865,44.59593577963368,43.0,5.007891868162461,1454.0,3.0945281574007093,431.0,1.3166095484849565,95.0
용산구,보광동,HEAVEN,2,고위험군,37.52931668,126.9988285,199896.4501,447757.9037,39.69132949,-2.933994254600023,40.935739154433605,43.0,5.00601688355608,1454.0,3.0776412876800405,431.0,0.19415139702274778,95.0
용산구,이태원동,Amazon,2,고위험군,37.52995248,126.9922611,199315.9533,447828.4971,40.99721492,0.035140891437677624,41.948380354748,43.0,5.008132981927923,1454.0,3.111201702948638,431.0,0.31404980659577586,95.0
용산구,이태원동,The Gracia,2,고위험군,37.53666751,126.9872078,198869.3974,448573.8313,42.74300301,-2.8978677218994378,42.612103061504214,43.0,5.008488191735802,1454.0,3.113351088624636,431.0,1.1402728162075875,95.0
용산구,보광동,시크릿가든,2,고위험군,37.52848677,126.9972193,199754.2044,447665.797,44.172029,1.1435561197599995,41.53502553661171,43.0,5.006719787500337,1454.0,3.0831253420562246,431.0,0.20592306934688867,95.0
용산구,효창동,옥상달빛,2,고위험군,37.53854393,126.9588113,196359.7473,448782.8113,39.8714492,1.6196497167911943,42.03250826055965,43.0,5.01391382354728,1454.0,3.540351923220521,431.0,0.4729267464161353,95.0
용산구,이촌동,E&S Ville,2,고위험군,37.5179488,126.9669704,197080.043,446496.7232,50.03652006,5.42124120961671,41.52118605718999,43.0,5.020468274039873,1454.0,3.448590341253724,431.0,-1.3564874988421953,95.0
용산구,한강로2가,AJ's Blue House,2,고위험군,37.53020276,126.9700755,197354.9798,447856.6677,53.44670686,2.4847123028107276,39.348359252033134,43.0,5.015542996055426,1454.0,3.3680097912436615,431.0,0.3990750665643242,95.0
용산구,이태원동,오두막 여기,2,고위험군,37.53601428,126.9888905,199018.1122,448501.3119,48.78438095,6.500094807687404,41.73622810474894,43.0,5.008016800431937,1454.0,3.1018837095794773,431.0,0.9938240962551339,95.0
용산구,후암동,토투 서울(totu_seoul),2,고위험군,37.54509586,126.9799914,198231.7935,449509.3867,45.1437824,2.104574663438676,42.1106752837032,43.0,5.00903456342089,1454.0,3.1314256040839084,431.0,1.189261538523761,95.0
용산구,보광동,웜 헤이즐,2,고위험군,37.5291287,126.9965342,199693.6524,447737.0452,55.63130585,-1.0001948033847015,41.63028065103467,43.0,5.0068187206475345,1454.0,3.0858478786193233,431.0,0.22423347358785276,95.0
용산구,후암동,2디맨션,2,고위험군,37.54547741,126.9761458,197891.9643,449551.8134,55.12146218,2.544882714072365,41.082692480481825,43.0,5.009487119121322,1454.0,3.1558555474590024,431.0,1.241692478696491,95.0
용산구,이태원동,다니하우스,2,고위험군,37.53082714,126.9924316,199331.0352,447925.5723,36.85220578,0.5271159359436126,41.790801951639565,43.0,5.007884607585775,1454.0,3.102362039125393,431.0,0.35099176399529086,95.0
용산구,후암동,남산아래(NAMSAN AREA),2,고위험군,37.5478582,126.9747138,197765.4879,449816.0854,50.21369375,-4.541932284517259,38.81785030546048,43.0,5.008932948133088,1454.0,3.15516285966714,431.0,1.7261679687749907,95.0
용산구,(청파동,더 소울(the soul),2,고위험군,37.5472954,126.9674108,197120.1076,449753.82,43.99598502,3.4725262739537044,40.76755955231374,43.0,5.010186772680063,1454.0,3.275986730465527,431.0,1.5008634916325219,95.0
용산구,동자동,엘하우스,2,고위험군,37.54691332,126.9730534,197618.722,449711.2558,40.69542007,0.6662976043818247,40.38564806060328,43.0,5.0094843500249775,1454.0,3.1847166827828732,431.0,1.4480106887809623,95.0
용산구,서계동,정단재,2,고위험군,37.55078345,126.96524,196928.4152,450141.0203,62.87028158,4.202346929183385,39.06179924535984,43.0,5.009476252743901,1454.0,3.269068691351815,431.0,2.303161057236085,95.0
용산구,(용산동,Park 520,2,고위험군,37.54078317,126.9835819,198549.0122,449030.669,42.9743719,0.2025773838379905,45.1824786470252,43.0,5.00888421926771,1454.0,3.1248722299419365,431.0,1.2180574426134942,95.0
용산구,한강로1가,채리스 플레이스,2,고위험군,37.531009,126.9731405,197625.9193,447946.0686,34.9454222,2.425118703711135,39.39104761757004,43.0,5.014955337067861,1454.0,3.314738319739269,431.0,0.40573002962139804,95.0
용산구,갈월동,센트럴,2,고위험군,37.54469301,126.973499,197658.032,449464.8171,63.80662463,7.231486167801933,41.465022753450185,43.0,5.010131412985018,1454.0,3.1994673635137896,431.0,1.1917332975020067,95.0
용산구,서계동,순(SooN) 게스트하우스,2,고위험군,37.55084062,126.965722,196971.0053,450147.3498,35.49185409,-3.0635258120623448,39.1846001541355,43.0,5.009389167447872,1454.0,3.2608735864342275,431.0,2.328296026581132,95.0
용산구,(용산동,익스테이 맨션 해방촌,2,고위험군,37.54096005,126.9864671,198804.0048,449050.2599,55.71374427,7.8829241585826395,44.88057271805494,43.0,5.007756696100812,1454.0,3.093436459385884,431.0,1.3181887144903464,95.0
용산구,원효로1가,남영스테이 517,2,고위험군,37.53865428,126.9677176,197146.8848,448794.7513,34.23150802,-3.3563095652814994,39.81436502251753,43.0,5.012862519215462,1454.0,3.362152866954421,431.0,1.370980636199714,95.0
성동구,행당동,소울스타하우스,2,고위험군,37.555588,127.0299722,202648.3427,450674.1222,44.22723665,2.2480234267292403,42.35261729563621,43.0,4.993080643247898,1454.0,3.7030592454330544,431.0,1.574251139454642,95.0
성동구,성동,스테이 얀(STAY YARN),2,고위험군,37.53520808,127.0553876,204895.3755,448413.2172,43.93913401,1.6743503353557756,43.46214260294304,43.0,4.991987844818703,1454.0,4.038464009449836,431.0,0.04112242120784334,95.0
성동구,성동,디얼 성수,2,고위험군,37.53398708,127.0527861,204665.5199,448277.569,43.03294193,-1.4929043163634432,43.50462608155164,43.0,4.992592573756948,1454.0,4.00895044665629,431.0,0.02684399269182319,95.0
성동구,하왕십리동,한옥 보문,2,고위험군,37.56097675,127.0264524,202337.1645,451272.1162,61.02605778,3.0590289776958883,42.52868317927125,43.0,4.992744691912871,1454.0,3.587164313953138,431.0,1.5859867761212452,95.0
성동구,성동,The mellow,2,고위험군,37.54930702,127.0206249,201822.5669,449976.7863,43.04865697,1.792283080302795,42.86053587527325,43.0,4.996186678713878,1454.0,3.6578536187267114,431.0,0.29801468063027403,95.0
성동구,사근동,yun stay,2,고위험군,37.56068789,127.0458473,204050.782,451240.7152,43.40244994,-1.196493862833222,43.65498398686433,43.0,4.989439241996626,1454.0,3.77375116350629,431.0,1.1513338736620229,95.0
성동구,행당동,YUNS STAY,2,고위험군,37.55677727,127.0322677,202851.1204,450806.1842,30.79248976,-10.834550956224337,42.308921335476704,43.0,4.992429586277431,1454.0,3.710254546112803,431.0,1.7541491328556373,95.0
성동구,성동,헤븐성수,2,고위험군,37.54605763,127.0454494,204016.4093,449616.9141,51.30516412,4.862597111482231,45.1904471325137,43.0,4.9919417630425045,1454.0,3.9871505516120567,431.0,0.14279417082789117,95.0
성동구,하왕십리동,For*rest Stay,2,고위험군,37.55862165,127.0305659,202700.6872,451010.8382,34.94652816,-7.914615496459675,42.34741709702465,43.0,4.99240633147864,1454.0,3.6621978339802213,431.0,1.7631671023591282,95.0
성동구,성동,성수 삼삼오오 271,2,고위험군,37.53861002,127.0577206,205101.3434,448790.9149,33.97468436,-6.245522229862409,43.87756306568622,43.0,4.991120362792781,1454.0,4.062624544305381,431.0,0.07217146294322421,95.0
성동구,하왕십리동,시티 타이거,2,고위험군,37.56035437,127.0277077,202448.0906,451203.0713,44.73772511,0.34647692609154745,42.57541717521362,43.0,4.992621578917246,1454.0,3.607471140859167,431.0,1.6885045782219974,95.0
성동구,하왕십리동,레드레터데이,2,고위험군,37.56094969,127.0259302,202291.0227,451269.1,42.93838242,4.384403014328257,42.40152410068812,43.0,4.9928510171821,1454.0,3.5822548740926705,431.0,1.5312513560949959,95.0
성동구,성동,더 성수 스테이,2,고위험군,37.54120882,127.0507901,204488.6636,449078.9966,39.93037118,0.7043630310040925,44.3335924063153,43.0,4.991825458780454,1454.0,4.0182458537627035,431.0,0.06442614636821377,95.0
성동구,성동,스테이 린 인 성수,2,고위험군,37.53666687,127.0459624,204062.2576,448574.6761,64.46134555,1.1017269521902833,44.08250303256312,43.0,4.993349094100809,1454.0,3.994629195306678,431.0,-0.007841770536844001,95.0
성동구,성동,스테이 성수 아지트,2,고위험군,37.53884043,127.0471999,204171.513,448815.9688,36.08003209,-6.553370206727443,44.24057681411457,43.0,4.992795398505046,1454.0,4.003589415977605,431.0,0.004859251541513274,95.0
성동구,성동,이안스테이,2,고위험군,37.54406033,127.0537229,204747.6805,449395.6236,48.33177639,2.4148779632497153,44.54471175455645,43.0,4.990912112766841,1454.0,4.033573223317462,431.0,0.12791682731789678,95.0
성동구,성동,금호 그린 스테이,2,고위험군,37.54798745,127.0187955,201660.9389,449830.2961,37.18917778,-6.377958846685935,42.82964535446392,43.0,4.996850433007019,1454.0,3.623618284369388,431.0,0.3922906250538506,95.0
성동구,성동,르뚜와 성수,2,고위험군,37.53425435,127.0518715,204584.6627,448307.1877,44.31075853,-0.5987091276477017,43.57444897504098,43.0,4.992704691857109,1454.0,4.008896398638604,431.0,0.023446577064790374,95.0
성동구,하왕십리동,위시 스테이(Wish stay),2,고위험군,37.56095451,127.0279054,202465.5375,451269.6849,39.59993899,-2.724685596986511,42.641180611557864,43.0,4.9924707633195995,1454.0,3.6022893201676127,431.0,1.706582092124971,95.0
성동구,용답동,호호 하우스(hoho house),2,고위험군,37.56369963,127.0510713,204512.1643,451575.2209,41.11760331,-1.708582282314886,44.316424811513876,43.0,4.988159731722635,1454.0,3.7700312782892156,431.0,1.060396604528656,95.0
성동구,송정동,송정 자미앤(ZAMI&),2,고위험군,37.55192258,127.0697913,206167.0487,450269.1714,40.94741809,-0.6649652201994911,44.997699797580296,43.0,4.98744724784763,1454.0,3.9936377552200644,431.0,0.30944231540838696,95.0
성동구,용답동,스튜디오 성동,2,고위험군,37.56358259,127.051868,204582.5584,451562.2694,45.66494904,8.508351277513896,44.3697096629143,43.0,4.988064878638954,1454.0,3.777553005391537,431.0,1.0151773375798054,95.0
성동구,도선동,스테이인히어왕십리,2,고위험군,37.55980939,127.0336666,202974.6045,451142.7569,44.66595649,3.2274945415733,42.329271764125025,43.0,4.991620797326307,1454.0,3.677647979844751,431.0,1.8815259371909145,95.0
성동구,하왕십리동,모아나스테이,2,고위험군,37.55938224,127.0287642,202541.4743,451095.2044,39.56438736,-0.7428688555901743,42.42384020187082,43.0,4.992603460702019,1454.0,3.631960104017978,431.0,1.7268507068724703,95.0
성동구,행당동,정감,2,고위험군,37.55714507,127.0310469,202743.2389,450846.9693,39.59552649,-2.124960193298449,42.33115930255187,43.0,4.992589724888893,1454.0,3.6907131919392793,431.0,1.6846130695388546,95.0
성동구,하왕십리동,사월 House,2,고위험군,37.55900131,127.0298085,202633.7581,451052.9545,39.72133317,-1.5393313692846462,42.371590612535456,43.0,4.992477547856639,1454.0,3.648573810998818,431.0,1.7529812301763146,95.0
성동구,하왕십리동,둥지,2,고위험군,37.55946993,127.0306713,202709.9701,451104.9903,47.57530744,5.905567544269601,42.37176771023598,43.0,4.992228644766415,1454.0,3.651245553507182,431.0,1.8122504569408937,95.0
성동구,성동,상상스테이,2,고위험군,37.54410088,127.0539024,204763.541,449400.1332,51.19090696,3.922892763560448,44.54562743589258,43.0,4.990877744257705,1454.0,4.0366554525980005,431.0,0.1292018200936669,95.0
성동구,하왕십리동,온유스테이,2,고위험군,37.56001544,127.0304577,202691.0804,451165.5293,48.19670363,4.792662907865989,42.40259467154022,43.0,4.992167342454105,1454.0,3.641702780630973,431.0,1.821982737541254,95.0
성동구,성동,Monoplan House Seongsu - Studio A,2,고위험군,37.54572922,127.0419968,203711.3226,449580.3227,47.29155584,3.358707478799964,45.33302967436484,43.0,4.992592265749544,1454.0,3.975218009846201,431.0,0.14208468948721256,95.0
성동구,성동,로컬 텍스처(Local Texture),2,고위험군,37.54535903,127.0483394,204271.8488,449539.5053,43.46735834,-3.110504715702497,44.936197230459854,43.0,4.99157188783867,1454.0,3.9996851885340168,431.0,0.1355309275001684,95.0
성동구,행당동,Cozy Stay,2,고위험군,37.56288091,127.0361216,203191.39,451483.7399,38.92162558,-4.246340296147153,42.44791227030359,43.0,4.990638884505919,1454.0,3.661336951352095,431.0,1.9178770377771979,95.0
성동구,성동,예그리나,2,고위험군,37.54745146,127.0526581,204653.3714,449771.9448,41.6903834,-2.4162829037431592,45.217325644126575,43.0,4.990547419230628,1454.0,3.9955519898138037,431.0,0.20576858061439487,95.0
성동구,성동,디에이치 성수포레,2,고위험군,37.54363214,127.0458092,204048.3408,449347.7295,49.92191103,6.309005027558264,44.780903109042306,43.0,4.992273855994726,1454.0,4.004972808005503,431.0,0.07824835010780329,95.0
성동구,성동,디엠큐케,2,고위험군,37.53550842,127.0462602,204088.6446,448446.1153,45.46797329,0.2994907957395938,43.94515056834539,43.0,4.993476601389243,1454.0,3.993195747913995,431.0,-0.0012837847567960894,95.0
성동구,행당동,Kozy Stay,2,고위험군,37.55671475,127.0298226,202635.0791,450799.1738,43.93326282,2.1780012042013084,42.33817466315092,43.0,4.992900911307201,1454.0,3.6825876968031417,431.0,1.6355653531920944,95.0
성동구,성동,유토리홈즈,2,고위험군,37.54380142,127.0456564,204034.8246,449366.511,49.06431418,5.431354696646366,44.81112449285196,43.0,4.9922726409052975,1454.0,3.9997020954574025,431.0,0.08047629205834442,95.0
성동구,도선동,스테이1853,2,고위험군,37.56094709,127.0320888,202835.1551,451268.9794,39.84894705,-2.3385689627153496,42.40303500216056,43.0,4.991697310171229,1454.0,3.64620947635879,431.0,1.8934429300644484,95.0
성동구,용답동,Noark House,2,고위험군,37.56058292,127.0517683,204573.9341,451229.3365,44.00016855,3.044327583069041,44.566859916829834,43.0,4.988567031552043,1454.0,3.8168084173404435,431.0,0.8532136762947472,95.0
성동구,성동,위앤성수스테이,2,고위험군,37.54401223,127.0460641,204070.8493,449389.9259,45.33178032,1.7876148550699895,44.82852976310502,43.0,4.992169120960013,1454.0,4.003262663268272,431.0,0.08736730156621744,95.0
성동구,성동,COZY STAY,2,고위험군,37.53845494,127.0496404,204387.2261,448773.2952,41.9749161,4.2244515544801615,44.13570662484015,43.0,4.9924408223384535,1454.0,4.015566618100558,431.0,0.020802816819090287,95.0
성동구,성동,성수 포레스트 로프트,2,고위험군,37.54760885,127.04421,203906.8047,449789.0286,37.97836878,-0.07748777803659124,45.429890018384896,43.0,4.991897896058415,1454.0,3.9570479798908327,431.0,0.22399275027585533,95.0
성동구,성동,리틀포레 301,2,고위험군,37.54355488,127.0460468,204069.3453,449339.1649,44.96476048,1.5615628053635504,44.76932053566631,43.0,4.992245779110396,1454.0,4.0074618053042075,431.0,0.07193956090359586,95.0
성동구,성동,AURI STAY,2,고위험군,37.5358664,127.0462389,204086.7389,448485.8457,46.38173797,0.9267057255696471,43.98409622908738,43.0,4.993424849396315,1454.0,3.9895156886400103,431.0,-0.0017618309099727554,95.0
성동구,옥수동,정고운,2,고위험군,37.5413296,127.0154527,201365.6619,449091.3016,40.70327678,4.887458491084281,42.9636606072518,43.0,4.998913978228217,1454.0,3.4605633523364006,431.0,-0.05776605475754354,95.0
성동구,성동,리버 인 성수,2,고위험군,37.5350314,127.046539,204113.3068,448393.1841,46.02418599,0.5512137312170466,43.87789326792131,43.0,4.993501272904244,1454.0,3.9922823976944675,431.0,-0.00011042814593927985,95.0
성동구,응봉동,예스위야응봉,2,고위험군,37.54942306,127.0292828,202587.6379,449989.8685,48.31381209,4.909827449036619,42.79168805868202,43.0,4.994340482539058,1454.0,3.8104622594996385,431.0,0.9541037049933013,95.0
성동구,용답동,양BnB House,2,고위험군,37.56192966,127.0516589,204564.1816,451378.8034,41.98250094,-4.4244609491098,44.41246039696832,43.0,4.988364252376497,1454.0,3.79686125511603,431.0,0.9307006031937879,95.0
성동구,도선동,나비원,2,고위험군,37.56127039,127.0321866,202843.7882,451304.8648,46.50080219,3.742992250206221,42.419277701746275,43.0,4.991620369232472,1454.0,3.6430104621487778,431.0,1.899800644162779,95.0
성동구,성동,SEOULMATE S (서울메이트 성수),2,고위험군,37.53706697,127.0472144,204172.888,448619.1371,36.1709565,-6.42303402168703,44.07676967938013,43.0,4.9930683015081625,1454.0,3.9981943602140633,431.0,-0.0018574549495049093,95.0
성동구,성동,성수 포레하우스,2,고위험군,37.54325531,127.0453026,204003.5872,449305.8843,29.49713814,-6.505190932805601,44.77556788989073,43.0,4.992421496671495,1454.0,4.00039051052419,431.0,0.0602534626526733,95.0
성동구,용답동,봄 스테이,2,고위험군,37.56107804,127.0508021,204488.5404,451284.2424,38.46811056,2.4670834910327812,44.38511531748179,43.0,4.988627668580105,1454.0,3.8039834467327367,431.0,0.9157748380226063,95.0
성동구,행당동,LTE Room,2,고위험군,37.55651877,127.0321946,202844.6703,450777.4915,37.29047014,-3.9785542527846403,42.32027948268316,43.0,4.99249038315629,1454.0,3.7133647230301756,431.0,1.7439098172885945,95.0
성동구,도선동,Urban Forest Stay Mu-hak,2,고위험군,37.5611673,127.032913,202907.9745,451293.4453,53.72455501,2.706856655931041,42.40804323910904,43.0,4.991508882302533,1454.0,3.65165202320683,431.0,1.9136773547796486,95.0
성동구,하왕십리동,헬로 서울,2,고위험군,37.55930372,127.0289688,202559.5536,451086.4952,44.20699926,-0.99745472320636,42.41957819552129,43.0,4.992579418441217,1454.0,3.635401812570614,431.0,1.732888916937378,95.0
성동구,성동,어반 성수,2,고위험군,37.53299683,127.0557905,204931.1239,448167.8167,42.0088006,-2.215189751155087,43.26515647302473,43.0,4.992248196553709,1454.0,4.012272530952528,431.0,0.032138411181552064,95.0
성동구,행당동,앨리 하우스(Alley House),2,고위험군,37.55474963,127.0303512,202681.8541,450581.0839,41.11920241,-0.31733899107059216,42.373463315785344,43.0,4.993162139033012,1454.0,3.7223959447373036,431.0,1.5712620053562023,95.0
성동구,하왕십리동,다색,2,고위험군,37.56070015,127.029016,202563.6699,451241.4837,39.59804782,-8.966591821733708,42.52532197557048,43.0,4.992308941464805,1454.0,3.6170310579335476,431.0,1.7736207864620872,95.0
성동구,도선동,Light house 왕십리,2,고위험군,37.55970399,127.0337849,202985.0672,451131.0625,45.25451407,4.255208260436568,42.32231740716532,43.0,4.991618682812622,1454.0,3.6802462782368797,431.0,1.8741411015369398,95.0
성동구,홍익동,서울 써니 스테이(Seoul Sunny Stay),2,고위험군,37.56368262,127.0303719,202683.3645,451572.5406,39.73024067,-2.0631095539642317,42.72122218507205,43.0,4.991501117653119,1454.0,3.598704735795356,431.0,1.8235007894224777,95.0
성동구,도선동,코지서울,2,고위험군,37.56115698,127.0317607,202806.1637,451292.2648,44.34867597,3.5251504017594826,42.424457218798395,43.0,4.99171813029074,1454.0,3.640102819567831,431.0,1.8843785686690127,95.0
성동구,성동,리프레시 성수,2,고위험군,37.53664679,127.0462248,204085.4484,448572.4588,45.17788074,0.0003000100469492395,44.07152435349721,43.0,4.993306100890515,1454.0,3.99455024211893,431.0,-0.005853239797885726,95.0
성동구,성동,크림 하우스 성수,2,고위험군,37.53581902,127.051638,204563.9277,448480.8355,37.66467364,-4.845383524037032,43.75139918733203,43.0,4.992508378664624,1454.0,4.01370516775834,431.0,0.02555288231186701,95.0
성동구,성동,노스타노바(NOSTANOVA),2,고위험군,37.54742489,127.0257821,202278.3501,449768.0051,29.16972306,-5.33513744644905,42.991287994388586,43.0,4.9954219480835205,1454.0,3.7779795970700403,431.0,0.45615008810002367,95.0
성동구,하왕십리동,YH STAY,2,고위험군,37.56132099,127.026377,202330.4875,451310.3209,51.78142876,2.9017309538952603,42.4924617972052,43.0,4.992693595561365,1454.0,3.582916357064442,431.0,1.570802603629438,95.0
성동구,성동,성수리버,2,고위험군,37.53772154,127.0593995,205249.7823,448692.3969,36.75666209,-5.076228801428549,43.70132189454751,43.0,4.990993990406444,1454.0,4.065480486206767,431.0,0.07158728805395162,95.0
성동구,성동,린스테이(LYNN STAY),2,고위험군,37.54280248,127.0482425,204263.4293,449255.7549,46.24981546,3.2190899291245074,44.57566376333573,43.0,4.991995800337089,1454.0,4.011646597842961,431.0,0.06713639082808108,95.0
성동구,응봉동,캄스테이 응봉,2,고위험군,37.54950772,127.0291947,202579.8516,449999.2623,47.4611473,4.0898008942629716,42.77710499315018,43.0,4.994342814776157,1454.0,3.8081447847770042,431.0,0.9606476781482766,95.0
성동구,송정동,Laszlo & Co.,2,고위험군,37.54731654,127.0657349,205808.97,449757.6979,36.13748857,-2.7187931238269556,44.72447505560274,43.0,4.988663239109204,1454.0,4.037192092667775,431.0,0.22135150563516126,95.0
성동구,성동,코지 뚝섬(Cozy Ttukseom),2,고위험군,37.54350544,127.0461728,204080.4761,449333.6831,38.33659794,-5.057247213578648,44.762177147349604,43.0,4.992232297808202,1454.0,4.007691777833471,431.0,0.06778988513971496,95.0
성동구,성동,마이 리틀 서울,2,고위험군,37.54904299,127.0206984,201829.0649,449947.4836,47.04283799,5.402861584187512,42.90242187428049,43.0,4.9962205035709335,1454.0,3.661226501961815,431.0,0.2979340285826217,95.0
성동구,하왕십리동,Wevvy Loft 왕십리,2,고위험군,37.55865523,127.0288537,202549.3998,451014.5174,38.23232365,-1.836563125298305,42.3773185239524,43.0,4.992723392157404,1454.0,3.642729598798981,431.0,1.6898656571354145,95.0
마포구,연남동,주니스 게스트하우스,2,고위험군,37.56149159,126.919013,192844.5664,451332.0113,50.94914232,3.4397207589840377,46.029759905384616,43.0,5.012542979336442,1454.0,4.766582987653821,431.0,2.071858456660902,95.0
마포구,동교동,진스파라다이스,2,고위험군,37.55551437,126.9236287,193251.8379,450668.2692,30.61340226,-2.4623360622624446,41.76386666462456,43.0,5.013322542764911,1454.0,4.575717692762442,431.0,1.228033481297937,95.0
마포구,연남동,헬로월드 게스트하우스,2,고위험군,37.56096556,126.9228864,193186.7429,451273.3403,36.62713848,1.1998217173128296,47.61450800641032,43.0,5.012257634293591,1454.0,4.680289253119642,431.0,1.134219410178848,95.0
마포구,합정동,홍대 게스트하우스 Hi :Dear,2,고위험군,37.54562637,126.9174338,192703.4867,449571.2825,40.7850036,0.5741704176837104,41.928358942977496,43.0,5.01601499488923,1454.0,4.526439147068431,431.0,1.440288645175532,95.0
마포구,연남동,스윗루나,2,고위험군,37.55818261,126.923767,193264.2929,450964.4023,42.64686994,1.056392855084745,44.87715270603725,43.0,5.012744790087899,1454.0,4.6201691849145305,431.0,0.6896503564772422,95.0
마포구,서교동,Lee House 2,2,고위험군,37.55310859,126.927478,193591.7559,450400.987,33.97208471,-4.265858497764022,39.86907125763846,43.0,5.01346520006576,1454.0,4.343433215086806,431.0,1.3713504041814164,95.0
마포구,염리동,브리지 스테이 마포,2,고위험군,37.54677382,126.9473364,195346.1066,449696.7352,32.75038715,-2.0174515090066407,41.76484595118196,43.0,5.012878936319465,1454.0,3.6720542801568468,431.0,1.4809995649242875,95.0
마포구,연남동,화이트브라운,2,고위험군,37.55609972,126.9192324,192863.4377,450733.5608,49.40263585,3.6869894374762495,43.72187759327201,43.0,5.013621693328522,1454.0,4.758899377067086,431.0,0.9516537546770454,95.0
마포구,성산동,Calm and cozy house,2,고위험군,37.55679066,126.916712,192640.804,450810.4413,32.4486153,-5.71529883014388,42.26301631873467,43.0,5.01371470895412,1454.0,4.877768267280407,431.0,1.4965034227484608,95.0
마포구,성산동,스테이 순,2,고위험군,37.55690407,126.9112361,192156.9686,450823.4713,39.25681616,-6.110892594699237,42.35420806844647,43.0,5.014184669193479,1454.0,4.951468151708887,431.0,0.5927062411165137,95.0
마포구,상암동,스마일 하우스,2,고위험군,37.57474511,126.8944596,190676.855,452805.1505,39.33540194,-3.248094464096077,43.706634632209365,43.0,5.012413619144883,1454.0,4.862845050122489,431.0,-0.07249808328537541,95.0
마포구,대흥동,낙원하우스,2,고위험군,37.54675942,126.943957,195047.4636,449695.3096,39.25542684,-0.8973755668223404,41.965289542095334,43.0,5.013257209731954,1454.0,3.671326241143679,431.0,1.5035184569512454,95.0
마포구,서교동,써니하우스,2,고위험군,37.55063756,126.9223728,193140.4134,450127.0925,27.76479498,-4.753086236713582,42.56298459734728,43.0,5.01449356584906,1454.0,4.483368279218533,431.0,2.6641450666326563,95.0
마포구,창전동,라파벨라 하우스,2,고위험군,37.55036615,126.9259633,193457.6704,450096.7133,38.12576774,2.1819763599416007,41.40256257487521,43.0,5.014220824570897,1454.0,4.31207959559155,431.0,1.4550768748216587,95.0
마포구,합정동,포시즌하우스,2,고위험군,37.54859316,126.9093925,191993.1847,449901.2149,27.47385379,-6.563892651149445,42.02093467508438,43.0,5.0160199123877,1454.0,4.885792338465347,431.0,2.274628367278033,95.0
마포구,망원동,스테이 선선,2,고위험군,37.55668401,126.9040414,191521.2328,450799.6719,48.90870976,4.937044208356859,45.50147173897159,43.0,5.014834905453719,1454.0,4.9357719725111915,431.0,0.9571441379648827,95.0
마포구,연남동,스테이우아,2,고위험군,37.55903315,126.920769,192999.4814,451059.0212,37.16385739,0.36193910180132605,43.961234066807535,43.0,5.0128678037523455,1454.0,4.731664722887736,431.0,-0.26913612604585657,95.0
마포구,망원동,프라이빗 하우스,2,고위험군,37.55740113,126.9019853,191339.64,450879.4512,47.13305975,-1.0230152925603164,45.91572910911155,43.0,5.014864394887358,1454.0,4.925707013896138,431.0,0.7511664706290312,95.0
마포구,연남동,솔로몬하우스,2,고위험군,37.56061592,126.9253273,193402.3706,451234.3603,52.1304351,3.2366830281277714,47.49166162016632,43.0,5.012075622608734,1454.0,4.594776328396954,431.0,0.7960430968055621,95.0
마포구,망원동,비비에이비 스테이,2,고위험군,37.55172181,126.904924,191598.6611,450248.8475,33.4526944,-6.19146332065705,43.31494596674692,43.0,5.01573313564418,1454.0,4.932841082588177,431.0,2.1707008489236443,95.0
마포구,창전동,스테이 뤼느,2,고위험군,37.55086366,126.928749,193703.8761,450151.7407,37.03055702,-0.3226203448713605,40.91668671234865,43.0,5.013841745971054,1454.0,4.210620399080292,431.0,-0.08467112508751845,95.0
마포구,서교동,어반우드,2,고위험군,37.55098756,126.9136726,192371.6514,450166.6087,38.38826751,-0.36113241982000943,38.165334125594654,43.0,5.015178415559474,1454.0,4.912476789470383,431.0,2.5507379125044434,95.0
마포구,연남동,Maru Stay,2,고위험군,37.55845119,126.9192223,192862.7625,450994.5469,43.67430502,-2.033081279277603,43.891188165333325,43.0,5.013138183831689,1454.0,4.776380425161381,431.0,0.18875709236370447,95.0
마포구,연남동,데일리 하우스,2,고위험군,37.5588598,126.9243205,193313.2642,451039.5229,42.46851253,-1.8982190068052418,46.04302804004948,43.0,5.012546636788545,1454.0,4.606082430325526,431.0,0.81132972030585,95.0
마포구,연남동,베인하우스,2,고위험군,37.55866919,126.9246619,193343.4067,451018.3432,41.26325584,-0.6212435923171,45.96016686041985,43.0,5.012551632965336,1454.0,4.592365016662196,431.0,0.7935295114384537,95.0
마포구,도화동,도레미 게스트하우스,2,고위험군,37.53880348,126.9502972,195607.2848,448811.9818,29.41224769,-9.53731546446771,42.68851433082917,43.0,5.014732293705333,1454.0,3.672504940987962,431.0,0.1939470080952808,95.0
마포구,연남동,위자드 하우스,2,고위험군,37.5572601,126.9177554,192733.0367,450862.4624,42.27265485,-2.2343067838740183,42.72557750642086,43.0,5.013521560815436,1454.0,4.830131037339602,431.0,1.1018135173613277,95.0
마포구,노고산동,노고산스테이,2,고위험군,37.55242607,126.9398451,194684.4963,450324.4642,55.59006803,0.7220970249971828,39.87730347575989,43.0,5.012315257469191,1454.0,3.9279060515031383,431.0,0.9414893972505947,95.0
마포구,서교동,JH HOUSE,2,고위험군,37.55340327,126.9166802,192637.661,450434.4838,40.56534319,-1.6115359427998115,40.43628763049577,43.0,5.01441595985254,1454.0,4.841284381525563,431.0,3.234775322607598,95.0
마포구,동교동,이레스테이,2,고위험군,37.55462383,126.9269901,193548.7725,450569.1939,48.90812702,5.667466497107078,41.96652469260072,43.0,5.013181131780203,1454.0,4.414791108463751,431.0,1.8654659653660663,95.0
마포구,서교동,어반포레스트,2,고위험군,37.55118684,126.9175119,192710.9309,450188.4217,32.45505985,-5.915100725573261,39.38931600370064,43.0,5.014808593258787,1454.0,4.708524523266872,431.0,2.6936826466896067,95.0
마포구,상수동,무드하우스 2호점,2,고위험군,37.54568008,126.9239713,193281.2229,449576.7564,55.84490496,6.509485202854641,42.68628480750871,43.0,5.01545713883795,1454.0,4.252739316336265,431.0,1.9836680006820777,95.0
마포구,노고산동,헤이스 하우스1,2,고위험군,37.55082404,126.9377856,194502.3902,450146.7765,39.53113283,-1.404705146404666,39.61061557563117,43.0,5.0129237207296224,1454.0,3.9430610995084976,431.0,0.5593303028730907,95.0
마포구,서교동,문하우스,2,고위험군,37.5527925,126.9276317,193605.3058,450365.8943,45.37297648,-0.11710560731145137,39.972425371064254,43.0,5.013519944308931,1454.0,4.326394378916437,431.0,1.225150640227051,95.0
마포구,연남동,연트럴,2,고위험군,37.56322788,126.9206454,192988.9502,451524.5961,50.25250944,3.8295322424203633,46.244168513565214,43.0,5.0120302228169855,1454.0,4.733512339813564,431.0,1.9724726903806538,95.0
마포구,연남동,SeeU House,2,고위험군,37.55762156,126.9216893,193080.6692,450902.2833,35.08698913,-3.5260171488414613,43.074387554813036,43.0,5.0130689963050425,1454.0,4.6944068678510265,431.0,-0.10959931029297462,95.0
마포구,서교동,cooKorean Home,2,고위험군,37.5549824,126.9134127,192349.0963,450610.0094,35.5991867,-4.3914273491227505,41.709225042883276,43.0,5.014379657721237,1454.0,4.977536472752796,431.0,1.7956848072233331,95.0
마포구,연남동,모모하우스,2,고위험군,37.55789477,126.9244937,193328.4762,450932.4037,43.01149415,1.051672758743905,44.88443843344789,43.0,5.012731717895995,1454.0,4.587907898106367,431.0,0.7348724644387827,95.0
마포구,연남동,huayuan house2,2,고위험군,37.55737926,126.9207388,192996.6627,450875.4613,49.79388465,4.43185928962302,43.384248826983224,43.0,5.013212157813197,1454.0,4.716018139312796,431.0,-0.1624668876962696,95.0
마포구,서교동,Homi house,2,고위험군,37.55269953,126.9233619,193228.0105,450355.8747,51.75327173,3.360480041467639,42.78531327068882,43.0,5.013953146875682,1454.0,4.506081973583338,431.0,3.0524291373201287,95.0
마포구,노고산동,마인힐 스테이,2,고위험군,37.55214457,126.9413936,194821.3096,450293.1347,46.39488079,4.648234810317604,40.247785849653766,43.0,5.012207368335499,1454.0,3.862428300214233,431.0,1.1469252332871576,95.0
마포구,동교동,연밤 게스트하우스,2,고위험군,37.55712309,126.9232575,193219.1835,450846.8448,31.83127004,-6.734384874937419,42.427321802184,43.0,5.013018415879883,1454.0,4.624929994947859,431.0,0.3476205341448865,95.0
마포구,동교동,거인,2,고위험군,37.55255355,126.9308814,193892.4392,450339.1576,28.08153853,-5.8786769181559215,37.56369714769059,43.0,5.013246706917629,1454.0,4.2032029367221835,431.0,-0.28916070314725595,95.0
마포구,서교동,엔케 하우스,2,고위험군,37.5536264,126.9266455,193518.2369,450458.5148,33.99776315,-5.38387713701178,40.09504401020321,43.0,5.013433667720694,1454.0,4.39814746398122,431.0,1.9738082868604647,95.0
마포구,서교동,Mimi's house,2,고위험군,37.55108117,126.9173686,192698.257,450176.7048,37.45929743,-0.5863308738635098,39.27692276878767,43.0,5.014843486213341,1454.0,4.7127237247905445,431.0,2.576200114615315,95.0
마포구,망원동,스테이인 망원,2,고위험군,37.55455056,126.9077188,191845.9347,450562.5589,48.74363117,4.61490020485131,44.10703939271298,43.0,5.014949713522052,1454.0,4.948986148476055,431.0,2.071167900114917,95.0
마포구,서교동,더 포춘,2,고위험군,37.55225986,126.9271726,193564.696,450306.8089,41.73650629,1.091906328943999,39.893430359402494,43.0,5.013683240218571,1454.0,4.327652995118928,431.0,1.2917747853500552,95.0
마포구,창전동,스테이 공유 홍대,2,고위험군,37.5502927,126.9283737,193670.6625,450088.3962,37.99232349,0.9843165236343765,41.17595762254605,43.0,5.014007340216549,1454.0,4.203121108128837,431.0,0.018616778156450936,95.0
마포구,연남동,마이리틀,2,고위험군,37.55905795,126.9191744,192858.5961,451061.8937,45.3283094,5.147206742535616,44.329087235860285,43.0,5.013018965566387,1454.0,4.77533193590769,431.0,0.44672403893415147,95.0
마포구,도화동,NANA STAY,2,고위험군,37.53848218,126.9526834,195818.1566,448776.2127,38.51382462,3.6221634147471207,42.506422506409926,43.0,5.014581639291234,1454.0,3.6449675456959905,431.0,0.15110397327611078,95.0
마포구,연남동,사미스테이,2,고위험군,37.55698014,126.9182525,192776.9385,450831.3518,42.16327581,-2.1557683809144166,42.69030058493854,43.0,5.013532184698004,1454.0,4.8063038834974305,431.0,0.9774731270094249,95.0
마포구,서교동,Sue-perb house,2,고위험군,37.55191267,126.9180645,192759.8325,450268.9375,35.18263543,-0.20326504492408048,39.9649282092503,43.0,5.014606210234113,1454.0,4.704487273740934,431.0,3.241326825866409,95.0
마포구,서교동,모스트스테이,2,고위험군,37.55327394,126.9175679,192716.086,450420.0606,34.33398768,3.214113596631929,40.74335379818589,43.0,5.014363764246658,1454.0,4.777467046085543,431.0,3.557929639111283,95.0
마포구,연남동,블라썸,2,고위험군,37.55874676,126.9245255,193331.3636,451026.9622,43.25246252,-1.451779295534969,45.976184045593186,43.0,5.012549332952639,1454.0,4.5970688244236015,431.0,0.7992139826148776,95.0
마포구,동교동,마포달빛,2,고위험군,37.55257976,126.9305018,193858.903,450342.0913,31.23806042,-2.4652422457978496,37.234679075563676,43.0,5.013279488494536,1454.0,4.215840866333843,431.0,-0.2586714603120195,95.0
마포구,동교동,Da Young House,2,고위험군,37.55341017,126.9295521,193775.056,450434.3194,35.748507,-3.690898162536179,38.02344123546935,43.0,5.013189853559174,1454.0,4.273108882044721,431.0,0.39271183933699594,95.0
마포구,노고산동,신촌의 여유,2,고위험군,37.55246431,126.9393936,194644.6028,450328.734,55.44345149,0.5756898796301044,39.78491064256076,43.0,5.0123568281899,1454.0,3.9404780744573498,431.0,0.8654286850212711,95.0
마포구,서교동,세린홍대스위트,2,고위험군,37.5515933,126.9272488,193571.3712,450232.8235,35.24570861,-0.3735352117303634,40.232378278793945,43.0,5.013824084243706,1454.0,4.3005914324039844,431.0,1.0376434249130178,95.0
마포구,상수동,휴스테이,2,고위험군,37.54532898,126.9216635,193077.2518,449537.9559,54.59851084,-0.9918451185712627,42.63835074335812,43.0,5.015733101390708,1454.0,4.343670042226553,431.0,1.775244299219912,95.0
마포구,망원동,보르카,2,고위험군,37.55145772,126.9058677,191682.0222,450219.4528,28.57369344,-2.29290728414178,42.853706312134165,43.0,5.015712432080436,1454.0,4.931366014441016,431.0,2.253414006786644,95.0
마포구,연남동,밀리언스테이1,2,고위험군,37.55975429,126.9255974,193426.1655,451138.7106,53.37099094,2.8000073400369914,47.2861087425406,43.0,5.012227129623562,1454.0,4.5768070288571066,431.0,0.790732118992459,95.0
마포구,동교동,스테이 홍대101,2,고위험군,37.55356227,126.9294632,193767.2115,450451.2066,34.97174243,-4.74080651859844,38.446337708825006,43.0,5.01316499800759,1454.0,4.281022577951599,431.0,0.5393962114834501,95.0
마포구,연남동,원 하우스,2,고위험군,37.55918952,126.9256858,193433.9203,451076.0216,56.65465226,6.068995550499579,46.84006148663491,43.0,5.012336460971878,1454.0,4.567753046562137,431.0,0.7987780724109087,95.0
마포구,서교동,호영하우스,2,고위험군,37.55254638,126.9285959,193690.491,450338.5127,42.19509814,0.8977189533718573,39.87839762551992,43.0,5.013478931384578,1454.0,4.276020473333254,431.0,0.587759883158808,95.0
마포구,도화동,연 스테이,2,고위험군,37.53658544,126.9485049,195448.7488,448565.8918,48.55633371,0.1379839961068683,42.69109059865069,43.0,5.0155397044096794,1454.0,3.687399660808223,431.0,0.20815174660566158,95.0
마포구,서교동,코텔로,2,고위험군,37.54653057,126.9165105,192621.9849,449671.7098,51.34553002,6.207513208608589,41.496638223608564,43.0,5.015892213658091,1454.0,4.58652799131409,431.0,1.4948583924712904,95.0
마포구,염리동,마므레인서울,2,고위험군,37.55242519,126.94738,195350.3097,450323.9672,28.1178571,-6.157632340702559,41.145611299694764,43.0,5.011431382886361,1454.0,3.7245169474178312,431.0,1.5312303480753569,95.0
마포구,서교동,슬로우시네마 홍대,2,고위험군,37.55177137,126.913431,192350.3834,450253.6218,32.46961715,-2.7469721146101023,38.24970922881743,43.0,5.015036041456305,1454.0,4.945971114487984,431.0,2.573586546700512,95.0
마포구,연남동,헤이븐 연남,2,고위험군,37.56162667,126.9256372,193429.8394,451346.5199,52.86888807,4.1795528697756765,47.08557502771764,43.0,5.011833005983677,1454.0,4.59281579636431,431.0,0.8063130365638564,95.0
마포구,동교동,KHC스테이,2,고위험군,37.55471946,126.9267626,193528.6742,450579.8233,46.94465105,6.460105709229012,41.93863314305344,43.0,5.013183127852133,1454.0,4.427195544964813,431.0,1.8889647597832777,95.0
마포구,연남동,스테이 무아,2,고위험군,37.56143002,126.9189274,192836.9957,451325.1843,49.09294766,4.5528109369255745,45.98995260411308,43.0,5.012563832571842,1454.0,4.768464545836398,431.0,2.0643088330661823,95.0
마포구,동교동,클라우스하우스3,2,고위험군,37.55376464,126.9297795,193795.1781,450473.6463,37.17188561,2.7114078589300377,38.3201030555028,43.0,5.013087593230429,1454.0,4.276668060058232,431.0,0.49358710084368584,95.0
마포구,동교동,양화스테이,2,고위험군,37.55661176,126.9251782,193388.8486,450789.9564,45.24730737,7.886556522564248,43.79366822592061,43.0,5.012934565745246,1454.0,4.53489055794931,431.0,0.7602707711048118,95.0
마포구,성산동,휘게하우스,2,고위험군,37.55631513,126.9115941,192188.5429,450758.0761,41.28429086,-0.026897752129634966,42.39963605516092,43.0,5.014270555639543,1454.0,4.9599009343322615,431.0,0.7728000259913852,95.0
마포구,창전동,알로하하우스_블루,2,고위험군,37.55101092,126.9312881,193928.2585,450167.9178,43.77252135,2.7913033908439076,39.292823127274055,43.0,5.013556484650892,1454.0,4.144485126186104,431.0,-0.4261084666353828,95.0
마포구,동교동,동교의봄,2,고위험군,37.55473791,126.9195567,192891.9624,450582.3915,48.55820299,4.507510513689169,43.57665180581051,43.0,5.0138754211307885,1454.0,4.720350045401283,431.0,2.4935914768388106,95.0
마포구,동교동,오리하우스,2,고위험군,37.55229526,126.931076,193909.6155,450310.4779,33.41751401,-0.9626879033154978,37.99498636899492,43.0,5.013285315491196,1454.0,4.1903222544114795,431.0,-0.35783515175906816,95.0
마포구,도화동,온안 스테이,2,고위험군,37.53837945,126.9530932,195854.3656,448764.7927,33.73334215,-6.326831724656259,42.4966400062448,43.0,5.014569400611536,1454.0,3.6417548343965147,431.0,0.15990854753624809,95.0
마포구,합정동,아스트라 스테이,2,고위험군,37.54986386,126.9091758,191974.1716,450042.2658,48.12963374,-2.3653885926805174,41.665458500854385,43.0,5.015775527704909,1454.0,4.921411979978379,431.0,2.3776752098273874,95.0
마포구,동교동,노블스테이,2,고위험군,37.55253174,126.9305821,193865.9929,450336.7564,32.11744859,-1.7815616341220846,37.37333692219178,43.0,5.013282152834152,1454.0,4.2099227022185435,431.0,-0.28340480220820263,95.0
마포구,서교동,에덴 게스트하우스,2,고위험군,37.5501497,126.9195541,192891.2951,450073.1552,39.94925052,-0.3722400130396508,40.69015430690735,43.0,5.01485167975904,1454.0,4.584348810947952,431.0,2.24797146027462,95.0
마포구,염리동,썬데이 플라라,2,고위험군,37.54477282,126.9440247,195053.3141,449474.8175,45.06210871,2.9020447256148714,41.74720838083662,43.0,5.013761000178172,1454.0,3.670617540876234,431.0,1.420707585620939,95.0
마포구,동교동,구름,2,고위험군,37.55326407,126.9298923,193805.0977,450418.0815,30.83112884,-3.0813071877465923,37.60543093923032,43.0,5.013187849688713,1454.0,4.2577701793404845,431.0,0.13013630971075002,95.0
마포구,성산동,MW STAY,2,고위험군,37.56034197,126.9057104,191669.1088,451205.513,41.25552059,0.8238614746761499,44.64077927979032,43.0,5.013997426831369,1454.0,4.918639534858639,431.0,-0.24278749237941974,95.0
마포구,공덕동,스테이인공덕엠,2,고위험군,37.54550616,126.958905,196368.36,449555.5305,40.08130478,5.362041490889652,41.21859661401684,43.0,5.011846866625783,1454.0,3.477851446417924,431.0,1.621082049978211,95.0
마포구,대흥동,플러스 스테이,2,고위험군,37.54469077,126.9391548,194622.9423,449465.9783,41.11193838,0.9342855421267586,40.534765754566266,43.0,5.014282051102325,1454.0,3.7376244142364956,431.0,1.3896683816810962,95.0
마포구,연남동,연남 스테이션 2,2,고위험군,37.56173552,126.9206253,192987.0354,451358.9631,36.88884386,-5.280034583836809,46.42878612115024,43.0,5.012332050074001,1454.0,4.733896180609999,431.0,1.7529902777993192,95.0
마포구,서교동,마루 서교,2,고위험군,37.55321296,126.9161303,192589.0463,450413.4049,40.49718837,1.8122389597008137,39.95681568950532,43.0,5.014504263375592,1454.0,4.869366831955136,431.0,2.9679700755727088,95.0
마포구,망원동,더플래닛,2,고위험군,37.55123821,126.9078434,191856.5805,450194.9168,42.18626859,-0.9633316002827499,42.13683991420789,43.0,5.015601397103067,1454.0,4.935430498102602,431.0,2.368560797460939,95.0
마포구,연남동,더드 하우스,2,고위험군,37.55815851,126.9210094,193020.6388,450961.9287,43.23503898,1.0764208547419898,43.37605302013184,43.0,5.0130243658941165,1454.0,4.713668028189951,431.0,-0.33900901497851105,95.0
마포구,상수동,스테이 상수,2,고위험군,37.54374376,126.9217001,193080.3353,449362.013,36.35500276,3.1178927858185403,43.067275358243634,43.0,5.016088941518722,1454.0,4.2979447704624,431.0,1.6792511927544753,95.0
마포구,서교동,성산하우스 다날,2,고위험군,37.5555066,126.9114407,192174.9005,450668.3517,47.59930885,4.041666467278482,42.35908960890207,43.0,5.014445521139614,1454.0,4.966178109967464,431.0,1.1889647026381014,95.0
마포구,성산동,홍대 스테이,2,고위험군,37.55586956,126.9159724,192575.3645,450708.2683,41.93088503,-1.5641941281861094,41.577462280228595,43.0,5.013970621426466,1454.0,4.918541857410189,431.0,1.8909664887664426,95.0
마포구,연남동,아르테,2,고위험군,37.55988072,126.9204466,192971.0796,451153.1156,44.70694138,-1.8853454531604399,44.84182724780262,43.0,5.0127262655118745,1454.0,4.738155214788643,431.0,0.1561646418929769,95.0
마포구,동교동,플레이 마포,2,고위험군,37.55216009,126.9314476,193942.4449,450295.4516,33.57658687,-0.8283191294043419,38.311973242227374,43.0,5.0132780426058385,1454.0,4.178170346901782,431.0,-0.34175199188940053,95.0
마포구,동교동,제일,2,고위험군,37.55272523,126.931557,193952.1532,450358.1683,33.82804275,-0.4007772523822126,37.82641807164602,43.0,5.013138497206722,1454.0,4.193725046033511,431.0,-0.26148721797954483,95.0
마포구,동교동,머뭄,2,고위험군,37.55362667,126.9288388,193712.0452,450458.3958,30.82154108,2.115649023883851,39.60247734957795,43.0,5.013214092360435,1454.0,4.304898521176296,431.0,0.960376436359912,95.0
마포구,도화동,숑?N하우스,2,고위험군,37.53862766,126.9525846,195809.4355,448792.3636,39.41896813,4.336346494691135,42.51135217776205,43.0,5.014549598262374,1454.0,3.645246829691207,431.0,0.14897966582184335,95.0
마포구,망원동,온마음스테이,2,고위험군,37.5530852,126.9070792,191789.2555,450399.9771,44.93347781,-1.7520312599820826,43.21642605814072,43.0,5.015292382525912,1454.0,4.942003041856755,431.0,2.2512908664004208,95.0
마포구,대흥동,스테이 소도,2,고위험군,37.54740564,126.9439619,195047.9403,449767.032,35.1006392,-7.295053279573992,41.96676151066085,43.0,5.013092155306235,1454.0,3.678172437730656,431.0,1.475315352530412,95.0
마포구,망원동,우리 함께 즐겨요 서울 스테이 2,2,고위험군,37.55358052,126.9037336,191493.6895,450455.2492,49.20445456,7.09078238522288,44.62753172455326,43.0,5.015460144058286,1454.0,4.941904296240398,431.0,1.8609487562012041,95.0
마포구,망원동,Mapo;rest Stay,2,고위험군,37.55747481,126.9008818,191242.1458,450887.731,52.32760638,4.476369482261411,46.08983854216091,43.0,5.014938722818372,1454.0,4.925337306440008,431.0,0.7049396629835663,95.0
마포구,망원동,헬로 스트레엔젤,2,고위험군,37.55773662,126.9034193,191466.3903,450916.5554,35.71649757,-5.938694807137949,45.64737042399248,43.0,5.014684430606173,1454.0,4.929089777741146,431.0,0.47100334424470874,95.0
마포구,서교동,one way house 2,2,고위험군,37.55204423,126.9278899,193628.0583,450282.8277,35.39049272,-0.12069733049500542,40.1568660378596,43.0,5.013660882434685,1454.0,4.288626856841952,431.0,0.8963093658246003,95.0
마포구,동교동,클라우스 하우스2,2,고위험군,37.55433995,126.9283817,193671.7073,450537.592,47.31640074,5.139140675955922,41.59952130889732,43.0,5.013102766010018,1454.0,4.346576141852432,431.0,1.4529232030657138,95.0
마포구,연남동,스테이 고래,2,고위험군,37.56076207,126.9165295,192625.0718,451251.2352,37.94445233,-1.3243584397575319,44.85158308330344,43.0,5.012931654102456,1454.0,4.823377508477128,431.0,2.10042314671149,95.0
마포구,서교동,어울림,2,고위험군,37.5463058,126.9196529,192899.6611,449646.5211,36.85655117,-6.931313440919588,42.068134904186124,43.0,5.015683221797482,1454.0,4.456151644741721,431.0,1.6132057252908083,95.0
마포구,망원동,체리하우스,2,고위험군,37.55621009,126.9054971,191649.8071,450746.9421,46.87284008,-0.02334941057037554,45.20090809946516,43.0,5.014807385609424,1454.0,4.944918050234287,431.0,1.2564729616770995,95.0
마포구,서교동,스테이 이브,2,고위험군,37.55368749,126.9260552,193466.082,450465.3359,36.52239173,0.1805777732482312,40.5980429047647,43.0,5.013478526421052,1454.0,4.42375483274432,431.0,2.3249775178097565,95.0
마포구,망원동,다나 하우스,2,고위험군,37.55521731,126.9011929,191269.3732,450637.1463,44.35412084,1.847841587351759,45.67841560219318,43.0,5.015342444648975,1454.0,4.935744430893834,431.0,1.3445861106252202,95.0
마포구,동교동,루비 스테이,2,고위험군,37.55263061,126.9313943,193937.7706,450347.6771,33.89485713,-0.09846119546775611,37.80256806420795,43.0,5.013176694207529,1454.0,4.194435838719717,431.0,-0.27640599507413954,95.0
마포구,서교동,프라이빗 하우스,2,고위험군,37.55240642,126.9288545,193713.33,450322.9615,52.75698546,6.834078282752522,40.032672823028264,43.0,5.0134844231393165,1454.0,4.260089903804223,431.0,0.3068028671425522,95.0
마포구,노고산동,썬스 하우스,2,고위험군,37.55229819,126.9395073,194654.6397,450310.2902,55.37861633,0.5103931949872873,39.80646403018709,43.0,5.012383615198471,1454.0,3.9340837243545774,431.0,0.8799283488633369,95.0
마포구,도화동,한스 하우스,2,고위험군,37.5347838,126.9461072,195236.7174,448366.0506,39.53713549,-3.677670577851515,42.61919052748681,43.0,5.016272962636131,1454.0,3.697295957441843,431.0,0.22991174128243705,95.0
마포구,연남동,란 스테이,2,고위험군,37.55970759,126.9240994,193293.7994,451133.6333,50.41578958,-0.0007416708735732414,46.67990383314564,43.0,5.012392458754899,1454.0,4.626957016900903,431.0,0.8441037956207227,95.0
마포구,합정동,S HOUSE,2,고위험군,37.5440966,126.9132566,192334.192,449401.8289,41.32785633,-4.575611344926408,41.38074672828593,43.0,5.016674787801131,1454.0,4.638122640848999,431.0,1.6216009805477989,95.0
마포구,서교동,앤드류 게스트하우스,2,고위험군,37.55364634,126.926408,193497.2509,450460.7443,38.66452787,-0.2851123370296662,40.302889175939676,43.0,5.01345276659867,1454.0,4.408678228248239,431.0,2.1163831553334944,95.0
마포구,대흥동,1978 Stay,2,고위험군,37.54655983,126.9429587,194959.231,449673.2106,41.5660089,-0.5126160242214866,41.819021808165765,43.0,5.013415861269071,1454.0,3.6709357881384235,431.0,1.4668712044304062,95.0
마포구,연남동,시담,2,고위험군,37.5631198,126.9223502,193139.567,451512.4746,41.91149724,0.34039038099246,46.2038239469465,43.0,5.011875128892123,1454.0,4.699882654835336,431.0,1.371127116459346,95.0
마포구,연남동,연남재 게스트하우스,2,고위험군,37.55910294,126.9237061,193258.9958,451066.5524,45.09868069,-6.597476484002804,46.113056639789704,43.0,5.012558623556575,1454.0,4.636877974031367,431.0,0.8270069273847391,95.0
마포구,연남동,도란도란3,2,고위험군,37.55911332,126.9253471,193403.9911,451067.588,44.81696758,1.1154369297656004,46.58137356575655,43.0,5.012387689737829,1454.0,4.576384740525356,431.0,0.7897835181195125,95.0
마포구,연남동,찬스하우스,2,고위험군,37.55735274,126.92095,193015.3179,450872.5022,45.05106814,5.626937802466955,43.283125390018505,43.0,5.013197155659218,1454.0,4.710159004469676,431.0,-0.20182606345823892,95.0
마포구,서교동,Moonlight house,2,고위험군,37.55338757,126.915606,192542.7387,450432.826,41.04240256,2.5971372608898236,39.96307923683309,43.0,5.014514179651077,1454.0,4.92311801331962,431.0,2.7087164939885326,95.0
마포구,망원동,힐링하우스2,2,고위험군,37.55917139,126.9022812,191365.9911,451075.9019,50.36786768,2.6497237132474822,45.86554611339803,43.0,5.014506464179642,1454.0,4.9176762930073945,431.0,0.020013491595024045,95.0
마포구,연남동,홍대 스테이유,2,고위험군,37.55805283,126.9241003,193293.7315,450949.9744,46.32841379,2.95122092821574,44.832415183368106,43.0,5.012738323338446,1454.0,4.604545744795347,431.0,0.7152562680393626,95.0
마포구,연남동,홍홈,2,고위험군,37.55730089,126.9211929,193036.7743,450866.7294,48.70051316,3.8998037148047118,43.15927717782649,43.0,5.013184300060842,1454.0,4.701920597733236,431.0,-0.2134741956869178,95.0
마포구,망원동,Dalgonastay M,2,고위험군,37.55511389,126.9044761,191559.4714,450625.3681,52.63829197,5.0475101809356815,45.138528894266976,43.0,5.015102892895451,1454.0,4.943631547091242,431.0,1.5670723382758844,95.0
마포구,연남동,작전명 행복,2,고위험군,37.55860056,126.9252831,193398.2929,451010.6822,46.23106452,-1.8521417430562437,46.19697192849321,43.0,5.012502194421471,1454.0,4.5717495310170255,431.0,0.8232001958800155,95.0
마포구,성산동,우주정복연구소,2,고위험군,37.55878614,126.9160694,192584.2174,451031.9665,44.65165392,1.1900025576408098,43.573635269674405,43.0,5.013370519965801,1454.0,4.865470205178462,431.0,1.6863891417846175,95.0
마포구,동교동,이안 뱃 스테이,2,고위험군,37.55344782,126.9298732,193803.4279,450438.4769,31.12635021,-2.7364194227338956,37.65512014206444,43.0,5.013148709310013,1454.0,4.2645719822988175,431.0,0.24485823137135013,95.0
마포구,합정동,망원경,2,고위험군,37.54918998,126.9088675,191946.8601,449967.4996,48.34358202,-1.5685816368555265,41.961048591106476,43.0,5.015937830595747,1454.0,4.909167028010229,431.0,2.3237554824600766,95.0
마포구,연남동,오아시스 연남1,2,고위험군,37.55924617,126.9231501,193209.8874,451082.4893,53.6424831,3.9334708648046544,46.43368807776406,43.0,5.012585390024863,1454.0,4.6606618579608226,431.0,0.8222691608231539,95.0
마포구,연남동,나로하우스,2,고위험군,37.55789278,126.9204125,192967.8719,450932.4803,38.25749148,-8.260579147056049,43.51177542235504,43.0,5.013137574702354,1454.0,4.735289308069583,431.0,-0.32525858607557456,95.0
마포구,연남동,Kim's Mansion,2,고위험군,37.56119245,126.9193497,192874.2802,451298.7847,44.27610292,-0.612867682593901,46.27083940814653,43.0,5.012569582810565,1454.0,4.761396470023365,431.0,1.8373455054127594,95.0
마포구,대흥동,아라베스크,2,고위험군,37.54692596,126.9434928,195006.4532,449713.8181,58.56602619,-0.470981084681263,41.94541694253052,43.0,5.013265229332439,1454.0,3.6724432976304744,431.0,1.4751100986354881,95.0
마포구,성산동,하이 홍대,2,고위험군,37.55896277,126.9161679,192592.9441,451051.5625,46.33000742,-2.7980910759840825,43.781541321998674,43.0,5.013325772948864,1454.0,4.858420865650159,431.0,1.7242875685056311,95.0
마포구,합정동,낙낙스테이,2,고위험군,37.54943287,126.9075652,191831.8013,449994.5698,48.29025549,-1.2708299138333459,42.16885487114152,43.0,5.015989069233877,1454.0,4.926829060364265,431.0,2.304289717700675,95.0
마포구,합정동,쁘띠맨숀47,2,고위험군,37.54532948,126.9178278,192738.2772,449538.3008,37.85677665,3.5626076976096073,42.072924514252435,43.0,5.016048515371707,1454.0,4.503839337151098,431.0,1.4171331620931102,95.0
마포구,연남동,스테이콤마,2,고위험군,37.55880178,126.9205143,192976.9582,451033.3609,34.19111958,-5.232602290820807,43.77184293059618,43.0,5.012940417728998,1454.0,4.7382828477512815,431.0,-0.580417656749594,95.0
마포구,중동,더 눅 마포,2,고위험군,37.56745481,126.9049959,191606.7813,451995.0184,39.18096702,-0.11188663361205897,43.181259916563775,43.0,5.012741203049059,1454.0,4.866014115598076,431.0,0.4879157038414715,95.0
마포구,상암동,올스테이,2,고위험군,37.57337671,126.8946398,190692.5969,452653.2561,36.68248417,-0.03543834859838313,43.73454429637282,43.0,5.01262758111199,1454.0,4.867019253936281,431.0,-0.09190495291419853,95.0
마포구,망원동,한강스테이,2,고위험군,37.55052045,126.9011467,191264.7472,450115.8552,45.16347052,0.5215599086284755,44.74866356159324,43.0,5.016254793124063,1454.0,4.932773211199252,431.0,1.9794831984917896,95.0
마포구,도화동,흐흐스테이,2,고위험군,37.53876108,126.9518076,195740.771,448807.2065,40.52542179,1.5887018235130341,42.55140677117145,43.0,5.014590851434329,1454.0,3.6553854959427436,431.0,0.14115997836618516,95.0
마포구,서교동,스테이스트 홍대,2,고위험군,37.54926167,126.9140419,192404.1131,449975.0257,44.12743019,5.253138488816418,38.31269365409585,43.0,5.015509285388937,1454.0,4.7978234687910675,431.0,2.2122878687241814,95.0
마포구,서교동,스테이온 328,2,고위험군,37.55308438,126.9270773,193556.3477,450398.3273,38.78574814,1.6954859987481754,39.51953736670177,43.0,5.013510192541941,1454.0,4.360260722928256,431.0,1.5641870914915126,95.0
마포구,동교동,스테이 온기,2,고위험군,37.55321696,126.9306614,193873.0562,450412.8025,42.04993419,8.423874198657792,37.16685646441741,43.0,5.013119689255637,1454.0,4.232412393112479,431.0,-0.07314281304315481,95.0
마포구,성산동,하루안 스테이,2,고위험군,37.56041888,126.9056656,191665.16,451214.053,41.01316851,0.43570256436822064,44.637944125849955,43.0,5.013986704225469,1454.0,4.917984053763608,431.0,-0.2366903765192872,95.0
마포구,창전동,허브하우스,2,고위험군,37.54695341,126.9288941,193716.3697,449717.7402,47.42741959,0.09937593104413622,41.919209167066214,43.0,5.0147237004981395,1454.0,4.0983735262083245,431.0,1.7644110765351548,95.0
마포구,공덕동,다도 하우스 신공덕,2,고위험군,37.54684029,126.9604459,196504.5988,449703.5444,53.68254786,4.890084861538611,41.07102674823328,43.0,5.0112677585142755,1454.0,3.423680335475956,431.0,1.891621695549478,95.0
마포구,상암동,조선힙,2,고위험군,37.57408294,126.8933823,190581.5988,452731.7647,42.38755113,4.527445259065196,43.74937671048727,43.0,5.012617930793935,1454.0,4.867562989758191,431.0,-0.1071139783282407,95.0
마포구,망원동,망원 데이데이,2,고위험군,37.55090791,126.9014883,191294.9709,450158.8269,37.97062489,4.543669041946629,44.73281028638168,43.0,5.016153672214781,1454.0,4.935003302793471,431.0,1.9779144503352488,95.0
마포구,연남동,SSOL HOUSE,2,고위험군,37.56364481,126.9189287,192837.3226,451570.9998,41.94992791,1.3274960230232224,45.65595152708895,43.0,5.012122620340377,1454.0,4.760976200542189,431.0,2.2442785957357314,95.0
마포구,대흥동,스테이연 마포,2,고위험군,37.54561926,126.9419204,194867.4087,449568.8749,45.59930524,4.647244443364343,41.463994888711646,43.0,5.013764730666485,1454.0,3.6747735921366944,431.0,1.4724784342074744,95.0
마포구,도화동,공디스테이,2,고위험군,37.53915854,126.9513128,195697.0645,448851.3422,35.55869613,-3.9064258491295902,42.57646905356178,43.0,5.014527656839416,1454.0,3.66102595668991,431.0,0.15880220785459123,95.0
마포구,합정동,Piece Haus,2,고위험군,37.54910493,126.908141,191882.644,449958.1225,43.72708893,-1.8748110584468165,42.10214484376529,43.0,5.016011588342935,1454.0,4.913402084395044,431.0,2.316893444975494,95.0
마포구,성산동,번역가의 방,2,고위험군,37.5652737,126.9081558,191885.707,451752.6631,36.24997161,-8.385110362772174,43.135822882175596,43.0,5.012852380373834,1454.0,4.86892139774917,431.0,1.0974110869959675,95.0
마포구,창전동,스테이 에이치,2,고위험군,37.55122877,126.9314395,193941.6485,450192.0868,44.17996651,2.9852839039698296,39.113965871735644,43.0,5.013491349603884,1454.0,4.147515735547802,431.0,-0.38998518833610346,95.0
마포구,연남동,홍대온스테이,2,고위험군,37.55877584,126.9202131,192950.3393,451030.5044,47.01350271,0.32023171274148865,43.65009763659005,43.0,5.012975298753478,1454.0,4.744024593482359,431.0,-0.665467349768182,95.0
마포구,동교동,Hee's house,2,고위험군,37.55278435,126.931626,193958.2559,450364.7255,42.86069235,4.067713571314123,37.82192587781185,43.0,5.013117974221439,1454.0,4.194271732614597,431.0,-0.24541570176841435,95.0
마포구,연남동,사브리나 인 연남,2,고위험군,37.56090713,126.9166146,192632.5979,451267.3284,40.30608595,-0.16906497851429947,44.907350981099036,43.0,5.012894603221503,1454.0,4.819756520238567,431.0,2.1172241582542624,95.0
마포구,노고산동,레아스테이,2,고위험군,37.55209414,126.9324024,194026.806,450288.0708,43.07030471,6.002244695712129,38.650748768795616,43.0,5.013194972090214,1454.0,4.159075339872556,431.0,-0.23531399054029306,95.0
마포구,연남동,Project 202,2,고위험군,37.55800662,126.9245589,193334.2541,450944.813,42.81096944,0.8090545361716295,45.10414871227866,43.0,5.012701510602103,1454.0,4.587801824424544,431.0,0.7535970005408603,95.0
마포구,동교동,준하우스1,2,고위험군,37.55645178,126.9222266,193128.0345,450772.4122,38.4642407,-4.271218668123055,42.36587759807669,43.0,5.013261149501277,1454.0,4.653189328366231,431.0,-0.014352304484751666,95.0
마포구,연남동,어반리프연남,2,고위험군,37.56043788,126.9257333,193438.2267,451214.5715,50.94642774,2.4513420206156837,47.45688154642528,43.0,5.012069908163669,1454.0,4.580491530005556,431.0,0.7778823788678979,95.0
마포구,도화동,스텔라스테이,2,고위험군,37.53862228,126.9523933,195792.5281,448791.775,42.48178235,3.635753756623103,42.516359657106506,43.0,5.014570826221293,1454.0,3.6464498537415664,431.0,0.13216988625731652,95.0
마포구,서교동,신화,2,고위험군,37.55124449,126.9238334,193269.535,450194.3488,40.66410876,-0.2289750419666916,42.340657180770265,43.0,5.01422613101494,1454.0,4.438037334224141,431.0,2.5037177079646113,95.0
마포구,서교동,스테이 로뎀,2,고위험군,37.54641613,126.9157121,192551.4229,449659.0713,47.78916984,4.190074685725854,41.421937868224894,43.0,5.015981378029572,1454.0,4.614025891885401,431.0,1.6090211400957843,95.0
마포구,서교동,코자요03,2,고위험군,37.54948675,126.9219025,193098.7498,449999.4008,45.81704151,1.1627578247579535,41.943052007323885,43.0,5.014787976268146,1454.0,4.463594040827185,431.0,2.2650486968955175,95.0
마포구,대흥동,Casa Luna,2,고위험군,37.55116109,126.9437627,195030.5881,450183.8523,43.98477435,5.023427554556001,40.92379999358068,43.0,5.012175116119395,1454.0,3.749113065299414,431.0,1.3898170820865028,95.0
마포구,연남동,엔조이연남,2,고위험군,37.5619481,126.9204545,192971.9665,451382.5698,44.3285228,-2.221859534231207,46.380177463827906,43.0,5.012306510978763,1454.0,4.7365351919348,431.0,1.8505627701123735,95.0
마포구,연남동,바다민박,2,고위험군,37.56106961,126.9263398,193491.8711,451284.6439,51.59916256,4.35598817426601,47.478194388362915,43.0,5.011873673537827,1454.0,4.569433518564085,431.0,0.7716279889685064,95.0
마포구,서교동,유월애,2,고위험군,37.54887439,126.9194584,192882.7172,449931.6184,46.34350791,5.969902220696817,40.62238427832855,43.0,5.01513628969268,1454.0,4.5460045357348005,431.0,1.8686761597818122,95.0
마포구,도화동,공덕 스테이,2,고위험군,37.53826824,126.9517284,195733.745,448752.5108,44.52035866,0.7051888340759831,42.55606832104154,43.0,5.014740970507056,1454.0,3.6576655714140425,431.0,0.13380730850913253,95.0
마포구,망원동,더 피크닉 스테이,2,고위험군,37.55345249,126.8968384,190884.3967,450441.6857,47.01434772,0.5222682660722597,46.032079162978135,43.0,5.016006230149718,1454.0,4.934159252281832,431.0,1.4468913674917758,95.0
마포구,동교동,동교 네스트,2,고위험군,37.55429383,126.9296992,193788.1221,450532.3854,37.91379629,6.389287828120036,39.42383793882599,43.0,5.012978152566968,1454.0,4.295010744417372,431.0,0.8182121263633433,95.0
마포구,서교동,스테이담,2,고위험군,37.55557681,126.9163648,192610.0035,450675.7456,47.79445937,3.843079231555606,41.73330679000106,43.0,5.013994934527271,1454.0,4.903481223413982,431.0,1.9947213005764566,95.0
마포구,합정동,버터하우스,2,고위험군,37.54666495,126.9069015,191772.8478,449687.4218,43.19565546,1.0037298426544226,42.44828961901732,43.0,5.016606355881735,1454.0,4.868430816510979,431.0,2.1256756800784746,95.0
마포구,합정동,스테이 쉼표,2,고위험군,37.54965774,126.9092616,191981.7349,450019.3816,52.39481819,5.491577535028732,41.662936284875656,43.0,5.015811014000713,1454.0,4.914719027522382,431.0,2.3764800263336454,95.0
마포구,공덕동,블루하우스,2,고위험군,37.54714898,126.9620284,196644.4558,449737.7476,44.94975854,1.154432356040374,40.50699303859227,43.0,5.010970179847902,1454.0,3.3821353417967903,431.0,1.9116914399798062,95.0
마포구,합정동,하울의 집,2,고위험군,37.54707,126.9105275,192093.3234,449732.0664,48.46415992,4.231004071838477,41.483713039673646,43.0,5.016249203977086,1454.0,4.81241340009428,431.0,2.1010670376640936,95.0
마포구,공덕동,벨라 스테이,2,고위험군,37.54466259,126.9591898,196393.4868,449461.8935,34.59263303,1.6837974869317875,41.255413213246015,43.0,5.012053999630701,1454.0,3.4776732867381916,431.0,1.5040479993677593,95.0
마포구,염리동,모먼트 하우스,2,고위험군,37.55289715,126.9467542,195295.0388,450376.3802,34.7657327,0.2167134248384741,41.073513923670546,43.0,5.011390543131934,1454.0,3.745124109362345,431.0,1.5172750459975117,95.0
마포구,공덕동,뉴 웨이브 하우스 101,2,고위험군,37.54403611,126.9539222,195927.9395,449392.5769,41.69795548,4.5438969486283725,41.10471328199965,43.0,5.01286396781221,1454.0,3.595751994404674,431.0,0.42393909500473376,95.0
마포구,연남동,CARRIE'S HOME,2,고위험군,37.56141201,126.9251507,193386.8386,451322.7293,54.32612623,4.9361916364061,47.06735146940622,43.0,5.011929153139575,1454.0,4.605118362495478,431.0,0.8245104003379737,95.0
마포구,공덕동,우당탕탕 태희네,2,고위험군,37.54733049,126.9602237,196484.9868,449757.959,36.36930637,-1.016425125923675,40.96962347386112,43.0,5.011156978161112,1454.0,3.4237507835675967,431.0,1.9601616466505642,95.0
마포구,상수동,홍스 하우스,2,고위험군,37.54604513,126.9234423,193234.5117,449617.3105,54.87893526,7.121077957433705,42.575987170071755,43.0,5.015419953058955,1454.0,4.28579255206177,431.0,1.9672494494778179,95.0
마포구,서교동,홍대 안미당,2,고위험군,37.55226731,126.9230807,193203.1191,450307.9238,42.66095014,-2.4952071734396455,42.691370923659086,43.0,5.014073334187283,1454.0,4.5061069324636005,431.0,2.9879178503856734,95.0
마포구,성산동,파라다이스 인 마포,2,고위험군,37.56086449,126.9101334,192059.9605,451263.1237,34.32780129,-4.2256472976023645,43.09319522523476,43.0,5.013507815085462,1454.0,4.910432962420904,431.0,0.8658093595913996,95.0
마포구,당인동,상수 스테이,2,고위험군,37.54329958,126.9196483,192898.973,449312.8674,48.4506058,3.7361074660856346,42.67453995926077,43.0,5.016355226461222,1454.0,4.373518446943122,431.0,1.469280872979806,95.0
마포구,아현동,메리골든스테이,2,고위험군,37.55401904,126.9598616,196453.2981,450500.3214,43.11624985,0.7124535192664183,39.66333096848432,43.0,5.009362197285816,1454.0,3.347779785291333,431.0,2.668219405375342,95.0
마포구,아현동,기다린보람 마포스테이,2,고위험군,37.55408576,126.9522983,195785.001,450508.0387,60.95870776,3.6124649591986255,41.84172882648009,43.0,5.010387706207622,1454.0,3.658230206593775,431.0,1.9923102367205374,95.0
마포구,서교동,Tomy guest house,2,고위험군,37.5527082,126.9276907,193610.5156,450356.534,39.16044945,1.07006844287271,40.02085106466686,43.0,5.013532798682806,1454.0,4.321236893166886,431.0,1.1798769436848167,95.0
마포구,아현동,머무룸,2,고위험군,37.55415387,126.954225,195955.2537,450515.5135,40.73471122,1.7409675915653366,41.984965006796344,43.0,5.010112877787549,1454.0,3.5704626214105226,431.0,2.2281391267367074,95.0
마포구,합정동,소소당 합정,2,고위험군,37.54724842,126.9046318,191572.3382,449752.381,44.18714234,1.3229278323964522,43.049686050816774,43.0,5.016653051417566,1454.0,4.902389923630061,431.0,2.1444583150011542,95.0
마포구,망원동,굿바이브,2,고위험군,37.5595094,126.9030953,191437.9627,451113.3425,46.66383786,6.950566850958552,45.6393650334829,43.0,5.014375669809776,1454.0,4.9184657471890825,431.0,-0.21288501525705028,95.0
마포구,서교동,조하 하우스,2,고위험군,37.55263083,126.9235036,193240.5227,450348.2397,51.2531941,4.091605930333742,42.7853701633088,43.0,5.0139546563939605,1454.0,4.496939750607898,431.0,2.981803547515463,95.0
마포구,도화동,우리함께즐겨요 서울스테이,2,고위험군,37.53687991,126.9472655,195339.2182,448598.635,40.45180932,4.734047167581139,42.7975529393121,43.0,5.015572746763552,1454.0,3.6903952777708278,431.0,0.22408281524700216,95.0
마포구,공덕동,미담스테이,2,고위험군,37.54543146,126.9575945,196252.5513,449547.2911,43.62104579,5.289631397168158,41.07499929289234,43.0,5.01203136127618,1454.0,3.5098276407050846,431.0,1.3322050987591811,95.0
마포구,망원동,레스트 휴,2,고위험군,37.55134398,126.9037998,191499.2771,450207.014,46.89687721,2.387997579000995,43.78073531713909,43.0,5.015894249051147,1454.0,4.936460835185031,431.0,2.110533340613832,95.0
마포구,합정동,로스터블록,2,고위험군,37.55019796,126.9077013,191843.9087,450079.4738,45.04334689,-0.06665239654906685,42.061159589318876,43.0,5.0158230209134205,1454.0,4.929419277828298,431.0,2.3597022810080523,95.0
마포구,서교동,HAN HOME,2,고위험군,37.55236449,126.9259131,193453.4136,450318.5086,34.58552326,-5.296593490027348,40.48741657231608,43.0,5.013782568866227,1454.0,4.386274882988681,431.0,2.1774474518773683,95.0
마포구,망원동,럭키스테이,2,고위험군,37.55330759,126.9074366,191820.8589,450424.6286,39.47206009,-7.916240587069062,43.2448777836218,43.0,5.0152193293482865,1454.0,4.945061197791583,431.0,2.2588301065038134,95.0
마포구,동교동,하이미쉬,2,고위험군,37.55454393,126.9282429,193659.4626,450560.2407,41.57988634,-0.8507223291291766,42.05734391170967,43.0,5.013071987014895,1454.0,4.358170603917209,431.0,1.5946956755927588,95.0
마포구,동교동,빙고 연남 루프탑,2,고위험군,37.55720823,126.9250743,193379.7147,450856.1648,41.02438545,0.1575816699778656,44.37686699362983,43.0,5.012818107043749,1454.0,4.550756940232018,431.0,0.7321869919574595,95.0
마포구,서교동,STAY AN,2,고위험군,37.55280385,126.9234984,193240.0762,450367.4432,51.97403842,4.07387377952346,42.801128461210006,43.0,5.013917631707593,1454.0,4.5024077772623645,431.0,3.025017158914687,95.0
마포구,상수동,Hongdae Cozy Stay,2,고위험군,37.54686313,126.9218142,193090.7102,449708.217,37.9569572,-6.40709531383164,42.08742389130599,43.0,5.015376385751945,1454.0,4.379275067337971,431.0,1.8958271185415647,95.0
마포구,노고산동,호미 게스트하우스,2,고위험군,37.55043029,126.9373534,194464.1731,450103.1004,26.17670955,-6.291631743013117,39.590939557335446,43.0,5.01306384241199,1454.0,3.9370104578852145,431.0,0.4981895084563722,95.0
마포구,연남동,J HOUSE,2,고위험군,37.55962836,126.9229854,193195.3709,451124.9198,45.64369053,3.170611775882918,47.099894948956205,43.0,5.012522921681241,1454.0,4.671789083996584,431.0,0.8508757638848163,95.0
마포구,도화동,요셉 게스트하우스,2,고위험군,37.53838834,126.9533994,195881.4351,448765.766,33.42675615,-1.6123886997518184,42.46342234741424,43.0,5.014535237510848,1454.0,3.6388127104690287,431.0,0.15305031281617865,95.0
마포구,창전동,Garden House,2,고위험군,37.54657553,126.9291723,193740.9174,449675.7816,34.54681795,-2.064425209737479,41.93473524669784,43.0,5.014785890681485,1454.0,4.071394314742726,431.0,1.8417149719806434,95.0
마포구,동교동,Like House,2,고위험군,37.55418894,126.9261603,193475.4135,450520.9836,32.40412343,-4.67877516956996,41.252351372517154,43.0,5.013358745903703,1454.0,4.435063183484174,431.0,2.2875278790803173,95.0
마포구,연남동,시즈 더 데이,2,고위험군,37.55886588,126.9245163,193330.5587,451040.1838,38.86967166,-6.51331261185581,46.092521851070906,43.0,5.012525309426814,1454.0,4.598809367347199,431.0,0.8041421844834383,95.0
마포구,연남동,메모리스테이 연남2호점,2,고위험군,37.5609347,126.9180655,192760.7973,451270.2756,50.33765509,4.023293018073552,45.58470541344626,43.0,5.01274808221334,1454.0,4.7928384811859726,431.0,1.9873320398494252,95.0
마포구,합정동,호루스 스테이,2,고위험군,37.54465034,126.9117784,192203.6099,449463.4089,42.99279889,-3.371401979904391,41.204503742515115,43.0,5.016666872103201,1454.0,4.6985839728728624,431.0,1.7649258574339521,95.0
마포구,연남동,여기연남스테이,2,고위험군,37.55833364,126.9173848,192700.403,450981.6413,47.46248039,6.716357547057335,43.69243559178886,43.0,5.013337861425297,1454.0,4.834837497503333,431.0,1.2757600615666496,95.0
마포구,합정동,한스테이,2,고위험군,37.5497112,126.9063113,191721.0267,450025.5708,42.35205135,0.5051918727831577,42.50552682567961,43.0,5.016028875368447,1454.0,4.932386838067015,431.0,2.2953550756166514,95.0
마포구,연남동,메모리 메종 연남점,2,고위험군,37.5585801,126.9216348,193075.9371,451008.6739,47.74167377,1.343299479743834,43.53847690499056,43.0,5.012875474149015,1454.0,4.705754417974948,431.0,0.02219665211432889,95.0
마포구,합정동,픽토피아,2,고위험군,37.54538119,126.9133272,192340.5626,449544.3971,36.18517448,-5.467132598669465,41.183542612994955,43.0,5.016392189447811,1454.0,4.669176129838823,431.0,1.697437829325665,95.0
마포구,성산동,Stay 별의 순간 마포점,2,고위험군,37.56291777,126.9052212,191626.176,451491.4399,48.00743028,2.0414480429321458,44.18625090907752,43.0,5.013555740459146,1454.0,4.899319150514015,431.0,0.010422303895251603,95.0
마포구,망원동,아틀리에 망원,2,고위험군,37.55134046,126.9063371,191723.4858,450206.3969,44.35743409,-1.238119399289701,42.64135593735945,43.0,5.015699272472222,1454.0,4.932683948709534,431.0,2.288490417182481,95.0
마포구,동교동,마이스위레트로홈,2,고위험군,37.55397747,126.9287902,193707.7724,450497.3336,30.64792281,1.3068227058286155,40.15445262806882,43.0,5.01314128880682,1454.0,4.318090280218675,431.0,1.1858621936405513,95.0
마포구,성산동,헬로 홍대,2,고위험군,37.56216857,126.9136981,192375.0468,451407.566,49.15145031,4.7459205732745104,44.681663271713546,43.0,5.012925265157564,1454.0,4.853262835821319,431.0,1.9076106965752582,95.0
마포구,망원동,루다 스테이,2,고위험군,37.55512215,126.9012835,191277.3719,450626.5763,37.65805455,-4.802412340399293,45.62758620870113,43.0,5.01535357608188,1454.0,4.936145340439168,431.0,1.3634511782022762,95.0
마포구,서교동,영가집,2,고위험군,37.54990223,126.9137261,192376.2702,450046.1457,33.951058,-3.6959501830318047,38.03365413502644,43.0,5.015400654813703,1454.0,4.847392237546009,431.0,2.3821335686096012,95.0
마포구,서교동,라티에르 스테이,2,고위험군,37.54641973,126.9162102,192595.4372,449659.4315,40.50735016,-0.3621256716435113,41.49465623313763,43.0,5.015940542862897,1454.0,4.594844302631467,431.0,1.5319004181579325,95.0
마포구,공덕동,모이재 스테이,2,고위험군,37.54514579,126.9547393,196000.2088,449515.7029,45.5311271,-5.533702990133818,40.84034543362955,43.0,5.012458305153553,1454.0,3.577787240510529,431.0,0.704682023543194,95.0
마포구,서교동,호호 하우스,2,고위험군,37.55544887,126.9152257,192509.3399,450661.636,27.01961036,-4.757187694012686,41.45558628210178,43.0,5.014123984533858,1454.0,4.951241417069061,431.0,1.9049311180373705,95.0
마포구,도화동,마포스테이4889,2,고위험군,37.53510683,126.9469731,195313.2714,448401.8594,44.07387865,1.120420351318252,42.61619294644864,43.0,5.016103576466473,1454.0,3.6941692748633748,431.0,0.2219239739434629,95.0
마포구,연남동,연남 호토 레지던스,2,고위험군,37.55873632,126.919279,192867.8065,451026.1886,43.45090222,-2.4101710059495645,44.00699666294759,43.0,5.013074414780689,1454.0,4.773183928906197,431.0,0.21177356713679918,95.0
마포구,서교동,Crystal House,2,고위험군,37.55280378,126.9236755,193255.7227,450367.4227,55.04161081,3.33180355098046,42.80099452362846,43.0,5.013900858204151,1454.0,4.4937204316387405,431.0,3.01315054235599,95.0
마포구,연남동,밀리스테이,2,고위험군,37.55655551,126.9175438,192714.2733,450784.2777,31.84067063,-5.999217075932837,42.39422754252637,43.0,5.013685685913294,1454.0,4.836207251687047,431.0,1.3720705253952332,95.0
마포구,서교동,하우스32,2,고위험군,37.54976841,126.9185484,192802.392,450030.9131,35.82394152,0.10356019388913751,40.134136709179096,43.0,5.015021547362763,1454.0,4.612039732431886,431.0,2.0118629640298415,95.0
마포구,서교동,Fave stay #2,2,고위험군,37.5527121,126.9235845,193247.6751,450357.2539,51.67837282,3.8044583896466193,42.80807357357053,43.0,5.013929372839919,1454.0,4.495465761068641,431.0,3.0012674549407095,95.0
마포구,연남동,홍대 코지 그린하우스,2,고위험군,37.55713027,126.9177928,192736.3366,450848.0499,39.60070126,0.6546213356279225,42.6487099629107,43.0,5.01354460767035,1454.0,4.8281149842919175,431.0,1.1173317364105244,95.0
마포구,서교동,무드하우스,2,고위험군,37.54970282,126.9149446,192483.9249,450023.9155,38.97390807,-0.21374782909566648,38.02994832261282,43.0,5.015341563821083,1454.0,4.780148572123578,431.0,2.218801060362061,95.0
마포구,연남동,말랑홈_핑크,2,고위험군,37.55797799,126.9205116,192976.644,450941.9302,37.77577894,-9.481874046702593,43.49701553261141,43.0,5.013110327326175,1454.0,4.731758372164079,431.0,-0.37328019737715,95.0
마포구,연남동,컴피리피,2,고위험군,37.56137483,126.9258038,193444.5404,451318.557,46.5877638,-2.115905755598618,47.24200441244498,43.0,5.011867426547952,1454.0,4.585343074916783,431.0,0.7950154967687564,95.0
마포구,성산동,코너하우스,2,고위험군,37.5572897,126.9168578,192653.7348,450865.8174,44.69281158,2.8846629695769295,42.5653725854946,43.0,5.013599469835657,1454.0,4.865835724316356,431.0,1.410564324684992,95.0
마포구,서교동,코타로 하우스,2,고위험군,37.55221668,126.9300996,193823.3324,450301.8201,37.46907485,2.7984159262163075,38.064345311187466,43.0,5.013402147261069,1454.0,4.216133288866308,431.0,-0.30786291132022514,95.0
마포구,동교동,야피,2,고위험군,37.55410694,126.9278142,193621.5485,450511.769,46.59697431,5.994972702518943,41.877753858343084,43.0,5.0132114711258176,1454.0,4.362175647238473,431.0,1.5574579761326324,95.0
마포구,서교동,니트하우스 마포,2,고위험군,37.55152417,126.9182032,192772.0547,450225.808,38.85998759,0.07227867572725444,39.93115583142253,43.0,5.0146763457529895,1454.0,4.683793200279066,431.0,3.0880787432150867,95.0
마포구,서교동,노스텔지아3,2,고위험군,37.55354575,126.9263015,193487.8351,450449.5874,40.54950396,-1.105624441843517,40.23106679575498,43.0,5.01348528608657,1454.0,4.409571423771035,431.0,2.188628285709861,95.0
마포구,연남동,모노하우스 5호점,2,고위험군,37.56077809,126.9236462,193253.8587,451252.4786,54.10446143,7.604393551164293,47.61530215996137,43.0,5.012217668794148,1454.0,4.651431703250019,431.0,0.9355076059757937,95.0
마포구,동교동,모노홈 스튜디오,2,고위험군,37.55369271,126.9294729,193768.0794,450465.6832,38.94999251,-2.8672258195519476,38.728585620814414,43.0,5.013134963183895,1454.0,4.284732960811904,431.0,0.6135096223889407,95.0
마포구,연남동,헬로인디아,2,고위험군,37.56106133,126.9182818,192779.9212,451284.3134,53.46915025,2.9690437864316834,45.701719073304815,43.0,5.012701497277346,1454.0,4.785933290644382,431.0,2.0125582215462754,95.0
마포구,공덕동,하루 스테이,2,고위험군,37.54779449,126.9607896,196535.0131,449809.4364,42.81249474,-1.5120230727086152,40.639226308166556,43.0,5.01095022168346,1454.0,3.4036700657962853,431.0,2.0389719362876946,95.0
마포구,연남동,부영,2,고위험군,37.56131322,126.9257321,193438.1966,451311.724,40.53299014,-8.164197492693475,47.255399341409166,43.0,5.011887858547971,1454.0,4.587359246969081,431.0,0.7970770130609226,95.0
마포구,연남동,마리하우스2,2,고위험군,37.56124697,126.9181051,192764.3236,451304.9309,35.99859653,2.0638516470414956,45.5206104209759,43.0,5.012681713516294,1454.0,4.790067061653142,431.0,2.1089499022498988,95.0
마포구,서교동,지미스테이,2,고위험군,37.55261622,126.9281441,193650.5664,450346.2946,41.12596655,-0.0967042961488147,40.29454283286949,43.0,5.013508315301891,1454.0,4.299722618249045,431.0,0.9445007844786875,95.0
마포구,서교동,서교한옥,2,고위험군,37.55264853,126.9159631,192574.2214,450350.7731,30.52683469,-4.7480207344748635,39.31109208290965,43.0,5.014636470887177,1454.0,4.869985866473661,431.0,2.8052668003385044,95.0
마포구,연남동,월넛하우스,2,고위험군,37.56188142,126.9166782,192638.3193,451375.4582,39.37426266,-6.5460398795968615,44.997621064981814,43.0,5.0126951791563705,1454.0,4.809002126107841,431.0,2.2067390682104016,95.0
마포구,동교동,제이투 하우스,2,고위험군,37.55442785,126.9287148,193701.1514,450547.3255,45.98524688,6.513456864233689,40.946316834705186,43.0,5.013049455379028,1454.0,4.336103491160571,431.0,1.3283772451557767,95.0
마포구,망원동,June Stay,2,고위험군,37.55431248,126.9072554,191804.9621,450536.1752,50.85318785,3.825627856014961,44.11523399963,43.0,5.015034792535483,1454.0,4.946471807272815,431.0,2.080989849316308,95.0
마포구,연남동,스테이 유,2,고위험군,37.56272888,126.9237351,193261.8908,451468.9869,48.74055633,-0.20036864167423118,46.37587783272647,43.0,5.011808744637954,1454.0,4.653999386210278,431.0,0.9973901217543266,95.0
마포구,연남동,탠저린스테이 홍대,2,고위험군,37.56164484,126.9188471,192829.918,451349.0329,36.30092284,1.2261152290709418,45.873663841284824,43.0,5.01252877835504,1454.0,4.769435690123217,431.0,2.15517815575908,95.0
마포구,연남동,JINI HOUSE,2,고위험군,37.56319218,126.9162468,192600.3337,451520.971,44.53484597,1.561077510330911,45.12623031243194,43.0,5.012479415569419,1454.0,4.803178978870167,431.0,2.207155283719354,95.0
마포구,성산동,K-힐스테이,2,고위험군,37.56017585,126.9088709,191948.3417,451186.8002,38.84037582,-6.595103598892003,43.35156096421529,43.0,5.013753418140215,1454.0,4.9223096306988845,431.0,0.2659176087713467,95.0
마포구,도화동,57 Space,2,고위험군,37.53848737,126.9528834,195835.8329,448776.7798,39.05705017,3.931963869004605,42.50291284663176,43.0,5.014559567968771,1454.0,3.644479172856194,431.0,0.16060303881581442,95.0
마포구,염리동,아느케,2,고위험군,37.55283256,126.9461848,195244.7208,450369.2402,42.61901094,7.13663237287691,41.00624160546596,43.0,5.011475862911304,1454.0,3.7560716034615007,431.0,1.4985973680691462,95.0
마포구,동교동,RSJ 하우스,2,고위험군,37.55423106,126.9259998,193461.2299,450525.6695,31.35546032,-4.924296336804261,41.27566986826473,43.0,5.013365471631972,1454.0,4.442501175859672,431.0,2.3426329595695936,95.0
마포구,동교동,hyuk House,2,고위험군,37.5528397,126.9307825,193883.7234,450370.9233,33.1340177,-0.28078436510485005,37.17890455859881,43.0,5.013192209934729,1454.0,4.215500045681925,431.0,-0.22451861039759066,95.0
마포구,상수동,단밤스테이,2,고위험군,37.547419,126.9232874,193220.9483,449769.8046,44.63831467,-1.5892423897395886,42.16486965509055,43.0,5.015123917586598,1454.0,4.332163947409609,431.0,2.0640196106194884,95.0
마포구,신수동,레일파크 스테이,2,고위험군,37.54545072,126.9381402,194533.3384,449550.382,34.36502318,-5.407805586896735,40.087983437010095,43.0,5.014193675091562,1454.0,3.7826972707120126,431.0,1.153428112862234,95.0
마포구,망원동,The Haru House,2,고위험군,37.55369338,126.9030948,191437.2566,450467.8333,42.86753311,-0.17420273675711684,44.85022826233273,43.0,5.015488026954922,1454.0,4.940971049310325,431.0,1.7849946154737315,95.0
마포구,공덕동,Maple stay,2,고위험군,37.54367203,126.9536004,195899.4845,449352.1824,33.15737432,-4.708885996158969,41.22075533630452,43.0,5.013002880370332,1454.0,3.6072428296586905,431.0,0.34890508788547975,95.0
마포구,망원동,카멜리아,2,고위험군,37.55776775,126.8980095,190988.3932,450920.5154,41.4128707,5.925280530823635,46.425907061675275,43.0,5.015109737543839,1454.0,4.920972502104497,431.0,0.7418830724715424,95.0
마포구,연남동,TJ 하우스,2,고위험군,37.55704782,126.9177783,192735.0421,450838.9001,38.44095113,-0.06312067914523567,42.584900667171,43.0,5.013562857137259,1454.0,4.8264756163999065,431.0,1.1572392200350736,95.0
마포구,노고산동,스테이 헤리티지 신촌,2,고위험군,37.55191817,126.939617,194664.3008,450268.1063,57.20113294,1.2806648250420167,39.82218898027308,43.0,5.0124620094768,1454.0,3.921780218846353,431.0,0.8736742492208012,95.0
마포구,도화동,프로젝트 드라곤,2,고위험군,37.53904695,126.9518446,195744.0591,448838.9329,35.87048029,-3.385174759354456,42.53671301104265,43.0,5.014504884633636,1454.0,3.65422841082218,431.0,0.14775089120243365,95.0
마포구,염리동,희가공덕,2,고위험군,37.54292791,126.9451995,195157.0158,449269.9937,56.98463768,2.531516463755871,42.216915591986265,43.0,5.014121926160711,1454.0,3.6787747397329116,431.0,1.0172135070316977,95.0
마포구,서교동,오키도키 하우스,2,고위험군,37.55200923,126.9129405,192307.0669,450280.0615,33.99808019,-1.8899685004362468,38.59246768833562,43.0,5.01502822255112,1454.0,4.957327864383429,431.0,2.551536975232187,95.0
마포구,동교동,서울맨션,2,고위험군,37.55672797,126.9252504,193395.2392,450802.8492,41.01306981,2.5625643273245657,43.964420054923885,43.0,5.012902491805054,1454.0,4.53430462324781,431.0,0.7792003997637015,95.0
마포구,연남동,하우스 홍시,2,고위험군,37.55748658,126.9211909,193036.6175,450887.3389,51.86454428,5.746728977901242,43.1763803634217,43.0,5.013145879640585,1454.0,4.704014105978459,431.0,-0.23833799256214233,95.0
마포구,연남동,OH House,2,고위험군,37.55752743,126.9217888,193089.4494,450891.8287,36.18747273,-2.8368868295526397,43.030334914430966,43.0,5.013078828776838,1454.0,4.688969991397207,431.0,-0.07592815392196647,95.0
마포구,연남동,Elly's Guest House,2,고위험군,37.56066686,126.9214487,193059.6867,451240.2934,54.21278288,2.127632951086241,46.78626588939885,43.0,5.012465480185624,1454.0,4.7198474467131435,431.0,1.3041840668770646,95.0
마포구,연남동,콜립 연남,2,고위험군,37.55911404,126.9209132,193012.2273,451067.9884,37.12814325,0.3613981730434972,44.01742392833721,43.0,5.012836930969107,1454.0,4.727122105726873,431.0,-0.14167605735930533,95.0
마포구,서교동,하이데어,2,고위험군,37.55214106,126.9257166,193436.0235,450293.7242,42.95239326,3.132005607475854,40.64062314614014,43.0,5.013850733432716,1454.0,4.3869090532653034,431.0,2.190610733367146,95.0
마포구,동교동,올빛(ORBIT),2,고위험군,37.55681326,126.9232454,193218.0846,450812.4582,26.99113677,-5.306842128640273,42.397444340340186,43.0,5.013084905506453,1454.0,4.619568194013636,431.0,0.2872244099579885,95.0
마포구,동교동,딥서울 게스트하우스,2,고위험군,37.55656829,126.9246742,193344.3102,450785.1673,30.80172148,-2.48512762177533,43.30595935417492,43.0,5.0129944904768795,1454.0,4.552696505428706,431.0,0.5889824461814073,95.0
마포구,서교동,벙크2 게스트하우스,2,고위험군,37.55214693,126.9263077,193488.2612,450294.3346,40.52433514,0.538445904984215,40.18360802089497,43.0,5.013792403352964,1454.0,4.361331028125048,431.0,1.8612650753862132,95.0
마포구,연남동,guesthouse pajamaparty,2,고위험군,37.56217134,126.9229118,193189.1003,451407.1659,45.17304001,1.7144827720498625,46.41993899197809,43.0,5.012008677291255,1454.0,4.681448175445569,431.0,1.1507043409624784,95.0
마포구,연남동,아이하우스 친친,2,고위험군,37.56132637,126.9177439,192732.4199,451313.7712,53.76830199,-8.238574368964066,45.28623660453663,43.0,5.0127012994460936,1454.0,4.797481459307675,431.0,2.1509609623913954,95.0
마포구,동교동,다온하우스,2,고위험군,37.55665201,126.9247275,193349.0245,450794.4555,30.64308391,-2.8074632685938496,43.42184555840486,43.0,5.012971331370302,1454.0,4.552045438224983,431.0,0.6137417129653173,95.0
마포구,연남동,소쥬2,2,고위험군,37.55573509,126.9188773,192832.0193,450693.1183,46.87529653,-0.5347012004768743,43.524182559805496,43.0,5.013730709054752,1454.0,4.770398136332023,431.0,1.393833275608721,95.0
마포구,연남동,만두 게스트하우스,2,고위험군,37.56013397,126.9225473,193156.7017,451181.0683,45.44885527,4.6111065145393795,47.89638303308445,43.0,5.012463181830124,1454.0,4.688065947613365,431.0,0.9983682674291467,95.0
마포구,서교동,Br. house,2,고위험군,37.55232736,126.9270845,193556.917,450314.3067,46.18543262,0.6320411148014387,39.86445041537216,43.0,5.013676886264254,1454.0,4.333844559589068,431.0,1.3499386362728094,95.0
마포구,동교동,더 퍼플 스테이 홍대,2,고위험군,37.55362244,126.9296458,193783.3505,450457.8726,42.90114764,-3.1552663348887435,38.30605914193078,43.0,5.013132966036998,1454.0,4.277233973814486,431.0,0.46098784624189637,95.0
마포구,서교동,퀸 하우스,2,고위험군,37.55306813,126.9180496,192758.633,450397.1809,32.90504349,2.325104841533623,40.755343833796175,43.0,5.014363747021539,1454.0,4.74913394401026,431.0,3.6390582829319547,95.0
마포구,연남동,Two Two House,2,고위험군,37.55876527,126.924045,193288.9137,451029.0508,53.56437238,7.073513574995992,45.841608024111736,43.0,5.012594558825709,1454.0,4.617243084697558,431.0,0.8119953835725816,95.0
마포구,연남동,포토 하우스,2,고위험군,37.56100301,126.9227235,193172.3517,451277.5087,43.11554454,-0.8747457892249244,47.55632473177538,43.0,5.01226672877612,1454.0,4.6837198949733665,431.0,1.2015514396922755,95.0
마포구,연남동,더 어반 게스트하우스,2,고위험군,37.55960824,126.9256379,193429.7249,451122.4979,50.14692745,4.065483130345854,47.168453769443914,43.0,5.012253512442602,1454.0,4.5740450034956135,431.0,0.7945878539019823,95.0
마포구,서교동,나루게스트하우스,2,고위험군,37.5486408,126.9171645,192679.983,449905.8688,39.745695,-5.032701816609034,40.153724855677005,43.0,5.015382155438434,1454.0,4.630718934501923,431.0,1.5769635543081013,95.0
마포구,서교동,Stay&Garden,2,고위험군,37.55255238,126.9246374,193340.6968,450339.4517,38.24099168,-0.16285783526680575,42.2472215682647,43.0,5.013863973906755,1454.0,4.446408512669735,431.0,2.7171208983650095,95.0
마포구,서교동,벙크게스트하우스,2,고위험군,37.55214693,126.9263077,193488.2612,450294.3346,40.49744194,0.5115527049842186,40.18360802089497,43.0,5.013792403352964,1454.0,4.361331028125048,431.0,1.8612650753862132,95.0
마포구,연남동,Cheshire,2,고위험군,37.55781106,126.9174385,192705.0977,450923.637,44.86501819,-0.9266397661273444,43.09041054893897,43.0,5.013438957748514,1454.0,4.8351065700165625,431.0,1.1838363439919894,95.0
마포구,서교동,이노게스트하우스,2,고위험군,37.55091491,126.9134668,192353.4593,450158.5621,32.09181768,-6.815411021208114,38.14081634849974,43.0,5.015210721695708,1454.0,4.913458372761626,431.0,2.5347366545998895,95.0
마포구,서교동,에이블 게스트하우스(Able Guesthouse),2,고위험군,37.55260719,126.9261244,193472.106,450345.4307,41.61636836,1.051445365808675,40.273699651221285,43.0,5.0137086598691,1454.0,4.385537805810101,431.0,2.12942934882956,95.0
마포구,동교동,엣홈,2,고위험군,37.5537209,126.9289065,193718.0326,450468.8496,31.3831909,2.4259999979226023,39.629600018506345,43.0,5.01318632615791,1454.0,4.305236957780573,431.0,0.9692557043710219,95.0
마포구,연남동,하이 스트릿 게스트하우스,2,고위험군,37.55750443,126.9213599,193051.5498,450889.3076,50.88757528,5.9963051937403264,43.112789091341945,43.0,5.0131256600498535,1454.0,4.701351731033737,431.0,-0.2059040980625666,95.0
마포구,연남동,마루지 게스트하우스,2,고위험군,37.5589785,126.9194611,192883.9166,451053.054,45.47392786,5.398258211383819,44.032459169807886,43.0,5.013007277200821,1454.0,4.766720201222645,431.0,0.0791541351773542,95.0
마포구,서교동,Bliss penthouse,2,고위험군,37.5526817,126.9231331,193207.7914,450353.9123,46.45071109,-2.624215237445725,42.699133448589,43.0,5.013978594687153,1454.0,4.517006833869664,431.0,3.0574782437066865,95.0
마포구,합정동,오모,2,고위험군,37.5454445,126.9171385,192677.3798,449551.1201,31.00755426,-2.8856573555460443,41.89342885974412,43.0,5.016078661378416,1454.0,4.531982957861657,431.0,1.4264371701529304,95.0
마포구,합정동,ZZZIP 게스트하우스,2,고위험군,37.54480446,126.9141033,192409.0834,449480.3241,49.71323267,4.79590227254031,41.407941499321495,43.0,5.016456845738625,1454.0,4.625607089090424,431.0,1.6506791298567278,95.0
마포구,서교동,벙크 백팩커스 게스트하우스,2,고위험군,37.55217281,126.9270973,193558.0329,450297.1526,39.70265295,-5.669205561192349,39.93995305657141,43.0,5.013709918663927,1454.0,4.328014228578461,431.0,1.300028471659546,95.0
마포구,합정동,언더 클라우드,2,고위험군,37.55020814,126.9090299,191961.3123,450080.4892,50.01125999,5.230672987711721,41.67432418459951,43.0,5.015716641617412,1454.0,4.927583777107302,431.0,2.4005535918683556,95.0
마포구,서교동,준 게스트하우스,2,고위험군,37.55166438,126.9267696,193529.033,450240.7454,37.53278279,-2.419236211369764,40.16300279430067,43.0,5.013854681205837,1454.0,4.324366439042388,431.0,1.3356523917093495,95.0
마포구,연남동,화이트테일,2,고위험군,37.55940438,126.9241078,193294.5171,451099.98,48.53771157,1.163081489193246,46.46242245246866,43.0,5.012454710156204,1454.0,4.621865214353811,431.0,0.8283978908080005,95.0
마포구,성산동,가든하우스,2,고위험군,37.56154003,126.9102938,192074.2013,451338.0871,49.53130266,7.279013484453806,43.209208265188664,43.0,5.0133631613550405,1454.0,4.900300105630557,431.0,1.0507797086762225,95.0
마포구,성산동,인 게스트하우스,2,고위험군,37.55805348,126.9059125,191686.7119,450951.4997,42.96601224,2.053931796382834,44.82148362829439,43.0,5.014417051994883,1454.0,4.933540679790843,431.0,-0.021698836351327893,95.0
마포구,창전동,와우힐즈 게스트하우스,2,고위험군,37.54941414,126.9258357,193446.3115,449991.0605,39.25925253,2.2642846791799442,41.90361018264332,43.0,5.01444585635011,1454.0,4.283600861277464,431.0,1.6526707893933235,95.0
마포구,연남동,바투 스테이,2,고위험군,37.5562321,126.919244,192864.4762,450748.2526,43.22214504,-2.337819502877146,43.65006690609775,43.0,5.013593134038926,1454.0,4.760840807030354,431.0,0.8575652329012811,95.0
마포구,연남동,T HOUSE,2,고위험군,37.55869521,126.9186042,192808.1737,451021.6773,38.60681976,-1.5990877320320607,44.53765986972017,43.0,5.013147992181484,1454.0,4.790096345126918,431.0,0.7632234609048412,95.0
마포구,동교동,홍대스타일 게스트하우스,2,고위험군,37.5547335,126.919999,192931.0387,450581.8687,39.535681,-0.7908034885071373,43.709525974508395,43.0,5.013835110514014,1454.0,4.7010931400740885,431.0,2.421064964651599,95.0
마포구,연남동,19th st.Guest House,2,고위험군,37.56228586,126.9234974,193240.8497,451419.834,46.34507574,-1.593494170351292,46.502198752412575,43.0,5.011924074417309,1454.0,4.660894830291358,431.0,1.0325486661782575,95.0
마포구,합정동,Sogni d'oro,2,고위험군,37.54643106,126.9140763,192406.8614,449660.8592,49.9419388,1.3171265127268015,41.00961881985972,43.0,5.016108316848676,1454.0,4.676051228008848,431.0,1.736866889920347,95.0
마포구,연남동,버즈네스트,2,고위험군,37.55844158,126.9206879,192992.2648,450993.37,43.92499916,3.2309249613034936,43.5656931564352,43.0,5.012997474011147,1454.0,4.72941759851648,431.0,-0.46139256621826696,95.0
마포구,서교동,홍대PH365,2,고위험군,37.5494618,126.9201872,192947.1776,449996.7589,45.34102475,5.885412509750999,40.8487639617023,43.0,5.014945147955944,1454.0,4.535757204735067,431.0,2.0611945907522182,95.0
마포구,도화동,호유즈,2,고위험군,37.53863059,126.9526778,195817.67,448792.6846,39.04803942,3.9624165554261737,42.50925950278106,43.0,5.014539154449652,1454.0,3.6443339237743495,431.0,0.14531627513419104,95.0
마포구,연남동,케이북9,2,고위험군,37.55841935,126.9195732,192893.7708,450990.9864,49.89052716,3.7982859829835505,43.735950496145506,43.0,5.013110736656864,1454.0,4.7635410332132855,431.0,-0.12318885970226445,95.0
마포구,상암동,비나 하우스,2,고위험군,37.5727038,126.8951944,190741.5054,452578.516,39.31332202,0.9653603571206446,43.7401590388379,43.0,5.0126931402606125,1454.0,4.868364927239374,431.0,-0.09595810052038076,95.0
마포구,서교동,블랙 게스트하우스,2,고위험군,37.55264049,126.9291796,193742.0749,450348.9188,40.20432909,0.5035532237110445,38.7254989017332,43.0,5.01339950417995,1454.0,4.257129912442122,431.0,0.1574589557973822,95.0
마포구,연남동,소울타운,2,고위험군,37.55774055,126.9207379,192996.617,450915.5603,45.32951247,-3.7780562210998383,43.40677472439414,43.0,5.0131373696851185,1454.0,4.719887499739043,431.0,-0.28317217729774113,95.0
마포구,서교동,LK,2,고위험군,37.55331923,126.9251563,193386.6243,450424.5263,33.90050439,2.9845856152123886,41.26388579534289,43.0,5.013646689549134,1454.0,4.447975907054505,431.0,2.775912144244644,95.0
마포구,동교동,홍대 연트럴파크 게스트하우스,2,고위험군,37.55252296,126.931419,193939.9462,450335.7277,29.11215284,-5.067751822733719,37.92077655792258,43.0,5.013198559993184,1454.0,4.190555875416121,431.0,-0.2878841908127277,95.0
마포구,연남동,썬하우스,2,고위험군,37.56233103,126.9229793,193195.0786,451424.8847,39.37215689,-7.984546414501224,46.371640437290765,43.0,5.01196914349728,1454.0,4.679856352959515,431.0,1.128659379180649,95.0
마포구,연남동,정 스테이,2,고위험군,37.5609012,126.9167951,192648.5452,451266.6561,37.4506902,-1.3842346074890415,44.96352217984506,43.0,5.01287835755152,1454.0,4.816439033030049,431.0,2.098726226021435,95.0
마포구,망원동,조이 제이 스테이,2,고위험군,37.55703963,126.9053322,191635.332,450839.0258,52.16903,4.7670670873156595,45.21519325913055,43.0,5.014660605912242,1454.0,4.940287812805539,431.0,0.6474279041959425,95.0
마포구,연남동,하이네 하우스,2,고위험군,37.55943451,126.917617,192721.0239,451103.8069,48.0387601,1.9166218000991222,45.438328572800046,43.0,5.013093079514897,1454.0,4.816204063429776,431.0,1.5202813616607163,95.0
마포구,연남동,단아,2,고위험군,37.55855091,126.9205852,192983.1938,451005.512,34.07992778,-5.818787678056474,43.657504660580045,43.0,5.012985041969095,1454.0,4.734873985817541,431.0,-0.5201632173147984,95.0
마포구,성산동,르하임,2,고위험군,37.55820131,126.9057763,191674.6959,450967.9191,41.9732284,1.6864075891397192,44.863433193767214,43.0,5.014400113539899,1454.0,4.932264700262475,431.0,-0.06825556824022241,95.0
마포구,염리동,해피스테이,2,고위험군,37.54665102,126.9472241,195336.1688,449683.1114,36.95798464,2.66701901304598,41.805416081542575,43.0,5.012923652773773,1454.0,3.6721202999948197,431.0,1.4802882018815555,95.0
마포구,공덕동,서울역 홍대 스테이,2,고위험군,37.54777494,126.9623193,196670.1904,449807.2113,42.13939309,0.7520258918433242,40.02271465659344,43.0,5.010750634315743,1454.0,3.368836696362189,431.0,1.9740830565749081,95.0
마포구,동교동,킴스 하우스,2,고위험군,37.55467152,126.926876,193538.6982,450574.4948,57.16952384,4.382780894173209,41.95434367063145,43.0,5.013182184390735,1454.0,4.421720468809496,431.0,1.8941078914101324,95.0
마포구,망원동,케이바이브 망원,2,고위험군,37.55561041,126.8986783,191047.2284,450681.0123,46.43444197,-1.0841921393303693,46.17445552941161,43.0,5.015461646113078,1454.0,4.931815847668523,431.0,1.1732968277192384,95.0
마포구,서교동,드림컴포트,2,고위험군,37.55123658,126.9144736,192442.4554,450194.1822,40.15052946,2.4571894345524257,38.063307487231725,43.0,5.015059129820358,1454.0,4.888969256030503,431.0,2.61069395452476,95.0
마포구,창전동,더 서울,2,고위험군,37.54602595,126.9277579,193615.8846,449614.8799,41.8471248,-0.9732776733686563,42.47058040567757,43.0,5.015043061457971,1454.0,4.110794271855839,431.0,2.1231286986866578,95.0
마포구,망원동,소소재101,2,고위험군,37.55842563,126.9017045,191314.9498,450993.1845,46.24829047,4.684592016717524,45.96557847847014,43.0,5.01469368208517,1454.0,4.922183051900455,431.0,0.30929375594338443,95.0
마포구,서교동,더 홍대 스테이,2,고위험군,37.54905871,126.9194035,192877.8824,449952.0798,36.31743643,1.3340954289858473,40.581595086673346,43.0,5.015100981770549,1454.0,4.554202103053991,431.0,1.8941609568891389,95.0
마포구,염리동,트리브 공덕,2,고위험군,37.54321482,126.9444601,195091.6938,449301.8755,40.68465747,4.417298190439851,41.88618725962044,43.0,5.014122578068407,1454.0,3.671537834727254,431.0,1.137773803080476,95.0
마포구,합정동,리버사이드망원정,2,고위험군,37.54703433,126.9040904,191524.4724,449728.6683,43.97737015,1.3308811472515387,43.18594445743963,43.0,5.0167357051079,1454.0,4.900069085962372,431.0,2.1254566061264066,95.0
마포구,망원동,Bridge Stay,2,고위험군,37.55637449,126.9046011,191570.6558,450765.2685,32.33648831,-5.402414141469748,45.38239822044133,43.0,5.014848886514949,1454.0,4.939421229116696,431.0,1.1484355893990486,95.0
마포구,연남동,BS 하우스,2,고위험군,37.56096341,126.925345,193403.9651,451272.9263,46.08248855,-2.546559222956148,47.35124553537189,43.0,5.012001539750887,1454.0,4.5968557009397415,431.0,0.8047813733697148,95.0
마포구,서교동,팀스테드,2,고위험군,37.55292307,126.9244608,193325.1302,450380.6064,27.83028731,-3.513081202238027,42.28371241350574,43.0,5.0138000392159405,1454.0,4.465919616722074,431.0,2.8793627094184684,95.0
마포구,동교동,lan house,2,고위험군,37.55402173,126.9213741,193052.4785,450502.7682,32.70093089,-6.553299424318929,42.9618090778289,43.0,5.0138566731781475,1454.0,4.631462167953881,431.0,3.1850442514924002,95.0
마포구,동교동,Your Dream House,2,고위험군,37.55392719,126.928221,193657.477,450491.7914,41.6387081,-0.0710280516218873,41.399185105451494,43.0,5.013210054069706,1454.0,4.340062364402946,431.0,1.376193608519286,95.0
마포구,상수동,다나카 하우스,2,고위험군,37.54557046,126.9217218,193082.42,449564.753,45.51560975,-4.765757410072368,42.57405806038955,43.0,5.015673858961716,1454.0,4.345741486221372,431.0,1.7996452010503543,95.0
마포구,성산동,라임하우스,2,고위험군,37.55562326,126.9132446,192334.3112,450681.1509,45.22137371,5.300856283548953,41.89039879687243,43.0,5.0142646815018255,1454.0,4.972337658843947,431.0,1.4863846842273816,95.0
마포구,연남동,아이브이 게스트하우스,2,고위험군,37.55973665,126.9229152,193189.1782,451136.9437,49.89031051,1.3906605929861513,47.261411288761074,43.0,5.012507671139993,1454.0,4.6738006517352035,431.0,0.8607868205220606,95.0
마포구,망원동,카키하우스,2,고위험군,37.55546245,126.9040454,191521.4532,450664.0929,44.51184519,-0.28192080487973925,45.32059794163265,43.0,5.015069931002462,1454.0,4.940962873802493,431.0,1.4377949342320908,95.0
마포구,창전동,옐로우버터하우스,2,고위험군,37.54656631,126.9292558,193748.2991,449674.7527,34.8896469,-1.7063956363318908,41.90301419192346,43.0,5.014780313494464,1454.0,4.069203442524703,431.0,1.8218945275214082,95.0
마포구,연남동,하모니 하우스,2,고위험군,37.56040988,126.9251068,193382.8748,451211.5078,46.42374973,-2.5627525477563466,47.4710117856996,43.0,5.012141659081223,1454.0,4.5992161981023605,431.0,0.8014785999694037,95.0
마포구,연남동,J-Park Story,2,고위험군,37.56134587,126.9166777,192638.2189,451316.0185,42.63752217,-2.018376251294413,44.92990638976304,43.0,5.012801333316158,1454.0,4.815063213984129,431.0,2.1541834494311383,95.0
마포구,망원동,한강파크 하우스,2,고위험군,37.55065592,126.900944,191246.8468,450130.9096,45.77222239,0.9048107569387795,44.82743044482524,43.0,5.016243150192355,1454.0,4.932784141299061,431.0,1.958078371161281,95.0
마포구,노고산동,호스트 헬퍼,2,고위험군,37.55274478,126.9416416,194843.2625,450359.7372,43.19917409,2.9693424281348655,40.27977745360241,43.0,5.012034458418819,1454.0,3.865572450223547,431.0,1.198118873857922,95.0
마포구,연남동,로즈 하우스,2,고위험군,37.55913957,126.9203554,192962.9475,451070.8635,43.06673644,1.6484757788410889,43.942073519659615,43.0,5.012886768967497,1454.0,4.742744725490199,431.0,-0.6400996133518231,95.0
마포구,연남동,반달 하우스,2,고위험군,37.56340684,126.9200373,192935.2445,451544.5041,49.28203739,3.1843876153183075,46.09107928879974,43.0,5.012056897707954,1454.0,4.742867922875469,431.0,2.1568203306460463,95.0
마포구,성산동,네스트 인 망원,2,고위험군,37.55686859,126.9078031,191853.6332,450819.8254,42.98541376,-0.19162764317746905,44.06431205326319,43.0,5.014487125185718,1454.0,4.944087338515632,431.0,0.5266672882216917,95.0
마포구,망원동,스테이 다담,2,고위험군,37.5534993,126.9069279,191775.9291,450445.9505,50.04610289,4.71422530172611,43.58094986590824,43.0,5.015222346361262,1454.0,4.942307599431055,431.0,2.191106300508367,95.0
마포구,서교동,Forest House,2,고위험군,37.55002027,126.9134995,192356.2557,450059.2651,41.05480132,2.9647802875866134,37.971615378671004,43.0,5.015394634200745,1454.0,4.861571360630146,431.0,2.4111011142132908,95.0
마포구,서교동,라라 스페이스,2,고위험군,37.54731757,126.9195794,192893.2583,449758.8209,35.69379727,-6.331882889108989,41.41893942829364,43.0,5.015466284537635,1454.0,4.490581620456449,431.0,1.6993079176707058,95.0
마포구,성산동,코너빌리지,2,고위험군,37.5573316,126.9167725,192646.1985,450870.4745,44.58011637,2.872159361673269,42.57172302209824,43.0,5.013598887670896,1454.0,4.869843035974609,431.0,1.4147176255897782,95.0
마포구,상암동,Wilson 202,2,고위험군,37.57485112,126.8945953,190688.8502,452816.903,45.70095891,3.068958831160387,43.70178324280342,43.0,5.012384004242606,1454.0,4.862200709767519,431.0,-0.07001987727575965,95.0
마포구,노고산동,SG게스트하우스,2,고위험군,37.55295747,126.9401985,194715.7641,450383.4234,35.09972434,-9.87874338381279,39.98011988150314,43.0,5.012148741688976,1454.0,3.926543593676088,431.0,1.0160015739567791,95.0
마포구,동교동,미성 게스트하우스,2,고위험군,37.55563281,126.9232226,193215.9621,450681.4439,34.94877882,-3.147446522017212,41.75562999991302,43.0,5.0133370623473015,1454.0,4.595157484089783,431.0,1.0318086628495986,95.0
마포구,서교동,온가 스테이,2,고위험군,37.55204906,126.9270933,193557.6697,450283.4181,40.01009263,-0.15537418263144787,39.98262231035372,43.0,5.013737783290961,1454.0,4.323933761580814,431.0,1.2637411233382274,95.0
마포구,노고산동,써니즈 하우스,2,고위험군,37.55280859,126.9402987,194724.6076,450366.8938,34.9336296,-9.979603852361166,40.004192934152385,43.0,5.0121728081373735,1454.0,3.916609391392786,431.0,1.0250110225501554,95.0
마포구,서교동,아몬드 스태이,2,고위험군,37.54579254,126.9189879,192840.8427,449589.6059,41.4441388,6.943781366551306,42.181099352809284,43.0,5.015851822383616,1454.0,4.470150483723369,431.0,1.508375070234439,95.0
마포구,동교동,스테이 에스제이,2,고위험군,37.5539854,126.9284308,193676.0211,450498.2379,43.40791434,0.7724957406575896,40.856092405855975,43.0,5.013175988563097,1454.0,4.3337992864592865,431.0,1.3246586449710855,95.0
마포구,신수동,다스숀스테 하우스,2,고위험군,37.54488791,126.9369195,194425.4183,449487.9886,37.65904701,1.8480330873559723,39.73277793385245,43.0,5.014453989415933,1454.0,3.811515593207423,431.0,1.2047826472738044,95.0
마포구,연남동,형석하우스,2,고위험군,37.55872001,126.9254652,193414.3904,451023.927,42.39707974,-1.0791080639158253,46.383934403334564,43.0,5.012458217738035,1454.0,4.566496504773507,431.0,0.835498215365604,95.0
마포구,망원동,머무르다(망원),2,고위험군,37.55598377,126.9031854,191445.5223,450722.0311,36.00082318,-5.5221291692796655,45.54568161622441,43.0,5.015038413245607,1454.0,4.935689160452822,431.0,1.2574308901395101,95.0
마포구,연남동,프라임스테이 홍대,2,고위험군,37.55921491,126.9255616,193422.9497,451078.8483,54.20590708,4.829856330789859,46.78851827492865,43.0,5.012344055439823,1454.0,4.571319747602137,431.0,0.7911064390849813,95.0
마포구,서교동,홍하우스,2,고위험군,37.55254107,126.9262422,193482.5024,450338.084,41.94313273,1.163591367440901,40.216882707365386,43.0,5.01371178245407,1454.0,4.378145882407157,431.0,2.033614357895824,95.0
마포구,서교동,Hongdae Skylounge,2,고위험군,37.55212731,126.9279492,193633.3072,450292.0446,40.10208773,-0.22919237345497834,40.18043457822036,43.0,5.013636512917464,1454.0,4.289144805156786,431.0,0.8879672721778866,95.0
마포구,동교동,YAB Guest House,2,고위험군,37.55405158,126.925568,193423.0623,450505.7795,42.6760103,0.79086616258855,41.05616895116509,43.0,5.013447090781086,1454.0,4.4537261617089285,431.0,2.6329192181229155,95.0
마포구,연남동,빅베어하우스,2,고위험군,37.5567821,126.9173257,192695.0306,450809.4434,36.00552498,-4.19682437777044,42.406531062591526,43.0,5.013659531559294,1454.0,4.8473676135629455,431.0,1.3732867346183601,95.0
마포구,동교동,Hongdae Oasis,2,고위험군,37.55437567,126.9280903,193645.9627,450541.5762,46.74655834,6.316708399566963,42.15629781620495,43.0,5.013124477726209,1454.0,4.359159117752474,431.0,1.553185002130434,95.0
마포구,동교동,Julie's house,2,고위험군,37.55648743,126.9246229,193339.7737,450776.1964,36.10792699,-3.7652099691584198,43.20485544209584,43.0,5.013016836300677,1454.0,4.5535031363939025,431.0,0.5620477540419953,95.0
마포구,서교동,코지하우스 인 홍대,2,고위험군,37.55324125,126.9177795,192734.7768,450416.416,28.48931939,-3.2496821910363103,40.8051009313079,43.0,5.014351648979745,1454.0,4.768260787026568,431.0,3.633428850569384,95.0
마포구,합정동,예성 게스트하우스,2,고위험군,37.55025616,126.9079377,191864.8093,450085.9128,43.13862506,-0.11653684126906683,42.00231861445726,43.0,5.0157927407214515,1454.0,4.930616635327052,431.0,2.3760071497750035,95.0
마포구,서교동,27번가 게스트하우스,2,고위험군,37.55280967,126.9244262,193322.0583,450368.0228,27.49282822,-2.9072488728966412,42.31978829556391,43.0,5.013828049152954,1454.0,4.463885864466961,431.0,2.8495864062634597,95.0
마포구,연남동,Yeonnam Happy House,2,고위험군,37.56165586,126.9244795,193327.5569,451349.8412,46.17253273,-4.609162081784362,46.85432859061044,43.0,5.01194980065122,1454.0,4.62750435147939,431.0,0.8879691965602142,95.0
마포구,동교동,서울 라이프 홍대,2,고위험군,37.55378905,126.9293483,193757.0784,450476.384,40.84707002,0.7095510779718097,39.11233266472608,43.0,5.0131262449306995,1454.0,4.291393792712252,431.0,0.7588525799161365,95.0
마포구,신공덕동,코지 네스트 공덕,2,고위험군,37.54027834,126.9565345,196158.6074,448975.4002,35.03686123,-3.292348474961088,42.23448967057542,43.0,5.013645218480116,1454.0,3.5749879358092307,431.0,0.24032666851724926,95.0
마포구,성산동,KOREA HOSUE BNB,2,고위험군,37.55884453,126.9060452,191698.5272,451039.2852,39.980066,-6.322193113789339,44.66105259689823,43.0,5.014254084928192,1454.0,4.929723526389275,431.0,-0.23534711675425532,95.0
마포구,염리동,품 스테이,2,고위험군,37.54645444,126.9442747,195075.5232,449661.4438,48.5283536,4.516330536863691,41.96963237840857,43.0,5.013300673946987,1454.0,3.6729227124423898,431.0,1.5005672381341517,95.0
마포구,염리동,칠랙스 하우스,2,고위험군,37.54316868,126.9445862,195102.8322,449296.748,40.11990563,4.074894622017126,41.94133687268529,43.0,5.01412171052807,1454.0,3.6720890213908297,431.0,1.1245259128957357,95.0
마포구,서교동,제니하우스,2,고위험군,37.55506177,126.9103997,192082.8734,450619.068,40.57084187,-1.627412599755374,42.77047471923221,43.0,5.014623750103492,1454.0,4.962238212852582,431.0,1.7806932235301622,95.0
마포구,망원동,망원 기니하우스,2,고위험군,37.55502434,126.9010841,191259.7379,450615.7391,46.65046957,0.5368889331069227,45.65355492485465,43.0,5.015387765816584,1454.0,4.935574728230837,431.0,1.3711199172221387,95.0
마포구,망원동,영화같은 하루-망원,2,고위험군,37.55295883,126.8990294,191077.9364,450386.6851,37.86978805,3.507147392923578,45.68060943883415,43.0,5.015938766754792,1454.0,4.938806352367975,431.0,1.6308395888278706,95.0
마포구,동교동,플러하우스,2,고위험군,37.55263628,126.9304043,193850.2913,450348.3707,37.58009392,3.7505083950766647,37.18295955006302,43.0,5.013276667839235,1454.0,4.221939305183394,431.0,-0.2404060352078524,95.0
마포구,동교동,AT30,2,고위험군,37.55611834,126.9234654,193237.4597,450735.3145,34.6628118,2.7571594223176703,42.27050217464124,43.0,5.013210172869809,1454.0,4.595534650701036,431.0,0.22020534551962642,95.0
마포구,서교동,스테이 한가,2,고위험군,37.5534261,126.9250483,193377.0871,450436.3952,40.43272563,3.244457952017193,41.37999227715133,43.0,5.01363389450128,1454.0,4.455441929453714,431.0,2.8391401999486283,95.0
마포구,성산동,Jamie House,2,고위험군,37.56347768,126.9083411,191901.888,451553.31,39.91541201,1.507431091851025,43.26701459703312,43.0,5.013172012366266,1454.0,4.883708869440914,431.0,0.8923059549982372,95.0
마포구,합정동,스테이55,2,고위험군,37.54344528,126.9121278,192234.3614,449329.6329,43.05078217,1.7796353601415973,41.344595339156584,43.0,5.016900098638276,1454.0,4.660656263718299,431.0,1.6599247522041716,95.0
마포구,서교동,차차스테이,2,고위험군,37.55316791,126.9271489,193562.6772,450407.5933,32.00569241,3.5102413389351916,39.52029066061571,43.0,5.013484700007101,1454.0,4.359967506635939,431.0,1.5409939572476223,95.0
마포구,연남동,디어민 하우스,2,고위험군,37.558396,126.9239173,193277.593,450988.0753,37.80698495,-4.469549466259174,45.32411170777354,43.0,5.012684852469933,1454.0,4.6175964700551475,431.0,0.745977240614373,95.0
마포구,노고산동,신촌플레이스,2,고위험군,37.55187541,126.941741,194851.9852,450263.242,46.1388943,4.289953571189258,40.35878784008183,43.0,5.012232779675244,1454.0,3.83893108135962,431.0,1.1828031097879548,95.0
마포구,연남동,호핑하우스,2,고위험군,37.56037954,126.9216797,193080.076,451208.3872,48.72299246,-0.18699159582821068,46.923679916044335,43.0,5.0125008025091375,1454.0,4.713447491088526,431.0,1.1278015101864216,95.0
마포구,합정동,Rich Stay,2,고위험군,37.5503173,126.9092701,191982.554,450092.5842,51.98523147,3.9880527696138373,41.53564102929151,43.0,5.015675318993944,1454.0,4.929834585425932,431.0,2.4158027507649553,95.0
마포구,대흥동,더 눅 하우스,2,고위험군,37.54697828,126.9432759,194987.2884,449719.6365,49.28266541,6.548933092077341,41.93355420676878,43.0,5.013275462798051,1454.0,3.6739475119272673,431.0,1.4580559874772745,95.0
마포구,창전동,레드판다하우스,2,고위험군,37.55143681,126.9305026,193858.879,450215.2375,39.3930126,3.4418423502048796,39.15199389904468,43.0,5.013538223546447,1454.0,4.178781456363424,431.0,-0.503924210535703,95.0
마포구,서교동,지니 스테이,2,고위험군,37.55222641,126.9284475,193677.3438,450303.0099,36.49869463,0.3721444712702038,40.40793537936733,43.0,5.013565161729956,1454.0,4.271511002233316,431.0,0.5883942826716322,95.0
마포구,서교동,Saymi stay,2,고위험군,37.55552726,126.9116039,192189.3283,450670.6311,44.512851,4.146998876903794,42.31760349724097,43.0,5.014427264137392,1454.0,4.966999467046002,431.0,1.0807156470771166,95.0
마포구,도화동,두오방즈,2,고위험군,37.53821585,126.9530943,195854.4573,448746.6351,38.41829053,3.796631935345772,42.48833498433985,43.0,5.014617008536793,1454.0,3.6426523891875946,431.0,0.15757313130128534,95.0
마포구,서교동,오아시스 홍대,2,고위험군,37.55278449,126.9255146,193418.2376,450365.1514,46.84724424,6.506550286046881,40.976142628216664,43.0,5.013728838681644,1454.0,4.417090423015007,431.0,2.5286682406752297,95.0
마포구,동교동,한인빌리지,2,고위험군,37.5546881,126.9283755,193671.1889,450576.2329,35.75328782,-6.672630519882645,41.86618475890897,43.0,5.013026791539682,1454.0,4.357277790977216,431.0,1.6435239663629657,95.0
마포구,공덕동,Angela stay,2,고위험군,37.54589156,126.9594059,196412.6448,449598.286,34.85394187,-0.5360455779546385,41.20789349694581,43.0,5.011673271227376,1454.0,3.46037534554632,431.0,1.7287150334247048,95.0
마포구,창전동,선자하우스 1F,2,고위험군,37.55146431,126.9308331,193888.0867,450218.2681,38.98944541,3.5545336315534897,38.99418692785153,43.0,5.0134987477134185,1454.0,4.168111166427621,431.0,-0.504451955049519,95.0
마포구,연남동,스테이 정하집,2,고위험군,37.56324035,126.9167259,192642.6647,451526.2797,36.56319159,-5.536854956196379,45.197561096640825,43.0,5.012422780221186,1454.0,4.796740776333924,431.0,2.2732726193536017,95.0
마포구,대흥동,Andy's homestay,2,고위험군,37.54175014,126.9395303,194655.9217,449139.5826,35.22429933,-5.972828297475118,40.832497550044344,43.0,5.01499350903902,1454.0,3.690827130896828,431.0,1.7847681313220187,95.0
마포구,망원동,웜업 에이프릴 게스트하우스,2,고위험군,37.55723561,126.9007906,191234.0649,450861.1911,40.86535345,-0.5684561113384703,46.092363073836786,43.0,5.014991040099344,1454.0,4.925601561970922,431.0,0.7134142641974912,95.0
마포구,창전동,휴고 하우스,2,고위험군,37.55154622,126.9290652,193731.8762,450227.4756,40.05087582,1.4160246440545947,40.73084124340326,43.0,5.0136566396732665,1454.0,4.22035291928235,431.0,-0.11912536500225596,95.0
마포구,서교동,Hongdae Uncle Guesthouse,2,고위험군,37.55116063,126.9172854,192690.9128,450185.5303,35.60230669,-7.229136332791327,39.2447801607173,43.0,5.014833879305876,1454.0,4.7201886217581555,431.0,2.6189555758316665,95.0
마포구,연남동,케이글로벌,2,고위험군,37.56157876,126.9189412,192838.231,451341.6916,36.17574086,1.1067685949366037,45.96226828588205,43.0,5.012532648268239,1454.0,4.76734639309646,431.0,2.119455595706191,95.0
마포구,연남동,앨리스하우스,2,고위험군,37.55859933,126.9207345,192996.3926,451010.8749,37.36048376,-3.3998263961786748,43.65830480669174,43.0,5.012960410990601,1454.0,4.729406958004229,431.0,-0.4089254819377375,95.0
마포구,서교동,스테이유영,2,고위험군,37.5498263,126.9215876,193070.9536,450037.1099,41.25943248,-0.8040750941508037,41.90363610709686,43.0,5.014741714044284,1454.0,4.48875925222984,431.0,2.3414333509279874,95.0
마포구,연남동,스윗스토리,2,고위험군,37.56008275,126.9238696,193273.53,451175.288,34.72818298,-4.149089227575736,47.24477877911299,43.0,5.012338266085133,1454.0,4.640478834836255,431.0,0.8616942625296145,95.0
마포구,동교동,메이플라워,2,고위험군,37.55624657,126.9241101,193294.44,450749.5003,40.94353006,2.1347512022213238,42.59486322633343,43.0,5.0131191986488695,1454.0,4.572631377468211,431.0,0.368689090737906,95.0
마포구,연남동,참새 나비 고양이,2,고위험군,37.55995805,126.9243375,193314.8582,451161.4144,46.59650178,1.7439140112026479,46.97863369907776,43.0,5.012315795228158,1454.0,4.6192563537303615,431.0,0.8330936838936585,95.0
마포구,연남동,wave하우스,2,고위험군,37.55862898,126.9245199,193330.8636,451013.8904,40.81165154,-0.7975273816562378,45.840998294556556,43.0,5.012574607930631,1454.0,4.595501344264176,431.0,0.7920016259277795,95.0
마포구,노고산동,ICOS,2,고위험군,37.55180929,126.9378652,194509.4982,450256.1228,55.10595235,8.607711715653828,39.548127790397956,43.0,5.012681170298569,1454.0,3.9629444181702214,431.0,0.617304169378913,95.0
마포구,서교동,헤이마 게스트하우스2,2,고위험군,37.5524961,126.9260272,193463.5012,450333.1078,35.40981698,-5.044606817496877,40.369183753695054,43.0,5.013742553864118,1454.0,4.385885091367068,431.0,2.1577071090238418,95.0
마포구,염리동,서울큐브이화,2,고위험군,37.55325642,126.9460708,195234.6726,450416.2893,37.46832942,-1.3516746465786298,40.99377495341905,43.0,5.011385246732387,1454.0,3.767941495661951,431.0,1.4925212912722379,95.0
마포구,연남동,Roof 23,2,고위험군,37.55949572,126.9243134,193312.6937,451110.103,44.02714961,-1.3162164649332269,46.54968763297897,43.0,5.012414522227107,1454.0,4.614650941468031,431.0,0.8262432801526444,95.0
마포구,연남동,Plantenor house,2,고위험군,37.55866169,126.9253644,193405.4772,451017.4612,41.91216171,-1.495493511450185,46.29091185824329,43.0,5.012480928619415,1454.0,4.569095357983526,431.0,0.830170359529355,95.0
마포구,공덕동,올드타운앳홈,2,고위험군,37.54706042,126.9620163,196643.387,449727.919,41.68118927,-0.1808376627933299,40.56248195730302,43.0,5.010997372673235,1454.0,3.383839304502588,431.0,1.899674916984143,95.0
마포구,노고산동,오마이갓 슬라이딩,2,고위험군,37.55198107,126.9396323,194665.6608,450275.0866,45.83201035,1.2089024772211303,39.823964605828245,43.0,5.012445273148455,1454.0,3.9228532821342865,431.0,0.8805238071897559,95.0
마포구,성산동,홍대복층 하우스,2,고위험군,37.55678672,126.9152431,192511.0077,450810.12,37.9721697,1.0802152114430683,41.95788311397236,43.0,5.013850323619191,1454.0,4.931635909076361,431.0,1.562104615020148,95.0
마포구,성산동,For fly,2,고위험군,37.565058,126.9056416,191663.5573,451728.943,38.62195457,-3.8206739637591056,43.59805358872294,43.0,5.013121446001578,1454.0,4.880338602015823,431.0,0.44199487374680024,95.0
마포구,도화동,스테이 헤리티지 공덕,2,고위험군,37.53850982,126.9516579,195727.5227,448779.3265,39.3105392,0.48492961371765375,42.56890973811578,43.0,5.014678463400177,1454.0,3.658479879346642,431.0,0.14187097378178515,95.0
마포구,노고산동,다시 마포,2,고위험군,37.55201895,126.9414709,194828.1314,450279.1881,43.2750748,2.8848081327261212,40.27317682241921,43.0,5.012228864856832,1454.0,3.856787658613875,431.0,1.1532715679571326,95.0
마포구,상암동,Red rose house,2,고위험군,37.57426445,126.8955872,190776.4039,452751.6915,33.55704714,-7.177368831916205,43.680287680023454,43.0,5.012395169737427,1454.0,4.86198946603117,431.0,-0.06022542516814017,95.0
마포구,대흥동,에이비썸머홀리데이,2,고위험군,37.55270279,126.9456482,195197.2994,450354.8645,37.83020159,-2.255974700902378,40.927098390592576,43.0,5.011572737617267,1454.0,3.7590838492162146,431.0,1.487037261559192,95.0
마포구,망원동,Mangwon Smile house,2,고위험군,37.55334342,126.9085146,191916.1212,450428.512,48.19341923,-2.4493474789324026,42.877674762986686,43.0,5.015124497835547,1454.0,4.952922930706342,431.0,2.324155289335002,95.0
마포구,서교동,레아 게스트하우스,2,고위험군,37.55230312,126.9299053,193806.1722,450311.4267,40.90027979,1.6019775960280214,38.14707031434338,43.0,5.013402249828339,1454.0,4.224359450656368,431.0,-0.26888003926268456,95.0
마포구,공덕동,Ronnie,2,고위험군,37.5459992,126.9595034,196421.2697,449610.229,34.94579542,-0.4553630236406505,41.203355636523405,43.0,5.011630042460102,1454.0,3.456395804944168,431.0,1.7481145008565542,95.0
마포구,서교동,서교 451,2,고위험군,37.55383854,126.914809,192472.3583,450482.9418,39.71906593,0.020409451495602582,40.51043997203142,43.0,5.0144910319621125,1454.0,4.9657778721556305,431.0,2.4152031611211884,95.0
마포구,창전동,무네미로 아트스테이1,2,고위험군,37.55171685,126.9304696,193855.9842,450246.3207,36.69989863,1.4209321163046695,38.7910585932989,43.0,5.013477946475629,1454.0,4.189460722094356,431.0,-0.42660127821572325,95.0
마포구,서교동,디자인하우스 서교,2,고위험군,37.5517339,126.9165616,192627.0185,450249.213,32.81594983,0.5427462427276666,38.89611066830945,43.0,5.0147758104385165,1454.0,4.7775965388737305,431.0,2.7828717791228703,95.0
마포구,동교동,땡스땡스,2,고위험군,37.55257054,126.9309931,193902.3108,450341.036,29.10328138,-4.883805035157103,37.61146905517364,43.0,5.0132314459482705,1454.0,4.201202233305456,431.0,-0.2879785668583554,95.0
마포구,동교동,엘라 게스트하우스,2,고위험군,37.55350596,126.9295934,193778.7116,450444.9482,36.20418233,-3.5020845876356788,38.1451911237673,43.0,5.013164281921216,1454.0,4.275017264826243,431.0,0.4238301685472916,95.0
마포구,망원동,삼삼스테이,2,고위험군,37.55837261,126.9006307,191220.0725,450987.3996,37.86861638,-4.522606425202937,46.110634121701715,43.0,5.014790168748564,1454.0,4.921384218294216,431.0,0.434508163662454,95.0
마포구,망원동,STARSTAY,2,고위험군,37.55593921,126.9000395,191167.5453,450717.3764,50.86238231,3.562524936969716,46.07007086056008,43.0,5.015294827396526,1454.0,4.931421988098137,431.0,1.1747302362494891,95.0
마포구,노고산동,영미하우스 노고산,2,고위험군,37.55268466,126.9320462,193995.3755,450353.6342,38.50146524,4.223252054101565,38.13014090946738,43.0,5.0130971409802,1454.0,4.182896176067133,431.0,-0.2363115287416867,95.0
마포구,염리동,더 하이드아웃 빌라 홍대,2,고위험군,37.54428506,126.945511,195184.6345,449420.6048,35.23067238,-1.6149966573912948,41.95125296601357,43.0,5.013730911906754,1454.0,3.6762091767771525,431.0,1.2509741634378773,95.0
마포구,연남동,Sunny House,2,고위험군,37.55807066,126.9206644,192990.1537,450952.204,45.6313739,-1.6280504192971677,43.46850188683528,43.0,5.013076286579829,1454.0,4.726049107228557,431.0,-0.4109429409942166,95.0
마포구,서교동,Terrace stay hongdae,2,고위험군,37.55337789,126.9185228,192800.4726,450431.5242,50.09244412,4.605850305717809,41.293280955324136,43.0,5.014255943068082,1454.0,4.734734453770195,431.0,3.716249578711902,95.0
마포구,서교동,더원 게스트하우스,2,고위험군,37.5473975,126.9197115,192904.9431,449767.6822,29.75753065,-4.622065623614269,41.39775055354619,43.0,5.015437530337473,1454.0,4.487290024634689,431.0,1.7225671013550434,95.0
마포구,서교동,SH 하우스,2,고위험군,37.5512694,126.9260498,193465.392,450196.9572,37.77233869,3.0233628660616247,40.684777671268854,43.0,5.0140115645590795,1454.0,4.341300620843034,431.0,1.7082446580759636,95.0
마포구,상암동,디엠씨스테이,2,고위험군,37.57488101,126.8947148,190699.4111,452820.2086,53.98215517,2.030177465024458,43.69877615432866,43.0,5.012368511251402,1454.0,4.861870075953397,431.0,-0.06825551209309602,95.0
마포구,노고산동,단밤신촌,2,고위험군,37.55204819,126.939707,194672.2672,450282.5319,50.3444453,0.8173245510465463,39.83605924867646,43.0,5.012420899547143,1454.0,3.9211743364888716,431.0,0.8961560111450505,95.0
마포구,서교동,Ho's stay,2,고위험군,37.55402172,126.9130909,192320.5624,450503.4115,46.04889269,5.769561262203446,41.05877589958366,43.0,5.014602993543853,1454.0,4.979827937269412,431.0,2.3486064851101016,95.0
마포구,염리동,스테이 윤슬,2,고위험군,37.55339312,126.9471322,195328.4701,450431.4081,29.0477934,-5.994490962579906,41.12670725071587,43.0,5.01122132078622,1454.0,3.747892730191081,431.0,1.535748011262084,95.0
마포구,연남동,누크 하우스,2,고위험군,37.56266461,126.9206175,192986.4386,451462.0818,45.06494896,0.17015158626730198,46.32960202298912,43.0,5.012145894940784,1454.0,4.734717180974214,431.0,1.924765800436933,95.0
마포구,망원동,코지 브릭하우스,2,고위험군,37.55399205,126.9025085,191385.4834,450501.0357,44.46643773,-5.878692726272604,45.08865256302655,43.0,5.015475703643023,1454.0,4.943143732591534,431.0,1.6625666669048593,95.0
마포구,노고산동,가끔_신촌,2,고위험군,37.55255441,126.941224,194806.3497,450338.6314,42.99669741,2.794273363905475,40.19744723072,43.0,5.012128134084165,1454.0,3.87630610628619,431.0,1.1414092152024387,95.0
마포구,서교동,다우하우스1,2,고위험군,37.55210193,126.9272554,193571.9963,450289.2749,40.59740689,0.14866354999325893,39.968223344222196,43.0,5.013710219102214,1454.0,4.31821849299787,431.0,1.2327123394771666,95.0
마포구,합정동,달리하우스,2,고위험군,37.54692938,126.9103978,192081.8417,449716.4702,43.71907845,4.723488364699556,41.5338774198232,43.0,5.016288645126991,1454.0,4.811296401324765,431.0,2.0906661850990327,95.0
마포구,동교동,TOMI HOUSE,2,고위험군,37.55346185,126.9294684,193767.6573,450440.0608,34.96179117,-4.6414194197975505,38.33202371678219,43.0,5.013186853298331,1454.0,4.2774993126836875,431.0,0.47442324582465106,95.0
마포구,연남동,나무하우스,2,고위험군,37.55914467,126.9241766,193300.5753,451071.1503,46.90616287,-1.3605663052370787,46.220330763859934,43.0,5.012501819939744,1454.0,4.616515319859085,431.0,0.8317638185347227,95.0
마포구,동교동,HAN 게스트 하우스,2,고위험군,37.55318196,126.9298387,193800.36,450408.9718,31.00845689,-2.840508579467663,37.54041488651023,43.0,5.0132116790431285,1454.0,4.256273891555657,431.0,0.10752043027443245,95.0
마포구,연남동,누비다,2,고위험군,37.56060135,126.9168891,192656.8254,451233.369,30.47845124,-3.3530743936984706,44.999578410251516,43.0,5.012929042860048,1454.0,4.818503767220085,431.0,2.034540470952853,95.0
마포구,연남동,미로 게스트하우스,2,고위험군,37.55897993,126.9247803,193353.8975,451052.8233,48.54036757,-0.295954208066469,46.3033150857344,43.0,5.012474270169711,1454.0,4.591987202395429,431.0,0.7979848791814936,95.0
마포구,연남동,케이하우스,2,고위험군,37.55679233,126.9186601,192812.9371,450810.4759,47.83008289,7.511304370139747,42.84907365801607,43.0,5.013532405866036,1454.0,4.78579155367585,431.0,0.8706649591827413,95.0
마포구,상암동,어반 블룸 상암,2,고위험군,37.57254352,126.8941844,190652.2632,452560.8268,36.44636334,-0.3546484368922904,43.77728607646663,43.0,5.012807461359537,1454.0,4.871031937589656,431.0,-0.13357171945800728,95.0
마포구,동교동,스테이 블루,2,고위험군,37.55239122,126.9315147,193948.3911,450321.0999,27.8700435,-6.505117139014729,38.119019770540014,43.0,5.013218637352348,1454.0,4.1844334733053445,431.0,-0.30037575648031933,95.0
마포구,연남동,모노크롬하우스(아지트룸),2,고위험군,37.55977646,126.9263265,193490.5844,451141.1205,46.40770382,0.7959797611584065,47.487598434883026,43.0,5.012145833710211,1454.0,4.552062138342146,431.0,0.7693666763971618,95.0
마포구,신수동,게스트하우스 하하네,2,고위험군,37.54347927,126.9348039,194238.3526,449331.7742,36.08132211,-1.6285205204981068,39.36822658986359,43.0,5.015004428430141,1454.0,3.8374338739473335,431.0,1.743523534048327,95.0
마포구,창전동,Pareto House,2,고위험군,37.55132252,126.9315346,193950.0631,450202.4858,46.66196119,4.245710004537152,39.04385658373416,43.0,5.013460268474369,1454.0,4.14896060274664,431.0,-0.37473975624549316,95.0
마포구,서교동,바이어스 케이걸하우스,2,고위험군,37.55297285,126.917477,192708.0219,450386.6502,39.47005674,0.5173558299953456,40.38978649228237,43.0,5.0144349905130525,1454.0,4.772204108249623,431.0,3.4453625355214244,95.0
마포구,연남동,하우스 에이치,2,고위험군,37.55995523,126.9255947,193425.9455,451161.0128,43.00684048,-2.784782612368815,47.36660412830093,43.0,5.012185343962823,1454.0,4.579297016813642,431.0,0.7837604665991604,95.0
마포구,연남동,스테이. 노멀띵스,2,고위험군,37.56329824,126.9163882,192612.8308,451532.7313,46.86121587,-0.8677133920164763,45.162392508967116,43.0,5.012444742826768,1454.0,4.800669628042776,431.0,2.2316172477391016,95.0
마포구,서교동,드리미 하우스,2,고위험군,37.55231119,126.9256706,193431.9754,450312.6098,39.91949526,-0.08284815785927435,40.74345244816253,43.0,5.013817704908246,1454.0,4.394812281825917,431.0,2.2652371370451867,95.0
마포구,서교동,클라우스 하우스,2,고위험군,37.55323653,126.9256866,193433.4722,450415.3104,32.03935496,3.332260695426463,40.53616979195397,43.0,5.013613187073016,1454.0,4.424488492813655,431.0,2.5424566447393704,95.0
마포구,서교동,L3 게스트하우스,2,고위험군,37.55006497,126.9202625,192953.8849,450063.6979,51.60193113,6.037491534541587,41.05128552556134,43.0,5.014807555671202,1454.0,4.552833966116862,431.0,2.290343469058217,95.0
마포구,연남동,연남정원,2,고위험군,37.56316618,126.9214456,193059.6446,451517.6887,30.18435955,-4.477693011184979,46.315800061150036,43.0,5.011959973738386,1454.0,4.721572946343292,431.0,1.6940877087676305,95.0
마포구,상수동,이유 스테이,2,고위험군,37.54363576,126.9204646,192971.1366,449350.118,40.71538413,2.9202325595065517,42.82814580824885,43.0,5.016213877803573,1454.0,4.349102499458304,431.0,1.5538668960602926,95.0
마포구,합정동,시티 오아시스 합정점,2,고위험군,37.55049963,126.9089465,191953.9784,450112.8483,44.27544126,-1.0212771039587025,41.679202804401896,43.0,5.0156637771828105,1454.0,4.932269598853046,431.0,2.4130655943696464,95.0
마포구,도화동,마포 게스트하우스 해날,2,고위험군,37.53517368,126.9456974,195200.518,448409.3433,39.88295072,-1.3376291769148096,42.66853863937275,43.0,5.01619856701967,1454.0,3.6974601134236806,431.0,0.23846879692249268,95.0
마포구,연남동,알마수아베,2,고위험군,37.56215485,126.9185399,192802.826,451405.6615,42.52565753,-0.1987335809168158,45.61181203301382,43.0,5.012457494657909,1454.0,4.775038387001792,431.0,2.290876871477518,95.0
마포구,서교동,Room Plus,2,고위험군,37.552834,126.9105654,192097.283,450371.7981,39.37700032,1.4135695787649638,41.51008999121057,43.0,5.015058099046466,1454.0,4.964730828552719,431.0,2.4549955038654203,95.0
마포구,공덕동,만리 848,2,고위험군,37.54499923,126.9583167,196316.3504,449499.2903,48.40182231,-1.0476657892501038,41.17037523514634,43.0,5.012065271750378,1454.0,3.4980955817466475,431.0,1.382958185530866,95.0
마포구,대흥동,블루버드 한옥,2,고위험군,37.54561751,126.9420925,194882.6165,449568.6712,62.68819811,4.637685073077556,41.5008560195451,43.0,5.0137471718190385,1454.0,3.6711895165284205,431.0,1.4840351175342958,95.0
마포구,노고산동,블루브릭스 신촌,2,고위험군,37.55307725,126.9402458,194719.9468,450396.7148,33.35682011,-10.597304969093742,39.995320777898044,43.0,5.012114875682724,1454.0,3.927813904469954,431.0,1.0293050649950537,95.0
마포구,연남동,연남동끝집,2,고위험군,37.56393924,126.9177254,192731.0375,451603.7705,47.51013097,0.5279368633458006,45.37935274251412,43.0,5.012186050572587,1454.0,4.776856518741996,431.0,2.3609564285185427,95.0
마포구,염리동,제이앤디,2,고위험군,37.55201392,126.9463939,195263.1466,450278.3704,35.20943773,0.06681867252628848,41.034556944329815,43.0,5.011653561294899,1454.0,3.7325039935274003,431.0,1.497743042217039,95.0
마포구,노고산동,시리,2,고위험군,37.54964322,126.9350603,194261.4781,450015.8825,34.3542585,3.5783294972956874,39.76088372173756,43.0,5.013490851755944,1454.0,3.9765380249683084,431.0,0.18954155766422637,95.0
마포구,합정동,서울의 밤,2,고위험군,37.54709924,126.9061599,191707.3577,449735.6879,43.46998454,0.9890133141891795,42.69142742764792,43.0,5.016571704345945,1454.0,4.885086670187042,431.0,2.15333146172152,95.0
마포구,망원동,망원 담다,2,고위험군,37.55240858,126.9068095,191765.3487,450324.9039,53.06451095,3.819830928868022,42.956254717350504,43.0,5.015448675732247,1454.0,4.93830046897439,431.0,2.2689891213220665,95.0
마포구,노고산동,신촌유랑,2,고위험군,37.55126633,126.9374105,194469.2779,450195.8874,30.30031157,-1.4144477751439837,39.54409504547431,43.0,5.012859082395098,1454.0,3.960128505457758,431.0,0.5356310656134242,95.0
마포구,서교동,더포레스트,2,고위험군,37.5519298,126.9275169,193595.0888,450270.1527,39.97135378,-0.5669090710259326,40.05678951733265,43.0,5.0137229625839295,1454.0,4.3015010055776735,431.0,1.0656122781193609,95.0
마포구,염리동,특별한 하루 스테이,2,고위험군,37.54662147,126.9475022,195360.7445,449679.818,29.04193529,-4.979132130111022,41.746383790241225,43.0,5.01290002719733,1454.0,3.673082986041786,431.0,1.462323791201585,95.0
마포구,대흥동,피노 스테이,2,고위험군,37.54922039,126.9434657,195004.2115,449968.4736,35.60229471,-6.505765629103998,41.60272715922224,43.0,5.012690310980837,1454.0,3.712814931149594,431.0,1.3839183522215426,95.0
마포구,상수동,Amy's sweet home,2,고위험군,37.54315186,126.9209982,193018.2549,449296.3712,49.37572917,0.8030605930606214,43.08576166738956,43.0,5.0162806217073515,1454.0,4.314498316275865,431.0,1.5822707397471716,95.0
마포구,동교동,Jin's House,2,고위험군,37.55467349,126.9281632,193652.4286,450574.6257,33.84543157,-6.11851635943583,42.293070845074126,43.0,5.0130516371793945,1454.0,4.365332353866062,431.0,1.7126056546232626,95.0
마포구,대흥동,D.1881,2,고위험군,37.55119125,126.9436133,195017.3822,450187.2076,42.93021176,4.335271003487158,40.88829623502512,43.0,5.0121849513633405,1454.0,3.753811315650317,431.0,1.373145291736894,95.0
마포구,서교동,가자하우스,2,고위험군,37.55041295,126.9146111,192454.5244,450102.7581,37.02913524,-1.672848273137724,37.61754835615488,43.0,5.015219930073021,1454.0,4.83588164851202,431.0,2.4403483976283593,95.0
마포구,망원동,Jolly house,2,고위험군,37.55223742,126.9016061,191305.5348,450306.3757,37.13179658,-2.417455342093305,44.97990572482257,43.0,5.015885275592269,1454.0,4.943560303988566,431.0,1.8780579956525378,95.0
마포구,신수동,스테이 헤리티지 경의선숲길,2,고위험군,37.54391637,126.9390634,194614.8094,449380.0345,35.95046545,-5.421088813148707,40.553313690219824,43.0,5.014486257133665,1454.0,3.72653353534629,431.0,1.5435690260551502,95.0
마포구,연남동,진 하우스,2,고위험군,37.56088256,126.9169292,192660.3969,451264.5768,36.33522867,2.4637837648777463,45.001515599789215,43.0,5.012869098636134,1454.0,4.814739375598546,431.0,2.067815625154087,95.0
마포구,연남동,시스앤브로 하우스,2,고위험군,37.55834816,126.9215695,193070.1477,450982.9361,48.9170731,2.745849366776504,43.30211925726762,43.0,5.012929945871726,1454.0,4.706180415256931,431.0,-0.06798320973094896,95.0
마포구,신공덕동,효공 하우스,2,고위험군,37.54183019,126.9563319,196140.7865,449147.6449,38.24298657,-4.61340163226501,41.93541639205996,43.0,5.013214507819209,1454.0,3.5674020362884997,431.0,0.2251267407091267,95.0
마포구,대흥동,휘진 서강,2,고위험군,37.55007405,126.9443051,195078.4397,450063.1754,33.12758394,-3.0098439744705914,41.27406277824039,43.0,5.012382165732059,1454.0,3.7165793775388076,431.0,1.4133553385210706,95.0
마포구,망원동,STUDIO ARCH,2,고위험군,37.55331557,126.903343,191459.145,450425.8783,43.26717579,-0.06357534500966011,44.65872869246422,43.0,5.015542284206892,1454.0,4.940804972756972,431.0,1.8736248169294814,95.0
마포구,합정동,MJ house 102,2,고위험군,37.54949733,126.9091197,191969.1723,450001.5902,51.36775224,5.736824928461701,41.75399359293045,43.0,5.015855065422997,1454.0,4.914244685125518,431.0,2.356393188162804,95.0
마포구,연남동,유일,2,고위험군,37.55896284,126.9243086,193312.2238,451050.9599,46.52101063,-1.421151933962733,46.15373623706981,43.0,5.012526291720608,1454.0,4.60847677951694,431.0,0.8173957251836504,95.0
마포구,성산동,솔루나 하우스,2,고위험군,37.55707604,126.9171992,192683.8802,450842.0771,41.37424595,1.4006544329386301,42.5006345981607,43.0,5.013611221960711,1454.0,4.856932984710801,431.0,1.3445014625898184,95.0
마포구,서교동,게스 하우스,2,고위험군,37.55373445,126.9265509,193509.8863,450470.5136,33.64194634,-5.864992521742963,40.47081039866811,43.0,5.013419350922107,1454.0,4.405517700083352,431.0,2.0246501884274166,95.0
마포구,상수동,와우 하우스,2,고위험군,37.5444683,126.9215004,193062.7559,449442.4429,44.75259797,0.7830344379076735,42.87023735054912,43.0,5.015940960544932,1454.0,4.324030965988012,431.0,1.7007302394181718,95.0
마포구,성산동,Wish Stay,2,고위험군,37.56294553,126.905378,191640.0317,451494.507,47.89912384,1.9521114009964649,44.12630383397899,43.0,5.013536792613064,1454.0,4.898918125639374,431.0,0.055508897741962625,95.0
마포구,동교동,JJ하우스1,2,고위험군,37.55476769,126.9266497,193518.706,450585.1841,46.99570763,6.589387851479984,41.97311315510807,43.0,5.013183946947021,1454.0,4.433783479365481,431.0,1.9041684036448014,95.0
마포구,도화동,도화스테이,2,고위험군,37.538969,126.9515232,195715.6451,448830.296,34.4013166,-4.493201883597273,42.577523387105025,43.0,5.014560296467355,1454.0,3.657642748718945,431.0,0.16484440371804682,95.0
마포구,연남동,아띠연남,2,고위험군,37.55937861,126.9195008,192887.4632,451097.4584,51.96116342,4.707815291928988,44.43598264009714,43.0,5.012921830754635,1454.0,4.7635219145142695,431.0,0.28370499908584534,95.0
마포구,성산동,해법하우스,2,고위험군,37.55891793,126.9067295,191758.9965,451047.3715,34.52397117,-5.740298530632117,44.36664166346216,43.0,5.014181682057391,1454.0,4.931461205170107,431.0,-0.21905082372726195,95.0
마포구,창전동,258 Inn,2,고위험군,37.55054835,126.926845,193535.5993,450116.8743,38.54095663,2.0870575048120514,40.99432796535745,43.0,5.014096491701269,1454.0,4.280531750676701,431.0,0.9110708028279929,95.0
마포구,연남동,까사드 연남,2,고위험군,37.56204924,126.9249103,193365.6568,451393.4713,43.64437207,-5.644130568783126,46.762320384765644,43.0,5.01182324030586,1454.0,4.617064737593118,431.0,0.8648025546836886,95.0
마포구,동교동,헤이스테이,2,고위험군,37.55553867,126.9239535,193280.5411,450670.943,36.68380238,3.233304161142968,42.07495003931229,43.0,5.013285483932048,1454.0,4.560951780379736,431.0,1.2234196641627013,95.0
마포구,동교동,YOUNGSTAY1,2,고위험군,37.55465323,126.9198855,192921.0056,450572.9683,42.29732735,3.1437770097436726,43.66304497049195,43.0,5.0138625714957685,1454.0,4.704823471979361,431.0,2.569275205851206,95.0
마포구,대흥동,제로워터 스테이,2,고위험군,37.54443198,126.9395048,194653.8517,449437.2357,43.98004607,1.588922205872052,40.66833162373272,43.0,5.014312256101266,1454.0,3.7261958744031602,431.0,1.4536410408642062,95.0
마포구,동교동,Stay U,2,고위험군,37.55236083,126.9309933,193902.3158,450317.7607,33.8457349,-0.397278024934856,37.86796686336844,43.0,5.013278890881571,1454.0,4.194347731917305,431.0,-0.33470201515615217,95.0
마포구,대흥동,이화당,2,고위험군,37.55330268,126.9455243,195186.3881,450421.4515,49.45115055,4.8287556483581255,40.90390967494223,43.0,5.011440282166471,1454.0,3.7737154382019793,431.0,1.4689223888980474,95.0
마포구,성산동,이지멘션1,2,고위험군,37.56333218,126.9159332,192572.6372,451536.5341,42.68117533,0.2946047101209217,45.102334034166944,43.0,5.012482814864969,1454.0,4.806497441767372,431.0,2.1536504271386687,95.0
마포구,서교동,GLOW 스테이,2,고위험군,37.55372671,126.9267583,193528.2093,450469.6402,34.31060724,-5.26082311863663,40.37426544805806,43.0,5.013400506904374,1454.0,4.396556321240465,431.0,1.9057437974839035,95.0
마포구,성산동,아우라 스페이스,2,고위험군,37.55736614,126.9163762,192611.1892,450874.3391,34.60517923,-4.815940616817265,42.4944470620359,43.0,5.0136286833923105,1454.0,4.883183480353664,431.0,1.4879098131559996,95.0
마포구,도화동,스테이 차,2,고위험군,37.53837671,126.9529927,195845.4894,448764.4931,38.61206267,3.798041919921367,42.49757626149608,43.0,5.014580527843508,1454.0,3.6428764846504142,431.0,0.15705647671928863,95.0
마포구,서교동,Stay CarpeDiem hongdae,2,고위험군,37.55043322,126.9194563,192882.6807,450104.63,37.14974149,-0.2522773689632629,40.642854202026086,43.0,5.014799168334674,1454.0,4.597815987510699,431.0,2.412482181373056,95.0
마포구,합정동,King kong dae 7,2,고위험군,37.54530952,126.9130474,192315.8226,449536.4654,40.30855032,-5.794955111941789,41.17663409630747,43.0,5.016429129079292,1454.0,4.676552635473197,431.0,1.7074762560257226,95.0
마포구,연남동,seven house,2,고위험군,37.55805741,126.9208619,193007.6029,450950.7187,42.02518054,-0.12701565133686898,43.3856702191449,43.0,5.013059714511346,1454.0,4.718492345345463,431.0,-0.3967623833154158,95.0
마포구,서교동,Sunny Guest House,2,고위험군,37.55341385,126.9262345,193481.898,450434.9527,31.84622005,2.49421227534431,40.18141739826509,43.0,5.013520770632509,1454.0,4.408106194882832,431.0,2.229660892875268,95.0
마포구,신수동,벙커.K,2,고위험군,37.54651932,126.9374656,194473.7999,449669.0232,39.0713025,-0.8398197778896446,39.763649222773054,43.0,5.01399775685313,1454.0,3.8360963361959612,431.0,0.9092542626559257,95.0
마포구,성산동,얼바닉 스테이,2,고위험군,37.55595572,126.9125404,192272.1155,450718.1077,44.14828235,-1.3464061036196426,42.06619255932439,43.0,5.014259655382199,1454.0,4.9673947946461094,431.0,1.1269665922155179,95.0
마포구,공덕동,연스테이,2,고위험군,37.54663144,126.960726,196529.3434,449680.3542,35.40161129,-0.7794199474301564,41.088600661446904,43.0,5.011291096421302,1454.0,3.418260811377822,431.0,1.8789409532069414,95.0
강서구,공항동,Stay Serendipity,2,고위험군,37.5558778,126.812004,183388.7562,450722.4754,38.70807354,-3.837122009954136,43.4471759870576,43.0,5.020075613678372,1454.0,4.093688235578172,431.0,2.6562856087107845,95.0
강서구,화곡동,더 화곡 스테이(The Hwagok Stay),2,고위험군,37.54281466,126.8411661,185963.0612,449267.8689,42.30082087,-3.2944342185763134,42.308290528588365,43.0,5.020846572578606,1454.0,4.262331969937535,431.0,2.8451841975371157,95.0
강서구,공항동,고요하우스 공항동,2,고위험군,37.55668286,126.811193,183317.2751,450811.9712,40.96576469,-1.1238707594688577,43.51807871283891,43.0,5.0199984009336855,1454.0,4.088658755760621,431.0,2.6471932708025574,95.0
강서구,방화동,에어포트 게스트하우스,2,고위험군,37.56569175,126.8146216,183622.1973,451811.25,46.37037626,2.190472879682936,43.80446045730277,43.0,5.018669707768875,1454.0,4.052598379709852,431.0,2.5397635517715718,95.0
강서구,공항동,에어포트 스테이 서울,2,고위험군,37.5553479,126.8127287,183452.6732,450663.5349,32.94273602,-0.47961791403228915,43.38926093401364,43.0,5.020119650323715,1454.0,4.097402176129192,431.0,2.6624474113572716,95.0
강서구,등촌동,히트코지,2,고위험군,37.55293291,126.8538363,187084.5327,450389.0575,36.96115345,2.2755567292451246,42.67071320823801,43.0,5.0186930148452396,1454.0,4.3033935006288475,431.0,2.53281162650158,95.0
강서구,방화동,방화별채,2,고위험군,37.56298643,126.8102025,183231.1695,451511.7702,52.13033126,6.844830587675425,43.79612834136084,43.0,5.019205815652778,1454.0,4.055795669884944,431.0,2.579134223593563,95.0
강서구,공항동,두리현스테이,2,고위험군,37.55696025,126.8113822,183334.0552,450842.7247,40.89549984,0.07620360653375258,43.52815341784124,43.0,5.019954191452394,1454.0,4.087104686194434,431.0,2.644130429227152,95.0
강서구,화곡동,Lia Stay,2,고위험군,37.53195541,126.8478241,186549.5135,448061.651,48.20831224,7.383316830843313,42.423541734645944,43.0,5.022367220372271,1454.0,4.32899460014123,431.0,2.918817919126534,95.0
강서구,등촌동,온에어하우스,2,고위험군,37.55325852,126.855813,187259.2562,450424.9266,41.15507488,1.6944789272087348,42.768422978170726,43.0,5.0185420409103765,1454.0,4.322393642710609,431.0,2.4909701033765064,95.0
강서구,화곡동,서울하우스,2,고위험군,37.53796787,126.8389054,185762.3458,448730.2737,41.19970637,0.20204712027281602,42.23028248758335,43.0,5.0216946758052154,1454.0,4.269415058478707,431.0,2.896662814061677,95.0
강서구,화곡동,에스더스테이,2,고위험군,37.52807793,126.8372725,185616.1323,447632.8597,25.50512768,-5.130216313808013,42.161524158346225,43.0,5.023340814702699,1454.0,4.276291135515302,431.0,2.963407003099575,95.0
강서구,공항동,미미하우스(MIMI HOUSE),2,고위험군,37.55692417,126.812028,183391.1108,450838.6059,34.27807093,-7.682848727183249,43.50807373545908,43.0,5.019934436696834,1454.0,4.088335921685136,431.0,2.644562842419742,95.0
강서구,가양동,스테이240,2,고위험군,37.56917783,126.8384051,185724.0879,452194.2856,39.81652208,6.247887624678526,43.50389326282292,43.0,5.017073960391574,1454.0,4.101471890059129,431.0,2.3456817589473826,95.0
강서구,개화동,Angel B&B,2,고위험군,37.5840424,126.8015852,182474.7534,453850.3151,41.56692354,2.9269762568230604,44.179186885516515,43.0,5.016966409457335,1454.0,3.9784016025349986,431.0,2.377998417362171,95.0
강서구,화곡동,스테이 화곡,2,고위험군,37.5393807,126.837677,185654.0531,448887.2674,39.03391647,-4.360339954166065,42.23164387443438,43.0,5.021515929114482,1454.0,4.257810719933865,431.0,2.8888289529950506,95.0
강서구,등촌동,Birdhouse,2,고위험군,37.55276631,126.8564116,187312.0685,450370.2161,43.76732556,3.0895325933446074,42.78512553417385,43.0,5.018589990227664,1454.0,4.33252626637211,431.0,2.4859650410802567,95.0
강서구,화곡동,정 스테이,2,고위험군,37.53343959,126.8481081,186574.8808,448226.3362,40.25969153,2.6008853646121324,42.42026941207863,43.0,5.022107995442636,1454.0,4.330490671379239,431.0,2.9162227528630815,95.0
강서구,화곡동,Pum Stay,2,고위험군,37.54256084,126.8417232,186012.2422,449239.6149,40.39092826,-3.653747877641024,42.294299237551115,43.0,5.020864611572844,1454.0,4.266884020725648,431.0,2.8464251589751153,95.0
강서구,공항동,홈스윗홈,2,고위험군,37.55791795,126.8113696,183333.1579,450949.0204,45.94521646,-0.1751770738327849,43.578658264431596,43.0,5.019827031678147,1454.0,4.081299137582033,431.0,2.6318855411493525,95.0
강서구,공항동,안식,2,고위험군,37.5576118,126.8123732,183421.7627,450914.8639,34.23209806,-6.792381463715799,43.53436164915507,43.0,5.019829255579715,1454.0,4.08482210324131,431.0,2.634751991920907,95.0
강서구,화곡동,KELLY' GUEST HOUSE,2,고위험군,37.530948,126.841087,185953.8416,447950.8257,43.92501794,0.13279151909709697,42.21634945599632,43.0,5.022754924972757,1454.0,4.29321569468538,431.0,2.938363795991743,95.0
강서구,화곡동,모먼트 스테이,2,고위험군,37.53545237,126.841662,186005.5052,448450.67,49.23561435,6.850794958551219,42.269470950720276,43.0,5.022000865427516,1454.0,4.290906184631778,431.0,2.9165162762029535,95.0
강서구,개화동,리버사이드,2,고위험군,37.57626056,126.8004967,182376.7804,452986.8222,39.79417341,-0.9677019429815701,44.12023676186176,43.0,5.017943935991165,1454.0,4.0019021215877695,431.0,2.460436441792167,95.0
강서구,방화동,오투게스트하우스,2,고위험군,37.56993891,126.8097568,183193.3516,452283.4947,44.92352438,4.900683414114219,43.9656762779024,43.0,5.01833061699025,1454.0,4.031820526781428,431.0,2.503046839318393,95.0
강서구,방화동,언니네,2,고위험군,37.56430943,126.810525,183259.9588,451658.5503,53.4331234,7.070290345337547,43.82885699106707,43.0,5.019020786546628,1454.0,4.049461743118596,431.0,2.5626310075185805,95.0
강서구,개화동,RnR House,2,고위험군,37.57692174,126.7997887,182314.3952,453060.3388,40.28438398,-0.49149607004374474,44.13036662568236,43.0,5.01789440304767,1454.0,3.99904280407391,431.0,2.4560337005724864,95.0
강서구,내발산동,구름닮은집,2,고위험군,37.55446676,126.8409309,185944.4591,450561.148,35.41425836,-9.573869517609765,42.68820271892091,43.0,5.019073924004641,1454.0,4.192682498187111,431.0,2.635872975560459,95.0
강서구,방화동,수스테이(SUE STAY),2,고위험군,37.56444657,126.8142687,183590.7479,451673.111,41.63647045,1.2275812489630198,43.77194983026453,43.0,5.018847781068204,1454.0,4.057090681931355,431.0,2.5551019862750306,95.0
강서구,내발산동,올래마곡,2,고위험군,37.55157537,126.837037,185599.8346,450240.8274,42.20122337,-3.5216874359769506,42.585114005362655,43.0,5.0196778193105605,1454.0,4.193834814048029,431.0,2.7285470247127193,95.0
마포구,도화동,스테이 결,2,고위험군,37.53886159,126.9518765,195746.8652,448818.3587,41.34726744,2.362891407978495,42.54020548876506,43.0,5.014554872073589,1454.0,3.6540893778559433,431.0,0.14929292262031052,95.0
영등포구,신길동,Lodge 82,2,고위험군,37.51177423,126.920266,192950.5923,445813.8985,33.00413465,-6.089043561201365,42.032556718148896,43.0,5.024239865418,1454.0,3.9496908413654888,431.0,1.2583889109053805,95.0
영등포구,신길동,도담스테이,2,고위험군,37.49699241,126.9105582,192090.7519,444174.0779,38.20445786,1.2523544824355,41.686479209125494,43.0,5.028557275882569,1454.0,3.909690721791648,431.0,1.3567261892695197,95.0
영등포구,(당산동,성심행,2,고위험군,37.52664465,126.8968678,190883.726,447466.3386,47.77962178,7.999306969465756,43.88394177696578,43.0,5.021463947168666,1454.0,4.2403399888867686,431.0,2.1269741313528834,95.0
영등포구,신길동,쿠쉬 스테이,2,고위험군,37.50595821,126.9204002,192961.9146,445168.3845,41.21990518,1.0244918588556828,41.988124708855466,43.0,5.025895831244641,1454.0,3.9173032129409573,431.0,1.25422251056394,95.0
영등포구,신길동,쉼길,2,고위험군,37.51229516,126.9154204,192522.2406,445872.0892,34.37966223,-7.535678838729851,42.601727407172106,43.0,5.024235757598468,1454.0,3.9807431202880346,431.0,1.3782368391002615,95.0
영등포구,(당산동,YDP STAY,2,고위험군,37.52275078,126.8965546,190855.5684,447034.1979,49.86784946,5.215354717093334,43.24055152248068,43.0,5.022340069394286,1454.0,4.180534531537351,431.0,1.941789060405421,95.0
영등포구,신길동,유어진,2,고위험군,37.49661929,126.9112242,192149.6057,444132.6107,42.80914056,4.687571201999596,41.675433531584,43.0,5.028666286368314,1454.0,3.906335996790551,431.0,1.3468325865717308,95.0
영등포구,(당산동,호미 그라운드,2,고위험군,37.51946405,126.8961264,190817.3168,446669.4537,50.52703275,2.4881288963138246,42.689590206256476,43.0,5.023098035667151,1454.0,4.13600627400526,431.0,1.8626886414931385,95.0
영등포구,(당산동,오롯이휴 당산,2,고위험군,37.53063018,126.9002011,191178.8437,447908.3653,47.24146988,3.04658841530663,44.02849162790166,43.0,5.020430758399213,1454.0,4.305455820787651,431.0,2.3136618677386225,95.0
영등포구,(당산동,당산재,2,고위험군,37.51991684,126.8959242,190799.4983,446719.7275,37.74280528,3.2391695385106303,42.799518929846265,43.0,5.023002485913139,1454.0,4.142613925852621,431.0,1.8827170162608733,95.0
영등포구,(당산동,서울우드 포근채,2,고위험군,37.53343206,126.8993204,191101.3276,448219.4224,40.1057513,1.4277605071219952,45.06886633459466,43.0,5.019871801495926,1454.0,4.384153123155465,431.0,2.507090211259728,95.0
영등포구,(당산동,사계절 하우스,2,고위험군,37.53082118,126.9002179,191180.3475,447929.5623,46.86007493,2.825763339226164,44.09119420943366,43.0,5.0203882020705715,1454.0,4.309431806034127,431.0,2.295424137507575,95.0
영등포구,(양평동,스테이 공간,2,고위험군,37.52221346,126.8831171,189667.6383,446975.9532,44.46920524,4.1117603240407306,45.13506617031391,43.0,5.022961617395602,1454.0,4.239640303380291,431.0,2.1044585252000085,95.0
영등포구,영등포동,미케하우스,2,고위험군,37.51093449,126.9051604,191614.9918,445721.9369,41.62185705,-0.9590012757792863,43.327495484969205,43.0,5.024866474702195,1454.0,4.00682544995279,431.0,1.5292917070747114,95.0
영등포구,대림동,대림 코지아,2,고위험군,37.48906457,126.9010728,191251.0453,443295.0305,45.09917149,-6.831930872725188,41.40722752178846,43.0,5.030731659861969,1454.0,3.9080196040509567,431.0,1.3817088633934775,95.0
영등포구,영등포동,아라 하우스,2,고위험군,37.51010354,126.9086407,191922.5984,445629.4076,42.50071648,-0.20895296232411908,43.89454275929018,43.0,5.024994400630384,1454.0,3.990177006180445,431.0,1.472864001361803,95.0
영등포구,도림동,체리티,2,고위험군,37.50578482,126.8980199,190983.0579,445151.0495,48.49470685,5.013887369705358,42.71375960595158,43.0,5.026305903506988,1454.0,3.992232560368325,431.0,1.5289744713356148,95.0
영등포구,(양평동,모먼트 서울(Moment Seoul),2,고위험군,37.53489754,126.8955869,190771.5207,448382.4325,42.58498872,-2.28920106960679,45.282298228132504,43.0,5.0197652123697925,1454.0,4.433543251952262,431.0,2.5827085376754066,95.0
영등포구,(당산동,홍만스 홈,2,고위험군,37.52998346,126.9049903,191602.0827,447836.1489,46.47215553,3.951843954372862,43.49554308501164,43.0,5.02032425146038,1454.0,4.268593144570998,431.0,2.1242673668100225,95.0
영등포구,선유동,킴스하우스,2,고위험군,37.52002909,126.891214,190383.1155,446732.6569,46.71579288,3.2769144622919057,44.229813824005916,43.0,5.023145220648548,1454.0,4.16025957447177,431.0,1.9497158560362993,95.0
영등포구,영등포동,더서울하우스,2,고위험군,37.50998471,126.9077669,191845.3288,445616.2944,51.88725801,7.443932428187722,43.97385679528984,43.0,5.025046104879966,1454.0,3.991585484488626,431.0,1.483589781349571,95.0
영등포구,도림동,메종 블랑 서울(Maison Blanc Seoul),2,고위험군,37.50597544,126.9034001,191458.7871,445171.704,42.4258648,-3.905143941842802,42.74334053030444,43.0,5.0261699996291815,1454.0,3.9750945333044783,431.0,1.4839346796103565,95.0
영등포구,신길동,봄봄스테이 여의도,2,고위험군,37.51154539,126.9193447,192869.1178,445788.5696,35.02175486,-3.794548877136343,42.09775331718649,43.0,5.024329531108396,1454.0,3.953252250354758,431.0,1.2827533246498843,95.0
영등포구,신길동,스카이 게스트하우스,2,고위험군,37.51029604,126.911694,192192.5698,445650.5149,37.28912856,0.5265230101640697,43.78398236847546,43.0,5.024869499646219,1454.0,3.9806507510112055,431.0,1.4310880625723552,95.0
영등포구,신길동,ynny stay,2,고위험군,37.51236004,126.9220482,193108.2141,445878.7839,38.52530387,-8.282818892198115,41.901910297864134,43.0,5.024023621139069,1454.0,3.9433418805295792,431.0,1.2046016581166001,95.0
영등포구,신길동,stay 올랑올랑,2,고위험군,37.50278421,126.9070884,191784.5511,444817.1901,33.68663409,-4.1643385885656485,42.011964190356764,43.0,5.026961395327815,1454.0,3.9466145361161233,431.0,1.4209090473674955,95.0
영등포구,신길동,다니숲 스테이,2,고위험군,37.51225752,126.9197781,192907.5029,445867.5742,37.34635763,-1.190027401407363,42.03650392135615,43.0,5.024119372310707,1454.0,3.955614013071182,431.0,1.2644998180399583,95.0
영등포구,대림동,cozy(코지),2,고위험군,37.48651284,126.9033811,191454.8969,443011.61,30.14552464,-9.472566627972714,41.36260901097155,43.0,5.031504015395813,1454.0,3.8934156387766246,431.0,1.354990301231767,95.0
서초구,방배동,로뎀,2,고위험군,37.47311165,126.9939049,199460.8405,441519.8895,42.53685784,0.8651523256531704,42.633993249441666,43.0,5.018035560347481,1454.0,3.448677768358009,431.0,1.7301769850457636,95.0
서초구,양재동,스타인 서울,2,고위험군,37.47099934,127.0393091,203477.2677,441286.1598,40.49430504,-3.7952491057311093,43.69563183683691,43.0,5.004169849303446,1454.0,3.525296271538697,431.0,1.62680776205329,95.0
서초구,방배동,메종 방배,2,고위험군,37.47918098,126.9944381,199508.0482,442193.5008,44.76892989,2.6993116617286574,42.55968578986641,43.0,5.016833120778204,1454.0,3.4183133920259547,431.0,1.6446244593461548,95.0
서초구,방배동,헤이븐스테이,2,고위험군,37.47813135,126.9917024,199266.0706,442077.0237,31.07035996,-6.657442521271083,42.45499895795473,43.0,5.018134420001312,1454.0,3.4447823111721227,431.0,1.615265804086286,95.0
서초구,방배동,몰리앤코,2,고위험군,37.48111882,126.9856629,198731.9191,442408.6572,43.50981684,1.7206243512119102,42.12523194042283,43.0,5.020275580296311,1454.0,3.469596623756412,431.0,1.2311989266475636,95.0
서초구,서초동,Salt House,2,고위험군,37.48652635,127.0091831,200812.162,443008.7643,35.34500216,-4.329067871642593,43.42758911690882,43.0,5.010284041260806,1454.0,3.346428155504925,431.0,1.476169190500664,95.0
서초구,방배동,스마일 방배 도미토리,2,고위험군,37.47958025,126.9849707,198670.6612,442237.906,39.83739803,-0.6776189628264291,42.147759408814906,43.0,5.020858755533158,1454.0,3.481345098711091,431.0,1.2700958824889714,95.0
강남구,논현동,창범하우스,2,고위험군,37.51523852,127.0361143,203192.7713,446196.0166,40.24369844,-2.37589249745222,44.19258112672958,43.0,4.998591526166795,1454.0,3.681835800123186,431.0,0.0038209039553745395,95.0
강남구,삼성동,하우스강남,2,고위험군,37.50772316,127.0520013,204597.7672,445362.5651,38.27301602,3.5359697096122105,42.62061144067445,43.0,4.996514343998449,1454.0,3.7728965398554424,431.0,0.1316017967053393,95.0
강남구,논현동,윌라,2,고위험군,37.51586899,127.0285267,202521.9478,446265.7604,40.85677421,-2.0111873993271843,44.66828367158793,43.0,5.00019913450953,1454.0,3.5435946002842815,431.0,0.5791578463405116,95.0
강남구,일원동,덕스하우스,2,고위험군,37.49144409,127.0811592,207177.3612,443557.623,34.16721499,1.6046355573018474,42.80076926828868,43.0,4.993785922904786,1454.0,3.853603273213052,431.0,1.8661460673102046,95.0
강남구,도곡동,행복스테이,2,고위험군,37.48370802,127.0376268,203327.892,442696.5924,54.74004564,7.944468085383868,43.9443021362787,43.0,5.0028490254175075,1454.0,3.534588392541799,431.0,1.392611518157297,95.0
강남구,신사동,모레하우스,2,고위험군,37.522993,127.0342439,203027.1069,447056.6044,37.11332408,-5.055498863855725,43.771491275351515,43.0,4.997779381891159,1454.0,3.746208027969978,431.0,0.3876037406183975,95.0
강남구,청담동,헥사 스테이 청담,2,고위험군,37.51835146,127.0452273,203998.2635,446541.8619,40.03371983,-1.0385685690610984,42.48698640436933,43.0,4.996267746107334,1454.0,3.834925884795879,431.0,-0.1317375014295414,95.0
강남구,삼성동,삼성 코지 스테이,2,고위험군,37.50946391,127.0472064,204173.7201,445555.5426,42.1883103,3.0794250586245226,43.08306190174155,43.0,4.9971792220731714,1454.0,3.7580150711599436,431.0,0.04096798268518179,95.0
강남구,일원동,제이스테이,2,고위험군,37.49133577,127.0817413,207228.8456,443545.6455,36.69268663,2.6787640227117677,42.80789965527635,43.0,4.993713400016914,1454.0,3.8568959886733905,431.0,1.8773819158480678,95.0
강남구,대치동,티토스테이,2,고위험군,37.50350866,127.0614358,205432.2296,444895.3125,37.05847242,-4.092350957978105,41.88972305748845,43.0,4.99540532806211,1454.0,3.7804649580342606,431.0,0.6384323417244553,95.0
강남구,삼성동,코엑스 케이 레지던스,2,고위험군,37.50890835,127.0547953,204844.7259,445494.2462,41.95237416,1.185265744279782,42.084605528660646,43.0,4.995840272419773,1454.0,3.7970636809529164,431.0,0.12559306836181233,95.0
강남구,역삼동,더코지코너,2,고위험군,37.50277492,127.0317927,202811.1796,444812.5785,43.78532518,0.4686826218678206,44.150474127762195,43.0,5.001466613843814,1454.0,3.5257796776191292,431.0,0.7262196217357091,95.0
강남구,역삼동,브릭맨션,2,고위험군,37.50081487,127.0322786,202854.2221,444595.0529,46.4170308,5.835850663975592,44.097663520124044,43.0,5.001646330714274,1454.0,3.5257065020027625,431.0,0.8146786170828818,95.0
강남구,논현동,나비잠,2,고위험군,37.51634947,127.0309866,202739.4064,446319.1563,49.50786383,5.780759574707041,44.53123239607387,43.0,4.999553580589221,1454.0,3.599177596152469,431.0,0.4331396043565246,95.0
강남구,논현동,어반 팀버 강남,2,고위험군,37.50388033,127.025777,202279.2256,444935.1021,37.18581033,-3.898213532312063,44.411337554913075,43.0,5.002767511584636,1454.0,3.425437633273822,431.0,0.7358810220515001,95.0
강남구,역삼동,까사 도로,2,고위험군,37.50091623,127.0289478,202559.6882,444606.2068,36.3444898,-6.177343246451592,44.240328392524056,43.0,5.002433851433817,1454.0,3.4751175199775206,431.0,0.8874402627136816,95.0
강남구,삼성동,한캄,2,고위험군,37.51053483,127.0486236,204298.9594,445674.4648,38.47315445,-0.4021306732918575,42.800648337236424,43.0,4.996753714007124,1454.0,3.77890250494361,431.0,-0.012718375212504424,95.0
강남구,신사동,강남 신사동 가로수길,2,고위험군,37.51850406,127.0195112,201724.858,446558.0164,42.90510041,0.8814260842157751,45.46073731957677,43.0,5.001990997604047,1454.0,3.332356474562938,431.0,0.7218090933599516,95.0
강남구,역삼동,스윗모먼츠,2,고위험군,37.49447966,127.0437116,203865.504,443892.3351,43.54671976,1.8541021591475797,43.88351054761877,43.0,5.000002196937091,1454.0,3.6218372172797446,431.0,0.9922914864420915,95.0
강남구,청담동,청담57스테이,2,고위험군,37.52073304,127.0507659,204487.7586,446806.4371,30.69111231,-4.170077659437581,42.179304204825605,43.0,4.994890899318919,1454.0,3.8963325233245802,431.0,-0.0826914685166339,95.0
송파구,오금동,오금 스테이,2,고위험군,37.50404851,127.1327622,211738.9254,444961.7359,44.10693099,6.456417792052164,43.362848682196194,43.0,4.986411069855978,1454.0,4.080241221362713,431.0,1.991711148771417,95.0
강남구,삼성동,루미 그레이프 하우스,2,고위험군,37.51114725,127.0484335,204282.1198,445742.427,38.47774207,-5.298922105508062,42.77231281993045,43.0,4.99670255281375,1454.0,3.782868351223244,431.0,-0.05043156858626228,95.0
강남구,역삼동,역삼동 제인,2,고위험군,37.49436382,127.0368915,203262.3952,443879.2202,38.50857477,-2.167772384065124,43.95263114346463,43.0,5.001518921427889,1454.0,3.5582092616616876,431.0,1.047267621183092,95.0
강남구,일원동,정게스트하우스,2,고위험군,37.49113755,127.0837889,207409.9452,443523.8048,45.07546803,2.1558945467068256,42.82928162354093,43.0,4.993440036862326,1454.0,3.868755657670978,431.0,1.914089222966977,95.0
강남구,일원동,예본의집,2,고위험군,37.49213551,127.0840129,207429.6586,443634.583,45.26935586,3.162103581406093,42.803472722561416,43.0,4.99329141388364,1454.0,3.87163739635068,431.0,1.9071974804141298,95.0
강남구,청담동,청담 게스트하우스,2,고위험군,37.52296261,127.0493685,204364.0963,447053.8257,36.05178379,-4.955515991900242,42.26824263989265,43.0,4.994816219437086,1454.0,3.9143779754852894,431.0,-0.04104110390690902,95.0
강남구,역삼동,빅 존스 플레이스,2,고위험군,37.50131644,127.0265212,202345.1077,444650.5617,39.26144409,-4.627154391317305,44.3670381829117,43.0,5.002977203034133,1454.0,3.435930846710646,431.0,0.8856460542727264,95.0
강남구,신사동,게스트하우스강남(guesthousegangnam),2,고위험군,37.5232255,127.0299232,202645.1508,447082.2787,34.87364058,-8.14520905525736,44.363044713354604,43.0,4.998688088740648,1454.0,3.659432575140356,431.0,1.008761893467186,95.0
강남구,역삼동,24게스트하우스 강남센터,2,고위험군,37.50115056,127.0325881,202881.5713,444632.3196,48.26607828,5.681480536687914,44.09439592889573,43.0,5.0015231362756225,1454.0,3.5315104664765395,431.0,0.7904852109305855,95.0
강남구,역삼동,강남스테이힐(Gangnam Stay Hill),2,고위험군,37.5006903,127.029349,202595.171,444581.1425,48.09380009,5.518303677943713,44.21477914338776,43.0,5.0023697844643715,1454.0,3.4800854897159006,431.0,0.8940953936451994,95.0
강남구,신사동,제나스위트 강남,2,고위험군,37.52131098,127.023355,202064.5848,446869.6266,42.07256495,0.17096459118816654,45.27837650572696,43.0,5.000546027523881,1454.0,3.465200876690086,431.0,1.3932632793923407,95.0
송파구,석촌동,레이크 게스트하우스,2,고위험군,37.50065453,127.0990526,208758.6984,444581.3768,41.9795038,-0.0229896710183084,43.083025442483745,43.0,4.9903317982467,1454.0,3.96569925978393,431.0,2.1090921670937197,95.0
송파구,방이동,석촌별채,2,고위험군,37.50887846,127.1093053,209664.2223,445495.1311,56.52533671,9.427777877533856,43.34146393930813,43.0,4.988240641266167,1454.0,4.012376971885629,431.0,1.815771448523518,95.0
송파구,잠실동,K 하우스,2,고위험군,37.50598335,127.0845234,207473.4208,445171.5543,35.07548487,-6.157614989483825,42.406616415056305,43.0,4.991578113196753,1454.0,3.9125380660387696,431.0,1.7409971396922204,95.0
송파구,방이동,잠시스테이,2,고위험군,37.51120635,127.1081822,209564.629,445753.3826,37.22088099,-4.818312211786612,43.35888207519065,43.0,4.988105234714908,1454.0,4.01439884985678,431.0,1.6820696504408217,95.0
송파구,석촌동,단감나무 집,2,고위험군,37.49898095,127.1041456,209209.2509,444396.1172,39.04435232,-5.917781133008823,43.18202898254212,43.0,4.989909939848954,1454.0,3.985520316811605,431.0,2.1649505402322484,95.0
송파구,송파동,레몬트리 스테이,2,고위험군,37.50014312,127.1141555,210094.2297,444526.1296,41.96043825,2.50276139714029,43.27862837826237,43.0,4.9886612298346416,1454.0,4.022863642950418,431.0,2.1988351242795385,95.0
송파구,방이동,어반스테이 송파(Urban Stay_Songpa),2,고위험군,37.50564537,127.1182985,210459.8135,445137.261,48.6514544,8.14017529210301,43.36136753057818,43.0,4.9876445546726424,1454.0,4.037583933984213,431.0,1.948303487374107,95.0
송파구,석촌동,쁘띠또뗄,2,고위험군,37.49948276,127.1064924,209416.7033,444452.0439,36.55994148,-6.2535391174126715,43.21602952078746,43.0,4.9895830042747615,1454.0,3.996206208996435,431.0,2.182666548019219,95.0
송파구,송파동,송파 스테이 110,2,고위험군,37.50222686,127.1114045,209850.6997,444757.1064,37.64199513,-5.886481005892442,43.284657562165016,43.0,4.988736219018177,1454.0,4.0168196771375415,431.0,2.1715605349655323,95.0
송파구,잠실동,캄스테이 서울,2,고위험군,37.50558119,127.0852996,207542.0917,445126.9816,34.62693744,-5.596956320962384,42.455755266598075,43.0,4.991521397569159,1454.0,3.9151251323866645,431.0,1.776541868567632,95.0
송파구,삼전동,잠실 코지 비앤비,2,고위험군,37.50154392,127.091329,208075.6447,444679.3969,38.54799411,-1.164338691001717,42.814510973441514,43.0,4.991199985139048,1454.0,3.9337796418025306,431.0,1.9864727580677226,95.0
송파구,삼전동,Tina`s Homestay,2,고위험군,37.50300268,127.0954957,208443.9117,444841.6661,48.69625644,5.0507761892816205,42.95169101832577,43.0,4.9905028435860075,1454.0,3.9549978773731134,431.0,2.053436350295667,95.0
송파구,삼전동,오잉 잠실,2,고위험군,37.49628202,127.092644,208192.4922,444095.5078,45.49628768,3.3629004494465775,42.927137179531236,43.0,4.991634255659392,1454.0,3.929641146165618,431.0,2.021663831482765,95.0
송파구,풍납동,잠실웰컴하우스,2,고위험군,37.53172743,127.1117037,209873.2719,448031.3296,47.2007468,6.8756622315035045,44.204519246147946,43.0,4.985433865533404,1454.0,4.054933463961501,431.0,0.8209973607438188,95.0
송파구,송파동,잠실 석촌역 게스트하우스,2,고위험군,37.50240178,127.1076416,209517.9493,444776.133,48.25574448,-0.4322429647801087,43.24618755168109,43.0,4.9891339352990425,1454.0,4.004140798031106,431.0,2.14571612861413,95.0
송파구,석촌동,JJ HOUSE,2,고위험군,37.49758924,127.0973088,208604.8471,444241.0084,50.46928426,4.167780705296323,43.04987756782223,43.0,4.990891112914626,1454.0,3.954865633280335,431.0,2.0934694156298397,95.0
송파구,잠실동,잠실앤스테이,2,고위험군,37.50209675,127.0778946,206887.6717,444739.6859,46.58351461,4.715386076599216,42.31745272468937,43.0,4.9929837766428005,1454.0,3.8636591894392387,431.0,1.5808152670722582,95.0
강남구,신사동,루비루 하우스,2,고위험군,37.51964228,127.0294846,202606.5014,446684.574,49.9014678,5.037267858613937,44.62817349278665,43.0,4.9993694452129285,1454.0,3.6041402415622663,431.0,0.8705340315441463,95.0
강남구,논현동,스테이 179 여성 전용 쉐어하우스,2,고위험군,37.50502069,127.0288121,202547.5548,445061.7452,48.44182146,7.572241305692721,44.284788226605656,43.0,5.001838010238946,1454.0,3.482938030881546,431.0,0.6554768587459525,95.0
강남구,신사동,포레 빌리지 하우스 1,2,고위험군,37.51870888,127.0245927,202174.0733,446580.8541,48.96774909,6.260763083455295,45.14529406766499,43.0,5.000677767485958,1454.0,3.4729726539024988,431.0,1.2503857930171207,95.0
강남구,역삼동,서울미담2,2,고위험군,37.4999404,127.0280827,202483.2255,444497.8791,44.27268154,1.4214762213668735,44.260404209863935,43.0,5.002796378599381,1454.0,3.4591999060127905,431.0,0.9496505865669819,95.0
마포구,동교동,사랑방,2,고위험군,37.55220139,126.9317312,193967.503,450300.0172,33.49700865,-1.203878281274939,38.37165956429147,43.0,5.013239592472754,1454.0,4.173634083186995,431.0,-0.30016190608774146,95.0
마포구,창전동,스테이 홍대,2,고위험군,37.54957786,126.9255049,193417.0985,450009.2545,42.92247476,1.4387308625706794,41.927491379202976,43.0,5.014439879245762,1454.0,4.301349879441092,431.0,1.761413049255177,95.0
마포구,연남동,ELVA75,2,고위험군,37.55814763,126.9195089,192888.0566,450960.8336,40.88937711,2.896151247684223,43.579073039406794,43.0,5.013172686984841,1454.0,4.765142576444889,431.0,-0.02371364779699986,95.0
중구,신당동,신당 스테이,2,고위험군,37.56007766,127.02172,201919.0591,451172.2207,35.48445507,0.025347214940758533,39.8251691418951,43.0,4.99386228178016,1454.0,3.5501507919530013,431.0,0.7754074683935439,95.0
성동구,행당동,성동 와이에스 하우스(YS House),2,고위험군,37.5563301,127.0295944,202614.9318,450756.4759,43.22246771,1.8235751470098123,42.34076413973078,43.0,4.993015869340732,1454.0,3.6859892424790113,431.0,1.612866690867571,95.0
송파구,석촌동,하우슬로우,2,고위험군,37.49913876,127.1027543,209086.2038,444413.4969,36.8252771,-2.1513122670184757,43.16113850623395,43.0,4.990056445116418,1454.0,3.979363827031845,431.0,2.1508842275835534,95.0
종로구,창신동,Seoul Wall Loft(서울 월 로프트),2,고위험군,37.57488194,127.0109059,200963.3952,452815.1568,45.25370906,4.57841916651028,39.87400451537692,43.0,4.9929912510758685,1454.0,3.4080942027397767,431.0,2.2575281781203653,95.0
종로구,창신동,스테이노을,2,고위험군,37.57361404,127.0108255,200956.31,452674.4338,36.33437025,-3.083299798933986,39.765800447058915,43.0,4.993293943117326,1454.0,3.411089100749602,431.0,2.2830261277781925,95.0
종로구,창신동,선셋남산뷰,2,고위험군,37.57522755,127.0102275,200903.4667,452853.5088,42.67526319,3.6828743003402735,39.96524850907515,43.0,4.993054587519411,1454.0,3.40322377511639,431.0,2.2518736734274785,95.0
중구,(장충동,피올라 스테이 동대문,2,고위험군,37.55921747,127.0046707,200412.6859,451076.5383,50.55961867,1.3977343999723288,40.97458508192358,43.0,4.997959895281125,1454.0,3.39413483261861,431.0,1.682066425842296,95.0
용산구,(용산동,심플스페이시스,2,고위험군,37.53870588,126.984957,198670.503,448800.0949,45.10421773,1.8617474507251117,44.12202258944574,43.0,5.008858722846245,1454.0,3.1267134224918696,431.0,1.2614142576131557,95.0
종로구,명륜3가,스테이히어,2,고위험군,37.58794681,126.9947038,199532.2274,454265.1654,51.51163733,0.6878621024134048,40.57506048470882,43.0,4.993361749475862,1454.0,3.3068455285636547,431.0,2.3798557301020327,95.0
성동구,성동,Green Dot (그린도트),2,고위험군,37.53538989,127.0470223,204156.0056,448432.9933,45.363564,0.30382200209616883,43.90301305651402,43.0,4.993361015505135,1454.0,3.9968658458790727,431.0,0.004828942161300174,95.0
마포구,망원동,하늘온,2,고위험군,37.55691174,126.9041637,191532.0666,450824.9362,46.30199328,0.6784669921769222,45.49425966598482,43.0,5.01478122759883,1454.0,4.935578785341272,431.0,0.8593340068091967,95.0
중구,충무로2가,"빅박 스테이(,Big Box Stay)",2,고위험군,37.55885343,126.9891979,199045.5715,451036.1788,35.200725,-6.446772858140783,40.56551900613892,43.0,5.0024432444534845,1454.0,3.192951699004771,431.0,1.4922221336744848,95.0
용산구,용산동2가,"해방촌, 당신의 쉼",2,고위험군,37.54027183,126.9851224,198685.1511,448973.8939,45.78832788,1.3721343729468458,45.02963815192567,43.0,5.008421819324144,1454.0,3.113577262354376,431.0,1.2716308365620819,95.0
용산구,서계동,"봄날, 하루",2,고위험군,37.54958774,126.9669416,197078.7331,450008.2566,41.31648526,1.7031772087413586,40.43178126604735,43.0,5.0095736093164325,1454.0,3.2583581278427602,431.0,1.945255108305829,95.0
용산구,용산동2가,"Slow, HBC",2,고위험군,37.54281688,126.981472,198362.5867,449256.4207,44.63264553,0.5634441532365031,43.97415115708626,43.0,5.009198253150317,1454.0,3.134010509072636,431.0,1.228540675806942,95.0
성동구,행당동,"다옴, 왕십리",2,고위험군,37.55834516,127.0327054,202889.7387,450980.2147,30.89077643,-6.049208447534706,42.28105011192819,43.0,4.992061950623741,1454.0,3.689150826032487,431.0,1.7874617837782156,95.0
마포구,상암동,"STAY, 쉼",2,고위험군,37.57212552,126.8938166,190619.7211,452514.4703,36.17985708,-0.4014098848448242,43.801988268633984,43.0,5.012909568606402,1454.0,4.873248950581379,431.0,-0.14211385081684708,95.0
마포구,대흥동,"Lotus Stay, Mapo",2,고위험군,37.54349283,126.9416857,194846.5207,449332.8797,23.42742105,-7.401818879099846,41.22816811608571,43.0,5.014333058949747,1454.0,3.6608131899834677,431.0,1.6605421662352526,95.0
마포구,연남동,"'Stay, C",2,고위험군,37.56263414,126.9236762,193256.6705,451458.4761,54.11923669,5.458392551965488,46.39027358170843,43.0,5.0118342708037,1454.0,4.655793547515029,431.0,1.0049970850301324,95.0
송파구,석촌동,"석촌애,꽃",2,고위험군,37.50336016,127.1036761,209167.1983,444882.1072,41.19551983,1.8866253864245124,43.192959627248456,43.0,4.989480844000592,1454.0,3.992435040409883,431.0,2.118691107640969,95.0
