cluster,cluster_label,구,동,숙소명,위도,경도,x_5181,y_5181,최종_화재위험점수,승인연도,소방위험도_점수,주변건물수,집중도,단속위험도,구조노후도,도로폭위험도,최근접_소화용수_거리등급,총층수,연면적,local_R2,residual,coef_intercept,tval_intercept,bw_intercept,coef_승인연도,tval_승인연도,bw_승인연도,coef_소방위험도_점수,tval_소방위험도_점수,bw_소방위험도_점수,coef_주변건물수,tval_주변건물수,bw_주변건물수,coef_집중도,tval_집중도,bw_집중도,coef_단속위험도,tval_단속위험도,bw_단속위험도,coef_구조노후도,tval_구조노후도,bw_구조노후도,coef_도로폭위험도,tval_도로폭위험도,bw_도로폭위험도,coef_최근접_소화용수_거리등급,tval_최근접_소화용수_거리등급,bw_최근접_소화용수_거리등급,coef_총층수,tval_총층수,bw_총층수,coef_연면적,tval_연면적,bw_연면적,z_승인연도,contrib_승인연도,z_소방위험도_점수,contrib_소방위험도_점수,z_주변건물수,contrib_주변건물수,z_집중도,contrib_집중도,z_단속위험도,contrib_단속위험도,z_구조노후도,contrib_구조노후도,z_도로폭위험도,contrib_도로폭위험도,z_최근접_소화용수_거리등급,contrib_최근접_소화용수_거리등급,z_총층수,contrib_총층수,z_연면적,contrib_연면적
0,저위험군,서초구,잠원동,Choice Guesthouse(초이스 게스트하우스),37.50860686,127.01897163,201677.38224674884,445459.5431596829,33.6679229829494,2004,0.5682,26,100.0,1.6756641976853914,0.1293,0.85,0,7,4.276666119016055,,-7.105427357601002e-15,28.80971589652672,2.6842999767144936e+16,74.0,-3.4524763908068686e-16,-0.37434664101101606,182.0,1.8968557008132174,2269025056311391.5,184.0,0.6072991995971322,865549888758105.8,212.0,1.696131583904195,2243250636873304.5,172.0,1.9164500371977504,2931827967128156.5,204.0,5.161652591193667,5472275750456687.0,146.0,5.0836864503645245,5358298035922055.0,142.0,2.6436263598660297,3197275606927184.0,178.0,0.08318125907001366,73246194633275.39,116.0,1.2108168087525653,1115458250648204.5,110.0,0.7596234857925656,-2.6225821506012493e-16,1.6307111199256763,3.093223684210525,0.3759058760719236,0.22828733766233797,1.1203783414815698,1.90030909090909,0.7878738949834438,1.5099209553481574,-0.8095363608303474,-4.1785454545454535,0.9016542065450553,4.583727272727274,-0.5983516452371672,-1.5818181818181822,0.33555553414608164,0.02791193181818203,-0.598612064723461,-0.7248095498892451
0,저위험군,용산구,후암동,라운드 하우스,37.54417115,126.9824605,198449.9759712121,449406.7114837811,27.18525445360588,2000,0.2984,44,68.2,0.1275133202989596,0.1351,1.0,0,4,3.871201010907891,,3.552713678800501e-15,28.80971589652671,2.693157060552735e+16,74.0,-4.715246982164868e-18,-0.004842116914455066,182.0,1.8968557008132183,2336031981733731.0,184.0,0.607299199597132,876108461453741.4,212.0,1.696131583904195,2118312461202511.8,172.0,1.9164500371977495,3131626871346058.5,204.0,5.161652591193668,5546227903022387.0,146.0,5.083686450364524,5144102156679889.0,142.0,2.643626359866029,3144908538583389.0,178.0,0.08318125907001499,79031113286996.08,116.0,1.2108168087525633,1088168602549745.1,110.0,0.5405252663571467,-2.5487101309743977e-18,-0.08484724609633831,-0.16094298245614141,1.6990945598450948,1.0318587662337673,-0.19201983630375324,-0.32569090909090925,-1.1649384408145227,-2.2325463182320804,-0.77957179736272,-4.023878787878789,1.3147402653537024,6.683727272727275,-0.5983516452371672,-1.5818181818181818,-0.22797284380917002,-0.018963068181818633,-0.8227563633265822,-0.9962072342239567
0,저위험군,용산구,동자동,서정여인숙,37.55041744,126.97370561,197676.471061352,450100.1546344696,37.34518228088065,1960,0.1761,28,42.9,2.0386023577929224,0.4729,0.55,1,1,5.125213198803691,,0.0,28.80971589652672,2.7316952940622776e+16,74.0,2.017598519226282e-16,0.21094776056911063,182.0,1.8968557008132172,2470466290524707.5,184.0,0.6072991995971317,876046530578025.0,212.0,1.6961315839041942,2145788817184225.0,172.0,1.9164500371977498,3125915310948128.5,204.0,5.161652591193667,5480952833348253.0,146.0,5.0836864503645245,5076081265662021.0,142.0,2.6436263598660292,3281697027949196.0,178.0,0.08318125907001486,78104972731526.34,116.0,1.2108168087525637,1085522137119715.5,110.0,-1.6504569279970416,-3.3299594539735893e-16,-0.8625076914799275,-1.6360526315789479,0.5229268409356093,0.31757305194805213,-1.2361605249191205,-2.096690909090908,1.245678186892193,2.3872800076059684,0.9656057094242756,4.98412121212121,0.07548208892776191,0.3837272727272733,1.6712580435934672,4.418181818181819,-0.7915012217644217,-0.06583806818181966,-0.12952856967710447,-0.15683536937871573
0,저위험군,영등포구,영등포동,대성 여인숙,37.51724897,126.90746112,191819.09015907525,446422.56173355656,32.98331820585961,1964,0.1433,31,64.5,1.407347770317723,0.4658,0.7,0,1,5.1298987149230735,,7.105427357601002e-15,28.809715896526715,2.7016553035784776e+16,74.0,2.621676659747229e-15,2.560047306617829,182.0,1.8968557008132187,2327884809657960.5,184.0,0.6072991995971324,846679922204937.8,212.0,1.6961315839041962,1909526066834527.5,172.0,1.9164500371977493,2883920923542339.5,204.0,5.16165259119367,5193746899709031.0,146.0,5.083686450364525,5053214885060521.0,142.0,2.64362635986603,3167919421475129.5,178.0,0.0831812590700085,54876510936610.91,116.0,1.2108168087525675,915278731588853.9,110.0,-1.4313587085616228,-3.752559717961943e-15,-1.0710707545100315,-2.031666666666669,0.7434582882311378,0.45150162337662414,-0.3447202532158821,-0.5846909090909097,0.4494239177141844,0.8612984838209069,0.9289249506966626,4.794787878787881,0.4885681477364085,2.4837272727272737,-0.5983516452371672,-1.5818181818181827,-0.7915012217644217,-0.06583806818181462,-0.12693837953948015,-0.15369912362221555
0,저위험군,마포구,성산동,파라다이스 인 마포,37.56086449,126.91013341,192059.96050715967,451263.1236808475,35.42160617792871,1991,0.571,18,88.9,0.3949109204294741,0.4183,0.7,0,4,4.859812404361672,,0.0,28.80971589652672,3.077432683634866e+16,74.0,1.833243678705805e-15,1.8869226405097301,182.0,1.8968557008132183,2359209434987724.0,184.0,0.607299199597132,879835781435543.4,212.0,1.6961315839041962,1955274866964703.5,172.0,1.9164500371977498,3010446900444856.5,204.0,5.161652591193668,5245007317129639.0,146.0,5.083686450364524,4916443164166739.0,142.0,2.643626359866029,3296745924525031.0,178.0,0.08318125907000964,55370207114218.39,116.0,1.2108168087525668,922075123628588.8,110.0,0.04755427262745433,8.717856968973315e-17,1.6485152838428798,3.126995614035087,-0.21217798338281915,-0.12885551948051963,0.6622770907451836,1.1233090909090913,-0.8276474572773279,-1.586145000285758,0.6835255085048856,3.5281212121212127,0.4885681477364085,2.483727272727273,-0.5983516452371672,-1.5818181818181818,-0.22797284380917002,-0.018963068181817415,-0.27624421481973954,-0.33448113862439555
0,저위험군,송파구,잠실동,마쯔&2060,37.50826138,127.08384404,207413.1302786916,445424.332769334,41.44146989498448,1986,0.4028,43,97.7,0.7663976422995379,0.4272,1.0,0,6,6.278971604245476,,-7.105427357601002e-15,28.809715896526722,2.599297264888291e+16,74.0,-4.626570667245899e-16,-0.4928775188512295,182.0,1.8968557008132174,2371938985065420.0,184.0,0.6072991995971315,840024992272110.0,212.0,1.6961315839041942,2244335717959289.8,172.0,1.9164500371977506,2884566087684405.0,204.0,5.16165259119367,5219967638554738.0,146.0,5.083686450364523,5109548819632322.0,142.0,2.6436263598660297,3183455547211656.0,178.0,0.0831812590700125,73716765502640.61,116.0,1.2108168087525637,1182288905669430.2,110.0,-0.22631850166681922,1.0470785412667479e-16,0.5789937228165538,1.0982675438596479,1.625584077413252,0.9872159090909094,1.0254564606983547,1.7393090909090894,-0.3590601486051307,-0.6881208351505326,0.7295056145155555,3.765454545454548,1.3147402653537024,6.683727272727274,-0.5983516452371672,-1.5818181818181822,0.14771274149433108,0.01228693181818174,0.5082781450654539,0.6154317215668255
0,저위험군,종로구,숭인동,메종호텔,37.57469579,127.02185517,201930.62640681124,452794.6649681688,36.76349610246915,1958,0.1531,12,58.3,2.3175244888207174,0.8984,0.08,0,1,4.9624949187683205,,-7.105427357601002e-15,28.809715896526704,2.787299900120461e+16,74.0,-4.692116537703575e-16,-0.4747112414160322,182.0,1.8968557008132167,2170265224747026.0,184.0,0.6072991995971317,850763106007897.8,212.0,1.6961315839041946,2054608835558770.0,172.0,1.91645003719775,2913034252638359.0,204.0,5.16165259119367,5701789744395090.0,146.0,5.08368645036452,5363443497372532.0,142.0,2.643626359866029,3000220394295061.0,178.0,0.08318125907001524,79145561582165.33,116.0,1.210816808752563,1068758018065885.2,110.0,-1.760006037714751,8.258153436019526e-16,-1.0087561807998175,-1.913464912280702,-0.6532408779738762,-0.3967126623376626,-0.600596627501071,-1.018690909090909,1.5975060262547625,3.061540483439569,3.163868081057984,16.330787878787888,-1.218854228672665,-6.196272727272725,-0.5983516452371672,-1.5818181818181818,-0.7915012217644217,-0.06583806818181995,-0.21948051380025912,-0.2657506953030026
0,저위험군,마포구,연남동,소솜 하우스,37.55854827,126.92366828,193255.60683710125,451004.9933162124,31.632359732859022,1990,0.5304,12,100.0,2.0085440472451315,0.42,0.18,0,5,4.127134385045092,,-7.105427357601002e-15,28.80971589652672,3.0466524164577356e+16,74.0,1.5988786401685957e-15,1.669320076223691,182.0,1.8968557008132185,2391677128082466.0,184.0,0.6072991995971321,882117008079024.2,212.0,1.696131583904195,1969184210481016.5,172.0,1.9164500371977502,3047046421557785.0,204.0,5.161652591193669,5295230130387874.0,146.0,5.0836864503645245,4957243928275362.0,142.0,2.643626359866029,3287957135446420.5,178.0,0.083181259070011,62795989692191.36,116.0,1.2108168087525666,938986528104710.6,110.0,-0.007220282231400372,-1.15443550357749e-17,1.390354907043422,2.6373026315789474,-0.6532408779738762,-0.39671266233766284,1.1203783414815698,1.90030909090909,1.2077631228707417,2.314617681751704,0.692308225383328,3.573454545454546,-0.9434635228002337,-4.79627272727273,-0.5983516452371672,-1.5818181818181818,-0.04013005115741947,-0.003338068181818104,-0.6812743825396935,-0.824898473751587
0,저위험군,강서구,화곡동,화곡 Song.Stay,37.54071243,126.8361979,185523.5890893176,449035.2999680917,22.83787471538804,1997,0.3904,18,94.4,0.4403118394383326,0.1394,0.08,1,3,3.713572066704308,,-3.552713678800501e-15,28.80971589652672,2.711479807347314e+16,74.0,2.6520463691514523e-15,2.4250631732647463,182.0,1.8968557008132192,2231898773403412.2,184.0,0.6072991995971325,846607186712146.9,212.0,1.6961315839041964,1849303558396138.0,172.0,1.9164500371977495,2789410069942101.5,204.0,5.161652591193669,5034586625754704.0,146.0,5.083686450364526,4706862848891832.0,142.0,2.64362635986603,3059517673386316.0,178.0,0.08318125907000964,51715935563939.28,116.0,1.2108168087525675,862046660204783.8,110.0,0.3762016017805826,9.977040920711546e-16,0.500146711183222,0.9487061403508772,-0.21217798338281915,-0.12885551948051976,0.8892641969659156,1.5083090909090917,-0.7703794764932218,-1.4763937763818178,-0.7573566899643064,-3.9092121212121222,-1.218854228672665,-6.196272727272732,1.6712580435934672,4.418181818181821,-0.41581563646092057,-0.03458806818181678,-0.9098948826011862,-1.1017160180514602
0,저위험군,용산구,후암동,서울 게스트하우스,37.55074223,126.97622697,197899.2825700717,450136.1430954201,26.058869358471327,1995,0.1153,39,69.2,0.4848922417394862,0.1422,1.0,0,4,4.143134726391533,,-3.552713678800501e-15,28.80971589652672,2.7809177020864016e+16,74.0,1.2301485566840208e-16,0.12798102750919535,182.0,1.8968557008132174,2429201807086571.0,184.0,0.607299199597132,876590351091308.8,212.0,1.6961315839041944,2147147126861431.2,172.0,1.91645003719775,3113437829159644.5,204.0,5.1616525911936675,5532428789984883.0,146.0,5.0836864503645245,5064013801510476.0,142.0,2.6436263598660297,3252547191147254.0,178.0,0.08318125907001492,78721517237479.4,116.0,1.2108168087525637,1085875504504527.2,110.0,0.26665249206287317,3.2802217824734073e-17,-1.2491123936820716,-2.3693859649122815,1.3315421476858806,0.8086444805194813,-0.15074945335452924,-0.25569090909090914,-0.7141464821383707,-1.3686260522587228,-0.742891038635107,-3.834545454545455,1.3147402653537024,6.6837272727272765,-0.5983516452371672,-1.5818181818181822,-0.22797284380917002,-0.01896306818181862,-0.6724292680852291,-0.8141886604947792
0,저위험군,강남구,역삼동,몰타 1호점(Malta 1호점),37.50134128,127.04323878,203823.34003005427,444653.86645730666,12.002779428453422,1988,0.2084,2,0.0,1.5568806616954245,0.1523,0.04,0,6,6.929115516103468,,0.0,28.80971589652672,2.8241430995679784e+16,74.0,-4.1193902223626977e-16,-0.44178596963227634,182.0,1.8968557008132165,2337000546267643.5,184.0,0.607299199597132,853362825375586.2,212.0,1.696131583904195,2221621533217180.5,172.0,1.9164500371977506,2886252594295040.0,204.0,5.161652591193669,5250417621776578.0,146.0,5.083686450364524,5163961762179077.0,142.0,2.6436263598660292,3168711650698391.0,178.0,0.08318125907001288,72717109295790.06,116.0,1.2108168087525644,1161870510534758.2,110.0,-0.11676939194910979,4.810186914664004e-17,-0.6571239434350384,-1.2464692982456143,-1.3883457022923047,-0.8431412337662347,-3.00665995344083,-5.099690909090908,0.6380422747201111,1.2227761411210945,-0.6907113677690659,-3.565212121212123,-1.3290105110216375,-6.75627272727273,-0.5983516452371672,-1.581818181818182,0.14771274149433108,0.012286931818181796,0.8676828094875879,1.0506049303932206
0,저위험군,마포구,합정동,King kong dae 7,37.54530952,126.91304737,192315.82260750027,449536.4654029289,40.78838654481572,1988,0.2626,26,92.3,2.4423470353692043,0.4236,1.0,0,3,3.688879454113936,,1.4210854715202004e-14,28.80971589652672,3.056358690329281e+16,74.0,2.063817778936887e-15,2.0993709362338984,182.0,1.8968557008132187,2350649268139054.5,184.0,0.6072991995971324,874539444094092.9,212.0,1.696131583904195,1957540795258951.0,172.0,1.9164500371977495,2995898364486437.0,204.0,5.161652591193669,5358956247375947.0,146.0,5.083686450364524,4997531885016290.0,142.0,2.6436263598660292,3221384440495716.0,178.0,0.08318125907000916,58564592651684.48,116.0,1.2108168087525666,927747705533439.9,110.0,-0.11676939194910979,-2.409907471402226e-16,-0.3124861990377324,-0.5927412280701768,0.3759058760719236,0.22828733766233805,0.8025963927725448,1.36130909090909,1.7549551562110786,3.363283874401104,0.7109069199494417,3.669454545454546,1.3147402653537024,6.683727272727275,-0.5983516452371672,-1.581818181818182,-0.41581563646092057,-0.03458806818181658,-0.9235451529180864,-1.1182439947951783
0,저위험군,마포구,서교동,헤이마 게스트하우스2,37.5524961,126.92602717,193463.501202378,450333.107781557,36.26927287237234,1992,0.3165,22,86.4,0.3571798669487024,0.4165,1.0,0,3,4.663439094112067,,7.105427357601002e-15,28.80971589652672,2.98633298344063e+16,74.0,1.6655489343187003e-15,1.7324654975797704,182.0,1.8968557008132185,2369375371797229.5,184.0,0.6072991995971322,881044330894760.4,212.0,1.6961315839041948,1977367958167001.8,172.0,1.9164500371977495,3028914703336776.0,204.0,5.161652591193669,5402689865546822.0,146.0,5.0836864503645245,4996220956965852.0,142.0,2.6436263598660297,3270480404698825.5,178.0,0.08318125907001053,60922234989022.15,116.0,1.2108168087525664,934691492830699.1,110.0,0.10232882748630905,1.7043366956990416e-16,0.03024395636844475,0.057368421052630666,0.08186394634455224,0.04971590909090915,0.5591011333721236,0.9483090909090905,-0.8752407944359724,-1.6773552530538072,0.6742261612218287,3.4801212121212126,1.3147402653537024,6.6837272727272765,-0.5983516452371672,-1.5818181818181822,-0.41581563646092057,-0.03458806818181715,-0.38480092416432976,-0.46592342700169204
0,저위험군,강남구,신사동,주)선샤인호텔,37.51778993,127.02795714,202471.5359333396,446478.9453039135,32.6039525326397,1984,0.4182,18,100.0,0.514778198081814,0.158,0.85,0,1,9.11285873626704,,0.0,28.80971589652672,2.693823972128362e+16,74.0,-4.2784253104461883e-16,-0.4661052269583125,182.0,1.8968557008132165,2362628824028938.0,184.0,0.607299199597132,862416644248320.4,212.0,1.6961315839041944,2313167519831766.0,172.0,1.9164500371977504,2973366965601313.0,204.0,5.161652591193669,5574158766765979.0,146.0,5.083686450364523,5497303320086309.0,142.0,2.643626359866029,3296398956134280.0,178.0,0.08318125907001346,76455102456344.88,116.0,1.2108168087525641,1159122339043423.8,110.0,-0.33586761138452864,1.4369844895066716e-16,0.6769166243611761,1.2840131578947354,-0.21217798338281915,-0.12885551948051963,1.1203783414815698,1.9003090909090894,-0.6764488229083203,-1.2963803718250249,-0.6612634347060526,-3.4132121212121223,0.9016542065450553,4.583727272727272,-0.5983516452371672,-1.5818181818181818,-0.7915012217644217,-0.06583806818181855,2.0748732251973174,2.5122913770995563
0,저위험군,마포구,서교동,Mei House,37.55358297,126.91732532,192694.6811640781,450454.3780310816,23.082611060907475,2002,0.1761,19,78.9,0.9558998699692008,0.1322,0.25,1,5,4.31748811353631,,7.105427357601002e-15,28.80971589652671,3.0387558358429228e+16,74.0,1.840943717554684e-15,1.8972776166971732,182.0,1.8968557008132185,2350180153728198.0,184.0,0.6072991995971322,879407784658911.2,212.0,1.696131583904196,1969237517130294.5,172.0,1.9164500371977498,3011564073508639.0,204.0,5.161652591193671,5316743529929736.0,146.0,5.0836864503645245,4919116245541385.0,142.0,2.64362635986603,3283104249460278.5,178.0,0.08318125907000974,57728761778619.1,116.0,1.2108168087525661,928767405012115.4,110.0,0.6500743760748561,1.1967503385782872e-15,-0.8625076914799275,-1.636052631578949,-0.1386675009509763,-0.08421266233766247,0.24957326125294366,0.423309090909091,-0.12002512090857513,-0.23002214742990323,-0.7945540790965336,-4.101212121212124,-0.7506900286895318,-3.8162727272727293,1.6712580435934672,4.418181818181821,-0.04013005115741947,-0.0033380681818180537,-0.5760453453033473,-0.6974853866969689
0,저위험군,용산구,서계동,에스제이하우스,37.54977351,126.96496641,196904.1966343161,450028.9380286812,33.13234364571354,1968,0.2029,54,68.5,0.1292117314800062,0.4588,0.85,0,2,4.060443010546419,,0.0,28.809715896526715,2.5411489472779892e+16,74.0,4.69362013441727e-16,0.49673016201113035,182.0,1.896855700813218,2534473120211115.5,184.0,0.6072991995971319,874989680478384.0,212.0,1.6961315839041948,2155281002055439.5,172.0,1.9164500371977495,3112053733436598.0,204.0,5.161652591193668,5397819650480425.0,146.0,5.083686450364524,5112927696826107.0,142.0,2.643626359866029,3343259509976517.5,178.0,0.08318125907001439,75693780116316.66,116.0,1.2108168087525641,1035573849116350.6,110.0,-1.2122604891262039,-5.689890239921278e-16,-0.6920964082724035,-1.312807017543861,2.434199384163523,1.4782873376623389,-0.17963872141898615,-0.3046909090909094,-1.162796092575697,-2.2284406148700926,0.8927608223736638,4.608121212121212,0.9016542065450553,4.583727272727273,-0.5983516452371672,-1.5818181818181818,-0.6036584291126711,-0.05021306818181901,-0.7181418985378772,-0.8695382818191403
0,저위험군,송파구,잠실동,호텔 더 캐슬(신천),37.50834852,127.08101899,207163.34310758565,445433.7853918375,35.70028808564689,2019,0.5037,23,95.7,1.283153602200377,0.1079,1.0,0,18,8.001019961323651,,-1.4210854715202004e-14,28.809715896526725,2.6220595906611644e+16,74.0,-4.623003458005858e-16,-0.49304467449671285,182.0,1.8968557008132174,2374183602981894.0,184.0,0.6072991995971319,840892939330609.5,212.0,1.6961315839041942,2247170663856596.8,172.0,1.9164500371977509,2887258649471379.0,204.0,5.161652591193669,5236245575818491.0,146.0,5.083686450364523,5113559229333917.0,142.0,2.6436263598660292,3187322503305961.5,178.0,0.08318125907001249,73816163566658.36,116.0,1.210816808752564,1182979130748427.8,110.0,1.581241808675386,-7.310086349449748e-16,1.2205794868329414,2.3152631578947362,0.15537442877639507,0.0943587662337663,0.9429156947999067,1.5993090909090895,0.29276741409022744,0.5610741216235057,-0.9200952674178007,-4.749212121212123,1.3147402653537024,6.683727272727274,-0.5983516452371672,-1.581818181818182,2.4018262533153374,0.19978693181818052,1.4602400116706975,1.7680831509439205
0,저위험군,마포구,동교동,엣홈,37.5537209,126.92890651,193718.03262813133,450468.8496455106,31.704653149922407,1990,0.2656,20,80.0,0.2644987369961236,0.42,0.35,1,5,4.343805421853684,,-7.105427357601002e-15,28.809715896526722,2.9919760021745224e+16,74.0,1.5717004913296168e-15,1.637651993517023,182.0,1.8968557008132187,2385550653804377.0,184.0,0.6072991995971321,881882944203026.4,212.0,1.6961315839041955,1979939949487504.5,172.0,1.9164500371977495,3043585794080983.0,204.0,5.161652591193669,5396986666048673.0,146.0,5.083686450364523,5059669941223444.0,142.0,2.6436263598660292,3273629140287592.5,178.0,0.0831812590700109,61497381357717.98,116.0,1.2108168087525661,943624657852203.9,110.0,-0.007220282231400372,-1.1348121130630466e-17,-0.29341030912644234,-0.5565570175438609,-0.06515701851913346,-0.03956980519480526,0.2949706824970898,0.5003090909090905,-0.9921472642838165,-1.9014006615423655,0.692308225383328,3.573454545454546,-0.4752993228171007,-2.416272727272728,1.6712580435934672,4.418181818181819,-0.04013005115741947,-0.0033380681818180997,-0.5614969304189122,-0.679869921414189
0,저위험군,마포구,상암동,제이시 스테이,37.57593507,126.8945803,190687.66281520325,452937.2104613744,23.60444179346017,1997,0.4336,11,100.0,0.2513144282809061,0.1394,0.12,1,4,3.784189633918261,,-1.4210854715202004e-14,28.80971589652673,3.0785026521134308e+16,74.0,1.800963538731116e-15,1.8525513201363646,182.0,1.8968557008132187,2370166058380801.0,184.0,0.6072991995971323,879644030639894.4,212.0,1.6961315839041946,1932848971345162.8,172.0,1.91645003719775,3013375671310154.0,204.0,5.161652591193668,5129447515222454.0,146.0,5.0836864503645245,4808468421115046.0,142.0,2.6436263598660292,3280018753598756.0,178.0,0.08318125907000981,54269514571024.42,116.0,1.2108168087525668,919364114011998.4,110.0,0.3762016017805826,6.775253680190722e-16,0.7748395259057979,1.4697587719298244,-0.7267513604057191,-0.4413555194805202,1.1203783414815698,1.9003090909090896,-1.0087777368521686,-1.9332721313146006,-0.7573566899643064,-3.909212121212122,-1.1086979463236926,-5.636272727272731,1.6712580435934672,4.418181818181819,-0.22797284380917002,-0.018963068181817453,-0.8708569364112325,-1.0544482166254856
0,저위험군,중구,황학동,모먼트맨션,37.56394721,127.02058063,201818.29827441293,451601.6724407199,32.12251260617748,1990,0.2029,47,89.4,1.4319548452276067,0.1494,1.0,0,5,5.247024072160486,,-7.105427357601002e-15,28.80971589652672,2.731347317042834e+16,74.0,-4.48228908902964e-16,-0.4589386723317037,182.0,1.896855700813216,2241155013373559.8,184.0,0.6072991995971317,855181081582017.6,212.0,1.6961315839041948,2122130411301595.0,172.0,1.91645003719775,2939748001636463.5,204.0,5.1616525911936675,5737192701341903.0,146.0,5.083686450364522,5449805997422968.0,142.0,2.643626359866029,3065719661652716.5,178.0,0.08318125907001528,78892848853123.8,116.0,1.2108168087525635,1062429016831035.6,110.0,-0.007220282231400372,3.2363392265520467e-18,-0.6920964082724035,-1.3128070175438595,1.9196260071406233,1.1657873376623384,0.6829122822197956,1.1583090909090905,0.4804628817672539,0.9207831076349918,-0.7056936495028796,-3.6425454545454543,1.3147402653537024,6.683727272727273,-0.5983516452371672,-1.5818181818181818,-0.04013005115741947,-0.0033380681818182757,-0.06219056148649869,-0.07530137719361242
0,저위험군,마포구,상수동,Hongdae Cozy Stay,37.54686313,126.92181422,193090.71015686647,449708.2169886101,39.75307588053922,1995,0.3014,43,100.0,1.3862943611198906,0.4113,1.0,0,5,3.7612001156935615,,0.0,28.809715896526715,3.0076991495708964e+16,74.0,1.8768555666812376e-15,1.934724353228224,182.0,1.896855700813218,2361897946130654.5,184.0,0.6072991995971321,877955007718093.0,212.0,1.6961315839041955,1964722850047711.5,172.0,1.9164500371977495,3021211002985710.0,204.0,5.16165259119367,5347734334189628.0,146.0,5.083686450364524,4959013359389776.0,142.0,2.64362635986603,3235373371845181.5,178.0,0.0831812590700097,59557320919463.414,116.0,1.2108168087525661,933049610170561.4,110.0,0.26665249206287317,5.004682140976281e-16,-0.06577135618504829,-0.12475877192982555,1.625584077413252,0.9872159090909103,1.1203783414815698,1.9003090909090905,0.42286748978931915,0.8104044165364597,0.6473613801818868,3.3414545454545466,1.3147402653537024,6.683727272727275,-0.5983516452371672,-1.5818181818181827,-0.04013005115741947,-0.003338068181818052,-0.8835657227769493,-1.0698362287759404
0,저위험군,마포구,노고산동,G-House 신촌02,37.55025477,126.93532059,194284.52934619828,450083.7413925751,25.78617298368624,1989,0.1043,1,100.0,0.2682639865946793,0.1509,0.45,1,6,6.176199855125872,,1.7763568394002505e-14,28.809715896526708,2.9183909005628776e+16,74.0,1.4405148668796135e-15,1.506346377874667,182.0,1.896855700813219,2388670282576739.5,184.0,0.6072991995971321,881870381356236.1,212.0,1.696131583904195,2018244518099222.0,172.0,1.91645003719775,3046320695121922.5,204.0,5.16165259119367,5479400286363016.0,146.0,5.083686450364526,5160970137062641.0,142.0,2.6436263598660297,3277710878072868.5,178.0,0.08318125907001132,63384784913110.16,116.0,1.2108168087525661,939672776385682.1,110.0,-0.06199483709025508,-8.930448449829212e-17,-1.3190573233568017,-2.5020614035087747,-1.4618561847241476,-0.887784090909092,1.1203783414815698,1.90030909090909,-0.9873978396826233,-1.8922986265887414,-0.6979441934336656,-3.6025454545454565,-0.1999086169446694,-1.0162727272727283,1.6712580435934672,4.41818181818182,0.14771274149433108,0.012286931818181565,0.45146511439529197,0.5466415490752197
0,저위험군,종로구,청운동,경복궁청운스테이,37.5836495,126.96851873,197219.36301981643,453788.6654564566,30.838570186505216,1991,0.0858,35,100.0,0.712949807856125,0.4183,0.25,1,3,3.784189633918261,,0.0,28.80971589652672,2.3377181419942692e+16,74.0,2.2003980747729427e-16,0.23336544542870935,182.0,1.896855700813218,2493029727171134.5,184.0,0.6072991995971316,862551584867258.0,212.0,1.696131583904195,2194653119446806.0,172.0,1.9164500371977498,3042143621143913.0,204.0,5.161652591193666,5513711815852421.0,146.0,5.083686450364523,5166223754851454.0,142.0,2.643626359866029,3378689324287274.5,178.0,0.08318125907001489,76273535004773.45,116.0,1.210816808752563,1051604444395352.2,110.0,0.04755427262745433,1.0463832993667816e-17,-1.4366919778097567,-2.725197368421054,1.037500217958509,0.6300730519480522,1.1203783414815698,1.90030909090909,-0.4264783776339358,-0.8173245026805922,0.6835255085048856,3.5281212121212104,-0.7506900286895318,-3.816272727272728,1.6712580435934672,4.418181818181819,-0.41581563646092057,-0.03458806818181896,-0.8708569364112325,-1.0544482166254823
0,저위험군,마포구,성산동,Onul,37.56028967,126.90550576,191651.0265937224,451199.7264381954,28.174389018776363,2022,0.5334,29,79.3,1.4702663469333166,0.1036,0.7,0,5,3.610917912644224,,0.0,28.80971589652671,3.0831490379486332e+16,74.0,1.9236286287052603e-15,1.9638544225545134,182.0,1.8968557008132187,2342272325887592.0,184.0,0.6072991995971321,878481970749898.9,212.0,1.696131583904196,1952180372656084.0,172.0,1.916450037197749,2996804718988046.0,204.0,5.161652591193668,5263917173497237.0,146.0,5.083686450364525,4945045959165918.0,142.0,2.6436263598660297,3295156398285328.0,178.0,0.08318125907000946,56226621558278.35,116.0,1.2108168087525666,925044981684819.4,110.0,1.7455654732519503,3.357819717626898e-15,1.409430796954712,2.6734868421052638,0.5964373233674521,0.3622159090909095,0.2660814144326329,0.4513090909090904,0.5287883868757464,1.0133965236977618,-0.9423103748162142,-4.863878787878789,0.4885681477364085,2.4837272727272737,-0.5983516452371672,-1.5818181818181822,-0.04013005115741947,-0.0033380681818180424,-0.9666429057981815,-1.170427478401862
0,저위험군,종로구,낙원동,주)탑호텔 앤 레지던스,37.57058279,126.98802502,198942.10459226105,452338.0125293595,22.70668877328869,2015,0.1735,3,100.0,0.9555114450274363,0.1136,0.08,1,5,6.961343438152066,,-7.105427357601002e-15,28.809715896526722,2.7374055923785084e+16,74.0,-1.2452466326005964e-16,-0.12881677702223493,182.0,1.896855700813217,2356317683421699.5,184.0,0.6072991995971316,860692185848159.1,212.0,1.6961315839041944,2155322289724046.5,172.0,1.9164500371977502,3061776193963740.5,204.0,5.1616525911936675,5797269203760946.0,146.0,5.083686450364523,5351427033645365.0,142.0,2.6436263598660283,3227553210768321.5,178.0,0.08318125907001515,79515839696733.64,116.0,1.2108168087525633,1093469425599413.4,110.0,1.3621435892399674,-1.6962047176195593e-16,-0.8790401294030455,-1.6674122807017548,-1.3148352198604618,-0.7984983766233771,1.1203783414815698,1.9003090909090894,-0.12051507381231914,-0.23096111769050864,-0.8906473343547874,-4.597212121212121,-1.218854228672665,-6.196272727272728,1.6712580435934672,4.418181818181818,-0.04013005115741947,-0.0033380681818182705,0.8854986580983938,1.0721766593533744
0,저위험군,영등포구,신길동,셀립 여의,37.51114742,126.9208391,193001.20240538803,445744.28777657787,27.5732349816524,2016,0.0838,44,93.2,0.3597006648552693,0.1122,0.85,0,22,8.494333897270154,,7.105427357601002e-15,28.809715896526715,2.4422921546407176e+16,74.0,2.611010486347478e-15,2.5921283240587534,182.0,1.8968557008132185,2398557431098025.0,184.0,0.6072991995971325,840425007373145.4,212.0,1.6961315839041964,1932073790089032.2,172.0,1.9164500371977493,2912486005691024.5,204.0,5.16165259119367,5095122377589431.0,146.0,5.083686450364525,5032662837959643.0,142.0,2.64362635986603,3160501244865960.5,178.0,0.08318125907000844,55001951327251.74,116.0,1.210816808752568,908287390896511.0,110.0,1.416918144098822,3.6995881325380315e-15,-1.4494092377506167,-2.7493201754385987,1.6990945598450948,1.0318587662337684,0.8397397374268467,1.4243090909090914,-0.8720611009578355,-1.671261529369354,-0.8978801600193872,-4.634545454545457,0.9016542065450553,4.583727272727275,-0.5983516452371672,-1.5818181818181827,3.15319742392234,0.26228693181816737,1.7329478327697616,2.0982823646089614
0,저위험군,용산구,동자동,광신여인숙,37.55032361,126.97386684,197690.71540998807,450089.7366588175,36.782014729315016,1960,0.1683,39,46.2,1.7369279907021702,0.4729,1.0,0,1,3.9869449319454056,,0.0,28.809715896526715,2.726336972705646e+16,74.0,1.971137888911581e-16,0.20600783909229764,182.0,1.8968557008132176,2470934647648696.0,184.0,0.6072991995971322,876134876617200.5,212.0,1.6961315839041948,2144484837473877.2,172.0,1.91645003719775,3126122018837889.0,204.0,5.161652591193669,5476887096828876.0,146.0,5.083686450364524,5080114612237855.0,142.0,2.6436263598660297,3279072958790618.5,178.0,0.08318125907001486,78131078136596.1,116.0,1.2108168087525637,1085702967024565.4,110.0,-1.6504569279970416,-3.2532781847915817e-16,-0.9121050052492815,-1.7301315789473695,1.3315421476858806,0.8086444805194817,-1.0999682611866812,-1.8656909090909086,0.8651510470287974,1.658018756260011,0.9656057094242756,4.984121212121213,1.3147402653537024,6.683727272727275,-0.5983516452371672,-1.5818181818181822,-0.7915012217644217,-0.06583806818181966,-0.7587722140626018,-0.9187341508013966
0,저위험군,중구,황학동,크리스티2,37.56329068,127.02166442,201914.0678987005,451528.8268537104,38.18859121060039,1967,0.251,45,97.8,0.6823905332802416,0.4606,0.85,0,3,6.190889011801599,,7.105427357601002e-15,28.809715896526708,2.7112311719712908e+16,74.0,-4.541736443712399e-16,-0.46579715412502976,182.0,1.8968557008132156,2251744186140714.0,184.0,0.607299199597132,855301577101966.4,212.0,1.6961315839041944,2134131078144172.5,172.0,1.9164500371977504,2944179408491089.5,204.0,5.1616525911936675,5733388424141010.0,146.0,5.083686450364524,5460725023892802.0,142.0,2.6436263598660283,3072580020805695.5,178.0,0.0831812590700153,78886181030095.14,116.0,1.210816808752563,1062549021134099.0,110.0,-1.2670350439850586,5.754539234727682e-16,-0.3862463066947204,-0.73265350877193,1.7726050422769377,1.0765016233766245,1.0295834989932768,1.7463090909090893,-0.46502534953215774,-0.8911978484088006,0.9020601696567208,4.656121212121212,0.9016542065450553,4.583727272727273,-0.5983516452371672,-1.5818181818181816,-0.41581563646092057,-0.034588068181819136,0.45958539565824574,0.5564737221202012
0,저위험군,성동구,성동,별장여관,37.54554836,127.02452143,202167.00057927,449559.7031168044,32.94198456762793,1970,0.4275,5,20.0,0.0501897445238552,0.4553,1.0,0,2,5.356491930599109,,1.4210854715202004e-14,28.80971589652671,2.290022104396071e+16,74.0,-4.634373221763148e-16,-0.48736556967748146,182.0,1.8968557008132176,2350690903209951.5,184.0,0.6072991995971319,860056742341860.2,212.0,1.6961315839041944,2280712100574584.0,172.0,1.9164500371977498,2996731927925358.0,204.0,5.161652591193668,5755570707050559.0,146.0,5.0836864503645245,5688462293417672.0,142.0,2.6436263598660297,3212278384272154.5,178.0,0.08318125907001543,74511677389963.39,116.0,1.2108168087525635,1080573984338745.8,110.0,-1.1027113794084946,5.11037608806423e-16,0.7360518830861749,1.3961842105263147,-1.167814254996776,-0.7092126623376629,-2.18125229445635,-3.6996909090909074,-1.2624731416161306,-2.4194666992113936,0.8746787582121645,4.514787878787879,1.3147402653537024,6.6837272727272765,-0.5983516452371672,-1.5818181818181822,-0.6036584291126711,-0.05021306818181964,-0.0016758689552603151,-0.002029170300295787
0,저위험군,마포구,서교동,Calm&Jay,37.54976964,126.91484026,192474.71228914268,450031.3400237744,18.759902765160383,1996,0.067,11,81.8,0.614366302706831,0.1408,0.12,1,4,3.688879454113936,,3.552713678800501e-15,28.809715896526722,3.0573554442815704e+16,74.0,1.941150056695197e-15,1.9917852223022114,182.0,1.8968557008132185,2349179253220630.5,184.0,0.6072991995971322,877249800766621.0,212.0,1.6961315839041955,1966814285182090.5,172.0,1.91645003719775,3010187224772057.5,204.0,5.161652591193668,5343494289196168.0,146.0,5.0836864503645245,4959881632244888.0,142.0,2.6436263598660292,3253955834411338.5,178.0,0.08318125907000945,58555189924781.76,116.0,1.2108168087525664,926955804441373.2,110.0,0.32142704692172785,6.239381303554818e-16,-1.5562342212538407,-2.9519517543859672,-0.7267513604057191,-0.44135551948052015,0.3692573718056929,0.6263090909090904,-0.5508300075517802,-1.055638188462246,-0.7501238642997067,-3.8718787878787886,-1.1086979463236926,-5.636272727272731,1.6712580435934672,4.418181818181819,-0.22797284380917002,-0.01896306818181737,-0.9235451529180864,-1.1182439947951783
0,저위험군,종로구,관철동,어 베터 플레이스 (A BETTER PLACE),37.56691314,126.98556525,198724.7406730989,451930.75472959934,37.04363567631038,1975,0.3471,0,0.0,0.7731898882334818,0.86,0.55,0,1,6.059356813150901,,0.0,28.809715896526722,2.7645890698200776e+16,74.0,-8.678805737466448e-17,-0.08997356444798355,182.0,1.8968557008132172,2375372780537070.5,184.0,0.6072991995971321,863713440378905.4,212.0,1.6961315839041942,2157969029858261.5,172.0,1.9164500371977495,3067059440138653.0,204.0,5.161652591193668,5799492004059173.0,146.0,5.0836864503645245,5340263850859082.0,142.0,2.6436263598660292,3232099475003575.5,178.0,0.08318125907001513,79470799801217.9,116.0,1.2108168087525635,1094500948761468.1,110.0,-0.828838605114221,7.193329241498989e-17,0.2248180334636029,0.4264473684210518,-1.5353666671559902,-0.9324269480519491,-3.00665995344083,-5.0996909090909055,-0.350492520061089,-0.6717014031086069,2.965482005686105,15.306787878787881,0.07548208892776191,0.3837272727272733,-0.5983516452371672,-1.581818181818182,-0.7915012217644217,-0.06583806818181986,0.3868733624383061,0.46843277009892365
0,저위험군,서초구,서초동,오클라우드 호텔,37.50029363,127.02302039,202035.58025347127,444536.9615520917,26.45886880571222,2014,0.4613,4,75.0,0.1028944231626328,0.115,0.25,1,1,9.489964818777718,,0.0,28.80971589652672,2.7575484713548092e+16,74.0,-3.2902919049475807e-16,-0.3531609248603078,182.0,1.8968557008132172,2261306326483012.0,184.0,0.6072991995971321,861725379991883.6,212.0,1.6961315839041948,2170519423824909.2,172.0,1.9164500371977502,2879128732983465.0,204.0,5.1616525911936675,5266455216387866.0,146.0,5.083686450364522,5247694360845207.0,142.0,2.6436263598660283,3111265226921232.5,178.0,0.08318125907001335,71245743096988.38,116.0,1.210816808752565,1128812903054614.0,110.0,1.3073690343811126,-4.30162575060331e-16,0.9509735760867088,1.8038596491228054,-1.241324737428619,-0.7538555194805204,0.08861876775096983,0.15030909090909045,-1.195992317231737,-2.292059520846986,-0.8834145086901878,-4.559878787878788,-0.7506900286895318,-3.816272727272727,1.6712580435934672,4.418181818181818,-0.7915012217644217,-0.06583806818181845,2.2833404315562382,2.764706974632629
0,저위험군,마포구,연남동,앨리스하우스,37.55859933,126.92073449,192996.3925597749,451010.8749283784,36.194414898036165,1971,0.4674,14,78.6,1.3605561200833702,0.4535,0.7,0,2,4.382026634673881,,-7.105427357601002e-15,28.80971589652672,3.05453022480638e+16,74.0,1.6674535732840298e-15,1.7353447873952912,182.0,1.896855700813218,2382244841868535.5,184.0,0.6072991995971317,881601997097559.8,212.0,1.6961315839041948,1966324003518141.0,172.0,1.9164500371977504,3037900932707686.5,204.0,5.161652591193671,5268415948655344.0,146.0,5.0836864503645245,4924373374609180.0,142.0,2.643626359866029,3292001842194924.5,178.0,0.08318125907001073,61778618166729.78,116.0,1.2108168087525661,930139950564747.9,110.0,-1.0479368245496399,-1.7473860026712165e-15,0.9897612189063318,1.877434210526315,-0.5062199131101905,-0.3074269480519483,0.23719214636817598,0.40230909090908995,0.39040169118271956,0.7481853355891875,0.8653794109291078,4.466787878787882,0.4885681477364085,2.4837272727272732,-0.5983516452371672,-1.5818181818181818,-0.6036584291126711,-0.0502130681818168,-0.5403679435639982,-0.654286588978347
0,저위험군,중구,을지로6가,호텔 스카이파크 킹스타운 동대문지점,37.56589354,127.00694427,200613.51015927305,451817.5157976929,29.174369333082595,1996,0.2112,8,75.0,2.502938151671187,0.1408,0.12,1,29,10.156539359589004,,-3.552713678800501e-15,28.80971589652671,2.8130178459160108e+16,74.0,-3.3886331983975813e-16,-0.3457993785036585,182.0,1.896855700813217,2246501894656559.8,184.0,0.6072991995971319,855113539152893.9,212.0,1.6961315839041957,2080698403963802.5,172.0,1.9164500371977502,2988546986772605.5,204.0,5.16165259119367,5770422522345174.0,146.0,5.083686450364521,5402207354542448.0,142.0,2.643626359866028,3006765107874452.5,178.0,0.08318125907001522,79516772733206.95,116.0,1.2108168087525635,1082245239605048.9,110.0,0.32142704692172785,-1.0891983620618641e-16,-0.6393197795178345,-1.2126973684210534,-0.9472828077012476,-0.5752840909090915,0.08861876775096983,0.1503090909090905,1.8313838047895896,3.5097555608123665,-0.7501238642997067,-3.87187878787879,-1.1086979463236926,-5.636272727272726,1.6712580435934672,4.418181818181817,4.468096972484593,0.3716619318181916,2.6518280768038442,3.2108780093160787
0,저위험군,용산구,보광동,이태원 마당,37.52657152,126.99661972,199701.203188902,447453.2297710305,37.36896081313104,1979,0.2894,10,80.0,2.4304184645039304,0.4395,0.85,0,1,3.044522437723423,,-7.105427357601002e-15,28.809715896526722,2.100290012093252e+16,74.0,-1.1896748713546772e-16,-0.12493594536337806,182.0,1.8968557008132179,2318883124917850.5,184.0,0.6072991995971323,872396319824665.4,212.0,1.6961315839041944,2292814355970445.0,172.0,1.91645003719775,3108909067994985.5,204.0,5.1616525911936675,5488401677261459.0,146.0,5.083686450364523,5523982437679244.0,142.0,2.64362635986603,3168072715036798.5,178.0,0.08318125907001526,80783822914066.25,116.0,1.2108168087525646,1144594649207443.5,110.0,-0.6097403856788022,7.253928148921802e-17,-0.14207491583020837,-0.2694956140350888,-0.8002618428375619,-0.4859983766233774,0.2949706824970898,0.5003090909090901,1.7399086509418555,3.334447998818206,0.7930511542831102,4.093454545454545,0.9016542065450553,4.583727272727272,-0.5983516452371672,-1.5818181818181827,-0.7915012217644217,-0.06583806818181996,-1.2797507760424385,-1.5495437506463234
0,저위험군,마포구,연남동,Contact house,37.56079474,126.91696159,192663.2482748741,451254.8273303964,19.74689241910525,2018,0.5363,15,73.3,0.2012666430364039,0.1094,0.35,0,3,4.248495242049359,,-1.4210854715202004e-14,28.809715896526722,3.0566334096460696e+16,74.0,1.7025053205783733e-15,1.769120299011893,182.0,1.8968557008132185,2379862879265126.0,184.0,0.6072991995971321,881353230113540.0,212.0,1.6961315839041946,1960263711849256.0,172.0,1.9164500371977495,3034015814525417.5,204.0,5.161652591193669,5226196278097582.0,146.0,5.083686450364524,4874756652703730.0,142.0,2.6436263598660297,3294078485436028.0,178.0,0.08318125907001032,58526691460174.29,116.0,1.2108168087525666,924143991904085.5,110.0,1.5264672538165314,2.5988186213113027e-15,1.427870823868959,2.708464912280702,-0.43270943067834766,-0.2627840909090912,0.01845911673728891,0.03130909090909027,-1.0719071991238462,-2.0542565916334308,-0.9123458113485867,-4.709212121212123,-0.4752993228171007,-2.4162727272727285,-0.5983516452371672,-1.5818181818181822,-0.41581563646092057,-0.03458806818181707,-0.6141851469257659,-0.7436656995838821
0,저위험군,강서구,내발산동,구름닮은집,37.55446676,126.84093086,185944.45911645665,450561.14803055394,34.27293773041769,1989,0.1632,7,71.4,0.4552557726111799,0.5574,0.85,0,4,4.158883083359672,,-7.105427357601002e-15,28.80971589652672,2.845336936775768e+16,74.0,2.465535594088142e-15,2.3196194880674836,182.0,1.8968557008132179,2259913004446296.5,184.0,0.6072991995971324,856266994001933.1,212.0,1.6961315839041962,1868645412751990.0,172.0,1.9164500371977498,2847240561262598.0,204.0,5.1616525911936675,5026158566795309.0,146.0,5.083686450364525,4726235005194861.0,142.0,2.6436263598660283,3088921608587302.0,178.0,0.08318125907000976,52187049155698.23,116.0,1.2108168087525675,870848080721281.5,110.0,-0.06199483709025508,-1.5285047749571964e-16,-0.9445340180984745,-1.7916447368421065,-1.0207932901330905,-0.6199269480519493,-0.05995461086623633,-0.10169090909090917,-0.7515294422546064,-1.4402686275640446,1.4021584013233317,7.237454545454545,0.9016542065450553,4.583727272727275,-0.5983516452371672,-1.5818181818181816,-0.22797284380917002,-0.01896306818181744,-0.6637234525756153,-0.8036475127418425
0,저위험군,중구,오장동,케이게스트하우스(K-guesthouse) 동대문,37.56243879,127.00128199,200113.26607548192,451434.0572613687,21.58603867420265,1984,0.3287,25,56.0,0.4252118710429988,0.158,0.45,0,10,6.879304362808122,,-7.105427357601002e-15,28.80971589652672,2.793357013703653e+16,74.0,-2.882946218211038e-16,-0.29456161339148124,182.0,1.8968557008132174,2277307421478887.0,184.0,0.6072991995971317,856863900742827.1,212.0,1.696131583904195,2073130812265514.0,172.0,1.9164500371977509,3018799712377900.0,204.0,5.1616525911936675,5781201702918133.0,146.0,5.083686450364523,5402041507814913.0,142.0,2.643626359866029,3052838247976983.0,178.0,0.08318125907001517,79615329991194.03,116.0,1.2108168087525635,1090406031546603.1,110.0,-0.33586761138452864,9.682882600606014e-17,0.1078192420076907,0.20451754385964804,0.3023953936400808,0.18364448051948065,-0.6955185082842861,-1.1796909090909091,-0.7894263310235421,-1.5128961214549512,-0.6612634347060526,-3.4132121212121214,-0.1999086169446694,-1.0162727272727274,-0.5983516452371672,-1.5818181818181818,0.8990839121013333,0.07478693181818376,0.8401468124443614,1.0172638823275202
0,저위험군,강남구,논현동,강남 옥토 게스트하우스,37.50635882,127.0240457,202126.07139921133,445210.1420821939,25.665961595012348,2004,0.6182,12,58.3,4.003564336550242,0.1293,0.0,0,5,6.133398042996649,,1.0658141036401503e-14,28.80971589652671,2.7539310775185176e+16,74.0,-3.6649085720806956e-16,-0.3968554836767931,182.0,1.896855700813217,2290131662512470.5,184.0,0.607299199597132,862879373541921.2,212.0,1.6961315839041946,2228257620725921.8,172.0,1.9164500371977498,2919142054445730.5,204.0,5.161652591193669,5455143182317761.0,146.0,5.0836864503645245,5270466414107050.0,142.0,2.6436263598660292,3191328343396606.5,178.0,0.08318125907001339,72580209720378.61,116.0,1.2108168087525648,1134835572953590.0,110.0,0.7596234857925656,-2.783950624634992e-16,1.9486426184471761,3.6962938596491206,-0.6532408779738762,-0.3967126623376628,-0.600596627501071,-1.018690909090909,3.7242492664559554,7.137337645233208,-0.8095363608303474,-4.178545454545456,-1.4391667933706098,-7.316272727272731,-0.5983516452371672,-1.581818181818182,-0.04013005115741947,-0.0033380681818182,0.42780393624013485,0.5179921968500658
0,저위험군,종로구,관훈동,준오 호텔,37.57226294,126.98345246,198538.1876745798,452524.5509686444,22.709067521437927,1983,0.2834,9,66.7,0.654394194262712,0.1594,0.12,1,1,6.586433689486119,,1.0658141036401503e-14,28.809715896526715,2.7115135774109012e+16,74.0,-5.108889514320564e-17,-0.05317393893776814,182.0,1.8968557008132176,2406919342862761.0,184.0,0.6072991995971319,862817104994560.2,212.0,1.6961315839041948,2168380503844165.5,172.0,1.9164500371977506,3052878664293681.5,204.0,5.161652591193667,5777937207488638.0,146.0,5.083686450364524,5330268606461260.0,142.0,2.643626359866029,3271912404907315.0,178.0,0.08318125907001511,79257539371913.02,116.0,1.2108168087525633,1092426546392088.1,110.0,-0.3906421662433833,1.9957476669722917e-17,-0.18022669565278843,-0.34186403508772045,-0.8737723252694047,-0.5306412337662343,-0.25392541072758923,-0.4306909090909091,-0.5003394762036548,-0.9588756077819973,-0.654030609041453,-3.375878787878788,-1.1086979463236926,-5.63627272727273,1.6712580435934672,4.418181818181819,-0.7915012217644217,-0.06583806818181985,0.6782456023514027,0.8212311757895855
0,저위험군,중구,을지로7가,스테이 쉼,37.56263015,127.00804487,200710.7766229064,451455.32561407017,27.048028405266194,1996,0.2656,22,90.9,0.4102843945441133,0.1408,0.85,0,6,5.19295685089021,,7.105427357601002e-15,28.80971589652672,2.7488446587666084e+16,74.0,-3.53782597428617e-16,-0.3606706378494175,182.0,1.8968557008132165,2233546583928833.0,184.0,0.6072991995971321,856713747675601.5,212.0,1.696131583904195,2101536189096736.5,172.0,1.9164500371977498,2980819123596594.0,204.0,5.161652591193667,5767958816043219.0,146.0,5.083686450364523,5417303452773138.0,142.0,2.6436263598660292,3014823950753214.0,178.0,0.08318125907001521,79528168137665.27,116.0,1.2108168087525628,1080468573667087.8,110.0,0.32142704692172785,-1.1371529554377882e-16,-0.29341030912644234,-0.5565570175438603,0.08186394634455224,0.049715909090909144,0.7448178566436316,1.2633090909090907,-0.8082556070812927,-1.5489814882562334,-0.7501238642997067,-3.8718787878787873,0.9016542065450553,4.583727272727272,-0.5983516452371672,-1.581818181818182,0.14771274149433108,0.01228693181818214,-0.09207934635775528,-0.11149122030891916
0,저위험군,종로구,관수동,온도 호텔 앤 스파 서울종로점,37.56648067,126.98938878,199062.53066448643,451882.7106082718,24.38133877718492,2004,0.2539,15,86.7,0.934620831808046,0.1293,0.08,1,10,7.938274291406131,,0.0,28.809715896526715,2.8105308148862836e+16,74.0,-1.4279916326000617e-16,-0.14745876428956203,182.0,1.8968557008132174,2346053481213451.0,184.0,0.607299199597132,860824825265904.2,212.0,1.6961315839041944,2145039697688854.5,172.0,1.91645003719775,3064048433473048.5,204.0,5.1616525911936675,5801255610941079.0,146.0,5.083686450364524,5366932525005274.0,142.0,2.643626359866029,3191463652386822.0,178.0,0.08318125907001514,79620252862191.42,116.0,1.210816808752563,1094674990022140.4,110.0,0.7596234857925656,-1.0847359816382754e-16,-0.3678062797804733,-0.6976754385964921,-0.43270943067834766,-0.2627840909090912,0.5714822482568906,0.96930909090909,-0.14686615353788174,-0.2814616454107639,-0.8095363608303474,-4.178545454545454,-1.218854228672665,-6.19627272727273,1.6712580435934672,4.418181818181819,0.8990839121013333,0.07478693181818373,1.4255537121770954,1.7260843964836403
0,저위험군,마포구,서교동,이노게스트하우스,37.55091491,126.91346678,192353.4593304069,450158.56209929165,28.69522144122567,1971,0.1001,5,20.0,0.0588405000229334,0.4535,1.0,0,4,4.90527477843843,,0.0,28.80971589652672,3.0660487460875188e+16,74.0,1.94354567587216e-15,1.9926466796786668,182.0,1.896855700813219,2346270548565290.0,184.0,0.6072991995971324,877334220808530.9,212.0,1.696131583904195,1968043620648267.8,172.0,1.9164500371977495,3006582938321554.5,204.0,5.161652591193669,5340400066538428.0,146.0,5.083686450364523,4960859812370198.0,142.0,2.6436263598660297,3262300377836539.0,178.0,0.08318125907000942,58250174330246.6,116.0,1.2108168087525664,926798669903194.4,110.0,-1.0479368245496399,-2.036713083940655e-15,-1.3457635692326078,-2.5527192982456173,-1.167814254996776,-0.7092126623376636,-2.18125229445635,-3.6996909090909087,-1.2515612193356027,-2.3985545453509767,0.8653794109291078,4.46678787878788,1.3147402653537024,6.683727272727274,-0.5983516452371672,-1.5818181818181822,-0.22797284380917002,-0.018963068181817366,-0.2511122571087219,-0.30405094179103664
0,저위험군,강남구,역삼동,렉시호텔,37.49605794,127.03319789,202935.6925268376,444067.1237720385,26.57984513701231,2004,0.3687,10,60.0,0.2468600779315258,0.1293,0.85,0,11,7.599175970016382,,7.105427357601002e-15,28.809715896526715,2.7787871404908956e+16,74.0,-3.577574473719755e-16,-0.3812398113245866,182.0,1.896855700813217,2291788117584443.0,184.0,0.6072991995971319,856072930498366.6,212.0,1.6961315839041946,2163566158751701.5,172.0,1.9164500371977509,2855711321524082.0,204.0,5.161652591193669,5236820568204297.0,146.0,5.0836864503645245,5220985157318399.0,142.0,2.6436263598660297,3096020290103385.5,178.0,0.08318125907001307,71956626445578.69,116.0,1.2108168087525641,1146107013998990.2,110.0,0.7596234857925656,-2.7176095924095037e-16,0.362164440824891,0.6869736842105255,-0.8002618428375619,-0.485998376623377,-0.5304369764873901,-0.899690909090909,-1.0143963819321111,-1.9440399838870583,-0.8095363608303474,-4.178545454545456,0.9016542065450553,4.583727272727274,-0.5983516452371672,-1.5818181818181822,1.0869267047530837,0.09041193181818187,1.2380974948960632,1.4991092576945955
0,저위험군,종로구,창신동,힐제이,37.5755572,127.00824759,200728.5613219155,452890.0789726338,38.35653201740125,1993,0.3135,72,73.6,0.9321450154352644,0.4148,1.0,0,5,3.784189633918261,,0.0,28.80971589652671,2.7631094012297944e+16,74.0,-3.5039325145528164e-16,-0.3562442314436218,182.0,1.8968557008132167,2226360514337972.8,184.0,0.6072991995971322,850204278121639.2,212.0,1.6961315839041948,2042514698710995.5,172.0,1.9164500371977498,2962956911116827.5,204.0,5.1616525911936675,5754072991566542.0,146.0,5.083686450364521,5342017806123177.0,142.0,2.6436263598660297,3048633491709135.0,178.0,0.0831812590700152,79414754441789.75,116.0,1.2108168087525633,1080914224423475.9,110.0,0.15710338234516374,-5.504796495454421e-17,0.011168066457154728,0.02118421052631481,3.757388067936694,2.2818587662337695,0.030840231622055993,0.05230909090909007,-0.14998910804093413,-0.2874466316843055,0.6654434443433862,3.4347878787878785,1.3147402653537024,6.683727272727271,-0.5983516452371672,-1.5818181818181822,-0.04013005115741947,-0.0033380681818182723,-0.8708569364112325,-1.0544482166254825
0,저위험군,중구,신당동,디디피 스테이,37.55794381,127.01285316,201135.66756020003,450935.2445283844,25.21974945712902,2008,0.2774,23,65.2,0.7518724665727277,0.1237,0.85,0,6,4.31748811353631,,0.0,28.809715896526715,2.58736729161139e+16,74.0,-3.889829918714957e-16,-0.39873416079152685,182.0,1.8968557008132167,2250710035619987.0,184.0,0.6072991995971319,858483055853775.9,212.0,1.6961315839041953,2121991091459833.0,172.0,1.9164500371977498,2947441824293386.0,204.0,5.1616525911936675,5773362207545472.0,146.0,5.0836864503645245,5486193138939537.0,142.0,2.643626359866029,3073251732058925.0,178.0,0.08318125907001529,79036051600542.33,116.0,1.2108168087525628,1071057044355954.8,110.0,0.9787217052279844,-3.807060971091535e-16,-0.21837847547536846,-0.4142324561403519,0.15537442877639507,0.0943587662337663,-0.3158309851514252,-0.5356909090909092,-0.377381969012476,-0.7232336885517197,-0.8384676634887464,-4.327878787878787,0.9016542065450553,4.583727272727274,-0.5983516452371672,-1.5818181818181818,0.14771274149433108,0.012286931818182151,-0.5760453453033473,-0.697485386696967
0,저위험군,마포구,동교동,이안 뱃 스테이,37.55344782,126.92987319,193803.42786721865,450438.4768630067,31.11709526753044,1991,0.2337,12,83.3,0.9458495341156994,0.4183,0.7,0,3,3.5263605246161616,,-3.552713678800501e-15,28.809715896526715,2.980312022576486e+16,74.0,1.5499592030261509e-15,1.6157385843775807,182.0,1.896855700813218,2387422878648133.5,184.0,0.6072991995971324,881962986062011.5,212.0,1.6961315839041953,1983715876614369.0,172.0,1.9164500371977502,3045291608416498.5,204.0,5.161652591193669,5428257490040821.0,146.0,5.083686450364524,5071640946809045.0,142.0,2.6436263598660283,3271666092867319.5,178.0,0.08318125907001109,62888138806506.49,116.0,1.2108168087525661,943807815183283.4,110.0,0.04755427262745433,7.370718250213743e-17,-0.4962506051831595,-0.9413157894736857,-0.6532408779738762,-0.39671266233766306,0.4311629462295289,0.7313090909090902,-0.1327024510837602,-0.25431761731570485,0.6835255085048856,3.528121212121213,0.4885681477364085,2.483727272727273,-0.5983516452371672,-1.5818181818181816,-0.41581563646092057,-0.03458806818181738,-1.0133868944972189,-1.227025885626796
0,저위험군,중구,충무로3가,스테이모드,37.55941767,126.98975855,199095.1133079861,451098.7971631648,19.70412585774021,1965,0.067,3,0.0,1.6193781504839415,0.1851,0.7,0,4,5.625893002661495,,-1.0658141036401503e-14,28.809715896526722,2.9074338036557076e+16,74.0,-1.5432680849736007e-16,-0.158816440877512,182.0,1.8968557008132176,2336155662901544.0,184.0,0.6072991995971321,864484208008706.4,212.0,1.696131583904195,2131433495167705.0,172.0,1.9164500371977502,3082784237783162.0,204.0,5.161652591193666,5778815571709928.0,146.0,5.083686450364522,5380985438996240.0,142.0,2.643626359866029,3162315868435162.0,178.0,0.08318125907001511,79715155819435.16,116.0,1.2108168087525635,1095767944801646.2,110.0,-1.376584153702768,2.1244383906898757e-16,-1.5562342212538407,-2.951951754385966,-1.3148352198604618,-0.7984983766233776,-3.00665995344083,-5.099690909090908,0.7168755905456639,1.3738562521673967,-0.5212565950555863,-2.6905454545454544,0.4885681477364085,2.483727272727272,-0.5983516452371672,-1.5818181818181818,-0.22797284380917002,-0.01896306818181866,0.1472511610969625,0.17829418096453378
0,저위험군,강남구,신사동,주)라까사호텔,37.51923895,127.01875978,201658.4161883144,446639.5663728558,32.60554583052054,1983,0.7251,2,100.0,1.848948441212516,0.1594,0.0,1,7,8.452449849304282,,7.105427357601002e-15,28.809715896526715,2.5292956700854504e+16,74.0,-3.8593554911399943e-16,-0.4190402643862624,182.0,1.8968557008132172,2319440794538326.5,184.0,0.6072991995971316,866495739318169.4,212.0,1.6961315839041948,2310560755879187.0,172.0,1.9164500371977498,2982848176181876.5,204.0,5.1616525911936675,5667471817057324.0,146.0,5.083686450364525,5687319500444653.0,142.0,2.643626359866029,3283015943017909.0,178.0,0.08318125907001411,75825336144419.17,116.0,1.2108168087525646,1128146260332752.0,110.0,-0.3906421662433833,1.507626989362224e-16,2.628380162286143,4.98565789473684,-1.3883457022923047,-0.8431412337662343,1.1203783414815698,1.9003090909090898,1.0064518212708713,1.9288146303123044,-0.654030609041453,-3.3758787878787886,-1.4391667933706098,-7.3162727272727315,1.6712580435934672,4.418181818181819,0.33555553414608164,0.027911931818182183,1.7097940018574713,2.0702473169533397
0,저위험군,마포구,성산동,스테이 순,37.55690407,126.91123606,192156.9685508684,450823.471290953,38.81312981937398,1970,0.3687,25,100.0,0.38155958725461,0.4553,1.0,0,2,4.290459441148391,,2.1316282072803006e-14,28.80971589652671,3.0724071052055776e+16,74.0,1.8935940919218033e-15,1.9410977884589082,182.0,1.8968557008132179,2344357249924962.5,184.0,0.607299199597132,878932444980399.0,212.0,1.6961315839041955,1961198204338106.8,172.0,1.9164500371977498,3003185589345575.5,204.0,5.161652591193668,5309214442395960.0,146.0,5.083686450364524,4935500399390194.0,142.0,2.6436263598660292,3290697671492759.5,178.0,0.08318125907000955,56625419490393.38,116.0,1.2108168087525666,925587900690667.9,110.0,-1.1027113794084946,-2.0880877531428676e-15,0.362164440824891,0.6869736842105258,0.3023953936400808,0.1836444805194807,1.1203783414815698,1.9003090909090905,-0.844488611782397,-1.6184202314634508,0.8746787582121645,4.514787878787879,1.3147402653537024,6.683727272727275,-0.5983516452371672,-1.581818181818182,-0.6036584291126711,-0.05021306818181609,-0.5909870078370999,-0.7155770028435453
0,저위험군,마포구,연남동,까사드 연남,37.56204924,126.92491029,193365.6567711824,451393.4712721914,45.89601547420019,1992,0.6925,57,96.5,1.7679817385520165,0.4165,1.0,0,4,3.7612001156935615,,0.0,28.809715896526715,3.0411245199546464e+16,74.0,1.4941487935050986e-15,1.5688076801790865,182.0,1.8968557008132183,2410874172539198.5,184.0,0.6072991995971325,882896963920302.6,212.0,1.6961315839041948,1966025183065101.2,172.0,1.9164500371977502,3054128162237390.5,204.0,5.161652591193669,5274084753959501.0,146.0,5.0836864503645245,4953769464806170.0,142.0,2.6436263598660297,3282719106794623.5,178.0,0.08318125907001131,62702334345634.37,116.0,1.2108168087525657,941180949938621.4,110.0,0.10232882748630905,1.5289449412946003e-16,2.4210888252501253,4.592456140350878,2.6547308314590516,1.6122159090909123,0.9759320011592858,1.65530909090909,0.9043217394721041,1.7330874312500482,0.6742261612218287,3.4801212121212126,1.3147402653537024,6.6837272727272765,-0.5983516452371672,-1.5818181818181822,-0.22797284380917002,-0.018963068181817797,-0.8835657227769493,-1.06983622877594
0,저위험군,강서구,등촌동,서울로와 스테이,37.54988505,126.8632009,187911.52774259183,450049.5359267719,27.39048112190309,2021,0.4244,20,80.0,0.7205461547480597,0.105,0.45,1,4,3.871201010907891,,0.0,28.80971589652672,3.0345636204333056e+16,74.0,2.423654447275487e-15,2.316434384338807,182.0,1.8968557008132187,2281256005716485.5,184.0,0.6072991995971322,860364794222341.4,212.0,1.6961315839041962,1893288828930882.0,172.0,1.9164500371977493,2880821268331439.0,204.0,5.161652591193667,5156468565481556.0,146.0,5.0836864503645245,4839335478126828.0,142.0,2.6436263598660292,3128262932447094.5,178.0,0.08318125907000955,54195417069154.51,116.0,1.2108168087525673,893960235028427.2,110.0,1.6907909183930956,4.097892928776431e-15,0.7163401301778419,1.3587938596491227,-0.06515701851913346,-0.03956980519480527,0.2949706824970898,0.5003090909090907,-0.41689646922032336,-0.798961253944899,-0.9350775491516146,-4.826545454545454,-0.1999086169446694,-1.0162727272727279,1.6712580435934672,4.418181818181819,-0.22797284380917002,-0.018963068181817394,-0.8227563633265822,-0.99620723422396
0,저위험군,강서구,화곡동,리치,37.52695482,126.84051185,185902.25578089352,447507.71789183945,27.278176012258555,1995,0.2894,18,66.7,0.6496620686202065,0.1422,0.45,1,6,6.387636608304554,,0.0,28.809715896526725,2.6294362227216264e+16,74.0,2.7595310603184157e-15,2.498851321108739,182.0,1.8968557008132187,2222963060388899.5,184.0,0.6072991995971324,837323400942621.8,212.0,1.696131583904197,1841270504490413.0,172.0,1.9164500371977495,2759269214195758.0,204.0,5.161652591193669,5040795672661378.0,146.0,5.083686450364525,4669995387970931.0,142.0,2.643626359866029,3039007576038929.0,178.0,0.08318125907000942,51755468380156.04,116.0,1.2108168087525675,856566493310402.9,110.0,0.26665249206287317,7.358358341588083e-16,-0.14207491583020837,-0.269495614035089,-0.21217798338281915,-0.12885551948051974,-0.25392541072758923,-0.43069090909090973,-0.5063085025202829,-0.9703149484885331,-0.742891038635107,-3.8345454545454563,-0.1999086169446694,-1.016272727272728,1.6712580435934672,4.418181818181819,0.14771274149433108,0.012286931818181284,0.5683490133854717,0.6881665386450672
0,저위험군,강남구,역삼동,여운,37.4889495,127.03232512,202858.7843089423,443278.15318864014,11.650064348836704,1996,0.1894,7,28.6,1.7930919144618336,0.1408,0.0,0,3,3.9318256327243257,,-5.329070518200751e-15,28.809715896526722,2.7915961576938012e+16,74.0,-3.159930699141707e-16,-0.3317832110884752,182.0,1.896855700813217,2260302035096515.0,184.0,0.6072991995971321,852772505906592.4,212.0,1.6961315839041937,2099328325870359.8,172.0,1.9164500371977495,2810446374812109.0,204.0,5.161652591193668,4956451754427565.0,146.0,5.083686450364523,5151663727711549.0,142.0,2.6436263598660292,3023789644888023.0,178.0,0.08318125907001309,71385082025423.98,116.0,1.2108168087525644,1138594744596474.8,110.0,0.32142704692172785,-1.0156871931024299e-16,-0.7779379128732085,-1.4756359649122812,-1.0207932901330905,-0.6199269480519489,-1.8263270010930235,-3.097690909090906,0.9359953069434663,1.7937882408087251,-0.7501238642997067,-3.8718787878787886,-1.4391667933706098,-7.316272727272728,-0.5983516452371672,-1.581818181818182,-0.41581563646092057,-0.03458806818181821,-0.7892425958940976,-0.955628201292081
0,저위험군,용산구,갈월동,Maison,37.54380345,126.97337044,197646.6455246376,449366.0899291957,49.76516281198304,1958,0.3105,32,84.4,1.7237490769424515,0.8984,0.85,0,1,3.5263605246161616,,0.0,28.809715896526722,2.5940541971704764e+16,74.0,2.510170564867934e-16,0.2609798542801795,182.0,1.896855700813218,2446279621082639.0,184.0,0.6072991995971319,878319666044662.6,212.0,1.6961315839041944,2111380165847823.0,172.0,1.9164500371977502,3137533272584342.5,204.0,5.1616525911936675,5322588721745990.0,146.0,5.083686450364525,4946285699457935.0,142.0,2.64362635986603,3258711825233599.0,178.0,0.08318125907001471,77784793990779.95,116.0,1.210816808752564,1072972305609214.4,110.0,-1.760006037714751,-4.417915349861411e-16,-0.007907823454135293,-0.015000000000001004,0.8169687706629807,0.49614448051948096,0.47656036747367564,0.8083090909090904,0.8485273795695616,1.6261603281393957,3.163868081057984,16.330787878787877,0.9016542065450553,4.583727272727275,-0.5983516452371672,-1.5818181818181827,-0.7915012217644217,-0.06583806818181953,-1.0133868944972189,-1.2270258856267937
0,저위험군,강남구,삼성동,신라스테이 삼성,37.50730567,127.06235264,205513.0229550124,445316.7851182066,26.978723017839418,2020,0.2252,10,40.0,1.0986122886681098,0.1065,0.45,1,23,9.826984406550013,,3.552713678800501e-15,28.809715896526715,2.7533941138419564e+16,74.0,-4.5234338295681895e-16,-0.4854406888560967,182.0,1.8968557008132172,2375823078678862.5,184.0,0.6072991995971319,847000196823838.5,212.0,1.696131583904195,2259202199953682.0,172.0,1.9164500371977504,2900052557860058.0,204.0,5.16165259119367,5313097085916957.0,146.0,5.083686450364524,5188091757811643.0,142.0,2.64362635986603,3202897151186136.0,178.0,0.0831812590700126,73133557686659.36,116.0,1.210816808752563,1180746765728718.5,110.0,1.6360163635342408,-7.400411764537914e-16,-0.5502989599318143,-1.0438377192982462,-0.8002618428375619,-0.485998376623377,-1.35584463547187,-2.299690909090909,0.05999000279647068,0.11496784309078939,-0.9273280930824005,-4.7865454545454575,-0.1999086169446694,-1.0162727272727277,1.6712580435934672,4.418181818181821,3.3410402165740902,0.2779119318181804,2.469647508555284,2.990290715052627
0,저위험군,용산구,이태원동,모드 하우스(Maud House),37.53765495,126.99303565,199384.4836337453,448683.3709520429,32.600192975446554,1993,0.192,24,87.5,0.3928067112362409,0.4148,0.85,0,2,4.276666119016055,,0.0,28.809715896526715,2.490130280980586e+16,74.0,-1.428374096904245e-16,-0.14697995343991999,182.0,1.896855700813217,2339449939437123.5,184.0,0.6072991995971321,868567258428460.2,212.0,1.6961315839041955,2153134301941769.0,172.0,1.9164500371977504,3128732791740732.5,204.0,5.161652591193668,5617708010847794.0,146.0,5.083686450364526,5406918745892975.0,142.0,2.643626359866029,3081816026903425.0,178.0,0.08318125907001514,79478735697078.08,116.0,1.2108168087525637,1092994814419365.0,110.0,0.15710338234516374,-2.2440240187787556e-17,-0.7614054749500905,-1.4442763157894742,0.22888491120823792,0.13900162337662353,0.6044985546162698,1.0253090909090905,-0.8303016725283519,-1.5912316712023142,0.6654434443433862,3.434787878787879,0.9016542065450553,4.583727272727276,-0.5983516452371672,-1.5818181818181818,-0.6036584291126711,-0.05021306818181946,-0.598612064723461,-0.7248095498892441
0,저위험군,용산구,이태원동,이태원 코지스테이,37.53631144,126.99190216,199284.2917893744,448534.2658447662,27.546295566042502,1996,0.1787,24,95.8,0.4545547183046879,0.1408,1.0,0,5,3.58351893845611,,0.0,28.809715896526715,2.4643587812127704e+16,74.0,-1.1863765761027545e-16,-0.12203098114830303,182.0,1.8968557008132174,2328408219230393.0,184.0,0.6072991995971316,868989812328131.9,212.0,1.6961315839041948,2151729808750127.2,172.0,1.9164500371977493,3139199830962036.0,204.0,5.161652591193669,5572287781205292.0,146.0,5.083686450364523,5375650728907681.0,142.0,2.6436263598660292,3062157885221330.0,178.0,0.08318125907001506,79291760479130.55,116.0,1.2108168087525633,1095292387362157.6,110.0,0.32142704692172785,-3.8133351939381894e-17,-0.8459752535568095,-1.6046929824561411,0.22888491120823792,0.13900162337662345,0.9470427330948288,1.6063090909090896,-0.7524137407540479,-1.4419633414561928,-0.7501238642997067,-3.8718787878787895,1.3147402653537024,6.683727272727274,-0.5983516452371672,-1.581818181818182,-0.04013005115741947,-0.0033380681818182666,-0.981789274077549,-1.1887669557060736
0,저위험군,중구,신당동,디어스,37.55341959,127.01326003,201171.6882349889,450433.1150010099,26.70398738270709,2023,0.1457,16,100.0,0.6931471805599453,0.1022,1.0,0,4,3.713572066704308,,-7.105427357601002e-15,28.809715896526715,2.4417237895781636e+16,74.0,-3.827905417918855e-16,-0.3951741934662471,182.0,1.8968557008132167,2294844781319611.5,184.0,0.6072991995971315,860248134015308.8,212.0,1.6961315839041948,2164727965963277.2,172.0,1.9164500371977498,2963625141239993.5,204.0,5.1616525911936675,5780183514460900.0,146.0,5.083686450364523,5530915695239670.0,142.0,2.6436263598660297,3100792641338755.0,178.0,0.08318125907001528,78961141288660.05,116.0,1.2108168087525633,1077484256114891.9,110.0,1.800340028110805,-6.891531347701534e-16,-1.0558100425809995,-2.002719298245614,-0.35919894824650483,-0.21814123376623384,1.1203783414815698,1.9003090909090898,-0.45145708961223663,-0.8651949561805587,-0.9495432004808139,-4.901212121212121,1.3147402653537024,6.683727272727274,-0.5983516452371672,-1.5818181818181822,-0.22797284380917002,-0.0189630681818187,-0.9098948826011862,-1.1017160180514565
0,저위험군,영등포구,신길동,신길스테이,37.51081671,126.91820795,192768.5444243801,445707.7821338495,46.40897639668387,1964,0.1607,28,71.4,1.911944619899683,0.8848,0.35,1,1,4.1940390562533,,-7.105427357601002e-15,28.80971589652672,2.469462396536361e+16,74.0,2.6363449723453687e-15,2.6062373274680457,182.0,1.896855700813218,2391382414753183.5,184.0,0.6072991995971325,839260991185728.6,212.0,1.6961315839041966,1928844212978644.2,172.0,1.916450037197749,2905495186208180.5,204.0,5.161652591193668,5100710970006144.0,146.0,5.083686450364525,5039503291066830.0,142.0,2.643626359866029,3161749029725112.5,178.0,0.08318125907000835,54182027759666.84,116.0,1.2108168087525675,905135053562952.1,110.0,-1.4313587085616228,-3.773555334939194e-15,-0.9604305930245495,-1.8217982456140365,0.5229268409356093,0.3175730519480525,-0.05995461086623633,-0.10169090909090918,1.0859141764233051,2.081100263800006,3.0936063460304433,15.968121212121213,-0.4752993228171007,-2.4162727272727293,1.6712580435934672,4.418181818181819,-0.7915012217644217,-0.0658380681818145,-0.6442889544440267,-0.7801158957344447
0,저위험군,종로구,관철동,호스텔 하루,37.56622871,126.98353342,198545.2223366013,451854.8205254232,19.341217394306923,1967,0.3997,4,25.0,2.415417623490573,0.1823,0.08,0,14,6.3784261836515865,,3.552713678800501e-15,28.809715896526715,2.775875289231582e+16,74.0,-5.98717551412922e-17,-0.06212456403449437,182.0,1.8968557008132176,2401890434264336.0,184.0,0.6072991995971316,866250571923430.5,212.0,1.696131583904195,2160528151629119.0,172.0,1.9164500371977493,3069159153608854.0,204.0,5.1616525911936675,5787383557298263.0,146.0,5.0836864503645245,5330141818503550.0,142.0,2.6436263598660292,3249375212347513.5,178.0,0.08318125907001513,79348911670715.45,116.0,1.2108168087525633,1094312014546445.9,110.0,-1.2670350439850586,7.585961190890982e-17,0.5592819699082209,1.0608771929824552,-1.241324737428619,-0.7538555194805199,-1.97490037971023,-3.3496909090909086,1.7209868340788366,3.298185282187223,-0.5357222463847857,-2.7652121212121217,-1.218854228672665,-6.1962727272727305,-0.5983516452371672,-1.581818181818182,1.6504550827083353,0.13728693181818527,0.5632574182459817,0.6820015496668074
0,저위험군,마포구,상암동,해온스스테이,37.57526313,126.89570362,190786.8094690793,452862.5220997512,15.16093333472093,2003,0.3749,12,66.7,0.385293749244385,0.1308,0.12,0,4,4.465908118654584,,-3.552713678800501e-15,28.809715896526722,3.0721966389661104e+16,74.0,1.796230521834358e-15,1.8489139287960883,182.0,1.896855700813218,2371033284187042.0,184.0,0.6072991995971323,879761653475471.9,212.0,1.6961315839041955,1933935906735049.2,172.0,1.916450037197749,3014787184997267.5,204.0,5.161652591193668,5133066176580410.0,146.0,5.083686450364525,4813575726472879.0,142.0,2.6436263598660297,3281594138740185.5,178.0,0.0831812590700098,54083492308032.13,116.0,1.2108168087525666,919141859825378.2,110.0,0.7048489309337108,1.2660711630254487e-15,0.4015879466415569,0.7617543859649116,-0.6532408779738762,-0.396712662337663,-0.25392541072758923,-0.4306909090909093,-0.8397784005852746,-1.6093933470395159,-0.8017869047611335,-4.138545454545455,-1.1086979463236926,-5.636272727272732,-0.5983516452371672,-1.5818181818181822,-0.22797284380917002,-0.01896306818181745,-0.4939975999347558,-0.598140597484428
0,저위험군,중구,저동,주)조선호텔앤리조트 포포인츠 조선 명동,37.56283151,126.98864042,198996.36635692828,451477.7044343526,10.511268314805353,2020,0.1735,2,0.0,0.4075593497112791,0.1065,0.08,0,29,9.931637595952472,,-3.552713678800501e-15,28.809715896526715,2.8409755519374624e+16,74.0,-1.3483433601374183e-16,-0.13915292463764029,182.0,1.8968557008132174,2346631268697378.5,184.0,0.6072991995971316,863478749331253.6,212.0,1.6961315839041948,2144786347608428.5,172.0,1.9164500371977493,3072184523860244.0,204.0,5.161652591193669,5795252858996066.0,146.0,5.083686450364523,5366500295326686.0,142.0,2.643626359866029,3185415273585273.5,178.0,0.08318125907001515,79649679893875.83,116.0,1.2108168087525633,1095435776449365.5,110.0,1.6360163635342408,-2.2059118008475582e-16,-0.8790401294030455,-1.6674122807017553,-1.3883457022923047,-0.8431412337662343,-3.00665995344083,-5.099690909090907,-0.8116929343101121,-1.5555689541517648,-0.9273280930824005,-4.786545454545457,-1.218854228672665,-6.196272727272728,-0.5983516452371672,-1.5818181818181818,4.468096972484593,0.37166193181819135,2.5275006142013954,3.060340227807477
0,저위험군,중구,황학동,호호 하우스,37.56383295,127.02193464,201937.9279937399,451589.0179823092,22.66080208702305,2001,0.2539,27,85.2,0.1029324633330573,0.1337,0.7,0,4,3.688879454113936,,0.0,28.809715896526715,2.7216046647627124e+16,74.0,-4.561708796340596e-16,-0.46765698174318565,182.0,1.896855700813216,2247468682924759.8,184.0,0.6072991995971317,855065461705091.0,212.0,1.6961315839041953,2133815236831254.5,172.0,1.91645003719775,2943311180003130.0,204.0,5.161652591193666,5731102867560617.0,146.0,5.083686450364523,5454968063376037.0,142.0,2.643626359866029,3069535074866611.0,178.0,0.08318125907001525,78879406831163.61,116.0,1.2108168087525635,1062789861951118.0,110.0,0.5952998212160014,-2.715584430901018e-16,-0.3678062797804733,-0.6976754385964915,0.44941635850376643,0.272930194805195,0.5095766738330547,0.8643090909090906,-1.1959443339794933,-2.291967563341438,-0.7868046230273196,-4.06121212121212,0.4885681477364085,2.4837272727272723,-0.5983516452371672,-1.5818181818181818,-0.22797284380917002,-0.018963068181818695,-0.9235451529180864,-1.1182439947951757
0,저위험군,강남구,논현동,프리시 하우스,37.51281808,127.02036698,201800.65136195632,445926.96063353,17.44937773344227,1996,0.7514,6,33.3,1.0446362874663122,0.1408,0.0,0,5,4.700480365792417,,-1.0658141036401503e-14,28.809715896526725,2.661568561604804e+16,74.0,-3.7451302671678516e-16,-0.40715888424701735,182.0,1.896855700813217,2298645445253503.0,184.0,0.6072991995971323,865530699237001.5,212.0,1.696131583904195,2278485186071447.0,172.0,1.9164500371977504,2955283053324731.5,204.0,5.161652591193669,5524449429738746.0,146.0,5.0836864503645245,5523780566909309.0,142.0,2.643626359866029,3247369410128054.5,178.0,0.0831812590700137,74258190027711.52,116.0,1.2108168087525641,1121839356991069.1,110.0,0.32142704692172785,-1.2037861621129441e-16,2.7956121305084523,5.302872807017541,-1.0943037725649334,-0.6645698051948064,-1.632356201231671,-2.768690909090909,-0.008094447190638789,-0.015512603619594934,-0.7501238642997067,-3.8718787878787895,-1.4391667933706098,-7.316272727272731,-0.5983516452371672,-1.5818181818181818,-0.04013005115741947,-0.003338068181818212,-0.3643242180455266,-0.4411298870451579
0,저위험군,강남구,역삼동,스테이아른,37.50366871,127.04538866,204013.3161590484,444912.2706548166,18.660357790060765,1983,0.3441,4,0.0,1.165647690004268,0.4324,0.0,0,3,5.457327647932645,,0.0,28.80971589652672,2.821943440335589e+16,74.0,-4.229456808622109e-16,-0.45485188237842394,182.0,1.8968557008132167,2350660884672929.0,184.0,0.6072991995971321,852983435191943.5,212.0,1.696131583904195,2240035301746122.8,172.0,1.9164500371977506,2897094641258314.0,204.0,5.1616525911936675,5315680446130089.0,146.0,5.083686450364524,5173216039491630.0,142.0,2.643626359866029,3187323377177323.5,178.0,0.08318125907001286,72954280771796.25,116.0,1.2108168087525641,1160331380512855.5,110.0,-0.3906421662433833,1.6522041697529674e-16,0.20574214355231288,0.39026315789473587,-1.241324737428619,-0.7538555194805204,-3.00665995344083,-5.099690909090908,0.14454736769969884,0.2770178082049248,0.7563703955554973,3.904121212121212,-1.4391667933706098,-7.316272727272729,-0.5983516452371672,-1.5818181818181818,-0.41581563646092057,-0.03458806818181812,0.05406690812690129,0.0654651211573327
0,저위험군,중구,중림동,해성장여관,37.55548515,126.96816194,197186.7898381594,450662.76128692704,25.372407008984364,1970,0.4336,11,63.6,0.6879792104015028,0.178,0.18,1,3,5.885742855122727,,-3.552713678800501e-15,28.80971589652672,2.659538620484621e+16,74.0,3.2826052478815657e-16,0.3466925001365069,182.0,1.8968557008132187,2505788570193574.5,184.0,0.6072991995971321,873169254960181.8,212.0,1.696131583904195,2174204884139867.0,172.0,1.9164500371977495,3117154259657647.0,204.0,5.1616525911936675,5440750903960272.0,146.0,5.0836864503645245,5093900608091075.0,142.0,2.6436263598660292,3361479839120495.0,178.0,0.08318125907001467,76718820780064.83,116.0,1.210816808752564,1070257118280308.4,110.0,-1.1027113794084946,-3.6197661609450446e-16,0.7748395259057979,1.4697587719298244,-0.7267513604057191,-0.44135551948052004,-0.3818635978701837,-0.6476909090909093,-0.45797588311218257,-0.8776878982260145,-0.5579373537831992,-2.879878787878788,-0.9434635228002337,-4.79627272727273,1.6712580435934672,4.418181818181819,-0.41581563646092057,-0.03458806818181887,0.29089820188378646,0.3522244324767854
0,저위험군,종로구,창신동,라로쥬,37.57394219,127.00922866,200815.2429904151,452710.8395830201,26.57490722342744,2021,0.3718,25,84.0,0.5146922308066372,0.105,0.85,0,6,4.143134726391533,,1.0658141036401503e-14,28.80971589652671,2.7738952764390624e+16,74.0,-3.646571779905921e-16,-0.3701917489997393,182.0,1.8968557008132165,2219158552619267.5,184.0,0.607299199597132,851078761752865.9,212.0,1.6961315839041955,2048476620307862.2,172.0,1.9164500371977502,2954493137423853.5,204.0,5.161652591193669,5748799575238843.0,146.0,5.083686450364524,5355704167926555.0,142.0,2.6436263598660292,3023750518566054.5,178.0,0.08318125907001521,79430787844047.86,116.0,1.2108168087525633,1079741179717801.4,110.0,1.6907909183930956,-6.165590448733478e-16,0.38187619373322396,0.7243640350877182,0.3023953936400808,0.1836444805194807,0.4600522142939858,0.7803090909090905,-0.6765572606309561,-1.2965881873026037,-0.9350775491516146,-4.826545454545457,0.9016542065450553,4.583727272727273,-0.5983516452371672,-1.581818181818182,0.14771274149433108,0.01228693181818214,-0.6724292680852291,-0.8141886604947789
0,저위험군,강남구,대치동,서울의 휴일 게스트하우스,37.49687758,127.05453675,204822.6373305478,444158.97256660456,23.71231797894765,1996,0.4886,1,100.0,0.3964152725882465,0.1408,0.04,1,5,4.691347882229144,,-7.105427357601002e-15,28.809715896526722,2.8353089528034664e+16,74.0,-4.153667193143382e-16,-0.44108758078317206,182.0,1.8968557008132179,2333646669108559.5,184.0,0.6072991995971317,847783144691251.1,212.0,1.6961315839041946,2202836949202604.8,172.0,1.91645003719775,2859290501848441.5,204.0,5.1616525911936675,5174224440287090.0,146.0,5.083686450364521,5130842532281558.0,142.0,2.643626359866027,3132046533081264.0,178.0,0.08318125907001271,72436123048956.06,116.0,1.2108168087525646,1165027717657239.0,110.0,0.32142704692172785,-1.3351009797877394e-16,1.1245641742794479,2.1331359649122796,-1.4618561847241476,-0.8877840909090916,1.1203783414815698,1.9003090909090896,-0.825749891932796,-1.5825084111106449,-0.7501238642997067,-3.871878787878788,-1.3290105110216375,-6.7562727272727265,1.6712580435934672,4.418181818181815,-0.04013005115741947,-0.0033380681818181725,-0.3693727267380381,-0.4472427062291844
0,저위험군,강서구,화곡동,볼(Voll) 관광호텔,37.52600423,126.8458538,186374.2777954479,447401.4269118125,22.738779748052625,2012,0.2894,12,100.0,0.0,0.1179,0.04,1,15,8.203304026795282,,7.105427357601002e-15,28.80971589652672,2.653503527315994e+16,74.0,2.7497578036423336e-15,2.502966583110401,182.0,1.896855700813219,2230259480612096.0,184.0,0.6072991995971324,837829343471694.1,212.0,1.6961315839041964,1846901655191704.8,172.0,1.91645003719775,2765123186271804.0,204.0,5.161652591193668,5058547840988824.0,146.0,5.083686450364525,4694714913485050.0,142.0,2.6436263598660306,3047727670874368.0,178.0,0.08318125907000935,51950824708020.336,116.0,1.2108168087525673,859634590325423.9,110.0,1.1978199246634031,3.2937146852014648e-15,-0.14207491583020837,-0.269495614035089,-0.6532408779738762,-0.39671266233766306,1.1203783414815698,1.9003090909090916,-1.3257816690137925,-2.5407943288975776,-0.8684322269563739,-4.4825454545454555,-1.3290105110216375,-6.756272727272732,1.6712580435934672,4.4181818181818215,1.8382978753600858,0.15291193181817506,1.5720642329588854,1.90348179770533
0,저위험군,송파구,방이동,방이동 파크빌,37.51024396,127.11249449,209946.0178250811,445647.0165758448,17.037273627354477,2019,0.7384,6,33.3,0.1810953150707103,0.1079,0.12,0,6,6.215247893709531,,-3.552713678800501e-15,28.80971589652672,2.446848984929525e+16,74.0,-4.683367345673853e-16,-0.49484363742028886,182.0,1.8968557008132176,2353499462824709.5,184.0,0.6072991995971317,832764404858913.2,212.0,1.6961315839041944,2222608961419241.0,172.0,1.9164500371977504,2864304541435339.0,204.0,5.161652591193667,5093197592666544.0,146.0,5.083686450364521,5089866553503749.0,142.0,2.6436263598660297,3160216885436349.5,178.0,0.0831812590700124,73936080765501.97,116.0,1.2108168087525633,1154086220577309.5,110.0,1.581241808675386,-7.405536252364565e-16,2.712949940892862,5.146074561403507,-1.0943037725649334,-0.6645698051948058,-1.632356201231671,-2.768690909090908,-1.0973509841296927,-2.1030183343543376,-0.9200952674178007,-4.74921212121212,-1.1086979463236926,-5.636272727272726,-0.5983516452371672,-1.5818181818181822,0.14771274149433108,0.012286931818181725,0.4730511770308642,0.5727783165491548
0,저위험군,성동구,행당동,노엘의 휴일,37.55342491,127.03315358,202929.5301251452,450434.1394146512,19.819387042884053,2011,0.2423,4,75.0,0.1583849839660466,0.1194,0.18,1,6,4.48863636973214,,0.0,28.80971589652672,2.338784343070546e+16,74.0,-5.105452849712831e-16,-0.5346022026505087,182.0,1.8968557008132163,2362200691191139.0,184.0,0.6072991995971319,856037595686889.8,212.0,1.696131583904195,2266644636520826.5,172.0,1.9164500371977504,2994351945513095.5,204.0,5.161652591193668,5728922264521491.0,146.0,5.083686450364524,5638541497907865.0,142.0,2.643626359866029,3206247277966936.5,178.0,0.08318125907001538,75602383638727.86,116.0,1.210816808752563,1067531971684996.0,110.0,1.1430453698045484,-5.835764240619689e-16,-0.44156638743746146,-0.8375877192982462,-1.241324737428619,-0.7538555194805201,0.08861876775096983,0.15030909090909045,-1.1259974263977182,-2.157917809704478,-0.8606827708871598,-4.442545454545455,-0.9434635228002337,-4.796272727272729,1.6712580435934672,4.418181818181819,0.14771274149433108,0.012286931818182164,-0.4814332441014657,-0.5829274642503304
0,저위험군,성동구,도선동,메종,37.56022261,127.03473605,203069.0821801629,451188.653800533,24.472716563110524,1989,0.1086,26,42.3,0.19900124599261,0.1509,1.0,0,5,6.236956502085953,,-1.4210854715202004e-14,28.80971589652672,2.4530212536315516e+16,74.0,-5.276861072741489e-16,-0.5473015098214767,182.0,1.8968557008132167,2327712679474148.5,184.0,0.6072991995971317,854071767188548.5,212.0,1.696131583904195,2219705999178165.0,172.0,1.9164500371977495,2977423510879103.0,204.0,5.1616525911936675,5698357498496002.0,146.0,5.083686450364522,5550875645027335.0,142.0,2.6436263598660306,3155344660504037.5,178.0,0.08318125907001533,76484134563421.34,116.0,1.2108168087525628,1069319315766064.1,110.0,-0.06199483709025508,3.271381425525173e-17,-1.2917152144839525,-2.4501973684210525,0.3759058760719236,0.2282873376623378,-1.260922754688655,-2.138690909090909,-1.0747647341078197,-2.0597329146597603,-0.6979441934336656,-3.6025454545454547,1.3147402653537024,6.683727272727273,-0.5983516452371672,-1.581818181818183,-0.04013005115741947,-0.003338068181818278,0.4850518663648648,0.5873089529113802
0,저위험군,용산구,갈월동,리브하우스,37.54386709,126.97326367,197637.21186604525,449373.1558746785,50.79427834958569,1953,0.3105,28,85.7,1.9340444857788124,0.9096,0.85,0,1,3.9889840465642745,,0.0,28.809715896526715,2.5962280815412132e+16,74.0,2.533241597634959e-16,0.2634033848479857,182.0,1.8968557008132183,2444450135114811.5,184.0,0.6072991995971321,878257728759416.1,212.0,1.6961315839041944,2110872899379999.2,172.0,1.9164500371977509,3137956210463173.0,204.0,5.161652591193667,5324576187447463.0,146.0,5.0836864503645245,4954083469021517.0,142.0,2.6436263598660292,3261228872862528.5,178.0,0.0831812590700147,77780038363364.52,116.0,1.2108168087525641,1072416080399352.9,110.0,-2.0338788120090245,-5.152306411129633e-16,-0.007907823454135293,-0.015000000000001006,0.5229268409356093,0.3175730519480523,0.5302118653076667,0.8993090909090902,1.1137905877851624,2.1345240133913794,3.2217306863747814,16.62945454545454,0.9016542065450553,4.583727272727274,-0.5983516452371672,-1.581818181818182,-0.7915012217644217,-0.06583806818181952,-0.7576449754744276,-0.9173692713713612
0,저위험군,송파구,송파동,스테이온기,37.50401206,127.11205481,209907.9678241117,444955.3088958416,33.30142834693594,1992,0.5334,22,95.5,0.9750788058832884,0.1465,1.0,0,4,3.871201010907891,,7.105427357601002e-15,28.809715896526715,2.4926638796769476e+16,74.0,-4.573612099914722e-16,-0.48111288814451497,182.0,1.8968557008132174,2340741444507069.0,184.0,0.6072991995971319,832030816957710.5,212.0,1.6961315839041955,2208106876380531.2,172.0,1.9164500371977495,2850986567346458.0,204.0,5.161652591193668,5061415833259746.0,146.0,5.083686450364524,5012127636846809.0,142.0,2.6436263598660283,3134280993979363.5,178.0,0.08318125907001238,73083282120670.08,116.0,1.2108168087525633,1155307713275866.2,110.0,0.10232882748630905,-4.6801236356146926e-17,1.409430796954712,2.6734868421052616,0.08186394634455224,0.04971590909090912,0.9346616182100618,1.5853090909090906,-0.09583312309519901,-0.18365939232057066,-0.7206759312366935,-3.719878787878789,1.3147402653537024,6.683727272727275,-0.5983516452371672,-1.5818181818181816,-0.22797284380917002,-0.01896306818181804,-0.8227563633265822,-0.9962072342239567
0,저위험군,마포구,서교동,Mark's Guest House,37.55311872,126.91818884,192770.9388850836,450402.7850628496,27.61364819241143,1994,0.1735,8,62.5,1.1716374236829996,0.413,0.12,1,3,4.382026634673881,,0.0,28.80971589652672,3.036204387031645e+16,74.0,1.832256845545745e-15,1.8897160015978123,182.0,1.8968557008132183,2351534695587878.5,184.0,0.607299199597132,879467463649237.6,212.0,1.6961315839041953,1969540728418269.8,172.0,1.9164500371977493,3013461723744366.5,204.0,5.161652591193668,5317996840963314.0,146.0,5.083686450364525,4917344044233091.0,142.0,2.6436263598660292,3282125329349548.5,178.0,0.08318125907000978,57891849417490.734,116.0,1.2108168087525668,929201316886102.6,110.0,0.21187793720401846,3.882148008621743e-16,-0.8790401294030455,-1.667412280701756,-0.9472828077012476,-0.5752840909090916,-0.4272610191143301,-0.7246909090909094,0.152102720338014,0.2914972640496658,0.6561440970603293,3.3867878787878785,-1.1086979463236926,-5.636272727272732,1.6712580435934672,4.418181818181819,-0.41581563646092057,-0.03458806818181684,-0.5403679435639982,-0.6542865889783475
0,저위험군,용산구,효창동,블리크스틸(Blikstille),37.53925952,126.95878107,196357.10684805104,448862.2342005266,36.32274355291237,1967,0.5127,28,64.3,1.2151894879309442,0.4606,0.25,1,4,4.962844630259907,,0.0,28.809715896526722,2.4684445164409504e+16,74.0,8.242267473448226e-16,0.8751916308091203,182.0,1.8968557008132183,2557140525591642.0,184.0,0.6072991995971321,877135762749506.0,212.0,1.696131583904195,2070596191071177.2,172.0,1.9164500371977489,3068851765455525.5,204.0,5.161652591193671,5396872963299778.0,146.0,5.0836864503645245,5218439770518797.0,142.0,2.64362635986603,3267784483956753.0,178.0,0.08318125907001353,71056027301875.62,116.0,1.2108168087525648,958459771681301.6,110.0,-1.2670350439850586,-1.0443241730757091e-15,1.2778071565668114,2.423815789473685,0.5229268409356093,0.3175730519480523,-0.35297432980572707,-0.5986909090909096,0.2070385857986404,0.3967791054551737,0.9020601696567208,4.656121212121215,-0.7506900286895318,-3.8162727272727293,1.6712580435934672,4.418181818181821,-0.22797284380917002,-0.018963068181818303,-0.21928719053907683,-0.26551661624884065
0,저위험군,종로구,동숭동,달빛스테이,37.58122877,127.00488116,200431.15075434424,453519.5373223167,34.10480187007307,1996,0.1506,42,76.2,0.4485486942444761,0.4095,1.0,0,4,4.07753744390572,,7.105427357601002e-15,28.80971589652671,2.6890155447010104e+16,74.0,-3.034893063976629e-16,-0.309943939252415,182.0,1.896855700813217,2280997619735397.0,184.0,0.6072991995971316,846929704469783.8,212.0,1.6961315839041948,2073534824548881.8,172.0,1.91645003719775,2988990318621156.5,204.0,5.161652591193667,5737367019856482.0,146.0,5.083686450364521,5312084167435190.0,142.0,2.6436263598660292,3040462607843159.5,178.0,0.08318125907001518,79389437646753.45,116.0,1.2108168087525628,1084952631214187.5,110.0,0.32142704692172785,-9.754967152772423e-17,-1.0246527557258924,-1.9436184210526317,1.552073594981409,0.9425730519480524,0.13814322729003872,0.23430909090909058,-0.7599896418145964,-1.456482177325488,0.6380620328988299,3.293454545454544,1.3147402653537024,6.683727272727271,-0.5983516452371672,-1.581818181818182,-0.22797284380917002,-0.018963068181818678,-0.7086919614194506,-0.8580961391144935
0,저위험군,중구,주교동,엘림 호스텔,37.56629135,127.00045147,200039.88611596063,451861.6454750232,25.829652398489863,1968,0.3626,34,58.8,0.1177830356563834,0.1808,0.7,0,6,6.7816250018379245,,3.552713678800501e-15,28.809715896526715,2.8903331292891736e+16,74.0,-2.790630653368616e-16,-0.28517995937699586,182.0,1.8968557008132176,2292961053854347.0,184.0,0.6072991995971319,854733829883955.2,212.0,1.6961315839041948,2076562695392564.0,172.0,1.9164500371977509,3020494917425164.0,204.0,5.1616525911936675,5789657903954198.0,146.0,5.083686450364521,5375598000897891.0,142.0,2.6436263598660283,3067383284674983.0,178.0,0.0831812590700152,79610517166720.5,116.0,1.210816808752563,1092276199963729.0,110.0,-1.2122604891262039,3.382971280823216e-16,0.32337679800526764,0.6133991228070163,0.9639897355266663,0.5854301948051953,-0.579961436026459,-0.9836909090909093,-1.177212063597934,-2.2560681030719016,-0.5434717024539998,-2.8052121212121217,0.4885681477364085,2.4837272727272715,-0.5983516452371672,-1.5818181818181816,0.14771274149433108,0.012286931818182138,0.7861488939679205,0.9518822949985946
0,저위험군,중구,중림동,라서울 스테이,37.55608468,126.96814345,197185.1786129457,450729.3025313743,25.370331810664844,1963,0.4552,25,76.0,1.1301819904368455,0.3278,0.18,0,5,4.61512051684126,,0.0,28.80971589652672,2.6740813558878772e+16,74.0,3.256096208134183e-16,0.3440075064825329,182.0,1.8968557008132176,2502190832589458.5,184.0,0.6072991995971316,872834001748195.4,212.0,1.696131583904196,2176351650099027.0,172.0,1.9164500371977502,3115703711450587.0,204.0,5.1616525911936675,5445680550736425.0,146.0,5.083686450364522,5100347038555410.0,142.0,2.643626359866029,3363843657597970.5,178.0,0.08318125907001465,76808593921984.88,116.0,1.2108168087525641,1071258347574279.5,110.0,-1.4861332634204776,-4.838992883805496e-16,0.912185933267086,1.7302850877192972,0.3023953936400808,0.1836444805194806,0.12988915070019383,0.22030909090909057,0.09981151112098637,0.191283774200578,0.2159749923289734,1.114787878787878,-0.9434635228002337,-4.7962727272727275,-0.5983516452371672,-1.5818181818181818,-0.04013005115741947,-0.0033380681818182506,-0.4115118134499663,-0.4982654207254687
0,저위험군,중구,산림동,화성여관,37.56537071,126.99607023,199652.81150247413,451759.472390716,35.139970162324325,1995,0.2002,24,66.7,0.9775104990228042,0.4113,1.0,0,2,4.9889348671169165,,0.0,28.809715896526722,2.7889701715257548e+16,74.0,-2.2852195393019166e-16,-0.23446228784308015,182.0,1.896855700813217,2299742319568108.0,184.0,0.6072991995971315,854979726153121.2,212.0,1.6961315839041946,2106480202457543.8,172.0,1.91645003719775,3061923269426096.5,204.0,5.161652591193668,5789811179059583.0,146.0,5.083686450364522,5379370859810758.0,142.0,2.6436263598660292,3102351598865823.0,178.0,0.08318125907001514,79685891987548.52,116.0,1.2108168087525633,1093604728207582.8,110.0,0.26665249206287317,-6.09359485065627e-17,-0.7092647091925646,-1.3453728070175446,0.22888491120823792,0.13900162337662342,-0.25392541072758923,-0.43069090909090907,-0.09276582492091626,-0.1777810686203699,0.6473613801818868,3.3414545454545457,1.3147402653537024,6.683727272727273,-0.5983516452371672,-1.581818181818182,-0.6036584291126711,-0.05021306818181946,-0.20486430254264865,-0.24805314103200946
0,저위험군,용산구,서계동,금강,37.55085442,126.96620306,197013.5184678672,450148.86605269095,37.097728334905696,1971,0.2539,30,80.0,0.3035651186247839,0.4535,1.0,0,4,5.861128045379979,,0.0,28.809715896526715,2.5833442416192696e+16,74.0,4.194683234417584e-16,0.4432416559952431,182.0,1.8968557008132174,2526868275573745.0,184.0,0.6072991995971323,874504129210144.8,212.0,1.696131583904195,2158710194371463.8,172.0,1.91645003719775,3118557417331775.0,204.0,5.161652591193668,5436748198027190.0,146.0,5.083686450364524,5069608506526087.0,142.0,2.643626359866029,3352880946013172.5,178.0,0.08318125907001447,76095765760353.94,116.0,1.2108168087525641,1045593067120818.8,110.0,-1.0479368245496399,-4.395763028667176e-16,-0.3678062797804733,-0.6976754385964921,0.669947805799295,0.4068587662337669,0.2949706824970898,0.5003090909090904,-0.9428695659187647,-1.806962414677643,0.8653794109291078,4.466787878787879,1.3147402653537024,6.683727272727275,-0.5983516452371672,-1.5818181818181818,-0.22797284380917002,-0.018963068181818518,0.2772909415925613,0.3357485329950987
0,저위험군,용산구,남영동,뉴월드,37.54153717,126.97272864,197589.8542884914,449114.57665555656,16.151347125225687,1971,0.3687,4,50.0,0.7472144018302211,0.1766,0.04,0,6,6.832169292025542,,7.105427357601002e-15,28.809715896526715,2.564167352717692e+16,74.0,2.9923251033691275e-16,0.3112140846596744,182.0,1.8968557008132174,2463674626973787.5,184.0,0.6072991995971317,878666853621885.5,212.0,1.6961315839041944,2090717188645930.8,172.0,1.9164500371977495,3142927142378629.0,204.0,5.161652591193667,5312234889682448.0,146.0,5.083686450364524,4933149793363474.0,142.0,2.643626359866029,3252724213870044.0,178.0,0.08318125907001464,77536544316089.3,116.0,1.2108168087525641,1062918940560579.2,110.0,-1.0479368245496399,-3.1357676668448166e-16,0.362164440824891,0.6869736842105256,-1.241324737428619,-0.75385551948052,-0.9431408059796301,-1.5996909090909086,-0.3832575761144586,-0.7344939960008735,-0.5651701794477989,-2.917212121212121,-1.3290105110216375,-6.75627272727273,-0.5983516452371672,-1.5818181818181818,0.14771274149433108,0.012286931818182056,0.8140901748474428,0.9857140675455976
0,저위험군,강서구,화곡동,호텔초콜렛,37.52651538,126.84593846,186381.85422221065,447458.1459816433,23.506768413785625,1989,0.3074,12,100.0,0.0,0.1509,0.04,1,9,7.851668959960152,,1.0658141036401503e-14,28.80971589652672,2.6583021465037864e+16,74.0,2.7480552258472524e-15,2.501292747291111,182.0,1.8968557008132187,2229678984365255.5,184.0,0.6072991995971324,838371255321487.9,212.0,1.6961315839041962,1847195244619632.8,172.0,1.9164500371977502,2767155453579505.0,204.0,5.161652591193669,5060018065778157.0,146.0,5.083686450364525,4695087624970309.0,142.0,2.643626359866029,3048566250059151.0,178.0,0.08318125907000937,52029447872418.97,116.0,1.2108168087525673,860303760222426.6,110.0,-0.06199483709025508,-1.7036523604142453e-16,-0.027619576362468246,-0.05239035087719392,-0.6532408779738762,-0.39671266233766306,1.1203783414815698,1.9003090909090914,-1.3257816690137925,-2.540794328897578,-0.6979441934336656,-3.6025454545454556,-1.3290105110216375,-6.756272727272732,1.6712580435934672,4.418181818181819,0.7112411194495827,0.05916193181817921,1.3776776042603784,1.6681152002804336
0,저위험군,용산구,동자동,미경여인숙,37.55026667,126.97385359,197689.54280194244,450083.4173283756,30.65871760089989,1961,0.1683,39,46.2,1.650814208746273,0.4712,0.55,0,1,4.629667657588479,,-1.4210854715202004e-14,28.80971589652672,2.7248664216491908e+16,74.0,1.9778352690020915e-16,0.2067041265153804,182.0,1.8968557008132179,2470705472656060.0,184.0,0.6072991995971322,876154355025397.0,212.0,1.6961315839041946,2144268611449490.5,172.0,1.9164500371977502,3126274294952575.0,204.0,5.1616525911936675,5476315944634526.0,146.0,5.083686450364524,5078545504898831.0,142.0,2.6436263598660292,3278580790362037.0,178.0,0.08318125907001486,78125946977044.72,116.0,1.2108168087525635,1085556005883087.0,110.0,-1.5956823731381868,-3.1559968757176613e-16,-0.9121050052492815,-1.7301315789473697,1.3315421476858806,0.8086444805194817,-1.0999682611866812,-1.8656909090909084,0.7565285231249355,1.4498491162839415,0.9568229925458331,4.9387878787878785,0.07548208892776191,0.38372727272727325,-0.5983516452371672,-1.581818181818182,-0.7915012217644217,-0.06583806818181966,-0.4034700397084966,-0.48852830590711194
0,저위험군,강남구,삼성동,호텔라엠 HOTEL La M,37.51409315,127.06500815,205747.2943138721,446070.2677908969,34.08885381402753,1983,0.1974,10,50.0,1.5841201044498106,0.4324,0.85,0,1,6.278558946914015,,0.0,28.80971589652672,2.680548261072295e+16,74.0,-4.713052085394916e-16,-0.5079874415958128,182.0,1.8968557008132172,2400928693444015.0,184.0,0.6072991995971319,846909236947091.6,212.0,1.696131583904195,2283313206918095.0,172.0,1.9164500371977515,2921289242075786.5,204.0,5.161652591193668,5380645016558356.0,146.0,5.083686450364523,5237107742982649.0,142.0,2.643626359866028,3242366415015464.0,178.0,0.08318125907001261,74817179499278.05,116.0,1.210816808752564,1198322071735645.8,110.0,-0.3906421662433833,1.8411168762565653e-16,-0.7270688731097685,-1.3791447368421061,-0.8002618428375619,-0.485998376623377,-0.9431408059796301,-1.599690909090909,0.6724016647563253,1.2886241954340898,0.7563703955554973,3.904121212121213,0.9016542065450553,4.583727272727272,-0.5983516452371672,-1.5818181818181813,-0.7915012217644217,-0.06583806818181787,0.5080500248492524,0.6151555097746326
0,저위험군,종로구,창신동,Han stay,37.56784218,127.01246821,201101.50876220025,452033.8424379224,17.658256778076183,1992,0.0743,3,33.3,2.48953675368115,0.1465,0.25,0,1,6.8327191839479005,,1.0658141036401503e-14,28.809715896526708,2.841939660846447e+16,74.0,-4.042123069397172e-16,-0.40935855168233043,182.0,1.8968557008132167,2210118703948928.2,184.0,0.6072991995971314,854087125608077.4,212.0,1.6961315839041955,2084041478370773.0,172.0,1.9164500371977504,2925549494215093.5,204.0,5.161652591193666,5740502869756672.0,146.0,5.083686450364523,5389045868004247.0,142.0,2.6436263598660283,3004266501676793.0,178.0,0.08318125907001525,79432015207119.56,116.0,1.2108168087525633,1074365485706276.5,110.0,0.10232882748630905,-4.1362571424677323e-17,-1.5098162224697016,-2.8639035087719296,-1.3148352198604618,-0.7984983766233767,-1.632356201231671,-2.76869090909091,1.8144794993409743,3.4773593040065656,-0.7206759312366935,-3.719878787878787,-0.7506900286895318,-3.816272727272728,-0.5983516452371672,-1.5818181818181816,-0.7915012217644217,-0.06583806818181996,0.8143941594241175,0.9860821371806362
0,저위험군,중구,회현동,뉴오리엔탈호텔,37.55758838,126.98292431,198491.2348912866,450895.8554164317,27.3182530195036,1962,0.067,26,88.5,2.149959071880011,0.1895,0.08,1,7,8.054398713679547,,7.105427357601002e-15,28.80971589652672,2.994459017936522e+16,74.0,-4.4752172652611986e-17,-0.04631656775831037,182.0,1.8968557008132174,2381385238734711.5,184.0,0.607299199597132,870899416746844.1,212.0,1.6961315839041953,2158133517266924.8,172.0,1.9164500371977489,3093666244948130.0,204.0,5.1616525911936675,5739749731384272.0,146.0,5.083686450364522,5302374362751895.0,142.0,2.6436263598660292,3216674942291422.0,178.0,0.08318125907001508,79339062107813.2,116.0,1.210816808752563,1095747207714328.9,110.0,-1.540907818279332,6.895897272539632e-17,-1.5562342212538407,-2.9519517543859655,0.3759058760719236,0.22828733766233789,0.6457689375654938,1.0953090909090903,1.3861417348057556,2.6564713792298424,-0.4985248572525584,-2.5732121212121215,-1.218854228672665,-6.196272727272727,1.6712580435934672,4.418181818181819,0.33555553414608164,0.02791193181818251,1.4897482055149138,1.8038121680464254
0,저위험군,종로구,창신동,낙산발코니,37.57637942,127.00924527,200816.6836704708,452981.3441153332,36.69572238264964,1974,0.3257,46,89.1,0.3684695204315693,0.4483,0.85,0,3,5.081404364984463,,0.0,28.809715896526715,2.7333381135976052e+16,74.0,-3.594309563628145e-16,-0.365148525057836,182.0,1.896855700813217,2217588854782361.2,184.0,0.6072991995971316,849843069406124.2,212.0,1.6961315839041957,2039149763924108.0,172.0,1.9164500371977495,2951548877066324.0,204.0,5.1616525911936675,5747456692673145.0,146.0,5.083686450364523,5339876109002146.0,142.0,2.643626359866029,3038539750198266.5,178.0,0.08318125907001518,79397552542286.34,116.0,1.2108168087525628,1079366306859227.8,110.0,-0.8836131599730757,3.1759792314389115e-16,0.08874335209640068,0.16833333333333217,1.8461155247087806,1.1211444805194812,0.6705311673350279,1.1373090909090902,-0.8610002091608177,-1.650063882873519,0.8385146298891657,4.328121212121212,0.9016542065450553,4.583727272727272,-0.5983516452371672,-1.5818181818181818,-0.41581563646092057,-0.03458806818181909,-0.1537464373374016,-0.18615877061394848
0,저위험군,마포구,신수동,스테이 헤리티지 경의선숲길,37.54391637,126.93906338,194614.80937791188,449380.0344710368,36.568416850735694,1991,0.2774,34,82.4,0.8493964970441248,0.4183,1.0,0,3,3.58351893845611,,0.0,28.809715896526722,2.8419549234561068e+16,74.0,1.4500962613465017e-15,1.5153659100878276,182.0,1.8968557008132185,2405803612014235.5,184.0,0.6072991995971322,880290302042515.9,212.0,1.6961315839041953,2017199029334275.2,172.0,1.9164500371977498,3041157087337824.5,204.0,5.1616525911936675,5534029287781811.0,146.0,5.083686450364523,5241444610969942.0,142.0,2.6436263598660297,3257685322077129.5,178.0,0.08318125907001109,63585116372885.39,116.0,1.2108168087525661,944730762096377.2,110.0,0.04755427262745433,6.895827294812381e-17,-0.21837847547536846,-0.4142324561403523,0.9639897355266663,0.5854301948051956,0.39401960157522764,0.6683090909090909,-0.2543667432207949,-0.48748115450736285,0.6835255085048856,3.5281212121212118,1.3147402653537024,6.683727272727274,-0.5983516452371672,-1.5818181818181822,-0.41581563646092057,-0.03458806818181738,-0.981789274077549,-1.1887669557060765
0,저위험군,강서구,화곡동,Stay #101,37.54275653,126.83473297,185394.52097841867,449262.39696170617,31.54100108686237,1992,0.4244,25,100.0,0.7348198769605133,0.4165,0.04,1,3,3.784189633918261,,-7.105427357601002e-15,28.809715896526722,2.717240643283589e+16,74.0,2.6257892003706153e-15,2.409517607683278,182.0,1.8968557008132185,2235577032676445.2,184.0,0.6072991995971324,847566201882555.4,212.0,1.6961315839041966,1851395832836207.2,172.0,1.9164500371977498,2794333164527985.0,204.0,5.16165259119367,5036417829466255.0,146.0,5.083686450364525,4701751384602687.0,142.0,2.6436263598660292,3056707311206302.5,178.0,0.08318125907000969,51738910353169.31,116.0,1.2108168087525673,860880670862114.4,110.0,0.10232882748630905,2.6869393010013807e-16,0.7163401301778419,1.3587938596491225,0.3023953936400808,0.18364448051948085,1.1203783414815698,1.9003090909090918,-0.39889182818605334,-0.7644562589650403,0.6742261612218287,3.480121212121213,-1.3290105110216375,-6.756272727272732,1.6712580435934672,4.418181818181819,-0.41581563646092057,-0.0345880681818168,-0.8708569364112325,-1.054448216625486
0,저위험군,서초구,우면동,까사드록,37.47046022,127.02450214,202167.4658492578,441225.88099570974,25.27737922220141,2022,0.5186,6,50.0,0.4125322753312568,0.1036,0.35,1,3,6.3710304816904575,,0.0,28.809715896526715,2.7430428860235692e+16,74.0,-1.362923826271802e-16,-0.13593579813410855,182.0,1.8968557008132172,2180202251075560.0,184.0,0.6072991995971322,842477826871756.8,212.0,1.6961315839041953,2006308272717617.0,172.0,1.9164500371977504,2687838340235058.5,204.0,5.161652591193668,4747419757037978.0,146.0,5.083686450364524,4917295072272403.0,142.0,2.6436263598660292,2820568468428236.0,178.0,0.08318125907001314,69952035085412.96,116.0,1.2108168087525646,1133733714663883.8,110.0,1.7455654732519503,-2.379072773812497e-16,1.3153230733923478,2.4949780701754367,-1.0943037725649334,-0.6645698051948062,-0.9431408059796301,-1.5996909090909093,-0.8054201668185531,-1.5435475086592345,-0.9423103748162142,-4.863878787878789,-0.4752993228171007,-2.4162727272727285,1.6712580435934672,4.418181818181819,-0.41581563646092057,-0.034588068181818234,0.5591690160737466,0.6770512435957253
0,저위험군,중구,주교동,라이프인 청계,37.56574695,126.99678382,199715.857394714,451801.2282212938,37.28620209904717,1966,0.2308,18,27.8,2.0476928433652555,0.4623,1.0,0,4,6.168773562078393,,-1.4210854715202004e-14,28.809715896526722,2.8170600628593344e+16,74.0,-2.3656410872313297e-16,-0.24258106343597097,182.0,1.8968557008132172,2295135087314874.0,184.0,0.6072991995971316,854815092897949.8,212.0,1.6961315839041955,2103090188315031.0,172.0,1.9164500371977495,3055114192171742.0,204.0,5.161652591193665,5789765459353924.0,146.0,5.083686450364522,5381200547652320.0,142.0,2.6436263598660283,3092992579578132.0,178.0,0.08318125907001515,79682129622842.11,116.0,1.2108168087525633,1093387869904085.5,110.0,-1.3218095988439134,3.126927096521923e-16,-0.5146906320974064,-0.9762938596491235,-0.21217798338281915,-0.12885551948051957,-1.8593433074524028,-3.1536909090909098,1.25714477753484,2.4092551556696007,0.9108428865351632,4.701454545454542,1.3147402653537024,6.683727272727273,-0.5983516452371672,-1.5818181818181816,-0.22797284380917002,-0.01896306818181867,0.44735980123008506,0.5416707668895926
0,저위험군,중구,초동,하루재,37.5604658,126.99112706,199216.03944243785,451215.1148952417,28.66302968097612,1967,0.1175,31,83.9,0.2758941166997387,0.1823,1.0,0,3,6.1709069631510935,,1.0658141036401503e-14,28.80971589652671,2.868840731110979e+16,74.0,-1.7154550075410137e-16,-0.17644677543893197,182.0,1.8968557008132172,2330322764247356.0,184.0,0.607299199597132,862044791654612.0,212.0,1.6961315839041948,2126582034982929.2,172.0,1.91645003719775,3082265750794351.0,204.0,5.1616525911936675,5785535737043173.0,146.0,5.083686450364523,5386742024266350.0,142.0,2.643626359866029,3161017603132202.0,178.0,0.08318125907001513,79732472062868.66,116.0,1.210816808752563,1095638127764913.1,110.0,-1.2670350439850586,2.1735416109341174e-16,-1.2351234077471256,-2.342850877192983,0.7434582882311378,0.4515016233766238,0.4559251759990636,0.7733090909090906,-0.9777733176734651,-1.8738537110262796,-0.5357222463847857,-2.7652121212121217,1.3147402653537024,6.683727272727274,-0.5983516452371672,-1.5818181818181818,-0.41581563646092057,-0.03458806818181906,0.4485391621110025,0.5430987568677925
0,저위험군,중구,저동,G2 호텔,37.56060529,126.98968153,199088.3226510547,451230.6096753824,18.82538325946605,1976,0.1001,9,66.7,1.85077964762718,0.1694,0.08,0,17,8.795127912413138,,0.0,28.809715896526722,2.9025940403969304e+16,74.0,-1.5302695201172998e-16,-0.1575539783452466,182.0,1.8968557008132179,2327672944448515.5,184.0,0.6072991995971316,864153366888981.5,212.0,1.696131583904195,2135481488424876.5,172.0,1.9164500371977509,3076016991078270.0,204.0,5.1616525911936675,5780522253284763.0,146.0,5.0836864503645245,5377882347781357.0,142.0,2.6436263598660297,3168541441460678.5,178.0,0.08318125907001514,79700609100703.72,116.0,1.2108168087525637,1095694736362248.0,110.0,-0.7740640502553663,1.1845266227243327e-16,-1.3457635692326078,-2.5527192982456155,-0.8737723252694047,-0.5306412337662341,-0.25392541072758923,-0.4306909090909092,1.0087616752574449,1.9332413500707957,-0.6023675685800262,-3.109212121212121,-1.218854228672665,-6.1962727272727305,-0.5983516452371672,-1.5818181818181822,2.213983460663587,0.18416193181818652,1.8992291284965817,2.2996185524561437
0,저위험군,마포구,연남동,스테이콤마,37.55880178,126.92051432,192976.95815072724,451033.3609115207,35.15132024734978,1995,0.4735,18,88.9,1.1641748754353711,0.4113,0.7,0,4,3.713572066704308,,-7.105427357601002e-15,28.809715896526725,3.054974155281459e+16,74.0,1.6680085795735924e-15,1.7359767029818136,182.0,1.8968557008132183,2382454981395872.0,184.0,0.6072991995971325,881605926415621.2,212.0,1.6961315839041953,1965855874904187.2,172.0,1.9164500371977498,3037982480848246.0,204.0,5.16165259119367,5265065914501884.0,146.0,5.0836864503645245,4923009860978648.0,142.0,2.6436263598660292,3292096307314388.5,178.0,0.08318125907001066,61327642163993.945,116.0,1.2108168087525666,930123027162494.1,110.0,0.26665249206287317,4.447786445255517e-16,1.0285488617259548,1.951008771929824,-0.21217798338281915,-0.12885551948051976,0.6622770907451836,1.1233090909090908,0.14268958335807166,0.2734574573343079,0.6473613801818868,3.3414545454545466,0.4885681477364085,2.4837272727272732,-0.5983516452371672,-1.581818181818182,-0.22797284380917002,-0.018963068181817647,-0.9098948826011862,-1.1017160180514596
0,저위험군,중구,황학동,크리스티,37.56321444,127.02188987,201933.98854787045,451520.36972642265,32.3362354779178,1960,0.2626,47,95.7,0.814569172846422,0.1922,0.85,0,3,7.540340023292085,,7.105427357601002e-15,28.809715896526708,2.705380617969978e+16,74.0,-4.553358679768452e-16,-0.46713375475385877,182.0,1.8968557008132163,2249034915257843.2,184.0,0.6072991995971315,855301636222561.9,212.0,1.6961315839041953,2136182410286816.0,172.0,1.9164500371977502,2944916599584185.5,204.0,5.161652591193667,5733844248352322.0,146.0,5.0836864503645245,5458759486723610.0,142.0,2.643626359866028,3075139388141904.5,178.0,0.08318125907001528,78852977369978.14,116.0,1.2108168087525637,1062623542393949.9,110.0,-1.6504569279970416,7.515122378679304e-16,-0.3124861990377324,-0.592741228070176,1.9196260071406233,1.165787337662338,0.9429156947999067,1.5993090909090906,-0.29829736349142677,-0.5716719933591357,-0.48457583632797313,-2.5012121212121206,0.9016542065450553,4.583727272727274,-0.5983516452371672,-1.5818181818181813,-0.41581563646092057,-0.03458806818181912,1.2055725211129924,1.459727472733816
0,저위험군,중구,남창동,소시 스테이,37.55367274,126.9766149,197933.6431367745,450461.3860081238,30.910840113351124,1964,0.2337,25,56.0,0.5309605321750466,0.4658,0.7,0,3,4.812184355372417,,3.552713678800501e-15,28.80971589652671,2.821954863347967e+16,74.0,9.424048941966697e-17,0.09802366529036698,182.0,1.896855700813217,2426697357544544.0,184.0,0.6072991995971322,875350050499699.4,212.0,1.6961315839041948,2153133068791079.2,172.0,1.9164500371977495,3106565188611325.5,204.0,5.161652591193668,5588291925874274.0,146.0,5.083686450364523,5131698943240874.0,142.0,2.6436263598660292,3272548567143427.5,178.0,0.08318125907001493,78711252574170.72,116.0,1.210816808752564,1089844836120056.2,110.0,-1.4313587085616228,-1.348919452299498e-16,-0.4962506051831595,-0.9413157894736851,0.3023953936400808,0.18364448051948076,-0.6955185082842861,-1.179690909090909,-0.6560366898915325,-1.257261538745716,0.9289249506966626,4.794787878787879,0.4885681477364085,2.4837272727272723,-0.5983516452371672,-1.581818181818182,-0.41581563646092057,-0.03458806818181898,-0.30257337464397716,-0.36636092789991437
0,저위험군,종로구,숭인동,메트로 21(Metro 21),37.57022964,127.0193705,201711.23958558805,452298.9259571412,35.014155393658555,1960,0.3014,48,68.8,1.7464169632964817,0.4729,0.55,0,1,5.361479941505677,,0.0,28.80971589652671,2.818182089520172e+16,74.0,-4.485104224044562e-16,-0.4553766914264498,182.0,1.8968557008132172,2185076725384520.2,184.0,0.6072991995971316,852741288715101.9,212.0,1.6961315839041953,2065552555674276.8,172.0,1.9164500371977498,2918878037710089.5,204.0,5.161652591193668,5723266218335961.0,146.0,5.083686450364523,5389713597002800.0,142.0,2.6436263598660292,3023163947491677.5,178.0,0.08318125907001524,79142013822093.0,116.0,1.210816808752563,1067920363136038.6,110.0,-1.6504569279970416,7.402471339363143e-16,-0.06577135618504829,-0.1247587719298255,1.9931364895724661,1.2104301948051954,-0.16725760653421906,-0.28369090909090966,0.877120282719509,1.6809571984447038,0.9656057094242756,4.984121212121212,0.07548208892776191,0.3837272727272732,-0.5983516452371672,-1.581818181818182,-0.7915012217644217,-0.06583806818181995,0.0010815426782437181,0.001309550054200759
0,저위험군,중구,신당동,한일여관,37.56128515,127.00965172,200852.75961905625,451306.0598447155,45.527025661517015,1955,0.2864,35,88.6,0.3671042402357181,0.9051,0.7,0,1,4.75960653929251,,0.0,28.80971589652672,2.715381342675679e+16,74.0,-3.734563834746911e-16,-0.3800856690815895,182.0,1.8968557008132174,2218914456108434.0,184.0,0.607299199597132,857278105413829.9,212.0,1.696131583904195,2113995671931780.5,172.0,1.91645003719775,2964775189772447.5,204.0,5.1616525911936675,5765333355061080.0,146.0,5.0836864503645245,5434547386248584.0,142.0,2.64362635986603,3036826537238853.5,178.0,0.08318125907001522,79418205767635.72,116.0,1.2108168087525635,1076456393817161.4,110.0,-1.924329702291315,7.186532112306436e-16,-0.1611508057414984,-0.3056798245614046,1.037500217958509,0.6300730519480525,0.6498959758604159,1.1023090909090898,-0.86272235139335,-1.653364282419116,3.1984823181671396,16.509454545454545,0.4885681477364085,2.4837272727272732,-0.5983516452371672,-1.5818181818181827,-0.7915012217644217,-0.06583806818181993,-0.3316388046196949,-0.4015538390681339
0,저위험군,마포구,서교동,어울림,37.5463058,126.9196529,192899.6610698747,449646.521106498,38.157278592269904,1992,0.2539,31,100.0,1.0216512475319812,0.4165,1.0,0,5,4.143134726391533,,-1.4210854715202004e-14,28.809715896526722,3.0273475372484296e+16,74.0,1.934229357424904e-15,1.9866946900743587,182.0,1.896855700813219,2358461463257747.0,184.0,0.6072991995971324,877086678375447.8,212.0,1.6961315839041955,1962662771726116.0,172.0,1.916450037197749,3014911233156714.0,204.0,5.1616525911936675,5350803335481160.0,146.0,5.083686450364524,4953873450180529.0,142.0,2.6436263598660283,3224310501116669.0,178.0,0.08318125907000955,59487175438640.945,116.0,1.2108168087525664,930779960839067.5,110.0,0.10232882748630905,1.979274222348874e-16,-0.3678062797804733,-0.6976754385964926,0.7434582882311378,0.45150162337662414,1.1203783414815698,1.9003090909090905,-0.037087402708220835,-0.07107615429973772,0.6742261612218287,3.4801212121212113,1.3147402653537024,6.683727272727275,-0.5983516452371672,-1.5818181818181816,-0.04013005115741947,-0.003338068181818046,-0.6724292680852291,-0.814188660494781
0,저위험군,종로구,체부동,깐부스테이 서울,37.57441728,126.97049287,197393.41049189787,452763.9383297276,32.58481427534568,1994,0.5007,5,80.0,0.1757084009022373,0.413,0.25,1,3,5.160605820672551,,-7.105427357601002e-15,28.809715896526722,2.4797029480333136e+16,74.0,2.0471972396147433e-16,0.2166932294131311,182.0,1.896855700813218,2492048795328667.5,184.0,0.6072991995971317,863058360217717.8,212.0,1.696131583904195,2192068132931780.0,172.0,1.91645003719775,3074502788504827.5,204.0,5.161652591193667,5559896107995970.0,146.0,5.083686450364523,5238018399694691.0,142.0,2.6436263598660283,3378019000761503.0,178.0,0.08318125907001493,76920484048950.84,116.0,1.2108168087525635,1074320551884172.8,110.0,0.21187793720401846,4.337559281793325e-17,1.2015035969216512,2.279078947368421,-1.167814254996776,-0.7092126623376628,0.2949706824970898,0.5003090909090904,-1.1041459500427295,-2.116040547031134,0.6561440970603293,3.386787878787877,-0.7506900286895318,-3.816272727272728,1.6712580435934672,4.418181818181818,-0.41581563646092057,-0.03458806818181898,-0.10996325013201376,-0.13314535160490482
0,저위험군,중구,광희동,케이 게스트하우스 동대문프리미엄점,37.56094517,127.00596078,200526.6559303137,451268.29899532616,25.20681726943043,2008,0.3873,32,81.2,2.688099414682861,0.1237,0.18,0,13,6.901737206656574,,0.0,28.809715896526715,2.683522304031916e+16,74.0,-3.3295607711088135e-16,-0.33992496642588843,182.0,1.8968557008132176,2257071690190021.5,184.0,0.6072991995971319,857608996472411.2,212.0,1.6961315839041953,2100409718335571.2,172.0,1.9164500371977509,3005158046879305.5,204.0,5.161652591193668,5775588222429515.0,146.0,5.0836864503645245,5423249642911088.0,142.0,2.6436263598660283,3014421858010746.5,178.0,0.0831812590700152,79565728985328.14,116.0,1.2108168087525635,1083164400054971.9,110.0,0.9787217052279844,-3.2587133955598206e-16,0.4804349582748887,0.911315789473683,0.8169687706629807,0.49614448051948096,0.3444951420361587,0.5843090909090906,2.0649432102730865,3.9573604921390997,-0.8384676634887464,-4.327878787878788,-0.9434635228002337,-4.79627272727273,-0.5983516452371672,-1.5818181818181816,1.462612290056585,0.121661931818185,0.852547864839586,1.0322792850138793
0,저위험군,종로구,관수동,THE EXTAY LOUNGE,37.56665459,126.98850671,198984.60479649177,451902.022856804,24.036632666604508,2023,0.2744,21,90.5,0.8184642999558599,0.1022,0.55,0,13,6.818924065275521,,0.0,28.80971589652671,2.794108869088849e+16,74.0,-1.3358017679718029e-16,-0.13796436530264597,182.0,1.896855700813217,2358678823865759.5,184.0,0.6072991995971317,861414574364033.2,212.0,1.696131583904195,2150196872110000.5,172.0,1.9164500371977498,3069824998217418.5,204.0,5.1616525911936675,5802467674285339.0,146.0,5.083686450364523,5362186287911499.0,142.0,2.643626359866029,3206876641473586.0,178.0,0.08318125907001515,79593692762922.61,116.0,1.2108168087525633,1094683149843465.0,110.0,1.800340028110805,-2.404897392500819e-16,-0.23745436538665848,-0.45041666666666774,0.008353463912709391,0.005073051948051938,0.7283097034639417,1.23530909090909,-0.29338411351048665,-0.562255995250401,-0.9495432004808139,-4.901212121212121,0.07548208892776191,0.3837272727272732,-0.5983516452371672,-1.5818181818181818,1.462612290056585,0.12166193181818495,0.8067681093963,0.9768483876225668
0,저위험군,강남구,역삼동,헥사 스테이 역삼,37.49957541,127.03254024,202877.4015074156,444457.4969079696,18.592940986190232,1991,0.412,3,0.0,1.4996230464268938,0.4183,0.0,0,3,3.555348061489413,,1.0658141036401503e-14,28.809715896526708,2.773351891423544e+16,74.0,-3.7233136063703883e-16,-0.39925579170009623,182.0,1.896855700813217,2301353236530579.5,184.0,0.6072991995971319,857445065609886.9,212.0,1.6961315839041953,2194654119391812.2,172.0,1.9164500371977509,2877893512236236.0,204.0,5.161652591193669,5287164745967142.0,146.0,5.0836864503645245,5225894203393805.0,142.0,2.643626359866029,3129731219972709.0,178.0,0.08318125907001309,72132884183457.03,116.0,1.210816808752564,1148272540796957.8,110.0,0.04755427262745433,-1.7705947031484765e-17,0.6374931185445097,1.2092324561403491,-1.3148352198604618,-0.7984983766233773,-3.00665995344083,-5.099690909090909,0.5658184501252354,1.084362789789681,0.6835255085048856,3.528121212121213,-1.4391667933706098,-7.316272727272731,-0.5983516452371672,-1.5818181818181818,-0.41581563646092057,-0.03458806818181821,-0.9973623562798545,-1.2076231054007112
0,저위험군,종로구,숭인동,스테이지니,37.57532974,127.02160786,201908.76353115813,452865.0210445784,33.70955238184129,1989,0.1266,19,68.4,0.4452143624999656,0.5574,0.85,0,4,3.5263605246161616,,7.105427357601002e-15,28.809715896526715,2.7786206467300908e+16,74.0,-4.693768809109554e-16,-0.4743736009262585,182.0,1.896855700813216,2164529253219147.2,184.0,0.6072991995971315,850507184952274.9,212.0,1.6961315839041948,2057382345776736.5,172.0,1.91645003719775,2910674328351027.0,204.0,5.161652591193667,5699109424803875.0,146.0,5.0836864503645245,5354506842452065.0,142.0,2.6436263598660283,2993089346860725.0,178.0,0.08318125907001522,79175626687046.88,116.0,1.2108168087525626,1069777096379724.0,110.0,-0.06199483709025508,2.9098943266006736e-17,-1.1772598750162127,-2.2330921052631574,-0.1386675009509763,-0.08421266233766238,-0.18376575971390832,-0.311690909090909,-0.7641955136436491,-1.464542520548725,1.4021584013233317,7.237454545454544,0.9016542065450553,4.583727272727274,-0.5983516452371672,-1.5818181818181816,-0.22797284380917002,-0.018963068181818688,-1.0133868944972189,-1.2270258856267924
0,저위험군,종로구,행촌동,Sunrise Inwang House,37.57140704,126.96061637,196520.803964489,452430.15640044806,25.165341337015267,1997,0.5823,11,72.7,0.6931471805599453,0.4077,0.08,0,5,3.784189633918261,,-1.0658141036401503e-14,28.80971589652672,2.240543606690371e+16,74.0,3.966233401728575e-16,0.42151959248399623,182.0,1.8968557008132176,2501355797471149.0,184.0,0.6072991995971323,873189308463560.8,212.0,1.6961315839041948,2197856498672349.8,172.0,1.9164500371977502,3043841510835310.0,204.0,5.161652591193669,5439266140693564.0,146.0,5.083686450364522,5292343165680173.0,142.0,2.6436263598660292,3408399557884671.0,178.0,0.08318125907001446,74941725542277.4,116.0,1.2108168087525641,1046764904374350.5,110.0,0.3762016017805826,1.4921033587659388e-16,1.7203678025087394,3.26328947368421,-0.7267513604057191,-0.4413555194805202,-0.0063031130322452516,-0.010690909090909312,-0.45145708961223663,-0.865194956180559,0.6287626856157733,3.245454545454547,-1.218854228672665,-6.196272727272727,-0.5983516452371672,-1.581818181818182,-0.04013005115741947,-0.0033380681818182428,-0.8708569364112325,-1.0544482166254832
0,저위험군,강남구,역삼동,강남미인,37.50155579,127.02552273,202256.81193001944,444677.1020380099,18.156516991791342,2002,0.5739,8,50.0,1.9696266756726293,0.1322,0.0,0,5,4.07753744390572,,0.0,28.80971589652672,2.7772541749616876e+16,74.0,-3.5055518329503463e-16,-0.3771676138800053,182.0,1.8968557008132172,2278565155030035.5,184.0,0.6072991995971321,861040007291783.0,212.0,1.696131583904195,2191318252667421.5,172.0,1.9164500371977502,2888993448954061.0,204.0,5.161652591193668,5324825302719855.0,146.0,5.083686450364523,5245168310373873.0,142.0,2.6436263598660297,3132657569228987.5,178.0,0.0831812590700133,71737442648256.06,116.0,1.210816808752565,1130600590590910.8,110.0,0.6500743760748561,-2.2788694206032645e-16,1.6669553107571269,3.1619736842105244,-0.9472828077012476,-0.5752840909090917,-0.9431408059796301,-1.599690909090909,1.1586733833668539,2.22053964865345,-0.7945540790965336,-4.1012121212121215,-1.4391667933706098,-7.316272727272728,-0.5983516452371672,-1.5818181818181822,-0.04013005115741947,-0.003338068181818196,-0.7086919614194506,-0.8580961391144951
0,저위험군,마포구,동교동,머뭄,37.55362667,126.92883884,193712.04524955465,450458.3957639757,31.31336078103902,1993,0.2626,19,84.2,0.2209188562920986,0.4148,0.35,1,4,3.828641396489095,,0.0,28.80971589652672,2.992644824280562e+16,74.0,1.5751207019564974e-15,1.6411690777297145,182.0,1.8968557008132194,2384819080305914.5,184.0,0.6072991995971323,881849198927912.8,212.0,1.6961315839041955,1979925992651052.2,172.0,1.9164500371977498,3042974634859728.5,204.0,5.161652591193668,5398422341154501.0,146.0,5.083686450364524,5060361532161950.0,142.0,2.6436263598660292,3272981648944516.0,178.0,0.08318125907001088,61442641505554.32,116.0,1.2108168087525664,943625403757014.6,110.0,0.15710338234516374,2.474567898792543e-16,-0.3124861990377324,-0.592741228070177,-0.1386675009509763,-0.08421266233766249,0.4683062908838307,0.7943090909090906,-1.0471182169697033,-2.006749745862029,0.6654434443433862,3.434787878787879,-0.4752993228171007,-2.4162727272727285,1.6712580435934672,4.418181818181819,-0.22797284380917002,-0.018963068181817696,-0.8462836526838097,-1.0246944716420756
0,저위험군,마포구,동교동,땡스땡스,37.55257054,126.93099306,193902.31078786496,450341.0360308066,28.7393641004026,1991,0.1761,4,75.0,0.4786467254017555,0.4183,0.7,0,4,4.07753744390572,,1.0658141036401503e-14,28.80971589652671,2.982988656359891e+16,74.0,1.5338123256342832e-15,1.5997083087248516,182.0,1.896855700813218,2386553665583912.0,184.0,0.6072991995971323,881910484983084.0,212.0,1.6961315839041955,1986648022228497.5,172.0,1.9164500371977498,3044754337985265.5,204.0,5.161652591193669,5435601389276510.0,146.0,5.083686450364524,5093175804071153.0,142.0,2.6436263598660292,3265483361979693.5,178.0,0.08318125907001112,63052998616436.0,116.0,1.2108168087525664,944019432658146.4,110.0,0.04755427262745433,7.293932949256247e-17,-0.8625076914799275,-1.6360526315789488,-1.241324737428619,-0.7538555194805207,0.08861876775096983,0.1503090909090905,-0.7220244748623991,-1.3837238317077305,0.6835255085048856,3.528121212121213,0.4885681477364085,2.483727272727273,-0.5983516452371672,-1.581818181818182,-0.22797284380917002,-0.01896306818181775,-0.7086919614194506,-0.858096139114496
0,저위험군,마포구,연남동,파크애비뉴2,37.55972368,126.92220487,193126.41320735167,451135.5559418044,33.64052489155608,2014,0.548,16,100.0,0.9767224710590728,0.115,1.0,0,4,5.293304824724492,,1.4210854715202004e-14,28.809715896526715,3.0573911038769584e+16,74.0,1.6085845254148316e-15,1.679541170792907,182.0,1.8968557008132185,2392159532429016.0,184.0,0.6072991995971325,882108087474830.8,212.0,1.6961315839041948,1966083359166456.5,172.0,1.9164500371977495,3046666853217056.0,204.0,5.161652591193668,5286644896816603.0,146.0,5.083686450364524,4933958146027310.0,142.0,2.6436263598660297,3288967064436711.0,178.0,0.0831812590700109,61837009587337.19,116.0,1.2108168087525664,933702814311956.8,110.0,1.3073690343811126,2.1030135977119886e-15,1.5022667945229904,2.8495833333333342,-0.35919894824650483,-0.2181412337662342,1.1203783414815698,1.9003090909090898,-0.09375983057695815,-0.17968603079686615,-0.8834145086901878,-4.559878787878789,1.3147402653537024,6.683727272727275,-0.5983516452371672,-1.5818181818181822,-0.22797284380917002,-0.0189630681818177,-0.03660619771550698,-0.044323399498455644
0,저위험군,강서구,화곡동,웨일로 서울김포공항점,37.54617445,126.84693425,186473.4277409096,449639.91968936496,30.285602262803856,1986,0.1457,31,51.6,2.019149311423716,0.1551,1.0,0,5,6.205890207802469,,-3.552713678800501e-15,28.809715896526715,2.8367473762981604e+16,74.0,2.547217643623166e-15,2.376140809947425,182.0,1.8968557008132183,2256401506017674.0,184.0,0.6072991995971325,853169860588083.6,212.0,1.6961315839041962,1866683765973777.5,172.0,1.9164500371977498,2831492633268205.5,204.0,5.161652591193668,5082455601970277.0,146.0,5.083686450364524,4756496654877397.0,142.0,2.64362635986603,3082527563147399.5,178.0,0.08318125907000964,52661669838516.85,116.0,1.2108168087525675,873434788879195.6,110.0,-0.22631850166681922,-5.764824805240808e-16,-1.0558100425809995,-2.0027192982456157,0.7434582882311378,0.45150162337662425,-0.8771081932608716,-1.48769090909091,1.2211404306091826,2.340254623664644,-0.6762457164398665,-3.490545454545456,1.3147402653537024,6.683727272727275,-0.5983516452371672,-1.5818181818181827,-0.04013005115741947,-0.00333806818181805,0.4678781747126789,0.5665147583905821
0,저위험군,강서구,화곡동,소담스레,37.52736614,126.86141654,187750.16649328027,447550.44148450095,23.680412253796625,1989,0.4552,21,95.2,0.0,0.4218,0.04,0,4,3.6375861597263857,,-3.552713678800501e-15,28.80971589652672,2.781574192231307e+16,74.0,2.7011581967194795e-15,2.49844381850544,182.0,1.8968557008132183,2248228885755356.5,184.0,0.6072991995971324,843459867078174.4,212.0,1.6961315839041964,1866344394964983.0,172.0,1.91645003719775,2800318275489637.5,204.0,5.161652591193668,5124213034247476.0,146.0,5.083686450364525,4776170514731812.0,142.0,2.6436263598660292,3082623720984658.0,178.0,0.08318125907000923,52932971279847.24,116.0,1.2108168087525677,875507554719108.2,110.0,-0.06199483709025508,-1.674578623606313e-16,0.912185933267086,1.730285087719298,0.008353463912709391,0.005073051948051943,0.9222805033252947,1.5643090909090915,-1.3257816690137925,-2.5407943288975776,0.701607572666385,3.621454545454546,-1.3290105110216375,-6.756272727272732,-0.5983516452371672,-1.581818181818182,-0.22797284380917002,-0.01896306818181732,-0.9519004892062924,-1.1525771125907711
0,저위험군,송파구,석촌동,호제하우스,37.50361834,127.10288253,209096.9956863972,444910.68489006994,31.95233696191593,1996,0.4028,6,100.0,1.0266387890430206,0.4095,0.12,1,4,3.58351893845611,,-3.552713678800501e-15,28.809715896526722,2.5258891829708908e+16,74.0,-4.557717021663152e-16,-0.48058670329553044,182.0,1.8968557008132172,2343920516206743.0,184.0,0.6072991995971317,834152478104992.8,212.0,1.6961315839041944,2214288233275737.5,172.0,1.9164500371977509,2856467604523605.5,204.0,5.161652591193669,5096802870947114.0,146.0,5.083686450364525,5018390196623813.0,142.0,2.643626359866029,3140519373279507.0,178.0,0.08318125907001243,72958980958495.12,116.0,1.2108168087525633,1160536416514251.2,110.0,0.32142704692172785,-1.4649735229780797e-16,0.5789937228165538,1.0982675438596479,-1.0943037725649334,-0.6645698051948058,1.1203783414815698,1.9003090909090894,-0.030796198969406503,-0.05901937666046843,0.6380620328988299,3.2934545454545456,-1.1086979463236926,-5.636272727272732,1.6712580435934672,4.418181818181819,-0.22797284380917002,-0.01896306818181805,-0.981789274077549,-1.1887669557060736
0,저위험군,중구,오장동,글로리 인(Glory Inn),37.56233361,127.00129083,200114.04726538985,451422.38353190327,27.975625313838915,1965,0.3287,23,56.5,0.3794896217049037,0.1851,0.45,1,1,6.838008551988941,,3.552713678800501e-15,28.80971589652672,2.789304059206296e+16,74.0,-2.8860729960816526e-16,-0.29485923879616943,182.0,1.8968557008132174,2278319564250796.0,184.0,0.6072991995971316,856920446477826.0,212.0,1.6961315839041946,2073697091008347.5,172.0,1.9164500371977495,3018884533886280.5,204.0,5.161652591193669,5780673069298066.0,146.0,5.083686450364523,5401537635843363.0,142.0,2.6436263598660297,3051785227359803.5,178.0,0.0831812590700152,79616596027912.5,116.0,1.2108168087525637,1090357649863670.5,110.0,-1.376584153702768,3.972922352835474e-16,0.1078192420076907,0.20451754385964804,0.15537442877639507,0.09435876623376627,-0.6748833168096741,-1.1446909090909088,-0.8470996326584548,-1.6234241225184955,-0.5212565950555863,-2.690545454545456,-0.1999086169446694,-1.0162727272727274,1.6712580435934672,4.41818181818182,-0.7915012217644217,-0.06583806818181992,0.8173181636501397,0.9896225706463677
0,저위험군,송파구,잠실동,더하리 하우스,37.502375,127.086732,207669.07347372448,444771.2515383132,19.49659755275906,1991,0.378,11,72.7,0.2592825979300829,0.148,0.08,1,5,1.9459101490553128,,0.0,28.809715896526715,2.631327717877853e+16,74.0,-4.503484017964892e-16,-0.476729157171283,182.0,1.8968557008132179,2349633890782207.0,184.0,0.6072991995971316,838263377736434.6,212.0,1.6961315839041953,2222684232592683.0,172.0,1.9164500371977506,2863411693662437.0,204.0,5.161652591193668,5162554836171378.0,146.0,5.083686450364521,5025526925162453.0,142.0,2.643626359866029,3148731781204707.5,178.0,0.08318125907001252,73187384249156.56,116.0,1.2108168087525633,1172323565211276.0,110.0,0.04755427262745433,-2.1415990676368594e-17,0.42129969954988983,0.7991447368421044,-0.7267513604057191,-0.44135551948051976,-0.0063031130322452516,-0.010690909090909313,-0.9987268172603313,-1.914010046088953,-0.7129264751674794,-3.6798787878787884,-1.218854228672665,-6.196272727272726,1.6712580435934672,4.418181818181819,-0.04013005115741947,-0.0033380681818181647,-1.8870722839996483,-2.2848988407978648
0,저위험군,종로구,동숭동,자갈자갈집,37.58075611,127.00367155,200324.30847571965,453467.07260464417,29.92750199196012,1991,0.1086,17,64.7,0.4364273337121312,0.4183,0.85,0,3,4.31748811353631,,3.552713678800501e-15,28.80971589652671,2.6841387407855296e+16,74.0,-2.8876250435490103e-16,-0.2954259667289425,182.0,1.8968557008132165,2292852969939950.5,184.0,0.6072991995971315,847044761620465.5,212.0,1.6961315839041946,2080712523108329.0,172.0,1.9164500371977502,2987974153592211.5,204.0,5.161652591193667,5739194422910202.0,146.0,5.08368645036452,5310975744473415.0,142.0,2.643626359866028,3048133219617524.5,178.0,0.08318125907001518,79409790682228.02,116.0,1.2108168087525635,1086619822830870.1,110.0,0.04755427262745433,-1.3731890856679433e-17,-1.2917152144839525,-2.450197368421052,-0.285688465814662,-0.17349837662337672,-0.33646617662603723,-0.570690909090909,-0.775279328834106,-1.4857840985827693,0.6835255085048856,3.5281212121212113,0.9016542065450553,4.583727272727271,-0.5983516452371672,-1.5818181818181813,-0.41581563646092057,-0.03458806818181909,-0.5760453453033473,-0.6974853866969675
0,저위험군,강남구,삼성동,더 헤이븐,37.50335065,127.05122781,204529.63959192703,444877.235118706,31.99076003654646,2023,0.4735,19,78.9,2.4191327980424364,0.1022,0.45,1,15,3.7612001156935615,,3.552713678800501e-15,28.80971589652672,2.813896314976559e+16,74.0,-4.306353446376014e-16,-0.46204194403825144,182.0,1.8968557008132174,2356797870138856.0,184.0,0.6072991995971319,850545586520721.2,212.0,1.6961315839041944,2242462613579933.5,172.0,1.9164500371977502,2891982255004139.0,204.0,5.16165259119367,5316835953590195.0,146.0,5.083686450364524,5170128884596508.0,142.0,2.643626359866029,3181907718897076.5,178.0,0.08318125907001271,72868470579994.12,116.0,1.2108168087525641,1167813796716737.0,110.0,1.800340028110805,-7.752900484703656e-16,1.0285488617259548,1.951008771929823,-0.1386675009509763,-0.08421266233766242,0.24957326125294366,0.42330909090909064,1.7256730948306112,3.3071662667792814,-0.9495432004808139,-4.901212121212123,-0.1999086169446694,-1.0162727272727277,1.6712580435934672,4.418181818181819,1.8382978753600858,0.15291193181818125,-0.8835657227769493,-1.0698362287759386
0,저위험군,마포구,염리동,스테이 윤슬,37.55339312,126.94713218,195328.47009009143,450431.4081366971,25.556910306701468,1975,0.5037,10,0.0,0.2754119798599665,0.4465,0.55,0,4,3.610917912644224,,3.552713678800501e-15,28.809715896526715,2.6922313531251772e+16,74.0,9.560636225943114e-16,1.0151040752805174,182.0,1.8968557008132185,2476095094462593.0,184.0,0.6072991995971319,882182707510500.8,212.0,1.6961315839041944,2093227316326512.8,172.0,1.91645003719775,3056217111514738.5,204.0,5.161652591193668,5466327573819177.0,146.0,5.083686450364525,5310122095549764.0,142.0,2.643626359866029,3373269290687642.5,178.0,0.0831812590700129,69256690939613.74,116.0,1.2108168087525657,999429046254887.9,110.0,-0.828838605114221,-7.924224393515181e-16,1.2205794868329414,2.3152631578947376,-0.8002618428375619,-0.485998376623377,-3.00665995344083,-5.099690909090906,-0.9783814772411159,-1.8750192184523262,0.829215282606109,4.280121212121212,0.07548208892776191,0.3837272727272734,-0.5983516452371672,-1.5818181818181818,-0.22797284380917002,-0.018963068181818157,-0.9666429057981815,-1.1704274784018611
0,저위험군,중구,충무로4가,호텔 시에프,37.55944336,126.99292566,199374.9445714908,451101.6226727022,27.320184478573545,1981,0.1361,17,76.5,0.0988458346366326,0.1623,1.0,0,6,6.90335561463745,,-1.0658141036401503e-14,28.80971589652673,2.846748898465382e+16,74.0,-1.953365972966852e-16,-0.2005339034981341,182.0,1.8968557008132167,2303143428049931.5,184.0,0.6072991995971322,859550913956407.1,212.0,1.6961315839041955,2119007515859553.2,172.0,1.9164500371977502,3088931112698170.5,204.0,5.161652591193669,5786415559789819.0,146.0,5.083686450364524,5391010220280477.0,142.0,2.6436263598660292,3121810872070277.0,178.0,0.08318125907001517,79741099200136.55,116.0,1.2108168087525635,1094786932784884.0,110.0,-0.5001912759610927,9.770566184372711e-17,-1.1168528902971275,-2.1185087719298243,-0.285688465814662,-0.1734983766233769,0.15052434217480581,0.2553090909090905,-1.201099140947453,-2.301846493346932,-0.6390483273076392,-3.298545454545456,1.3147402653537024,6.683727272727275,-0.5983516452371672,-1.581818181818182,0.14771274149433108,0.012286931818182134,0.8534425334916423,1.0333625648560532
0,저위험군,영등포구,신길동,서울에어비앤비 써클스테이,37.49711233,126.90770866,191838.7820853302,444187.630752662,27.92033461022632,1970,0.1433,24,87.5,0.7081850579244858,0.178,0.85,0,1,6.480949060719721,,7.105427357601002e-15,28.809715896526715,2.059829108109474e+16,74.0,2.7988472152082765e-15,2.7111228266049743,182.0,1.896855700813218,2393378121394039.5,184.0,0.6072991995971329,812729712953451.4,212.0,1.6961315839041973,1887080066326083.5,172.0,1.9164500371977498,2810885657261191.0,204.0,5.161652591193669,4968152811309317.0,146.0,5.083686450364525,5020049478323512.0,142.0,2.6436263598660297,3149216130047241.5,178.0,0.08318125907000831,52040440078716.31,116.0,1.2108168087525675,896033815616510.4,110.0,-1.1027113794084946,-3.0863206734359423e-15,-1.0710707545100315,-2.031666666666668,0.22888491120823792,0.13900162337662372,0.6044985546162698,1.0253090909090916,-0.4324885556982377,-0.8288427086554887,-0.5579373537831992,-2.879878787878789,0.9016542065450553,4.583727272727275,-0.5983516452371672,-1.5818181818181822,-0.7915012217644217,-0.06583806818181447,0.6199328704900271,0.7506251398875533
0,저위험군,종로구,숭인동,리치하우스,37.57503345,127.02147399,201896.94543453708,452832.133563979,28.611280344676025,1970,0.1384,14,64.3,1.0521904518168606,0.4553,0.08,1,1,5.546036450428288,,-1.0658141036401503e-14,28.80971589652671,2.7830728348126464e+16,74.0,-4.681226343125323e-16,-0.4732355816245273,182.0,1.896855700813216,2165653464313046.5,184.0,0.6072991995971317,850635064291236.1,212.0,1.6961315839041948,2057136113335271.5,172.0,1.9164500371977504,2911128594768279.5,204.0,5.161652591193669,5700691417227736.0,146.0,5.083686450364523,5357012143128084.0,142.0,2.64362635986603,2994732191221989.5,178.0,0.08318125907001522,79174332588892.69,116.0,1.2108168087525633,1069694459865816.8,110.0,-1.1027113794084946,5.162041558151108e-16,-1.1022280413651386,-2.0907675438596485,-0.5062199131101905,-0.3074269480519483,-0.35297432980572707,-0.5986909090909095,0.0014342528513751674,0.002748673930368919,0.8746787582121645,4.51478787878788,-1.218854228672665,-6.196272727272728,1.6712580435934672,4.418181818181821,-0.7915012217644217,-0.06583806818181993,0.10310583137255976,0.12484227370630273
0,저위험군,마포구,동교동,조이스테이,37.55647455,126.92175046,193085.9636076172,450774.9743154603,26.78838238423916,1994,0.3966,16,68.8,1.686913224602391,0.413,0.18,0,4,3.7612001156935615,,0.0,28.80971589652672,3.0372588830421772e+16,74.0,1.692056142599793e-15,1.7574741705216967,182.0,1.8968557008132185,2375496550799296.0,184.0,0.6072991995971323,881286542516627.8,212.0,1.6961315839041953,1970085393420734.0,172.0,1.9164500371977498,3032518047567539.0,204.0,5.161652591193668,5309140067860807.0,146.0,5.083686450364525,4940329952250169.0,142.0,2.643626359866029,3292500756064499.5,178.0,0.08318125907001064,62012547442201.516,116.0,1.2108168087525661,930221772659579.5,110.0,0.21187793720401846,3.5850936512743264e-16,0.5395702169998879,1.0234868421052628,-0.35919894824650483,-0.21814123376623412,-0.16725760653421906,-0.28369090909090966,0.8020632345692115,1.537114115725113,0.6561440970603293,3.3867878787878785,-0.9434635228002337,-4.79627272727273,-0.5983516452371672,-1.5818181818181818,-0.22797284380917002,-0.018963068181817644,-0.8835657227769493,-1.0698362287759404
0,저위험군,송파구,송파동,하우두유두,37.50579683,127.10651167,209417.61500618927,445152.8263317123,14.98063717471467,2018,0.5156,5,40.0,0.655759648488325,0.1094,0.04,0,6,6.42267862023888,,-1.7763568394002505e-15,28.809715896526715,2.5062361686091468e+16,74.0,-4.603321775825099e-16,-0.48569885039528904,182.0,1.8968557008132179,2348672202025495.5,184.0,0.6072991995971316,833587101226794.4,212.0,1.6961315839041948,2217089929096013.2,172.0,1.9164500371977495,2859257507799837.5,204.0,5.161652591193668,5094018411741447.0,146.0,5.083686450364524,5042270364744479.0,142.0,2.6436263598660283,3147098571775315.0,178.0,0.0831812590700124,73226081327356.11,116.0,1.2108168087525637,1160373896319749.5,110.0,1.5264672538165314,-7.026819949577576e-16,1.2962471834810578,2.4587938596491217,-1.167814254996776,-0.7092126623376627,-1.35584463547187,-2.299690909090909,-0.49861711445281165,-0.9555747875405254,-0.9123458113485867,-4.709212121212122,-1.3290105110216375,-6.75627272727273,-0.5983516452371672,-1.5818181818181816,0.14771274149433108,0.012286931818181725,0.5877205130030576,0.7116218759927818
0,저위험군,성동구,도선동,파레스모텔,37.56045943,127.03446554,203045.1717976377,451214.9292223892,23.30766558611208,1987,0.1022,28,42.9,0.5713423066757419,0.1536,0.85,0,5,6.10065521834616,,7.105427357601002e-15,28.80971589652671,2.4534263547492868e+16,74.0,-5.275326821546967e-16,-0.5467526840518945,182.0,1.8968557008132163,2323844553337347.0,184.0,0.6072991995971317,854066004434536.2,212.0,1.6961315839041944,2220370803757914.2,172.0,1.9164500371977502,2976630152698130.5,204.0,5.161652591193668,5697546859199634.0,146.0,5.083686450364522,5554456569640305.0,142.0,2.6436263598660283,3150757935525056.0,178.0,0.08318125907001536,76560480317529.72,116.0,1.2108168087525628,1068658229222018.1,110.0,-0.1715439468079645,9.049503836700813e-17,-1.3324104462947046,-2.527390350877192,0.5229268409356093,0.31757305194805213,-1.2361605249191205,-2.0966909090909085,-0.6050997763527844,-1.159643488899644,-0.6839951725090805,-3.5305454545454555,0.9016542065450553,4.5837272727272715,-0.5983516452371672,-1.5818181818181816,-0.04013005115741947,-0.003338068181818279,0.4097034454240155,0.4960758183232362
0,저위험군,마포구,동교동,딸기핑크게스트하우스,37.55729396,126.92411014,193294.5355868357,450865.74815226096,22.191038780158145,2002,0.4947,4,50.0,0.8858315243894466,0.1322,0.12,1,4,4.262679877041316,,7.105427357601002e-15,28.809715896526715,3.0385206937484124e+16,74.0,1.6159942074045349e-15,1.6849854156660458,182.0,1.8968557008132185,2387280131640693.5,184.0,0.6072991995971321,881924299902597.5,212.0,1.696131583904195,1971312338113263.0,172.0,1.9164500371977495,3043557277591650.5,204.0,5.16165259119367,5318040284867298.0,146.0,5.0836864503645245,4971372558754524.0,142.0,2.6436263598660297,3288414382928172.0,178.0,0.08318125907001091,62388024626442.04,116.0,1.2108168087525666,935562399098297.1,110.0,0.6500743760748561,1.0505164261190846e-15,1.1633518170990709,2.2067105263157893,-1.241324737428619,-0.7538555194805204,-0.9431408059796301,-1.599690909090909,-0.20840819234932143,-0.3994038879801728,-0.7945540790965336,-4.101212121212123,-1.1086979463236926,-5.636272727272731,1.6712580435934672,4.41818181818182,-0.22797284380917002,-0.018963068181817703,-0.6063437692149979,-0.7341712276479064
0,저위험군,종로구,숭인동,헬로서울,37.57545495,127.01538984,201359.4828950539,452878.8097648438,28.6225545063198,1998,0.2744,58,84.5,0.2599823657629573,0.54,0.18,0,5,4.330733340286331,,7.105427357601002e-15,28.80971589652672,2.76895316951697e+16,74.0,-4.2992573901368696e-16,-0.43359315271043947,182.0,1.8968557008132165,2154611717076521.8,184.0,0.6072991995971319,850509347796669.0,212.0,1.6961315839041948,2058632354939429.8,172.0,1.9164500371977506,2894683690742597.5,204.0,5.161652591193668,5724394611846948.0,146.0,5.0836864503645245,5344641648994348.0,142.0,2.6436263598660297,2975101675758476.5,178.0,0.08318125907001518,79390932707425.66,116.0,1.2108168087525628,1075138975237672.5,110.0,0.4309761566394373,-1.8528774264048857e-16,-0.23745436538665848,-0.4504166666666677,2.7282413138908943,1.6568587662337675,0.4806874057685978,0.8153090909090902,-0.9978441414977863,-1.9123184420909902,1.3122647109204493,6.773454545454547,-0.9434635228002337,-4.79627272727273,-0.5983516452371672,-1.5818181818181822,-0.04013005115741947,-0.003338068181818272,-0.5687232798522044,-0.6886197067739368
0,저위험군,강남구,역삼동,녹스 부띠끄 관광호텔,37.49994832,127.03895645,203444.74383703343,444499.1005783833,21.936006005658268,2003,0.192,6,83.3,0.7884573603642702,0.1308,0.45,0,15,7.932688734172581,,-3.552713678800501e-15,28.80971589652672,2.801324233102291e+16,74.0,-3.9476603433901604e-16,-0.423104182928155,182.0,1.8968557008132165,2322428761079950.0,184.0,0.6072991995971319,854812692210121.8,212.0,1.6961315839041946,2211221218497228.2,172.0,1.9164500371977509,2879852433997660.0,204.0,5.161652591193669,5259630180857052.0,146.0,5.083686450364523,5190752900505638.0,142.0,2.643626359866029,3148641260623405.5,178.0,0.08318125907001296,72356960943764.06,116.0,1.2108168087525641,1161562538724929.0,110.0,0.7048489309337108,-2.7825041727279604e-16,-0.7614054749500905,-1.4442763157894738,-1.0943037725649334,-0.6645698051948059,0.4311629462295289,0.7313090909090899,-0.3312343790433429,-0.6347941380387885,-0.8017869047611335,-4.138545454545456,-0.1999086169446694,-1.0162727272727274,-0.5983516452371672,-1.5818181818181818,1.8382978753600858,0.1529119318181817,1.4224659722374908,1.7223457090637122
0,저위험군,강서구,등촌동,보아트래블홈(BoA travel home),37.55100642,126.86207553,187812.2651601558,450174.1399201616,27.08429588385121,2022,0.3564,26,96.2,0.4418327522790392,0.1036,0.85,0,4,4.204692619390966,,7.105427357601002e-15,28.809715896526708,3.0297705498254496e+16,74.0,2.4183901011444666e-15,2.310828370690597,182.0,1.8968557008132187,2280727784125442.5,184.0,0.6072991995971324,860653020411098.8,212.0,1.6961315839041964,1895727636427381.5,172.0,1.9164500371977486,2881556392221893.5,204.0,5.1616525911936675,5147872298325853.0,146.0,5.083686450364525,4833294544906809.0,142.0,2.64362635986603,3127795772870960.0,178.0,0.08318125907000959,54061335424438.56,116.0,1.2108168087525673,892646032695131.2,110.0,1.7455654732519503,4.221458261412073e-15,0.28395329218860177,0.5386184210526309,0.3759058760719236,0.22828733766233805,0.9635508862745187,1.6343090909090916,-0.7684610217738604,-1.4727171537635348,-0.9423103748162142,-4.863878787878788,0.9016542065450553,4.583727272727275,-0.5983516452371672,-1.5818181818181827,-0.22797284380917002,-0.018963068181817404,-0.6383995810075357,-0.7729849433845204
0,저위험군,마포구,연남동,로운하우스,37.56011826,126.92356657,193246.761809172,451179.25095227984,29.915229456826346,2002,0.5935,16,100.0,1.2532312429127286,0.1322,0.25,1,3,3.970291913552122,,-3.552713678800501e-15,28.80971589652672,3.054521150312273e+16,74.0,1.5673675617324913e-15,1.6396970872729382,182.0,1.8968557008132183,2398367425062136.5,184.0,0.6072991995971321,882403000417507.0,212.0,1.696131583904195,1966951683657709.5,172.0,1.9164500371977498,3049544324175628.5,204.0,5.161652591193668,5280154342947978.0,146.0,5.0836864503645245,4937582409442922.0,142.0,2.6436263598660297,3286613122687690.0,178.0,0.08318125907001107,62553334291351.65,116.0,1.2108168087525661,939679112280155.5,110.0,0.6500743760748561,1.0189054897732177e-15,1.7915844581775553,3.3983771929824567,-0.35919894824650483,-0.21814123376623407,1.1203783414815698,1.90030909090909,0.2550238367770496,0.4887404414776896,-0.7945540790965336,-4.1012121212121215,-0.7506900286895318,-3.8162727272727293,1.6712580435934672,4.41818181818182,-0.41581563646092057,-0.03458806818181737,-0.7679781335184177,-0.9298808328185226
0,저위험군,강남구,논현동,왈츠호텔,37.50276476,127.02527947,202235.2659608124,444811.2762830423,22.85260545221165,1990,0.5795,6,50.0,0.4265869331374468,0.1494,0.0,1,1,7.142866926072201,,0.0,28.809715896526715,2.773376832382519e+16,74.0,-3.5553524200632066e-16,-0.383224451439899,182.0,1.8968557008132174,2281451826398874.0,184.0,0.6072991995971321,861478867063030.6,212.0,1.6961315839041946,2205366708711010.5,172.0,1.9164500371977502,2896820241952010.5,204.0,5.161652591193671,5338804617195019.0,146.0,5.083686450364523,5257946760107949.0,142.0,2.6436263598660292,3145418107292166.5,178.0,0.0831812590700133,71856191253704.31,116.0,1.2108168087525644,1139330010069753.5,110.0,-0.007220282231400372,2.5670647904948683e-18,1.7025636385915353,3.229517543859648,-1.0943037725649334,-0.6645698051948061,-0.9431408059796301,-1.5996909090909088,-0.7876918500632242,-1.5095720753540307,-0.7056936495028796,-3.642545454545457,-1.4391667933706098,-7.316272727272728,1.6712580435934672,4.418181818181819,-0.7915012217644217,-0.06583806818181841,0.9858462689438546,1.1936792332832205
0,저위험군,강남구,삼성동,호텔페이토삼성,37.50570328,127.05792501,205121.655366983,445138.69019716926,32.32955480003877,1993,0.4244,14,50.0,1.7847907999119617,0.1451,0.45,1,24,8.879671463424636,,0.0,28.80971589652672,2.7796823345432104e+16,74.0,-4.451764236678718e-16,-0.4777236676643328,182.0,1.8968557008132176,2368966705598574.0,184.0,0.6072991995971319,848384081879703.2,212.0,1.6961315839041944,2254990057191142.0,172.0,1.9164500371977504,2897406244437321.5,204.0,5.161652591193668,5334323549582175.0,146.0,5.0836864503645245,5166665827006274.0,142.0,2.6436263598660306,3196111502447749.0,178.0,0.08318125907001263,72542200522732.7,116.0,1.2108168087525641,1180472192254400.5,110.0,0.15710338234516374,-6.993872189854627e-17,0.7163401301778419,1.3587938596491218,-0.5062199131101905,-0.30742694805194837,-0.9431408059796301,-1.5996909090909086,0.9255244160692977,1.7737213016034319,-0.7279087569012931,-3.7572121212121217,-0.1999086169446694,-1.0162727272727279,1.6712580435934672,4.4181818181818215,3.528883009225841,0.29353693181818047,1.9459654679841072,2.3562076978872066
0,저위험군,마포구,서교동,퀸 하우스,37.55306813,126.91804963,192758.6330061516,450397.180891037,31.209964626000904,1973,0.1683,11,63.6,1.2840155119994725,0.45,0.25,1,3,4.934473933130692,,-7.105427357601002e-15,28.80971589652672,3.036996201487939e+16,74.0,1.8355921868302195e-15,1.8928562586233828,182.0,1.8968557008132179,2351419591782190.0,184.0,0.6072991995971324,879414700469221.8,212.0,1.696131583904196,1969489436635346.5,172.0,1.9164500371977502,3013268679294982.0,204.0,5.161652591193669,5318645705220125.0,146.0,5.083686450364525,4918427694833124.0,142.0,2.6436263598660292,3282239926958189.0,178.0,0.08318125907000978,57921458843267.17,116.0,1.2108168087525668,929234483297212.1,110.0,-0.9383877148319304,-1.7224971575629556e-15,-0.9121050052492815,-1.7301315789473697,-0.7267513604057191,-0.4413555194805203,-0.3818635978701837,-0.6476909090909097,0.2938546130916969,0.5631576841903131,0.8472973467676084,4.373454545454547,-0.7506900286895318,-3.8162727272727297,1.6712580435934672,4.418181818181819,-0.41581563646092057,-0.03458806818181684,-0.23497073489775194,-0.2845065153791414
0,저위험군,종로구,낙원동,호텔 트래디업 B동,37.57052737,126.98790427,198931.43648656472,452331.8629203379,20.43165302511088,2003,0.1787,4,100.0,0.9494200556340344,0.264,0.08,0,8,6.326077914244196,,1.0658141036401503e-14,28.809715896526708,2.7441047349874372e+16,74.0,-1.2252013532537543e-16,-0.126766658628533,182.0,1.8968557008132172,2356045775984533.5,184.0,0.6072991995971319,860877068872063.6,212.0,1.696131583904195,2155286678148228.2,172.0,1.9164500371977504,3061548915487597.0,204.0,5.1616525911936675,5797029489376369.0,146.0,5.083686450364522,5350927297798594.0,142.0,2.6436263598660297,3227675272104201.5,178.0,0.08318125907001515,79512814852917.48,116.0,1.2108168087525635,1093490259668889.4,110.0,0.7048489309337108,-8.635818640194445e-17,-0.8459752535568095,-1.604692982456141,-1.241324737428619,-0.7538555194805201,1.1203783414815698,1.90030909090909,-0.12819865331567204,-0.2456863139155212,-0.11363520581492909,-0.5865454545454544,-1.218854228672665,-6.196272727272727,-0.5983516452371672,-1.5818181818181822,0.5233983267978322,0.04353693181818293,0.5343188834750028,0.6469622853454357
0,저위험군,용산구,이태원동,The Gracia,37.53666751,126.9872078,198869.39738847243,448573.8313264009,44.25447847910839,1993,0.3595,33,81.8,3.05123837968886,0.4148,1.0,0,4,5.880505053049674,,1.4210854715202004e-14,28.809715896526722,2.4739490056553244e+16,74.0,-4.957910059014997e-17,-0.05073150360523028,182.0,1.8968557008132174,2292419508570113.0,184.0,0.607299199597132,874172326255730.1,212.0,1.6961315839041946,2131165479001150.2,172.0,1.9164500371977504,3173930058602908.5,204.0,5.1616525911936675,5479630605510812.0,146.0,5.0836864503645245,5257353139665113.0,142.0,2.64362635986603,3028535531176759.5,178.0,0.08318125907001502,79056622936039.48,116.0,1.2108168087525637,1088842027450667.4,110.0,0.15710338234516374,-7.789044396343664e-18,0.3036650450969347,0.5760087719298234,0.8904792530948236,0.5407873376623382,0.3692573718056929,0.62630909090909,2.523000794214637,4.835204965922594,0.6654434443433862,3.4347878787878785,1.3147402653537024,6.6837272727272765,-0.5983516452371672,-1.5818181818181827,-0.22797284380917002,-0.01896306818181864,0.28800270373016196,0.3487185146426648
0,저위험군,종로구,숭인동,부엉이 게스트하우스(OWL Guesthouse),37.57264698,127.01936001,201710.2575943874,452567.2224273443,31.608371526964103,1990,0.2656,37,51.4,0.3937124667835635,0.42,0.85,0,3,4.143134726391533,,-3.552713678800501e-15,28.80971589652672,2.819971443647145e+16,74.0,-4.527441157774263e-16,-0.4582872012933706,182.0,1.8968557008132167,2168303358398255.0,184.0,0.6072991995971316,851715021320254.8,212.0,1.6961315839041948,2061990637020341.0,172.0,1.9164500371977502,2912094503054069.0,204.0,5.161652591193668,5713217752898208.0,146.0,5.083686450364523,5368531113634821.0,142.0,2.6436263598660292,3010518784861155.0,178.0,0.08318125907001522,79216229479525.81,116.0,1.210816808752563,1070655625988526.1,110.0,-0.007220282231400372,3.2689402945188236e-18,-0.29341030912644234,-0.5565570175438603,1.1845211828221949,0.7193587662337666,-0.8853622698507165,-1.501690909090909,-0.8291591672132272,-1.5890421168486448,0.692308225383328,3.5734545454545454,0.9016542065450553,4.583727272727272,-0.5983516452371672,-1.581818181818182,-0.41581563646092057,-0.0345880681818191,-0.6724292680852291,-0.8141886604947788
0,저위험군,마포구,연남동,더블라썸1,37.56023771,126.92361076,193250.67697044296,451192.5053181505,30.12229840027642,2004,0.5991,16,100.0,1.2324168680174563,0.1293,0.25,1,3,4.3694478524670215,,-7.105427357601002e-15,28.809715896526725,3.054146568293594e+16,74.0,1.5637514925536364e-15,1.6362398387472576,182.0,1.8968557008132187,2399032557704401.0,184.0,0.6072991995971323,882431168825519.4,212.0,1.6961315839041944,1966838043369969.2,172.0,1.9164500371977502,3049780416877428.0,204.0,5.161652591193668,5277717450802129.0,146.0,5.0836864503645245,4940007876773768.0,142.0,2.6436263598660292,3286430558685883.5,178.0,0.08318125907001107,62522092093578.734,116.0,1.2108168087525666,939741360116676.8,110.0,0.7596234857925656,1.1878623596869203e-15,1.827192786011963,3.46592105263158,-0.35919894824650483,-0.21814123376623412,1.1203783414815698,1.9003090909090894,0.22876892283350025,0.4384242106739508,-0.8095363608303474,-4.178545454545455,-0.7506900286895318,-3.8162727272727293,1.6712580435934672,4.418181818181819,-0.41581563646092057,-0.03458806818181737,-0.5473215932336163,-0.6627061848804976
0,저위험군,중구,남산동,오요6(OYO6),37.55655506,126.98441998,198623.3695299265,450781.1462231749,25.99035587407892,2011,0.1086,3,100.0,1.845368919833436,0.1194,0.7,0,6,5.564520407322694,,-7.105427357601002e-15,28.80971589652673,3.008406867522057e+16,74.0,-7.201900842806727e-17,-0.0743614489751271,182.0,1.8968557008132167,2359869836146524.5,184.0,0.6072991995971321,870336424025681.6,212.0,1.6961315839041948,2155547767174146.8,172.0,1.91645003719775,3104149842847896.0,204.0,5.161652591193667,5743272665943170.0,146.0,5.083686450364521,5312393460306873.0,142.0,2.6436263598660292,3200559303235638.0,178.0,0.08318125907001511,79476804145963.28,116.0,1.2108168087525637,1094180192989459.1,110.0,1.1430453698045484,-8.232099412161704e-17,-1.2917152144839525,-2.4501973684210525,-1.3148352198604618,-0.7984983766233776,1.1203783414815698,1.9003090909090898,1.0019366712248237,1.920161570838603,-0.8606827708871598,-4.442545454545454,0.4885681477364085,2.4837272727272715,-0.5983516452371672,-1.581818181818182,0.14771274149433108,0.012286931818182125,0.1133239080224538,0.13721449266711658
0,저위험군,마포구,동교동,아린 하우스,37.5563295,126.92088302,193009.3040769905,450758.939646099,25.18498864768652,1993,0.3687,17,82.4,0.6945351058347934,0.4148,0.18,0,4,3.8918202981106265,,3.552713678800501e-15,28.80971589652672,3.041865819740719e+16,74.0,1.7156462505152089e-15,1.7796855494821517,182.0,1.8968557008132183,2371933382903539.0,184.0,0.6072991995971322,881070851174140.6,212.0,1.6961315839041962,1969526820867287.5,172.0,1.9164500371977502,3028959311373211.0,204.0,5.161652591193669,5299345359465790.0,146.0,5.0836864503645245,4942538049495836.0,142.0,2.643626359866029,3292101316027609.0,178.0,0.08318125907001055,61608399991698.67,116.0,1.2108168087525666,928745093086426.1,110.0,0.15710338234516374,2.6953382886373744e-16,0.362164440824891,0.686973684210526,-0.285688465814662,-0.1734983766233769,0.39401960157522764,0.6683090909090912,-0.4497063832453838,-0.8618398148986816,0.6654434443433862,3.43478787878788,-0.9434635228002337,-4.79627272727273,-0.5983516452371672,-1.5818181818181818,-0.22797284380917002,-0.01896306818181762,-0.8113578592991517,-0.9824057339529129
0,저위험군,마포구,연남동,갤러리 하우스,37.561575,126.92413511,193297.12539376767,451340.8912169851,37.87321651133001,1970,0.6603,21,90.5,1.1733445779952238,0.4553,0.18,1,2,4.219507705176107,,1.4210854715202004e-14,28.809715896526715,3.0422966795113476e+16,74.0,1.5230146090983237e-15,1.597092917130512,182.0,1.8968557008132185,2406419136722715.0,184.0,0.6072991995971322,882727810471440.4,212.0,1.6961315839041953,1965634731921268.5,172.0,1.9164500371977504,3052370361815566.0,204.0,5.161652591193668,5274019262930829.0,146.0,5.083686450364527,4939537448482257.0,142.0,2.6436263598660306,3284318475690387.5,178.0,0.08318125907001116,62183580165408.99,116.0,1.2108168087525661,940551761151009.6,110.0,-1.1027113794084946,-1.6794455404581017e-15,2.2163409402022793,4.204078947368422,0.008353463912709391,0.005073051948051941,0.7283097034639417,1.2353090909090902,0.15425609702029847,0.29562410287253077,0.8746787582121645,4.514787878787879,-0.9434635228002337,-4.796272727272732,1.6712580435934672,4.4181818181818215,-0.6036584291126711,-0.05021306818181706,-0.6302096851431308,-0.7630684798099652
0,저위험군,종로구,숭인동,덕흥,37.57367008,127.02147167,201896.77507218547,452680.81520809984,36.86449384186568,1969,0.2002,31,61.3,1.3733240106772633,0.457,1.0,0,2,4.413040688203051,,7.105427357601002e-15,28.809715896526708,2.801657671170516e+16,74.0,-4.652704637445655e-16,-0.47121109134554745,182.0,1.8968557008132167,2174739727765666.0,184.0,0.6072991995971315,851203089127032.5,212.0,1.6961315839041946,2058126704564284.5,172.0,1.9164500371977504,2914837947593405.0,204.0,5.1616525911936675,5706787307460352.0,146.0,5.083686450364524,5369014640061414.0,142.0,2.643626359866029,3006630542998769.0,178.0,0.08318125907001524,79135331012348.19,116.0,1.210816808752563,1068287222526202.5,110.0,-1.1574859342673491,5.385440174143812e-16,-0.7092647091925646,-1.3453728070175444,0.7434582882311378,0.4515016233766235,-0.47678547865339904,-0.8086909090909092,0.4065069007059446,0.7790501649790498,0.8834614750906071,4.560121212121212,1.3147402653537024,6.683727272727275,-0.5983516452371672,-1.5818181818181818,-0.6036584291126711,-0.050213068181819524,-0.5232231310113954,-0.633527361756742
0,저위험군,영등포구,신길동,세일장,37.49525284,126.90648215,191730.1181358648,443981.3585824625,33.46580464479097,1972,0.1433,11,72.7,2.05921674736162,0.4518,0.25,1,1,4.9788005705762375,,-7.105427357601002e-15,28.80971589652672,2.0499763523223216e+16,74.0,2.8079327140782367e-15,2.715498519951978,182.0,1.8968557008132187,2392535605688727.5,184.0,0.607299199597133,809007822217423.9,212.0,1.6961315839041973,1890488735076127.2,172.0,1.916450037197749,2797505224853474.5,204.0,5.161652591193668,4955336239344242.0,146.0,5.0836864503645245,5012873271960937.0,142.0,2.6436263598660292,3149678013021870.0,178.0,0.08318125907000828,51838489840733.1,116.0,1.210816808752568,894729509202689.2,110.0,-0.9931622696907851,-2.788732827452948e-15,-1.0710707545100315,-2.031666666666669,-0.7267513604057191,-0.4413555194805207,-0.0063031130322452516,-0.010690909090909325,1.271680842597596,2.437112798099828,0.8565966940506651,4.421454545454545,-0.7506900286895318,-3.8162727272727293,1.6712580435934672,4.418181818181819,-0.7915012217644217,-0.06583806818181444,-0.21046662132303692,-0.25483652277929475
0,저위험군,마포구,노고산동,신촌스테이,37.55176055,126.93463668,194224.2110418873,450250.9067266414,22.88975216427605,1978,0.1337,11,18.2,0.9162907318741552,0.1665,0.85,0,5,6.865891074883439,,-7.105427357601002e-15,28.809715896526725,2.9300084883111936e+16,74.0,1.4388144818709268e-15,1.5020303871873215,182.0,1.8968557008132185,2394865658168972.0,184.0,0.6072991995971322,882163347523876.6,212.0,1.6961315839041953,2012933027773490.8,172.0,1.9164500371977495,3051271384759673.5,204.0,5.1616525911936675,5460376079726868.0,146.0,5.083686450364525,5157983942801436.0,142.0,2.6436263598660283,3277586168750069.5,178.0,0.08318125907001137,62963199045539.586,116.0,1.210816808752566,943691890383197.9,110.0,-0.6645149405376569,-9.561137198651785e-16,-1.1321136022261595,-2.147456140350879,-0.7267513604057191,-0.44135551948052015,-2.255538983764953,-3.825690909090909,-0.16998744345229916,-0.32577244232730906,-0.6173498503138399,-3.186545454545455,0.9016542065450553,4.583727272727275,-0.5983516452371672,-1.5818181818181816,-0.04013005115741947,-0.0033380681818181187,0.8327318414549524,1.008285710817133
0,저위험군,용산구,후암동,남산가옥,37.54734177,126.97760355,198020.8349442988,449758.7030971533,33.658370115449415,1989,0.098,39,69.2,0.6647477060382473,0.4218,1.0,0,3,4.04305126783455,,-2.1316282072803006e-14,28.809715896526725,2.690329819496516e+16,74.0,1.0672357804685885e-16,0.11066337664819395,182.0,1.8968557008132174,2427274037809015.5,184.0,0.607299199597132,876704391505058.4,212.0,1.6961315839041948,2139465241844603.5,172.0,1.9164500371977502,3110474084567021.5,204.0,5.161652591193668,5470641845011189.0,146.0,5.083686450364524,5042932968812448.0,142.0,2.6436263598660283,3214354849180380.0,178.0,0.08318125907001493,78866951980790.28,116.0,1.2108168087525637,1084158560987047.6,110.0,-0.06199483709025508,-6.6163108347041374e-18,-1.3591166921705107,-2.578048245614036,1.3315421476858806,0.8086444805194813,-0.15074945335452924,-0.25569090909090925,-0.48727972485162413,-0.9338472468176046,0.701607572666385,3.621454545454546,1.3147402653537024,6.683727272727275,-0.5983516452371672,-1.5818181818181816,-0.41581563646092057,-0.03458806818181898,-0.727756190603171,-0.881179428256054
0,저위험군,용산구,동자동,경기,37.55029277,126.97343473,197652.53058047875,450086.3244913718,37.89484311058307,1956,0.1814,24,58.3,1.882659498554827,0.48,0.55,1,1,4.787491742782046,,7.105427357601002e-15,28.80971589652672,2.7254723444669984e+16,74.0,2.1086684122843007e-16,0.22056860627010832,182.0,1.8968557008132185,2468834746241537.5,184.0,0.6072991995971322,876012718508944.9,212.0,1.696131583904195,2146556670078159.5,172.0,1.9164500371977504,3124742524224167.5,204.0,5.161652591193667,5483927079321132.0,146.0,5.083686450364524,5063804941885923.0,142.0,2.6436263598660292,3283016828256787.5,178.0,0.08318125907001485,78051070535239.89,116.0,1.210816808752564,1085541593973903.8,110.0,-1.8695551474324605,-3.942271884414348e-16,-0.8288069526366485,-1.5721271929824578,0.22888491120823792,0.13900162337662356,-0.600596627501071,-1.0186909090909093,1.0489744006863824,2.0103070292149052,1.0022864681518886,5.173454545454544,0.07548208892776191,0.38372727272727325,1.6712580435934672,4.418181818181819,-0.7915012217644217,-0.06583806818181964,-0.31622364496087674,-0.38288890464363257
0,저위험군,마포구,연남동,호연 홈스테이,37.56022198,126.92331464,193224.5120465013,451190.7807791293,36.04466488487266,1995,0.5908,19,100.0,0.6564151712912153,0.4113,0.25,1,4,3.9889840465642745,,7.105427357601002e-15,28.80971589652671,3.055267514895063e+16,74.0,1.571299892211015e-15,1.6436148735394744,182.0,1.8968557008132185,2397992693462510.0,184.0,0.607299199597132,882382876454440.0,212.0,1.696131583904196,1966531147112311.8,172.0,1.91645003719775,3049269180575831.5,204.0,5.161652591193668,5277734665363853.0,146.0,5.083686450364522,4937672844753191.0,142.0,2.6436263598660297,3286880628718787.5,178.0,0.08318125907001106,62546199012609.1,116.0,1.2108168087525666,939641746288208.1,110.0,0.26665249206287317,4.1899103203619115e-16,1.7744161572573942,3.3658114035087725,-0.1386675009509763,-0.08421266233766245,1.1203783414815698,1.9003090909090912,-0.49779024865143573,-0.9539901405447212,0.6473613801818868,3.3414545454545457,-0.7506900286895318,-3.816272727272727,1.6712580435934672,4.41818181818182,-0.22797284380917002,-0.018963068181817738,-0.7576449754744276,-0.9173692713713629
0,저위험군,용산구,이태원동,큐브 게스트하우스,37.53302947,126.9912873,199229.9151129869,448170.01243220177,21.659898321170363,2015,0.1894,54,77.8,1.089133544713566,0.1136,0.45,0,3,4.820281565605037,,1.0658141036401503e-14,28.809715896526708,2.2506290413092144e+16,74.0,-8.34493855705711e-17,-0.08600704522989293,182.0,1.8968557008132176,2305939414253989.5,184.0,0.6072991995971322,870260511486839.4,212.0,1.6961315839041953,2164229675324567.0,172.0,1.91645003719775,3144243103699225.5,204.0,5.161652591193668,5503632422068467.0,146.0,5.083686450364523,5304937671130984.0,142.0,2.6436263598660292,3036140856791234.0,178.0,0.08318125907001506,79404495394458.36,116.0,1.2108168087525641,1110577454687866.5,110.0,1.3621435892399674,-1.1367004558096766e-16,-0.7779379128732085,-1.4756359649122817,2.434199384163523,1.4782873376623398,0.2041758400087969,0.34630909090909023,0.04803366934559133,0.09205412740410292,-0.8906473343547874,-4.597212121212122,-0.1999086169446694,-1.0162727272727274,-0.5983516452371672,-1.581818181818182,-0.41581563646092057,-0.03458806818181903,-0.2980971731856054,-0.36094106793475517
0,저위험군,중구,광희동,스테이 디디피 해치,37.56073561,127.00861129,200760.8399657005,451245.0584655445,29.849586161395564,1995,0.3379,28,100.0,0.3014753945841167,0.1422,1.0,0,4,3.970291913552122,,-3.552713678800501e-15,28.80971589652672,2.6938461918095636e+16,74.0,-3.6151101669087444e-16,-0.3683618423629348,182.0,1.8968557008132167,2220085102360933.2,184.0,0.607299199597132,857595464639538.1,212.0,1.6961315839041944,2121224301347469.0,172.0,1.9164500371977493,2976902769730913.0,204.0,5.1616525911936675,5767987078013263.0,146.0,5.083686450364524,5436645144513308.0,142.0,2.6436263598660292,3034476332789463.0,178.0,0.08318125907001524,79459283233520.33,116.0,1.210816808752563,1077527438153431.6,110.0,0.26665249206287317,-9.63978135088046e-17,0.16631863773564662,0.3154824561403495,0.5229268409356093,0.31757305194805224,1.1203783414815698,1.9003090909090894,-0.9455055098339454,-1.8120140694919415,-0.742891038635107,-3.834545454545455,1.3147402653537024,6.683727272727275,-0.5983516452371672,-1.581818181818182,-0.22797284380917002,-0.01896306818181869,-0.7679781335184177,-0.9298808328185203
0,저위험군,강서구,등촌동,브리즈스테이,37.53400674,126.86053431,187673.27622669004,448287.5816706449,31.71779638573911,2020,0.5067,28,92.9,0.9309968792638504,0.1065,1.0,0,4,3.610917912644224,,-3.552713678800501e-15,28.80971589652672,2.8479797888665624e+16,74.0,2.663865695334935e-15,2.4654912434587755,182.0,1.896855700813218,2239327175078955.5,184.0,0.6072991995971323,848726120147524.4,212.0,1.6961315839041962,1874903420338267.8,172.0,1.9164500371977486,2822531207891655.0,204.0,5.161652591193671,5138342910259285.0,146.0,5.083686450364525,4785438417113529.0,142.0,2.643626359866029,3107184017544460.0,178.0,0.08318125907000934,53293295528595.29,116.0,1.210816808752567,880860936400485.5,110.0,1.6360163635342408,4.358127867825473e-15,1.2396553767442313,2.3514473684210526,0.5229268409356093,0.3175730519480524,0.8273586225420796,1.4033090909090915,-0.15143734833292563,-0.29022211184576374,-0.9273280930824005,-4.786545454545458,1.3147402653537024,6.683727272727277,-0.5983516452371672,-1.5818181818181818,-0.22797284380917002,-0.018963068181817345,-0.9666429057981815,-1.1704274784018625
0,저위험군,종로구,연지동,종로마루(Jongnomaru),37.56925244,126.99968946,199972.56574269736,452190.2918102718,26.13807249369984,1995,0.3014,10,100.0,1.6722994249613023,0.1422,0.18,1,5,3.49650756146648,,7.105427357601002e-15,28.80971589652671,2.917904171772411e+16,74.0,-2.665044979104247e-16,-0.2727486428641661,182.0,1.8968557008132163,2279058492454702.5,184.0,0.6072991995971319,853033186215036.8,212.0,1.696131583904195,2086990583468610.2,172.0,1.91645003719775,3022585145831492.0,204.0,5.161652591193669,5782364067925373.0,146.0,5.083686450364524,5371312045412020.0,142.0,2.6436263598660283,3063953326565011.0,178.0,0.08318125907001517,79610298723590.66,116.0,1.2108168087525633,1092086018354844.4,110.0,0.26665249206287317,-7.106408851377952e-17,-0.06577135618504829,-0.12475877192982543,-0.8002618428375619,-0.485998376623377,1.1203783414815698,1.90030909090909,0.7836296253978784,1.501787024743023,-0.742891038635107,-3.8345454545454563,-0.9434635228002337,-4.796272727272729,1.6712580435934672,4.418181818181818,-0.04013005115741947,-0.0033380681818182714,-1.0298898471621993,-1.2470079381075994
0,저위험군,종로구,창신동,미미스테이,37.57593858,127.01425855,201259.5406749521,452932.4713484917,25.249395637135468,1997,0.3074,5,60.0,0.0144233269611049,0.1394,1.0,0,7,4.442651256490317,,-1.0658141036401503e-14,28.80971589652672,2.752437780846056e+16,74.0,-4.179230832392524e-16,-0.4218967952267105,182.0,1.896855700813217,2172441549428381.5,184.0,0.6072991995971317,850263620303688.9,212.0,1.6961315839041953,2059918705204214.0,172.0,1.9164500371977498,2905214731948252.5,204.0,5.161652591193668,5723378588243473.0,146.0,5.083686450364524,5350719403452645.0,142.0,2.6436263598660292,2982597290810947.5,178.0,0.0831812590700152,79386104822513.73,116.0,1.2108168087525633,1076823631542455.5,110.0,0.3762016017805826,-1.572233333356865e-16,-0.027619576362468246,-0.05239035087719387,-1.167814254996776,-0.7092126623376628,-0.5304369764873901,-0.8996909090909093,-1.3075883189829203,-2.5059276825541605,-0.7573566899643064,-3.909212121212122,1.3147402653537024,6.683727272727275,-0.5983516452371672,-1.581818181818182,0.33555553414608164,0.027911931818182547,-0.5068541761315132,-0.6137075560464684
0,저위험군,영등포구,영등포동,JARDIN HOTEL,37.51642308,126.90389139,191503.4140735256,446331.21474884014,23.94793029723404,2015,0.1065,24,54.2,1.6149780928097155,0.1136,0.7,0,11,6.88653164253051,,3.552713678800501e-15,28.80971589652672,2.736885680358492e+16,74.0,2.660637657780108e-15,2.57890323183308,182.0,1.896855700813218,2319223207425425.0,184.0,0.6072991995971327,844181463089903.4,212.0,1.6961315839041966,1904158890798256.2,172.0,1.9164500371977498,2873155086708350.5,204.0,5.161652591193669,5185104605203639.0,146.0,5.083686450364524,5040060751550131.0,142.0,2.6436263598660297,3163079481028893.0,178.0,0.08318125907000852,54556608838948.875,116.0,1.2108168087525673,914055781121476.1,110.0,1.3621435892399674,3.624170528835617e-15,-1.3050683374218557,-2.4755263157894754,0.22888491120823792,0.1390016233766237,-0.7698051975928892,-1.3056909090909103,0.7113254293630814,1.3632196455625827,-0.8906473343547874,-4.597212121212123,0.4885681477364085,2.483727272727273,-0.5983516452371672,-1.5818181818181822,1.0869267047530837,0.09041193181817692,0.8441421094792698,1.0221014551333498
0,저위험군,영등포구,영등포동,대우장여인숙,37.51809093,126.90486199,191589.40822900573,446516.2378753932,24.634575231892768,1964,0.0635,7,42.9,1.3840395687328015,0.4658,0.35,0,1,5.359271345885034,,3.552713678800501e-15,28.80971589652672,2.77437838807231e+16,74.0,2.6264526817686394e-15,2.5556851907291445,182.0,1.8968557008132192,2323456510927250.5,184.0,0.6072991995971326,847062875850771.2,212.0,1.6961315839041962,1903520661568801.0,172.0,1.9164500371977498,2877743714155068.0,204.0,5.1616525911936675,5198951272545914.0,146.0,5.083686450364525,5044109907034853.0,142.0,2.6436263598660292,3166037455372895.0,178.0,0.08318125907000852,54787074923875.59,116.0,1.2108168087525673,916644114705154.0,110.0,-1.4313587085616228,-3.75939591867457e-15,-1.5784894261503457,-2.99416666666667,-1.0207932901330905,-0.6199269480519495,-1.2361605249191205,-2.0966909090909103,0.4200233313468266,0.8049537289835487,0.9289249506966626,4.794787878787878,-0.4752993228171007,-2.4162727272727293,-0.5983516452371672,-1.581818181818182,-0.7915012217644217,-0.06583806818181463,-0.00013938633978387855,-0.00016877132312081682
0,저위험군,용산구,갈월동,장하우스(Jang House),37.5445589,126.97209234,197533.71990000937,449449.9684747866,26.470295717559296,1981,0.3135,10,70.0,2.397060896446251,0.4359,0.04,0,3,4.532599493153256,,-3.552713678800501e-15,28.809715896526722,2.608978207718395e+16,74.0,2.9007261703447476e-16,0.3026765271683021,182.0,1.8968557008132174,2461401106476292.5,184.0,0.607299199597132,877555356295872.5,212.0,1.6961315839041942,2118105079472599.2,172.0,1.91645003719775,3133867220073525.5,204.0,5.161652591193669,5346762333691415.0,146.0,5.083686450364523,5016983700891716.0,142.0,2.6436263598660297,3275652044268300.0,178.0,0.08318125907001465,77647746198191.83,116.0,1.2108168087525637,1067397163288141.1,110.0,-0.5001912759610927,-1.4509179243584732e-16,0.011168066457154728,0.021184210526314817,-0.8002618428375619,-0.48599837662337714,-0.11773314699515015,-0.19969090909090934,1.697831957160416,3.2538101174556076,0.7744524597169967,3.9974545454545467,-1.3290105110216375,-6.756272727272728,-0.5983516452371672,-1.5818181818181822,-0.41581563646092057,-0.034588068181818865,-0.457130083936572,-0.5535007894168718
0,저위험군,종로구,청운동,SEOUL MARU1,37.58358195,126.9686512,197231.0611573614,453781.1642625231,16.281688421825528,2009,0.0838,39,100.0,0.2215422699472359,0.1222,0.25,0,4,4.31748811353631,,3.552713678800501e-15,28.80971589652671,2.3381282494101932e+16,74.0,2.1892131465076871e-16,0.23218245575698498,182.0,1.8968557008132185,2492531451415051.0,184.0,0.6072991995971314,862459057206207.0,212.0,1.696131583904195,2194268181704361.5,172.0,1.9164500371977493,3042889330964549.5,204.0,5.161652591193668,5511353777720874.0,146.0,5.083686450364522,5169509711537736.0,142.0,2.6436263598660292,3377867056566078.0,178.0,0.08318125907001489,76335158745480.42,116.0,1.2108168087525635,1052133160521425.2,110.0,1.0334962600868391,2.2625435994486363e-16,-1.4494092377506167,-2.7493201754385987,1.3315421476858806,0.8086444805194807,1.1203783414815698,1.90030909090909,-1.0463318531250423,-2.0052427188426774,-0.8462171195579604,-4.367878787878789,-0.7506900286895318,-3.816272727272727,-0.5983516452371672,-1.581818181818182,-0.22797284380917002,-0.018963068181818612,-0.5760453453033473,-0.6974853866969675
0,저위험군,중구,장충동,피올라 스테이 동대문,37.55921747,127.00467074,200412.68587666043,451076.53828963736,46.91430043750583,1970,0.3749,18,66.7,3.21270296576112,0.8713,0.08,1,1,3.735047134958944,,7.105427357601002e-15,28.80971589652671,2.5819555026525336e+16,74.0,-3.19051894388014e-16,-0.3261404396769689,182.0,1.8968557008132167,2279206762901077.0,184.0,0.6072991995971319,858507382761097.2,212.0,1.6961315839041953,2103049997094124.8,172.0,1.9164500371977502,3007414812145533.0,204.0,5.1616525911936675,5781603364685610.0,146.0,5.083686450364524,5431581380406715.0,142.0,2.6436263598660297,3020921456931933.0,178.0,0.08318125907001524,79585995632729.28,116.0,1.210816808752563,1084753051270934.6,110.0,-1.1027113794084946,3.5182215456350026e-16,0.4015879466415569,0.7617543859649111,-0.21217798338281915,-0.12885551948051963,-0.25392541072758923,-0.43069090909090924,2.7266695968372368,5.225526050284697,3.0238612414075168,15.608121212121208,-1.218854228672665,-6.19627272727273,1.6712580435934672,4.41818181818182,-0.7915012217644217,-0.06583806818181995,-0.8980232960820684,-1.0873417015475482
0,저위험군,마포구,연남동,마리하우스2,37.56124697,126.91810508,192764.3236125669,451304.9308850005,36.81342170867931,1988,0.5653,24,95.8,0.5506766552508877,0.4236,0.35,1,3,3.5263605246161616,,-7.105427357601002e-15,28.809715896526715,3.054837379727782e+16,74.0,1.6687056574948744e-15,1.7376283372327996,182.0,1.8968557008132187,2385496194180765.5,184.0,0.6072991995971321,881676778014725.5,212.0,1.696131583904195,1960435517993416.0,172.0,1.9164500371977495,3039509830886341.5,204.0,5.161652591193669,5214709694586895.0,146.0,5.083686450364524,4876024748658880.0,142.0,2.643626359866029,3292559094814622.5,178.0,0.08318125907001055,60186531269312.46,116.0,1.2108168087525666,924146060957867.1,110.0,-0.11676939194910979,-1.9485374496771596e-16,1.6122710930114292,3.058245614035089,0.22888491120823792,0.13900162337662353,0.9470427330948288,1.6063090909090898,-0.631167092929761,-1.2096001987232359,0.7109069199494417,3.669454545454546,-0.4752993228171007,-2.4162727272727285,1.6712580435934672,4.418181818181819,-0.41581563646092057,-0.03458806818181716,-1.0133868944972189,-1.2270258856267964
0,저위험군,종로구,관수동,종로아이엠티호텔,37.56632573,126.98947377,199070.0373489318,451865.513238445,20.61551218875224,2013,0.2452,13,53.8,0.5284700877456995,0.1165,0.12,1,11,7.159789448187392,,0.0,28.80971589652672,2.8230714363734652e+16,74.0,-1.4445269974765419e-16,-0.14913420436365,182.0,1.8968557008132167,2344260910167801.5,184.0,0.6072991995971317,860954357517063.6,212.0,1.6961315839041948,2144083690808563.2,172.0,1.9164500371977495,3063594132604184.5,204.0,5.161652591193667,5800169588931109.0,146.0,5.083686450364523,5367665994692819.0,142.0,2.6436263598660292,3189272315643962.5,178.0,0.08318125907001514,79624626454315.86,116.0,1.2108168087525633,1094692070846169.4,110.0,1.2525944795222579,-1.8094065425599789e-16,-0.4231263605232144,-0.8026096491228076,-0.5797303955420333,-0.3520698051948054,-0.786313350772579,-1.3336909090909093,-0.6591780959872089,-1.2632818865746283,-0.8756650526209737,-4.519878787878787,-1.1086979463236926,-5.636272727272729,1.6712580435934672,4.418181818181819,1.0869267047530837,0.09041193181818412,0.995201172175364,1.2050063073601844
0,저위험군,영등포구,영등포동,아너스빌,37.51930327,126.90373643,191490.0417463912,446650.89359464456,33.336749511942955,1980,0.0724,14,50.0,2.4999198975206296,0.4377,0.7,0,1,6.759371273215879,,-7.105427357601002e-15,28.80971589652672,2.7950065287404156e+16,74.0,2.62552361165334e-15,2.5497622492172294,182.0,1.8968557008132187,2322933841456156.5,184.0,0.6072991995971324,848445309553914.2,212.0,1.6961315839041957,1900935432531579.5,172.0,1.91645003719775,2876047324200656.5,204.0,5.161652591193668,5220231428157745.0,146.0,5.083686450364526,5037676991395402.0,142.0,2.6436263598660297,3170136595094324.0,178.0,0.08318125907000856,54955867103824.57,116.0,1.2108168087525675,920216979218628.0,110.0,-0.5549658308199474,-1.4570758924785847e-15,-1.5218976194135185,-2.886820175438599,-0.5062199131101905,-0.30742694805194865,-0.9431408059796301,-1.5996909090909097,1.8275766280964933,3.502459296897263,0.7837518070000533,4.045454545454545,0.4885681477364085,2.483727272727274,-0.5983516452371672,-1.5818181818181822,-0.7915012217644217,-0.06583806818181466,0.7738468578776487,0.9369867829186163
0,저위험군,용산구,원효로1가,남영스테이 517,37.53865428,126.96771758,197146.88478630048,448794.7512889643,33.22860270659787,1973,0.2656,24,79.2,1.0324402935227996,0.45,0.7,0,3,4.158883083359672,,7.105427357601002e-15,28.80971589652672,2.475843847674903e+16,74.0,5.139746208590502e-16,0.5375463367598327,182.0,1.896855700813218,2511211072840852.5,184.0,0.6072991995971322,876310424320069.2,212.0,1.6961315839041948,2061650737756108.5,172.0,1.9164500371977502,3153904801105991.0,204.0,5.1616525911936675,5217398437195192.0,146.0,5.083686450364522,4948451086482516.0,142.0,2.6436263598660292,3261933780391811.5,178.0,0.0831812590700143,75598904583874.31,116.0,1.2108168087525644,1015218180850618.0,110.0,-0.9383877148319304,-4.823074699495319e-16,-0.29341030912644234,-0.5565570175438608,0.22888491120823792,0.13900162337662356,0.2619543761377107,0.4443090909090905,-0.023478275581070154,-0.044994942110680926,0.8472973467676084,4.373454545454545,0.4885681477364085,2.483727272727272,-0.5983516452371672,-1.581818181818182,-0.41581563646092057,-0.03458806818181871,-0.6637234525756153,-0.8036475127418404
0,저위험군,종로구,낙원동,오라카이 인사동 스위츠,37.57025733,126.98654665,198811.49704462776,452301.9079272357,20.36996832032176,2002,0.2337,19,94.7,0.6194439847728106,0.1322,0.08,0,30,10.725709333961984,,-3.552713678800501e-15,28.809715896526715,2.751915396898853e+16,74.0,-1.0191404833159584e-16,-0.10561583335555771,182.0,1.8968557008132172,2368599949691151.5,184.0,0.6072991995971319,861048479705216.0,212.0,1.6961315839041946,2159607706572989.0,172.0,1.91645003719775,3057491017327244.0,204.0,5.1616525911936675,5799855359331171.0,146.0,5.083686450364524,5343747916187386.0,142.0,2.6436263598660292,3232725391061733.5,178.0,0.08318125907001511,79465927117556.16,116.0,1.2108168087525633,1093559397850042.9,110.0,0.6500743760748561,-6.625171138242489e-17,-0.4962506051831595,-0.9413157894736852,-0.1386675009509763,-0.08421266233766242,0.9016453118506826,1.5293090909090898,-0.5444251019831159,-1.0433635069469314,-0.7945540790965336,-4.101212121212121,-1.218854228672665,-6.19627272727273,-0.5983516452371672,-1.581818181818182,4.6559397651363446,0.38728693181819157,2.9664697121520454,3.5918513901290745
0,저위험군,용산구,서계동,Crystal House,37.55095205,126.96592468,196988.9232230385,450159.7106911373,48.76296733648354,1935,0.2452,53,69.8,0.3251486902919584,0.9503,1.0,0,1,3.1780538303479458,,-7.105427357601002e-15,28.809715896526715,2.569556981401559e+16,74.0,4.2729799228777e-16,0.45172756368596406,182.0,1.8968557008132176,2528501497433394.5,184.0,0.6072991995971323,874302616451644.0,212.0,1.6961315839041944,2159703737436247.2,172.0,1.9164500371977498,3116290352339524.5,204.0,5.161652591193668,5428927250673476.0,146.0,5.083686450364524,5073504709312138.0,142.0,2.643626359866029,3353002659408594.5,178.0,0.08318125907001447,76090187882249.02,116.0,1.210816808752564,1041790733051343.6,110.0,-3.0198207994684094,-1.2903633646816999e-15,-0.4231263605232144,-0.8026096491228081,2.36068890173168,1.4336444805194826,-0.1259872235849951,-0.2136909090909096,-0.9156443996782541,-1.7547867438233011,3.431999261052789,17.714787878787885,1.3147402653537024,6.683727272727275,-0.5983516452371672,-1.5818181818181818,-0.7915012217644217,-0.06583806818181934,-1.2059335726806704,-1.4601646400407875
0,저위험군,마포구,동교동,로하 하우스,37.55642533,126.92184822,193094.5970245551,450769.5042935736,27.17788276458739,1996,0.3966,17,70.6,1.768813016398165,0.4095,0.18,0,4,3.9318256327243257,,3.552713678800501e-15,28.80971589652672,3.0370959546334836e+16,74.0,1.6908935908693441e-15,1.7563382079340464,182.0,1.896855700813218,2375578292370755.5,184.0,0.6072991995971321,881293543878246.5,212.0,1.6961315839041955,1970237258588109.8,172.0,1.91645003719775,3032635476248683.0,204.0,5.1616525911936675,5309657940791029.0,146.0,5.083686450364523,4940654771050672.0,142.0,2.64362635986603,3292409398296995.0,178.0,0.08318125907001064,61989477978418.38,116.0,1.2108168087525661,930226612715502.1,110.0,0.32142704692172785,5.434989335720096e-16,0.5395702169998879,1.0234868421052625,-0.285688465814662,-0.17349837662337686,-0.092970917225616,-0.1576909090909099,0.9053702998263604,1.7350969447799665,0.6380620328988299,3.2934545454545443,-0.9434635228002337,-4.796272727272728,-0.5983516452371672,-1.5818181818181827,-0.22797284380917002,-0.018963068181817644,-0.7892425958940976,-0.9556282012920825
0,저위험군,마포구,공덕동,리스테이,37.54461901,126.95804329,196292.1679140521,449457.1012274335,28.404428675650166,1997,0.2774,12,91.7,1.8943383419240043,0.1394,0.35,1,3,3.8501476017100575,,-7.105427357601002e-15,28.80971589652672,2.456094817619413e+16,74.0,7.50139799481793e-16,0.7962108220896104,182.0,1.8968557008132179,2536818554371992.5,184.0,0.6072991995971324,878613150835028.0,212.0,1.6961315839041948,2097557961926093.0,172.0,1.91645003719775,3055407449112563.0,204.0,5.161652591193668,5429238636637343.0,146.0,5.083686450364523,5257651686710811.0,142.0,2.6436263598660292,3331886822996769.5,178.0,0.08318125907001366,71326378188839.42,116.0,1.210816808752565,964781450231271.9,110.0,0.3762016017805826,2.8220379412441556e-16,-0.21837847547536846,-0.41423245614035215,-0.6532408779738762,-0.39671266233766306,0.7778341630030107,1.31930909090909,1.0637059037538892,2.038539218816607,-0.7573566899643064,-3.909212121212122,-0.4752993228171007,-2.416272727272728,1.6712580435934672,4.418181818181819,-0.41581563646092057,-0.03458806818181845,-0.8343948534049789,-1.0102993136393807
0,저위험군,강남구,대치동,호텔컬리넌대치,37.50236094,127.05345706,204726.8156196625,444767.4997025538,35.23042364973026,2003,0.5186,19,100.0,1.7440947975803576,0.1308,0.85,0,10,7.594738501324181,,-7.105427357601002e-15,28.80971589652672,2.8116467630972e+16,74.0,-4.3018411305236476e-16,-0.4606487332016028,182.0,1.8968557008132174,2354659462351412.5,184.0,0.607299199597132,849466848776403.9,212.0,1.6961315839041944,2234145809811597.5,172.0,1.9164500371977495,2885994642840389.0,204.0,5.161652591193668,5296523435846155.0,146.0,5.083686450364524,5161053692603484.0,142.0,2.6436263598660283,3173269271899510.0,178.0,0.0831812590700127,72662663230155.62,116.0,1.2108168087525641,1169580697216567.8,110.0,0.7048489309337108,-3.032148121896259e-16,1.3153230733923478,2.4949780701754367,-0.1386675009509763,-0.08421266233766245,1.1203783414815698,1.9003090909090894,0.8741911406556104,1.6753436440273877,-0.8017869047611335,-4.138545454545455,0.9016542065450553,4.583727272727273,-0.5983516452371672,-1.5818181818181816,0.8990839121013333,0.07478693181818154,1.2356444273257674,1.4961390422474754
0,저위험군,종로구,이화동,THE Grand IHwa,37.57344295,127.00433894,200383.2966033269,452655.3985355696,29.66447014685494,1993,0.3074,31,80.6,0.5775906230909875,0.1451,1.0,0,6,4.912654885736052,,0.0,28.80971589652672,2.8304938211746148e+16,74.0,-3.1586138274734844e-16,-0.3218185684747211,182.0,1.8968557008132172,2244300837739455.2,184.0,0.6072991995971317,851061065329002.5,212.0,1.6961315839041946,2061966821980089.8,172.0,1.916450037197751,2995257038162354.0,204.0,5.161652591193667,5768207775451958.0,146.0,5.083686450364524,5345897492816602.0,142.0,2.64362635986603,3045444973530033.0,178.0,0.08318125907001518,79457660446993.92,116.0,1.210816808752563,1086714322907295.5,110.0,0.15710338234516374,-4.962289158182879e-17,-0.027619576362468246,-0.052390350877193875,0.7434582882311378,0.45150162337662364,0.319732912266624,0.5423090909090899,-0.5972182516565228,-1.144538940602319,-0.7279087569012931,-3.7572121212121203,1.3147402653537024,6.683727272727275,-0.5983516452371672,-1.5818181818181827,0.14771274149433108,0.012286931818182136,-0.24703247578904264,-0.2991110739931334
0,저위험군,중구,광희동,모브호텔,37.56215784,127.00619838,200547.63985184827,451402.8924096052,31.07806759448956,1987,0.3349,27,88.9,1.2250603659460322,0.1536,0.85,0,1,6.504886796721238,,7.105427357601002e-15,28.80971589652672,2.70248269991717e+16,74.0,-3.367335041740229e-16,-0.3434627019814289,182.0,1.8968557008132165,2253915082490657.0,184.0,0.6072991995971317,857000235642157.2,212.0,1.696131583904195,2096155311302802.0,172.0,1.9164500371977489,3001136716886955.0,204.0,5.16165259119367,5776230651051905.0,146.0,5.083686450364523,5416362740945756.0,142.0,2.6436263598660283,3006606670267880.0,178.0,0.08318125907001522,79554017977241.6,116.0,1.210816808752563,1083234241014387.2,110.0,-0.1715439468079645,5.776459432848808e-17,0.1472427478243566,0.27929824561403366,0.44941635850376643,0.272930194805195,0.6622770907451836,1.1233090909090906,0.219489550775363,0.4206407577479616,-0.6839951725090805,-3.530545454545457,0.9016542065450553,4.583727272727272,-0.5983516452371672,-1.5818181818181816,-0.7915012217644217,-0.06583806818181993,0.6331658390954923,0.7666478407047428
0,저위험군,종로구,낙원동,미정,37.56798466,126.9892256,199048.13334108185,452049.6375479568,23.557590035545783,1972,0.2029,11,81.8,0.32892503098583,0.1752,0.25,1,1,5.419073755183819,,0.0,28.809715896526722,2.7778815354118496e+16,74.0,-1.4070145156531868e-16,-0.1453411629187613,182.0,1.8968557008132167,2352831196378588.0,184.0,0.6072991995971317,859925798263430.5,212.0,1.696131583904195,2149301476045596.0,172.0,1.9164500371977498,3063875136122581.0,204.0,5.1616525911936675,5802345857883317.0,146.0,5.083686450364523,5362837858921569.0,142.0,2.643626359866029,3201344316320284.5,178.0,0.08318125907001515,79593148496055.3,116.0,1.2108168087525635,1094269359745831.2,110.0,-0.9931622696907851,1.3973937298539999e-16,-0.6920964082724035,-1.3128070175438602,-0.7267513604057191,-0.4413555194805198,0.3692573718056929,0.6263090909090901,-0.910880984949828,-1.745657897489821,-0.5724030051123987,-2.954545454545455,-0.7506900286895318,-3.816272727272728,1.6712580435934672,4.418181818181819,-0.7915012217644217,-0.06583806818181988,0.032919855550586165,0.039859914442356106
0,저위험군,마포구,성산동,제이선 하우스,37.55665905,126.91030472,192074.650958262,450796.3550944389,26.577130473711204,2008,0.378,22,100.0,0.8274164898333746,0.1237,0.7,0,4,3.871201010907891,,3.552713678800501e-15,28.809715896526715,3.0783093326185908e+16,74.0,1.911261002707377e-15,1.9568318871049213,182.0,1.8968557008132179,2340263686864320.0,184.0,0.6072991995971321,878602005393433.8,212.0,1.6961315839041953,1960705967266759.0,172.0,1.91645003719775,3000199900591813.0,204.0,5.161652591193669,5313142458874909.0,146.0,5.083686450364524,4942698797567888.0,142.0,2.643626359866029,3288407505747440.5,178.0,0.08318125907000952,56774937770548.75,116.0,1.2108168087525668,924992805081174.0,110.0,0.9787217052279844,1.8705926277055115e-15,0.42129969954988983,0.7991447368421044,0.08186394634455224,0.049715909090909144,1.1203783414815698,1.9003090909090903,-0.2820919668078803,-0.5406151602821486,-0.8384676634887464,-4.327878787878789,0.4885681477364085,2.483727272727273,-0.5983516452371672,-1.5818181818181818,-0.22797284380917002,-0.018963068181817387,-0.8227563633265822,-0.9962072342239596
0,저위험군,성동구,성동,단잠성수 1호점,37.53658526,127.06105629,205396.2946164837,448566.3774775603,20.00846703229432,1991,0.067,15,66.7,0.6931471805599453,0.4183,0.12,0,3,4.513822146528786,,7.105427357601002e-15,28.809715896526715,2.112019208008216e+16,74.0,-5.105304638243037e-16,-0.552713056010945,182.0,1.8968557008132172,2464590713302677.5,184.0,0.6072991995971319,849139179040938.2,212.0,1.696131583904194,2356215251289665.0,172.0,1.9164500371977502,2979522257715270.0,204.0,5.161652591193669,5508754299481942.0,146.0,5.083686450364523,5656007807179511.0,142.0,2.643626359866029,3346661391613841.0,178.0,0.08318125907001298,84785023102205.12,116.0,1.2108168087525635,1269464911779496.2,110.0,0.04755427262745433,-2.4277904861321653e-17,-1.5562342212538407,-2.9519517543859655,-0.43270943067834766,-0.26278409090909116,-0.25392541072758923,-0.4306909090909089,-0.45145708961223663,-0.865194956180559,0.6835255085048856,3.528121212121213,-1.1086979463236926,-5.636272727272729,-0.5983516452371672,-1.5818181818181818,-0.41581563646092057,-0.034588068181818164,-0.4675103487352063,-0.5660693885143605
0,저위험군,중구,명동,슬립박스(SLEEP BOX),37.55921779,126.98470314,198648.43727761865,451076.6735329827,27.71133117487995,1996,0.0918,22,54.5,0.146245500320145,0.4095,0.7,0,1,6.625166878396103,,0.0,28.80971589652672,2.9845615404904468e+16,74.0,-7.406691440528208e-17,-0.07662001561223428,182.0,1.8968557008132172,2367456635863672.5,184.0,0.607299199597132,869088703242659.0,212.0,1.6961315839041957,2155880900383883.5,172.0,1.9164500371977498,3094640035064477.0,204.0,5.161652591193667,5768780239379628.0,146.0,5.083686450364521,5334153944544796.0,142.0,2.6436263598660292,3204015464716858.5,178.0,0.08318125907001508,79492884294629.0,116.0,1.2108168087525633,1094736148099528.4,110.0,0.32142704692172785,-2.3807109571894205e-17,-1.3985401979871768,-2.652828947368422,0.08186394634455224,0.04971590909090913,-0.7574240827081221,-1.2846909090909098,-1.1413099736178927,-2.1872635413941732,0.6380620328988299,3.293454545454544,0.4885681477364085,2.4837272727272715,-0.5983516452371672,-1.581818181818182,-0.7915012217644217,-0.06583806818181982,0.6996576136127377,0.847157198934009
0,저위험군,강남구,역삼동,삼정관광호텔,37.50308327,127.0305267,202699.226044114,444846.7643439996,34.71774734789362,1982,0.5653,14,92.9,0.7207623475929187,0.1608,0.85,0,13,9.493863809279103,,1.4210854715202004e-14,28.809715896526715,2.7849006751316496e+16,74.0,-3.810807328022507e-16,-0.41089971251092583,182.0,1.8968557008132172,2306875441923446.5,184.0,0.6072991995971322,859257555176028.4,212.0,1.6961315839041946,2219136646428839.8,172.0,1.9164500371977506,2899307851141315.0,204.0,5.161652591193669,5364316265699051.0,146.0,5.083686450364524,5235981084228978.0,142.0,2.643626359866029,3167394068049860.0,178.0,0.08318125907001316,72219775870181.73,116.0,1.2108168087525648,1143312074145791.0,110.0,-0.445416721102238,1.6973973048001658e-16,1.6122710930114292,3.058245614035086,-0.5062199131101905,-0.30742694805194853,0.8273586225420796,1.4033090909090902,-0.41662376708223164,-0.7984386339222098,-0.6467977833768532,-3.3385454545454563,0.9016542065450553,4.583727272727273,-0.5983516452371672,-1.5818181818181818,1.462612290056585,0.12166193181818202,2.2854958241503653,2.7673167602150586
0,저위험군,종로구,혜화동,홈 어브로드,37.58644126,127.00096654,200085.36810822936,454098.0536140775,27.470468996458948,1997,0.3533,41,73.2,0.6931471805599453,0.1394,0.85,0,3,3.9318256327243257,,-1.0658141036401503e-14,28.809715896526722,2.690706844821698e+16,74.0,-2.4195304437265266e-16,-0.24896969048175072,182.0,1.8968557008132167,2327373546511243.5,184.0,0.6072991995971317,843594607043999.8,212.0,1.6961315839041948,2101716758496475.0,172.0,1.9164500371977502,2982543953159586.0,204.0,5.161652591193668,5724639952621041.0,146.0,5.083686450364522,5293641825230585.0,142.0,2.6436263598660297,3113959735623902.0,178.0,0.08318125907001515,79369438617614.44,116.0,1.2108168087525628,1086495559907357.2,110.0,0.3762016017805826,-9.102312284868031e-17,0.26424153928026883,0.5012280701754375,1.4785631125495662,0.8979301948051953,0.014332078442366747,0.024309090909090676,-0.45145708961223663,-0.865194956180559,-0.7573566899643064,-3.909212121212122,0.9016542065450553,4.5837272727272715,-0.5983516452371672,-1.5818181818181822,-0.41581563646092057,-0.03458806818181907,-0.7892425958940976,-0.9556282012920798
0,저위험군,강남구,삼성동,고유 인 앤 홈즈(goyoo inn & homes),37.50372503,127.05091026,204501.5388663575,444918.7712382533,33.81963232697998,2024,0.4765,12,58.3,2.223120921639799,0.1011,1.0,0,1,7.599416355836778,,0.0,28.80971589652672,2.812560406491607e+16,74.0,-4.314638846239632e-16,-0.4631874782626787,182.0,1.8968557008132174,2357828492510417.5,184.0,0.6072991995971317,850746716209572.0,212.0,1.6961315839041948,2244323698795321.0,172.0,1.916450037197751,2893926152399334.0,204.0,5.1616525911936675,5324968043143617.0,146.0,5.083686450364527,5172564946940008.0,142.0,2.6436263598660292,3184869214200376.5,178.0,0.08318125907001277,72897926210877.83,116.0,1.2108168087525635,1167962673752206.2,110.0,1.8551145829696598,-8.00414944390653e-16,1.0476247516372448,1.9871929824561387,-0.6532408779738762,-0.3967126623376626,-0.600596627501071,-1.0186909090909093,1.4784269021028251,2.8333312915291153,-0.9552261349315709,-4.930545454545455,1.3147402653537024,6.68372727272728,-0.5983516452371672,-1.581818181818182,-0.7915012217644217,-0.06583806818181799,1.2382303820669431,1.4992701597147635
0,저위험군,마포구,서교동,Bari stay,37.55510514,126.91057858,192098.68478194525,450623.8664824908,16.065065100083203,1995,0.3044,16,81.2,1.2069985252424729,0.1422,0.04,0,4,3.555348061489413,,1.0658141036401503e-14,28.809715896526715,3.082187088933181e+16,74.0,1.9375005258925684e-15,1.9802511352501377,182.0,1.8968557008132183,2341138424593926.5,184.0,0.6072991995971322,878136130679484.9,212.0,1.6961315839041957,1962736124225624.0,172.0,1.9164500371977498,2997895124417786.0,204.0,5.161652591193669,5322596650980755.0,146.0,5.083686450364525,4951034999736422.0,142.0,2.643626359866029,3286093028372524.0,178.0,0.08318125907000946,57208733796215.27,116.0,1.2108168087525664,924230121281777.1,110.0,0.26665249206287317,5.166393436023807e-16,-0.04669546627375827,-0.08857456140350975,-0.35919894824650483,-0.2181412337662341,0.3444951420361587,0.5843090909090908,0.19670663869080368,0.37697844503603506,-0.742891038635107,-3.8345454545454563,-1.3290105110216375,-6.756272727272732,-0.5983516452371672,-1.5818181818181818,-0.22797284380917002,-0.018963068181817373,-0.9973623562798545,-1.2076231054007136
0,저위험군,중구,인현동,호텔 피제이 명동,37.56206173,126.99491248,199550.5063778475,451392.2194402472,24.268029208408347,1981,0.0938,45,53.3,1.0968233794253852,0.1623,0.08,1,11,10.22214308147393,,0.0,28.809715896526715,2.7519220019565196e+16,74.0,-2.1705287279662235e-16,-0.2227429080323013,182.0,1.8968557008132174,2307921993220520.0,184.0,0.6072991995971317,856799890337091.0,212.0,1.6961315839041944,2110682389550456.5,172.0,1.9164500371977502,3077959210241155.5,204.0,5.161652591193668,5792026909679807.0,146.0,5.083686450364523,5384599117725423.0,142.0,2.6436263598660292,3106280057137547.0,178.0,0.08318125907001517,79726066536156.4,116.0,1.2108168087525633,1094327153386910.5,110.0,-0.5001912759610927,1.0856795339516328e-16,-1.3858229380463167,-2.6287061403508782,1.7726050422769377,1.0765016233766243,-0.806948542247191,-1.368690909090909,0.057733501774610944,0.11064337162350953,-0.6390483273076392,-3.2985454545454553,-1.218854228672665,-6.196272727272728,1.6712580435934672,4.418181818181819,1.0869267047530837,0.09041193181818415,2.6880943298885076,3.254789798141463
0,저위험군,종로구,창신동,한도,37.56828544,127.01560069,201378.2407354651,452083.0804503707,29.3479270514569,1967,0.1506,1,100.0,2.158832146297985,0.4606,0.25,0,1,4.760719886729057,,-3.552713678800501e-15,28.809715896526715,2.8329761776929988e+16,74.0,-4.2429488898008104e-16,-0.43040519259822824,182.0,1.8968557008132163,2207690269043271.5,184.0,0.6072991995971315,853771586515797.1,212.0,1.6961315839041953,2089399375453565.5,172.0,1.9164500371977498,2914125021787780.5,204.0,5.1616525911936675,5734739698946959.0,146.0,5.083686450364523,5387432248341097.0,142.0,2.6436263598660292,3020456774208627.0,178.0,0.08318125907001522,79292086926587.97,116.0,1.2108168087525633,1072458463328270.6,110.0,-1.2670350439850586,5.375964933215126e-16,-1.0246527557258924,-1.943618421052631,-1.4618561847241476,-0.8877840909090913,1.1203783414815698,1.9003090909090903,1.3973340865545243,2.6779209621551017,0.9020601696567208,4.656121212121212,-0.7506900286895318,-3.816272727272728,-0.5983516452371672,-1.581818181818182,-0.7915012217644217,-0.06583806818181993,-0.331023337406176,-0.40080862102076903
0,저위험군,중구,충무로5가,익스테이 맨션 충무로,37.55916784,126.99738005,199768.51268118183,451071.0229201261,26.51724753633212,1967,0.2252,19,78.9,0.3076240822835546,0.1823,0.85,0,4,5.3471075307174685,,1.0658141036401503e-14,28.809715896526715,2.7251698542164816e+16,74.0,-2.468101212644711e-16,-0.2526692951999795,182.0,1.8968557008132172,2277726990102906.0,184.0,0.6072991995971319,858540166515056.9,212.0,1.6961315839041946,2084567319951910.2,172.0,1.9164500371977509,3061971389419821.5,204.0,5.161652591193668,5786968678489833.0,146.0,5.083686450364523,5404974559604883.0,142.0,2.6436263598660283,3084884035272751.5,178.0,0.08318125907001517,79712800138306.03,116.0,1.2108168087525633,1093861761176007.8,110.0,-1.2670350439850586,3.127170728522868e-16,-0.5502989599318143,-1.0438377192982462,-0.1386675009509763,-0.08421266233766242,0.24957326125294366,0.4233090909090907,-0.9377496551793255,-1.7971503615505964,-0.5357222463847857,-2.765212121212122,0.9016542065450553,4.583727272727272,-0.5983516452371672,-1.5818181818181816,-0.22797284380917002,-0.018963068181818674,-0.006863638968556746,-0.008310609432337614
0,저위험군,강서구,화곡동,호호집,37.5287975,126.85277339,186986.41916934785,447710.46552127466,12.131440949335849,2024,0.3564,16,62.5,0.3087354816496133,0.1011,0.04,0,5,3.555348061489413,,0.0,28.80971589652672,2.7260908203236336e+16,74.0,2.7229380927866247e-15,2.4939532782636693,182.0,1.8968557008132187,2234877283580475.0,184.0,0.6072991995971325,842220420614390.8,212.0,1.6961315839041964,1860355689305049.5,172.0,1.9164500371977493,2788304612470664.5,204.0,5.161652591193668,5092197925559450.0,146.0,5.083686450364525,4729009484404680.0,142.0,2.6436263598660297,3070743510843662.0,178.0,0.08318125907000935,52599644909684.55,116.0,1.2108168087525673,868970547654769.6,110.0,1.8551145829696598,5.05136216445206e-15,0.28395329218860177,0.5386184210526309,-0.35919894824650483,-0.2181412337662342,-0.4272610191143301,-0.7246909090909098,-0.9363477540960787,-1.7944636881674592,-0.9552261349315709,-4.930545454545456,-1.3290105110216375,-6.756272727272732,-0.5983516452371672,-1.5818181818181822,-0.04013005115741947,-0.003338068181818038,-0.9973623562798545,-1.2076231054007145
0,저위험군,마포구,동교동,딥서울 게스트하우스,37.55656829,126.9246742,193344.3101772836,450785.16730367776,31.391870420364544,1990,0.4856,17,88.2,1.4644121403838426,0.42,0.35,0,3,3.9318256327243257,,1.4210854715202004e-14,28.80971589652671,3.03022660290506e+16,74.0,1.618403455584875e-15,1.6867086339547646,182.0,1.896855700813218,2385668664429389.5,184.0,0.607299199597132,881858195824560.1,212.0,1.696131583904195,1972864374363195.5,172.0,1.9164500371977495,3042419626310174.5,204.0,5.161652591193667,5327447302462405.0,146.0,5.0836864503645245,4975121776154179.0,142.0,2.6436263598660297,3288168381531270.5,178.0,0.08318125907001088,62441523068433.734,116.0,1.2108168087525661,933761039984735.8,110.0,-0.007220282231400372,-1.1685329713596434e-17,1.105488284368158,2.096951754385964,-0.285688465814662,-0.17349837662337683,0.6333878226807267,1.0743090909090904,0.5214039859539048,0.9992446882764158,0.692308225383328,3.573454545454544,-0.4752993228171007,-2.416272727272729,-0.5983516452371672,-1.5818181818181822,-0.41581563646092057,-0.0345880681818173,-0.7892425958940976,-0.9556282012920825
0,저위험군,마포구,서교동,더원 게스트하우스,37.5473975,126.9197115,192904.943071923,449767.682225193,30.20613582268496,1991,0.2167,15,80.0,1.683401574031255,0.4183,0.45,0,6,5.111987788356544,,-7.105427357601002e-15,28.809715896526725,3.0248847417552496e+16,74.0,1.906493002313211e-15,1.9617924900995865,182.0,1.8968557008132187,2358442944638261.0,184.0,0.6072991995971322,877609391313076.9,212.0,1.6961315839041955,1965267953276811.8,172.0,1.9164500371977498,3017774898213245.5,204.0,5.161652591193668,5346820404309111.0,146.0,5.0836864503645245,4946571666980661.0,142.0,2.64362635986603,3237984093954372.5,178.0,0.08318125907000959,59291402060580.625,116.0,1.2108168087525664,931989344346143.0,110.0,0.04755427262745433,9.066188799433635e-17,-0.6043473146804694,-1.1463596491228087,-0.43270943067834766,-0.2627840909090913,0.2949706824970898,0.5003090909090905,0.797633695656374,1.5286251257108365,0.6835255085048856,3.5281212121212127,-0.1999086169446694,-1.0162727272727279,-0.5983516452371672,-1.5818181818181827,0.14771274149433108,0.01228693181818131,-0.13683968052026854,-0.16568778527827227
0,저위험군,중구,신당동,스테이 아우어,37.55716023,127.00916391,200809.7047169332,450848.23827889713,13.178380457045929,2022,0.2112,16,93.8,0.3213819908976229,0.1036,0.08,0,7,3.4339872044851463,,0.0,28.809715896526715,2.5010348563921096e+16,74.0,-3.6103846772960726e-16,-0.36920167881124916,182.0,1.8968557008132167,2236694559279896.0,184.0,0.6072991995971315,859199520233747.5,212.0,1.6961315839041948,2136227762305949.2,172.0,1.9164500371977495,2974948120560725.0,204.0,5.161652591193667,5776804221997876.0,146.0,5.083686450364523,5457599429404611.0,142.0,2.6436263598660292,3049071603204439.0,178.0,0.08318125907001526,79292714440267.98,116.0,1.2108168087525628,1075498306962970.6,110.0,1.7455654732519503,-6.302162837845909e-16,-0.6393197795178345,-1.2126973684210531,-0.35919894824650483,-0.21814123376623384,0.8645019671963808,1.4663090909090897,-0.9203956530282627,-1.763892283482661,-0.9423103748162142,-4.863878787878787,-1.218854228672665,-6.196272727272728,-0.5983516452371672,-1.581818181818182,0.33555553414608164,0.02791193181818257,-1.0644515918937816,-1.288855879568414
0,저위험군,종로구,효자동,온세나라의 한옥집,37.57925252,126.97052408,197396.3358716209,453300.5934425172,47.59690067117205,1964,0.2452,38,94.7,1.762277116663548,0.8848,0.25,1,2,3.951243718581428,,-1.4210854715202004e-14,28.80971589652671,2.4275793741694864e+16,74.0,1.9668816690799182e-16,0.20832670875516393,182.0,1.8968557008132176,2492259775581259.5,184.0,0.6072991995971319,861376667488098.6,212.0,1.6961315839041946,2189788628288748.8,172.0,1.9164500371977504,3062831012333605.0,204.0,5.161652591193668,5535543473334705.0,146.0,5.083686450364522,5230148654565823.0,142.0,2.643626359866029,3367597854376186.0,178.0,0.08318125907001493,76939282910262.38,116.0,1.210816808752563,1067623012853748.5,110.0,-1.4313587085616228,-2.815313205747761e-16,-0.4231263605232144,-0.8026096491228081,1.2580316652540378,0.764001623376624,0.9016453118506826,1.5293090909090898,0.8971260222086351,1.7192971986328087,3.0936063460304433,15.968121212121213,-0.7506900286895318,-3.816272727272727,1.6712580435934672,4.418181818181819,-0.6036584291126711,-0.05021306818181934,-0.7785081254116356,-0.9426307239988567
0,저위험군,용산구,청파동,경향,37.54629608,126.96953109,197307.43735440364,449642.8446948801,39.84314950172168,1966,0.3533,58,81.0,4.437184403571243,0.1837,0.85,0,1,5.226982468943414,,0.0,28.80971589652672,2.6079515555733496e+16,74.0,3.494150141080287e-16,0.3659071435955775,182.0,1.8968557008132176,2497916497426386.0,184.0,0.607299199597132,876137029793794.5,212.0,1.6961315839041955,2142605474106934.2,172.0,1.9164500371977502,3138732510587035.0,204.0,5.161652591193669,5361576091899608.0,146.0,5.0836864503645245,4985004802283351.0,142.0,2.643626359866029,3302870050837100.0,178.0,0.08318125907001457,77107979143457.0,116.0,1.210816808752564,1058997996497747.1,110.0,-1.3218095988439134,-4.618601196281737e-16,0.26424153928026883,0.5012280701754377,2.7282413138908943,1.6568587662337677,0.3362410654463138,0.5703090909090905,4.271210566092122,8.18556164826667,-0.5284894207201859,-2.727878787878789,0.9016542065450553,4.583727272727274,-0.5983516452371672,-1.5818181818181818,-0.7915012217644217,-0.06583806818181942,-0.07326971726622179,-0.0887162052384893
0,저위험군,마포구,서교동,누비스테이 홍대,37.55315463,126.927343,193579.8290646797,450406.1060662668,26.43814339262796,2003,0.2894,17,100.0,0.4155154439616658,0.1308,0.85,0,5,3.6375861597263857,,3.552713678800501e-15,28.809715896526715,3.0023030495119876e+16,74.0,1.6221321085984886e-15,1.688779735078443,182.0,1.8968557008132183,2377188759530595.5,184.0,0.6072991995971323,881476523623003.8,212.0,1.696131583904195,1978252147398762.8,172.0,1.9164500371977493,3036245166567573.5,204.0,5.1616525911936675,5400317472110039.0,146.0,5.083686450364524,4999424721973106.0,142.0,2.6436263598660292,3270061907806750.5,178.0,0.08318125907001071,61227479395640.47,116.0,1.2108168087525661,934466827204244.4,110.0,0.7048489309337108,1.1433580825788909e-15,-0.14207491583020837,-0.2694956140350889,-0.285688465814662,-0.17349837662337694,1.1203783414815698,1.90030909090909,-0.8016572464299003,-1.5363360597404279,-0.8017869047611335,-4.138545454545455,0.9016542065450553,4.583727272727273,-0.5983516452371672,-1.581818181818182,-0.04013005115741947,-0.0033380681818180923,-0.9519004892062924,-1.1525771125907696
0,저위험군,중구,을지로3가,아르보 스테이,37.56344317,126.99317659,199397.1477959029,451545.5527242177,28.944416726284096,1931,0.0858,32,65.6,0.3669189783089517,0.6692,0.25,0,3,4.969813299576001,,3.552713678800501e-15,28.809715896526722,2.8000907668046492e+16,74.0,-1.9672912585343933e-16,-0.20214733616259078,182.0,1.8968557008132163,2320376298523391.0,184.0,0.6072991995971317,857707393410728.6,212.0,1.696131583904195,2121861380159152.2,172.0,1.91645003719775,3073634433935936.0,204.0,5.161652591193668,5789103941812458.0,146.0,5.083686450364524,5388835507989462.0,142.0,2.6436263598660283,3142973456400109.0,178.0,0.08318125907001513,79721335477083.45,116.0,1.2108168087525633,1094890687054367.0,110.0,-3.238919018903828,6.371897072990294e-16,-1.4366919778097567,-2.725197368421052,0.8169687706629807,0.49614448051948085,-0.299322831971736,-0.5076909090909097,-0.8629560377744563,-1.6538121306928797,1.9797511936820829,10.21878787878788,-0.7506900286895318,-3.8162727272727284,-0.5983516452371672,-1.5818181818181816,-0.41581563646092057,-0.03458806818181906,-0.21543485536937282,-0.260852144072414
0,저위험군,종로구,동숭동,루미혜화하우스,37.580752,127.00444944,200393.0196194091,453466.61941146734,35.55615277740367,1989,0.1266,48,68.8,1.1887633856624071,0.4218,1.0,0,3,3.912023005428146,,0.0,28.809715896526715,2.6918120036213844e+16,74.0,-2.990921438841744e-16,-0.3056041261166952,182.0,1.8968557008132167,2284012810961260.0,184.0,0.6072991995971316,847136131027159.4,212.0,1.696131583904195,2075866800243439.8,172.0,1.9164500371977502,2989060783018082.5,204.0,5.1616525911936675,5739407572458878.0,146.0,5.083686450364521,5314146062721716.0,142.0,2.643626359866029,3041648071278761.5,178.0,0.08318125907001518,79395834698711.23,116.0,1.2108168087525633,1085623062166710.5,110.0,-0.06199483709025508,1.8542168735074523e-17,-1.1772598750162127,-2.233092105263158,1.9931364895724661,1.2104301948051954,-0.16725760653421906,-0.2836909090909096,0.17370513022215486,0.3328972032756887,0.701607572666385,3.6214545454545455,1.3147402653537024,6.683727272727271,-0.5983516452371672,-1.5818181818181818,-0.41581563646092057,-0.03458806818181909,-0.8001896439064685,-0.9688830710316801
0,저위험군,송파구,잠실동,K 하우스,37.50598335,127.08452337,207473.420827214,445171.55432598176,35.213510030625415,1989,0.378,16,68.8,0.917889453237852,0.4218,0.85,0,3,5.119908146573998,,0.0,28.80971589652671,2.616293043519977e+16,74.0,-4.577963327422976e-16,-0.48662367060376505,182.0,1.8968557008132172,2363478964619140.5,184.0,0.6072991995971319,839490758484132.2,212.0,1.6961315839041957,2236173317130591.2,172.0,1.9164500371977506,2876816200634846.5,204.0,5.161652591193669,5199718151856389.0,146.0,5.083686450364523,5071486813600291.0,142.0,2.6436263598660292,3170420461271594.0,178.0,0.0831812590700125,73556742244137.84,116.0,1.2108168087525637,1177662754633142.0,110.0,-0.06199483709025508,2.8381009068874947e-17,0.42129969954988983,0.7991447368421041,-0.35919894824650483,-0.21814123376623398,-0.16725760653421906,-0.2836909090909097,-0.16797084232760692,-0.3219077270268798,0.701607572666385,3.6214545454545464,0.9016542065450553,4.583727272727272,-0.5983516452371672,-1.581818181818182,-0.41581563646092057,-0.03458806818181797,-0.13246124424588715,-0.16038630104119897
0,저위험군,마포구,성산동,애플트리(Apple tree),37.55542606,126.91044486,192086.90315652284,450659.4960361249,30.277460006151085,1971,0.3196,17,88.2,0.4640806109426134,0.4535,0.04,1,3,5.056245805348308,,3.552713678800501e-15,28.809715896526715,3.0819892997599692e+16,74.0,1.9357389737946532e-15,1.9781908322449782,182.0,1.8968557008132185,2340785114725650.5,184.0,0.6072991995971322,878213818014896.0,212.0,1.6961315839041948,1962254940737690.2,172.0,1.9164500371977493,2997419530089333.0,204.0,5.161652591193669,5320870269505688.0,146.0,5.083686450364524,4949760246956146.0,142.0,2.643626359866029,3286222287735472.5,178.0,0.08318125907000949,57148423299319.16,116.0,1.2108168087525664,924118516793674.2,110.0,-1.0479368245496399,-2.0285321533553475e-15,0.049955709276777706,0.09475877192982357,-0.285688465814662,-0.1734983766233769,0.6333878226807267,1.0743090909090902,-0.7403979347208322,-1.4189356495368755,0.8653794109291078,4.46678787878788,-1.3290105110216375,-6.75627272727273,1.6712580435934672,4.418181818181819,-0.41581563646092057,-0.03458806818181672,-0.16765428684342254,-0.20299862856944026
0,저위험군,성동구,성동,노스타노바(NOSTANOVA),37.54742489,127.02578209,202278.35014216288,449768.0050723623,28.72286504750066,1992,0.3318,15,40.0,2.158545722771108,0.4165,0.35,0,4,5.499092602000238,,-1.4210854715202004e-14,28.809715896526725,2.3152310292101416e+16,74.0,-4.73011204034287e-16,-0.4963807630277284,182.0,1.896855700813217,2348522608719612.5,184.0,0.6072991995971313,859295351302705.6,212.0,1.6961315839041953,2272621667760115.5,172.0,1.9164500371977504,2995964554776660.0,204.0,5.161652591193667,5750675912798458.0,146.0,5.083686450364522,5691839035082946.0,142.0,2.6436263598660292,3201684129070280.0,178.0,0.08318125907001546,74976943171022.27,116.0,1.2108168087525633,1078273384280297.2,110.0,0.10232882748630905,-4.840268189671588e-17,0.12753099491602365,0.24190789473684085,-0.43270943067834766,-0.2627840909090909,-1.35584463547187,-2.2996909090909092,1.3969727965764487,2.6772285679631804,0.6742261612218287,3.480121212121211,-0.4752993228171007,-2.4162727272727276,-0.5983516452371672,-1.581818181818182,-0.22797284380917002,-0.01896306818181874,0.07715490299617875,0.09342045342544673
0,저위험군,성동구,송정동,쁠랑호텔,37.54875799,127.06804784,206013.2461342243,449917.82690774096,25.077918322475256,1983,0.378,10,80.0,0.6931471805599453,0.1594,0.12,1,4,6.753227861531505,,-3.552713678800501e-15,28.809715896526722,1.881331454987856e+16,74.0,-5.294881103158772e-16,-0.569562321948035,182.0,1.8968557008132167,2478328119503823.0,184.0,0.6072991995971314,846988256820998.0,212.0,1.696131583904195,2360328436432830.5,172.0,1.9164500371977498,2983565580247659.5,204.0,5.1616525911936675,5410411529053062.0,146.0,5.08368645036452,5646771024879168.0,142.0,2.6436263598660297,3341602114887673.5,178.0,0.08318125907001331,88759365642938.72,116.0,1.2108168087525633,1194151391592151.0,110.0,-0.3906421662433833,2.0684038241390977e-16,0.42129969954988983,0.799144736842104,-0.8002618428375619,-0.4859983766233767,0.2949706824970898,0.5003090909090904,-0.45145708961223663,-0.8651949561805587,-0.654030609041453,-3.3758787878787886,-1.1086979463236926,-5.6362727272727255,1.6712580435934672,4.41818181818182,-0.22797284380917002,-0.01896306818181825,0.7704507316130504,0.9328746961527914
0,저위험군,성동구,성동,성수 삼삼오오 271,37.53861002,127.05772063,205101.3433911488,448790.9148730624,34.45206210937243,1992,0.1384,28,82.1,2.451005098112319,0.4165,0.7,0,6,3.8501476017100575,,-7.105427357601002e-15,28.809715896526722,2.0521388356634532e+16,74.0,-5.129677428559199e-16,-0.5548255101783532,182.0,1.896855700813217,2470178431433562.5,184.0,0.6072991995971317,850235433005651.1,212.0,1.696131583904195,2361763052742461.5,172.0,1.9164500371977502,2990522323700242.0,204.0,5.161652591193668,5514892129400534.0,146.0,5.0836864503645245,5638722807052770.0,142.0,2.643626359866029,3351728054760663.0,178.0,0.08318125907001316,86774834487000.64,116.0,1.2108168087525633,1263002881922209.0,110.0,0.10232882748630905,-5.249138766474476e-17,-1.1022280413651386,-2.0907675438596494,0.5229268409356093,0.31757305194805213,0.38163848669045997,0.64730909090909,1.7658762957303806,3.384213692639113,0.6742261612218287,3.4801212121212117,0.4885681477364085,2.4837272727272732,-0.5983516452371672,-1.5818181818181818,0.14771274149433108,0.012286931818181836,-0.8343948534049789,-1.0102993136393794
0,저위험군,마포구,망원동,럭스리움,37.55544104,126.89980353,191146.636219026,450662.1076668845,28.837670748294546,2017,0.6753,18,100.0,1.4898927617843176,0.2417,0.25,0,3,4.499809670330265,,-1.0658141036401503e-14,28.80971589652672,3.1104598960517944e+16,74.0,2.076834603649907e-15,2.092293223604015,182.0,1.8968557008132183,2327384092947767.0,184.0,0.6072991995971322,875073280154237.6,212.0,1.6961315839041957,1951249577555425.0,172.0,1.9164500371977495,2975570238354954.5,204.0,5.161652591193668,5316830077334362.0,146.0,5.0836864503645245,4982703284510875.0,142.0,2.6436263598660292,3258451766467648.5,178.0,0.08318125907000937,57838283102902.64,116.0,1.2108168087525666,932748904871142.9,110.0,1.4716926989576768,3.0564623231342287e-15,2.3117203897587295,4.385000000000001,-0.21217798338281915,-0.12885551948051968,1.1203783414815698,1.9003090909090907,0.5535448273418241,1.0608410049498607,-0.2288437860439108,-1.1812121212121216,-0.7506900286895318,-3.8162727272727293,-0.5983516452371672,-1.581818181818182,-0.41581563646092057,-0.034588068181816665,-0.4752565557118434,-0.5754486261257505
0,저위험군,용산구,서계동,롬우드스테이,37.55041496,126.96628057,197020.3501790272,450100.0888086085,35.77393929876651,1990,0.2539,26,84.6,0.7294268546405941,0.42,1.0,0,4,3.4657359027997265,,0.0,28.80971589652671,2.5785483108984972e+16,74.0,4.221513118259928e-16,0.4460399743270815,182.0,1.8968557008132179,2526550861550111.5,184.0,0.607299199597132,874741399335213.8,212.0,1.6961315839041944,2156342097305240.8,172.0,1.916450037197749,3120257786994777.0,204.0,5.161652591193668,5433394537511697.0,146.0,5.083686450364522,5056089358882679.0,142.0,2.6436263598660283,3350316683432490.5,178.0,0.08318125907001446,76107476612927.8,116.0,1.210816808752564,1044317121057200.6,110.0,-0.007220282231400372,-3.0480516157395733e-18,-0.3678062797804733,-0.6976754385964922,0.3759058760719236,0.22828733766233789,0.48481444406352,0.8223090909090895,-0.4056944988219744,-0.777493237358295,0.692308225383328,3.5734545454545454,1.3147402653537024,6.683727272727273,-0.5983516452371672,-1.5818181818181816,-0.22797284380917002,-0.018963068181818515,-1.0469006619297037,-1.2676049185586706
0,저위험군,서초구,방배동,달빛채,37.48178547,126.99267254,199351.9087406821,442482.5751170964,23.624121915364952,1996,0.3595,19,84.2,1.324418957401803,0.1408,0.35,0,4,6.489584798376419,,-3.552713678800501e-15,28.80971589652672,2.579282392474354e+16,74.0,4.651065989771667e-16,0.46775695600469486,182.0,1.896855700813217,2069362020974992.2,184.0,0.6072991995971327,847164251564018.9,212.0,1.6961315839041948,1979815645033142.2,172.0,1.91645003719775,2688078859944181.5,204.0,5.1616525911936675,5109124091789425.0,146.0,5.0836864503645245,4770791719103502.0,142.0,2.643626359866029,2733874221817905.5,178.0,0.08318125907001349,71984358764290.8,116.0,1.2108168087525657,1096735506107656.9,110.0,0.32142704692172785,1.4949784061303903e-16,0.3036650450969347,0.5760087719298232,-0.1386675009509763,-0.08421266233766254,0.4683062908838307,0.7943090909090903,0.3448188619532867,0.6608281208168622,-0.7501238642997067,-3.871878787878788,-0.4752993228171007,-2.416272727272729,-0.5983516452371672,-1.5818181818181818,-0.22797284380917002,-0.018963068181818293,0.6247067741411024,0.7564054626716394
0,저위험군,송파구,잠실동,플러스모텔,37.50846214,127.08358571,207390.27005223653,445446.5942451269,29.63280232128728,1988,0.4151,35,94.3,0.6184236343640088,0.1523,0.7,0,1,7.182268521765566,,0.0,28.80971589652672,2.5993745592877544e+16,74.0,-4.63046984122037e-16,-0.4934215201455041,182.0,1.8968557008132167,2372673236828780.0,184.0,0.6072991995971316,840130183820504.2,212.0,1.6961315839041957,2245237359860478.8,172.0,1.9164500371977498,2885409222125431.5,204.0,5.161652591193668,5222849067863299.0,146.0,5.083686450364521,5113192559277841.0,142.0,2.6436263598660292,3184840589249929.0,178.0,0.08318125907001249,73737698047067.84,116.0,1.2108168087525633,1182759011971337.8,110.0,-0.11676939194910979,5.4069714779799356e-17,0.657204871452843,1.2466228070175425,1.037500217958509,0.6300730519480522,0.8851371586709929,1.5013090909090905,-0.5457121553926055,-1.0458300805014231,-0.6907113677690659,-3.565212121212122,0.4885681477364085,2.4837272727272715,-0.5983516452371672,-1.581818181818182,-0.7915012217644217,-0.06583806818181777,1.0076277807285314,1.220052653872148
0,저위험군,마포구,서교동,트랭퀼 해븐 홍대,37.55253691,126.92819217,193654.8116846904,450337.4888688275,29.10183856667696,2004,0.2423,22,100.0,0.7351805622664975,0.1293,1.0,0,2,3.970291913552122,,1.7763568394002505e-14,28.80971589652671,2.997260701754328e+16,74.0,1.6106313826705908e-15,1.677654503360717,182.0,1.8968557008132187,2376722507452989.0,184.0,0.6072991995971323,881457707946195.2,212.0,1.6961315839041955,1980073232847915.0,172.0,1.9164500371977495,3036114843516644.5,204.0,5.161652591193669,5415087305841459.0,146.0,5.0836864503645245,5018129062406681.0,142.0,2.64362635986603,3266859915154799.5,178.0,0.08318125907001069,60941566150527.08,116.0,1.2108168087525661,937977759165683.2,110.0,0.7596234857925656,1.2234734252311338e-15,-0.44156638743746146,-0.8375877192982473,0.08186394634455224,0.04971590909090916,1.1203783414815698,1.9003090909090905,-0.3984368656076927,-0.7635843459148174,-0.8095363608303474,-4.178545454545456,1.3147402653537024,6.6837272727272765,-0.5983516452371672,-1.5818181818181827,-0.6036584291126711,-0.050213068181816777,-0.7679781335184177,-0.9298808328185226
0,저위험군,종로구,익선동,ICON,37.57209924,126.98812931,198951.3390567781,452506.3196915821,26.89115911290025,2012,0.1735,19,47.4,2.7817292841849,0.1179,0.7,0,10,6.759255270663693,,0.0,28.809715896526715,2.7467284882582308e+16,74.0,-1.2442539424461958e-16,-0.1287665840664408,182.0,1.8968557008132172,2356166814355886.0,184.0,0.607299199597132,859793963978265.9,212.0,1.6961315839041948,2157108049761619.2,172.0,1.91645003719775,3056129881834046.5,204.0,5.161652591193668,5798461811428997.0,146.0,5.083686450364522,5348144359529842.0,142.0,2.6436263598660297,3230913702476104.0,178.0,0.08318125907001514,79492799815279.05,116.0,1.210816808752563,1092917509958537.8,110.0,1.1978199246634031,-1.4903921636030447e-16,-0.8790401294030455,-1.667412280701755,-0.1386675009509763,-0.08421266233766245,-1.0504438016476125,-1.781690909090909,2.183046404757209,4.1836993636013675,-0.8684322269563739,-4.4825454545454555,0.4885681477364085,2.483727272727272,-0.5983516452371672,-1.5818181818181822,0.8990839121013333,0.07478693181818373,0.773782730755053,0.936909136720677
0,저위험군,중구,을지로5가,머큐어 앰배서더 서울 동대문(MERCURE AMBASSADOR SEOUL DONGDAEMUN),37.56466188,127.00107824,200095.26157320905,451680.7938687005,30.319097536746924,2021,0.3441,31,58.1,0.9496384970203852,0.105,0.25,1,24,14.139046624834336,,0.0,28.80971589652671,2.8667656804818068e+16,74.0,-2.843604283485523e-16,-0.2906753881893273,182.0,1.8968557008132167,2292608691503525.5,184.0,0.6072991995971317,855656073391621.8,212.0,1.6961315839041948,2067006673630748.2,172.0,1.9164500371977495,3017124208796459.5,204.0,5.161652591193667,5786986215854157.0,146.0,5.083686450364522,5390699859240862.0,142.0,2.643626359866029,3074848767440672.5,178.0,0.08318125907001518,79587015064984.98,116.0,1.210816808752563,1091296993214922.5,110.0,1.6907909183930956,-4.807940298021028e-16,0.20574214355231288,0.39026315789473587,0.7434582882311378,0.45150162337662364,-0.6088507040909157,-1.032690909090909,-0.1279231149039155,-0.24515825831606086,-0.9350775491516146,-4.826545454545454,-0.7506900286895318,-3.816272727272727,1.6712580435934672,4.418181818181819,3.528883009225841,0.29353693181818946,4.853389394410782,5.876565458173998
0,저위험군,마포구,성산동,베이스캠프 하우스,37.56114282,126.9089216,191952.9226058561,451294.1180953971,28.464606230772915,2025,0.5363,20,95.0,0.4107007221621094,0.1,0.85,0,4,3.80666248977032,,0.0,28.809715896526715,3.07329665849047e+16,74.0,1.84879517151066e-15,1.9003018227094735,182.0,1.8968557008132187,2356627118534715.0,184.0,0.6072991995971322,879614159804036.2,212.0,1.6961315839041957,1953972487832721.0,172.0,1.9164500371977495,3007398528833286.0,204.0,5.161652591193668,5242963080780547.0,146.0,5.083686450364523,4922074159799050.0,142.0,2.6436263598660297,3296382012372706.0,178.0,0.08318125907000962,55419686067262.484,116.0,1.2108168087525668,922322264977880.1,110.0,1.9098891378285143,3.5309938161380146e-15,1.427870823868959,2.7084649122807023,-0.06515701851913346,-0.03956980519480527,0.9140264267354498,1.5503090909090906,-0.8077304581955919,-1.5479750666546972,-0.9609090693823278,-4.959878787878789,0.9016542065450553,4.583727272727272,-0.5983516452371672,-1.5818181818181822,-0.22797284380917002,-0.018963068181817408,-0.8584337650659313,-1.0394060319425815
0,저위험군,마포구,노고산동,브라운스위트 신촌 센트럴,37.55187417,126.93478522,194237.34543579628,450263.5080709609,25.09337646744551,2006,0.1408,12,16.7,1.4423838277709342,0.1265,0.85,0,20,9.463744615072162,,3.552713678800501e-15,28.809715896526715,2.927041158617913e+16,74.0,1.4319324500022722e-15,1.4948483341930239,182.0,1.8968557008132187,2396026722016420.0,184.0,0.6072991995971321,882203989203328.6,212.0,1.6961315839041946,2015961859808018.2,172.0,1.9164500371977489,3052146701725590.0,204.0,5.1616525911936675,5459396711658631.0,146.0,5.083686450364524,5159634347418963.0,142.0,2.64362635986603,3278703001726020.0,178.0,0.0831812590700114,62912932418317.91,116.0,1.210816808752566,943639557090785.9,110.0,0.8691725955102749,1.2445964441638619e-15,-1.0869673294361066,-2.0618201754385987,-0.6532408779738762,-0.39671266233766284,-2.317444558188789,-3.9306909090909072,0.4936178307182327,0.9459939100414291,-0.8240020121595469,-4.253212121212122,0.9016542065450553,4.583727272727273,-0.5983516452371672,-1.5818181818181827,2.7775118386188384,0.2310369318181773,2.268845696864431,2.747156506229382
0,저위험군,서초구,방배동,강남 세븐호스텔,37.48303485,126.99437557,199502.5447800139,442621.22932751366,34.39786439750224,1981,0.4552,20,90.0,0.8821132800725685,0.1623,1.0,0,1,7.403286537948042,,-1.4210854715202004e-14,28.809715896526722,2.5792003821191252e+16,74.0,3.8597679639821774e-16,0.39020522515288497,182.0,1.8968557008132174,2075842291376820.8,184.0,0.6072991995971326,850028426463008.6,212.0,1.6961315839041944,1966355824239341.0,172.0,1.9164500371977506,2684272864952659.0,204.0,5.161652591193672,5093154935315308.0,146.0,5.083686450364526,4797518449598799.0,142.0,2.6436263598660292,2755389387586796.0,178.0,0.08318125907001356,71485575797283.16,116.0,1.2108168087525653,1098923620756279.5,110.0,-0.5001912759610927,-1.9306222628179942e-16,0.912185933267086,1.7302850877192972,-0.06515701851913346,-0.039569805194805296,0.7076745119893297,1.2003090909090897,-0.21309832525275532,-0.4083922933574213,-0.6390483273076392,-3.2985454545454576,1.3147402653537024,6.683727272727278,-0.5983516452371672,-1.581818181818182,-0.7915012217644217,-0.06583806818181862,1.129808277213222,1.367990852717547
0,저위험군,중구,오장동,호텔스카이파크 동대문1호점,37.56144741,127.00129028,200114.0000221455,451324.02578588703,29.972654484708585,2014,0.3287,29,75.9,0.7390842757469709,0.115,0.85,0,21,9.0173331260194,,-7.105427357601002e-15,28.809715896526715,2.7510568631302624e+16,74.0,-2.8897431275527914e-16,-0.29521900824996905,182.0,1.896855700813217,2286377136462247.0,184.0,0.6072991995971316,857393702053132.8,212.0,1.6961315839041946,2078318695990094.2,172.0,1.9164500371977498,3020350002859845.0,204.0,5.1616525911936675,5782639428418331.0,146.0,5.0836864503645245,5405819080248126.0,142.0,2.6436263598660283,3050191010149923.0,178.0,0.0831812590700152,79624196353626.97,116.0,1.2108168087525635,1090017751924485.0,110.0,1.3073690343811126,-3.777960682278149e-16,0.1078192420076907,0.204517543859648,0.5964373233674521,0.3622159090909093,0.12576211240527166,0.21330909090909078,-0.3935127849179872,-0.7541475912938667,-0.8834145086901878,-4.559878787878788,0.9016542065450553,4.583727272727274,-0.5983516452371672,-1.5818181818181816,2.965354631270589,0.24666193181818827,2.0220659170481774,2.4483514007675997
0,저위험군,용산구,동자동,희망여관,37.55051637,126.97389741,197693.4227008997,450111.1299532199,30.501200453004973,1971,0.1709,32,40.6,2.041177466512061,0.1766,1.0,0,4,6.244807472153034,,3.552713678800501e-15,28.809715896526715,2.7417584066307892e+16,74.0,1.9530638253605284e-16,0.20413685700607911,182.0,1.8968557008132179,2470771465384047.5,184.0,0.607299199597132,876064158613099.2,212.0,1.6961315839041944,2145282796287532.8,172.0,1.9164500371977495,3125672819133441.0,204.0,5.161652591193667,5479057789142418.0,146.0,5.083686450364524,5084884610796825.0,142.0,2.6436263598660297,3280858982014067.5,178.0,0.08318125907001482,78138517984841.64,116.0,1.2108168087525637,1086128068572793.5,110.0,-1.0479368245496399,-2.0466875032910846e-16,-0.8955725673261635,-1.6987719298245627,0.8169687706629807,0.496144480519481,-1.3310824057023356,-2.257690909090908,1.2489263871459326,2.3935050211030737,-0.5651701794477989,-2.917212121212121,1.3147402653537024,6.683727272727275,-0.5983516452371672,-1.5818181818181822,-0.22797284380917002,-0.018963068181818594,0.48939194432434824,0.5925639922560196
0,저위험군,영등포구,신길동,a.Hidden House,37.51202771,126.91372908,192372.67861155287,445842.5413719901,29.57059560655298,1998,0.3441,72,61.1,1.338639915414386,0.138,0.85,0,5,4.110873864173311,,-3.552713678800501e-15,28.809715896526715,2.3940159506765972e+16,74.0,2.6711655207900367e-15,2.61795566507097,182.0,1.8968557008132179,2366386163110425.5,184.0,0.6072991995971324,840076329091230.1,212.0,1.6961315839041966,1916316823694157.8,172.0,1.9164500371977498,2895066247432179.5,204.0,5.161652591193667,5126149746284362.0,146.0,5.083686450364524,5041898715619307.0,142.0,2.6436263598660297,3163652363897341.0,178.0,0.0831812590700084,54282095488156.62,116.0,1.2108168087525675,907035843639043.8,110.0,0.4309761566394373,1.151208649897871e-15,0.20574214355231288,0.3902631578947361,3.757388067936694,2.2818587662337704,-0.48503955524324366,-0.8226909090909099,0.36275694708405853,0.6952055647329861,-0.7645895156289061,-3.9465454545454537,0.9016542065450553,4.583727272727273,-0.5983516452371672,-1.5818181818181822,-0.04013005115741947,-0.0033380681818179995,-0.690263326280703,-0.835782437926133
0,저위험군,송파구,방이동,Songpa lovely room,37.50698768,127.11531591,210195.91207223,445285.9129525293,28.00658827983177,1997,0.7114,16,100.0,0.3396185423105778,0.1394,0.55,0,4,4.672828834461906,,-1.0658141036401503e-14,28.809715896526722,2.457967989737136e+16,74.0,-4.628821283043937e-16,-0.48752401584416377,182.0,1.8968557008132176,2344519184367849.5,184.0,0.6072991995971316,831711099149021.8,212.0,1.6961315839041948,2212451613362547.2,172.0,1.91645003719775,2855184526046512.0,204.0,5.161652591193668,5064392168216442.0,146.0,5.083686450364522,5043888179858537.0,142.0,2.6436263598660283,3143921720477596.0,178.0,0.08318125907001242,73496044181704.12,116.0,1.2108168087525633,1151876791856014.0,110.0,0.3762016017805826,-1.7413699810371806e-16,2.541266931691253,4.820416666666667,-0.35919894824650483,-0.2181412337662339,1.1203783414815698,1.9003090909090898,-0.8973923636965713,-1.7198076287872708,-0.7573566899643064,-3.909212121212122,0.07548208892776191,0.38372727272727314,-0.5983516452371672,-1.5818181818181816,-0.22797284380917002,-0.01896306818181805,-0.37961020189823874,-0.45963841323234167
0,저위험군,마포구,합정동,S HOUSE,37.5440966,126.91325664,192334.19202186813,449401.8288621306,40.91182040074411,1988,0.3196,9,77.8,3.8756553612572713,0.4236,0.85,0,4,3.4339872044851463,,0.0,28.80971589652671,3.0533412368003668e+16,74.0,2.0786619074354382e-15,2.1138105066276256,182.0,1.8968557008132185,2351783124104848.0,184.0,0.607299199597132,873943248398135.1,212.0,1.6961315839041953,1947217272327644.2,172.0,1.9164500371977498,2993009019531029.0,204.0,5.161652591193668,5360653658436578.0,146.0,5.0836864503645245,5003376166415986.0,142.0,2.6436263598660297,3221641902368324.5,178.0,0.08318125907000913,58614538998514.016,116.0,1.2108168087525666,927744785505688.5,110.0,-0.11676939194910979,-2.4272408699901286e-16,0.049955709276777706,0.09475877192982357,-0.8737723252694047,-0.5306412337662343,0.2041758400087969,0.34630909090909023,3.5629069654826364,6.82813318653132,0.7109069199494417,3.6694545454545455,0.9016542065450553,4.583727272727274,-0.5983516452371672,-1.5818181818181822,-0.22797284380917002,-0.018963068181817297,-1.0644515918937816,-1.288855879568418
0,저위험군,마포구,서교동,cooKorean Home,37.5549824,126.9134127,192349.09634885588,450610.00935295445,34.262532001711364,1968,0.2423,20,85.0,1.3684594934838563,0.4588,0.7,0,3,4.219507705176107,,0.0,28.80971589652672,3.0627723937367108e+16,74.0,1.8906407229126592e-15,1.9400994189188425,182.0,1.8968557008132183,2344627438126723.0,184.0,0.6072991995971324,878866857154162.8,212.0,1.6961315839041948,1965300292469235.5,172.0,1.9164500371977498,3003834358389143.5,204.0,5.161652591193669,5317040965501129.0,146.0,5.0836864503645245,4934422310323664.0,142.0,2.643626359866029,3285866879872368.5,178.0,0.08318125907000959,57143464703008.89,116.0,1.2108168087525664,926119281883153.2,110.0,-1.2122604891262039,-2.29194904752002e-15,-0.44156638743746146,-0.837587719298247,-0.06515701851913346,-0.03956980519480528,0.5013225972432098,0.8503090909090902,0.4003708778403804,0.7672907837300927,0.8927608223736638,4.608121212121213,0.4885681477364085,2.4837272727272732,-0.5983516452371672,-1.5818181818181818,-0.41581563646092057,-0.034588068181816756,-0.6302096851431308,-0.7630684798099653
0,저위험군,중구,서소문동,ENA 스위트 호텔,37.55956061,126.97310353,197623.55804409643,451114.9525318081,14.4479114085873,2017,0.412,3,0.0,0.3113518165376857,0.1108,0.18,0,28,9.556472939837557,,0.0,28.809715896526715,2.842246483645217e+16,74.0,1.78251405614656e-16,0.18732277867305647,182.0,1.8968557008132179,2477420096952477.5,184.0,0.6072991995971317,871646634653578.6,212.0,1.6961315839041953,2167780321888961.0,172.0,1.9164500371977502,3100576757517401.0,204.0,5.161652591193669,5605010792184814.0,146.0,5.083686450364523,5202053114336049.0,142.0,2.6436263598660292,3328200095657846.0,178.0,0.08318125907001495,77872997142608.39,116.0,1.2108168087525635,1090239154332063.5,110.0,1.4716926989576768,2.6233129222203266e-16,0.6374931185445097,1.2092324561403498,-1.3148352198604618,-0.7984983766233772,-3.00665995344083,-5.099690909090909,-0.933047551823396,-1.7881390153992172,-0.9051129856839869,-4.671878787878789,-0.9434635228002337,-4.796272727272728,-0.5983516452371672,-1.581818181818182,4.280254179832843,0.35603693181819007,2.3201066436131144,2.809224122185252
0,저위험군,강남구,일원동,제이스테이,37.49133577,127.08174129,207228.845589374,443545.6454601459,37.0165515174813,1987,0.5567,19,89.5,1.0068047394149868,0.4254,0.35,1,3,3.258096538021482,,-1.4210854715202004e-14,28.809715896526715,2.7258013651431316e+16,74.0,-4.2503798770881505e-16,-0.44443734654442124,182.0,1.896855700813217,2320557919735811.5,184.0,0.6072991995971319,837443067040155.1,212.0,1.6961315839041942,2176292697143851.2,172.0,1.9164500371977502,2825833398643992.0,204.0,5.161652591193671,5079908880337143.0,146.0,5.083686450364522,4999481815390029.0,142.0,2.643626359866029,3088022099094710.0,178.0,0.08318125907001253,71793107323103.92,116.0,1.210816808752564,1157337816877201.8,110.0,-0.1715439468079645,7.291269395488524e-17,1.557586875265731,2.9545175438596467,-0.1386675009509763,-0.08421266233766242,0.6870393205147177,1.1653090909090895,-0.05581454656601844,-0.1069657898426216,0.7202062672324986,3.717454545454548,-0.4752993228171007,-2.4162727272727276,1.6712580435934672,4.418181818181819,-0.41581563646092057,-0.034588068181817984,-1.1616853347657239,-1.4065881298156877
0,저위험군,중구,태평로2가,유에이치스위트 서울스퀘어,37.56031367,126.9764151,197916.17332429704,451198.4547078691,26.01521400722202,1959,0.2864,18,77.8,2.426199048961222,0.3342,0.08,0,1,6.148275969731844,,-1.0658141036401503e-14,28.80971589652672,2.8634604635389388e+16,74.0,9.609380569571995e-17,0.10054886947607392,182.0,1.8968557008132176,2446244744656015.0,184.0,0.6072991995971319,872012467239349.1,212.0,1.6961315839041957,2163582835368791.0,172.0,1.9164500371977502,3095968344035439.5,204.0,5.161652591193668,5686341951475112.0,146.0,5.083686450364523,5167571569257007.0,142.0,2.6436263598660292,3291003461776174.0,178.0,0.08318125907001502,78635498495539.95,116.0,1.2108168087525637,1092364045601445.0,110.0,-1.7052314828558963,-1.638621827797789e-16,-0.1611508057414984,-0.30567982456140463,-0.21217798338281915,-0.12885551948051963,0.2041758400087969,0.34630909090909034,1.7345863488057947,3.324248072691575,0.24903933822428662,1.2854545454545454,-1.218854228672665,-6.196272727272728,-0.5983516452371672,-1.581818181818182,-0.7915012217644217,-0.06583806818181977,0.43602857107564186,0.5279507229547491
0,저위험군,송파구,송파동,소호가,37.50243318,127.10880697,209620.9939549316,444779.7365248626,28.76890183296275,1997,0.4089,23,100.0,0.8139836537032191,0.1394,0.7,0,4,5.94521116259052,,0.0,28.809715896526722,2.5129607930491524e+16,74.0,-4.541309726347338e-16,-0.477556975265897,182.0,1.8968557008132172,2335905182998320.5,184.0,0.6072991995971317,832543687838623.6,212.0,1.6961315839041944,2206673229196450.2,172.0,1.9164500371977506,2849402592038440.5,204.0,5.1616525911936675,5065562790230162.0,146.0,5.083686450364524,4996603382652595.0,142.0,2.643626359866029,3130088775466444.5,178.0,0.08318125907001236,72846477629286.58,116.0,1.2108168087525633,1157325281336508.5,110.0,0.3762016017805826,-1.7084479932336075e-16,0.6177813656361768,1.1718421052631565,0.15537442877639507,0.09435876623376628,1.1203783414815698,1.9003090909090894,-0.2990359278150945,-0.5730874149847018,-0.7573566899643064,-3.909212121212121,0.4885681477364085,2.483727272727273,-0.5983516452371672,-1.5818181818181818,-0.22797284380917002,-0.018963068181818036,0.32377274965603875,0.3920294874995674
0,저위험군,성동구,행당동,소노체호스텔 한양,37.55719846,127.03528869,203118.0363607778,450853.02718076535,16.625194940482757,1993,0.2167,30,83.3,0.462134464596392,0.1451,0.12,0,5,5.697093486505405,,3.552713678800501e-15,28.80971589652671,2.3644707445782824e+16,74.0,-5.229136661037228e-16,-0.5454349376164612,182.0,1.896855700813216,2353179952119730.0,184.0,0.6072991995971319,854684151637975.5,212.0,1.6961315839041946,2248829562929928.2,172.0,1.91645003719775,2990611435448393.5,204.0,5.1616525911936675,5717051648855718.0,146.0,5.083686450364524,5570904489522923.0,142.0,2.6436263598660283,3188512952318050.0,178.0,0.08318125907001536,75936713034860.12,116.0,1.210816808752563,1067855249056366.5,110.0,0.15710338234516374,-8.215150561940445e-17,-0.6043473146804694,-1.146359649122807,0.669947805799295,0.4068587662337666,0.4311629462295289,0.7313090909090899,-0.7428527720675545,-1.4236402226613165,-0.7279087569012931,-3.757212121212121,-1.1086979463236926,-5.63627272727273,-0.5983516452371672,-1.5818181818181816,-0.04013005115741947,-0.003338068181818279,0.18661134818151606,0.22595215708215668
0,저위험군,중구,주교동,빡하우스,37.56575916,126.99835599,199854.755266115,451802.579796506,16.640593273797194,1998,0.2774,29,69.0,0.5999981253811083,0.138,0.18,0,5,4.718498871295094,,-3.552713678800501e-15,28.80971589652672,2.853177969634662e+16,74.0,-2.5136641298057913e-16,-0.2576880030307567,182.0,1.8968557008132172,2289839710990103.5,184.0,0.6072991995971317,854912723747147.8,212.0,1.6961315839041948,2089548978963218.8,172.0,1.9164500371977504,3041136396774399.5,204.0,5.161652591193668,5790863211700409.0,146.0,5.083686450364522,5374584655132491.0,142.0,2.6436263598660297,3070570971662278.5,178.0,0.0831812590700152,79660304859788.75,116.0,1.2108168087525633,1093113998227430.8,110.0,0.4309761566394373,-1.0833293057461155e-16,-0.21837847547536846,-0.414232456140352,0.5964373233674521,0.36221590909090934,-0.15900352994437417,-0.2696909090909094,-0.5689537927295995,-1.090371517240442,-0.7645895156289061,-3.946545454545455,-0.9434635228002337,-4.7962727272727275,-0.5983516452371672,-1.5818181818181822,-0.04013005115741947,-0.0033380681818182723,-0.35436344658329577,-0.4290692175305456
0,저위험군,중구,을지로5가,주)동대문레지던스 웨스턴코업,37.56377738,127.00254459,200224.81498787244,451582.62726146297,20.966014240954188,2005,0.3904,8,87.5,1.0729099392447417,0.1279,0.08,0,1,9.48971452907175,,1.4210854715202004e-14,28.80971589652671,2.8252225704435724e+16,74.0,-2.9884406124802666e-16,-0.30536029950108745,182.0,1.8968557008132167,2276270591052844.5,184.0,0.6072991995971316,856172940294050.4,212.0,1.696131583904195,2071237464447053.8,172.0,1.9164500371977498,3018366537623709.5,204.0,5.161652591193668,5777727514548112.0,146.0,5.083686450364521,5397346563739176.0,142.0,2.6436263598660283,3045392989556208.0,178.0,0.0831812590700152,79587842585305.69,116.0,1.210816808752563,1089311904540099.9,110.0,0.8143980406514203,-2.4337801794070595e-16,0.500146711183222,0.948706140350876,-0.9472828077012476,-0.5752840909090913,0.6044985546162698,1.0253090909090903,0.027569477286918092,0.05283552577203669,-0.8167691864949471,-4.215878787878788,-1.218854228672665,-6.196272727272726,-0.5983516452371672,-1.5818181818181816,-0.7915012217644217,-0.06583806818181992,2.2832020694395725,2.764539443456071
0,저위험군,종로구,낙원동,에비뉴162,37.56847519,126.98905206,199032.8082555176,452104.0824219166,16.65695624371452,1968,0.1894,21,76.2,0.7049197167852125,0.1808,0.08,0,1,6.210158212348561,,0.0,28.80971589652672,2.7818859074376056e+16,74.0,-1.3888787335228277e-16,-0.14348293997408626,182.0,1.8968557008132172,2356725561236444.0,184.0,0.6072991995971316,860002691353984.5,212.0,1.6961315839041944,2151488729292789.0,172.0,1.9164500371977495,3064602129529455.5,204.0,5.161652591193669,5800901689781983.0,146.0,5.083686450364522,5361354880727264.0,142.0,2.64362635986603,3206095199510436.0,178.0,0.08318125907001515,79580866060704.84,116.0,1.210816808752563,1094129456547555.1,110.0,-1.2122604891262039,1.6836828128373657e-16,-0.7779379128732085,-1.4756359649122814,0.008353463912709391,0.005073051948051937,0.13814322729003872,0.23430909090909052,-0.43660740389998814,-0.8367362754449451,-0.5434717024539998,-2.8052121212121226,-1.218854228672665,-6.196272727272727,-0.5983516452371672,-1.5818181818181827,-0.7915012217644217,-0.06583806818181988,0.4702375611710657,0.5693715431727379
0,저위험군,강남구,역삼동,아마레호텔,37.49188162,127.03944599,203488.4068546428,443603.8200439438,24.120896655932725,1983,0.2834,5,60.0,1.6774703228259271,0.1594,0.04,1,1,7.641545238004099,,3.552713678800501e-15,28.80971589652672,2.8086270257105492e+16,74.0,-3.599230561947091e-16,-0.38034559047743166,182.0,1.896855700813217,2295542941271492.0,184.0,0.6072991995971322,852106524541164.0,212.0,1.696131583904195,2140672902713808.8,172.0,1.9164500371977513,2831619756424767.5,204.0,5.161652591193671,5136094330078371.0,146.0,5.0836864503645245,5183868578540908.0,142.0,2.643626359866029,3068723249239004.0,178.0,0.08318125907001295,71889014723024.38,116.0,1.2108168087525637,1158679965186570.2,110.0,-0.3906421662433833,1.4060112235284014e-16,-0.18022669565278843,-0.34186403508772034,-1.167814254996776,-0.7092126623376633,-0.5304369764873901,-0.8996909090909092,0.790152111858783,1.5142870441636465,-0.654030609041453,-3.375878787878791,-1.3290105110216375,-6.756272727272731,1.6712580435934672,4.418181818181819,-0.7915012217644217,-0.06583806818181813,1.2615195592501214,1.5274690869101726
0,저위험군,마포구,서교동,해피트리 게스트하우스 2호점,37.55203802,126.92685848,193536.91912422684,450282.2088996308,26.21892546445975,2005,0.2744,24,75.0,0.1233790211605046,0.1279,1.0,0,5,3.7612001156935615,,7.105427357601002e-15,28.809715896526715,2.977955317931253e+16,74.0,1.6527323473700507e-15,1.7200951938698248,182.0,1.896855700813218,2369493320449895.0,184.0,0.6072991995971322,881070476940780.1,212.0,1.696131583904195,1978859106671614.8,172.0,1.9164500371977502,3029478001183812.5,204.0,5.161652591193671,5417710338947341.0,146.0,5.083686450364524,4998795968087465.0,142.0,2.6436263598660292,3268796334342262.0,178.0,0.08318125907001059,61203969091333.7,116.0,1.2108168087525661,935543489523346.2,110.0,0.8143980406514203,1.3459819854193919e-15,-0.23745436538665848,-0.450416666666668,0.22888491120823792,0.13900162337662356,0.08861876775096983,0.15030909090909045,-1.1701533785026912,-2.2425404857585556,-0.8167691864949471,-4.215878787878791,1.3147402653537024,6.683727272727275,-0.5983516452371672,-1.581818181818182,-0.04013005115741947,-0.0033380681818180875,-0.8835657227769493,-1.0698362287759404
0,저위험군,중구,무학동,에이(A)모텔,37.5612303,127.01441469,201273.5838361631,451300.0260202504,17.737085026663937,1981,0.1814,25,80.0,0.6294313661738377,0.1623,0.18,0,3,6.175222571687899,,1.0658141036401503e-14,28.809715896526708,2.72507071863762e+16,74.0,-4.05563262548007e-16,-0.41448122443021634,182.0,1.8968557008132167,2228951058605446.0,184.0,0.607299199597132,856930955055127.0,212.0,1.6961315839041948,2113414614715839.2,172.0,1.91645003719775,2931425483380273.5,204.0,5.161652591193668,5764906576717409.0,146.0,5.083686450364523,5458379820729081.0,142.0,2.6436263598660297,3061419089005855.5,178.0,0.08318125907001524,79091985621598.17,116.0,1.2108168087525628,1064806289082722.1,110.0,-0.5001912759610927,2.0285920577683127e-16,-0.8288069526366485,-1.5721271929824565,0.3023953936400808,0.1836444805194807,0.2949706824970898,0.5003090909090903,-0.5318271815303172,-1.019220221826551,-0.6390483273076392,-3.2985454545454553,-0.9434635228002337,-4.796272727272728,-0.5983516452371672,-1.5818181818181822,-0.41581563646092057,-0.03458806818181911,0.4509248644296093,0.5459874053358416
0,저위험군,마포구,망원동,아이엠하우스,37.55346886,126.90268505,191401.02089431547,450442.9516547507,24.324099903374595,2002,0.5422,21,81.0,2.0526781244810195,0.1322,0.25,0,4,4.248495242049359,,-3.552713678800501e-15,28.80971589652672,3.105048095940037e+16,74.0,2.0634460366966043e-15,2.0861287596771048,182.0,1.8968557008132185,2332052069454582.5,184.0,0.6072991995971324,875138179839531.0,212.0,1.696131583904196,1956336576643286.0,172.0,1.9164500371977495,2982641839952505.5,204.0,5.16165259119367,5333838079050979.0,146.0,5.083686450364525,4988784867269818.0,142.0,2.643626359866029,3252130526063307.0,178.0,0.08318125907000934,57995151317330.445,116.0,1.210816808752567,932207341181443.2,110.0,0.6500743760748561,1.3413933948696797e-15,1.4653867406944963,2.7796271929824568,0.008353463912709391,0.005073051948051943,0.3362410654463138,0.5703090909090907,1.2634331300478197,2.421306469077013,-0.7945540790965336,-4.101212121212123,-0.7506900286895318,-3.8162727272727297,-0.5983516452371672,-1.5818181818181818,-0.22797284380917002,-0.018963068181817345,-0.6141851469257659,-0.7436656995838823
2,고위험군,강남구,논현동,네스트 스테이 강남,37.50686725,127.02706852,202393.3267075386,445266.643872084,54.3186028290802,2001,0.7183,22,100.0,3.0677091940818224,0.1337,1.0,2,4,6.49266398747934,,-7.105427357601002e-15,40.365658006130005,2.380271564410556e+16,92.0,-6.150188944971296e-16,-0.2946172127003913,80.0,2.054489822613888,1155076369928278.5,106.0,0.6123235821702558,609760006526415.1,204.0,1.3537586644488189,1198047457247639.5,178.0,1.9556599579023912,1532085106531228.5,132.0,4.586489132255069,3204987410579762.5,162.0,2.7650651734133027,2108453249107323.5,154.0,2.772712369557565,2252552422248474.5,162.0,0.06975559990220917,70601742556333.94,218.0,1.0584344586188725,884354653230021.9,188.0,0.46950087430509424,-2.8875190868055486e-16,2.14422870541496,4.405296052631587,0.022203585843602113,0.013595779220779229,1.0534776861688293,1.4261545454545463,2.4246237891494493,4.741739657417148,-0.8555775139856451,-3.9240969696969707,0.7997509995881376,2.211363636363636,1.495090003192804,4.145454545454547,-0.16494276924450332,-0.011505681818181986,0.8927744653704335,0.9449432579231081
2,고위험군,강남구,신사동,제나스위트 강남,37.52131098,127.02335495,202064.58477805,446869.6265644877,44.21391585681708,1997,0.548,26,96.2,1.2682018716470194,0.4077,0.7,1,6,5.3706380281276624,,-7.105427357601002e-15,40.365658006130005,2.4660071654238744e+16,92.0,-7.871515018227459e-16,-0.4388287714121334,80.0,2.0544898226138875,1278847051879249.5,106.0,0.6123235821702562,610373317723105.2,204.0,1.353758664448819,1192802141697255.5,178.0,1.9556599579023919,1584671611095867.8,132.0,4.5864891322550685,3170559953803060.5,162.0,2.765065173413303,2170771610566979.8,154.0,2.7727123695575644,2245509369997584.8,162.0,0.06975559990220921,70170734665182.03,218.0,1.0584344586188723,869207659811470.8,188.0,0.21014069264251892,-1.654125618076308e-16,1.1444393684541536,2.3512390350877235,0.31383277304315216,0.19216720779220794,0.8569877156996087,1.1601545454545465,0.20026416873956976,0.3916486158065845,0.7375074047775118,3.3825696969696972,-0.7192005391979657,-1.988636363636364,-0.6688560540599386,-1.854545454545455,0.2830499373455057,0.01974431818181848,0.18321044633161218,0.1939162495763219
2,고위험군,영등포구,영등포동,더문 호텔,37.51580863,126.90636727,191722.22911323144,446262.7978393025,32.49846399468791,2002,0.1531,8,50.0,0.8261050142355639,0.1322,1.0,1,1,7.430363217859262,,-7.105427357601002e-15,40.365658006130005,2.3808224458935624e+16,92.0,6.072617339909382e-15,3.0099145864485344,80.0,2.054489822613882,1455990192554851.0,106.0,0.6123235821702557,611569601862036.8,204.0,1.353758664448818,1151045137570619.8,178.0,1.9556599579023897,1785772359722473.2,132.0,4.58648913225507,3430518711794049.5,162.0,2.7650651734133054,2479854050018444.0,154.0,2.7727123695575644,2639352312581098.0,162.0,0.06975559990220893,62591672055654.81,218.0,1.0584344586188712,801212141153022.5,188.0,0.534340919720738,3.244847934519281e-15,-1.173921225590605,-2.411809210526313,-0.9984985693548231,-0.6114042207792207,-1.531916662110391,-2.073845454545454,-0.3462089606976538,-0.6770670015034037,-0.8642987817890929,-3.9640969696969712,0.7997509995881376,2.2113636363636378,-0.6688560540599386,-1.854545454545455,-0.8369318291295168,-0.05838068181818247,1.485771114879719,1.5725913456092722
2,고위험군,영등포구,신길동,아로마 여인숙,37.51155879,126.91911017,192848.38294327768,445790.07461654535,44.65250547552038,1961,0.1384,49,87.8,0.5858608097089048,0.6113,0.85,1,1,4.083452121055677,,-7.105427357601002e-15,40.36565800613001,2.436759056584442e+16,92.0,6.540472713182778e-15,3.208956878001388,80.0,2.054489822613882,1222850902985253.5,106.0,0.6123235821702557,613337154657608.1,204.0,1.353758664448819,1155920049044487.8,178.0,1.9556599579023894,1764126574263609.8,132.0,4.586489132255069,3450404617699531.0,162.0,2.765065173413304,2466276084229198.0,154.0,2.772712369557565,2654065653297700.0,162.0,0.0697555999022089,63398204433980.766,218.0,1.0584344586188719,807687545620704.9,188.0,-2.1241009423206587,-1.3892624253294094e-14,-1.2602213034139982,-2.5891118421052606,1.9907005994405649,1.218952922077922,0.4226414651886994,0.5721545454545457,-0.6431733025062458,-1.2578282737033055,1.9212741546321783,8.811903030303032,0.04027523019508597,0.11136363636363612,-0.6688560540599386,-1.8545454545454552,-0.8369318291295168,-0.05838068181818244,-0.630799958561221,-0.6676604126365527
2,고위험군,중구,황학동,The Market Place,37.56357881,127.01988503,201756.85067801285,451560.77114260296,31.901463134448683,1986,0.1814,30,83.3,1.4707167976820796,0.1551,0.7,1,4,4.04305126783455,,3.552713678800501e-15,40.365658006130005,2.6756880048438356e+16,92.0,-2.6753424696851804e-15,-1.7839214986157952,80.0,2.0544898226138884,1267198113953011.0,106.0,0.6123235821702566,603938537143929.6,204.0,1.353758664448819,1074472548538677.4,178.0,1.9556599579023914,1514532341153288.8,132.0,4.586489132255068,2952905620079136.5,162.0,2.765065173413303,1915917735447798.8,154.0,2.772712369557564,2041711913846875.2,162.0,0.06975559990220942,67011650123761.055,218.0,1.0584344586188728,777882042872551.4,188.0,-0.5030998069295631,1.3459642799690748e-15,-1.0077788988965897,-2.070471491228074,0.6054619602427022,0.3707386363636369,0.18995597384356955,0.2571545454545455,0.4505915880207447,0.8812039260598213,-0.7311540933231212,-3.353430303030303,-0.7192005391979657,-1.988636363636364,-0.6688560540599386,-1.8545454545454545,-0.16494276924450332,-0.011505681818182028,-0.6563492709859925,-0.6947026853009508
2,고위험군,영등포구,영등포동,호텔야자(YaJa) 영등포점,37.51574165,126.90931265,191982.6136527946,446255.1088402938,37.0816701289444,2003,0.2365,5,60.0,1.2566871069515022,0.1308,0.7,2,11,7.507179519406147,,0.0,40.36565800613,2.4143227732503996e+16,92.0,6.234191321561e-15,3.081112787268658,80.0,2.0544898226138817,1431759160790864.0,106.0,0.612323582170256,612795135087140.4,204.0,1.3537586644488184,1152615387516929.5,178.0,1.9556599579023897,1783376659282482.8,132.0,4.586489132255068,3434551293524523.5,162.0,2.7650651734133036,2479662847492912.0,154.0,2.7727123695575657,2643559199719457.5,162.0,0.0697555999022089,62753007841557.984,218.0,1.0584344586188714,802794530949150.0,188.0,0.5991809651363819,3.7354087728977755e-15,-0.6843003758987012,-1.405888157894735,-1.2172204597544856,-0.7453327922077925,-1.014837792454547,-1.3738454545454548,0.18603084092372388,0.363813066529436,-0.8724386317389777,-4.001430303030302,-0.7192005391979657,-1.9886363636363644,1.495090003192804,4.145454545454548,1.4030317038205282,0.09786931818181924,1.5343493881353576,1.6240082639632438
2,고위험군,영등포구,영등포동,유토피아모텔,37.51541218,126.90888949,191945.16797520875,446218.5779760317,44.399653893629925,2000,0.2337,16,75.0,1.295104123055294,0.4025,0.7,2,1,5.458521118088372,,7.105427357601002e-15,40.36565800613,2.4065509975443184e+16,92.0,6.213707147760441e-15,3.0711253928433955,80.0,2.054489822613882,1427250807553708.2,106.0,0.6123235821702561,612320305852961.5,204.0,1.3537586644488186,1152259830742543.5,178.0,1.95565995790239,1782399526723422.5,132.0,4.5864891322550685,3434148843567472.5,162.0,2.7650651734133054,2479099357316346.5,154.0,2.7727123695575644,2642722449040911.5,162.0,0.0697555999022089,62734211819089.766,218.0,1.0584344586188719,802561926357870.5,188.0,0.4046608288894504,2.5144438848890424e-15,-0.7007384859602999,-1.4396600877192969,-0.41524019495572295,-0.25426136363636376,-0.23921948797078088,-0.32384545454545455,0.23351787156402654,0.45668155087235984,0.7072736763922257,3.2439030303030316,-0.7192005391979657,-1.9886363636363658,1.495090003192804,4.145454545454546,-0.8369318291295168,-0.05838068181818244,0.23878730531453907,0.2527407122256534
2,고위험군,중구,신당동,Q모텔,37.56099285,127.01364236,201205.34984232945,451273.661689668,35.19195289534111,1967,0.2002,42,71.4,0.6046684518763659,0.1823,1.0,1,3,4.857095538727753,,-2.1316282072803006e-14,40.36565800613002,2.685156895942524e+16,92.0,-2.128036928701339e-15,-1.4401187770449781,80.0,2.054489822613888,1257014089358225.0,106.0,0.6123235821702566,603693465403770.4,204.0,1.3537586644488195,1094991566399817.8,178.0,1.9556599579023917,1512558470479383.0,132.0,4.586489132255069,2957551885601821.5,162.0,2.7650651734133036,1906621479265997.0,154.0,2.7727123695575635,2030590811229673.5,162.0,0.06975559990220938,66626464840016.9,218.0,1.0584344586188728,780610175438017.1,188.0,-1.7350606698267959,3.692273178928702e-15,-0.8974087313401414,-1.8437171052631613,1.4803495218413523,0.9064529220779234,-0.42536788104688444,-0.5758454545454547,-0.6199252949705975,-1.2123630762648263,-0.5730084371539319,-2.6280969696969705,0.7997509995881376,2.2113636363636364,-0.6688560540599386,-1.8545454545454543,-0.3889391225395078,-0.027130681818182293,-0.14155144503884343,-0.14982292709640738
2,고위험군,용산구,동자동,송림여인숙,37.5502854,126.97368101,197674.29315604665,450085.5003887676,53.92358545161853,1958,0.1735,29,44.8,1.756491330390597,0.8984,1.0,1,1,4.3295484280286765,,1.4210854715202004e-14,40.36565800613,2.536969981149683e+16,92.0,8.556065364930062e-16,0.5285082473793274,80.0,2.0544898226138857,1119645054041946.9,106.0,0.612323582170256,646607631291517.1,204.0,1.3537586644488195,1113493421422680.1,178.0,1.955659957902393,1345328492063326.2,132.0,4.5864891322550685,3228995618352145.5,162.0,2.765065173413304,1987742545425852.0,154.0,2.7727123695575635,2246015744763781.2,162.0,0.06975559990220938,63168355119012.16,218.0,1.058434458618873,782254739428215.4,188.0,-2.31862107856759,-1.983827350472894e-15,-1.0541578522846717,-2.16575657894737,0.5325546634428147,0.3260957792207793,-1.8007976743314302,-2.437845454545457,0.8038356805417178,1.5720292531686573,3.5905248122121143,16.467903030303034,0.7997509995881376,2.211363636363637,-0.6688560540599386,-1.8545454545454543,-0.8369318291295168,-0.05838068181818284,-0.47516979404410803,-0.5029360837111169
2,고위험군,송파구,풍납동,이유스테이,37.53422358,127.11938001,210551.41264893275,448309.20516568096,30.592498873619395,1997,0.3287,11,36.4,0.0618754037180874,0.1394,1.0,1,3,5.067330637772801,,3.552713678800501e-15,40.365658006130005,2.774161289102605e+16,92.0,-9.007224952463192e-16,-0.4195409006263787,80.0,2.0544898226138857,1418363814445325.5,106.0,0.6123235821702556,596474425044219.4,204.0,1.3537586644488189,1190916228025104.0,178.0,1.9556599579023917,1538692199725287.8,132.0,4.586489132255067,3131136037524077.5,162.0,2.765065173413303,2117402191983862.0,154.0,2.772712369557565,2257019150020396.5,162.0,0.06975559990220928,69738748311983.92,218.0,1.0584344586188719,900275141269970.4,188.0,0.21014069264251892,-1.8927844902975946e-16,-0.14301689458462996,-0.29382675438596517,-0.7797766789551605,-0.47747564935064923,-2.235143924842339,-3.0258454545454563,-1.290868348944313,-2.524499540953965,-0.8224366963325429,-3.7720969696969684,0.7997509995881376,2.211363636363636,-0.6688560540599386,-1.8545454545454552,-0.3889391225395078,-0.027130681818182255,-0.008599742292478977,-0.009102263577601803
2,고위험군,마포구,서교동,하우스32,37.54976841,126.91854844,192802.3919686037,450030.91314629855,36.53387793972917,1994,0.129,23,87.0,0.7985076962177716,0.413,0.7,1,6,4.0943445622221,,0.0,40.365658006130005,3.0864240411692676e+16,92.0,-3.0942472668112596e-15,-1.5959307546732866,80.0,2.054489822613885,1608368739540049.0,106.0,0.612323582170256,637015312489281.6,204.0,1.3537586644488184,1144610968212864.2,178.0,1.95565995790239,1822387428633649.8,132.0,4.58648913225507,3388794865738085.5,162.0,2.765065173413304,2423007120289894.5,154.0,2.772712369557565,2601515155550579.0,162.0,0.0697555999022091,62304633191378.9,218.0,1.0584344586188723,821761403209763.5,188.0,0.015620556395587458,-4.833386393311763e-17,-1.3154063871922224,-2.7024890350877198,0.09511088264348962,0.05823863636363639,0.381275155616232,0.5161545454545456,-0.3803218309622377,-0.7437801759289696,0.768322551016361,3.523903030303032,-0.7192005391979657,-1.9886363636363646,-0.6688560540599386,-1.8545454545454552,0.2830499373455057,0.01974431818181845,-0.6239116292255457,-0.660369567505359
2,고위험군,마포구,서교동,홍대 안미당,37.55226731,126.92308069,193203.11907444432,450307.9237822276,43.04899367617268,1992,0.3105,14,85.7,2.828747057042775,0.4165,0.7,1,3,3.8918202981106265,,-7.105427357601002e-15,40.36565800613001,3.080765236263435e+16,92.0,-3.1915200669586985e-15,-1.6473064295588598,80.0,2.0544898226138844,1593593934813093.8,106.0,0.6123235821702561,639534991559569.1,204.0,1.3537586644488186,1137501422183935.0,178.0,1.9556599579023894,1811824316501258.8,132.0,4.586489132255069,3382597803029081.0,162.0,2.765065173413305,2366459549188357.5,154.0,2.7727123695575657,2585390792582199.5,162.0,0.06975559990220916,62348388937722.32,218.0,1.0584344586188723,822751853572052.8,188.0,-0.11405953443570019,3.640232929795038e-16,-0.24986460998502144,-0.5133442982456141,-0.561054788555498,-0.3435470779220781,0.3140549025609724,0.4251545454545459,2.129244202853952,4.164077628117267,0.7886721758910729,3.6172363636363642,-0.7192005391979657,-1.9886363636363653,-0.6688560540599386,-1.8545454545454558,-0.3889391225395078,-0.027130681818182206,-0.751987035679467,-0.7959289909978072
2,고위험군,중구,을지로1가,프레지던트호텔,37.56288054,126.97864626,198113.3705720918,451483.2998601986,43.8893256661317,1971,0.2894,19,47.4,3.1939813570440467,0.1766,1.0,1,30,10.532842600008294,,-2.1316282072803006e-14,40.365658006130005,2.65559440409244e+16,92.0,7.352603339348125e-16,0.4895668834876764,80.0,2.054489822613887,1154744117492797.5,106.0,0.6123235821702562,642067569663336.6,204.0,1.353758664448819,1145797951030568.0,178.0,1.9556599579023923,1381574491774100.8,132.0,4.5864891322550685,3277873014822695.5,162.0,2.7650651734133045,2044038191454392.8,154.0,2.7727123695575635,2312779873143915.5,162.0,0.06975559990220945,61802457341445.25,218.0,1.0584344586188728,783162062634576.4,188.0,-1.4757004881642204,-1.0850240337153906e-15,-0.3737375108063545,-0.7678399122807029,-0.19651830455606042,-0.12033279220779229,-1.6663571682209106,-2.2558454545454563,2.5807080111880425,5.046987320518374,-0.606149254807034,-2.7800969696969697,0.7997509995881376,2.2113636363636373,-0.6688560540599386,-1.8545454545454543,5.658962416425614,0.3947443181818255,3.4477647042747006,3.6492329682142506
2,고위험군,마포구,연남동,수림,37.55939966,126.92228398,193133.373235312,451099.5877675628,37.35191496471453,2002,0.5363,19,89.5,0.7688931547179056,0.1322,0.55,2,4,3.49650756146648,,-7.105427357601002e-15,40.36565800613001,3.0790091217351e+16,92.0,-3.1620536367205616e-15,-1.609461725178749,80.0,2.054489822613884,1612085917987886.0,106.0,0.6123235821702563,641011838812200.8,204.0,1.353758664448819,1143804975328307.2,178.0,1.9556599579023901,1813209575085612.0,132.0,4.586489132255069,3361672908899550.5,162.0,2.7650651734133045,2273955289752766.5,154.0,2.7727123695575653,2546879719468522.0,162.0,0.06975559990220918,62063039516429.45,218.0,1.0584344586188723,826156501715402.9,188.0,0.534340919720738,-1.6896146484515694e-15,1.0757515514110445,2.210120614035087,-0.19651830455606042,-0.12033279220779232,0.510544873030193,0.691154545454546,-0.4169281784152313,-0.8153697438478514,-0.8642987817890929,-3.9640969696969703,-1.4786763085910166,-4.088636363636365,1.495090003192804,4.145454545454547,-0.16494276924450332,-0.011505681818181988,-1.0019809790928016,-1.0605311951524972
2,고위험군,중구,충무로2가,호텔 스카이파크3,37.55856041,126.98658709,198814.88433521293,451003.6867227514,37.15250047705151,1969,0.1086,27,81.5,0.7798304197287472,0.1794,1.0,1,11,8.67709870892586,,7.105427357601002e-15,40.36565800613,2.7699522971584136e+16,92.0,4.886408716941924e-16,0.3305967491589421,80.0,2.054489822613887,1182086499343932.2,106.0,0.6123235821702563,636077466225098.6,204.0,1.3537586644488198,1130715391207888.2,178.0,1.9556599579023923,1439040502302695.2,132.0,4.586489132255069,3116250403932163.5,162.0,2.7650651734133036,1971312266049049.5,154.0,2.7727123695575635,2118260622318322.5,162.0,0.06975559990220949,62405611278171.53,218.0,1.058434458618873,770769283905669.1,188.0,-1.6053805789955082,-7.844545655212925e-16,-1.4351697604981557,-2.948541666666671,0.38674006984303966,0.23681006493506515,0.09688177730551775,0.1311545454545457,-0.40340869430725856,-0.7889302301263923,-0.5898695549072646,-2.7054303030303037,0.7997509995881376,2.2113636363636364,-0.6688560540599386,-1.8545454545454543,1.4030317038205282,0.09786931818182006,2.2742008640726072,2.407092560355263
2,고위험군,종로구,동숭동,Leafful House,37.5783436,127.00515084,200454.9890288192,453199.3177875284,35.544361614580126,1996,0.1408,23,69.6,0.1156843989994622,0.4095,0.85,1,3,3.7612001156935615,,1.4210854715202004e-14,40.365658006130005,2.7025169021442988e+16,92.0,-1.896291893303635e-15,-1.2781945280088856,80.0,2.054489822613888,1214508487379945.0,106.0,0.6123235821702567,611042803419735.6,204.0,1.353758664448819,1105787245860519.4,178.0,1.9556599579023914,1435756872339066.0,132.0,4.586489132255066,2992391263877266.0,162.0,2.765065173413304,1834710260025672.0,154.0,2.772712369557564,2036391108511657.5,162.0,0.06975559990220949,63304975304229.33,218.0,1.0584344586188728,779491961481672.2,188.0,0.1453006472268751,-2.7553243942809455e-16,-1.2461314947897706,-2.560164473684215,0.09511088264348962,0.05823863636363646,-0.518442077584937,-0.7018454545454553,-1.2243553901880404,-2.394422810832709,0.7479729261416491,3.4305696969696946,0.04027523019508597,0.11136363636363612,-0.6688560540599386,-1.8545454545454545,-0.3889391225395078,-0.027130681818182335,-0.8345906339571667,-0.8833594858208356
2,고위험군,서초구,방배동,모라하우스,37.48457925,126.98554291,198721.362543126,442792.7205462048,35.55389338636671,2016,0.4704,27,63.0,1.1065804583172865,0.1122,0.85,1,5,6.478617163309689,,7.105427357601002e-15,40.36565800613,2.5409006363612936e+16,92.0,2.781767295965999e-15,1.4419458345643201,80.0,2.054489822613887,1268403180423010.0,106.0,0.6123235821702556,591949901102717.4,204.0,1.3537586644488189,1074828392001519.9,178.0,1.9556599579023919,1402313832588260.8,132.0,4.5864891322550685,3229858735387343.0,162.0,2.765065173413305,2164828893562638.8,154.0,2.772712369557566,2075224297095031.2,162.0,0.06975559990220895,70457083451907.48,218.0,1.0584344586188725,824348127436944.0,188.0,1.4421015555397516,4.011590944662176e-15,0.6888688896041324,1.4152741228070194,0.38674006984303966,0.2368100649350649,-0.8597141315577937,-1.163845454545455,0.00048496188543485863,0.0009484205404538003,-0.9805823525017323,-4.4974303030303036,0.04027523019508597,0.11136363636363616,-0.6688560540599386,-1.854545454545456,0.05905358405050119,0.004119318181818229,0.8838913188358306,0.9355410295299236
2,고위험군,송파구,석촌동,하늘둥지,37.50327974,127.10307074,209113.6786011519,444873.1228510604,37.11583106171823,2002,0.4182,11,100.0,1.534474873960645,0.1322,0.85,1,6,4.584967478670572,,0.0,40.365658006130005,2.7426593130680044e+16,92.0,-3.4416816787045506e-16,-0.1600660962178075,80.0,2.0544898226138852,1389019343557436.2,106.0,0.6123235821702555,594423162496789.1,204.0,1.3537586644488186,1166668826243960.0,178.0,1.9556599579023917,1499435792536771.2,132.0,4.586489132255069,3128151964283064.5,162.0,2.765065173413302,2068597406766065.5,154.0,2.772712369557565,2220546618951253.5,162.0,0.06975559990220921,69871968992343.3,218.0,1.0584344586188725,892853036913212.9,188.0,0.534340919720738,-1.8390313535850032e-16,0.3824155520271855,0.7856688596491234,-0.7797766789551605,-0.4774756493506491,1.0534776861688293,1.4261545454545461,0.5294025428754129,1.035331354713149,-0.8642987817890929,-3.9640969696969703,0.04027523019508597,0.11136363636363604,-0.6688560540599386,-1.8545454545454552,0.2830499373455057,0.01974431818181848,-0.31364396961731433,-0.3319715851809762
2,고위험군,종로구,봉익동,쁘띠호텔 통통,37.57075446,126.99107424,199211.4810351305,452357.0359448493,33.38854405232454,1988,0.0799,19,78.9,0.5920510636885765,0.1523,1.0,1,1,6.367689635491389,,7.105427357601002e-15,40.365658006130005,2.72553263480904e+16,92.0,-2.7911453278261443e-16,-0.18982583400595185,80.0,2.054489822613888,1197299069177700.8,106.0,0.6123235821702563,630970540685310.0,204.0,1.3537586644488193,1141294066752102.8,178.0,1.9556599579023912,1441208886310100.2,132.0,4.586489132255069,3063736085911879.5,162.0,2.7650651734133036,1955959247903780.8,154.0,2.7727123695575635,2077001539851453.5,162.0,0.06975559990220952,61458667430896.336,218.0,1.0584344586188732,778397515193883.6,188.0,-0.37341971609827546,1.0422686959058668e-16,-1.6036603886295422,-3.2947039473684265,-0.19651830455606042,-0.12033279220779232,-0.037558728805001405,-0.050845454545454104,-0.6355215687117798,-1.2428640843129408,-0.7474337932228907,-3.428096969696971,0.7997509995881376,2.2113636363636364,-0.6688560540599386,-1.8545454545454543,-0.8369318291295168,-0.058380681818182956,0.8137412641024502,0.8612917943261144
2,고위험군,종로구,충신동,스위스장,37.57279777,127.00329189,200290.80400755,452583.78727442585,41.51239210699492,1990,0.3318,9,77.8,0.2979596552100212,0.1494,1.0,2,1,6.961210734214355,,0.0,40.36565800613001,2.7292672629651704e+16,92.0,-1.6066406158255146e-15,-1.0868164945517107,80.0,2.054489822613888,1218398181628246.2,106.0,0.6123235821702565,613525169714594.6,204.0,1.353758664448819,1111563906102659.6,178.0,1.9556599579023914,1447498658807366.8,132.0,4.586489132255069,3016461238246823.5,162.0,2.765065173413304,1850693853666188.5,154.0,2.772712369557563,2059973235440494.8,162.0,0.06975559990220949,63686597067083.98,218.0,1.0584344586188728,777249899704922.0,188.0,-0.24373962526698784,3.916019816400335e-16,-0.12481755844500289,-0.25643640350877256,-0.9255912725549355,-0.5667613636363643,-0.0944374044671447,-0.12784545454545476,-0.9990460987726275,-1.953794451468225,-0.7642949109762233,-3.5054303030303036,0.7997509995881376,2.211363636363637,1.495090003192804,4.145454545454545,-0.8369318291295168,-0.05838068181818293,1.1890812575171716,1.258564577054036
2,고위험군,마포구,서교동,STAY AN,37.55280385,126.92349838,193240.07620807388,450367.4431939376,53.176449640210585,1991,0.3379,31,96.8,1.9372144420877595,0.4183,1.0,2,3,4.143134726391533,,-1.4210854715202004e-14,40.36565800613002,3.0879782203428708e+16,92.0,-3.1939046103921972e-15,-1.6469200982747765,80.0,2.054489822613884,1596905673241626.0,106.0,0.6123235821702563,639837845661274.9,204.0,1.3537586644488186,1136319071114134.8,178.0,1.9556599579023894,1809730138057269.2,132.0,4.5864891322550685,3381191182060218.0,162.0,2.765065173413305,2357761909625584.5,154.0,2.7727123695575644,2581972230909570.0,162.0,0.06975559990220913,62339681964673.63,218.0,1.0584344586188728,823089534551802.0,188.0,-0.17889957985134403,5.713881928844347e-16,-0.08900596152509149,-0.1828618421052634,0.6783692570425897,0.41538149350649384,0.888012447878959,1.2021545454545457,1.0272263759405453,2.008905491128111,0.7991376972552106,3.6652363636363643,0.7997509995881376,2.2113636363636378,1.495090003192804,4.145454545454546,-0.3889391225395078,-0.027130681818182196,-0.5930569554195759,-0.6277119175396758
2,고위험군,마포구,서교동,니트하우스 마포,37.55152417,126.91820321,192772.0546686454,450225.8079597853,39.57516466894827,1991,0.1266,24,95.8,0.9102116857977728,0.4183,0.85,1,4,3.9889840465642745,,0.0,40.36565800613002,3.0835074928852052e+16,92.0,-3.1059846082317265e-15,-1.6011716683421289,80.0,2.054489822613885,1603764726644130.0,106.0,0.6123235821702563,637451329529915.5,204.0,1.3537586644488189,1142737230471535.8,178.0,1.95565995790239,1814885208345041.0,132.0,4.586489132255068,3381969646636637.5,162.0,2.765065173413304,2408461706695744.5,154.0,2.772712369557566,2592270603024554.5,162.0,0.06975559990220914,62235989483080.99,218.0,1.0584344586188728,821874812414766.9,188.0,-0.17889957985134403,5.556593414373972e-16,-1.32949619581645,-2.731436403508773,0.16801817944337713,0.1028814935064936,0.8363045609133747,1.132154545454546,-0.2422452359060691,-0.4737493078541176,0.7991376972552106,3.6652363636363634,0.04027523019508597,0.11136363636363612,-0.6688560540599386,-1.854545454545456,-0.16494276924450332,-0.01150568181818198,-0.6905411312571804,-0.7308925284162577
2,고위험군,종로구,창신동,낙산별화,37.57584109,127.00869442,200768.02970101443,452921.5910461702,37.35438039036515,1994,0.3196,27,55.6,0.1729965348334878,0.413,0.85,1,3,4.0943445622221,,0.0,40.365658006130005,2.7055199345608044e+16,92.0,-2.150491154079626e-15,-1.440238035607228,80.0,2.0544898226138875,1220245853260288.2,106.0,0.6123235821702566,608072746095469.5,204.0,1.3537586644488195,1079143727172124.6,178.0,1.9556599579023917,1443028749808046.2,132.0,4.586489132255067,2973338304020805.0,162.0,2.765065173413303,1837529284406169.2,154.0,2.772712369557562,2024633864345615.0,162.0,0.06975559990220948,64229853695289.516,218.0,1.0584344586188725,782716417832664.0,188.0,0.015620556395587458,-3.3591868350512755e-17,-0.19644075228482571,-0.4035855263157902,0.38674006984303966,0.2368100649350653,-1.2423524951031184,-1.6818454545454562,-1.1535122215499916,-2.2558776626363506,0.768322551016361,3.523903030303029,0.04027523019508597,0.1113636363636361,-0.6688560540599386,-1.8545454545454534,-0.3889391225395078,-0.027130681818182328,-0.6239116292255457,-0.6603695675053591
2,고위험군,성동구,도선동,호텔퓰문(HOTEL FULL MOON),37.56089481,127.03435728,203035.58891845145,451263.2477564148,37.2529756001318,1994,0.0918,37,56.8,2.2283359676182672,0.1436,1.0,1,8,7.311044688640667,,0.0,40.36565800613,2.520208375241381e+16,92.0,-3.3299234646476395e-15,-2.198048918096382,80.0,2.0544898226138875,1270457135891441.8,106.0,0.6123235821702565,604964681599114.2,204.0,1.3537586644488193,1111492017330295.6,178.0,1.9556599579023917,1536092735006577.0,132.0,4.586489132255069,2963215902124458.0,162.0,2.7650651734133027,1979316495874647.8,154.0,2.7727123695575635,2102233679633895.8,162.0,0.06975559990220936,68277665536529.0,218.0,1.0584344586188725,821835450255618.1,188.0,0.015620556395587458,-5.201525727251843e-17,-1.533798420867748,-3.15117324561404,1.1158130378419147,0.6832386363636371,-1.1803030307444173,-1.5978454545454561,1.387079852472118,2.7126565258928776,-0.7980171464828887,-3.6600969696969705,0.7997509995881376,2.211363636363636,-0.6688560540599386,-1.8545454545454543,0.7310426439355147,0.050994318181819064,1.4103146297311335,1.492725601601748
2,고위험군,마포구,동교동,hyuk House,37.5528397,126.93078246,193883.7234455004,450370.92325591226,32.32201590284602,1994,0.1894,5,60.0,0.1421744887805426,0.413,0.7,1,3,3.1780538303479458,,-1.4210854715202004e-14,40.36565800613001,3.042412069056457e+16,92.0,-3.2700330735686433e-15,-1.663263430618221,80.0,2.054489822613885,1603775557280130.8,106.0,0.6123235821702558,642381718884125.5,204.0,1.353758664448819,1133711350016361.5,178.0,1.9556599579023894,1882976033612681.5,132.0,4.586489132255069,3401169009773262.5,162.0,2.7650651734133054,2284457734114058.5,154.0,2.7727123695575653,2582409136453024.5,162.0,0.06975559990220918,62531057234452.51,218.0,1.0584344586188725,823160135377959.6,188.0,0.015620556395587458,-5.107973604111518e-17,-0.9608128701491648,-1.973980263157895,-1.2172204597544856,-0.7453327922077924,-1.014837792454547,-1.3738454545454555,-1.1916111577442725,-2.3303862265901816,0.768322551016361,3.523903030303031,-0.7192005391979657,-1.9886363636363658,-0.6688560540599386,-1.8545454545454554,-0.3889391225395078,-0.027130681818182217,-1.2033696434521715,-1.2736878970856849
2,고위험군,마포구,연남동,연트럴,37.56322788,126.92064535,192988.9502081607,451524.5960628738,50.7913152192012,1992,0.6753,10,80.0,0.2039440208071203,0.4165,1.0,2,3,3.9889840465642745,,-7.105427357601002e-15,40.36565800613001,3.084392714829529e+16,92.0,-3.1510237008678174e-15,-1.59425929495097,80.0,2.0544898226138844,1610254108728280.0,106.0,0.6123235821702562,641253382345062.8,204.0,1.3537586644488189,1140268689763306.0,178.0,1.95565995790239,1819076863295244.8,132.0,4.586489132255069,3346386109109773.5,162.0,2.7650651734133045,2239749543872116.8,154.0,2.7727123695575657,2525358180568785.0,162.0,0.06975559990220921,61890405951141.7,218.0,1.0584344586188723,827621255906012.0,188.0,-0.11405953443570019,3.594042963168403e-16,1.891786300897551,3.8866557017543863,-0.852683975755048,-0.5221185064935069,0.019319946857141147,0.026154545454545555,-1.1152582298630846,-2.181065862864334,0.7886721758910729,3.6172363636363642,0.7997509995881376,2.2113636363636373,1.495090003192804,4.145454545454548,-0.3889391225395078,-0.027130681818182227,-0.6905411312571804,-0.7308925284162574
2,고위험군,영등포구,신길동,로또모텔,37.49999014,126.90295131,191418.42428171504,444507.4535225624,33.528973181564574,1983,0.1408,2,100.0,0.0423792229688614,0.1594,1.0,1,1,6.109603075125023,,1.4210854715202004e-14,40.36565800612999,2.2498346273475684e+16,92.0,5.908124665872022e-15,2.88480480098917,80.0,2.054489822613881,1266901968493364.5,106.0,0.6123235821702556,594492035957061.9,204.0,1.353758664448818,1133931193733991.0,178.0,1.95565995790239,1708330328172835.5,132.0,4.586489132255068,3420731205593173.5,162.0,2.7650651734133045,2448438100028795.0,154.0,2.7727123695575644,2611552546799132.5,162.0,0.06975559990220882,62361426746452.25,218.0,1.0584344586188714,788854211877572.2,188.0,-0.6976199431764946,-4.121625593685286e-15,-1.2461314947897706,-2.560164473684206,-1.435942350154148,-0.8792613636363634,1.0534776861688293,1.4261545454545455,-1.314967454666269,-2.5716291970356484,-0.7061531256199038,-3.2387636363636365,0.7997509995881376,2.2113636363636373,-0.6688560540599386,-1.854545454545455,-0.8369318291295168,-0.05838068181818237,0.6505285188828316,0.6885418006998861
2,고위험군,중구,광희동,호텔 라온,37.56223745,127.0057924,200511.77012417663,451411.7258927952,38.43899774195646,1994,0.3441,50,92.0,1.2088787830947905,0.1436,0.85,1,6,6.85423846176731,,-2.1316282072803006e-14,40.36565800613001,2.7502708421249188e+16,92.0,-1.4366519322762457e-15,-0.976735082083521,80.0,2.054489822613887,1233566989217832.5,106.0,0.6123235821702566,609700188126715.9,204.0,1.353758664448819,1091761327665121.4,178.0,1.9556599579023914,1487510691907257.5,132.0,4.586489132255069,3000606123940660.0,162.0,2.7650651734133036,1875681769076375.5,154.0,2.772712369557563,2051900668211731.8,162.0,0.0697555999022094,65462083174464.28,218.0,1.058434458618873,783259046155090.4,188.0,0.015620556395587458,-2.244130252895079e-17,-0.05260728924583702,-0.10808114035087714,2.0636078962404523,1.263595779220781,0.639814590444154,0.8661545454545461,0.12693527416467237,0.2482422329292117,-0.7980171464828887,-3.6600969696969705,0.04027523019508597,0.11136363636363611,-0.6688560540599386,-1.854545454545454,0.2830499373455057,0.019744318181818536,1.1214324879583109,1.1869627882697706
2,고위험군,마포구,신수동,이안,37.54369213,126.93899387,194608.6503779156,449355.1505325979,33.212173027019595,2018,0.2744,24,91.7,1.1299779479463294,0.1094,0.85,1,5,3.737669618283368,,0.0,40.36565800613002,2.910043396088836e+16,92.0,-4.127721501964893e-15,-1.8204295884844175,80.0,2.0544898226138852,1560312461596026.5,106.0,0.6123235821702562,642744751786787.6,204.0,1.3537586644488184,1138217845036928.2,178.0,1.9556599579023903,1857894984334026.0,132.0,4.5864891322550685,3445568746913043.5,162.0,2.7650651734133045,2342639924311093.0,154.0,2.7727123695575653,2636718819158416.5,162.0,0.06975559990220918,63226530811282.19,218.0,1.0584344586188728,820381885784009.1,188.0,1.5717816463710392,-6.487876898119518e-15,-0.4617988147077761,-0.9487609649122815,0.16801817944337713,0.10288149350649359,0.6243022243544789,0.8451545454545459,0.029406450840191653,0.05750901841218792,-0.9968620524015017,-4.57209696969697,0.04027523019508597,0.11136363636363615,-0.6688560540599386,-1.8545454545454554,0.05905358405050119,0.004119318181818243,-0.8494712115170717,-0.8991096018743897
2,고위험군,중구,남산동,퍼시픽호텔,37.556976,126.98465416,198644.0690001019,450827.8621531738,33.18784497159268,1974,0.098,25,72.0,1.0957095290101484,0.1723,0.7,1,10,9.51199931135876,,7.105427357601002e-15,40.36565800613,2.746755918023175e+16,92.0,7.221251838267651e-16,0.4797516737363016,80.0,2.054489822613887,1172021295621275.8,106.0,0.6123235821702564,638035236736607.4,204.0,1.3537586644488198,1129777204533180.2,178.0,1.9556599579023923,1425958430203395.0,132.0,4.586489132255068,3126334453303457.0,162.0,2.7650651734133036,1995799871925648.2,154.0,2.772712369557564,2123505024087153.2,162.0,0.06975559990220943,62645602682017.61,218.0,1.058434458618873,767995147458197.4,188.0,-1.281180351917289,-9.25172597143512e-16,-1.4973997485884933,-3.0763925438596527,0.24092547624326463,0.1475243506493508,-0.39434314886753413,-0.5338454545454551,-0.012952525078725215,-0.025330734650189434,-0.6311502225102514,-2.8947636363636358,-0.7192005391979657,-1.9886363636363644,-0.6688560540599386,-1.8545454545454545,1.1790353505255238,0.0822443181818197,2.8021881374709237,2.965932484232265
2,고위험군,영등포구,신길동,은하수여관,37.51149962,126.91952078,192884.68010986308,445783.4763697571,41.40022178922838,1966,0.1243,49,87.8,0.7292828868891217,0.4623,0.85,1,1,4.896794477672496,,0.0,40.36565800613001,2.4384971481507308e+16,92.0,6.5565907197773994e-15,3.215012495498221,80.0,2.0544898226138817,1214751712947454.8,106.0,0.6123235821702558,613468172402367.4,204.0,1.3537586644488182,1156106493544128.8,178.0,1.95565995790239,1763585059361127.2,132.0,4.5864891322550685,3451026564572201.0,162.0,2.7650651734133036,2465745315496394.0,154.0,2.772712369557565,2654575971893227.0,162.0,0.06975559990220895,63426052529528.25,218.0,1.058434458618872,807770673572897.6,188.0,-1.7999007152424396,-1.1801212326079283e-14,-1.3429989290813344,-2.759177631578944,1.9907005994405649,1.2189529220779223,0.4226414651886994,0.5721545454545454,-0.46589017996616394,-0.911122769739765,1.0549615528230167,4.838569696969698,0.04027523019508597,0.11136363636363611,-0.6688560540599386,-1.8545454545454552,-0.8369318291295168,-0.05838068181818248,-0.1164460199509204,-0.1232504800850748
2,고위험군,성동구,도선동,코림,37.56048156,127.03428612,203029.3184083888,451217.37959292287,29.87235946751019,1989,0.1043,27,44.4,0.6699442834802815,0.1509,0.85,1,7,6.521062856197256,,1.0658141036401503e-14,40.36565800613,2.5169719741239996e+16,92.0,-3.3390544681918966e-15,-2.2025510449152756,80.0,2.054489822613888,1272259825080575.0,106.0,0.6123235821702565,604990164962169.6,204.0,1.3537586644488193,1113115694408569.8,178.0,1.9556599579023914,1536649703021779.5,132.0,4.586489132255069,2965859367376672.0,162.0,2.7650651734133027,1982907434767593.2,154.0,2.7727123695575635,2105320251898125.5,162.0,0.06975559990220938,68302147144140.22,218.0,1.058434458618872,822625757196671.6,188.0,-0.30857967068263165,1.0303643281860252e-15,-1.4604140009498965,-3.0004057017543913,0.38674006984303966,0.23681006493506523,-1.8214808291176638,-2.4658454545454567,-0.539238252357196,-1.0545666579042332,-0.7555736431727753,-3.4654303030303035,0.04027523019508597,0.11136363636363607,-0.6688560540599386,-1.8545454545454543,0.5070462906405102,0.0353693181818188,0.9107337783931763,0.9639520136795013
2,고위험군,영등포구,대림동,대흥장 여관,37.48564409,126.90284555,191407.42908677767,442915.2389340272,39.98825309871519,1973,0.1787,5,40.0,2.082399248657069,0.45,0.85,1,1,5.343768629451954,,-7.105427357601002e-15,40.36565800613001,2.195970437818389e+16,92.0,5.84451422221685e-15,2.8278104195834475,80.0,2.0544898226138804,1138548407772634.5,106.0,0.612323582170256,576711982305319.4,204.0,1.353758664448818,1112198284936150.1,178.0,1.9556599579023894,1619545718951815.2,132.0,4.5864891322550685,3395948540563129.5,162.0,2.765065173413305,2407234339966803.0,154.0,2.772712369557564,2566830383806127.0,162.0,0.0697555999022087,62082860135617.375,218.0,1.0584344586188719,784979692851045.8,188.0,-1.3460203973329328,-7.866835355606301e-15,-1.0236299335988457,-2.1030372807017508,-1.2172204597544856,-0.7453327922077925,-2.048995531766235,-2.7738454545454543,1.206688397130232,2.3598721799330113,0.9834471568347437,4.510569696969698,0.04027523019508597,0.11136363636363616,-0.6688560540599386,-1.8545454545454545,-0.8369318291295168,-0.05838068181818227,0.1662183630784688,0.17593124313747419
2,고위험군,종로구,창신동,대진,37.56943843,127.01019451,200900.6186492404,452210.9833394264,41.7163345013354,1956,0.1531,1,100.0,2.031392628139992,0.48,0.25,2,1,4.953429820325477,,0.0,40.365658006130005,2.7076168390533148e+16,92.0,-2.1182913721930385e-15,-1.4249475518816344,80.0,2.054489822613888,1231757639302786.5,106.0,0.6123235821702566,605954776169946.1,204.0,1.3537586644488193,1074943310703604.2,178.0,1.955659957902391,1471719205007963.2,132.0,4.586489132255068,2982707652292201.0,162.0,2.765065173413303,1845231473973216.2,154.0,2.772712369557563,2043175661572667.5,162.0,0.06975559990220948,65232029938290.555,218.0,1.0584344586188725,784819559672822.4,188.0,-2.448301169398878,5.18621524366777e-15,-1.173921225590605,-2.4118092105263202,-1.5088496469540356,-0.9239042207792221,1.0534776861688293,1.4261545454545468,1.143639436096695,2.236569851452377,1.1578725129037024,5.310569696969696,-2.99762784737712,-8.288636363636364,1.495090003192804,4.145454545454545,-0.8369318291295168,-0.05838068181818292,-0.08063009161383453,-0.08534166736567904
2,고위험군,중구,신당동,유에 하우스,37.55940725,127.01296516,201145.54114772505,451097.6703754409,45.93138538425943,1992,0.2834,28,57.1,0.5363047090669756,0.4165,1.0,2,3,3.784189633918261,,7.105427357601002e-15,40.365658006130005,2.690802170182624e+16,92.0,-2.016112159600137e-15,-1.367588363273532,80.0,2.054489822613888,1259685401217137.8,106.0,0.6123235821702565,604235573311053.4,204.0,1.3537586644488195,1099084733737910.0,178.0,1.9556599579023917,1518589911842867.8,132.0,4.5864891322550685,2964791051123779.0,162.0,2.7650651734133027,1915128595712733.8,154.0,2.772712369557564,2037711603206640.0,162.0,0.06975559990220936,66719942581878.82,218.0,1.0584344586188728,782407929355041.4,188.0,-0.11405953443570019,2.299568142941457e-16,-0.40896203236692313,-0.840208333333335,0.45964736664292716,0.28145292207792244,-1.1647906646547417,-1.576845454545456,-0.7044292850958188,-1.3776241460357008,0.7886721758910729,3.6172363636363634,0.7997509995881376,2.211363636363636,1.495090003192804,4.1454545454545455,-0.3889391225395078,-0.027130681818182286,-0.8200521691281447,-0.8679714736703801
2,고위험군,마포구,연남동,19th st.Guest House,37.56228586,126.92349744,193240.84968263205,451419.8339775016,47.92420323686667,1993,0.6778,29,96.6,0.7190385944926869,0.4148,1.0,1,3,3.828641396489095,,1.4210854715202004e-14,40.365658006130005,3.0709069515268624e+16,92.0,-3.1836061908519666e-15,-1.6088198731725951,80.0,2.054489822613885,1613398111645725.0,106.0,0.6123235821702563,641968041932769.4,204.0,1.3537586644488182,1138644904758095.8,178.0,1.9556599579023897,1833430539243749.2,132.0,4.5864891322550685,3355029184903352.5,162.0,2.7650651734133045,2214993133947259.0,154.0,2.7727123695575657,2528476089582610.0,162.0,0.06975559990220916,61979803204792.8,218.0,1.0584344586188725,827310472669836.4,188.0,-0.049219489020056365,1.5669546995482183e-16,1.906463184881121,3.916809210526316,0.5325546634428147,0.3260957792207795,0.877670870485842,1.1881545454545452,-0.47855308500812277,-0.9358871060810441,0.7787880723804987,3.571903030303031,0.7997509995881376,2.2113636363636373,-0.6688560540599386,-1.8545454545454558,-0.3889391225395078,-0.027130681818182206,-0.791941080395986,-0.8382177286869704
2,고위험군,종로구,옥인동,페이보릿 종로,37.57831993,126.9666727,197056.09941750456,453197.20036123606,31.407519620452355,2003,0.3226,10,60.0,0.1177830356563834,0.1308,1.0,1,4,4.110873864173311,,-2.1316282072803006e-14,40.36565800613002,2.247934096097886e+16,92.0,2.1752773253367488e-15,1.2285855349665844,80.0,2.0544898226138852,1184895429239395.2,106.0,0.6123235821702564,646051669538132.9,204.0,1.3537586644488186,1190080091579732.2,178.0,1.9556599579023906,1424381316633927.8,132.0,4.586489132255068,3553067991355838.5,162.0,2.765065173413305,2120901245161026.2,154.0,2.7727123695575653,2620384653557947.0,162.0,0.06975559990220945,61004469189482.85,218.0,1.0584344586188725,803120868014235.1,188.0,0.5991809651363819,1.3033847672345604e-15,-0.1788284915045414,-0.36740131578947394,-0.852683975755048,-0.522118506493507,-1.014837792454547,-1.373845454545455,-1.2217612786890935,-2.3893496108478836,-0.8724386317389777,-4.001430303030302,0.7997509995881376,2.2113636363636378,-0.6688560540599386,-1.8545454545454554,-0.16494276924450332,-0.011505681818182031,-0.6134585752416749,-0.6493056949710271
2,고위험군,송파구,잠실동,애플망고하우스,37.50552622,127.08028353,207098.58419127265,445120.490496659,38.310022141505854,1996,0.5567,33,100.0,0.2151113796169455,0.1408,1.0,1,4,3.737669618283368,,0.0,40.36565800613,2.779719986733919e+16,92.0,-6.984564000807933e-16,-0.3369220090667093,80.0,2.0544898226138852,1392393367751572.8,106.0,0.6123235821702553,600540312934740.8,204.0,1.3537586644488189,1186866894012519.8,178.0,1.9556599579023914,1526083237359972.8,132.0,4.5864891322550685,3156819962325377.5,162.0,2.7650651734133023,2090640365785636.0,154.0,2.7727123695575635,2254968075187425.0,162.0,0.06975559990220923,70101929305350.14,218.0,1.0584344586188714,896348841273626.4,188.0,0.1453006472268751,-1.0148616699149249e-16,1.1955149247169776,2.456173245614036,0.8241838506423647,0.5046672077922074,1.0534776861688293,1.4261545454545463,-1.1014543282653995,-2.154070125246918,-0.8142968463826581,-3.7347636363636365,0.7997509995881376,2.2113636363636355,-0.6688560540599386,-1.8545454545454543,-0.16494276924450332,-0.011505681818181995,-0.8494712115170717,-0.8991096018743886
2,고위험군,종로구,연건동,종로 사랑채,37.57380993,126.99849843,199867.35381076785,452696.1212774269,38.57320650700179,1994,0.2685,30,66.7,0.8169003832028326,0.5478,0.55,1,5,4.007333185232471,,-1.4210854715202004e-14,40.365658006130005,2.7241925517078356e+16,92.0,-1.1778467884678126e-15,-0.7986079497096483,80.0,2.054489822613888,1210652641712965.2,106.0,0.6123235821702564,620191052696384.8,204.0,1.3537586644488195,1130497244636690.5,178.0,1.9556599579023912,1445114831578484.2,132.0,4.586489132255068,3021847420955463.0,162.0,2.765065173413304,1872831144934618.5,154.0,2.7727123695575635,2050737238686888.2,162.0,0.06975559990220952,62624997580961.96,218.0,1.058434458618873,775331334903401.1,188.0,0.015620556395587458,-1.839862218462304e-17,-0.4964362609090017,-1.0199232456140368,0.6054619602427022,0.37073863636363674,-0.6683949497851314,-0.9048454545454553,-0.3575867469032006,-0.6993180823951662,1.552073817619549,7.118569696969695,-1.4786763085910166,-4.088636363636364,-0.6688560540599386,-1.8545454545454543,0.05905358405050119,0.004119318181818262,-0.6789372209636705,-0.7186105499068847
2,고위험군,종로구,관수동,그리드인,37.56690647,126.9905645,199166.4067314661,451929.958345029,30.7760091001692,2016,0.2252,22,63.6,1.0636871646358492,0.1122,0.7,1,10,7.205219351288536,,1.7763568394002505e-14,40.365658006130005,2.751217705330426e+16,92.0,8.359564838244077e-18,0.005663249067230383,80.0,2.0544898226138875,1198061444165915.0,106.0,0.6123235821702566,631647974284414.5,204.0,1.3537586644488193,1137288607594353.0,178.0,1.9556599579023917,1446469150021203.8,132.0,4.58648913225507,3069987108043582.0,162.0,2.7650651734133036,1958845130435550.8,154.0,2.7727123695575635,2079923708873618.2,162.0,0.0697555999022095,61919357977063.66,218.0,1.0584344586188723,777260665252636.0,188.0,1.4421015555397516,1.2055341456867196e-17,-0.7506398915044387,-1.5421820175438619,0.022203585843602113,0.013595779220779244,-0.8286893993784431,-1.1218454545454555,-0.052535167158706875,-0.1027409227939918,-0.9805823525017323,-4.497430303030305,-0.7192005391979657,-1.9886363636363644,-0.6688560540599386,-1.8545454545454543,1.1790353505255238,0.08224431818181978,1.3433911766132525,1.4218915127320177
2,고위험군,용산구,서계동,R&B House,37.54903711,126.96766069,197142.25320730632,449947.12117550574,45.21191588173734,1966,0.3165,36,97.2,1.5400931141442908,0.4623,0.85,1,2,4.060443010546419,,7.105427357601002e-15,40.365658006130005,2.4414857273062588e+16,92.0,3.7952754197347417e-16,0.2228120785711924,80.0,2.0544898226138866,1127412856804913.0,106.0,0.612323582170256,648927513739475.0,204.0,1.353758664448819,1115944141129641.1,178.0,1.9556599579023928,1435479555854851.0,132.0,4.586489132255068,3298970444050414.0,162.0,2.7650651734133036,1957446494325953.0,154.0,2.7727123695575644,2355770508584414.5,162.0,0.06975559990220931,63362481707499.8,218.0,1.058434458618873,790109925209368.2,188.0,-1.7999007152424396,-6.831118942522612e-16,-0.21464008842445279,-0.4409758771929829,1.0429057410420273,0.6385957792207795,0.9086956026651931,1.2301545454545466,0.5363472140342703,1.0489127700193268,1.0549615528230167,4.838569696969697,0.04027523019508597,0.11136363636363611,-0.6688560540599386,-1.854545454545455,-0.6129354758345124,-0.042755681818182525,-0.6453508134602386,-0.6830615388640369
2,고위험군,영등포구,영등포동,프라임레지던스,37.5131442,126.9036083,191478.01435992031,445967.32612955966,35.74988517081278,1975,0.2539,1,100.0,2.00372971994414,0.1708,0.25,2,1,6.641586787610643,,7.105427357601002e-15,40.365658006130005,2.3373020423477132e+16,92.0,5.9355636814133925e-15,2.9412022039592034,80.0,2.054489822613882,1439752098198274.8,106.0,0.6123235821702556,608063434788168.4,204.0,1.353758664448818,1146944644186091.5,178.0,1.9556599579023897,1774530127491577.5,132.0,4.586489132255069,3426885106039946.0,162.0,2.765065173413305,2474968127095836.5,154.0,2.7727123695575657,2632764822788589.0,162.0,0.06975559990220892,62465791378510.26,218.0,1.0584344586188716,799684374669386.9,188.0,-1.2163403065016452,-7.2196653475104e-15,-0.5821492633730521,-1.196019736842104,-1.5088496469540356,-0.9239042207792206,1.0534776861688293,1.4261545454545455,1.1094454902278323,2.1696981207139587,-0.6398714903136994,-2.934763636363637,-2.99762784737712,-8.28863636363637,1.495090003192804,4.145454545454548,-0.8369318291295168,-0.058380681818182456,0.9869525543058622,1.0446245924992377
2,고위험군,종로구,이화동,덕덕 스테이,37.57430912,127.00727085,200642.29047459,452751.5493840114,41.47378867626243,1985,0.3287,37,78.4,0.943589458141366,0.4289,0.85,1,1,3.6635616461296463,,7.105427357601002e-15,40.36565800613,2.7101809167650884e+16,92.0,-1.998224858133721e-15,-1.343390521543735,80.0,2.0544898226138875,1220220604501384.0,106.0,0.6123235821702566,608948399574753.9,204.0,1.35375866444882,1085451977289259.8,178.0,1.9556599579023917,1444173706279391.0,132.0,4.5864891322550685,2990736609225918.0,162.0,2.765065173413304,1840677932085024.0,154.0,2.7727123695575635,2041439137249894.2,162.0,0.06975559990220948,64184805999076.35,218.0,1.0584344586188725,781337643830059.1,188.0,-0.5679398523452069,1.1348715308809876e-15,-0.14301689458462996,-0.29382675438596545,1.1158130378419147,0.6832386363636372,-0.06341267228779361,-0.08584545454545418,-0.20098718260742118,-0.39306258507694963,0.8607679897329094,3.947903030303031,0.04027523019508597,0.11136363636363612,-0.6688560540599386,-1.8545454545454543,-0.8369318291295168,-0.05838068181818292,-0.8963367498104956,-0.9487137025258717
2,고위험군,마포구,성산동,르하임,37.55820131,126.90577628,191674.69585241907,450967.91914219846,43.35636098976268,1999,0.5596,20,80.0,1.7343694398688312,0.4042,0.7,1,4,4.477336814478207,,0.0,40.365658006130005,3.0945554836746972e+16,92.0,-2.9019452169340422e-15,-1.4690183604473703,80.0,2.054489822613885,1599917419266799.8,106.0,0.612323582170256,634789810963643.5,204.0,1.353758664448818,1146802497429770.8,178.0,1.9556599579023888,1797861114108135.8,132.0,4.58648913225507,3361880852348804.5,162.0,2.7650651734133045,2414736132407263.0,154.0,2.772712369557565,2570304485406219.5,162.0,0.06975559990220913,61709502659662.81,218.0,1.0584344586188719,822296151018541.5,188.0,0.33982078347380656,-9.861412972165917e-16,1.2125401101379192,2.491151315789474,-0.1236110077561729,-0.07568993506493508,0.019319946857141147,0.026154545454545538,0.7764909515760338,1.518552261670772,0.7171577799027999,3.2892363636363657,-0.7192005391979657,-1.988636363636365,-0.6688560540599386,-1.8545454545454552,-0.16494276924450332,-0.011505681818181979,-0.38170910306599204,-0.40401406785354843
2,고위험군,용산구,갈월동,일일모텔,37.54281046,126.971993,197524.88313584376,449255.9154656589,37.80919860293002,1962,0.3873,17,94.1,0.2286330435989812,0.1895,1.0,1,1,5.807120947362389,,7.105427357601002e-15,40.36565800613,2.4657679406056532e+16,92.0,5.192931300094451e-16,0.31183941405978505,80.0,2.0544898226138866,1100725095108548.2,106.0,0.6123235821702561,647964741710061.9,204.0,1.3537586644488198,1071409821348735.6,178.0,1.9556599579023926,1352777526197369.0,132.0,4.5864891322550685,3149222941128955.0,162.0,2.765065173413303,1819708054002549.5,154.0,2.772712369557563,2145299446413071.0,162.0,0.06975559990220932,64016242122067.28,218.0,1.0584344586188734,770688279981276.2,188.0,-2.059260896905015,-1.0693600366598622e-15,0.20100926599025687,0.41297149122807036,-0.34233289815583545,-0.2096185064935066,0.748401153071881,1.0131545454545463,-1.0847402849339751,-2.1213831399690073,-0.5311463516973818,-2.43609696969697,0.7997509995881376,2.211363636363636,-0.6688560540599386,-1.854545454545454,-0.8369318291295168,-0.05838068181818279,0.45924022249913143,0.48607567627687914
2,고위험군,성동구,도선동,스테이나라,37.56172032,127.02948477,202605.0564302581,451354.7234110961,43.68161879686418,1968,0.2337,71,69.0,0.1528392042294475,0.4588,1.0,1,3,5.869833492313257,,-7.105427357601002e-15,40.36565800613001,2.528636799724388e+16,92.0,-3.115125652465739e-15,-2.0642505308383323,80.0,2.0544898226138875,1263844074067854.8,106.0,0.6123235821702567,604197533740188.4,204.0,1.3537586644488193,1083506442659279.6,178.0,1.9556599579023914,1528570696327226.0,132.0,4.5864891322550685,2937300251533018.5,162.0,2.7650651734133023,1946363356609363.8,154.0,2.7727123695575635,2053631194751834.8,162.0,0.0697555999022094,67931714711894.41,218.0,1.0584344586188723,806936580424185.2,188.0,-1.670220624411152,5.202947112380524e-15,-0.7007384859602999,-1.4396600877193004,3.59466112903809,2.2010957792207826,-0.5494668097642873,-0.743845454545455,-1.1784285704260902,-2.3046055684304627,1.0346119279483048,4.745236363636364,0.7997509995881376,2.2113636363636355,-0.6688560540599386,-1.8545454545454543,-0.3889391225395078,-0.027130681818182303,0.49889934541746606,0.5280522585722455
2,고위험군,마포구,연남동,그린하우스102,37.5578824,126.917783,192735.54016777503,450931.5281993657,40.88535185368901,1997,0.3904,14,85.7,0.4152531144743273,0.1394,1.0,2,4,3.713572066704308,,-7.105427357601002e-15,40.365658006130005,3.089494973136382e+16,92.0,-3.1120012714509667e-15,-1.5912532044804757,80.0,2.0544898226138852,1597648078953337.2,106.0,0.612323582170256,639104481727866.8,204.0,1.3537586644488184,1143733584829340.0,178.0,1.9556599579023901,1799669125338053.2,132.0,4.58648913225507,3358727087799264.5,162.0,2.7650651734133036,2339615252837807.0,154.0,2.7727123695575653,2557404745013629.5,162.0,0.06975559990220916,62013127673856.07,218.0,1.0584344586188723,824983765815358.8,188.0,0.21014069264251892,-6.539581026871057e-16,0.21920860212988424,0.45036184210526364,-0.561054788555498,-0.343547077922078,0.3140549025609724,0.4251545454545458,-0.8540603955898798,-1.670251717285403,-0.8224366963325429,-3.7720969696969715,0.7997509995881376,2.2113636363636364,1.495090003192804,4.145454545454547,-0.16494276924450332,-0.011505681818181984,-0.8647103915065552,-0.9152392750963538
2,고위험군,용산구,후암동,바위위 스테이,37.54536867,126.98143778,198359.62103737608,449539.63904334896,39.245609950216654,2025,0.2252,11,100.0,1.2261256089670691,0.1,0.85,2,5,4.700480365792417,,7.105427357601002e-15,40.36565800613001,2.631057999376209e+16,92.0,8.856985352149143e-16,0.5659535730553865,80.0,2.054489822613887,1123628787617697.4,106.0,0.6123235821702566,641815734843716.6,204.0,1.3537586644488193,1086853745420813.5,178.0,1.9556599579023932,1359184560042664.0,132.0,4.5864891322550685,3117854691670774.0,162.0,2.7650651734133027,1947169956343547.0,154.0,2.772712369557563,2094276186703079.5,162.0,0.06975559990220939,63980866779028.35,218.0,1.0584344586188736,755811274095689.0,188.0,2.025661964280546,1.7941258346038457e-15,-0.7506398915044387,-1.5421820175438616,-0.7797766789551605,-0.47747564935065,1.0534776861688293,1.4261545454545468,0.14825396654911357,0.28993434598030227,-1.0515153306364422,-4.8227636363636375,0.04027523019508597,0.11136363636363607,1.495090003192804,4.145454545454545,0.05905358405050119,0.004119318181818255,-0.24059415490151817,-0.2546531440900538
2,고위험군,마포구,상수동,휴스테이,37.54532898,126.92166353,193077.2517864499,449537.9559372076,54.16157186652407,1994,0.3471,17,88.2,3.295836866004329,0.6824,0.85,1,4,3.9318256327243257,,-7.105427357601002e-15,40.36565800613002,3.0695547287847588e+16,92.0,-3.177161325305576e-15,-1.6424236948555713,80.0,2.0544898226138844,1609009159780739.0,106.0,0.6123235821702558,636713740618165.0,204.0,1.3537586644488186,1147007399811788.5,178.0,1.95565995790239,1840224585119168.5,132.0,4.5864891322550685,3406742486187990.0,162.0,2.765065173413305,2444457028807593.0,154.0,2.7727123695575657,2623675348641471.0,162.0,0.06975559990220911,62557875809702.1,218.0,1.0584344586188723,821757979453575.0,188.0,0.015620556395587458,-4.9629027659815135e-17,-0.03499502846555269,-0.07189692982456118,-0.34233289815583545,-0.20961850649350652,0.44332461997493344,0.6001545454545459,2.7066109616361684,5.293210679291536,2.334662248515611,10.707903030303031,0.04027523019508597,0.11136363636363616,-0.6688560540599386,-1.8545454545454558,-0.16494276924450332,-0.011505681818181977,-0.7266878473898383,-0.7691514583369772
2,고위험군,마포구,합정동,하울의 집,37.54707,126.91052751,192093.32344738583,449732.0663818178,48.59025672457325,1991,0.251,11,81.8,1.2729656758128876,0.4183,1.0,2,3,4.158883083359672,,2.842170943040401e-14,40.36565800612999,3.1279936783620796e+16,92.0,-2.715665257742486e-15,-1.3640263236826493,80.0,2.054489822613884,1625341891296707.2,106.0,0.6123235821702562,632740421725476.6,204.0,1.3537586644488184,1150446765673708.5,178.0,1.9556599579023897,1789974413497458.2,132.0,4.58648913225507,3394075346814878.5,162.0,2.765065173413304,2470081718949126.5,154.0,2.772712369557565,2612670718516288.0,162.0,0.0697555999022091,62132646265741.09,218.0,1.0584344586188719,819857217442119.5,188.0,-0.17889957985134403,4.858313736270226e-16,-0.5991744487939936,-1.2309978070175436,-0.7797766789551605,-0.4774756493506497,0.11239414339519294,0.15215454545454538,0.20615267694067016,0.40316453550725595,0.7991376972552106,3.6652363636363656,0.7997509995881376,2.211363636363637,1.495090003192804,4.145454545454547,-0.3889391225395078,-0.027130681818182182,-0.5830977674253623,-0.6171707697867362
2,고위험군,강남구,삼성동,주)호텔롯데 L7 강남,37.50295115,127.05076075,204488.3653603621,444832.87339186174,49.613293354278746,2017,0.4459,18,100.0,1.5314763709643886,0.1108,1.0,2,33,10.421834817700963,,-7.105427357601002e-15,40.36565800613,2.70450809284408e+16,92.0,-1.1185735553883037e-15,-0.539521778550284,80.0,2.0544898226138866,1346756664862236.5,106.0,0.6123235821702557,606450471926505.6,204.0,1.3537586644488184,1202388684945365.8,178.0,1.9556599579023914,1535337895131549.2,132.0,4.586489132255066,3185896936876586.5,162.0,2.7650651734133027,2095245610396968.8,154.0,2.7727123695575644,2274546444018680.0,162.0,0.06975559990220924,70425159912280.5,218.0,1.058434458618873,895064589057965.1,188.0,1.5069416009553953,-1.685625024343219e-15,0.545035426565144,1.1197697368421067,-0.2694256013559479,-0.16497564935064932,1.0534776861688293,1.426154545454546,0.525696112285552,1.0280828368218136,-0.9887222024516169,-4.534763636363634,0.7997509995881376,2.211363636363636,1.495090003192804,4.145454545454546,6.330951476310628,0.4416193181818251,3.377563896974227,3.574930014744567
2,고위험군,송파구,방이동,月(월) 호텔,37.51305394,127.10912901,209648.1025686052,445958.5382830979,48.93388841562565,2002,0.6704,20,100.0,1.0248813193463744,0.1322,1.0,2,1,6.952030504232044,,0.0,40.365658006130005,2.7434843643947748e+16,92.0,-3.042013118654425e-16,-0.13856107151630576,80.0,2.054489822613885,1398428801461491.8,106.0,0.6123235821702555,595052042730397.6,204.0,1.3537586644488189,1178034440204332.2,178.0,1.9556599579023912,1514524852820759.5,132.0,4.586489132255068,3130992477909213.5,162.0,2.765065173413302,2088784532802118.8,154.0,2.772712369557565,2233241189719778.5,162.0,0.06975559990220927,69844036853844.14,218.0,1.0584344586188723,896553483875228.8,188.0,0.534340919720738,-1.625472087624356e-16,1.8630196082897532,3.827554824561404,-0.1236110077561729,-0.07568993506493503,1.0534776861688293,1.4261545454545463,-0.10050282709631077,-0.1965493546082424,-0.8642987817890929,-3.964096969696969,0.7997509995881376,2.211363636363635,1.495090003192804,4.145454545454547,-0.8369318291295168,-0.05838068181818275,1.183275722602709,1.2524197988498533
2,고위험군,마포구,망원동,해온스테이,37.554256,126.9068165,191766.1722727001,450529.944919954,36.83633979211243,1997,0.3997,39,92.3,0.5164436160702139,0.1394,1.0,1,4,3.737669618283368,,-1.4210854715202004e-14,40.36565800613001,3.10091651455799e+16,92.0,-2.841390035237326e-15,-1.4372409145628893,80.0,2.054489822613885,1605485242686021.8,106.0,0.612323582170256,633907722829947.1,204.0,1.3537586644488189,1145462378595955.5,178.0,1.9556599579023901,1811078730698795.0,132.0,4.5864891322550685,3372243052081336.5,162.0,2.765065173413304,2439337656017881.0,154.0,2.772712369557565,2585164639921233.5,162.0,0.06975559990220916,61835869805780.87,218.0,1.0584344586188723,820185724806616.9,188.0,0.21014069264251892,-5.970916700723229e-16,0.2738066105487655,0.5625328947368422,1.2616276314416897,0.7725243506493509,0.6553269565338292,0.8871545454545459,-0.7289794565390931,-1.4256359332869502,-0.8224366963325429,-3.77209696969697,0.7997509995881376,2.211363636363637,-0.6688560540599386,-1.8545454545454552,-0.16494276924450332,-0.011505681818181984,-0.8494712115170717,-0.8991096018743894
2,고위험군,마포구,서교동,서교 451,37.55383854,126.91480899,192472.35830567585,450482.9417819577,41.14761361770278,1995,0.1761,27,100.0,1.0850527588824772,0.4113,0.85,1,4,4.454347296253507,,0.0,40.365658006130005,3.089842330744654e+16,92.0,-3.0323073606182266e-15,-1.5523270250761112,80.0,2.054489822613885,1606148217757459.8,106.0,0.612323582170256,636862127573968.8,204.0,1.3537586644488182,1142305434995428.8,178.0,1.9556599579023897,1807072261769867.2,132.0,4.586489132255069,3372526780716692.5,162.0,2.7650651734133045,2406343543273392.5,154.0,2.772712369557566,2582042032578079.5,162.0,0.06975559990220911,62066414479817.59,218.0,1.0584344586188723,822132752520724.5,188.0,0.08046060181123128,-2.4398127511196884e-16,-1.0388938929417586,-2.134396929824562,0.38674006984303966,0.236810064935065,1.0534776861688293,1.4261545454545457,-0.02612529123558027,-0.051092185957962576,0.7584384475057868,3.478569696969698,0.04027523019508597,0.11136363636363615,-0.6688560540599386,-1.854545454545456,-0.16494276924450332,-0.011505681818181977,-0.39624756789501403,-0.41940208000400403
2,고위험군,송파구,삼전동,Black B,37.49884104,127.09353883,208271.341383863,444379.60405041627,34.27155844645965,1995,0.4275,34,88.2,0.3656436139214928,0.1422,0.85,1,4,3.737669618283368,,0.0,40.365658006130005,2.7518534379950468e+16,92.0,-3.493708960385566e-16,-0.16284961747658086,80.0,2.0544898226138852,1384745294750583.5,106.0,0.6123235821702555,595146650922884.6,204.0,1.353758664448818,1167128772218764.0,178.0,1.9556599579023914,1495316974133756.0,132.0,4.586489132255069,3125697741883474.5,162.0,2.7650651734133023,2060998304463459.2,154.0,2.772712369557565,2216201153407071.2,162.0,0.06975559990220925,69943973064591.02,218.0,1.0584344586188725,891741491308468.0,188.0,0.08046060181123128,-2.811059255059138e-17,0.4370135604460667,0.897839912280702,0.8970911474422523,0.5493100649350647,0.44332461997493344,0.6001545454545457,-0.915382385471599,-1.790176677435978,-0.8061569964327735,-3.697430303030304,0.04027523019508597,0.11136363636363605,-0.6688560540599386,-1.8545454545454552,-0.16494276924450332,-0.011505681818182,-0.8494712115170717,-0.8991096018743896
2,고위험군,마포구,대흥동,블루버드 한옥,37.54561751,126.94209246,194882.6164962224,449568.6712422262,59.03807547876988,1964,0.2365,25,76.0,0.4071057975656243,0.8848,1.0,2,1,4.290459441148391,,7.105427357601002e-15,40.365658006130005,2.837253446388833e+16,92.0,-4.001676166948062e-15,-1.790438350704623,80.0,2.054489822613884,1555761506281091.8,106.0,0.6123235821702561,644118514200598.0,204.0,1.3537586644488186,1140365308611265.5,178.0,1.9556599579023908,1880848813494229.5,132.0,4.586489132255068,3484230966113594.0,162.0,2.7650651734133045,2261164605059808.0,154.0,2.772712369557565,2657684030578431.0,162.0,0.06975559990220921,63215742274852.41,218.0,1.0584344586188732,824983495634125.0,188.0,-1.9295808060737272,7.721557523865664e-15,-0.6843003758987012,-1.4058881578947366,0.24092547624326463,0.14752435064935074,-0.18751160100519648,-0.25384545454545454,-0.8641312424936206,-1.6899468693172148,3.5114519841275196,16.10523636363636,0.7997509995881376,2.2113636363636373,1.495090003192804,4.145454545454547,-0.8369318291295168,-0.0583806818181827,-0.4998894882720004,-0.5291002598884403
2,고위험군,영등포구,신길동,엔엠다다름 호텔(N.M.Dadareum  Hotel),37.50461228,126.90952336,192000.05417536205,445019.8725728116,45.40705537210606,1969,0.4213,1,100.0,2.411187102576043,0.457,0.25,2,1,5.179139608718707,,2.1316282072803006e-14,40.36565800612999,2.3249984852180596e+16,92.0,6.141642115194095e-15,3.0085674951776307,80.0,2.0544898226138804,1249356959728827.2,106.0,0.6123235821702557,601971255372556.1,204.0,1.353758664448818,1145783343694085.8,178.0,1.95565995790239,1721362197111244.0,132.0,4.5864891322550685,3438180033824371.0,162.0,2.765065173413305,2455395718905015.0,154.0,2.772712369557565,2632965489492422.0,162.0,0.06975559990220888,62801581031311.48,218.0,1.058434458618872,793232062015636.4,188.0,-1.6053805789955082,-9.859672974873495e-15,0.40061488816681257,0.8230592105263143,-1.5088496469540356,-0.9239042207792207,1.0534776861688293,1.4261545454545455,1.613100983964863,3.1546770023930275,1.0241464065841674,4.697236363636365,-2.99762784737712,-8.28863636363637,1.495090003192804,4.145454545454547,-0.8369318291295168,-0.05838068181818242,0.062107732991616,0.06573696474502655
2,고위험군,중구,예장동,게스트하우스 더힐2,37.55510981,126.98460913,198640.05631621528,450620.73793319386,37.61242169891967,2015,0.1658,2,100.0,0.6931471805599453,0.1136,0.85,2,4,5.337538079701318,,0.0,40.36565800613001,2.744991345945555e+16,92.0,7.939190668689488e-16,0.5235654587372618,80.0,2.0544898226138875,1169656571046855.2,106.0,0.6123235821702565,638139828072448.9,204.0,1.3537586644488202,1125806244713904.4,178.0,1.9556599579023923,1420979959311717.5,132.0,4.5864891322550685,3129020806207095.5,162.0,2.7650651734133036,1983365042998194.2,154.0,2.772712369557564,2125287143350346.2,162.0,0.06975559990220945,62834980793305.516,218.0,1.0584344586188728,766818549705107.1,188.0,1.3772615101241077,1.093434172952251e-15,-1.099362654954068,-2.2586293859649156,-1.435942350154148,-0.8792613636363646,1.0534776861688293,1.4261545454545477,-0.5105572980220405,-0.998476463956543,-0.9724425025518475,-4.46009696969697,0.04027523019508597,0.11136363636363611,1.495090003192804,4.1454545454545455,-0.16494276924450332,-0.011505681818182031,0.16227819227846568,0.17176083058990715
2,고위험군,강서구,화곡동,승희하우스,37.54097548,126.83259654,185205.3618413,449065.055878917,31.279725537004648,2022,0.5275,20,95.0,0.0,0.1036,0.7,1,6,3.6375861597263857,,1.4210854715202004e-14,40.365658006130005,1.8554863947506116e+16,92.0,-5.339336648759178e-15,-1.8567981426879956,80.0,2.0544898226138826,1616518160883765.2,106.0,0.612323582170256,603642454100978.8,204.0,1.353758664448818,1127881371388492.0,178.0,1.9556599579023894,1793490267652077.5,132.0,4.5864891322550685,3344087376780957.0,162.0,2.7650651734133045,2453139327117347.5,154.0,2.7727123695575657,2563670772517743.0,162.0,0.0697555999022089,60030041884450.664,218.0,1.0584344586188716,796191615713010.5,188.0,1.8311418280336145,-9.777082671495755e-15,1.024088919788877,2.1039802631578923,-0.1236110077561729,-0.07568993506493508,0.7949382513409072,1.0761545454545454,-1.3673521441537981,-2.6740758366735586,-1.030584287908167,-4.7267636363636365,-0.7192005391979657,-1.988636363636365,-0.6688560540599386,-1.8545454545454558,0.2830499373455057,0.019744318181818394,-0.9127635270834883,-0.9661003696356637
2,고위험군,종로구,창신동,오리지날 백패커스,37.56968368,127.01175024,201038.05387246163,452238.2192797013,31.853046049533635,1966,0.1433,2,100.0,1.4376179213932505,0.1837,0.18,2,6,5.6240175061873385,,0.0,40.365658006130005,2.6956526382365148e+16,92.0,-2.23226895252681e-15,-1.5005934046717615,80.0,2.054489822613888,1234392922775847.5,106.0,0.6123235821702566,604230352351309.5,204.0,1.3537586644488193,1076236047491748.8,178.0,1.9556599579023914,1471833227835093.2,132.0,4.5864891322550685,2966712016108230.5,162.0,2.7650651734133036,1846243747236303.5,154.0,2.7727123695575626,2029211043508893.2,162.0,0.06975559990220942,65423147331772.12,218.0,1.0584344586188725,781204353471352.5,188.0,-1.7999007152424396,4.017862484266496e-15,-1.2314546108062003,-2.530010964912285,-1.435942350154148,-0.8792613636363649,1.0534776861688293,1.4261545454545468,0.4096782763715331,0.8011914007222767,-0.5648685872040471,-2.5907636363636364,-3.3520498730938777,-9.268636363636364,1.495090003192804,4.145454545454544,0.2830499373455057,0.01974431818181854,0.3434464545054936,0.36351556213909336
2,고위험군,마포구,합정동,로스터블록,37.55019796,126.90770126,191843.90874299736,450079.47381103993,45.77332815906844,1991,0.3044,18,100.0,3.5795427900764705,0.4183,0.7,1,3,3.5263605246161616,,1.4210854715202004e-14,40.365658006130005,3.1108841153427824e+16,92.0,-2.7420389706959233e-15,-1.3810356459809945,80.0,2.0544898226138844,1616460998856901.5,106.0,0.6123235821702558,632802121058415.5,204.0,1.3537586644488184,1148738069049615.2,178.0,1.9556599579023892,1790754813932617.0,132.0,4.586489132255069,3385137207722190.0,162.0,2.765065173413303,2460812469506453.0,154.0,2.772712369557565,2601397738842846.0,162.0,0.06975559990220913,61963533950765.6,218.0,1.0584344586188719,819711863450534.8,188.0,-0.17889957985134403,4.905496197935125e-16,-0.28567620690493284,-0.5869188596491228,-0.2694256013559479,-0.16497564935064934,1.0534776861688293,1.426154545454546,3.0572980601044804,5.979035395518984,0.7991376972552106,3.665236363636365,-0.7192005391979657,-1.988636363636364,-0.6688560540599386,-1.8545454545454552,-0.3889391225395078,-0.027130681818182196,-0.9831021034873337,-1.0405491426716902
2,고위험군,중구,황학동,미르,37.56704364,127.02176218,201922.6086146271,451945.3633744058,34.05140609019414,2015,0.2656,44,70.5,0.8505532040555008,0.1136,0.85,1,1,6.968408135694081,,-7.105427357601002e-15,40.36565800613001,2.669096448451721e+16,92.0,-2.8293380541078148e-15,-1.879482322753754,80.0,2.0544898226138875,1261350802203695.0,106.0,0.6123235821702564,603454002850740.9,204.0,1.3537586644488195,1067091431436316.8,178.0,1.9556599579023919,1502263007474683.8,132.0,4.586489132255068,2936616273969775.5,162.0,2.765065173413303,1896987289331919.2,154.0,2.7727123695575626,2025915276624744.2,162.0,0.0697555999022094,66862205413653.05,218.0,1.0584344586188728,774714706474062.1,188.0,1.3772615101241077,-3.8967384010521336e-15,-0.5134614463299433,-1.0549013157894753,1.6261641154411273,0.9957386363636374,-0.47190497931591074,-0.6388454545454552,-0.3159887078820091,-0.6179664631541611,-0.9724425025518475,-4.460096969696969,0.04027523019508597,0.1113636363636361,-0.6688560540599386,-1.8545454545454536,-0.8369318291295168,-0.05838068181818286,1.193632860871822,1.2633821508865632
2,고위험군,강남구,삼성동,타라호텔,37.50394006,127.05110163,204518.4470457793,444942.6459696639,38.89745887981659,2002,0.4917,11,27.3,2.1987665976880346,0.1322,1.0,1,1,8.105395072058437,,0.0,40.36565800613,2.7105802935624028e+16,92.0,-1.149316903392595e-15,-0.554523203497078,80.0,2.0544898226138857,1350663865089952.2,106.0,0.6123235821702556,606955462699517.5,204.0,1.3537586644488193,1205902249147031.8,178.0,1.9556599579023914,1538946412863203.8,132.0,4.5864891322550685,3186120090965525.0,162.0,2.765065173413303,2099444198855200.8,154.0,2.7727123695575644,2277179327824431.5,162.0,0.06975559990220921,70418387490598.5,218.0,1.0584344586188723,895734821779212.0,188.0,0.534340919720738,-6.141270512093899e-16,0.8139159411441512,1.672182017543861,-0.7797766789551605,-0.47747564935064923,-2.7056856962291573,-3.662845454545458,1.3505293413106638,2.6411761547735573,-0.8642987817890929,-3.9640969696969695,0.7997509995881376,2.211363636363636,-0.6688560540599386,-1.854545454545455,-0.8369318291295168,-0.0583806818181827,1.9126581324684695,2.0244232749622477
2,고위험군,중구,명동,호텔스카이파크명동Ⅱ,37.56217058,126.98426358,198609.65457527063,451404.404736513,38.09032430525661,1995,0.1947,26,73.1,2.1351521486938414,0.1422,0.85,1,25,8.869679374733515,,7.105427357601002e-15,40.36565800613,2.728627552925339e+16,92.0,5.343712337697219e-16,0.3599930757122471,80.0,2.0544898226138875,1176258245661052.5,106.0,0.6123235821702565,638196939419749.6,204.0,1.3537586644488193,1141575979716117.5,178.0,1.9556599579023923,1422727239740538.8,132.0,4.586489132255069,3137722536998380.0,162.0,2.7650651734133036,2018616450954098.5,154.0,2.772712369557564,2142489569421567.5,162.0,0.06975559990220948,62170210926447.78,218.0,1.0584344586188728,772294792589139.2,188.0,0.08046060181123128,4.2995831059721987e-17,-0.9296978761039958,-1.9100548245614062,0.31383277304315216,0.19216720779220806,-0.3374644732053916,-0.4568454545454553,1.271895923233848,2.4873959276877318,-0.8061569964327735,-3.697430303030304,0.04027523019508597,0.11136363636363611,-0.6688560540599386,-1.8545454545454545,4.538980649950592,0.3166193181818242,2.3959879850217605,2.535996245783831
2,고위험군,마포구,연남동,시담,37.5631198,126.92235022,193139.5670139284,451512.47463740193,43.30007470722432,1993,0.6925,15,100.0,0.5694037943015855,0.4148,0.7,1,4,4.02535169073515,,7.105427357601002e-15,40.365658006130005,3.0776888970997024e+16,92.0,-3.170027946899336e-15,-1.600955733026858,80.0,2.054489822613884,1612708353112762.8,106.0,0.6123235821702564,641765328269382.6,204.0,1.353758664448819,1138666146246048.2,178.0,1.9556599579023906,1826020501369380.5,132.0,4.586489132255071,3356201637728380.0,162.0,2.765065173413304,2218329452452222.8,154.0,2.772712369557566,2529434957877614.0,162.0,0.06975559990220921,61926784871929.27,218.0,1.0584344586188723,827618910088577.4,188.0,-0.049219489020056365,1.5602715572568369e-16,1.9927632627045144,4.094111842105263,-0.48814749175561045,-0.2989042207792211,1.0534776861688293,1.4261545454545466,-0.6635157151700489,-1.2976111155970325,0.7787880723804987,3.5719030303030332,-0.7192005391979657,-1.9886363636363646,-0.6688560540599386,-1.854545454545456,-0.16494276924450332,-0.011505681818181993,-0.6675424015524145,-0.7065498803922717
2,고위험군,마포구,서교동,Tomy guest house,37.5527082,126.92769071,193610.5155612733,450356.5339775894,39.9972988981046,1990,0.2656,22,100.0,0.3101549283038395,0.42,0.85,1,3,3.9318256327243257,,2.1316282072803006e-14,40.365658006130005,3.0806757237449044e+16,92.0,-3.2505511630453168e-15,-1.669489348164313,80.0,2.0544898226138852,1598919023158671.2,106.0,0.6123235821702563,641311179220445.2,204.0,1.3537586644488184,1131525028049003.8,178.0,1.95565995790239,1853006566928975.8,132.0,4.586489132255069,3392620727634380.5,162.0,2.7650651734133045,2320373020204508.0,154.0,2.7727123695575653,2583729887101525.5,162.0,0.06975559990220917,62456268891741.84,218.0,1.0584344586188723,823254121178319.2,188.0,-0.24373962526698784,7.92288122391837e-16,-0.5134614463299433,-1.0549013157894742,0.022203585843602113,0.013595779220779237,1.0534776861688293,1.426154545454546,-0.9839715988294669,-1.9243138555439825,0.8090218007657848,3.710569696969698,0.04027523019508597,0.11136363636363615,-0.6688560540599386,-1.8545454545454554,-0.3889391225395078,-0.02713068181818221,-0.7266878473898383,-0.7691514583369772
2,고위험군,성동구,성동,스테이 얀(STAY YARN),37.53520808,127.05538763,204895.3754560373,448413.21721716353,44.30812567504852,1992,0.2252,15,73.3,2.856470206220483,0.4165,0.85,1,3,5.302608147965193,,-7.105427357601002e-15,40.365658006130005,2.4910742629834776e+16,92.0,-4.455063592680243e-15,-2.3871508491954727,80.0,2.0544898226138866,1400292152184496.8,106.0,0.6123235821702558,608693447954222.6,204.0,1.353758664448819,1235365404334532.8,178.0,1.9556599579023917,1614610798287492.5,132.0,4.586489132255068,3164382096121246.5,162.0,2.7650651734133036,2175204119316035.5,154.0,2.772712369557564,2335584206893413.5,162.0,0.0697555999022093,69938910971915.29,218.0,1.058434458618872,892969683441302.4,188.0,-0.11405953443570019,5.081424792625464e-16,-0.7506398915044387,-1.5421820175438612,-0.48814749175561045,-0.2989042207792208,-0.32712289581227455,-0.442845454545455,2.1635126122194985,4.231094984134478,0.7886721758910729,3.617236363636363,0.04027523019508597,0.11136363636363611,-0.6688560540599386,-1.8545454545454545,-0.3889391225395078,-0.02713068181818226,0.14018866525739976,0.14838051401621818
2,고위험군,마포구,서교동,동경모텔,37.55064465,126.92019333,192947.8281021026,450128.0406188565,38.41932969089128,1969,0.184,20,100.0,1.487099060241856,0.1794,0.55,2,1,5.870510865261174,,7.105427357601002e-15,40.365658006130005,3.0747012693505292e+16,92.0,-3.1433874610462852e-15,-1.6239467094564854,80.0,2.0544898226138852,1599416874380514.2,106.0,0.612323582170256,637949259724470.2,204.0,1.3537586644488186,1142309285574338.0,178.0,1.9556599579023897,1819564530084442.2,132.0,4.5864891322550685,3385972607178438.0,162.0,2.765065173413304,2404796069963515.5,154.0,2.7727123695575653,2595929712729325.0,162.0,0.06975559990220916,62324130275494.71,218.0,1.0584344586188723,822013322909600.0,188.0,-1.6053805789955082,5.0463331822217056e-15,-0.9925149395536766,-2.0391118421052643,-0.1236110077561729,-0.07568993506493508,1.0534776861688293,1.4261545454545461,0.47084159916246887,0.9208060619967677,-0.5898695549072646,-2.7054303030303033,-1.4786763085910166,-4.088636363636364,1.495090003192804,4.145454545454547,-0.8369318291295168,-0.05838068181818265,0.49932771293187744,0.5285056575104514
2,고위험군,송파구,삼전동,봄하우스,37.49995832,127.09070693,208020.8059065768,444503.36257503874,32.733720498116,2004,0.3904,29,72.4,0.5937747067467416,0.1293,0.85,1,5,3.7612001156935615,,-2.1316282072803006e-14,40.36565800613002,2.7574452796223988e+16,92.0,-4.1099426453375e-16,-0.19291319765007697,80.0,2.0544898226138852,1386034624572547.0,106.0,0.6123235821702556,596117243907077.4,204.0,1.3537586644488186,1170614283233081.0,178.0,1.9556599579023914,1501897130527345.2,132.0,4.5864891322550685,3130460947381628.5,162.0,2.7650651734133027,2066474200555613.8,154.0,2.772712369557565,2222297519104658.2,162.0,0.06975559990220924,69978102038461.38,218.0,1.0584344586188728,892735328645478.2,188.0,0.6640210105520257,-2.729088268667872e-16,0.21920860212988424,0.45036184210526364,0.5325546634428147,0.32609577922077915,-0.3736599940813001,-0.5058454545454543,-0.6333909844286357,-1.23869738594346,-0.8811598995424257,-4.041430303030303,0.04027523019508597,0.11136363636363607,-0.6688560540599386,-1.8545454545454552,0.05905358405050119,0.0041193181818182465,-0.8345906339571667,-0.8833594858208356
2,고위험군,송파구,잠실동,에이 플러스,37.50831442,127.07989054,207063.5737129988,445429.915423388,39.55326706256322,1986,0.4674,19,57.9,1.468795582631634,0.1551,1.0,1,1,7.513338202469695,,-7.105427357601002e-15,40.365658006130005,2.7873969832412188e+16,92.0,-7.681187402557822e-16,-0.3715575061769106,80.0,2.0544898226138857,1396798003536639.5,106.0,0.6123235821702555,601214959305812.1,204.0,1.3537586644488186,1191363989644518.2,178.0,1.9556599579023912,1533590591950189.0,132.0,4.5864891322550685,3161793076616979.0,162.0,2.7650651734133027,2099305598941260.0,154.0,2.7727123695575644,2264018478745374.0,162.0,0.06975559990220921,70107343567525.24,218.0,1.0584344586188725,897333412974753.9,188.0,-0.5030998069295631,3.864403899216633e-16,0.6712566288238481,1.3790899122807025,-0.19651830455606042,-0.12033279220779217,-1.1234243550822742,-1.520845454545455,0.44821678624747213,0.8765596213238764,-0.7311540933231212,-3.3534303030303034,0.7997509995881376,2.211363636363636,-0.6688560540599386,-1.854545454545455,-0.8369318291295168,-0.0583806818181827,1.5382441107753602,1.6281305726121873
2,고위험군,용산구,서계동,Top guesthouse,37.55005538,126.96625429,197018.01359599337,450060.180581084,48.482929995384566,1997,0.2539,34,88.2,1.0129434941133115,0.6761,0.85,1,6,4.442651256490317,,0.0,40.365658006130005,2.4347915701306988e+16,92.0,2.8873378164081867e-16,0.16881570909199134,80.0,2.054489822613886,1145943189431998.5,106.0,0.6123235821702565,647568110290630.6,204.0,1.3537586644488195,1128607704203141.2,178.0,1.9556599579023934,1451391572021838.0,132.0,4.58648913225507,3319047366890158.0,162.0,2.7650651734133045,1957126596464758.0,154.0,2.7727123695575635,2385928833560105.5,162.0,0.06975559990220935,63268109970632.09,218.0,1.058434458618873,795213375522587.6,188.0,0.21014069264251892,6.067471686329545e-17,-0.5821492633730521,-1.1960197368421062,0.8970911474422523,0.5493100649350656,0.44332461997493344,0.6001545454545464,-0.11525909736700163,-0.22540760150461828,2.29803292374113,10.539903030303037,0.04027523019508597,0.11136363636363615,-0.6688560540599386,-1.8545454545454543,0.2830499373455057,0.019744318181818522,-0.40364408926070755,-0.427230813091365
2,고위험군,종로구,숭인동,송스테이(Song stay),37.5724127,127.01776673,201569.5126227073,452541.1922574012,36.96195767342961,2006,0.3074,34,38.2,0.2943607512710861,0.1265,1.0,2,4,3.9318256327243257,,7.105427357601002e-15,40.365658006130005,2.647057101266156e+16,92.0,-2.6516030616769343e-15,-1.7680821276790815,80.0,2.054489822613888,1242293610048465.0,106.0,0.6123235821702566,602198282694343.0,204.0,1.3537586644488189,1075196694129508.8,178.0,1.9556599579023914,1475264520149993.8,132.0,4.586489132255066,2911346048788971.0,162.0,2.765065173413304,1846454679270631.8,154.0,2.772712369557563,1981724787416243.5,162.0,0.06975559990220943,65897680541967.69,218.0,1.0584344586188725,766496312409922.1,188.0,0.7937011013833133,-2.1045802704843483e-15,-0.2680639461246485,-0.5507346491228079,0.8970911474422523,0.5493100649350657,-2.142069728304287,-2.8998454545454555,-1.0034946811705419,-1.9624943659332557,-0.8974395994421952,-4.116096969696968,0.7997509995881376,2.211363636363637,1.495090003192804,4.145454545454545,-0.16494276924450332,-0.01150568181818203,-0.7266878473898383,-0.7691514583369773
2,고위험군,강남구,청담동,호텔 엔트라,37.52128529,127.04769721,204216.4496065997,446867.5879346746,42.14306674915122,2016,0.4336,9,77.8,0.7158238892309751,0.1122,0.85,2,24,8.64241515616962,,1.4210854715202004e-14,40.365658006130005,2.54765152803722e+16,92.0,-2.4737787318667084e-15,-1.2580079205790127,80.0,2.054489822613888,1311541389018290.2,106.0,0.6123235821702558,611222239050843.5,204.0,1.3537586644488189,1233238029693371.8,178.0,1.9556599579023917,1599847802735066.2,132.0,4.5864891322550685,3193581445573676.0,162.0,2.7650651734133036,2168781379321635.5,154.0,2.772712369557564,2326034559078365.5,162.0,0.06975559990220924,70251586272686.17,218.0,1.0584344586188723,896095234676598.0,188.0,1.4421015555397516,-3.567440157286134e-15,0.47282515736597813,0.9714144736842121,-0.9255912725549355,-0.5667613636363636,-0.0944374044671447,-0.12784545454545473,-0.48252676185095766,-0.9436582667682213,-0.9805823525017323,-4.4974303030303036,0.04027523019508597,0.11136363636363611,1.495090003192804,4.1454545454545455,4.314984296655587,0.3009943181818229,2.252267145977098,2.3838771573173427
2,고위험군,용산구,한남동,원보이,37.53352161,127.00007379,200006.5219955192,448224.5982327998,39.54274828510778,1991,0.1735,49,63.3,0.6167742017753712,0.4183,1.0,1,3,2.772588722239781,,0.0,40.365658006130005,2.5197122341203028e+16,92.0,1.2063170111517984e-15,0.734031041352282,80.0,2.054489822613888,1262478538332313.2,106.0,0.6123235821702563,615317510761437.9,204.0,1.3537586644488198,1132629460780960.0,178.0,1.9556599579023926,1577833092107548.8,132.0,4.5864891322550685,3075299726377263.5,162.0,2.7650651734133027,2075245088882412.5,154.0,2.772712369557564,2111293187136147.2,162.0,0.06975559990220925,68208766028912.27,218.0,1.058434458618873,805122611828663.0,188.0,-0.17889957985134403,-2.1580960646258583e-16,-1.0541578522846717,-2.1657565789473723,1.9907005994405649,1.2189529220779232,-0.8442017654681186,-1.142845454545456,-0.6049614540823623,-1.183098891823283,0.7991376972552106,3.6652363636363643,0.7997509995881376,2.211363636363636,-0.6688560540599386,-1.8545454545454545,-0.3889391225395078,-0.027130681818182244,-1.4597838995496673,-1.5450855814203992
2,고위험군,마포구,서교동,Sue-perb house,37.55191267,126.91806447,192759.83253544697,450268.9374897929,35.304073993935255,1994,0.1313,17,64.7,0.8142915639190336,0.413,0.7,1,8,4.844187086458591,,0.0,40.365658006130005,3.0836134864446052e+16,92.0,-3.106411528952934e-15,-1.6009348062230155,80.0,2.054489822613885,1602954409052480.2,106.0,0.6123235821702555,637519786818431.4,204.0,1.3537586644488189,1142366265205579.0,178.0,1.9556599579023897,1813246575986173.0,132.0,4.5864891322550685,3380377224108251.0,162.0,2.7650651734133036,2405453402499245.0,154.0,2.7727123695575666,2590185947050934.0,162.0,0.06975559990220916,62219104653716.555,218.0,1.0584344586188723,821891908487774.9,188.0,0.015620556395587458,-4.852387647591237e-17,-1.3019036539273376,-2.6747478070175443,-0.34233289815583545,-0.2096185064935064,-0.7718107237163001,-1.0448454545454549,-0.36081149192061884,-0.7056245871001758,0.768322551016361,3.5239030303030305,-0.7192005391979657,-1.9886363636363644,-0.6688560540599386,-1.8545454545454563,0.7310426439355147,0.05099431818181891,-0.14971469045695285,-0.15846318734109693
2,고위험군,마포구,연남동,크래프트맨스하우스,37.55950426,126.92411992,193295.597768402,451111.06458971446,41.26232187303869,2016,0.5795,29,96.6,1.517466415316031,0.1122,1.0,1,4,4.795790545596741,,7.105427357601002e-15,40.365658006130005,3.0865764261147704e+16,92.0,-3.1835161442725563e-15,-1.6166945604718028,80.0,2.0544898226138844,1613344089196894.8,106.0,0.6123235821702562,641633517268396.9,204.0,1.3537586644488184,1142077858130484.8,178.0,1.9556599579023897,1835729949513345.2,132.0,4.5864891322550685,3362723065221369.5,162.0,2.765065173413303,2248749986428909.2,154.0,2.772712369557566,2543042909985528.5,162.0,0.06975559990220916,62098672972812.66,218.0,1.0584344586188719,826246922384820.9,188.0,1.4421015555397516,-4.590953583741366e-15,1.3293681066471388,2.7311732456140354,0.5325546634428147,0.3260957792207794,0.877670870485842,1.1881545454545455,0.5083784947135519,0.9942154655699851,-0.9805823525017323,-4.4974303030303036,0.7997509995881376,2.211363636363636,-0.6688560540599386,-1.854545454545456,-0.16494276924450332,-0.011505681818181984,-0.1803204387066218,-0.1908573659203607
2,고위험군,중구,쌍림동,위코스테이 동대문,37.56121701,127.00319028,200281.87146251308,451298.458107731,33.542681174030506,2023,0.412,21,61.9,0.7163142398414797,0.1022,0.85,1,1,6.942678308771367,,-7.105427357601002e-15,40.36565800613001,2.7736933278518864e+16,92.0,-1.0699828662407208e-15,-0.7287564380306484,80.0,2.054489822613888,1227802859384576.5,106.0,0.6123235821702564,614103568091758.8,204.0,1.3537586644488193,1096884978472751.8,178.0,1.9556599579023914,1480525906093827.2,132.0,4.5864891322550685,3003601895238981.5,162.0,2.7650651734133036,1881296540278730.8,154.0,2.7727123695575626,2045355258725675.2,162.0,0.06975559990220938,65192181033625.07,218.0,1.0584344586188725,780092549804235.2,188.0,1.8959818734492584,-2.028668119293689e-15,0.34601687974793105,0.7108881578947378,-0.0507037109562854,-0.03104707792207795,-0.9165928072199367,-1.2408454545454557,-0.4819206425624993,-0.9424729035460708,-1.0387241378580518,-4.76409696969697,0.04027523019508597,0.11136363636363611,-0.6688560540599386,-1.8545454545454536,-0.8369318291295168,-0.05838068181818284,1.177361437516338,1.2461599157163425
2,고위험군,중구,광희동,서울 엔 호스텔,37.56274732,127.00532349,200470.33778253468,451468.3130036589,36.26715541062872,2024,0.341,51,72.5,0.6398386271054382,0.1011,1.0,1,1,6.365628168715412,,-7.105427357601002e-15,40.36565800613001,2.7550243999160604e+16,92.0,-1.4088115684819198e-15,-0.9566495351052614,80.0,2.0544898226138875,1231409627137890.8,106.0,0.6123235821702566,610499707890920.0,204.0,1.3537586644488198,1094846275508388.1,178.0,1.9556599579023917,1483336063165092.0,132.0,4.5864891322550685,2999504306870754.0,162.0,2.765065173413305,1875424137081708.0,154.0,2.772712369557563,2048529897577980.2,162.0,0.06975559990220942,65327534706490.1,218.0,1.058434458618873,782583495853731.5,188.0,1.960821918864902,-2.7624286030297904e-15,-0.07080662538546409,-0.1454714912280701,2.13651519304034,1.3082386363636382,-0.3684892053847419,-0.49884545454545504,-0.5764516638011291,-1.1273434365620798,-1.045119734247247,-4.793430303030303,0.7997509995881376,2.2113636363636378,-0.6688560540599386,-1.854545454545454,-0.8369318291295168,-0.05838068181818287,0.8124376020628286,0.8599119535009853
2,고위험군,마포구,성산동,라임하우스,37.55562326,126.91324463,192334.3112297457,450681.1508870026,46.0064940531368,1989,0.2744,26,92.3,0.267800701897952,0.4218,0.85,2,3,4.406719247264253,,7.105427357601002e-15,40.365658006130005,3.0901260411776096e+16,92.0,-3.016343548066004e-15,-1.5393860396117112,80.0,2.0544898226138844,1606121975284145.8,106.0,0.6123235821702561,636809338383031.6,204.0,1.3537586644488182,1143193300318899.8,178.0,1.9556599579023897,1809205894365946.2,132.0,4.586489132255068,3367279595432009.5,162.0,2.7650651734133045,2399748902328369.5,154.0,2.772712369557564,2575015731179799.5,162.0,0.06975559990220917,61970510646867.09,218.0,1.0584344586188719,822821981634558.2,188.0,-0.30857967068263165,9.307822987278881e-16,-0.4617988147077761,-0.948760964912281,0.31383277304315216,0.1921672077922079,0.6553269565338292,0.8871545454545454,-1.036325390223593,-2.026700069017849,0.8194873221299225,3.758569696969697,0.04027523019508597,0.11136363636363615,1.495090003192804,4.1454545454545455,-0.3889391225395078,-0.02713068181818221,-0.42636732544440287,-0.4512818692795229
2,고위험군,중구,중림동,J Stay Seoul,37.55513081,126.96713687,197096.2009276662,450623.4649413301,41.90005032138768,1967,0.3873,14,28.6,1.1564704703409323,0.4606,1.0,1,3,4.770684624465665,,-7.105427357601002e-15,40.36565800613001,2.445193040997025e+16,92.0,6.873089934007919e-16,0.4035554502235549,80.0,2.0544898226138852,1141001577225384.2,106.0,0.6123235821702562,646471387256493.6,204.0,1.353758664448819,1145529067626918.5,178.0,1.9556599579023923,1419915279389596.0,132.0,4.5864891322550685,3381806083889223.5,162.0,2.7650651734133045,2032233607272727.5,154.0,2.7727123695575653,2449851213627216.0,162.0,0.06975559990220942,62784088813712.97,218.0,1.058434458618873,793542247102183.9,188.0,-1.7350606698267959,-1.1925228024679588e-15,0.20100926599025687,0.4129714912280701,-0.561054788555498,-0.34354707792207817,-2.638465443173897,-3.5718454545454565,0.06215369022214982,0.12155148320332784,1.0450774493124424,4.793236363636364,0.7997509995881376,2.2113636363636373,-0.6688560540599386,-1.8545454545454554,-0.3889391225395078,-0.027130681818182307,-0.1961973069296453,-0.20766199034255997
2,고위험군,마포구,연남동,더 어반 게스트하우스,37.55960824,126.92563786,193429.7248626066,451122.4979493667,51.54459625036989,1988,0.5963,42,92.9,0.7206347640255091,0.4236,0.85,2,3,4.04305126783455,,7.105427357601002e-15,40.36565800613001,3.0774860824086724e+16,92.0,-3.20541369669602e-15,-1.6245832011729882,80.0,2.0544898226138844,1613888451122465.8,106.0,0.6123235821702564,642135642347379.5,204.0,1.3537586644488186,1140240962654352.5,178.0,1.9556599579023897,1857650556100992.5,132.0,4.5864891322550685,3362909034320295.5,162.0,2.765065173413304,2226440177411377.0,154.0,2.772712369557565,2538713212044071.5,162.0,0.06975559990220921,62126482322588.68,218.0,1.0584344586188728,826261214570596.5,188.0,-0.37341971609827546,1.1969646725977515e-15,1.427996767016731,2.9338048245614043,1.4803495218413523,0.906452922077923,0.6863516887131803,0.9291545454545463,-0.47658006994345814,-0.9320285595227412,0.8299528434940597,3.8065696969696967,0.04027523019508597,0.11136363636363612,1.495090003192804,4.145454545454547,-0.3889391225395078,-0.027130681818182227,-0.6563492709859925,-0.6947026853009508
2,고위험군,용산구,이태원동,오두막 여기,37.53601428,126.98889053,199018.1121815832,448501.3119167306,49.95686660096675,1993,0.2804,47,78.7,1.1684433831714496,0.4148,1.0,2,3,4.110873864173311,,0.0,40.365658006130005,2.5360826527211724e+16,92.0,1.0428535142752837e-15,0.6531672857305695,80.0,2.0544898226138875,1150193609140265.8,106.0,0.6123235821702561,631086844869346.6,204.0,1.3537586644488195,1090157376639251.8,178.0,1.955659957902393,1443227363039949.2,132.0,4.5864891322550685,3039467107260576.0,162.0,2.7650651734133036,1924165329775170.8,154.0,2.772712369557563,2014550930095387.5,162.0,0.06975559990220931,66442664522172.016,218.0,1.058434458618873,773837882760812.9,188.0,-0.049219489020056365,-5.132871709539952e-17,-0.42657429314720746,-0.8763925438596507,1.8448860058407899,1.1296672077922083,-0.047900306198118435,-0.06484545454545433,0.07695333205014514,0.1504945501176357,0.7787880723804987,3.571903030303031,0.7997509995881376,2.2113636363636364,1.495090003192804,4.145454545454545,-0.3889391225395078,-0.027130681818182265,-0.6134585752416749,-0.6493056949710273
2,고위험군,영등포구,양평동,상상그린 G. HOUSE,37.52407157,126.88477322,189814.2907179686,447181.9996245963,43.152362015739335,2021,0.5795,33,75.8,2.2844492785581574,0.105,1.0,1,10,6.904750769961838,,-2.1316282072803006e-14,40.365658006130005,2.4032502997788892e+16,92.0,4.0668612559217356e-15,2.0415723873375256,80.0,2.054489822613884,1616340713881398.0,106.0,0.6123235821702561,609374324623341.9,204.0,1.353758664448818,1138185966671337.5,178.0,1.955659957902389,1800722740985525.8,132.0,4.58648913225507,3402335594973629.0,162.0,2.7650651734133045,2486973688874110.5,154.0,2.7727123695575644,2615399295465669.5,162.0,0.06975559990220893,61539492779991.336,218.0,1.0584344586188716,794098782908738.9,188.0,1.7663017826179708,7.183304285994521e-15,1.3293681066471388,2.731173245614035,0.8241838506423647,0.504667207792208,-0.1978531783983135,-0.2678454545454546,1.456441161240406,2.848303660078719,-1.0224444379582824,-4.6894303030303055,0.7997509995881376,2.2113636363636373,-0.6688560540599386,-1.854545454545455,1.1790353505255238,0.0822443181818191,1.1533762376681187,1.2207731537001263
2,고위험군,중구,인현동,"쉼,-IN SEOUL",37.56063038,126.99259191,199345.4663741233,451233.37011986657,33.07273935905397,2020,0.0918,18,77.8,0.1468471686002947,0.1065,1.0,1,1,9.295709484520795,,7.105427357601002e-15,40.36565800613,2.8001858101601916e+16,92.0,1.9631479851402173e-16,0.13265615283028054,80.0,2.0544898226138875,1206198029880274.0,106.0,0.6123235821702566,630429700435929.4,204.0,1.3537586644488198,1112557781483419.8,178.0,1.9556599579023919,1448659960914094.2,132.0,4.5864891322550685,3082024667069445.0,162.0,2.7650651734133036,1902379935635725.8,154.0,2.7727123695575635,2099156764156520.2,162.0,0.06975559990220946,63320437004260.664,218.0,1.0584344586188723,772567944472320.2,188.0,1.7014617372023269,3.340221181181922e-16,-1.533798420867748,-3.15117324561404,-0.2694256013559479,-0.16497564935064957,-0.0944374044671447,-0.12784545454545482,-1.1858352877710971,-2.3190905889615947,-1.0137231701548346,-4.649430303030305,0.7997509995881376,2.2113636363636364,-0.6688560540599386,-1.8545454545454543,-0.8369318291295168,-0.05838068181818291,2.665407452916143,2.821159094426005
2,고위험군,중구,남산동,오요 5 롯지B (OYO 5 Lodge B),37.55646209,126.98424233,198607.6708751904,450770.8302758673,40.1090269261265,1963,0.1086,1,100.0,1.5410659661456148,0.4676,0.7,1,3,5.123963979403259,,2.1316282072803006e-14,40.36565800613,2.740252694592037e+16,92.0,7.425600524876147e-16,0.49257635143067824,80.0,2.054489822613887,1169304439378924.2,106.0,0.6123235821702562,638529361437307.1,204.0,1.3537586644488195,1128766973559872.0,178.0,1.9556599579023926,1421861026998466.2,132.0,4.586489132255067,3128858497852559.0,162.0,2.765065173413303,1999655381541864.2,154.0,2.772712369557564,2125072734762281.5,162.0,0.06975559990220943,62713114400538.94,218.0,1.058434458618873,767298086666263.2,188.0,-1.994420851489371,-1.4809772521643404e-15,-1.4351697604981557,-2.948541666666671,-1.5088496469540356,-0.9239042207792214,1.0534776861688293,1.426154545454547,0.5375497502403759,1.0512645219255352,1.0857766990618662,4.97990303030303,-0.7192005391979657,-1.988636363636364,-0.6688560540599386,-1.8545454545454545,-0.3889391225395078,-0.027130681818182314,0.027214920607232993,0.02880520975927226
2,고위험군,중구,명동,블루닷 포쉬텔,37.56041505,126.98504625,198678.77409724664,451209.5503446365,33.015850960517696,1988,0.1313,18,72.2,1.8272215026672964,0.1523,0.7,1,6,7.349230824613334,,1.4210854715202004e-14,40.36565800613,2.7455505854489096e+16,92.0,5.689609712694172e-16,0.3823940747462632,80.0,2.054489822613887,1179395505598588.2,106.0,0.6123235821702565,637435012044469.9,204.0,1.3537586644488198,1137455153413342.2,178.0,1.955659957902392,1429059929472086.2,132.0,4.586489132255068,3121461650388774.0,162.0,2.7650651734133036,2010035067066560.2,154.0,2.772712369557564,2121770534669080.0,162.0,0.06975559990220948,62297074169994.67,218.0,1.0584344586188728,770223658887423.5,188.0,-0.37341971609827546,-2.1246124436242485e-16,-1.3019036539273376,-2.6747478070175474,-0.2694256013559479,-0.16497564935064954,-0.3840015714744171,-0.5198454545454549,0.8912647991651709,1.743010879615242,-0.7474337932228907,-3.42809696969697,-0.7192005391979657,-1.9886363636363644,-0.6688560540599386,-1.8545454545454545,0.2830499373455057,0.019744318181818557,1.4344633652274004,1.5182854553830698
2,고위험군,용산구,서계동,케이에이하우스,37.55022518,126.96638702,197029.74920477404,450079.0221393349,43.66267625352105,1989,0.2597,29,89.7,1.183569011144075,0.4218,1.0,1,4,3.737669618283368,,0.0,40.36565800613,2.4309390611604316e+16,92.0,3.143346252972381e-16,0.18402822732350232,80.0,2.0544898226138857,1147420548385060.8,106.0,0.6123235821702562,647613138889152.5,204.0,1.3537586644488193,1128741838898326.5,178.0,1.9556599579023926,1444629825854350.2,132.0,4.586489132255069,3322694555749977.5,162.0,2.7650651734133036,1962247758949024.5,154.0,2.7727123695575644,2389307562612285.0,162.0,0.06975559990220931,63251434070267.81,218.0,1.0584344586188728,794914012120912.2,188.0,-0.30857967068263165,-9.699727515837015e-17,-0.5480988925311692,-1.126063596491229,0.5325546634428147,0.3260957792207794,0.52088645042331,0.7051545454545464,0.09565002512618528,0.1870589241116383,0.8194873221299225,3.7585696969696984,0.7997509995881376,2.2113636363636364,-0.6688560540599386,-1.854545454545455,-0.16494276924450332,-0.011505681818182008,-0.8494712115170717,-0.8991096018743897
2,고위험군,성동구,도선동,아모렉스 관광호텔,37.56086358,127.03451002,203049.0853183922,451259.7865393524,36.62842592426579,2008,0.0898,35,48.6,2.180780219109842,0.1237,1.0,1,12,8.27614021955846,,-7.105427357601002e-15,40.365658006130005,2.5184458971235188e+16,92.0,-3.3443144229295988e-15,-2.2060023039692016,80.0,2.0544898226138884,1269630464654669.8,106.0,0.6123235821702564,604987926951560.0,204.0,1.353758664448819,1112424178529466.1,178.0,1.9556599579023917,1535939226381283.5,132.0,4.5864891322550685,2964134124589450.0,162.0,2.765065173413303,1980581950520426.2,154.0,2.7727123695575626,2103912051977066.2,162.0,0.06975559990220935,68287862440191.06,218.0,1.058434458618872,822319740982258.5,188.0,0.923381192214601,-3.0880770389852184e-15,-1.545539928054604,-3.175296052631585,0.9699984442421398,0.5939529220779227,-1.6043077038622091,-2.1718454545454557,1.3282964925036893,2.5976962626116595,-0.9137192993419647,-4.190763636363637,0.7997509995881376,2.211363636363636,-0.6688560540599386,-1.8545454545454536,1.6270280571155327,0.11349431818182013,2.020636572790383,2.138711376986882
2,고위험군,마포구,연남동,여기연남스테이,37.55833364,126.91738483,192700.40301410868,450981.6413447308,46.48526254271462,1972,0.4089,19,78.9,0.8336216274183995,0.4518,0.7,2,2,4.48863636973214,,0.0,40.36565800612999,3.0904101803332416e+16,92.0,-3.1086716070499002e-15,-1.5885452061626457,80.0,2.0544898226138852,1597990538093039.2,106.0,0.6123235821702557,639076897179198.8,204.0,1.3537586644488184,1144360605245233.5,178.0,1.95565995790239,1797636512294515.2,132.0,4.586489132255069,3356829942602832.0,162.0,2.7650651734133045,2337255056175766.0,154.0,2.772712369557565,2555187287693711.0,162.0,0.06975559990220917,61988659634399.07,218.0,1.0584344586188719,825147279370179.4,188.0,-1.4108604427485767,4.385901799882352e-15,0.32781754360830395,0.673497807017544,-0.19651830455606042,-0.12033279220779221,-0.037558728805001405,-0.05084545454545407,-0.33691772268061826,-0.658896499354147,0.9939126781988811,4.558569696969698,-0.7192005391979657,-1.988636363636365,1.495090003192804,4.145454545454547,-0.6129354758345124,-0.04275568181818244,-0.3745633166672847,-0.39645072129522657
2,고위험군,종로구,필운동,민기네 집,37.57495722,126.96612859,197007.90199509167,452823.99545859685,40.28010884563477,2000,0.4977,19,68.4,0.053704178971861,0.1351,1.0,2,4,3.828641396489095,,7.105427357601002e-15,40.365658006130005,2.275269248505215e+16,92.0,2.215646152307977e-15,1.2228784506387265,80.0,2.054489822613885,1192297655647848.0,106.0,0.6123235821702563,646838870351107.9,204.0,1.353758664448819,1187026353008060.0,178.0,1.9556599579023908,1424600422345622.0,132.0,4.586489132255069,3550933199848922.5,162.0,2.7650651734133045,2148800348324510.2,154.0,2.7727123695575657,2618845177529985.5,162.0,0.06975559990220945,61226045927396.04,218.0,1.0584344586188725,802320175546173.0,188.0,0.4046608288894504,8.965852085186674e-16,0.8491404627047195,1.7445504385964914,-0.19651830455606042,-0.12033279220779232,-0.5804915419436377,-0.7858454545454546,-1.300968748174813,-2.5442524872878804,-0.8474376640357604,-3.8867636363636375,0.7997509995881376,2.2113636363636373,1.495090003192804,4.145454545454548,-0.16494276924450332,-0.011505681818182031,-0.791941080395986,-0.8382177286869704
2,고위험군,송파구,삼전동,24게스트하우스(서울 잠실점),37.50055228,127.08861564,207835.82042955127,444569.1082931835,40.91673744481444,1989,0.3997,19,89.5,0.5162164724008671,0.1509,0.85,2,6,5.1298987149230735,,1.4210854715202004e-14,40.36565800612999,2.761001327098897e+16,92.0,-4.524707012993305e-16,-0.21334294520166291,80.0,2.054489822613885,1386657741307445.2,106.0,0.6123235821702554,596894626153796.2,204.0,1.3537586644488184,1172965428252060.0,178.0,1.9556599579023917,1505649569213127.2,132.0,4.586489132255068,3133783687740468.5,162.0,2.7650651734133036,2069388987053748.2,154.0,2.7727123695575657,2226384334250881.0,162.0,0.06975559990220925,70002136246732.96,218.0,1.0584344586188719,893298429676357.4,188.0,-0.30857967068263165,1.3962326000048682e-16,0.2738066105487655,0.5625328947368422,-0.19651830455606042,-0.12033279220779214,0.510544873030193,0.6911545454545457,-0.7292602273922194,-1.4261850256017563,-0.7555736431727753,-3.465430303030302,0.04027523019508597,0.11136363636363611,1.495090003192804,4.145454545454548,0.2830499373455057,0.019744318181818495,0.03096801985798954,0.03277761933288963
2,고위험군,성동구,도선동,아모렉스관광호텔,37.56086358,127.03451002,203049.0853183922,451259.7865393524,36.62850598922836,2008,0.0898,35,48.6,2.180780219109842,0.1237,1.0,1,12,8.276259835717982,,-7.105427357601002e-15,40.365658006130005,2.5184458971235188e+16,92.0,-3.3443144229295988e-15,-2.2060023039692016,80.0,2.0544898226138884,1269630464654669.8,106.0,0.6123235821702564,604987926951560.0,204.0,1.353758664448819,1112424178529466.1,178.0,1.9556599579023917,1535939226381283.5,132.0,4.5864891322550685,2964134124589450.0,162.0,2.765065173413303,1980581950520426.2,154.0,2.7727123695575626,2103912051977066.2,162.0,0.06975559990220935,68287862440191.06,218.0,1.058434458618872,822319740982258.6,188.0,0.923381192214601,-3.0880770389852184e-15,-1.545539928054604,-3.175296052631585,0.9699984442421398,0.5939529220779227,-1.6043077038622091,-2.1718454545454557,1.3282964925036893,2.5976962626116595,-0.9137192993419647,-4.190763636363637,0.7997509995881376,2.211363636363636,-0.6688560540599386,-1.8545454545454536,1.6270280571155327,0.11349431818182013,2.0207122174955563,2.13879144194945
2,고위험군,마포구,연남동,씨유 하우스,37.56055478,126.92400504,193285.5417896266,451227.6681068995,39.31409005993788,1997,0.6182,15,93.3,2.9574684794567743,0.1394,0.18,2,4,4.3694478524670215,,0.0,40.365658006130005,3.079349178972559e+16,92.0,-3.187150428256303e-15,-1.6159199313682624,80.0,2.0544898226138844,1614969721762084.2,106.0,0.6123235821702558,641803623438823.8,204.0,1.3537586644488189,1140649319544288.0,178.0,1.9556599579023906,1836683981794856.5,132.0,4.586489132255067,3358430782869103.5,162.0,2.7650651734133036,2234376429833055.0,154.0,2.772712369557564,2536064403017018.0,162.0,0.06975559990220921,62055892782518.82,218.0,1.0584344586188725,826659365507637.6,188.0,0.21014069264251892,-6.697499985496803e-16,1.556566270712806,3.1979495614035085,-0.48814749175561045,-0.2989042207792208,0.7070348434994136,0.9571545454545458,2.288355939010723,4.475246079351396,-0.8224366963325429,-3.7720969696969684,-3.3520498730938777,-9.268636363636364,1.495090003192804,4.1454545454545455,-0.16494276924450332,-0.011505681818181993,-0.44993758285875673,-0.4762294419253923
2,고위험군,중구,명동,57 명동 호스텔,37.55824724,126.98265646,198467.58183024032,450968.98538838624,35.56573317621394,1966,0.0601,17,41.2,0.492294319144107,0.4623,0.7,1,1,8.337922974545998,,1.4210854715202004e-14,40.36565800613,2.714267707664609e+16,92.0,7.618326435156575e-16,0.5048282947264272,80.0,2.054489822613887,1165591602113313.0,106.0,0.6123235821702566,640186600973652.5,204.0,1.3537586644488195,1133113155933081.2,178.0,1.9556599579023928,1414515320976430.2,132.0,4.586489132255068,3142790182280940.5,162.0,2.765065173413304,2028514589966969.5,154.0,2.772712369557564,2140991410946745.0,162.0,0.0697555999022095,62601281999339.21,218.0,1.0584344586188728,772634639808501.6,188.0,-1.7999007152424396,-1.3712231199588704e-15,-1.719901309779419,-3.5335197368421105,-0.34233289815583545,-0.2096185064935068,-1.9869460674075337,-2.689845454545457,-0.7588302497390008,-1.4840139342596366,1.0549615528230167,4.838569696969697,-0.7192005391979657,-1.9886363636363646,-0.6688560540599386,-1.8545454545454545,-0.8369318291295168,-0.05838068181818294,2.059707700843052,2.180065605254939
2,고위험군,강남구,대치동,퓨어하우스,37.49544082,127.05496781,204860.8487159776,443999.5330896638,29.68192481187544,1996,0.5156,2,100.0,0.5054055562966515,0.1408,0.45,1,4,4.110873864173311,,0.0,40.365658006130005,2.7405508549762644e+16,92.0,-8.522063115830768e-16,-0.40795289097809473,80.0,2.0544898226138857,1350078032356188.2,106.0,0.6123235821702555,602668453641436.2,204.0,1.3537586644488189,1184654257866002.5,178.0,1.9556599579023914,1505935713447498.8,132.0,4.586489132255067,3163609525836187.5,162.0,2.765065173413303,2059546433395244.2,154.0,2.7727123695575644,2243990159026533.5,162.0,0.06975559990220917,70369752455095.94,218.0,1.058434458618872,892100582158311.1,188.0,0.1453006472268751,-1.2382612864384904e-16,0.9542269520270825,1.9604495614035096,-1.435942350154148,-0.8792613636363632,1.0534776861688293,1.4261545454545463,-0.742623532415796,-1.452319106141601,-0.8142968463826581,-3.7347636363636347,-1.9849934881863844,-5.488636363636362,-0.6688560540599386,-1.854545454545455,-0.16494276924450332,-0.011505681818181986,-0.6134585752416749,-0.6493056949710267
2,고위험군,마포구,합정동,한스테이,37.5497112,126.90631127,191721.02670630792,450025.57078298455,43.043440720332704,1990,0.3656,25,92.0,2.205129756843333,0.42,0.7,1,3,3.610917912644224,,7.105427357601002e-15,40.365658006130005,3.09505283858641e+16,92.0,-2.6619109352190258e-15,-1.3327754683439776,80.0,2.0544898226138844,1619523067579672.0,106.0,0.612323582170256,632055457391848.8,204.0,1.3537586644488189,1149359989310007.5,178.0,1.9556599579023888,1780051136315638.0,132.0,4.5864891322550685,3386235845325063.0,162.0,2.765065173413305,2466235955069035.5,154.0,2.772712369557565,2603033261397910.0,162.0,0.06975559990220909,61933645542992.94,218.0,1.0584344586188723,819273367065534.6,188.0,-0.24373962526698784,6.488131738443825e-16,0.07361391301286702,0.15123903508771908,0.24092547624326463,0.1475243506493507,0.639814590444154,0.866154545454546,1.3583948020991956,2.6565583214881365,0.8090218007657848,3.710569696969697,-0.7192005391979657,-1.9886363636363653,-0.6688560540599386,-1.8545454545454552,-0.3889391225395078,-0.02713068181818218,-0.9296284030006844,-0.9839507354467563
2,고위험군,성동구,하왕십리동,사월 House,37.55900131,127.02980854,202633.75806399377,451052.9544688268,39.52899455157687,1989,0.2685,20,70.0,0.9877496958563,0.4218,0.85,1,3,3.9318256327243257,,2.1316282072803006e-14,40.36565800613,2.539655482291929e+16,92.0,-3.103981292867096e-15,-2.0610042520219385,80.0,2.054489822613888,1274626496881243.8,106.0,0.6123235821702567,604456279932424.4,204.0,1.3537586644488193,1097712053590928.4,178.0,1.9556599579023914,1540287978019341.0,132.0,4.5864891322550685,2957361044477579.0,162.0,2.7650651734133027,1969774848318121.0,154.0,2.7727123695575635,2079543348611728.5,162.0,0.06975559990220942,68156718785053.01,218.0,1.0584344586188728,813846555490648.1,188.0,-0.30857967068263165,9.578255251579777e-16,-0.4964362609090017,-1.0199232456140368,-0.1236110077561729,-0.07568993506493518,-0.49775892279870293,-0.6738454545454551,-0.14640099205616847,-0.2863105579614348,0.8194873221299225,3.758569696969698,0.04027523019508597,0.11136363636363607,-0.6688560540599386,-1.8545454545454543,-0.3889391225395078,-0.027130681818182307,-0.7266878473898383,-0.7691514583369775
2,고위험군,중구,명동,오요 명동1,37.56016528,126.98438675,198620.4999285372,451181.8383036143,32.6504014048849,1956,0.113,26,57.7,1.678860798978205,0.198,0.7,1,1,6.947696886075085,,0.0,40.365658006130005,2.7375975436941484e+16,92.0,6.230594296994049e-16,0.4172352154729551,80.0,2.0544898226138875,1176268954552499.5,106.0,0.6123235821702566,638190406613331.9,204.0,1.3537586644488198,1137246471209189.0,178.0,1.9556599579023923,1424974611319521.2,132.0,4.586489132255068,3127528866142902.5,162.0,2.765065173413304,2018249706478215.8,154.0,2.7727123695575635,2127531951699530.2,162.0,0.06975559990220946,62349554532655.81,218.0,1.058434458618873,770032383667768.9,188.0,-2.448301169398878,-1.5254371303380509e-15,-1.409338444687072,-2.895471491228075,0.31383277304315216,0.19216720779220808,-1.133765932475391,-1.5348454545454562,0.7078770716314495,1.3843668441068293,-0.48172583414451003,-2.2094303030303024,-0.7192005391979657,-1.9886363636363646,-0.6688560540599386,-1.8545454545454543,-0.8369318291295168,-0.05838068181818291,1.1805351625552318,1.24951909565969
2,고위험군,마포구,합정동,haven stay,37.55036823,126.90817099,191885.4354785821,450098.3310929209,40.12660631634659,1995,0.2864,14,92.9,2.1316272948504063,0.1422,0.7,2,3,3.688879454113936,,-7.105427357601002e-15,40.365658006130005,3.115657336652972e+16,92.0,-2.7678352459396636e-15,-1.3966078332566547,80.0,2.054489822613885,1614562830110495.2,106.0,0.6123235821702557,633055177011394.2,204.0,1.3537586644488186,1148497138635997.2,178.0,1.9556599579023903,1795971252336043.5,132.0,4.58648913225507,3384712233453362.5,162.0,2.765065173413303,2458754616983424.5,154.0,2.7727123695575653,2600760093671632.5,162.0,0.06975559990220909,61973295367727.39,218.0,1.058434458618872,819855766936439.0,188.0,0.08046060181123128,-2.2270168960264267e-16,-0.3913497715866388,-0.8040241228070178,-0.561054788555498,-0.3435470779220779,0.6863516887131803,0.9291545454545463,1.267538873690657,2.4788750203615133,-0.8061569964327735,-3.697430303030305,-0.7192005391979657,-1.988636363636364,1.495090003192804,4.145454545454547,-0.3889391225395078,-0.02713068181818218,-0.8803258853230413,-0.9317672518400726
2,고위험군,용산구,서계동,호두나무집,37.54996606,126.96453107,196865.73512883432,450050.32318931184,27.90002179219599,2001,0.1867,33,54.5,0.0195128142235817,0.1337,0.85,1,2,3.784189633918261,,-7.105427357601002e-15,40.36565800613002,2.4293975849921572e+16,92.0,9.407464459923452e-17,0.05482326552042337,80.0,2.0544898226138852,1170432330298702.8,106.0,0.6123235821702565,646204135664410.9,204.0,1.3537586644488193,1131055585770851.5,178.0,1.9556599579023928,1495334740431790.5,132.0,4.58648913225507,3332877168429677.0,162.0,2.7650651734133036,1979598322995009.8,154.0,2.772712369557564,2410235720503225.0,162.0,0.06975559990220928,63278983855609.39,218.0,1.0584344586188725,800138130590792.8,188.0,0.46950087430509424,4.416812788928162e-17,-0.9766639048514207,-2.0065460526315797,0.8241838506423647,0.5046672077922084,-1.2992311707652613,-1.758845454545456,-1.343232477899388,-2.626905971181844,-0.8555775139856451,-3.9240969696969716,0.04027523019508597,0.11136363636363611,-0.6688560540599386,-1.8545454545454545,-0.6129354758345124,-0.04275568181818251,-0.8200521691281447,-0.86797147367038
2,고위험군,종로구,창신동,디에이엘 프리미엄캡슐호텔,37.56782843,127.01315704,201162.3639248949,452032.3246457108,31.375932114570134,1973,0.0818,7,42.9,2.420529536123946,0.1737,0.7,1,1,6.710401299354221,,1.0658141036401503e-14,40.36565800613001,2.6751007728990704e+16,92.0,-2.2816184951194537e-15,-1.5353165034965062,80.0,2.054489822613888,1241993447510736.8,106.0,0.6123235821702566,603471132260396.0,204.0,1.3537586644488198,1079211768241975.5,178.0,1.9556599579023919,1481329578269262.5,132.0,4.5864891322550685,2941644360867797.0,162.0,2.765065173413303,1861769717272559.8,154.0,2.772712369557563,2005544348200271.8,162.0,0.0697555999022094,65821347026884.35,218.0,1.0584344586188725,778254850462059.4,188.0,-1.3460203973329328,3.0711050333628553e-15,-1.592505956802029,-3.2717872807017603,-1.0714058661547106,-0.6560470779220788,-1.8990426595660403,-2.5708454545454575,1.6246491069878912,3.177261204178098,-0.6230103725603667,-2.8574303030303034,-0.7192005391979657,-1.988636363636364,-0.6688560540599386,-1.854545454545454,-0.8369318291295168,-0.05838068181818286,1.0304705327572528,1.090685520461624
2,고위험군,마포구,연남동,케이북9,37.55841935,126.91957323,192893.77080925248,450990.98643936217,50.36825410858328,1985,0.4398,18,94.4,0.4087384334531335,0.4289,1.0,2,4,4.30406509320417,,7.105427357601002e-15,40.36565800613,3.091172428315213e+16,92.0,-3.137766444265163e-15,-1.603876513671004,80.0,2.054489822613884,1602824837221167.5,106.0,0.6123235821702561,639868012188299.6,204.0,1.353758664448819,1143659919966523.8,178.0,1.95565995790239,1811231905597047.0,132.0,4.5864891322550685,3355937962712047.0,162.0,2.765065173413304,2315242706808052.0,154.0,2.7727123695575653,2550723597658386.0,162.0,0.06975559990220918,62037082015647.59,218.0,1.058434458618872,825490733122825.1,188.0,-0.5679398523452069,1.7820626110497016e-15,0.5092238296452326,1.0461951754385965,-0.2694256013559479,-0.16497564935064943,0.7639135191615569,1.0341545454545467,-0.8621131515985563,-1.6860001697623292,0.8607679897329094,3.947903030303031,0.7997509995881376,2.211363636363637,1.495090003192804,4.145454545454547,-0.16494276924450332,-0.011505681818181988,-0.4912853369385315,-0.5199933296299247
2,고위험군,용산구,한남동,아이필앳홈,37.53348307,126.99986782,199988.31714580115,448220.3207737317,39.86354041299882,1987,0.1658,51,56.9,0.6047980107286556,0.4254,1.0,1,4,3.6635616461296463,,-7.105427357601002e-15,40.36565800613001,2.5201185078350516e+16,92.0,1.2002370299439653e-15,0.7315039439006056,80.0,2.0544898226138875,1262337724057479.8,106.0,0.6123235821702562,615683860114912.9,204.0,1.3537586644488198,1131992091349815.0,178.0,1.9556599579023919,1576453501111584.8,132.0,4.5864891322550685,3076729561553065.0,162.0,2.7650651734133036,2073836107572345.2,154.0,2.7727123695575635,2112006585693929.5,162.0,0.06975559990220932,68193025570498.6,218.0,1.0584344586188728,804659271450295.0,188.0,-0.4382597615139193,-5.260155945034171e-16,-1.099362654954068,-2.2586293859649156,2.13651519304034,1.3082386363636374,-1.1751322420478587,-1.5908454545454564,-0.6197651480926676,-1.212049883428276,0.8404183648581974,3.8545696969696976,0.7997509995881376,2.2113636363636364,-0.6688560540599386,-1.8545454545454543,-0.16494276924450332,-0.01150568181818201,-0.8963367498104956,-0.948713702525872
2,고위험군,강서구,화곡동,쟈스민모텔,37.54352172,126.84650628,186435.1269349577,449345.5601893808,36.79545444922924,1990,0.0743,10,40.0,0.531879032963823,0.5554,0.7,1,1,6.659563114216769,,-1.4210854715202004e-14,40.365658006130005,2.0105980923594856e+16,92.0,-4.842133882486121e-15,-1.7985677901010344,80.0,2.0544898226138835,1629677508454724.5,106.0,0.6123235821702557,608486811989905.2,204.0,1.3537586644488175,1132348486938225.2,178.0,1.9556599579023892,1799192951543873.2,132.0,4.586489132255069,3352226040448872.5,162.0,2.7650651734133045,2461565727348473.0,154.0,2.7727123695575653,2571475282172561.5,162.0,0.06975559990220892,60348781457521.28,218.0,1.0584344586188714,800215511647312.1,188.0,-0.24373962526698784,1.180219898009752e-15,-1.6365366087527398,-3.3622478070175426,-0.852683975755048,-0.5221185064935064,-2.048995531766235,-2.7738454545454534,-0.7098998353370625,-1.3883226820901926,1.596261574490352,7.321236363636366,-0.7192005391979657,-1.988636363636365,-0.6688560540599386,-1.8545454545454554,-0.8369318291295168,-0.058380681818182456,0.9983206999783273,1.0566570296095736
2,고위험군,마포구,서교동,더포레스트,37.5519298,126.92751688,193595.08876134307,450270.1527122184,40.5992403872925,1992,0.2481,22,86.4,0.1541506798272582,0.4165,1.0,1,4,4.110873864173311,,1.4210854715202004e-14,40.36565800613,3.079893533505433e+16,92.0,-3.255867855282728e-15,-1.6749722629280166,80.0,2.0544898226138844,1601331874078718.8,106.0,0.6123235821702563,641054350174764.6,204.0,1.353758664448819,1132903529394422.2,178.0,1.95565995790239,1844218377587696.8,132.0,4.586489132255069,3388289418233441.5,162.0,2.7650651734133045,2334515984869978.0,154.0,2.7727123695575666,2582914023810780.5,162.0,0.06975559990220917,62484045039782.555,218.0,1.058434458618873,822870886928732.0,188.0,-0.11405953443570019,3.713627717577096e-16,-0.6161996342149352,-1.2659758771929825,0.022203585843602113,0.013595779220779237,0.3502504234368817,0.47415454545454633,-1.1768074637339674,-2.3014352349851888,0.7886721758910729,3.6172363636363642,0.7997509995881376,2.2113636363636373,-0.6688560540599386,-1.8545454545454563,-0.16494276924450332,-0.011505681818181986,-0.6134585752416749,-0.6493056949710273
2,고위험군,마포구,연남동,Ssol Guest House,37.55851995,126.92451553,193330.4642527449,451001.7896753006,41.1809962001187,2003,0.5509,27,96.3,0.96804293733935,0.1308,0.7,2,3,3.9318256327243257,,2.1316282072803006e-14,40.36565800612999,3.0898494688492704e+16,92.0,-3.191516164513354e-15,-1.6249574076102973,80.0,2.0544898226138844,1613078011934716.0,106.0,0.6123235821702562,641560343525004.4,204.0,1.3537586644488189,1142753414711728.5,178.0,1.9556599579023901,1839199041592073.0,132.0,4.586489132255068,3367040426358293.0,162.0,2.7650651734133036,2258965538122465.5,154.0,2.7727123695575657,2549118030731819.0,162.0,0.06975559990220918,62145299586311.72,218.0,1.0584344586188719,825847992685076.0,188.0,0.5991809651363819,-1.912295735701475e-15,1.1614645538750945,2.386217105263157,0.38674006984303966,0.2368100649350651,0.8621585043961668,1.167154545454546,-0.17076039162502477,-0.33394926029679156,-0.8724386317389777,-4.001430303030302,-0.7192005391979657,-1.9886363636363644,1.495090003192804,4.145454545454548,-0.3889391225395078,-0.027130681818182217,-0.7266878473898383,-0.7691514583369768
2,고위험군,마포구,연남동,BS 하우스,37.56096341,126.92534496,193403.9651141647,451272.92633927526,47.9529954305044,1991,0.6577,38,100.0,0.410914712875729,0.4183,1.0,1,5,4.204692619390966,,0.0,40.365658006130005,3.0681633204378772e+16,92.0,-3.203741577604811e-15,-1.6188688899377945,80.0,2.0544898226138844,1614686245472310.5,106.0,0.612323582170256,642296102384252.0,204.0,1.3537586644488186,1138534482591156.5,178.0,1.9556599579023908,1851009207255618.2,132.0,4.5864891322550685,3357613294292309.0,162.0,2.765065173413304,2209388601679386.0,154.0,2.772712369557565,2530165491700692.5,162.0,0.06975559990220921,62066836457088.49,218.0,1.058434458618872,826775852236379.2,188.0,-0.17889957985134403,5.731480221857827e-16,1.7884610376532162,3.6743749999999995,1.1887203346418023,0.7278814935064938,1.0534776861688293,1.4261545454545461,-0.859423066368005,-1.6807392777935963,0.7991376972552106,3.6652363636363643,0.7997509995881376,2.211363636363637,-0.6688560540599386,-1.8545454545454552,0.05905358405050119,0.004119318181818245,-0.5541280290465374,-0.5865082004294144
2,고위험군,용산구,후암동,KHAN,37.54423744,126.98177581,198389.4690611339,449414.0803774365,36.48941460879483,1997,0.2804,54,75.9,1.173101140658849,0.1394,1.0,1,5,3.688879454113936,,-1.4210854715202004e-14,40.36565800613,2.621109501030712e+16,92.0,9.119301888445097e-16,0.5784661188374057,80.0,2.054489822613887,1122227756298136.5,106.0,0.6123235821702561,641371394323623.6,204.0,1.3537586644488198,1083928817052521.6,178.0,1.9556599579023926,1356715889272186.8,132.0,4.586489132255068,3098375711906856.5,162.0,2.765065173413303,1915891758943565.5,154.0,2.772712369557564,2068163950967452.2,162.0,0.06975559990220939,64104605837473.94,218.0,1.058434458618873,754818971627107.0,188.0,0.21014069264251892,1.9163364152540833e-16,-0.42657429314720746,-0.8763925438596505,2.3552370834400023,1.4421672077922085,-0.19268238970175464,-0.2608454545454544,0.08271075662267467,0.16175411481477497,-0.8224366963325429,-3.7720969696969693,0.7997509995881376,2.211363636363636,-0.6688560540599386,-1.8545454545454545,0.05905358405050119,0.004119318181818255,-0.8803258853230413,-0.9317672518400734
2,고위험군,송파구,방이동,호텔 더 캐슬(방이1),37.5127031,127.10828696,209573.70166615504,445919.5134766446,45.26636042889871,2019,0.6369,11,54.5,1.0431824837287786,0.1079,1.0,2,18,7.940227765145702,,0.0,40.365658006130005,2.744539913393472e+16,92.0,-3.073192104813272e-16,-0.14008946348575518,80.0,2.054489822613885,1398323249329300.8,106.0,0.6123235821702554,595173395509143.6,204.0,1.353758664448819,1178105745843449.8,178.0,1.9556599579023914,1514654942377165.8,132.0,4.5864891322550685,3131612688935764.5,162.0,2.7650651734133023,2088659704024252.8,154.0,2.7727123695575653,2233665238978573.2,162.0,0.06975559990220927,69850608119849.7,218.0,1.0584344586188725,896579759970521.4,188.0,1.636621691786683,-5.029652861764974e-16,1.666349362909912,3.423497807017545,-0.7797766789551605,-0.47747564935064907,-1.2992311707652613,-1.7588454545454557,-0.07788087354758971,-0.15230850588348077,-1.0055833202049498,-4.612096969696971,0.7997509995881376,2.2113636363636355,1.495090003192804,4.145454545454547,2.9710061768855596,0.20724431818182146,1.808207092695257,1.9138686952277097
2,고위험군,용산구,이태원동,체크인 플리즈,37.53902104,126.9897786,199096.63870778843,448835.01652412687,44.44569273526239,1989,0.3318,53,81.1,0.8738951729064693,0.4218,1.0,1,4,4.02535169073515,,0.0,40.365658006130005,2.580149380651398e+16,92.0,1.0231918803074471e-15,0.648447152344116,80.0,2.054489822613887,1174891523734934.8,106.0,0.6123235821702562,630283366826370.4,204.0,1.35375866444882,1093592681696294.8,178.0,1.9556599579023928,1449078138915945.0,132.0,4.58648913225507,3040615478434899.0,162.0,2.765065173413303,1932988637436154.8,154.0,2.772712369557564,2022300436595041.5,162.0,0.06975559990220935,66131138097824.96,218.0,1.0584344586188725,771544810494730.6,188.0,-0.30857967068263165,-3.157362134704147e-16,-0.12481755844500289,-0.25643640350877245,2.282329786640115,1.3975243506493518,0.0761986225192837,0.10315454545454529,-0.2871358478098931,-0.5615400800401634,0.8194873221299225,3.7585696969696993,0.7997509995881376,2.211363636363636,-0.6688560540599386,-1.8545454545454545,-0.16494276924450332,-0.011505681818182015,-0.6675424015524145,-0.7065498803922718
2,고위험군,마포구,합정동,합정해날,37.54426265,126.91376499,192379.133565058,449420.21707882127,45.02701471199977,2009,0.3074,22,72.7,2.6288008294480694,0.1222,1.0,2,5,4.890349128221754,,-7.105427357601002e-15,40.36565800613001,3.130100177954572e+16,92.0,-2.725165178187732e-15,-1.3638519609102384,80.0,2.0544898226138844,1626545646702306.0,106.0,0.6123235821702565,632948160690111.5,204.0,1.3537586644488182,1150063818660360.0,178.0,1.95565995790239,1794384416679662.0,132.0,4.586489132255069,3405503141726632.5,162.0,2.765065173413303,2476173848932693.0,154.0,2.7727123695575653,2625337564452950.5,162.0,0.06975559990220909,62318687099622.87,218.0,1.0584344586188725,820157664039499.1,188.0,0.9882212376302448,-2.6930661051355272e-15,-0.2680639461246485,-0.550734649122807,0.022203585843602113,0.013595779220779243,-0.35814762799162486,-0.48484545454545425,1.8820919354693555,3.680731835288427,-0.9224405671454127,-4.230763636363638,0.7997509995881376,2.211363636363636,1.495090003192804,4.145454545454547,0.05905358405050119,0.004119318181818237,-0.12052202908623576,-0.12756466860753796
2,고위험군,용산구,서계동,홈어웨이 프럼 홈 서울,37.54986438,126.9637433,196796.1183038264,450039.0644863813,32.96110555086424,2001,0.1581,43,69.8,0.6606036328274739,0.1337,1.0,1,4,4.0943445622221,,7.105427357601002e-15,40.36565800613,2.435419177895081e+16,92.0,-1.371627922258471e-17,-0.007971592879752758,80.0,2.0544898226138866,1178445574493980.2,106.0,0.6123235821702561,645541550553192.1,204.0,1.3537586644488195,1126762799638723.5,178.0,1.9556599579023926,1497221981018809.5,132.0,4.586489132255068,3334519334742416.0,162.0,2.765065173413304,2000212425968524.2,154.0,2.772712369557565,2416351515868959.0,162.0,0.06975559990220934,63287671815650.45,218.0,1.0584344586188728,802225216454877.2,188.0,0.46950087430509424,-6.43980508721632e-18,-1.1445674576234646,-2.351502192982459,1.5532568186412399,0.9510957792207798,-0.50810050019182,-0.6878454545454553,-0.550784171554873,-1.077146549756307,-0.8555775139856451,-3.9240969696969694,0.7997509995881376,2.211363636363637,-0.6688560540599386,-1.8545454545454552,-0.16494276924450332,-0.011505681818182014,-0.6239116292255457,-0.6603695675053592
2,고위험군,종로구,행촌동,피스풀종로,37.5730187,126.96141943,196591.8206730129,452609.002540436,45.43830216680825,2005,0.6603,11,90.9,3.4657359027997265,0.1279,1.0,1,4,3.713572066704308,,1.4210854715202004e-14,40.36565800613,2.2809944361244908e+16,92.0,2.000281730798597e-15,1.0907734663685253,80.0,2.054489822613885,1258726833468573.2,106.0,0.6123235821702565,649034238943863.8,204.0,1.353758664448819,1191598819804504.8,178.0,1.955659957902391,1479443031746850.5,132.0,4.586489132255068,3580032002195537.0,162.0,2.7650651734133036,2240260007494024.2,154.0,2.772712369557564,2639073029916764.5,162.0,0.06975559990220936,61461376521914.94,218.0,1.058434458618873,807177750541485.5,188.0,0.7288610559676695,1.457927454542703e-15,1.8037249969961295,3.705734649122808,-0.7797766789551605,-0.4774756493506499,0.5829359147820115,0.7891545454545464,2.91662208650499,5.703921026911533,-0.8892997494923104,-4.078763636363636,0.7997509995881376,2.2113636363636364,-0.6688560540599386,-1.8545454545454545,-0.16494276924450332,-0.011505681818182017,-0.8647103915065552,-0.9152392750963544
2,고위험군,마포구,망원동,르시엘 마포,37.55725734,126.90123574,191273.3981894461,450863.5614995092,42.91764698336845,2002,0.6653,21,85.7,1.5409479325846018,0.1322,1.0,1,5,6.491284833697292,,0.0,40.36565800613,3.0954073850715744e+16,92.0,-2.7697076549215527e-15,-1.3961737680304878,80.0,2.054489822613884,1609155004082543.8,106.0,0.6123235821702562,632791097950970.1,204.0,1.3537586644488182,1145880885221176.5,178.0,1.9556599579023892,1805284111584838.5,132.0,4.586489132255067,3365930267886324.5,162.0,2.7650651734133045,2437685250749446.0,154.0,2.772712369557565,2577038317707822.0,162.0,0.06975559990220909,61617550388601.1,218.0,1.0584344586188719,820237990830825.5,188.0,0.534340919720738,-1.479968135688351e-15,1.83307876496327,3.7660416666666663,-0.0507037109562854,-0.03104707792207794,0.3140549025609724,0.42515454545454573,0.5374038497021024,1.0509791900849956,-0.8642987817890929,-3.964096969696968,0.7997509995881376,2.2113636363636373,-0.6688560540599386,-1.8545454545454552,0.05905358405050119,0.004119318181818237,0.8919022949074361,0.9440201226512815
2,고위험군,중구,광희동,토요코인 서울 동대문 Ⅱ,37.56177049,127.00707987,200625.52457768968,451359.9066301429,35.83871247273528,2018,0.3257,17,76.5,1.0672617587840336,0.1094,1.0,1,21,5.5093883366279774,,-7.105427357601002e-15,40.365658006130005,2.745527797811618e+16,92.0,-1.555706519175675e-15,-1.0545585983563306,80.0,2.0544898226138875,1238345432329821.2,106.0,0.6123235821702567,609224725349650.4,204.0,1.3537586644488198,1083156893872889.9,178.0,1.9556599579023914,1491652807898708.8,132.0,4.5864891322550685,2998126799117669.0,162.0,2.7650651734133036,1881219588969551.0,154.0,2.772712369557564,2054107715101130.2,162.0,0.06975559990220939,65706684193118.65,218.0,1.0584344586188725,785420742601218.0,188.0,1.5717816463710392,-2.4452309539801014e-15,-0.1606291553649143,-0.3300109649122813,-0.34233289815583545,-0.20961850649350683,-0.16165765752240427,-0.2188454545454547,-0.04811663393939407,-0.09409977430432018,-0.9968620524015017,-4.57209696969697,0.7997509995881376,2.2113636363636364,-0.6688560540599386,-1.8545454545454545,3.642995236770574,0.2541193181818227,0.27095549868249263,0.2867886365578107
2,고위험군,영등포구,신길동,대성장여관,37.50887033,126.91544039,192523.66281347728,445491.975054976,42.04169856204011,1967,0.2774,24,83.3,1.5902065505062128,0.4606,0.7,1,1,5.330203555410359,,-7.105427357601002e-15,40.36565800613001,2.390868117902294e+16,92.0,6.3949694686935706e-15,3.1364592295326754,80.0,2.054489822613882,1238468365836283.2,106.0,0.6123235821702554,608950064187142.2,204.0,1.3537586644488182,1152235535540868.2,178.0,1.95565995790239,1738674795845008.5,132.0,4.58648913225507,3445479352827931.5,162.0,2.7650651734133054,2463089376221917.0,154.0,2.772712369557565,2645400602545728.0,162.0,0.06975559990220886,63178483270080.08,218.0,1.058434458618872,800200293543766.1,188.0,-1.7350606698267959,-1.1095660009873375e-14,-0.4441865539274918,-0.9125767543859642,0.16801817944337713,0.10288149350649345,0.18995597384356955,0.25715454545454536,0.5982921157824976,1.1700559339645311,1.0450774493124424,4.793236363636366,-0.7192005391979657,-1.9886363636363658,-0.6688560540599386,-1.8545454545454552,-0.8369318291295168,-0.05838068181818241,0.15763987309319652,0.16685147373414516
2,고위험군,용산구,한남동,Stay Carpediem hannam(스테이 카르페디엠 한남),37.53026068,127.00435764,200385.1706999028,447862.6842361547,49.30467970956847,1974,0.3997,76,57.9,0.0501897445238552,0.4483,1.0,2,3,3.9318256327243257,,1.4210854715202004e-14,40.365658006130005,2.44053116034929e+16,92.0,1.0692662218701315e-15,0.6383874326843426,80.0,2.0544898226138884,1277673722721875.8,106.0,0.6123235821702564,605334386737206.0,204.0,1.3537586644488198,1138490943944807.5,178.0,1.9556599579023923,1603706331817785.2,132.0,4.5864891322550685,3101520879604042.5,162.0,2.7650651734133036,2126802349516118.0,154.0,2.7727123695575635,2143291178725507.8,162.0,0.06975559990220925,68897075261265.86,218.0,1.0584344586188728,819475667551816.8,188.0,-1.281180351917289,-1.369922874428845e-15,0.2738066105487655,0.5625328947368432,3.9591976130375275,2.4243100649350673,-1.1234243550822742,-1.5208454545454562,-1.3053129183692105,-2.552748206987379,0.9735630533241691,4.465236363636364,0.7997509995881376,2.2113636363636364,1.495090003192804,4.145454545454545,-0.3889391225395078,-0.027130681818182244,-0.7266878473898383,-0.7691514583369775
2,고위험군,성동구,성동,Greenbnb,37.53478943,127.05239885,204631.2412547969,448366.6008313353,40.632223324506114,2001,0.3471,1,100.0,0.0,0.1337,1.0,2,3,5.237345809556553,,-1.4210854715202004e-14,40.36565800613002,2.4174769039914164e+16,92.0,-4.412403105708096e-15,-2.3735810068741743,80.0,2.0544898226138875,1374352650971173.0,106.0,0.6123235821702562,609133016240283.4,204.0,1.353758664448819,1234765057072536.2,178.0,1.9556599579023917,1615984901264515.5,132.0,4.586489132255067,3164008936804583.5,162.0,2.765065173413303,2176800495309300.5,154.0,2.772712369557565,2334068278883696.0,162.0,0.06975559990220931,69938987852684.74,218.0,1.0584344586188725,891325293108319.1,188.0,0.46950087430509424,-2.071627115916464e-15,-0.03499502846555269,-0.07189692982456129,-1.5088496469540356,-0.9239042207792214,1.0534776861688293,1.4261545454545466,-1.3673521441537981,-2.6740758366735617,-0.8555775139856451,-3.9240969696969685,0.7997509995881376,2.211363636363636,1.495090003192804,4.145454545454547,-0.3889391225395078,-0.027130681818182265,0.09891706476799238,0.10469722989587796
2,고위험군,마포구,연남동,참새 나비 고양이,37.55995805,126.92433745,193314.85822939943,451161.4144250341,47.82311559714767,1992,0.6018,20,95.0,2.896183615882688,0.4165,0.7,1,3,4.158883083359672,,7.105427357601002e-15,40.365658006130005,3.082050147207271e+16,92.0,-3.1904127651353875e-15,-1.6191040997889319,80.0,2.0544898226138852,1615422739128968.8,106.0,0.6123235821702562,641793144476325.5,204.0,1.3537586644488186,1141175643829938.5,178.0,1.9556599579023901,1840163825132092.0,132.0,4.58648913225507,3360847442143645.5,162.0,2.7650651734133045,2238938445699878.2,154.0,2.772712369557565,2539311448920317.5,162.0,0.0697555999022092,62085739374684.41,218.0,1.058434458618872,826425780363117.6,188.0,-0.11405953443570019,3.638969946490572e-16,1.4602859117805853,3.0001425438596505,-0.1236110077561729,-0.07568993506493511,0.7949382513409072,1.0761545454545458,2.21260210673841,4.327097342918779,0.7886721758910729,3.6172363636363647,-0.7192005391979657,-1.988636363636365,-0.6688560540599386,-1.8545454545454552,-0.3889391225395078,-0.02713068181818222,-0.5830977674253623,-0.6171707697867364
2,고위험군,용산구,서계동,아로하 하우스,37.54895241,126.96800254,197172.45846826423,449937.7101586005,46.128155911479226,1991,0.3287,43,93.0,1.437895489894973,0.4183,1.0,1,3,4.143134726391533,,-1.4210854715202004e-14,40.36565800613001,2.4459121114718676e+16,92.0,4.113748548697072e-16,0.24203580935201105,80.0,2.054489822613886,1125641751406299.6,106.0,0.6123235821702563,648762571328919.6,204.0,1.353758664448819,1113504332359630.4,178.0,1.955659957902393,1435371498988850.8,132.0,4.586489132255071,3297607358841387.0,162.0,2.7650651734133036,1964329761297855.8,154.0,2.772712369557565,2352396345472641.5,162.0,0.0697555999022093,63369541911750.75,218.0,1.058434458618873,788910929094973.2,188.0,-0.17889957985134403,-7.359478869759824e-17,-0.14301689458462996,-0.2938267543859653,1.5532568186412399,0.9510957792207801,0.6915224774097385,0.9361545454545462,0.4100213770410506,0.8018623889631823,0.7991376972552106,3.6652363636363665,0.7997509995881376,2.2113636363636364,-0.6688560540599386,-1.8545454545454552,-0.3889391225395078,-0.02713068181818226,-0.5930569554195759,-0.6277119175396759
2,고위험군,강남구,논현동,나비잠,37.51634947,127.0309866,202739.40637789312,446319.1563448691,50.09051268330449,1986,0.3718,15,86.7,1.4142257458090683,0.4272,0.85,2,3,5.716896113801584,,7.105427357601002e-15,40.365658006130005,2.4362931712056896e+16,92.0,-1.1216973062094941e-15,-0.5557475356176066,80.0,2.0544898226138875,1211697839950466.0,106.0,0.612323582170256,612233009793611.2,204.0,1.353758664448819,1215091294416158.8,178.0,1.9556599579023917,1582441938531353.2,132.0,4.586489132255068,3199662561767700.0,162.0,2.7650651734133023,2162639662175793.2,154.0,2.772712369557564,2289209297061580.0,162.0,0.06975559990220923,70384042168437.8,218.0,1.0584344586188719,884982186165113.9,188.0,-0.5030998069295631,5.643256981874075e-16,0.11001258529212149,0.22601973684210586,-0.48814749175561045,-0.29890422077922085,0.36576278952655683,0.49515454545454607,0.38076335607402045,0.7446436489104922,0.8508838862223351,3.9025696969696977,0.04027523019508597,0.11136363636363605,1.495090003192804,4.1454545454545455,-0.3889391225395078,-0.02713068181818223,0.40218245571136035,0.4256837697768621
2,고위험군,영등포구,당산동,휴휴휴스테이,37.52002329,126.89933442,191100.97764211,446731.2140775958,27.391798017898694,1996,0.2002,2,50.0,1.160389648364353,0.1408,0.7,1,4,4.007333185232471,,2.4868995751603507e-14,40.36565800612999,2.4146626760890736e+16,92.0,5.49378692696333e-15,2.756129974070847,80.0,2.0544898226138826,1554294789143032.8,106.0,0.6123235821702558,612054077211025.8,204.0,1.353758664448818,1147384381537160.8,178.0,1.9556599579023892,1797608024722668.2,132.0,4.586489132255069,3418848868214509.0,162.0,2.765065173413303,2487968176213304.5,154.0,2.7727123695575653,2631253187018191.0,162.0,0.06975559990220898,62191268676931.85,218.0,1.058434458618872,798037123033921.1,188.0,0.1453006472268751,7.982507962143171e-16,-0.8974087313401414,-1.8437171052631565,-1.435942350154148,-0.8792613636363636,-1.531916662110391,-2.073845454545454,0.06699816139034681,0.13102562148418312,-0.8142968463826581,-3.734763636363637,-0.7192005391979657,-1.988636363636364,-0.6688560540599386,-1.8545454545454554,-0.16494276924450332,-0.011505681818181953,-0.6789372209636705,-0.7186105499068841
2,고위험군,마포구,동교동,뮤즈,37.5558765,126.923548,193244.73814515985,450708.4671699502,33.25203570599582,2000,0.4244,15,93.3,0.9317265400039944,0.1351,0.7,1,5,4.356708826689592,,0.0,40.365658006130005,3.093243045314394e+16,92.0,-3.1829535438796593e-15,-1.6318263175591106,80.0,2.0544898226138852,1602603851855382.2,106.0,0.6123235821702557,640642687649456.6,204.0,1.3537586644488189,1138715149797421.5,178.0,1.9556599579023897,1815873313429944.0,132.0,4.586489132255069,3372298221226104.0,162.0,2.7650651734133036,2314875997198928.0,154.0,2.7727123695575644,2564725922719609.5,162.0,0.06975559990220917,62224393517903.66,218.0,1.058434458618872,824644172848038.5,188.0,0.4046608288894504,-1.2880166193829565e-15,0.41881422430643966,0.8604495614035091,-0.48814749175561045,-0.29890422077922074,0.7070348434994136,0.9571545454545458,-0.21565086069087253,-0.42173975314032586,-0.8474376640357604,-3.8867636363636375,-0.7192005391979657,-1.9886363636363644,-0.6688560540599386,-1.854545454545455,0.05905358405050119,0.004119318181818242,-0.4579936837483433,-0.4847562967090407
2,고위험군,마포구,동교동,kyoobee guesthouse,37.55501325,126.92696684,193546.75080269665,450612.41648663394,40.39041299492398,2002,0.3687,32,96.9,0.512490903085052,0.1322,0.85,2,5,4.04305126783455,,-7.105427357601002e-15,40.36565800613001,3.0833022352060684e+16,92.0,-3.2273242621549745e-15,-1.651606695094219,80.0,2.054489822613884,1607880280434266.2,106.0,0.6123235821702563,641609888163092.8,204.0,1.3537586644488184,1138706867040954.8,178.0,1.9556599579023894,1863724656866660.0,132.0,4.586489132255069,3382944763567567.5,162.0,2.765065173413305,2289103668208360.5,154.0,2.7727123695575653,2568927039570794.0,162.0,0.06975559990220917,62342318733227.02,218.0,1.0584344586188728,824330318765656.4,188.0,0.534340919720738,-1.7244914144769413e-15,0.0918132491524944,0.18862938596491255,0.7512765538424772,0.46002435064935104,0.8931832365755179,1.209154545454546,-0.7338653800614092,-1.4351911382769167,-0.8642987817890929,-3.9640969696969703,0.04027523019508597,0.11136363636363616,1.495090003192804,4.145454545454547,0.05905358405050119,0.004119318181818242,-0.6563492709859925,-0.6947026853009508
2,고위험군,강남구,논현동,휴호텔,37.51389224,127.0366518,203240.3512231045,446046.6149850454,49.10899398620067,1983,0.4151,9,88.9,0.4136417685454098,0.4324,0.85,2,1,7.093537507405072,,1.4210854715202004e-14,40.36565800613,2.4269163230041384e+16,92.0,-1.4657156096360528e-15,-0.6789748670401173,80.0,2.054489822613887,1240399445140026.2,106.0,0.6123235821702562,611707755433239.1,204.0,1.353758664448819,1221219552128509.0,178.0,1.9556599579023917,1579750615615302.2,132.0,4.586489132255068,3206278041978633.0,162.0,2.765065173413304,2153105163351676.5,154.0,2.7727123695575653,2302864020723444.5,162.0,0.06975559990220924,70430628996166.95,218.0,1.0584344586188723,891228396993768.6,188.0,-0.6976199431764946,1.0225124403072042e-15,0.3642162158875584,0.7482785087719311,-0.9255912725549355,-0.566761363636364,0.47952014085084266,0.6491545454545464,-0.8560521701017758,-1.6741469509434899,0.8811176146076212,4.041236363636363,0.04027523019508597,0.11136363636363612,1.495090003192804,4.145454545454547,-0.8369318291295168,-0.05838068181818272,1.2727640958945448,1.3471373767876809
2,고위험군,마포구,연남동,스윗 멜로디,37.55806102,126.92442586,193322.5003795012,450950.8602455491,43.31943688188126,1998,0.5334,20,80.0,2.268909632207865,0.138,0.7,2,4,4.605170185988092,,0.0,40.365658006130005,3.08544219934323e+16,92.0,-3.1904846747807563e-15,-1.6264100599551745,80.0,2.054489822613884,1611569842490619.5,106.0,0.6123235821702563,641434399521429.4,204.0,1.3537586644488182,1143531933664212.5,178.0,1.95565995790239,1836604609998243.5,132.0,4.58648913225507,3368932604386492.5,162.0,2.765065173413303,2268217012727390.0,154.0,2.772712369557565,2552534810559817.5,162.0,0.06975559990220914,62161121797193.69,218.0,1.0584344586188723,825655493238463.2,188.0,0.27498073805816275,-8.773218306344698e-16,1.058726365990103,2.1751425438596486,-0.1236110077561729,-0.07568993506493513,0.019319946857141147,0.02615454545454554,1.4372327026661607,2.8107384467920418,-0.8305765462824276,-3.8094303030303047,-0.7192005391979657,-1.988636363636364,1.495090003192804,4.145454545454547,-0.16494276924450332,-0.01150568181818198,-0.30086787109641455,-0.3184489222597462
2,고위험군,마포구,성산동,이지멘션1,37.56333218,126.91593319,192572.63720477407,451536.53409668425,43.33345397779463,1993,0.6316,11,81.8,1.5032021231974189,0.4148,0.7,1,4,3.970291913552122,,2.842170943040401e-14,40.36565800612999,3.0924090976994092e+16,92.0,-3.10094192512921e-15,-1.5722939659812223,80.0,2.054489822613885,1601113096017541.2,106.0,0.6123235821702557,639744980671426.9,204.0,1.3537586644488186,1144368331357834.0,178.0,1.9556599579023901,1811971614415728.5,132.0,4.58648913225507,3348131052096888.0,162.0,2.7650651734133036,2280354874846499.0,154.0,2.7727123695575653,2535807282650667.5,162.0,0.06975559990220918,61793669035767.94,218.0,1.0584344586188719,827250819922553.5,188.0,-0.049219489020056365,1.526267770357296e-16,1.6352343688647433,3.359572368421054,-0.7797766789551605,-0.4774756493506493,0.11239414339519294,0.1521545454545454,0.4907464934392023,0.9597332667000559,0.7787880723804987,3.5719030303030324,-0.7192005391979657,-1.9886363636363644,-0.6688560540599386,-1.8545454545454554,-0.16494276924450332,-0.011505681818181988,-0.7023619495849265,-0.743404089863417
2,고위험군,중구,을지로5가,에이큐브 호텔,37.56347491,127.00124884,200110.33568651183,451549.0543394728,37.608052108886106,1985,0.3349,49,85.7,0.6879433526849182,0.1565,0.85,1,10,7.778211474512493,,-7.105427357601002e-15,40.36565800613,2.767788959937326e+16,92.0,-9.10622856201811e-16,-0.6133185493911877,80.0,2.0544898226138875,1222751560326902.2,106.0,0.6123235821702566,617181621591981.2,204.0,1.3537586644488189,1095779674874334.1,178.0,1.9556599579023914,1463851584395261.2,132.0,4.586489132255068,3032716138040902.5,162.0,2.765065173413304,1877157157131402.2,154.0,2.772712369557563,2073110428909808.8,162.0,0.06975559990220946,64569477605254.93,218.0,1.058434458618873,775315872698114.4,188.0,-0.5679398523452069,5.171790104934271e-16,-0.10661822230537582,-0.21904605263157959,1.9907005994405649,1.2189529220779238,0.3140549025609724,0.42515454545454595,-0.5169897167471346,-1.0110560876896704,-0.7230142433732364,-3.3160969696969693,0.04027523019508597,0.11136363636363612,-0.6688560540599386,-1.854545454545454,1.1790353505255238,0.08224431818181972,1.7057487410204997,1.8054232452418568
2,고위험군,마포구,성산동,"위썸스테이, 망원",37.55666135,126.90732594,191811.45033162824,450796.86569205305,36.55153444555478,2008,0.4582,33,100.0,0.8512271385270932,0.1237,0.85,1,4,4.406719247264253,,0.0,40.36565800613001,3.0992825611147396e+16,92.0,-2.915904975127388e-15,-1.4801557345559306,80.0,2.054489822613885,1603561311957139.8,106.0,0.612323582170256,634890802674914.4,204.0,1.3537586644488182,1145276132994260.0,178.0,1.9556599579023901,1802088615984588.8,132.0,4.5864891322550685,3366998860164807.5,162.0,2.7650651734133045,2420044525216327.5,154.0,2.7727123695575657,2576358309363114.5,162.0,0.06975559990220911,61787925559949.055,218.0,1.058434458618872,821818542805521.8,188.0,0.923381192214601,-2.692491812317614e-15,0.6172456957643095,1.2681250000000002,0.8241838506423647,0.504667207792208,1.0534776861688293,1.4261545454545457,-0.31515566174392284,-0.61633730817882,-0.9137192993419647,-4.190763636363637,0.04027523019508597,0.11136363636363615,-0.6688560540599386,-1.8545454545454558,-0.16494276924450332,-0.011505681818181977,-0.42636732544440287,-0.451281869279523
2,고위험군,용산구,서계동,영 게스트하우스,37.54961594,126.96669683,197057.10197982605,450011.3940778871,43.016314502216375,1992,0.2715,35,97.1,1.1466984753357474,0.4165,0.85,1,3,4.890349128221754,,0.0,40.365658006130005,2.4355823298781624e+16,92.0,3.0628865813768147e-16,0.17893488217252312,80.0,2.0544898226138857,1139925466364909.8,106.0,0.612323582170256,648043730250835.4,204.0,1.3537586644488195,1124224382469777.8,178.0,1.9556599579023932,1438843654471911.2,132.0,4.586489132255068,3310172001356713.5,162.0,2.7650651734133045,1962162786530812.8,154.0,2.7727123695575635,2373678366527968.0,162.0,0.06975559990220928,63309053648788.8,218.0,1.0584344586188728,793591996900854.5,188.0,-0.11405953443570019,-3.493514175011928e-17,-0.4788240001287174,-0.9837390350877198,0.9699984442421398,0.5939529220779223,0.9035248139686343,1.2231545454545465,0.05007458899850486,0.09792886861279565,0.7886721758910729,3.617236363636363,0.04027523019508597,0.11136363636363615,-0.6688560540599386,-1.8545454545454543,-0.3889391225395078,-0.027130681818182255,-0.12052202908623576,-0.12756466860753798
2,고위험군,송파구,방이동,호텔자자(ZAza),37.51303359,127.11161714,209868.08104795896,445956.5377337356,41.94556533162441,1991,0.7428,26,100.0,0.5254244231871433,0.148,0.85,1,1,8.082408432467552,,-7.105427357601002e-15,40.36565800613001,2.7386048742712484e+16,92.0,-2.7680126816223596e-16,-0.12568453142687852,80.0,2.0544898226138857,1397384163337586.8,106.0,0.6123235821702555,594507979573992.1,204.0,1.3537586644488184,1176376988317310.8,178.0,1.9556599579023917,1512119543482867.5,132.0,4.586489132255068,3128471980451258.0,162.0,2.7650651734133036,2086886872258176.2,154.0,2.772712369557565,2230009643932701.0,162.0,0.06975559990220928,69823500853983.13,218.0,1.058434458618872,896215527833389.9,188.0,-0.17889957985134403,4.951963057654322e-17,2.288062168453948,4.700800438596494,0.31383277304315216,0.19216720779220772,1.0534776861688293,1.426154545454546,-0.7178783376603112,-1.403925919607803,-0.7724347609261081,-3.542763636363636,0.04027523019508597,0.11136363636363611,-0.6688560540599386,-1.8545454545454552,-0.8369318291295168,-0.058380681818182754,1.898121488074137,2.009037189622597
2,고위험군,중구,장충동,서울우리집(SEOUL WOORIJIB),37.56003474,127.00745905,200659.0413869366,451167.2614801845,44.04311735061435,1969,0.3687,12,41.7,1.7529196359117911,0.457,1.0,1,4,5.0369526024136295,,-7.105427357601002e-15,40.36565800613001,2.7572063562817076e+16,92.0,-1.5089898955631573e-15,-1.028530416284499,80.0,2.054489822613888,1243350550184075.0,106.0,0.6123235821702564,608342072778356.0,204.0,1.3537586644488193,1088211559914923.4,178.0,1.9556599579023919,1499253133915907.2,132.0,4.5864891322550685,2983717484531929.5,162.0,2.765065173413304,1896456042238019.2,154.0,2.7727123695575635,2039160735232752.0,162.0,0.06975559990220943,65969092511570.43,218.0,1.0584344586188728,786945724283676.0,188.0,-1.6053805789955082,2.4225030722375527e-15,0.0918132491524944,0.18862938596491294,-0.706869382155273,-0.43283279220779264,-1.9610921239247414,-2.6548454545454563,0.7994207315853852,1.5633951142785738,1.0241464065841674,4.697236363636365,0.7997509995881376,2.211363636363637,-0.6688560540599386,-1.8545454545454543,-0.16494276924450332,-0.01150568181818203,-0.027810671130891897,-0.02943577264225308
2,고위험군,마포구,망원동,조이 제이 스테이,37.55703963,126.90533224,191635.33204521512,450839.0258370047,53.74271769164004,1997,0.5334,31,90.3,1.613654362813035,0.4077,1.0,2,4,3.713572066704308,,0.0,40.365658006130005,3.1001788097699028e+16,92.0,-2.8631081674799937e-15,-1.4463990944454457,80.0,2.0544898226138844,1601424027333734.8,106.0,0.612323582170256,634259153535143.9,204.0,1.3537586644488186,1145749980760228.8,178.0,1.95565995790239,1802869619282372.2,132.0,4.586489132255068,3366084202581005.0,162.0,2.7650651734133036,2425401065862227.0,154.0,2.7727123695575653,2575924802040039.0,162.0,0.06975559990220914,61727204446980.67,218.0,1.0584344586188719,821441190585849.1,188.0,0.21014069264251892,-6.016555334246989e-16,1.058726365990103,2.175142543859649,0.6783692570425897,0.4153814935064936,0.5519111826026604,0.7471545454545456,0.6272758082809954,1.226738180815999,0.7375074047775118,3.382569696969697,0.7997509995881376,2.2113636363636364,1.495090003192804,4.145454545454547,-0.16494276924450332,-0.01150568181818198,-0.8647103915065552,-0.9152392750963534
2,고위험군,송파구,송파동,메이빌투,37.50500576,127.1061441,209385.2139927555,445064.9909757995,36.69243834497614,1997,0.5067,4,25.0,2.4435429693367405,0.1394,1.0,1,4,4.007333185232471,,-1.4210854715202004e-14,40.36565800613001,2.7361916001411308e+16,92.0,-2.9632837248773235e-16,-0.13652001314973372,80.0,2.0544898226138857,1390314906442307.8,106.0,0.6123235821702555,593991299414711.0,204.0,1.3537586644488186,1166498994339540.8,178.0,1.955659957902392,1500183084467955.8,132.0,4.5864891322550685,3127635269767107.5,162.0,2.7650651734133023,2071445761940421.5,154.0,2.7727123695575653,2221220260554243.2,162.0,0.06975559990220925,69850481015472.14,218.0,1.0584344586188725,893086514309479.6,188.0,0.21014069264251892,-6.227064944420242e-17,0.9019772450455729,1.8531030701754403,-1.290127756554373,-0.789975649350649,-2.824613836250001,-3.8238454545454554,1.65309586623546,3.232893392170658,-0.8224366963325429,-3.77209696969697,0.7997509995881376,2.2113636363636355,-0.6688560540599386,-1.8545454545454554,-0.16494276924450332,-0.011505681818182,-0.6789372209636705,-0.7186105499068844
2,고위험군,강남구,청담동,헥사 스테이 청담,37.51835146,127.04522728,203998.26348283823,446541.8618765002,41.703168491719886,1995,0.3811,9,100.0,0.1606823816904734,0.4113,0.85,1,4,6.129246269271055,,-1.4210854715202004e-14,40.36565800613002,2.5421380712174064e+16,92.0,-2.1456071227566515e-15,-1.047961917270412,80.0,2.054489822613887,1306159438203371.5,106.0,0.6123235821702558,610645701703885.9,204.0,1.3537586644488186,1229989851381335.0,178.0,1.9556599579023919,1593986684123348.2,132.0,4.586489132255068,3199555799249895.0,162.0,2.7650651734133027,2163024809617117.2,154.0,2.772712369557564,2321586424415022.0,162.0,0.06975559990220921,70314610543204.21,218.0,1.0584344586188723,895310603591562.4,188.0,0.08046060181123128,-1.7263684034746457e-16,0.1646105937110027,0.3381907894736846,-0.9255912725549355,-0.5667613636363636,1.0534776861688293,1.4261545454545461,-1.1687336683701153,-2.2856456366838076,0.7584384475057868,3.478569696969697,0.04027523019508597,0.11136363636363607,-0.6688560540599386,-1.8545454545454545,-0.16494276924450332,-0.011505681818181993,0.6629507838659625,0.7016899540121271
2,고위험군,강서구,화곡동,미소스테이,37.53000695,126.86045249,187665.38585198123,447843.6648038136,32.45309069993838,1997,0.4704,24,75.0,1.025049721491093,0.1394,0.25,2,4,3.610917912644224,,-7.105427357601002e-15,40.36565800613001,2.198881293505722e+16,92.0,-4.914487396014733e-16,-0.23482638098251712,80.0,2.054489822613883,1627968760618202.0,106.0,0.6123235821702561,605198234922783.6,204.0,1.353758664448818,1131147794630925.8,178.0,1.9556599579023897,1795300032775830.0,132.0,4.58648913225507,3371738042946812.5,162.0,2.765065173413305,2470842417119844.5,154.0,2.772712369557566,2587678000637213.0,162.0,0.0697555999022089,60708899781834.42,218.0,1.0584344586188716,793567186921598.8,188.0,0.21014069264251892,-1.0327337853814653e-16,0.6888688896041324,1.4152741228070165,0.16801817944337713,0.10288149350649356,-0.23921948797078088,-0.3238454545454544,-0.10029466627027112,-0.19614226281595262,-0.8224366963325429,-3.7720969696969715,-2.99762784737712,-8.28863636363637,1.495090003192804,4.145454545454549,-0.16494276924450332,-0.011505681818181943,-0.9296284030006844,-0.9839507354467556
2,고위험군,서초구,반포동,Say house,37.50522366,127.02115247,201870.2862613061,445084.09247851226,37.75175195814044,2001,0.4947,28,96.4,2.174226531090576,0.1337,0.7,1,5,4.189654742026425,,-7.105427357601002e-15,40.365658006130005,2.368280276015657e+16,92.0,-5.968746095239892e-17,-0.02819647860665417,80.0,2.054489822613888,1187051687911398.2,106.0,0.612323582170256,609770814008070.0,204.0,1.3537586644488189,1181610132565649.2,178.0,1.9556599579023912,1505912805627726.0,132.0,4.586489132255068,3197954533872402.0,162.0,2.7650651734133023,2085770194407265.5,154.0,2.7727123695575644,2213151759828669.0,162.0,0.06975559990220918,70655516576400.67,218.0,1.058434458618873,877487374427794.2,188.0,0.46950087430509424,-2.802331510220247e-17,0.8315282019244352,1.7083662280701781,0.45964736664292716,0.28145292207792216,0.8673292930927258,1.1741545454545466,1.3201955201913924,2.581853515440424,-0.8555775139856451,-3.9240969696969694,-0.7192005391979657,-1.9886363636363635,-0.6688560540599386,-1.854545454545455,0.05905358405050119,0.004119318181818243,-0.5636379130306493,-0.5965737893356666
2,고위험군,마포구,망원동,프라이빗 하우스,37.55740113,126.90198525,191339.6399711556,450879.45116640464,48.19149267865129,1986,0.6474,29,96.6,0.7871761302082216,0.4272,1.0,1,5,3.9889840465642745,,0.0,40.36565800613001,3.0967615594221556e+16,92.0,-2.7946880988481814e-15,-1.4106111657965126,80.0,2.054489822613885,1607791946430877.2,106.0,0.6123235821702561,633119406211229.1,204.0,1.353758664448818,1146054880612484.8,178.0,1.9556599579023888,1805353185146341.5,132.0,4.586489132255068,3365396156649592.5,162.0,2.7650651734133045,2434564486591446.0,154.0,2.7727123695575657,2576139716605612.5,162.0,0.06975559990220911,61633370492555.38,218.0,1.0584344586188725,820584085109689.0,188.0,-0.5030998069295631,1.4060070429588678e-15,1.7279922756409067,3.5501425438596494,0.5325546634428147,0.32609577922077937,0.877670870485842,1.188154545454545,-0.3943287080409862,-0.7711728645671384,0.8508838862223351,3.9025696969696977,0.7997509995881376,2.2113636363636373,-0.6688560540599386,-1.8545454545454558,0.05905358405050119,0.004119318181818239,-0.6905411312571804,-0.7308925284162575
2,고위험군,마포구,서교동,라티에르 스테이,37.54641973,126.91621019,192595.43718577025,449659.4315255725,41.83967290346262,1994,0.1947,28,96.4,1.3047775034479017,0.413,0.85,1,3,4.624972813284271,,0.0,40.36565800613001,3.0980005351943384e+16,92.0,-2.94073509846655e-15,-1.503259605620066,80.0,2.054489822613885,1619056298428736.0,106.0,0.612323582170256,634853811025208.0,204.0,1.3537586644488184,1149614958611583.2,178.0,1.9556599579023901,1826607373448617.2,132.0,4.5864891322550685,3400004577557215.5,162.0,2.765065173413304,2458243816660658.0,154.0,2.7727123695575657,2617808840719527.0,162.0,0.0697555999022091,62337745826720.38,218.0,1.0584344586188723,821008594658628.0,188.0,0.015620556395587458,-4.593591845008018e-17,-0.9296978761039958,-1.9100548245614037,0.45964736664292716,0.28145292207792216,0.8673292930927258,1.1741545454545463,0.24547507588874568,0.4800657765786704,0.768322551016361,3.5239030303030305,0.04027523019508597,0.11136363636363612,-0.6688560540599386,-1.8545454545454558,-0.3889391225395078,-0.027130681818182182,-0.28834478132768626,-0.30519405252014675
2,고위험군,마포구,서교동,오즈 305,37.55097676,126.9237328,193260.6257828613,450164.6412248602,39.14159860985986,1996,0.3257,25,84.0,0.6088868369422055,0.1408,0.85,2,8,4.007333185232471,,0.0,40.36565800613,3.0799031018474732e+16,92.0,-3.2092184487396436e-15,-1.659215746993369,80.0,2.0544898226138844,1592253620585832.2,106.0,0.6123235821702556,639409325510157.2,204.0,1.3537586644488189,1138625572432436.2,178.0,1.9556599579023903,1815496209894764.5,132.0,4.586489132255067,3386461822198999.0,162.0,2.765065173413304,2377353777845029.5,154.0,2.772712369557567,2591415582267646.0,162.0,0.06975559990220916,62415541624055.58,218.0,1.0584344586188723,822225984057171.2,188.0,0.1453006472268751,-4.663015176942983e-16,-0.1606291553649143,-0.3300109649122808,0.24092547624326463,0.14752435064935063,0.2261514947194788,0.30615454545454573,-0.6147109758695795,-1.2021656411912391,-0.8142968463826581,-3.7347636363636347,0.04027523019508597,0.11136363636363612,1.495090003192804,4.14545454545455,0.7310426439355147,0.05099431818181891,-0.6789372209636705,-0.7186105499068842
2,고위험군,송파구,방이동,넘버25  방이점,37.51277207,127.10847264,209590.10890363963,445927.1871816653,45.80898661919728,1999,0.6448,15,66.7,0.8618966598083563,0.1365,1.0,2,1,6.978045974597571,,7.105427357601002e-15,40.36565800612999,2.7442937484921916e+16,92.0,-3.0352553867085855e-16,-0.13827419690055856,80.0,2.0544898226138857,1398337704867057.0,106.0,0.6123235821702554,595145056196134.6,204.0,1.3537586644488186,1178078571763480.8,178.0,1.9556599579023914,1514610395449514.5,132.0,4.5864891322550685,3131469746618925.5,162.0,2.7650651734133027,2088669798052773.0,154.0,2.772712369557564,2233555787772483.2,162.0,0.06975559990220928,69849145180721.12,218.0,1.0584344586188723,896571989306138.6,188.0,0.33982078347380656,-1.0314428635544032e-16,1.712728316297994,3.518782894736845,-0.48814749175561045,-0.29890422077922063,-0.6683949497851314,-0.9048454545454546,-0.30196713396675656,-0.590545032501333,-0.8392978140858756,-3.849430303030303,0.7997509995881376,2.211363636363636,1.495090003192804,4.1454545454545455,-0.8369318291295168,-0.058380681818182754,1.199727785548218,1.2698332291867467
2,고위험군,마포구,도화동,한스 하우스,37.5347838,126.94610721,195236.7173769843,448366.0505889711,39.183274698489065,1994,0.341,19,47.4,0.319287411867112,0.413,1.0,1,4,4.143134726391533,,7.105427357601002e-15,40.365658006130005,2.4396850914620652e+16,92.0,-3.5668939088412075e-15,-1.5652429333929594,80.0,2.0544898226138852,1408423248536010.2,106.0,0.6123235821702561,641939656395607.6,204.0,1.3537586644488193,1132986188247038.5,178.0,1.9556599579023914,1803498034419671.8,132.0,4.5864891322550685,3465418521743221.5,162.0,2.7650651734133045,2368447400935040.0,154.0,2.7727123695575657,2667965494718953.0,162.0,0.06975559990220918,64040887353317.92,218.0,1.0584344586188725,823036067026904.8,188.0,0.015620556395587458,-5.571686746013147e-17,-0.07080662538546409,-0.14547149122806993,-0.19651830455606042,-0.12033279220779228,-1.6663571682209106,-2.2558454545454567,-0.9726829936546267,-1.9022371824229793,0.768322551016361,3.5239030303030305,0.7997509995881376,2.2113636363636373,-0.6688560540599386,-1.8545454545454558,-0.16494276924450332,-0.011505681818181988,-0.5930569554195759,-0.6277119175396757
2,고위험군,마포구,상수동,슈기 BNB,37.54765558,126.9226917,193168.3255377592,449796.1052692037,42.75586919741112,1997,0.3105,20,90.0,3.490428515390098,0.1394,1.0,1,4,4.955827057601261,,7.105427357601002e-15,40.365658006130005,3.0580857390343936e+16,92.0,-3.2032331532898872e-15,-1.6593216419875998,80.0,2.0544898226138844,1598613512029834.2,106.0,0.6123235821702561,637959739608459.0,204.0,1.3537586644488184,1144122219071357.5,178.0,1.9556599579023903,1829935049792491.2,132.0,4.586489132255068,3398914093991996.5,162.0,2.765065173413304,2420907154107313.5,154.0,2.772712369557566,2611608746419588.0,162.0,0.0697555999022091,62507922416745.48,218.0,1.0584344586188728,822029368389503.8,188.0,0.21014069264251892,-6.731296335278169e-16,-0.24986460998502144,-0.5133442982456141,-0.1236110077561729,-0.0756899350649351,0.5363988165129853,0.7261545454545457,2.947144468761335,5.763612427710054,-0.8224366963325429,-3.7720969696969693,0.7997509995881376,2.211363636363637,-0.6688560540599386,-1.854545454545456,-0.16494276924450332,-0.011505681818181974,-0.0791140898655524,-0.0837370788759708
2,고위험군,강남구,역삼동,호텔벤,37.49797232,127.03908976,203456.62292464668,444279.7951066119,30.89701174912813,2001,0.1408,10,60.0,0.7551825714793979,0.1337,0.85,1,1,7.414024538266911,,0.0,40.36565800613,2.5829616893637116e+16,92.0,-1.02250913464183e-15,-0.47471460289973344,80.0,2.0544898226138866,1263815523725290.2,106.0,0.6123235821702558,607935686079323.8,204.0,1.3537586644488189,1192286659553132.5,178.0,1.9556599579023914,1510521450948496.0,132.0,4.5864891322550685,3188130164771029.0,162.0,2.7650651734133023,2067042323268090.2,154.0,2.772712369557565,2252398237946927.5,162.0,0.06975559990220917,70571915810443.72,218.0,1.058434458618873,889936207654972.8,188.0,0.46950087430509424,-4.800689326992845e-16,-1.2461314947897706,-2.560164473684213,-0.852683975755048,-0.5221185064935066,-1.014837792454547,-1.3738454545454553,-0.4338757436447748,-0.8485134185512091,-0.8555775139856451,-3.92409696969697,0.04027523019508597,0.11136363636363605,-0.6688560540599386,-1.8545454545454552,-0.8369318291295168,-0.058380681818182664,1.4754386095925556,1.5616550659694792
2,고위험군,성동구,성동,유토리홈즈,37.54380142,127.04565636,204034.82460839563,449366.5109768136,48.37084133755712,1991,0.5682,6,50.0,1.5553706911638243,0.4183,0.85,2,3,3.8918202981106265,,-7.105427357601002e-15,40.365658006130005,2.515542752345145e+16,92.0,-4.6464907066452966e-15,-2.787709244905684,80.0,2.0544898226138875,1256320648312056.0,106.0,0.6123235821702561,608795995680725.0,204.0,1.3537586644488193,1215822935101366.0,178.0,1.9556599579023919,1610585394962549.5,132.0,4.5864891322550685,3113407987129083.0,162.0,2.7650651734133027,2150526238370931.0,154.0,2.772712369557564,2296693253247376.0,162.0,0.06975559990220931,69570510897035.33,218.0,1.058434458618872,874335110463697.1,188.0,-0.17889957985134403,8.312552352020182e-16,1.2630285910414012,2.5948793859649166,-1.144313162954598,-0.7006899350649354,-1.531916662110391,-2.0738454545454563,0.5552317303662029,1.0858444624340404,0.7991376972552106,3.6652363636363643,0.04027523019508597,0.11136363636363607,1.495090003192804,4.1454545454545455,-0.3889391225395078,-0.027130681818182265,-0.751987035679467,-0.7959289909978071
2,고위험군,성동구,하왕십리동,차니하우스,37.55805459,127.028784,202543.2661652088,450947.8515588016,28.95470689791343,2023,0.2626,5,60.0,0.0,0.1022,0.85,1,7,6.49319392518621,,1.0658141036401503e-14,40.36565800613,2.5428367543267116e+16,92.0,-3.0522622351347627e-15,-2.0286503632281283,80.0,2.054489822613888,1274288230201011.0,106.0,0.6123235821702564,604363404556918.9,204.0,1.3537586644488195,1096590302992686.0,178.0,1.9556599579023919,1542464963237481.8,132.0,4.586489132255068,2960173086278572.5,162.0,2.7650651734133027,1973138721773467.2,154.0,2.772712369557563,2079638813141388.2,162.0,0.06975559990220936,68165704016732.21,218.0,1.0584344586188725,813285086843470.4,188.0,1.8959818734492584,-5.787033870829228e-15,-0.5310737071102276,-1.0910855263157915,-1.2172204597544856,-0.745332792207793,-1.014837792454547,-1.373845454545456,-1.3673521441537981,-2.674075836673562,-1.0387241378580518,-4.764096969696969,0.04027523019508597,0.11136363636363607,-0.6688560540599386,-1.854545454545454,0.5070462906405102,0.03536931818181879,0.8931095955213829,0.9452979712229952
2,고위험군,마포구,노고산동,24게스트하우스신촌,37.55227127,126.93440485,194203.76507840643,450307.6048049461,32.01380551307898,1984,0.1506,9,33.3,2.72078922687964,0.158,0.7,1,1,6.8352813556585295,,7.105427357601002e-15,40.365658006130005,2.964094357425386e+16,92.0,-3.332700219484619e-15,-1.672793679108286,80.0,2.0544898226138844,1601811383522961.8,106.0,0.6123235821702562,643390496396580.9,204.0,1.3537586644488189,1140276594643156.0,178.0,1.9556599579023906,1887997014535870.5,132.0,4.586489132255069,3454929969662908.5,162.0,2.7650651734133045,2257608563945998.0,154.0,2.772712369557565,2622151422541092.0,162.0,0.06975559990220918,62649045804574.94,218.0,1.0584344586188723,822358455419658.4,188.0,-0.6327798977608508,2.108865704153042e-15,-1.1885981095741753,-2.4419627192982456,-0.9255912725549355,-0.566761363636364,-2.395438374435651,-3.2428454545454564,1.9957982117606623,3.9031026467935233,-0.7142929755697884,-3.2760969696969706,-0.7192005391979657,-1.988636363636365,-0.6688560540599386,-1.8545454545454552,-0.8369318291295168,-0.05838068181818268,1.1094441018717143,1.1742738673324888
2,고위험군,강서구,화곡동,탑 모텔,37.52717379,126.84113426,185957.3139740908,447531.9277549039,36.07789464091377,1996,0.3135,16,81.2,0.6607119048067914,0.1408,1.0,1,7,6.2058498567482925,,0.0,40.365658006130005,1.9769951718849064e+16,92.0,-1.787296026618706e-15,-0.7873946240238431,80.0,2.054489822613883,1607997486117783.0,106.0,0.6123235821702561,598348212829076.5,204.0,1.3537586644488178,1121534633307475.8,178.0,1.95565995790239,1784880522291059.0,132.0,4.5864891322550685,3357767422622700.5,162.0,2.765065173413305,2456387299850303.0,154.0,2.7727123695575653,2573243503037685.5,162.0,0.06975559990220889,60172551295491.23,218.0,1.0584344586188716,784667974480795.6,188.0,0.1453006472268751,-2.5969526945372016e-16,-0.2322523492047371,-0.47716008771929797,-0.41524019495572295,-0.25426136363636376,0.08136941121584258,0.11015454545454571,-0.5506503372459968,-1.0768848153574428,-0.8142968463826581,-3.7347636363636365,0.7997509995881376,2.2113636363636378,-0.6688560540599386,-1.8545454545454554,0.5070462906405102,0.03536931818181856,0.7113945377293289,0.7529644924059647
2,고위험군,종로구,충신동,무이하우스,37.57259223,127.00517177,200456.872974422,452560.982196552,44.94654917179092,1972,0.3626,44,59.1,1.3483950885289049,0.4518,1.0,1,3,4.23410650459726,,0.0,40.36565800613,2.7176040782860896e+16,92.0,-1.7617655530794758e-15,-1.1925450684975694,80.0,2.054489822613888,1219915449766568.5,106.0,0.6123235821702566,610600135624157.4,204.0,1.3537586644488195,1098070360615411.2,178.0,1.955659957902392,1446370518635072.8,132.0,4.586489132255068,3005048147010660.0,162.0,2.765065173413304,1844626348702887.8,154.0,2.7727123695575635,2052295700478752.2,162.0,0.06975559990220949,64046295301437.29,218.0,1.0584344586188725,779344071370482.0,188.0,-1.4108604427485767,2.4856053282369004e-15,0.05600165223258268,0.11505482456140344,1.6261641154411273,0.9957386363636378,-1.061374890723573,-1.4368454545454559,0.2993904969511632,0.5855060066638881,0.9939126781988811,4.5585696969696965,0.7997509995881376,2.211363636363637,-0.6688560540599386,-1.8545454545454543,-0.3889391225395078,-0.027130681818182335,-0.5355268242984903,-0.5668200443522566
2,고위험군,종로구,동숭동,혜화디어홈,37.5770991,127.00405678,200358.353416578,453061.18786205386,35.54943206020793,1991,0.1433,8,50.0,0.8659899933993561,0.4183,0.85,1,3,3.713572066704308,,0.0,40.36565800613001,2.7073921688739976e+16,92.0,-1.7877553620005396e-15,-1.205847099305967,80.0,2.054489822613888,1214687049364908.0,106.0,0.6123235821702566,612490352756341.9,204.0,1.3537586644488193,1111627088385311.9,178.0,1.955659957902391,1437037743767131.0,132.0,4.5864891322550685,2998964861886427.5,162.0,2.765065173413304,1838738708833073.5,154.0,2.772712369557564,2041030687404917.8,162.0,0.0697555999022095,63264475464922.72,218.0,1.0584344586188728,778357055487370.8,188.0,-0.17889957985134403,3.1982868313888395e-16,-1.2314546108062003,-2.530010964912285,-0.9984985693548231,-0.6114042207792216,-1.531916662110391,-2.0738454545454563,-0.29690739020290907,-0.5806498942251299,0.7991376972552106,3.6652363636363643,0.04027523019508597,0.11136363636363612,-0.6688560540599386,-1.8545454545454545,-0.3889391225395078,-0.02713068181818234,-0.8647103915065552,-0.9152392750963542
2,고위험군,종로구,숭인동,동묘하우스 9,37.57094363,127.02041599,201803.5836339557,452378.1900953761,42.31430985774707,1993,0.341,2,100.0,0.6879792104015028,0.1451,1.0,2,10,4.691347882229144,,0.0,40.36565800613001,2.6566045631122744e+16,92.0,-2.815227460304596e-15,-1.867756371631945,80.0,2.0544898226138875,1248052157453904.5,106.0,0.6123235821702566,602444138031304.0,204.0,1.3537586644488189,1072393088756185.9,178.0,1.9556599579023914,1486252048908879.0,132.0,4.5864891322550685,2918151982148097.0,162.0,2.765065173413303,1861544863539887.2,154.0,2.7727123695575626,1998503616814845.5,162.0,0.06975559990220943,66348242268113.266,218.0,1.0584344586188723,765693028091769.0,188.0,-0.049219489020056365,1.3856405707142322e-16,-0.07080662538546409,-0.1454714912280701,-1.435942350154148,-0.8792613636363649,1.0534776861688293,1.4261545454545463,-0.516945393250444,-1.0109694060019985,-0.7892958786794407,-3.62009696969697,0.7997509995881376,2.211363636363636,1.495090003192804,4.145454545454544,1.1790353505255238,0.0822443181818197,-0.24636949520176016,-0.26076596327407986
2,고위험군,마포구,연남동,Cheshire,37.55781106,126.91743854,192705.0977035328,450923.6369818933,45.17061393454746,1987,0.3811,14,92.9,1.293603698203116,0.4254,1.0,1,3,3.951243718581428,,-7.105427357601002e-15,40.365658006130005,3.0903593674784544e+16,92.0,-3.108295809979333e-15,-1.5895859724344124,80.0,2.054489822613884,1597295812023587.8,106.0,0.6123235821702562,638963142490388.5,204.0,1.3537586644488186,1143810743962225.8,178.0,1.9556599579023901,1800253544864747.2,132.0,4.5864891322550685,3359137100670973.0,162.0,2.7650651734133036,2343240799049779.0,154.0,2.7727123695575653,2558424856732299.0,162.0,0.06975559990220916,62007226591680.88,218.0,1.0584344586188725,824892796375615.6,188.0,-0.4382597615139193,1.3622409803962571e-15,0.1646105937110027,0.33819078947368403,-0.561054788555498,-0.34354707792207817,0.6863516887131803,0.9291545454545463,0.23166320589357609,0.4530544554853637,0.8404183648581974,3.8545696969696976,0.7997509995881376,2.2113636363636364,-0.6688560540599386,-1.8545454545454554,-0.3889391225395078,-0.027130681818182206,-0.7144079398458384,-0.756153981043754
2,고위험군,마포구,연남동,달 하우스,37.55841366,126.92485471,193360.42354839653,450989.96873017855,43.52398272549384,1996,0.5567,20,80.0,0.7158385917620161,0.1408,1.0,2,4,3.713572066704308,,0.0,40.365658006130005,3.0919027417528916e+16,92.0,-3.1964144718290117e-15,-1.6273841270352765,80.0,2.054489822613885,1614564596771655.5,106.0,0.6123235821702564,641648717830764.9,204.0,1.3537586644488186,1142539515127745.2,178.0,1.9556599579023892,1844054933915972.8,132.0,4.5864891322550685,3367628768600147.0,162.0,2.765065173413305,2256517476222555.5,154.0,2.772712369557565,2549129025913745.5,162.0,0.06975559990220921,62156905406079.62,218.0,1.0584344586188725,825804642393635.6,188.0,0.1453006472268751,-4.644410915621055e-16,1.1955149247169776,2.456173245614035,-0.1236110077561729,-0.07568993506493514,0.019319946857141147,0.026154545454545552,-0.4825085881453229,-0.9436227251798234,-0.8142968463826581,-3.7347636363636365,0.7997509995881376,2.2113636363636378,1.495090003192804,4.145454545454547,-0.16494276924450332,-0.011505681818181993,-0.8647103915065552,-0.915239275096354
2,고위험군,용산구,서계동,Via SEOUL,37.54973422,126.96362025,196785.2392017693,450024.62249140063,41.5843064688522,1998,0.1556,52,80.8,0.7848683031244529,0.406,1.0,1,5,3.951243718581428,,-1.4210854715202004e-14,40.36565800613001,2.4338384845075908e+16,92.0,-3.8921885219368516e-17,-0.02260261669760442,80.0,2.0544898226138857,1176868419596907.0,106.0,0.6123235821702562,645468301122580.2,204.0,1.3537586644488198,1125589549260058.4,178.0,1.9556599579023926,1503270660157524.0,132.0,4.586489132255068,3331135376250695.0,162.0,2.7650651734133045,2002133591398327.0,154.0,2.7727123695575644,2413499115244150.0,162.0,0.0697555999022093,63299343454659.516,218.0,1.0584344586188728,802496821608534.1,188.0,0.27498073805816275,-1.070276872423705e-17,-1.1592443416070348,-2.381655701754388,2.2094224898402275,1.3528814935064946,0.06068625642960852,0.08215454545454544,-0.39718139850355,-0.776751757077066,0.7276233012669376,3.3372363636363644,0.7997509995881376,2.2113636363636373,-0.6688560540599386,-1.854545454545455,0.05905358405050119,0.004119318181818249,-0.7144079398458384,-0.7561539810437542
2,고위험군,중구,황학동,유어모먼트,37.56647742,127.02231807,201971.73437813687,451882.53109900426,30.73203178553972,1995,0.2774,15,73.3,0.1725257551322526,0.1422,0.85,1,5,4.653960350157523,,-7.105427357601002e-15,40.365658006130005,2.6661647908629636e+16,92.0,-2.8476831691074354e-15,-1.891477101431544,80.0,2.0544898226138875,1260689647253976.2,106.0,0.6123235821702565,603739307745473.9,204.0,1.3537586644488189,1067439993871441.4,178.0,1.9556599579023917,1506507220327555.0,132.0,4.5864891322550685,2930644712902129.5,162.0,2.7650651734133036,1904188745607769.8,154.0,2.7727123695575626,2021235677956542.8,162.0,0.06975559990220943,66967612067646.76,218.0,1.0584344586188728,777110176390199.1,188.0,0.08046060181123128,-2.2912630155409855e-16,-0.4441865539274918,-0.9125767543859665,-0.48814749175561045,-0.29890422077922113,-0.32712289581227455,-0.44284545454545493,-1.1540941493612769,-2.257015715555271,-0.8061569964327735,-3.6974303030303037,0.04027523019508597,0.11136363636363611,-0.6688560540599386,-1.8545454545454536,0.05905358405050119,0.004119318181818258,-0.2700131972904455,-0.28579127229406354
2,고위험군,마포구,도화동,스테이 차,37.53837671,126.95299273,195845.48939003504,448764.4930651054,39.21223471996315,1994,0.3349,1,100.0,0.0,0.413,0.45,2,4,3.688879454113936,,0.0,40.365658006130005,2.357067236819515e+16,92.0,-2.0223255432148222e-15,-0.9738806537516425,80.0,2.054489822613886,1368057027791992.8,106.0,0.612323582170256,644281093478654.6,204.0,1.3537586644488195,1111520389242101.0,178.0,1.9556599579023926,1718916872627288.8,132.0,4.586489132255068,3401735898971566.0,162.0,2.765065173413304,2122665664849359.5,154.0,2.7727123695575644,2570262687557858.5,162.0,0.0697555999022092,64062003056271.445,218.0,1.058434458618873,819532152983356.4,188.0,0.015620556395587458,-3.1589850198024174e-17,-0.10661822230537582,-0.21904605263157945,-1.5088496469540356,-0.9239042207792211,1.0534776861688293,1.426154545454547,-1.3673521441537981,-2.674075836673563,0.768322551016361,3.5239030303030296,-1.9849934881863844,-5.488636363636364,1.495090003192804,4.145454545454546,-0.16494276924450332,-0.011505681818181991,-0.8803258853230413,-0.9317672518400734
2,고위험군,용산구,용산동,마리모 스테이 서울,37.54034433,126.98637484,198795.8376897724,448981.92369338457,37.00413406178378,2003,0.4856,15,73.3,2.095515366510897,0.1308,0.85,1,3,3.828641396489095,,0.0,40.365658006130005,2.6163345398825664e+16,92.0,1.0051328538816259e-15,0.6336142442365199,80.0,2.0544898226138875,1146577522753128.5,106.0,0.6123235821702563,636222131219106.2,204.0,1.3537586644488198,1083267932825563.2,178.0,1.9556599579023926,1399621739800844.8,132.0,4.586489132255069,3041574584324328.5,162.0,2.7650651734133045,1900231557993348.5,154.0,2.7727123695575635,2006978829109058.0,162.0,0.06975559990220935,65306106328333.9,218.0,1.0584344586188732,760984155497995.0,188.0,0.5991809651363819,6.022564734790784e-16,0.7781043442242395,1.598607456140353,-0.48814749175561045,-0.298904220779221,-0.32712289581227455,-0.4428454545454552,1.2229011474574256,2.3915788065553767,-0.8724386317389777,-4.001430303030304,0.04027523019508597,0.11136363636363615,-0.6688560540599386,-1.8545454545454543,-0.3889391225395078,-0.02713068181818228,-0.791941080395986,-0.838217728686971
2,고위험군,마포구,연남동,JS Yeonnam guest,37.56165342,126.9230161,193198.26485333923,451349.6753065544,35.231530452201184,2012,0.6448,4,100.0,0.7126283161317678,0.1179,0.7,1,5,4.852030263919617,,0.0,40.36565800613001,3.077104867838636e+16,92.0,-3.1742854530373636e-15,-1.6064693273224764,80.0,2.054489822613884,1612721483895621.2,106.0,0.6123235821702562,641701664971046.9,204.0,1.3537586644488186,1140095372022772.5,178.0,1.9556599579023906,1824515228687072.0,132.0,4.586489132255069,3354966771040599.5,162.0,2.765065173413304,2231240571701037.8,154.0,2.7727123695575657,2531913753289046.5,162.0,0.0697555999022092,61994294880002.51,218.0,1.0584344586188723,827079200822930.8,188.0,1.1827413738771764,-3.7543587378037465e-15,1.712728316297994,3.518782894736842,-1.290127756554373,-0.7899756493506498,1.0534776861688293,1.4261545454545461,-0.4864767895487206,-0.951383177769341,-0.94744153484863,-4.345430303030304,-0.7192005391979657,-1.9886363636363646,-0.6688560540599386,-1.8545454545454558,0.05905358405050119,0.004119318181818244,-0.14475470136321053,-0.15321336396990629
2,고위험군,마포구,연남동,형석하우스,37.55872001,126.92546519,193414.3904079981,451023.9270061514,42.10642957611303,1990,0.5624,14,57.1,1.9154750847881723,0.42,0.7,1,3,4.0943445622221,,0.0,40.365658006130005,3.0862507374522056e+16,92.0,-3.203593947710058e-15,-1.628248331716943,80.0,2.0544898226138844,1613874762997678.5,106.0,0.6123235821702558,641907738708976.5,204.0,1.3537586644488184,1141398902923540.0,178.0,1.9556599579023903,1853709491408834.2,132.0,4.5864891322550685,3366619258999407.5,162.0,2.7650651734133027,2242985731905049.5,154.0,2.7727123695575657,2545564403424242.5,162.0,0.06975559990220921,62158126019640.48,218.0,1.0584344586188725,825920981075197.6,188.0,-0.24373962526698784,7.808427883224397e-16,1.228978220199518,2.524923245614035,-0.561054788555498,-0.34354707792207795,-1.1647906646547417,-1.5768454545454547,1.000354493871493,1.956353227372191,0.8090218007657848,3.710569696969697,-0.7192005391979657,-1.9886363636363638,-0.6688560540599386,-1.8545454545454558,-0.3889391225395078,-0.027130681818182227,-0.6239116292255457,-0.6603695675053591
2,고위험군,마포구,동교동,스테이 에스제이,37.5539854,126.92843081,193676.0211399221,450498.2378868993,44.0772951371392,1988,0.2894,18,94.4,0.98498726316039,0.4236,1.0,1,4,4.709530201312334,,0.0,40.365658006130005,3.076686465895017e+16,92.0,-3.24834224559778e-15,-1.6613804410582258,80.0,2.0544898226138844,1607085499025826.8,106.0,0.6123235821702561,641865922130390.0,204.0,1.3537586644488184,1136129056153666.5,178.0,1.9556599579023908,1870621409955388.8,132.0,4.586489132255068,3388374206391867.0,162.0,2.7650651734133045,2290841987452886.5,154.0,2.7727123695575653,2573488193613876.5,162.0,0.06975559990220916,62421534113875.875,218.0,1.0584344586188723,823829892749344.5,188.0,-0.37341971609827546,1.2129950391411576e-15,-0.3737375108063545,-0.7678399122807019,-0.2694256013559479,-0.16497564935064943,0.7639135191615569,1.0341545454545462,-0.14981561764078033,-0.2929884044884891,0.8299528434940597,3.806569696969696,0.7997509995881376,2.2113636363636373,-0.6688560540599386,-1.8545454545454554,-0.16494276924450332,-0.011505681818181984,-0.23487108084103633,-0.2485956452952117
2,고위험군,마포구,서교동,샬루스테이,37.54846762,126.91743574,192703.9395003309,449886.6268467493,36.100531463762536,2002,0.1266,20,90.0,1.9158822613414044,0.1322,1.0,1,5,4.276666119016055,,-7.105427357601002e-15,40.365658006130005,3.0813153428141796e+16,92.0,-3.025209078366477e-15,-1.5547311096748835,80.0,2.0544898226138844,1613387700117073.2,106.0,0.612323582170256,636118212573787.8,204.0,1.353758664448818,1146813123067308.0,178.0,1.95565995790239,1828165170447545.8,132.0,4.586489132255068,3392148379492705.5,162.0,2.765065173413304,2439325839177662.5,154.0,2.7727123695575653,2607550111291382.0,162.0,0.0697555999022091,62312785864404.52,218.0,1.0584344586188723,821471617001802.4,188.0,0.534340919720738,-1.6164930012818696e-15,-1.32949619581645,-2.731436403508772,-0.1236110077561729,-0.07568993506493508,0.5363988165129853,0.7261545454545455,1.0008578022337848,1.9573375273828022,-0.8642987817890929,-3.964096969696969,0.7997509995881376,2.211363636363637,-0.6688560540599386,-1.8545454545454554,0.05905358405050119,0.004119318181818238,-0.5086123212925238,-0.5383328069341403
2,고위험군,강남구,청담동,알로프트 서울 강남 호텔,37.52099695,127.05486726,204850.3031803691,446835.93133758433,40.62739109107262,2014,0.7091,14,85.7,0.7202981696258961,0.115,0.85,1,18,9.23024103368252,,-7.105427357601002e-15,40.365658006130005,2.6667334679114868e+16,92.0,-2.2903090118364565e-15,-1.1751774732233708,80.0,2.0544898226138866,1370692309861181.2,106.0,0.6123235821702558,610070894790603.2,204.0,1.3537586644488193,1230741623956680.2,178.0,1.9556599579023914,1593840894644922.0,132.0,4.5864891322550685,3190191097086159.5,162.0,2.765065173413303,2161182254588662.0,154.0,2.7727123695575644,2324000213784992.5,162.0,0.06975559990220927,70228488384870.66,218.0,1.058434458618872,898855980326326.8,188.0,1.312421464708464,-3.005850707949397e-15,2.0902177723554205,4.294331140350881,-0.561054788555498,-0.34354707792207795,0.3140549025609724,0.42515454545454606,-0.4769961321520532,-0.932842235724088,-0.9643026526019628,-4.422763636363637,0.04027523019508597,0.1113636363636361,-0.6688560540599386,-1.854545454545455,2.9710061768855596,0.20724431818182146,2.6240055078810256,2.777337849146992
2,고위험군,마포구,서교동,지니 스테이,37.55222641,126.92844746,193677.3437650715,450303.0098797036,37.430993332194106,1999,0.2252,11,90.9,0.959775843813894,0.4042,0.7,1,3,3.9318256327243257,,1.4210854715202004e-14,40.365658006130005,3.071242912637568e+16,92.0,-3.2638717754781124e-15,-1.6749422936651661,80.0,2.0544898226138844,1597632602642906.0,106.0,0.6123235821702562,641454025072353.1,204.0,1.3537586644488186,1131266144541755.8,178.0,1.9556599579023901,1857042942086920.8,132.0,4.586489132255069,3395212367871924.0,162.0,2.7650651734133045,2319887960728043.5,154.0,2.772712369557566,2585852797285129.5,162.0,0.06975559990220917,62496738372618.8,218.0,1.0584344586188719,823014037729135.8,188.0,0.33982078347380656,-1.1091314639010162e-15,-0.7506398915044387,-1.5421820175438596,-0.7797766789551605,-0.4774756493506497,0.5829359147820115,0.7891545454545462,-0.1809792936472156,-0.35393395779531794,0.7171577799027999,3.289236363636365,-0.7192005391979657,-1.988636363636365,-0.6688560540599386,-1.854545454545456,-0.3889391225395078,-0.02713068181818221,-0.7266878473898383,-0.7691514583369768
2,고위험군,마포구,공덕동,서울역 홍대 스테이,37.54777494,126.96231929,196670.19041570384,449807.2112800863,43.95738642407438,1996,0.1556,57,89.5,1.3955110162248148,0.4095,1.0,1,4,3.9318256327243257,,0.0,40.365658006130005,2.4099727096601444e+16,92.0,-3.302695715486392e-16,-0.19026845193102243,80.0,2.0544898226138852,1215312501171082.0,106.0,0.6123235821702564,644760467627485.6,204.0,1.35375866444882,1119729021349587.4,178.0,1.9556599579023923,1545058555869095.8,132.0,4.586489132255068,3310817787770803.0,162.0,2.7650651734133045,1966532346297858.8,154.0,2.7727123695575644,2401112079491217.0,162.0,0.06975559990220931,63471352035381.555,218.0,1.0584344586188725,805101860230796.9,188.0,0.1453006472268751,-4.7988382505360014e-17,-1.1592443416070348,-2.3816557017543873,2.573958973839665,1.576095779220781,0.510544873030193,0.6911545454545465,0.35763019719485617,0.6994030563907166,0.7479729261416491,3.430569696969696,0.7997509995881376,2.2113636363636373,-0.6688560540599386,-1.854545454545455,-0.16494276924450332,-0.011505681818182008,-0.7266878473898383,-0.7691514583369773
2,고위험군,마포구,도화동,요셉 게스트하우스,37.53838834,126.95339944,195881.4351315375,448765.7659622459,33.82695709997415,1990,0.3502,1,100.0,0.0091324835632725,0.42,0.45,1,3,4.04305126783455,,-7.105427357601002e-15,40.36565800613002,2.3363545856569296e+16,92.0,-1.9680324474927816e-15,-0.9519531374963375,80.0,2.054489822613886,1369882335047189.5,106.0,0.6123235821702561,644305825499591.4,204.0,1.353758664448819,1109702877272498.6,178.0,1.9556599579023917,1718141314216663.0,132.0,4.58648913225507,3394839782824332.5,162.0,2.7650651734133045,2107655751200785.8,154.0,2.772712369557565,2560897009111339.5,162.0,0.06975559990220924,64075396625356.35,218.0,1.058434458618873,818896867819599.5,188.0,-0.24373962526698784,4.796874912651636e-16,-0.016795692325925617,-0.03450657894736833,-1.5088496469540356,-0.9239042207792213,1.0534776861688293,1.4261545454545466,-1.356063538978958,-2.6519991635525573,0.8090218007657848,3.7105696969696984,-1.9849934881863844,-5.488636363636365,-0.6688560540599386,-1.8545454545454552,-0.3889391225395078,-0.027130681818182237,-0.6563492709859925,-0.6947026853009509
2,고위험군,마포구,연남동,메모리 메종 연남점,37.5585801,126.92163478,193075.9370895537,451008.67392467055,47.70234898403847,1975,0.4856,22,95.5,1.1854414997040523,0.4465,1.0,1,3,4.59511985013459,,-7.105427357601002e-15,40.365658006130005,3.0835274548898988e+16,92.0,-3.1590878985548477e-15,-1.6126853089287838,80.0,2.0544898226138844,1607653989532266.2,106.0,0.6123235821702562,640614193725835.9,204.0,1.3537586644488189,1145616165636083.0,178.0,1.9556599579023906,1811603858933753.8,132.0,4.586489132255068,3360974363728933.5,162.0,2.7650651734133036,2293259489309906.0,154.0,2.772712369557565,2550402313269072.5,162.0,0.06975559990220917,62078673448143.32,218.0,1.058434458618872,825760401509401.4,188.0,-1.2163403065016452,3.842525942793841e-15,0.7781043442242395,1.5986074561403505,0.022203585843602113,0.013595779220779236,0.8207921948236995,1.1111545454545462,0.0979645963927569,0.19158543845738363,0.9630975319600318,4.417236363636364,0.7997509995881376,2.2113636363636364,-0.6688560540599386,-1.8545454545454552,-0.3889391225395078,-0.02713068181818221,-0.3072236569331535,-0.3251761050009524
2,고위험군,마포구,연남동,소쥬2,37.55573509,126.91887725,192832.01931299825,450693.1182580675,46.21428014804497,1969,0.2984,20,100.0,1.3184717647811297,0.457,1.0,1,2,4.532599493153256,,1.4210854715202004e-14,40.36565800613,3.0867888236987704e+16,92.0,-3.1214536929631943e-15,-1.6011903335365594,80.0,2.0544898226138844,1593724115399609.2,106.0,0.6123235821702561,638938223884929.0,204.0,1.3537586644488189,1141043709916759.0,178.0,1.95565995790239,1804228875962798.0,132.0,4.586489132255069,3365057913322517.0,162.0,2.7650651734133045,2357000429384490.0,154.0,2.7727123695575653,2567042486435544.5,162.0,0.06975559990220917,62112574434860.14,218.0,1.058434458618872,824045993337115.2,188.0,-1.6053805789955082,5.01112113691692e-15,-0.3209007284655015,-0.6592872807017545,-0.1236110077561729,-0.0756899350649351,1.0534776861688293,1.4261545454545463,0.26240246571439974,0.5131699950525063,1.0241464065841674,4.697236363636366,0.7997509995881376,2.2113636363636373,-0.6688560540599386,-1.8545454545454554,-0.6129354758345124,-0.04275568181818244,-0.34676124106984313,-0.3670240464617676
2,고위험군,마포구,동교동,온하루 게스트 하우스,37.55664652,126.92095537,193015.7264386401,450794.1197243238,37.94174376871363,2003,0.3842,19,89.5,0.6106709587357068,0.1308,0.7,2,5,4.584967478670572,,-1.4210854715202004e-14,40.36565800613001,3.097383274567418e+16,92.0,-3.1527410907808633e-15,-1.6159531660375805,80.0,2.054489822613885,1599785117982694.5,106.0,0.6123235821702563,639921337930777.1,204.0,1.3537586644488184,1140845765232622.0,178.0,1.9556599579023892,1808060118215014.0,132.0,4.5864891322550685,3362196223463561.0,162.0,2.765065173413304,2326306949384786.5,154.0,2.7727123695575657,2558818000128064.5,162.0,0.06975559990220916,62132553544399.734,218.0,1.0584344586188725,824792757280124.8,188.0,0.5991809651363819,-1.889062449599207e-15,0.18280992985062977,0.3755811403508771,-0.19651830455606042,-0.12033279220779232,0.510544873030193,0.6911545454545457,-0.6125056342041796,-1.1978527428027221,-0.8724386317389777,-4.001430303030303,-0.7192005391979657,-1.9886363636363646,1.495090003192804,4.145454545454548,0.05905358405050119,0.004119318181818241,-0.31364396961731433,-0.3319715851809762
2,고위험군,용산구,동자동,연 스테이,37.54975691,126.97497425,197788.55613579944,450026.8131432451,38.73514283757669,2003,0.1243,28,82.1,0.50685736459037,0.1308,1.0,2,5,4.727387818712341,,0.0,40.365658006130005,2.5605264856056456e+16,92.0,9.051668287749567e-16,0.5584735956432758,80.0,2.0544898226138866,1120300312584983.4,106.0,0.6123235821702564,645634228584464.6,204.0,1.3537586644488198,1110386804628362.8,178.0,1.955659957902393,1344495428871072.0,132.0,4.586489132255068,3211037091905656.5,162.0,2.7650651734133045,2002023994300486.5,154.0,2.7727123695575644,2219665608496238.8,162.0,0.06975559990220935,63201979181040.66,218.0,1.0584344586188732,782211095363308.9,188.0,0.5991809651363819,5.423587340748167e-16,-1.3429989290813344,-2.7591776315789502,0.45964736664292716,0.2814529220779224,0.12790650948486812,0.17315454545454537,-0.7408289613657855,-1.4488095353974855,-0.8724386317389777,-4.001430303030302,0.7997509995881376,2.2113636363636373,1.495090003192804,4.145454545454546,0.05905358405050119,0.004119318181818253,-0.22357800632061434,-0.23664266607904644
2,고위험군,마포구,서교동,크리에이터타운 서교,37.55351459,126.91602446,192579.72747662428,450446.8905552847,36.21026094098978,2023,0.1607,24,95.8,1.2585183800659887,0.1022,0.85,1,10,9.54273286919502,,7.105427357601002e-15,40.36565800613,3.088733453609564e+16,92.0,-3.0647380799023376e-15,-1.5729728136290642,80.0,2.0544898226138852,1603515222799136.5,106.0,0.6123235821702561,637228998186203.2,204.0,1.3537586644488189,1141889549153530.5,178.0,1.95565995790239,1807569475774755.8,132.0,4.5864891322550685,3373759776116472.0,162.0,2.7650651734133036,2402152307475218.0,154.0,2.7727123695575653,2582806469723416.0,162.0,0.06975559990220914,62109900424225.71,218.0,1.058434458618872,822223407240367.2,188.0,1.8959818734492584,-5.810687846364517e-15,-1.1293034982805514,-2.3201425438596504,0.16801817944337713,0.10288149350649356,0.8363045609133747,1.132154545454546,0.18829446603878844,0.36823994752667,-1.0387241378580518,-4.76409696969697,0.04027523019508597,0.11136363636363611,-0.6688560540599386,-1.8545454545454554,1.1790353505255238,0.08224431818181935,2.8216238970769307,2.986503961928693
2,고위험군,마포구,동교동,스테이 더 이룸(Stay the eeroom),37.55360436,126.92114016,193031.7709700616,450456.46244368807,40.48725959345544,2023,0.2715,14,85.7,1.04243378671451,0.1022,0.85,2,14,7.382248813500724,,1.4210854715202004e-14,40.36565800613,3.0797194729069124e+16,92.0,-3.1486604143709628e-15,-1.6203195160452655,80.0,2.0544898226138844,1593052579842660.2,106.0,0.612323582170256,639188534356387.9,204.0,1.3537586644488189,1137613205504162.0,178.0,1.9556599579023897,1809096053026063.2,132.0,4.586489132255067,3373680793293395.5,162.0,2.765065173413304,2365819014805809.0,154.0,2.7727123695575657,2576954086907221.5,162.0,0.06975559990220914,62246315147864.555,218.0,1.058434458618872,823236698171426.9,188.0,1.8959818734492584,-5.969803071294576e-15,-0.4788240001287174,-0.9837390350877191,-0.561054788555498,-0.343547077922078,0.3140549025609724,0.42515454545454595,-0.07880633319184804,-0.15411839025241122,-1.0387241378580518,-4.764096969696968,0.04027523019508597,0.11136363636363612,1.495090003192804,4.145454545454548,2.075020763705542,0.14474431818182024,1.45534378844778,1.5403860148300643
2,고위험군,강남구,대치동,Stay 여운 ; 청월,37.4974769,127.05824989,205150.94593277448,444225.6860189658,32.53448801491208,1998,0.6343,16,50.0,0.8395458835828857,0.138,0.7,1,4,4.204692619390966,,2.1316282072803006e-14,40.36565800612999,2.7556175805854068e+16,92.0,-8.509894247374703e-16,-0.4101370681916095,80.0,2.0544898226138852,1365153051968544.5,106.0,0.6123235821702556,601861598164739.5,204.0,1.3537586644488186,1187140444157141.8,178.0,1.9556599579023917,1512609166193066.8,132.0,4.586489132255068,3166778202727432.5,162.0,2.7650651734133027,2067443355974100.2,154.0,2.772712369557565,2251073422473104.0,162.0,0.06975559990220917,70335349270646.39,218.0,1.058434458618872,893301749746585.6,188.0,0.27498073805816275,-2.3400570009400093e-16,1.6510854035669986,3.3921381578947383,-0.41524019495572295,-0.2542613636363636,-1.531916662110391,-2.073845454545455,-0.3295947871032195,-0.64457532747113,-0.8305765462824276,-3.8094303030303025,-0.7192005391979657,-1.9886363636363638,-0.6688560540599386,-1.8545454545454552,-0.16494276924450332,-0.011505681818181986,-0.5541280290465374,-0.5865082004294144
2,고위험군,용산구,용산동,HBC[온김],37.54097036,126.98622529,198782.63096102103,449051.4073136479,47.49674669196512,1984,0.5127,14,92.9,1.4832866271072005,0.4307,1.0,1,3,4.158883083359672,,-1.4210854715202004e-14,40.36565800613001,2.6196673278814456e+16,92.0,1.007400391096784e-15,0.6352067017892393,80.0,2.054489822613888,1146312379293754.5,106.0,0.6123235821702564,636527057332608.1,204.0,1.3537586644488202,1084361431268009.0,178.0,1.9556599579023926,1396442590767943.8,132.0,4.5864891322550685,3051327701051920.0,162.0,2.765065173413304,1899667797561226.8,154.0,2.772712369557565,2019370282590443.8,162.0,0.06975559990220936,65173482644701.11,218.0,1.0584344586188732,760899008433668.8,188.0,-0.6327798977608508,-6.37462716482464e-16,0.9372017666061415,1.9254714912280742,-0.561054788555498,-0.3435470779220783,0.6863516887131803,0.9291545454545473,0.4661290746761744,0.9115899665582885,0.8712335110970469,3.9959030303030314,0.7997509995881376,2.211363636363637,-0.6688560540599386,-1.8545454545454552,-0.3889391225395078,-0.027130681818182286,-0.5830977674253623,-0.617170769786737
2,고위험군,중구,광희동,까사데루나,37.56089279,127.00793495,200701.08130167107,451262.4983281472,43.56241270064341,1996,0.3441,21,100.0,0.5959834321062975,0.4095,1.0,1,3,4.158883083359672,,7.105427357601002e-15,40.36565800613,2.7528365059709308e+16,92.0,-1.6048119557097466e-15,-1.0897792356799232,80.0,2.0544898226138875,1243014989604623.2,106.0,0.6123235821702563,607998449266031.0,204.0,1.3537586644488198,1086647507907189.1,178.0,1.9556599579023917,1496887962228370.2,132.0,4.586489132255068,2981446074268321.0,162.0,2.7650651734133027,1891279436063442.8,154.0,2.7727123695575644,2037870473197450.8,162.0,0.0697555999022094,65931177772471.42,218.0,1.058434458618873,787318979308372.4,188.0,0.1453006472268751,-2.3318021584205344e-16,-0.05260728924583702,-0.10808114035087717,-0.0507037109562854,-0.031047077922077945,1.0534776861688293,1.4261545454545472,-0.63066079298061,-1.2333580598511487,0.7479729261416491,3.430569696969696,0.7997509995881376,2.211363636363636,-0.6688560540599386,-1.854545454545455,-0.3889391225395078,-0.027130681818182303,-0.5830977674253623,-0.6171707697867369
2,고위험군,영등포구,영등포동,Q모텔,37.5153198,126.90898815,191953.8803209536,446208.3165215761,46.31032701339621,1968,0.2394,17,76.5,1.3560242968171343,0.4588,0.7,2,1,5.523778230817407,,0.0,40.36565800613,2.4069553915903064e+16,92.0,6.217951296745294e-15,3.07289865270309,80.0,2.0544898226138826,1424783861042461.2,106.0,0.6123235821702561,612282412165436.5,204.0,1.353758664448818,1152275529346437.0,178.0,1.9556599579023894,1782096310963374.8,132.0,4.586489132255068,3434331934221602.5,162.0,2.765065173413306,2478921073734581.0,154.0,2.772712369557565,2642801742790885.0,162.0,0.06975559990220895,62740963539928.95,218.0,1.0584344586188716,802614682399059.9,188.0,-1.670220624411152,-1.0385350497408057e-14,-0.6672751904777596,-1.370910087719297,-0.34233289815583545,-0.2096185064935066,-0.16165765752240427,-0.21884545454545443,0.3088209130658766,0.6039486938457898,1.0346119279483048,4.745236363636363,-0.7192005391979657,-1.988636363636366,1.495090003192804,4.145454545454547,-0.8369318291295168,-0.05838068181818248,0.2800556011083713,0.29642049854232166
2,고위험군,마포구,연남동,사브리나 인 연남,37.56090713,126.91661456,192632.59794749576,451267.3284415072,37.82940240368903,1967,0.5392,11,54.5,0.1232326404239481,0.4606,0.7,1,1,3.49650756146648,,2.842170943040401e-14,40.36565800612999,3.092151216506395e+16,92.0,-3.092441512591174e-15,-1.571103927063333,80.0,2.054489822613885,1602057872644284.2,106.0,0.6123235821702558,639431367742330.9,204.0,1.3537586644488184,1147071400290999.8,178.0,1.9556599579023897,1805887679327577.0,132.0,4.5864891322550685,3346143554734969.5,162.0,2.7650651734133045,2308939709634646.5,154.0,2.772712369557565,2540475784913771.5,162.0,0.06975559990220917,61886606795045.766,218.0,1.0584344586188723,826266150455973.6,188.0,-1.7350606698267959,5.365573642236632e-15,1.092776736831986,2.245098684210527,-0.7797766789551605,-0.4774756493506494,-1.2992311707652613,-1.7588454545454548,-1.2150250567015315,-2.3761758512392657,1.0450774493124424,4.793236363636364,-0.7192005391979657,-1.988636363636365,-0.6688560540599386,-1.8545454545454552,-0.8369318291295168,-0.058380681818182664,-1.0019809790928016,-1.0605311951524972
2,고위험군,종로구,숭인동,루미아호텔,37.57109607,127.02145559,201895.419822056,452395.12962544855,31.764905185992014,2017,0.3287,2,100.0,0.2694761079552084,0.1108,0.25,2,15,7.6004023345004,,1.4210854715202004e-14,40.365658006130005,2.6578562594633436e+16,92.0,-2.8633240721516586e-15,-1.898256207871263,80.0,2.054489822613888,1250223418415741.2,106.0,0.6123235821702565,602517848420526.0,204.0,1.353758664448819,1069236875565988.6,178.0,1.9556599579023917,1486873716099457.2,132.0,4.586489132255069,2918963492502400.0,162.0,2.7650651734133036,1865115939560956.8,154.0,2.7727123695575626,2002132183532209.2,162.0,0.0697555999022094,66443339175509.0,218.0,1.0584344586188723,767060113591693.8,188.0,1.5069416009553953,-4.314862161342342e-15,-0.14301689458462996,-0.2938267543859655,-1.435942350154148,-0.8792613636363646,1.0534776861688293,1.4261545454545466,-1.0342544313922009,-2.0226499777568336,-0.9887222024516169,-4.534763636363637,-2.99762784737712,-8.288636363636364,1.495090003192804,4.145454545454544,2.2990171170005462,0.16036931818182104,1.5933030645570794,1.6864068665502625
2,고위험군,중구,만리동,콩 포레스트,37.55234747,126.96593838,196990.18994326144,450314.5851482083,42.7610393996173,1996,0.2656,70,70.0,0.6931471805599453,0.4095,1.0,1,4,3.871201010907891,,0.0,40.365658006130005,2.427899735742501e+16,92.0,3.909539502468905e-16,0.22878097667266636,80.0,2.054489822613886,1156800959855896.2,106.0,0.6123235821702564,646573706000612.8,204.0,1.353758664448819,1140054661980757.5,178.0,1.9556599579023926,1457919192669957.0,132.0,4.586489132255068,3348368556989110.5,162.0,2.7650651734133045,1987593304847977.5,154.0,2.7727123695575644,2419053286021149.0,162.0,0.06975559990220938,63053460004124.0,218.0,1.058434458618873,796754894250577.5,188.0,0.1453006472268751,5.680586200677672e-17,-0.5134614463299433,-1.0549013157894747,3.5217538322382027,2.1564529220779245,-0.49775892279870293,-0.673845454545455,-0.5105572980220405,-0.9984764639565431,0.7479729261416491,3.430569696969696,0.7997509995881376,2.2113636363636373,-0.6688560540599386,-1.854545454545455,-0.16494276924450332,-0.01150568181818202,-0.7650265773900192,-0.8097304912688543
2,고위험군,마포구,연남동,소울타운,37.55774055,126.92073794,192996.6170137488,450915.5602590448,46.966712642698816,2007,0.4275,21,95.2,0.5002783934923276,0.5226,1.0,1,4,4.060443010546419,,1.4210854715202004e-14,40.36565800612999,3.0914666535318424e+16,92.0,-3.1496661124698553e-15,-1.6112561130063192,80.0,2.054489822613885,1603031593939683.5,106.0,0.6123235821702563,640111258381628.9,204.0,1.3537586644488189,1142529591565893.2,178.0,1.9556599579023897,1810059468387171.2,132.0,4.586489132255069,3359140115032186.0,162.0,2.765065173413304,2314517763952804.5,154.0,2.7727123695575657,2553325343489090.0,162.0,0.0697555999022092,62088225377043.586,218.0,1.0584344586188725,825296673946982.8,188.0,0.8585411467989572,-2.704117956233683e-15,0.4370135604460667,0.8978399122807018,-0.0507037109562854,-0.031047077922077945,0.8052798287340243,1.0901545454545463,-0.7489611859318566,-1.4647134013500185,1.4055565185216237,6.446569696969698,0.7997509995881376,2.211363636363637,-0.6688560540599386,-1.8545454545454558,-0.16494276924450332,-0.011505681818181991,-0.6453508134602386,-0.6830615388640366
2,고위험군,강남구,대치동,프린스,37.50147321,127.05231251,204625.6662178209,444668.91626843537,42.1233813045282,1984,0.4552,14,85.7,1.0681221219103223,0.158,0.7,2,7,7.501347282472491,,0.0,40.36565800613,2.7191525462088904e+16,92.0,-1.0490418872876052e-15,-0.5066001117944212,80.0,2.0544898226138866,1351445084059799.2,106.0,0.6123235821702557,605319215311907.1,204.0,1.353758664448819,1197954554676800.5,178.0,1.9556599579023917,1529342575569967.5,132.0,4.586489132255068,3181081019719500.0,162.0,2.7650651734133027,2087829870127324.8,154.0,2.7727123695575653,2268288764346610.0,162.0,0.06975559990220921,70410235726498.72,218.0,1.0584344586188725,894697239682281.9,188.0,-0.6327798977608508,6.638126181847008e-16,0.5996334349840252,1.2319407894736853,-0.561054788555498,-0.3435470779220779,0.3140549025609724,0.425154545454546,-0.04705314452029198,-0.09201995063172937,-0.7142929755697884,-3.2760969696969693,-0.7192005391979657,-1.9886363636363638,1.495090003192804,4.145454545454547,0.5070462906405102,0.03536931818181872,1.5306611085156747,1.6201044617207514
2,고위험군,마포구,연남동,미로 게스트하우스,37.55897993,126.92478028,193353.89746778453,451052.8232599919,50.26939292531426,1995,0.5767,20,100.0,2.07409942911919,0.4113,1.0,1,3,4.6443908991413725,,0.0,40.36565800613001,3.0875792884132724e+16,92.0,-3.1956862623847888e-15,-1.6248984472356833,80.0,2.054489822613885,1614793830254540.2,106.0,0.6123235821702561,641740336948511.1,204.0,1.3537586644488186,1141779087424721.2,178.0,1.9556599579023901,1844344574066610.2,132.0,4.5864891322550685,3365197822935103.5,162.0,2.7650651734133036,2247859335838307.2,154.0,2.7727123695575653,2545265766405224.0,162.0,0.06975559990220921,62133139197851.83,218.0,1.0584344586188725,826035026297172.0,188.0,0.08046060181123128,-2.5712683987136447e-16,1.3129299965855399,2.6974013157894743,-0.1236110077561729,-0.0756899350649351,1.0534776861688293,1.4261545454545461,1.1964290426910584,2.339808371262392,0.7584384475057868,3.4785696969696973,0.7997509995881376,2.2113636363636364,-0.6688560540599386,-1.8545454545454554,-0.3889391225395078,-0.027130681818182227,-0.27606487378368666,-0.29219657522692377
2,고위험군,종로구,충신동,에피소드 스테이,37.57233013,127.0074883,200661.5170213161,452531.90592239634,41.920494861874175,1978,0.3287,31,58.1,0.8461165253413725,0.4412,1.0,1,2,3.555348061489413,,7.105427357601002e-15,40.36565800613001,2.7208023686840252e+16,92.0,-1.980272857387082e-15,-1.3305624496276613,80.0,2.054489822613888,1223061945331939.2,106.0,0.6123235821702567,608679821422054.4,204.0,1.3537586644488198,1081048172529300.6,178.0,1.9556599579023914,1451776858318912.5,132.0,4.586489132255068,2977771074026859.5,162.0,2.7650651734133036,1846212703667754.5,154.0,2.7727123695575635,2027044591975089.8,162.0,0.06975559990220945,64466872359719.22,218.0,1.0584344586188723,782087371691457.4,188.0,-1.0218201702547136,2.0234827482860563e-15,-0.14301689458462996,-0.2938267543859655,0.6783692570425897,0.41538149350649417,-1.1130827776891572,-1.506845454545456,-0.3214728583810948,-0.6286915966883333,0.9322823857211823,4.27590303030303,0.7997509995881376,2.2113636363636364,-0.6688560540599386,-1.8545454545454543,-0.6129354758345124,-0.04275568181818261,-0.9647705194500935,-1.0211463624456079
2,고위험군,영등포구,영등포동,뉴욕호텔,37.51586735,126.90737724,191811.52377454145,446269.22663776367,25.87618589267669,2015,0.1761,1,100.0,0.0708260525686124,0.1136,0.04,2,11,6.71079103945123,,0.0,40.365658006130005,2.392572512957716e+16,92.0,6.13204852089417e-15,3.035996366535176,80.0,2.0544898226138826,1448317855494599.0,106.0,0.6123235821702558,612056732784933.9,204.0,1.353758664448818,1151629182328408.2,178.0,1.9556599579023897,1784821777050132.2,132.0,4.586489132255069,3431851747508486.5,162.0,2.765065173413306,2479981240487255.0,154.0,2.772712369557565,2640837172626623.0,162.0,0.06975559990220893,62645292056830.51,218.0,1.0584344586188719,801752097011242.0,188.0,1.3772615101241077,8.445434406041005e-15,-1.0388938929417586,-2.1343969298245598,-1.5088496469540356,-0.923904220779221,1.0534776861688293,1.4261545454545455,-1.2798045085078995,-2.502862431231847,-0.9724425025518475,-4.460096969696971,-4.060893924527392,-11.228636363636372,1.495090003192804,4.145454545454547,1.4030317038205282,0.09786931818181928,1.0307170025891759,1.0909463926247407
2,고위험군,성동구,응봉동,캄스테이 응봉,37.54950772,127.02919473,202579.8516190559,449999.2622846114,47.993156683146445,1994,0.2924,2,100.0,0.6857305829048956,0.413,1.0,2,4,3.5263605246161616,,7.105427357601002e-15,40.36565800613001,2.5775660425977864e+16,92.0,-3.244474954497899e-15,-2.1154259102847637,80.0,2.054489822613887,1309904637525451.8,106.0,0.6123235821702563,605528294502589.9,204.0,1.353758664448819,1133501037577588.5,178.0,1.9556599579023917,1566802509345896.0,132.0,4.5864891322550685,3019892349230770.5,162.0,2.7650651734133023,2056775172803524.0,154.0,2.772712369557562,2151192647404567.0,162.0,0.0697555999022093,68791539045952.67,218.0,1.0584344586188723,831306263771200.5,188.0,0.015620556395587458,-5.068050400080548e-17,-0.35612525002607015,-0.731655701754387,-1.435942350154148,-0.8792613636363643,1.0534776861688293,1.4261545454545466,-0.5197249074777207,-1.0164051906787037,0.768322551016361,3.5239030303030305,0.7997509995881376,2.2113636363636355,1.495090003192804,4.145454545454543,-0.16494276924450332,-0.011505681818182007,-0.9831021034873337,-1.0405491426716906
2,고위험군,서초구,반포동,알레드반포,37.50435327,127.01905476,201684.8278019636,444987.4507691211,34.54111962939559,1995,0.3966,16,100.0,1.4663370687934272,0.1422,0.55,1,5,6.939902960192455,,-1.4210854715202004e-14,40.365658006130005,2.36498216804145e+16,92.0,1.1999789647831874e-16,0.056147485652787765,80.0,2.0544898226138875,1191105904193008.5,106.0,0.6123235821702562,608862357843104.5,204.0,1.353758664448819,1170028781138947.8,178.0,1.9556599579023912,1493132762267462.5,132.0,4.586489132255069,3192091558837335.0,162.0,2.7650651734133023,2073982200549060.8,154.0,2.7727123695575644,2193272465755443.8,162.0,0.06975559990220918,70678474558609.25,218.0,1.0584344586188723,874595190635065.0,188.0,0.08046060181123128,9.655102966727357e-18,0.2556072744091384,0.52514254385965,-0.41524019495572295,-0.2542613636363638,1.0534776861688293,1.4261545454545466,0.44517783284075485,0.8706164618324284,-0.8061569964327735,-3.697430303030304,-1.4786763085910166,-4.088636363636361,-0.6688560540599386,-1.854545454545455,0.05905358405050119,0.004119318181818243,1.175606319931515,1.244302238785638
2,고위험군,종로구,충신동,램파트 게스트하우스,37.57211599,127.00729158,200644.14060505893,452508.1375001523,42.49650280375861,1994,0.3257,40,65.0,1.1311354803736695,0.413,1.0,1,3,3.218875824868201,,-7.105427357601002e-15,40.36565800613001,2.7215229232839908e+16,92.0,-1.9538519080383696e-15,-1.3142141159103775,80.0,2.0544898226138875,1223060455717205.0,106.0,0.6123235821702567,609005815691708.8,204.0,1.353758664448819,1082158814499983.9,178.0,1.9556599579023917,1452020809378493.0,132.0,4.586489132255069,2978329662052186.5,162.0,2.765065173413303,1846661125016229.8,154.0,2.772712369557563,2027122108259568.2,162.0,0.06975559990220945,64461621242370.03,218.0,1.0584344586188728,781917016132053.9,188.0,0.015620556395587458,-3.052025391813951e-17,-0.1606291553649143,-0.3300109649122813,1.3345349282415773,0.8171672077922091,-0.756298357626625,-1.0238454545454552,0.030837269352897965,0.06030721288451315,0.768322551016361,3.523903030303031,0.7997509995881376,2.211363636363636,-0.6688560540599386,-1.854545454545454,-0.3889391225395078,-0.027130681818182317,-1.1775540032207192,-1.2463637338934084
2,고위험군,영등포구,당산동,성심행,37.52664465,126.89686776,190883.7259981201,447466.3386148096,48.148113758431975,1989,0.4582,22,100.0,2.94996385509841,0.5574,0.12,2,4,3.912023005428146,,-7.105427357601002e-15,40.36565800613001,2.4535545665180452e+16,92.0,4.507351138397019e-15,2.2918077614847343,80.0,2.0544898226138835,1619096028350266.0,106.0,0.612323582170256,615844979520680.1,204.0,1.3537586644488182,1144713135780648.0,178.0,1.95565995790239,1806265608884095.0,132.0,4.58648913225507,3416208983698641.5,162.0,2.765065173413304,2496437849402772.5,154.0,2.7727123695575653,2631687656047861.5,162.0,0.06975559990220893,62008520480621.71,218.0,1.0584344586188723,802595013533732.2,188.0,-0.30857967068263165,-1.390876929937537e-15,0.6172456957643095,1.2681249999999995,0.022203585843602113,0.01359577922077923,1.0534776861688293,1.4261545454545457,2.2790795203037946,4.457104558733517,1.6078899315616162,7.374569696969702,-3.6558401808510976,-10.108636363636364,1.495090003192804,4.145454545454547,-0.16494276924450332,-0.011505681818181946,-0.7392109371585672,-0.7824063280765774
2,고위험군,마포구,망원동,린덴스튜디오,37.5516092,126.90528071,191630.1716392781,450236.3173180795,38.05483494795172,2021,0.412,28,92.9,1.3862943611198906,0.105,1.0,1,6,4.189654742026425,,0.0,40.36565800613001,3.100495433257982e+16,92.0,-2.7074711605643278e-15,-1.3604997251062736,80.0,2.0544898226138844,1614800192433530.2,106.0,0.6123235821702562,632363803751825.4,204.0,1.3537586644488182,1148033595752314.2,178.0,1.9556599579023901,1785548099945872.2,132.0,4.586489132255069,3380207240233507.0,162.0,2.765065173413304,2459067833406483.5,154.0,2.772712369557565,2595846930762887.5,162.0,0.06975559990220909,61857567926645.8,218.0,1.0584344586188723,819360886572756.1,188.0,1.7663017826179708,-4.7822111372915185e-15,0.34601687974793105,0.7108881578947366,0.45964736664292716,0.2814529220779223,0.6863516887131803,0.929154545454546,0.3462375481097171,0.6771229087604761,-1.0224444379582824,-4.689430303030305,0.7997509995881376,2.211363636363637,-0.6688560540599386,-1.8545454545454552,0.2830499373455057,0.019744318181818446,-0.5636379130306493,-0.5965737893356663
2,고위험군,중구,남산동,동동 스테이,37.55539114,126.98444758,198625.78685690265,450651.9645588544,47.02434071168977,1983,0.1506,2,100.0,1.6163703492097452,0.4324,0.85,2,4,3.6375861597263857,,7.105427357601002e-15,40.36565800613,2.742686515789241e+16,92.0,7.910718297691712e-16,0.5219035993822077,80.0,2.054489822613887,1169119527534510.5,106.0,0.6123235821702565,638323788597655.4,204.0,1.3537586644488198,1126397507359738.2,178.0,1.9556599579023923,1420562326258590.0,132.0,4.5864891322550685,3129259207244420.0,162.0,2.765065173413304,1984003429857065.5,154.0,2.772712369557563,2125299895097528.5,162.0,0.06975559990220946,62812619563348.4,218.0,1.0584344586188732,766824020177314.9,188.0,-0.6976199431764946,-5.518674849320948e-16,-1.1885981095741753,-2.4419627192982487,-1.435942350154148,-0.8792613636363646,1.0534776861688293,1.4261545454545472,0.6306330218889123,1.2333037490391288,0.8811176146076212,4.041236363636364,0.04027523019508597,0.11136363636363612,1.495090003192804,4.145454545454545,-0.16494276924450332,-0.011505681818182035,-0.9127635270834883,-0.9661003696356651
2,고위험군,송파구,잠실동,잠실 스테이,37.50550057,127.0801108,207083.3140095185,445117.6306605564,38.52914578590854,1996,0.5624,35,100.0,0.2405904649179304,0.1408,1.0,1,5,3.713572066704308,,-7.105427357601002e-15,40.36565800613001,2.7797284159996028e+16,92.0,-7.020655922306063e-16,-0.33882577165166844,80.0,2.054489822613885,1392302293931660.8,106.0,0.6123235821702556,600580226535348.8,204.0,1.353758664448819,1186976500309671.0,178.0,1.955659957902391,1526182340975240.5,132.0,4.586489132255067,3156928443766840.0,162.0,2.7650651734133027,2090695759322641.2,154.0,2.7727123695575657,2255072557529536.0,162.0,0.06975559990220925,70103676615317.336,218.0,1.0584344586188723,896356229678690.2,188.0,0.1453006472268751,-1.0201058494682647e-16,1.228978220199518,2.5249232456140356,0.9699984442421398,0.5939529220779219,1.0534776861688293,1.4261545454545466,-1.069959792065454,-2.092477521907977,-0.8142968463826581,-3.7347636363636347,0.7997509995881376,2.211363636363636,-0.6688560540599386,-1.8545454545454558,0.05905358405050119,0.0041193181818182465,-0.8647103915065552,-0.9152392750963538
2,고위험군,송파구,송파동,더 잠실 까사,37.50467923,127.11128507,209839.8192691524,445029.2754477139,45.39407286550334,1996,0.5538,30,100.0,0.7022796641232177,0.1408,1.0,2,4,3.8501476017100575,,7.105427357601002e-15,40.365658006130005,2.7270858082329176e+16,92.0,-2.0176855972689319e-16,-0.09175252225219564,80.0,2.054489822613885,1388807403661510.8,106.0,0.6123235821702553,592744980501208.1,204.0,1.3537586644488189,1162647146757272.2,178.0,1.9556599579023917,1495098948999989.5,132.0,4.5864891322550685,3122005531021619.0,162.0,2.765065173413303,2067820844440077.8,154.0,2.7727123695575653,2214466710298720.8,162.0,0.06975559990220923,69803650477049.31,218.0,1.0584344586188719,892478213545393.5,188.0,0.1453006472268751,-2.931710231835199e-17,1.178489739296036,2.4211951754385965,0.6054619602427022,0.3707386363636361,1.0534776861688293,1.4261545454545463,-0.49926869284720043,-0.9763997908355381,-0.8142968463826581,-3.7347636363636365,0.7997509995881376,2.211363636363636,1.495090003192804,4.145454545454547,-0.16494276924450332,-0.011505681818181995,-0.7783406558392518,-0.8238225706842762
2,고위험군,송파구,방이동,하오,37.51294112,127.10917694,209652.3545934963,445946.021607909,42.80135252180193,2001,0.6704,19,100.0,0.9706675027522268,0.1337,1.0,1,1,6.956754945014045,,-7.105427357601002e-15,40.36565800613001,2.743201094719216e+16,92.0,-2.9854399179715884e-16,-0.13589946904309844,80.0,2.054489822613885,1398283685676498.5,106.0,0.6123235821702556,595021120903993.2,204.0,1.3537586644488182,1177846609141994.8,178.0,1.9556599579023912,1514261123886563.0,132.0,4.5864891322550685,3130866466638511.0,162.0,2.7650651734133036,2088505506350757.0,154.0,2.772712369557565,2232964496062077.8,162.0,0.06975559990220927,69843498625542.8,218.0,1.058434458618872,896519509428603.5,188.0,0.46950087430509424,-1.4016666516729896e-16,1.8630196082897532,3.827554824561404,-0.19651830455606042,-0.12033279220779218,1.0534776861688293,1.4261545454545457,-0.16751618291703876,-0.3276046912315053,-0.8555775139856451,-3.92409696969697,0.7997509995881376,2.2113636363636364,-0.6688560540599386,-1.8545454545454552,-0.8369318291295168,-0.05838068181818275,1.186263437067822,1.2555820987922426
2,고위험군,송파구,석촌동,더 머뭄,37.50267641,127.09751109,208622.15476702136,444805.63711143925,29.02748765220112,1995,0.2685,7,85.7,1.203972804325936,0.1422,0.55,1,4,4.07753744390572,,7.105427357601002e-15,40.36565800612999,2.7544823230948464e+16,92.0,-4.105823377134243e-16,-0.19277857885780572,80.0,2.0544898226138852,1389125712286627.8,106.0,0.6123235821702557,595578242791515.8,204.0,1.3537586644488186,1169588647477611.5,178.0,1.9556599579023919,1503093871061278.5,132.0,4.5864891322550685,3132938990717405.0,162.0,2.765065173413303,2070615342757236.2,154.0,2.7727123695575644,2225500693550199.2,162.0,0.06975559990220925,69922096347747.85,218.0,1.058434458618872,893327472195386.5,188.0,0.08046060181123128,-3.303570198548432e-17,-0.4964362609090017,-1.0199232456140355,-1.0714058661547106,-0.656047077922078,0.3140549025609724,0.4251545454545459,0.12087102483599332,0.23638262334237767,-0.8061569964327735,-3.6974303030303037,-1.4786763085910166,-4.088636363636362,-0.6688560540599386,-1.854545454545455,-0.16494276924450332,-0.011505681818182,-0.6345403729917977,-0.6716193961593905
2,고위험군,마포구,성산동,제이와이스테이 2,37.56307978,126.91458467,192453.46901594143,451508.628086405,35.975700741206026,1996,0.5991,19,84.2,1.5119205742373,0.1408,0.7,1,4,3.6635616461296463,,-7.105427357601002e-15,40.36565800613002,3.093842711406138e+16,92.0,-3.074921615397193e-15,-1.5566795954945043,80.0,2.054489822613885,1602096894070690.5,106.0,0.6123235821702558,639237486524592.9,204.0,1.3537586644488184,1145734895396471.8,178.0,1.9556599579023897,1803671711404321.8,132.0,4.586489132255068,3347211748756529.5,162.0,2.765065173413303,2298859360587577.0,154.0,2.772712369557566,2538101347881665.5,162.0,0.0697555999022092,61774040392713.984,218.0,1.0584344586188725,826947041357704.2,188.0,0.1453006472268751,-4.467881008891204e-16,1.4444348770783293,2.967576754385965,-0.19651830455606042,-0.12033279220779222,0.23649307211259582,0.3201545454545458,0.5015233156303968,0.9808090663328086,-0.8142968463826581,-3.7347636363636356,-0.7192005391979657,-1.988636363636364,-0.6688560540599386,-1.854545454545456,-0.16494276924450332,-0.011505681818181991,-0.8963367498104956,-0.9487137025258717
2,고위험군,마포구,연남동,Kassy's House,37.56079124,126.92531616,193401.40534866988,451253.8195210252,45.18121990591053,2017,0.65,35,100.0,0.2406935630158618,0.1108,1.0,2,5,4.30406509320417,,0.0,40.365658006130005,3.0697225364770824e+16,92.0,-3.203126053486881e-15,-1.6193795405212057,80.0,2.0544898226138844,1614412569543393.5,106.0,0.6123235821702563,642256129535962.1,204.0,1.3537586644488182,1138825532981277.2,178.0,1.9556599579023901,1851862718331118.8,132.0,4.5864891322550685,3358121917007854.5,162.0,2.765065173413303,2212485129197250.5,154.0,2.7727123695575644,2531303672411631.0,162.0,0.06975559990220921,62073067166817.16,218.0,1.0584344586188723,826714704153933.4,188.0,1.5069416009553953,-4.826923903103458e-15,1.74325623498382,3.5815021929824566,0.9699984442421398,0.5939529220779226,1.0534776861688293,1.4261545454545457,-1.0698323531586376,-2.092228294740836,-0.9887222024516169,-4.534763636363636,0.7997509995881376,2.211363636363636,1.495090003192804,4.145454545454546,0.05905358405050119,0.004119318181818245,-0.4912853369385315,-0.5199933296299248
2,고위험군,영등포구,양평동,호미그라운드 선유도점,37.53466489,126.89746322,190937.33156156345,448356.4287448492,32.33403903560932,1993,0.0959,15,53.3,1.0506989329722125,0.1451,0.7,2,5,3.295836866004329,,-7.105427357601002e-15,40.365658006130005,2.710444309429624e+16,92.0,1.487725203465072e-15,0.7308518224757153,80.0,2.0544898226138835,1652682495087882.5,106.0,0.6123235821702558,621123655973847.9,204.0,1.3537586644488182,1148175187968027.0,178.0,1.9556599579023897,1806713019539851.8,132.0,4.5864891322550685,3404403160245167.5,162.0,2.765065173413304,2499754850567736.5,154.0,2.772712369557566,2624528897565723.0,162.0,0.06975559990220899,61925272252205.734,218.0,1.0584344586188719,812765226686456.8,188.0,-0.049219489020056365,-7.322507431681024e-17,-1.5097283311346927,-3.1017214912280693,-0.48814749175561045,-0.2989042207792208,-1.3612806351239626,-1.8428454545454547,-0.06858983817501182,-0.13413840003787533,-0.7892958786794407,-3.62009696969697,-0.7192005391979657,-1.9886363636363646,1.495090003192804,4.145454545454549,0.05905358405050119,0.004119318181818232,-1.1288841973193326,-1.1948499342330876
2,고위험군,마포구,동교동,패밀리하우스텔＃,37.55684199,126.92260187,193161.2267754065,450815.6935091444,35.742623929024,1997,0.4336,16,93.8,1.6592857181616678,0.1394,0.7,1,4,5.017279836814924,,-1.4210854715202004e-14,40.36565800613002,3.090381047764484e+16,92.0,-3.1705223243858356e-15,-1.6232429245702267,80.0,2.054489822613885,1604041228305127.5,106.0,0.612323582170256,640544524306630.8,204.0,1.3537586644488182,1141240154833749.0,178.0,1.9556599579023897,1808287206658044.5,132.0,4.5864891322550685,3369266912571288.5,162.0,2.765065173413304,2309911067487796.5,154.0,2.7727123695575653,2560941461213156.5,162.0,0.06975559990220917,62165180826234.74,218.0,1.058434458618872,825035645755621.6,188.0,0.21014069264251892,-6.662557572850086e-16,0.47282515736597813,0.9714144736842106,-0.41524019495572295,-0.2542613636363637,0.7328887869822058,0.9921545454545454,0.6836804380352877,1.337046456666778,-0.8224366963325429,-3.77209696969697,-0.7192005391979657,-1.9886363636363646,-0.6688560540599386,-1.8545454545454554,-0.16494276924450332,-0.011505681818181986,-0.04025163696370712,-0.042603719578204725
2,고위험군,중구,을지로7가,박포루,37.56219798,127.00943195,200833.33208562,451407.3712323977,44.08396653203452,1961,0.2539,35,77.1,0.8838873078194958,0.4712,1.0,1,1,4.573369873438294,,-1.4210854715202004e-14,40.36565800613002,2.7315833459444852e+16,92.0,-1.8155585877515663e-15,-1.2304347535083473,80.0,2.0544898226138884,1244886069873384.2,106.0,0.6123235821702566,606529837246404.9,204.0,1.353758664448819,1085495662918373.8,178.0,1.9556599579023919,1493538200969593.0,132.0,4.5864891322550685,2964291495735801.5,162.0,2.7650651734133036,1886513216649858.0,154.0,2.772712369557563,2022495063827503.5,162.0,0.0697555999022094,65977908642808.19,218.0,1.0584344586188728,786944015867607.6,188.0,-2.1241009423206587,3.8564297070814666e-15,-0.5821492633730521,-1.1960197368421075,0.9699984442421398,0.5939529220779229,-0.13063292534305393,-0.17684545454545497,-0.2747846330384239,-0.5373853038801483,1.1067077417901412,5.0759030303030315,0.7997509995881376,2.2113636363636364,-0.6688560540599386,-1.854545454545454,-0.8369318291295168,-0.05838068181818286,-0.3209782414416456,-0.339734431208726
2,고위험군,중구,남대문로5가,호텔마누,37.55439108,126.97410212,197711.6305460264,450541.1713719793,39.12755159586603,1985,0.3044,15,33.3,4.29898464197175,0.1565,0.7,1,13,8.371473537066832,,0.0,40.36565800613,2.575413245165146e+16,92.0,1.005128283402353e-15,0.6222393178515877,80.0,2.0544898226138866,1132580763051866.5,106.0,0.6123235821702563,646013348058139.8,204.0,1.3537586644488198,1127048947716143.8,178.0,1.9556599579023926,1347200954601597.2,132.0,4.5864891322550685,3301628705330976.5,162.0,2.7650651734133045,2022308738049047.8,154.0,2.7727123695575635,2338285214472729.5,162.0,0.06975559990220939,62723305549481.21,218.0,1.0584344586188732,783217515342309.4,188.0,-0.5679398523452069,-5.708524088635237e-16,-0.28567620690493284,-0.5869188596491234,-0.48814749175561045,-0.298904220779221,-2.395438374435651,-3.2428454545454586,3.946595583175129,7.718198952050041,-0.7230142433732364,-3.3160969696969698,-0.7192005391979657,-1.988636363636365,-0.6688560540599386,-1.8545454545454543,1.8510244104105373,0.12911931818182049,2.080924921162136,2.2025226423567665
2,고위험군,마포구,성산동,인 게스트하우스,37.55805348,126.90591246,191686.71185736443,450951.49970781663,43.61020424625623,1989,0.5509,21,81.0,1.6412112167451631,0.4218,0.7,1,4,4.477336814478207,,-7.105427357601002e-15,40.36565800613001,3.094652607147558e+16,92.0,-2.9028195918026633e-15,-1.4697954040748153,80.0,2.054489822613884,1600272512987708.2,106.0,0.6123235821702557,634794942136957.8,204.0,1.3537586644488184,1146659940985397.0,178.0,1.9556599579023894,1798271870572368.8,132.0,4.5864891322550685,3362371814035080.0,162.0,2.7650651734133036,2415302932643935.0,154.0,2.7727123695575653,2570889114095519.5,162.0,0.06975559990220914,61716603435101.22,218.0,1.0584344586188723,822247641322280.8,188.0,-0.30857967068263165,8.95751113689557e-16,1.1614645538750945,2.3862171052631567,-0.0507037109562854,-0.031047077922077917,0.07102783382272555,0.09615454545454556,0.6613386611452018,1.2933535382144479,0.8194873221299225,3.758569696969698,-0.7192005391979657,-1.9886363636363644,-0.6688560540599386,-1.8545454545454554,-0.16494276924450332,-0.01150568181818198,-0.38170910306599204,-0.4040140678535486
2,고위험군,강남구,삼성동,버브,37.50770744,127.04581033,204050.38249133973,445360.5358653673,32.60161600542158,2006,0.5538,9,100.0,0.4146817632130883,0.1265,0.18,2,7,4.8283137373023015,,-7.105427357601002e-15,40.365658006130005,2.6302409502816268e+16,92.0,-1.360516941368306e-15,-0.647374223406235,80.0,2.0544898226138866,1323028710253219.0,106.0,0.6123235821702558,609705756399463.4,204.0,1.3537586644488186,1215133857013259.8,178.0,1.9556599579023914,1557369082179804.2,132.0,4.586489132255067,3196225774038310.5,162.0,2.765065173413303,2119857136536401.0,154.0,2.772712369557565,2290771364660333.0,162.0,0.06975559990220927,70450713450250.22,218.0,1.058434458618872,895852178707533.9,188.0,0.7937011013833133,-1.0798437948146813e-15,1.178489739296036,2.4211951754385987,-0.9255912725549355,-0.5667613636363636,1.0534776861688293,1.4261545454545461,-0.8547666392704282,-1.671632889771974,-0.8974395994421952,-4.116096969696969,-3.3520498730938777,-9.268636363636364,1.495090003192804,4.145454545454547,0.5070462906405102,0.035369318181818744,-0.15975292293194068,-0.16908799849625103
2,고위험군,송파구,석촌동,하우슬로우,37.49913876,127.10275434,209086.20378187293,444413.49687118473,36.9311732669025,1991,0.2656,23,56.5,0.7339691750802004,0.4183,0.7,1,3,5.508051410952312,,1.4210854715202004e-14,40.36565800613,2.740475970341782e+16,92.0,-2.786486671157259e-16,-0.1289226000506393,80.0,2.054489822613885,1384566346463384.5,106.0,0.6123235821702554,593517581626505.6,204.0,1.3537586644488184,1161542947422571.0,178.0,1.955659957902391,1491046143525164.2,132.0,4.5864891322550685,3117794124166942.0,162.0,2.7650651734133023,2058291752963446.0,154.0,2.7727123695575653,2207519234810318.5,162.0,0.06975559990220923,69855467223114.68,218.0,1.0584344586188723,891309124262458.4,188.0,-0.17889957985134403,4.985012947314038e-17,-0.5134614463299433,-1.054901315789474,0.09511088264348962,0.05823863636363633,-1.1958153968340923,-1.6188454545454547,-0.4600974887712567,-0.8997942355213917,0.7991376972552106,3.6652363636363643,-0.7192005391979657,-1.9886363636363635,-0.6688560540599386,-1.8545454545454554,-0.3889391225395078,-0.02713068181818223,0.2701100330783551,0.2858937666288145
2,고위험군,마포구,성산동,Wish Stay,37.56294553,126.90537796,191640.0316715436,451494.50701713294,48.423172383000015,1994,0.3935,19,73.7,0.6068513671071093,0.413,1.0,2,4,4.248495242049359,,7.105427357601002e-15,40.36565800613,3.086742268424078e+16,92.0,-2.968566815475849e-15,-1.5026668300046122,80.0,2.054489822613885,1594695937648475.5,106.0,0.6123235821702562,636012622769157.5,204.0,1.3537586644488182,1150639008694177.0,178.0,1.95565995790239,1784028500477869.5,132.0,4.586489132255069,3348897814403558.0,162.0,2.7650651734133045,2374970802418229.0,154.0,2.7727123695575653,2550721668301139.5,162.0,0.06975559990220911,61580548770032.56,218.0,1.0584344586188723,824873506863578.0,188.0,0.015620556395587458,-4.6370665355209964e-17,0.23740793826951134,0.4877521929824565,-0.19651830455606042,-0.12033279220779229,-0.3064397410260405,-0.4148454545454543,-0.6172270072595625,-1.207086143033454,0.768322551016361,3.523903030303031,0.7997509995881376,2.2113636363636373,1.495090003192804,4.145454545454547,-0.16494276924450332,-0.011505681818181977,-0.5264274533879406,-0.5571889566287765
2,고위험군,마포구,연남동,Cozy Studio 202,37.55650637,126.91828814,192780.0401430652,450778.7662639188,34.810876103877526,2014,0.3257,26,100.0,0.3481138116366987,0.115,1.0,1,5,3.6635616461296463,,0.0,40.365658006130005,3.0883961237322976e+16,92.0,-3.115552324966585e-15,-1.5963289082839334,80.0,2.054489822613884,1594859336201772.5,106.0,0.612323582170256,638929422560752.6,204.0,1.3537586644488189,1142112078156153.5,178.0,1.9556599579023903,1804997076241251.5,132.0,4.586489132255068,3363102106921397.5,162.0,2.765065173413304,2352835290734227.0,154.0,2.7727123695575653,2564100356974600.0,162.0,0.06975559990220917,62071589963011.375,218.0,1.0584344586188725,824358036613111.5,188.0,1.312421464708464,-4.088917745708506e-15,-0.1606291553649143,-0.33001096491228077,0.31383277304315216,0.19216720779220786,1.0534776861688293,1.4261545454545463,-0.9370508632098871,-1.8325528516974463,-0.9643026526019628,-4.422763636363636,0.7997509995881376,2.211363636363637,-0.6688560540599386,-1.8545454545454554,0.05905358405050119,0.004119318181818242,-0.8963367498104956,-0.9487137025258717
2,고위험군,중구,을지로6가,하이 동대문 호스텔,37.5646535,127.00666628,200588.96014964744,451679.88412889687,45.374679437119205,1961,0.2423,25,60.0,1.8674258023017924,0.4712,1.0,1,6,5.497168225293202,,0.0,40.36565800613,2.7420619310616324e+16,92.0,-1.647474806893175e-15,-1.1138291908025717,80.0,2.054489822613888,1231939217816112.0,106.0,0.6123235821702564,609830095627948.9,204.0,1.3537586644488193,1089004817697185.6,178.0,1.955659957902392,1480509013994147.5,132.0,4.586489132255067,2994697374991193.5,162.0,2.765065173413303,1865058951786026.2,154.0,2.7727123695575635,2047162460986400.5,162.0,0.06975559990220942,65292069310119.98,218.0,1.0584344586188725,783491606251598.9,188.0,-2.1241009423206587,3.499402789771338e-15,-0.6502500050568182,-1.335932017543862,0.24092547624326463,0.1475243506493508,-1.014837792454547,-1.3738454545454557,0.9409610796742338,1.8401999054635014,1.1067077417901412,5.075903030303029,0.7997509995881376,2.211363636363636,-0.6688560540599386,-1.8545454545454543,0.2830499373455057,0.01974431818181854,0.26322755688262983,0.27860911666263477
2,고위험군,종로구,창신동,서경,37.57040647,127.01114721,200984.7707524199,452318.4340637548,51.04216605880598,1941,0.1787,27,51.9,0.2662679779479644,0.9367,1.0,1,1,3.1780538303479458,,0.0,40.365658006130005,2.7016574084050056e+16,92.0,-2.2082524652245933e-15,-1.483834289425888,80.0,2.0544898226138875,1231642773866177.2,106.0,0.6123235821702564,604650397798733.9,204.0,1.3537586644488198,1074150335521697.2,178.0,1.9556599579023912,1470432140338722.0,132.0,4.5864891322550685,2980286178807926.0,162.0,2.765065173413304,1841127255544977.5,154.0,2.772712369557564,2042960837581581.2,162.0,0.06975559990220946,65254766804226.195,218.0,1.0584344586188728,782599384535292.1,188.0,-3.4209018506335354,7.554214944952877e-15,-1.0236299335988457,-2.103037280701758,0.38674006984303966,0.23681006493506518,-1.4336716768757807,-1.9408454545454568,-1.0382199806045727,-2.03040524356256,3.813207850126818,17.489236363636365,0.7997509995881376,2.211363636363637,-0.6688560540599386,-1.8545454545454545,-0.8369318291295168,-0.05838068181818291,-1.2033696434521715,-1.273687897085685
2,고위험군,마포구,연남동,아르테,37.55988072,126.92044664,192971.07956576947,451153.1155603158,46.29366148638124,1992,0.5245,26,92.3,0.5392696874575112,0.4165,1.0,1,3,5.38632824387075,,7.105427357601002e-15,40.36565800613,3.081750639705123e+16,92.0,-3.141915740350638e-15,-1.5996711810725026,80.0,2.0544898226138844,1606018758752702.0,106.0,0.612323582170256,640502556368308.5,204.0,1.3537586644488186,1144898301041931.8,178.0,1.9556599579023894,1813726332688073.2,132.0,4.5864891322550685,3353151860288005.5,162.0,2.765065173413303,2289329252449119.5,154.0,2.772712369557565,2542244683408686.0,162.0,0.06975559990220918,62005436872843.28,218.0,1.058434458618872,826243373834451.6,188.0,-0.11405953443570019,3.5836544658059206e-16,1.0064766590085927,2.0677960526315786,0.31383277304315216,0.19216720779220786,0.6553269565338292,0.8871545454545456,-0.7007642940590655,-1.3704566698190497,0.7886721758910729,3.6172363636363634,0.7997509995881376,2.211363636363636,-0.6688560540599386,-1.8545454545454552,-0.3889391225395078,-0.027130681818182217,0.19313286608443533,0.20441848055559045
2,고위험군,마포구,동교동,제이투 하우스,37.55442785,126.92871479,193701.1513521394,450547.3254964378,46.9480115407861,1994,0.3014,24,83.3,0.8449140690319273,0.413,0.85,2,4,4.6443908991413725,,-7.105427357601002e-15,40.365658006130005,3.072927184752276e+16,92.0,-3.2480030752066943e-15,-1.658331197623495,80.0,2.054489822613885,1607592040452022.2,106.0,0.612323582170256,642059182542406.0,204.0,1.3537586644488193,1138081150647057.8,178.0,1.9556599579023901,1876413494450553.0,132.0,4.586489132255068,3386918160186309.5,162.0,2.765065173413304,2279238875244914.0,154.0,2.7727123695575657,2569740335426522.0,162.0,0.0697555999022092,62409720054808.1,218.0,1.0584344586188725,824010357979600.0,188.0,0.015620556395587458,-5.0735615209307657e-17,-0.30328846768521717,-0.6231030701754388,0.16801817944337713,0.10288149350649355,0.18995597384356955,0.2571545454545456,-0.3229592070203534,-0.6315983892056136,0.768322551016361,3.5239030303030296,0.04027523019508597,0.11136363636363612,1.495090003192804,4.145454545454548,-0.16494276924450332,-0.011505681818181991,-0.27606487378368666,-0.29219657522692377
2,고위험군,종로구,동숭동,아늑히 혜화,37.5788742,127.00521472,200460.6284706539,453258.208606485,40.40855567537312,1995,0.1361,17,58.8,1.1064431822486576,0.5458,0.85,1,4,3.610917912644224,,0.0,40.365658006130005,2.6992431844214524e+16,92.0,-1.911468151892664e-15,-1.2879467294641496,80.0,2.0544898226138875,1213869054171387.8,106.0,0.6123235821702565,610998103169745.8,204.0,1.3537586644488198,1106496934919484.9,178.0,1.9556599579023914,1434364127631434.0,132.0,4.5864891322550685,2991047472061396.5,162.0,2.7650651734133045,1833521667412659.8,154.0,2.772712369557564,2034945027666063.8,162.0,0.06975559990220946,63248834060613.08,218.0,1.0584344586188728,779580134849097.5,188.0,0.08046060181123128,-1.537978778442858e-16,-1.273724036678883,-2.6168530701754427,-0.34233289815583545,-0.20961850649350677,-1.0768872568132484,-1.4578454545454562,0.0003152758051950805,0.0006165722679154536,1.5404454605482851,7.065236363636363,0.04027523019508597,0.11136363636363615,-0.6688560540599386,-1.8545454545454545,-0.16494276924450332,-0.011505681818182035,-0.9296284030006844,-0.9839507354467566
2,고위험군,영등포구,도림동,스프링 플라워,37.50714354,126.89487684,190705.32213821384,445302.1558651388,42.39111442299311,2024,0.5509,8,37.5,1.4469189829363254,0.1011,1.0,2,11,6.148468295917647,,-2.1316282072803006e-14,40.36565800613001,2.2810817589189036e+16,92.0,5.619740405582074e-15,2.766532955951387,80.0,2.0544898226138817,1428451142929522.2,106.0,0.6123235821702557,599198042260605.8,204.0,1.353758664448818,1138071281166632.5,178.0,1.9556599579023892,1756119896156770.8,132.0,4.5864891322550685,3417646869032178.5,162.0,2.765065173413304,2461247005674245.5,154.0,2.772712369557565,2617436176702345.0,162.0,0.06975559990220885,61982024547322.445,218.0,1.0584344586188712,792322075649577.8,188.0,1.960821918864902,1.1019310165596065e-14,1.1614645538750945,2.386217105263154,-0.9984985693548231,-0.6114042207792207,-2.178265249180196,-2.948845454545454,0.4211752597210479,0.8236755906955924,-1.045119734247247,-4.793430303030303,0.7997509995881376,2.211363636363637,1.495090003192804,4.145454545454547,1.4030317038205282,0.09786931818181915,0.6751067044734571,0.7145561992593339
2,고위험군,마포구,연남동,연남 베통부르트2,37.56263081,126.92226763,193132.22521921943,451458.2085260204,34.760440864132775,2017,0.6729,8,100.0,0.4700036292457356,0.1108,0.7,1,6,4.51085950651685,,0.0,40.36565800613001,3.077278249701933e+16,92.0,-3.1678693966286125e-15,-1.6016054161926272,80.0,2.054489822613885,1611319152478991.5,106.0,0.6123235821702563,641650318902196.1,204.0,1.3537586644488182,1139462916845114.0,178.0,1.95565995790239,1821829727107733.2,132.0,4.5864891322550685,3354567880766306.0,162.0,2.765065173413305,2226791227233144.8,154.0,2.7727123695575666,2530052148787315.0,162.0,0.06975559990220916,61943285610894.47,218.0,1.0584344586188725,827439262891695.4,188.0,1.5069416009553953,-4.773794180173123e-15,1.877696492273324,3.857708333333335,-0.9984985693548231,-0.6114042207792213,1.0534776861688293,1.4261545454545457,-0.7863836305465479,-1.5378989778097905,-0.9887222024516169,-4.534763636363636,-0.7192005391979657,-1.9886363636363653,-0.6688560540599386,-1.8545454545454563,0.2830499373455057,0.019744318181818467,-0.3605095079107389,-0.38157568583245904
2,고위험군,서초구,양재동,양재블루,37.46216111,127.03386836,202996.33539161863,440305.0493411655,39.1293130885809,2011,0.4613,4,100.0,1.788668276658382,0.1194,1.0,1,5,3.7612001156935615,,-7.105427357601002e-15,40.365658006130005,2.5435138434074796e+16,92.0,-8.356107009935214e-16,-0.3546563228028024,80.0,2.0544898226138857,1244489364647870.2,106.0,0.6123235821702553,591301513611909.6,204.0,1.3537586644488186,1112141678474483.1,178.0,1.9556599579023908,1223940235586900.2,132.0,4.586489132255068,3085652979664595.0,162.0,2.765065173413303,1871935476338427.2,154.0,2.772712369557566,2134245308961357.5,162.0,0.06975559990220907,69812213912180.44,218.0,1.0584344586188723,857637319086044.9,188.0,1.1179013284615325,-9.3413031271733e-16,0.6354450319039366,1.3055153508771937,-1.290127756554373,-0.7899756493506487,1.0534776861688293,1.4261545454545461,0.8436094003225956,1.6498131243209484,-0.9387202670451821,-4.3054303030303025,0.7997509995881376,2.211363636363636,-0.6688560540599386,-1.854545454545456,0.05905358405050119,0.004119318181818236,-0.8345906339571667,-0.8833594858208351
2,고위험군,영등포구,양평동,노바루스관광호텔,37.51890902,126.88992196,190268.7539119826,446608.47607506486,35.6190540056613,2014,0.5739,7,100.0,0.5652243275950323,0.115,0.7,1,10,7.039660349862076,,0.0,40.365658006130005,2.3750468074633884e+16,92.0,4.963356803817815e-15,2.487681076267109,80.0,2.0544898226138826,1574441567968654.0,106.0,0.6123235821702558,607502656325263.6,204.0,1.3537586644488178,1142292542089534.5,178.0,1.9556599579023901,1790351068153468.2,132.0,4.586489132255069,3407782486089447.5,162.0,2.765065173413305,2482047381874283.5,154.0,2.7727123695575657,2618548917139865.5,162.0,0.0697555999022089,61775402359741.016,218.0,1.0584344586188719,793540435360076.4,188.0,1.312421464708464,6.514016006337297e-15,1.296491886523941,2.6636293859649096,-1.0714058661547106,-0.6560470779220781,1.0534776861688293,1.4261545454545452,-0.6686819275332895,-1.307714470249842,-0.9643026526019628,-4.422763636363638,-0.7192005391979657,-1.9886363636363653,-0.6688560540599386,-1.8545454545454558,1.1790353505255238,0.08224431818181907,1.2386924310440401,1.311074752647393
2,고위험군,성동구,행당동,정감,37.55714507,127.03104686,202743.23889827816,450846.9692725331,39.492876513126205,1992,0.2984,15,66.7,0.1527352514239276,0.4165,1.0,1,5,4.060443010546419,,-7.105427357601002e-15,40.365658006130005,2.553534639188688e+16,92.0,-3.197594070216543e-15,-2.115669663876444,80.0,2.054489822613888,1285631857692256.5,106.0,0.6123235821702563,604784016495983.5,204.0,1.3537586644488193,1111378622631037.0,178.0,1.9556599579023919,1542570026100188.5,132.0,4.58648913225507,2975686955524668.0,162.0,2.765065173413304,1995943830432840.5,154.0,2.7727123695575644,2106236706796961.0,162.0,0.06975559990220932,68360992135966.125,218.0,1.0584344586188728,821733146381138.2,188.0,-0.11405953443570019,3.6471609096325454e-16,-0.3209007284655015,-0.6592872807017556,-0.48814749175561045,-0.298904220779221,-0.6683949497851314,-0.9048454545454551,-1.1785570658315514,-2.3048568617496983,0.7886721758910729,3.6172363636363647,0.7997509995881376,2.211363636363637,-0.6688560540599386,-1.854545454545455,0.05905358405050119,0.004119318181818251,-0.6453508134602386,-0.6830615388640368
2,고위험군,송파구,석촌동,JJ HOUSE,37.49758924,127.09730875,208604.84714439663,444241.0084438876,50.60988910719901,1993,0.3935,29,55.2,1.8588987720656835,0.4148,1.0,2,4,4.189654742026425,,-2.1316282072803006e-14,40.365658006130005,2.7448174723780104e+16,92.0,-2.744255973234125e-16,-0.1267788236421356,80.0,2.0544898226138852,1383265953488747.2,106.0,0.6123235821702557,593926489089650.1,204.0,1.3537586644488186,1162936745644647.8,178.0,1.9556599579023914,1488022830635250.8,132.0,4.586489132255068,3119737532050866.5,162.0,2.765065173413302,2054967877016504.5,154.0,2.772712369557564,2208849489641403.8,162.0,0.0697555999022092,69899546067846.22,218.0,1.0584344586188723,890766485283179.1,188.0,-0.049219489020056365,1.3507087674282111e-17,0.23740793826951134,0.4877521929824566,0.5325546634428147,0.3260957792207792,-1.263035649889352,-1.709845454545455,0.9304208715279555,1.8195868424438677,0.7787880723804987,3.5719030303030306,0.7997509995881376,2.211363636363635,1.495090003192804,4.1454545454545455,-0.16494276924450332,-0.011505681818181991,-0.5636379130306493,-0.5965737893356663
2,고위험군,마포구,연남동,DW STAY3,37.55843309,126.92127205,193043.8739278557,450992.3843368646,38.209133358764255,2019,0.4704,17,94.1,1.2131112491233031,0.1079,1.0,1,4,4.532599493153256,,-2.1316282072803006e-14,40.36565800613002,3.085717372854639e+16,92.0,-3.1551903326288342e-15,-1.6115248888110283,80.0,2.0544898226138844,1605751867491884.2,106.0,0.6123235821702562,640457298455700.0,204.0,1.3537586644488189,1145419460890969.0,178.0,1.9556599579023897,1811309885263044.8,132.0,4.586489132255068,3357143239999769.0,162.0,2.7650651734133036,2299441698854966.5,154.0,2.7727123695575653,2548481543499015.5,162.0,0.06975559990220918,62075749882072.664,218.0,1.0584344586188723,825666273434977.9,188.0,1.636621691786683,-5.163852940095989e-15,0.6888688896041324,1.4152741228070174,-0.34233289815583545,-0.20961850649350663,0.748401153071881,1.0131545454545456,0.1321669986545966,0.2584737070249336,-1.0055833202049498,-4.61209696969697,0.7997509995881376,2.2113636363636364,-0.6688560540599386,-1.8545454545454554,-0.16494276924450332,-0.011505681818181988,-0.34676124106984313,-0.3670240464617677
2,고위험군,송파구,방이동,호텔 어반,37.51316671,127.10908097,209643.84083776968,445971.0494000337,48.727993636208616,2002,0.6704,20,100.0,0.9014756460890144,0.1322,1.0,2,1,7.090110168553882,,1.4210854715202004e-14,40.36565800612999,2.743768687200417e+16,92.0,-3.0988325527467074e-16,-0.14123750391669374,80.0,2.0544898226138852,1398574211007328.5,106.0,0.6123235821702557,595082922773506.0,204.0,1.3537586644488189,1178222212275319.0,178.0,1.955659957902391,1514788553276346.8,132.0,4.5864891322550685,3131118137971099.0,162.0,2.7650651734133027,2089063275054124.5,154.0,2.7727123695575644,2233517951637864.0,162.0,0.06975559990220927,69844571020524.555,218.0,1.0584344586188723,896587352218335.9,188.0,0.534340919720738,-1.6558330362952382e-16,1.8630196082897532,3.827554824561405,-0.1236110077561729,-0.07568993506493506,1.0534776861688293,1.4261545454545463,-0.25304379933962434,-0.4948676259639908,-0.8642987817890929,-3.9640969696969695,0.7997509995881376,2.211363636363636,1.495090003192804,4.145454545454546,-0.8369318291295168,-0.05838068181818275,1.270596662681802,1.344843290788559
2,고위험군,중구,예장동,서울타워빌,37.55500445,126.9849104,198666.67478191733,450609.0399136837,35.519856401791586,2007,0.1735,2,100.0,0.0,0.1251,0.85,2,5,4.0943445622221,,-7.105427357601002e-15,40.36565800613002,2.7484589135939332e+16,92.0,7.795895444327175e-16,0.5148790674849583,80.0,2.054489822613887,1171172582091026.5,106.0,0.6123235821702561,637782536460627.1,204.0,1.3537586644488198,1125680679405982.6,178.0,1.955659957902392,1422866849333446.8,132.0,4.5864891322550685,3128550311565027.0,162.0,2.7650651734133027,1978570249832159.8,154.0,2.7727123695575635,2125614415001697.8,162.0,0.06975559990220948,62834031729086.38,218.0,1.0584344586188732,767088048524472.5,188.0,0.8585411467989572,6.693097015097419e-16,-1.0541578522846717,-2.1657565789473714,-1.435942350154148,-0.879261363636364,1.0534776861688293,1.4261545454545472,-1.3673521441537981,-2.6740758366735626,-0.90557944939208,-4.153430303030304,0.04027523019508597,0.11136363636363607,1.495090003192804,4.145454545454545,0.05905358405050119,0.00411931818181826,-0.6239116292255457,-0.6603695675053596
2,고위험군,마포구,연남동,써니힐게스트하우스 홍대,37.55976759,126.92049297,192975.1624226437,451140.55600249895,36.50665033515976,2016,0.5186,24,91.7,0.4679523464751782,0.1122,1.0,1,5,3.4011973816621555,,2.1316282072803006e-14,40.365658006130005,3.081775509060357e+16,92.0,-3.1421925382751215e-15,-1.6000986166906126,80.0,2.0544898226138844,1605927047564980.5,106.0,0.612323582170256,640493180615528.1,204.0,1.3537586644488189,1145013803270354.2,178.0,1.9556599579023894,1813544729034947.8,132.0,4.5864891322550685,3353462642583538.0,162.0,2.7650651734133045,2290327570917179.5,154.0,2.7727123695575657,2542766067451267.0,162.0,0.06975559990220914,62010470478809.21,218.0,1.0584344586188723,826197635576219.5,188.0,1.4421015555397516,-4.5313607472519535e-15,0.9718392128073668,1.9966337719298242,0.16801817944337713,0.10288149350649355,0.6243022243544789,0.8451545454545463,-0.7889192082060468,-1.5428577055086239,-0.9805823525017323,-4.4974303030303036,0.7997509995881376,2.2113636363636373,-0.6688560540599386,-1.8545454545454558,0.05905358405050119,0.0041193181818182404,-1.0622546952876977,-1.1243269733221894
2,고위험군,마포구,연남동,정 스테이,37.5609012,126.91679506,192648.54518875247,451266.65614797856,37.82985936520301,1996,0.5392,14,64.3,0.1630106118808672,0.4095,0.7,1,4,4.0943445622221,,0.0,40.36565800613,3.0918285624890724e+16,92.0,-3.0969512649559904e-15,-1.5739745016921978,80.0,2.0544898226138844,1602527371143846.5,106.0,0.6123235821702562,639491959021145.8,204.0,1.3537586644488184,1146939661984000.0,178.0,1.9556599579023897,1807597186193213.5,132.0,4.5864891322550685,3346188837607040.5,162.0,2.765065173413305,2307143424673006.0,154.0,2.7727123695575657,2540230618571263.0,162.0,0.06975559990220918,61890748122889.19,218.0,1.0584344586188723,826289183476576.5,188.0,0.1453006472268751,-4.49989023228195e-16,1.092776736831986,2.2450986842105265,-0.561054788555498,-0.34354707792207817,-0.7924938785025342,-1.0728454545454549,-1.1658557577564903,-2.2800174221343164,0.7479729261416491,3.430569696969697,-0.7192005391979657,-1.9886363636363653,-0.6688560540599386,-1.8545454545454558,-0.16494276924450332,-0.011505681818181988,-0.6239116292255457,-0.660369567505359
