{
  "기준일": "2026-04-15",
  "노후기준년수": 30.0,
  "초노후기준년수": 50.0,
  "버퍼반경_m": [
    50,
    100
  ],
  "숙박시설수": 4246,
  "건물수": 272097,
  "건물_사용승인일유효수": 201836,
  "산출파일": {
    "숙박시설상세": "data\\통합숙박시설최종안0415_주변노후도_50m100m.csv",
    "분석변수결합": "data\\분석변수_테이블_주변노후도_50m100m.csv",
    "상관행렬": "data\\주변노후건물_50m100m_상관행렬.csv",
    "vif_전체후보": "data\\주변노후건물_50m100m_vif_전체후보.csv",
    "vif_핵심후보": "data\\주변노후건물_50m100m_vif_핵심후보.csv",
    "컬럼정의": "data\\주변노후건물_50m100m_컬럼정의.csv"
  },
  "50m_주변건물수_평균": 20.816768723504474,
  "50m_노후건물비율_평균": 0.610296832351585,
  "50m_초노후건물비율_평균": 0.2217072733270665,
  "50m_평균건물연한_평균": 36.78173050202405,
  "100m_주변건물수_평균": 74.04592557701366,
  "100m_노후건물비율_평균": 0.6226814260677789,
  "100m_초노후건물비율_평균": 0.23224573657177056,
  "100m_평균건물연한_평균": 37.34553335776888
}