EMD_CD,EMD_KOR_NM,EMD_ENG_NM,ESRI_PK,SHAPE_AREA,SHAPE_LEN,join_code,has_data,기준일,구_x,법정동코드,법정동명,전체건물수,사용승인일유효건수,10년이상건물수,30년이상건물수,50년이상건물수,geometry,구_매칭,동_매칭,구_y,동,residual,sample_count,lisa_cat,local_i,p_sim,quadrant
11590108,대방동,Daebang-dong,18,0.000157,0.063998,11590108,0,,,11590108,대방동,0,0,0,0,0,"POLYGON ((949840.1219591511 1946406.3213145155, 949857.6711544907 1946302.6443680108, 949988.8391069443 1946193.462283579, 950038.7638297873 1946050.2003815917, 950063.6603391151 1945705.2324178254, 950042.5023855753 1945597.7805475686, 950084.303550855 1945442.5118511629, 950030.3764683524 1945373.298910364, 950029.378569321 1945367.868889088, 949971.0526296024 1945256.23121098, 949860.9309015962 1945298.686512227, 949857.7183300031 1945129.5594891512, 949760.5921975485 1945083.6692632488, 949667.2088766561 1945062.806061229, 949557.0838866463 1945148.8954366134, 949476.9510307094 1945089.290445202, 949458.2710261715 1945019.0749466966, 949511.4463156529 1944912.6432446882, 949507.0161714237 1944811.2865554658, 949513.403959282 1944799.3103139128, 949647.2947794565 1944674.1689618926, 949639.710369839 1944628.4092680444, 949498.9640745838 1944554.1804246318, 949355.7655544752 1944608.9055101718, 948934.4095466291 1944453.9043273753, 948755.5896501418 1944519.497991067, 948765.9394588528 1944689.627860854, 949219.2232489198 1946071.5912827416, 949343.4122025686 1946101.3662435168, 949351.9524128853 1946405.672178813, 949540.3654918193 1946390.7143583663, 949840.1219591511 1946406.3213145155))",동작구,대방동,,,,,No Data,,,
11110118,내수동,Naesu-dong,59,7e-06,0.011823,11110118,1,2026-04-15,종로구,1111011800,내수동,2,2,2,1,0,"POLYGON ((953506.0595788866 1952867.0697415457, 953579.2880776519 1952715.1345038023, 953349.9321257384 1952644.1161310028, 953240.962250309 1952735.7040454443, 953196.6423658186 1952856.4209001618, 953246.5132911097 1952950.5048861946, 953506.0595788866 1952867.0697415457))",종로구,내수동,종로구,내수동,1.2203792423673576,2.0,HH,0.3899408839162983,0.026,1.0
11590105,흑석동,Heukseok-dong,15,0.000171,0.05742,11590105,0,,,11590105,흑석동,0,0,0,0,0,"POLYGON ((953517.8976653953 1945486.607106537, 953335.3122470414 1945272.2511073607, 953332.5109798308 1945172.6111519085, 953269.8876323169 1945124.5304109156, 952994.5922047684 1945052.6110737969, 952853.9852446129 1944967.4117589972, 952841.2489079899 1944896.106873867, 952761.3527472594 1944837.4809913235, 952723.3260051269 1944752.9118223684, 952651.8365522722 1944716.5001514342, 952563.6591125167 1944616.5580459775, 952532.1177219121 1944497.9427981009, 952440.1850456177 1944379.3759024485, 952175.6720833409 1944494.2912642155, 952050.2581339461 1944527.2102611621, 951953.9817827845 1944622.0860783379, 951939.2942896164 1944724.8669496244, 951831.4178201583 1944911.4729654507, 951856.3448539391 1944981.1934333737, 951833.1686287664 1945094.3461821817, 951703.8595553398 1945157.0121778746, 951707.7518406587 1945214.7533237746, 951799.1176595655 1945503.5206160035, 951836.8061436892 1945518.992954383, 951855.2393949402 1945672.8916833808, 952059.3412013198 1945785.1604936218, 952107.2678947584 1945908.0009122351, 952268.5579860442 1945955.7606534003, 952445.644803304 1946116.3567968209, 952717.3773679397 1945861.8821009705, 952895.5659847525 1945752.6015755143, 953170.8614018768 1945657.8560201998, 953517.8976653953 1945486.607106537))",동작구,흑석동,,,,,No Data,,,
11320107,창동,Chang-dong,1,0.000436,0.100323,11320107,0,,,11320107,창동,0,0,0,0,0,"POLYGON ((960810.1536480408 1960221.0321589666, 960717.4719075769 1960167.3208046125, 960562.8933319948 1960338.7795967234, 960514.5819739788 1960426.721106304, 960422.3957970197 1960688.0650875703, 960333.9155342049 1960665.5971989145, 960363.4230448602 1960576.2343623864, 960277.4761753795 1960544.0638875028, 960216.4046446885 1960392.8931822586, 960105.6512984222 1960310.963062242, 960011.2623215971 1960291.3352799476, 960014.7680414977 1960123.3816266956, 959946.3026972116 1959923.4416148134, 959859.8625973321 1959789.236017949, 959856.2716513271 1959697.5502113318, 959760.1673608118 1959433.2312870282, 959661.4789836308 1959347.1527041434, 959559.6750156621 1959211.1058990043, 959642.1617971228 1959098.121934246, 959564.3211664001 1959138.2368616029, 959393.1100420122 1959292.7209719007, 959250.9258954927 1959522.036352959, 959223.5334912464 1959719.9572236626, 959138.2482471882 1959799.3151949032, 958988.4971086069 1959858.0485026392, 958937.5838937396 1959914.6089106821, 958837.2938041232 1960205.824441734, 958749.9142303985 1960365.3916157032, 958612.5903050323 1960481.0674346245, 958717.1988985628 1960624.2437509985, 959585.9665134273 1962435.8090163802, 959629.5583803995 1962577.6295609078, 959918.8288994633 1962618.8750536267, 960007.6569653727 1962603.9570784003, 960451.6116370019 1962445.6112489416, 960469.1929102981 1962363.8980901379, 960610.8296172181 1962095.2498869826, 960665.7375372349 1961760.3319569519, 960637.2699122997 1961490.1203845588, 960654.3650711919 1961326.1137868327, 960784.3844050796 1961066.3572781254, 960817.8865294803 1960934.0884356496, 960801.1771923795 1960662.1847362053, 960756.3387744945 1960534.828858043, 960752.8499628954 1960299.9589516297, 960810.1536480408 1960221.0321589666))",도봉구,창동,,,,,No Data,,,
11230107,청량리동,Cheongnyangni-dong,8,0.000122,0.064774,11230107,0,,,11230107,청량리동,0,0,0,0,0,"POLYGON ((960039.1572361726 1955290.5284465412, 960073.2311201462 1955260.8137380835, 960045.1228347092 1955094.5346232462, 960083.2684431948 1954957.208990453, 960032.0832671745 1954753.2255424927, 960111.938959874 1954693.1180143612, 960074.2564739863 1954627.123774261, 960057.6117108294 1954452.4791335124, 960262.6424865883 1954535.4032118553, 960365.2820633824 1954522.6321794486, 960454.743821932 1954456.200931704, 960457.1521304172 1954450.8467602567, 960567.5771599283 1954361.4741364853, 960268.3918299092 1953934.2036346453, 959845.8329466184 1953519.4501228381, 959697.6696709594 1953461.9827178493, 959638.0883888017 1953648.1625060018, 959748.683220607 1953651.461878665, 959598.4898615838 1954244.976490078, 959422.3744329184 1954239.2460479303, 959432.9442899642 1954338.9030672307, 959378.4681658625 1954446.1945054997, 959488.0033714079 1954650.4933250458, 959439.4856158621 1954768.0543969946, 959285.6713412517 1954767.82413679, 959407.9885009396 1955118.3298339774, 959489.329514531 1955227.7825925848, 959556.9522577188 1955326.7827397997, 959662.3034282856 1955382.0444590682, 959722.1745474095 1955304.3065512574, 959880.7564044293 1955342.5016321847, 959940.6328540489 1955295.258686932, 960039.1572361726 1955290.5284465412))",동대문구,청량리동,,,,,No Data,,,
11230104,전농동,Jeonnong-dong,12,0.00021,0.079448,11230104,0,,,11230104,전농동,0,0,0,0,0,"POLYGON ((961922.6992567236 1953737.904515043, 961905.7492511404 1953515.9432399971, 961807.6975658495 1953298.9550403792, 961776.682764124 1953115.7515245508, 961715.9282079161 1953085.1754579686, 961565.9554300146 1953109.0964834, 961519.2155878403 1953081.6602027975, 961275.0483033758 1953038.2234704401, 961191.4040980841 1952987.037789318, 960972.4998589888 1952967.3459036173, 960901.0891555608 1952984.654422109, 960762.8006912436 1952869.8423397983, 960657.530197798 1952829.3817391237, 960545.1485023301 1952825.1257994303, 960426.1301638265 1952923.8256498687, 960271.6335685448 1952904.3868918475, 960195.8018959439 1952959.7358258564, 960014.268754014 1952695.5740191718, 959877.3481370731 1952827.3668663604, 959826.3774920567 1953001.5216984258, 959848.7621276929 1953119.8222482193, 959850.2893257912 1953188.7002205825, 959680.3069255407 1953307.2562735293, 959606.0851109572 1953425.887904688, 959697.6696709594 1953461.9827178493, 959845.8329466184 1953519.4501228381, 960268.3918299092 1953934.2036346453, 960567.5771599283 1954361.4741364853, 960570.1059004418 1954351.49490629, 960663.5940742717 1954350.7328328507, 960738.3549978585 1954217.8545901643, 960748.0732351217 1954120.4969912483, 960690.2322849247 1953975.050374095, 960846.8471338933 1953872.4153137035, 960917.4134617685 1953976.3353510252, 961070.55759505 1954065.5444025334, 961143.9025268789 1954010.3032805324, 961275.062906849 1954101.095590593, 961410.3374098171 1954086.6570776503, 961544.7828151507 1954011.5263775047, 961542.085962124 1953875.6767522146, 961506.0218207854 1953679.6733755253, 961618.3365987911 1953681.4156677627, 961681.9665363006 1953728.813091239, 961797.4485105801 1953724.3780460274, 961888.9567447567 1953807.4060206604, 961922.6992567236 1953737.904515043))",동대문구,전농동,,,,,No Data,,,
11230110,이문동,Imun-dong,13,0.000177,0.067588,11230110,0,,,11230110,이문동,0,0,0,0,0,"POLYGON ((961991.2966165645 1955189.9090427381, 961809.5955536538 1955140.6821773527, 961641.5266076011 1955192.7375271975, 961553.0378453264 1955128.6338060258, 961429.7379766633 1955167.1569391054, 961307.248082957 1954949.0703759564, 961239.986791807 1954978.3473190165, 960952.7247602749 1954882.8235648617, 960901.9543213653 1954774.499609463, 960824.7537123894 1954815.018748238, 960776.8564296114 1954997.1842722616, 960668.8983085031 1955079.2143604374, 960697.2311521585 1955226.8965144067, 960616.5886459145 1955340.7104955898, 960580.8200934354 1955486.6029582007, 960573.6756463347 1955634.1576729538, 960463.1774737787 1955731.7367745636, 960916.1280297008 1955880.0986567554, 960937.686837672 1955846.2148431384, 961088.0396963791 1955829.6308891417, 961179.3516718458 1955904.1164722918, 961172.0499487027 1956050.753611802, 961230.9192495518 1956098.253066802, 961357.4329107018 1956279.7882422782, 961490.3049955035 1956293.6902814207, 961604.3953948895 1956357.5239787216, 961712.7662808675 1956330.229476715, 961766.137900352 1956387.1167618576, 961911.9802399849 1956440.7076505173, 962141.8398821055 1956554.131524977, 962141.8041241656 1956553.1632251085, 962181.6574292284 1956222.1994053335, 962258.2502543046 1956026.15416195, 962298.3439664809 1955854.5466836307, 962264.3979768622 1955734.1147243478, 961998.1035614869 1955402.6204074633, 961991.2966165645 1955189.9090427381))",동대문구,이문동,,,,,No Data,,,
11230109,휘경동,Hwigyeong-dong,16,0.000172,0.074605,11230109,0,,,11230109,휘경동,0,0,0,0,0,"POLYGON ((961991.2966165645 1955189.9090427381, 962087.3062143724 1954887.0775912656, 962103.8912320811 1954762.3611332607, 962059.5883290039 1954593.8203834873, 962271.0837745569 1954210.4711795817, 962227.7979312622 1954038.2245153207, 962461.6561129784 1953685.614194545, 962498.2596451383 1953597.2787433886, 961922.6992567236 1953737.904515043, 961888.9567447567 1953807.4060206604, 961797.4485105801 1953724.3780460274, 961681.9665363006 1953728.813091239, 961618.3365987911 1953681.4156677627, 961506.0218207854 1953679.6733755253, 961542.085962124 1953875.6767522146, 961544.7828151507 1954011.5263775047, 961410.3374098171 1954086.6570776503, 961275.062906849 1954101.095590593, 961143.9025268789 1954010.3032805324, 961070.55759505 1954065.5444025334, 960917.4134617685 1953976.3353510252, 960846.8471338933 1953872.4153137035, 960690.2322849247 1953975.050374095, 960748.0732351217 1954120.4969912483, 960738.3549978585 1954217.8545901643, 960663.5940742717 1954350.7328328507, 960570.1059004418 1954351.49490629, 960797.7178070125 1954596.2983182783, 960863.3086195808 1954750.1746929216, 960901.9543213653 1954774.499609463, 960952.7247602749 1954882.8235648617, 961239.986791807 1954978.3473190165, 961307.248082957 1954949.0703759564, 961429.7379766633 1955167.1569391054, 961553.0378453264 1955128.6338060258, 961641.5266076011 1955192.7375271975, 961809.5955536538 1955140.6821773527, 961991.2966165645 1955189.9090427381))",동대문구,휘경동,,,,,No Data,,,
11590102,상도동,Sangdo-dong,19,0.000361,0.150457,11590102,0,,,11590102,상도동,0,0,0,0,0,"POLYGON ((951799.1176595655 1945503.5206160035, 951707.7518406587 1945214.7533237746, 951703.8595553398 1945157.0121778746, 951833.1686287664 1945094.3461821817, 951856.3448539391 1944981.1934333737, 951831.4178201583 1944911.4729654507, 951939.2942896164 1944724.8669496244, 951953.9817827845 1944622.0860783379, 952050.2581339461 1944527.2102611621, 952175.6720833409 1944494.2912642155, 952440.1850456177 1944379.3759024485, 952476.869848077 1944195.159441485, 952524.4534187707 1944081.6643745797, 952461.4088426947 1944021.1848659546, 952387.8755391785 1943872.527570054, 952292.2038639209 1943969.6576272757, 952173.4033412647 1943954.9353429263, 952129.1687023153 1943846.4957964325, 952042.6017344834 1943775.1670799267, 951854.680535016 1943713.6379995332, 951841.9612220222 1943704.9031432376, 951708.9312704339 1943627.110685228, 951531.423317241 1943800.318979064, 951403.2460837904 1943835.2619421137, 951277.3590316318 1943908.425052073, 951274.8421086272 1943983.934130057, 951164.6558834909 1943974.1009717993, 951115.2616759542 1944014.081338585, 951037.2399754968 1943949.5776440515, 950899.2918764029 1943911.0384643988, 950890.1624254385 1943839.879870632, 950650.516901218 1943804.9372994504, 950571.5560757814 1943885.1157335322, 950547.7603031343 1943880.43277481, 950448.3810787876 1943820.2997948485, 950429.9495360735 1943810.2140219589, 950351.1363577914 1943829.1874366389, 950192.3170558941 1943787.7483653896, 950088.6528743944 1943874.1709459517, 949952.3098362128 1943917.6734316582, 949829.7863244251 1943893.500455009, 949664.8886834596 1943980.8701126103, 949651.3639629377 1943990.3320392906, 949602.5336304528 1944013.4473335452, 949564.344212932 1944164.5130575164, 949607.8955421493 1944385.6795735077, 949610.9032710576 1944394.2180065836, 949577.4009168661 1944445.9715824735, 949567.966398676 1944458.104028424, 949498.9640745838 1944554.1804246318, 949639.710369839 1944628.4092680444, 949647.2947794565 1944674.1689618926, 949513.403959282 1944799.3103139128, 949507.0161714237 1944811.2865554658, 949511.4463156529 1944912.6432446882, 949458.2710261715 1945019.0749466966, 949476.9510307094 1945089.290445202, 949557.0838866463 1945148.8954366134, 949667.2088766561 1945062.806061229, 949760.5921975485 1945083.6692632488, 949857.7183300031 1945129.5594891512, 949860.9309015962 1945298.686512227, 949971.0526296024 1945256.23121098, 950029.378569321 1945367.868889088, 950030.3764683524 1945373.298910364, 950084.303550855 1945442.5118511629, 950187.4016941326 1945460.4915153051, 950338.5580960405 1945340.9748097179, 950392.5346707302 1945270.5666737321, 950574.2905092429 1945285.9816874547, 950916.3131540761 1945443.6417836063, 951127.9648094985 1945438.146059693, 951145.6309699382 1945373.520157787, 951150.695720713 1945362.2061161746, 951197.8649638748 1945433.7282726865, 951324.9997688768 1945443.6872681512, 951445.5475624851 1945563.559579364, 951506.029369575 1945557.0774814186, 951534.2375753738 1945493.3569953826, 951412.5881137772 1945372.6570768715, 951376.916992283 1945248.2376781611, 951050.027347214 1945026.7460363978, 951166.8129204598 1944866.1999214026, 951318.8912997877 1944787.7126358342, 951450.3752391301 1944587.3223570376, 951566.969529913 1944702.2519363812, 951694.4784506822 1944752.4360995877, 951689.8376064698 1944759.9813108207, 951674.7716932114 1945074.881171227, 951600.1939188151 1945178.134999005, 951686.3287176699 1945312.864842262, 951685.1066943075 1945445.968836305, 951596.0883010479 1945406.5781716348, 951536.7926987301 1945563.3835039649, 951536.8056209967 1945563.3714462903, 951668.1141460332 1945634.3539592607, 951729.4911803633 1945518.4781353264, 951799.1176595655 1945503.5206160035))",동작구,상도동,,,,,No Data,,,
11545102,독산동,Doksan-dong,36,0.000429,0.134618,11545102,0,,,11545102,독산동,0,0,0,0,0,"POLYGON ((948037.6898096144 1940903.5237107992, 947889.6069552908 1940853.5085827373, 947784.7995704346 1940879.0032978586, 947759.3484923199 1940817.4792929478, 947657.8759081438 1940757.7726486966, 947569.2563764806 1940744.6129504787, 947468.9553599214 1940650.665774603, 947393.9697714538 1940661.8826443674, 947374.4543551733 1940553.9865479982, 947325.2705091356 1940510.7815202486, 947169.4200201761 1940506.8470427524, 947156.6077210989 1940323.2569474017, 947098.8698142815 1940194.9589364806, 946984.1651494073 1940148.280574794, 946898.4433313911 1940036.7020477154, 946840.9584237968 1940056.2869283971, 946802.1962313057 1940185.4198553269, 946654.9625096384 1940133.52219645, 946689.6017475574 1940023.8726678812, 946499.178745814 1939941.5991187734, 946398.3278160171 1939964.9953379554, 946305.2467180656 1940032.8852629685, 946355.0596495131 1939838.6679856274, 946498.6657587436 1939462.1566319605, 946401.635725581 1939453.7747403714, 946292.8736425252 1939379.329266033, 946005.1834587717 1939454.5207048922, 946020.3223972118 1939545.5067747517, 945985.4665753519 1939652.2865271561, 945733.5996222285 1939841.5613602623, 945688.3369964729 1939989.9475200411, 945725.2766725542 1940167.8683712606, 945643.0290642823 1940251.3966806794, 945707.6068897344 1940361.5471909314, 945831.6867564295 1940383.5762754397, 945955.8015913093 1940369.687478239, 945801.873155723 1940587.7537226763, 945626.4418996787 1940540.5189628352, 945553.7530661814 1940569.4006289442, 945415.9809079084 1940755.241059514, 945452.0373052389 1940836.812014085, 945578.5583224419 1940893.6207689133, 945685.9298719105 1940739.3054555706, 946030.5180027217 1940916.7803748543, 945797.1443957872 1941601.1195684853, 945994.2010383664 1941590.498161319, 946111.7848578704 1941632.85063369, 946406.442794316 1941617.0198878264, 946427.8560942827 1941874.1748985907, 946656.2886517658 1942015.2591841957, 946585.1567576731 1942313.8972381027, 946863.4844700013 1942383.4560652266, 946859.2225714279 1942360.310925188, 947416.1620720949 1942486.8914341545, 947440.6449793899 1942472.3227599326, 947818.7029768063 1942556.7202553211, 947746.8196497124 1942482.0009765197, 947714.8510127635 1942369.9863750872, 947788.3663038765 1942253.2635431013, 947996.9928221846 1942227.281278917, 947994.1340947236 1942122.1778295366, 947938.8216925899 1941940.2753388558, 947954.0617727196 1941858.2037742783, 947899.4578916709 1941761.2217538622, 947672.7739633066 1941666.1548711634, 947794.6823521637 1941440.094436934, 947851.1376935857 1941277.8984721736, 947825.5300506176 1941225.238313584, 947920.8249095517 1941148.8500055228, 947972.781831269 1941006.7733621153, 948037.6898096144 1940903.5237107992))",금천구,독산동,,,,,No Data,,,
11545103,시흥동,Siheung-dong,37,0.000641,0.128036,11545103,0,,,11545103,시흥동,0,0,0,0,0,"POLYGON ((949444.0499111754 1939156.960740302, 949432.9811214068 1939061.6440050933, 949276.5914720732 1938955.774236322, 949139.638211658 1938778.0568915892, 948985.9627496732 1938667.084541921, 948941.2597021286 1938475.2406683213, 948799.1882104652 1938310.257395761, 948718.457057503 1938080.0283223249, 948628.5756130647 1938012.4759548008, 948504.3880889573 1938046.2289456297, 948351.0762486489 1938036.4993269842, 948235.9965574238 1937962.4295851034, 948090.7574928513 1937931.8819354435, 948012.4048149221 1937875.1381799122, 947913.5302250474 1937722.8544333507, 947924.268888113 1937608.5252605716, 947807.4459317909 1937404.3578558038, 947751.192286963 1937353.249230819, 947561.1678552999 1937316.0342924322, 947460.1902344002 1937369.9756733223, 947184.4140375889 1937379.5585826745, 947164.8100890028 1937578.8420091101, 946997.4583520122 1937704.4247471907, 946952.724978268 1937787.811835495, 946813.9908939233 1937959.9872437152, 946915.8151637071 1937990.2187766817, 946836.8557506939 1938170.879902855, 946818.0726780411 1938268.518378268, 946687.207531127 1938644.1944178282, 946555.8735742198 1938666.9049461812, 946456.4738615479 1938785.7628986305, 946466.1256225919 1938897.1297146515, 946569.0394210168 1938975.4496580202, 946401.635725581 1939453.7747403714, 946498.6657587436 1939462.1566319605, 946355.0596495131 1939838.6679856274, 946305.2467180656 1940032.8852629685, 946398.3278160171 1939964.9953379554, 946499.178745814 1939941.5991187734, 946689.6017475574 1940023.8726678812, 946654.9625096384 1940133.52219645, 946802.1962313057 1940185.4198553269, 946840.9584237968 1940056.2869283971, 946898.4433313911 1940036.7020477154, 946984.1651494073 1940148.280574794, 947098.8698142815 1940194.9589364806, 947156.6077210989 1940323.2569474017, 947169.4200201761 1940506.8470427524, 947325.2705091356 1940510.7815202486, 947374.4543551733 1940553.9865479982, 947393.9697714538 1940661.8826443674, 947468.9553599214 1940650.665774603, 947569.2563764806 1940744.6129504787, 947657.8759081438 1940757.7726486966, 947759.3484923199 1940817.4792929478, 947784.7995704346 1940879.0032978586, 947889.6069552908 1940853.5085827373, 948037.6898096144 1940903.5237107992, 948153.0164295605 1940847.2580067632, 948087.3464842495 1940719.9282662976, 948087.3126763828 1940645.9641268847, 948212.4508717721 1940425.5378273875, 948193.9754218812 1940356.5661085304, 948197.0718820934 1940132.802728335, 948177.7259452508 1940016.4085657971, 948258.9597347587 1939952.005721964, 948431.5992155228 1939973.8481852359, 948482.788292291 1939928.1512841282, 948676.747842274 1939887.7377332135, 948783.7502971141 1939894.9844217433, 948928.7770753852 1939838.6742725235, 948999.6316703608 1939601.4225283137, 949126.1627163785 1939449.1396519511, 949257.7237834296 1939415.999686222, 949349.5827550369 1939244.7339046665, 949441.9470967379 1939244.5696779082, 949444.0499111754 1939156.960740302))",금천구,시흥동,,,,,No Data,,,
11530107,개봉동,Gaebong-dong,38,0.000299,0.126444,11530107,0,,,11530107,개봉동,0,0,0,0,0,"POLYGON ((942293.0464457431 1945302.7861583435, 942293.5392160539 1945302.556512441, 942398.6379974755 1945069.3388717237, 942512.9579958306 1944950.1701537133, 942541.1255534277 1944880.5988265963, 942684.1025916685 1944781.2011022219, 942794.123339134 1944664.485663714, 942860.2599131293 1944840.0242539935, 942958.2506660797 1945004.7134354268, 943085.1846264979 1944954.8800634735, 943032.6044615702 1944645.5697464426, 943138.3579154448 1944571.6036128434, 943140.0624166026 1944446.6144309186, 943304.0706956156 1944426.751208022, 943388.3710659455 1944388.1912479338, 943560.9010577163 1944364.0520692784, 943595.0161237683 1944320.852864856, 943712.3874358983 1944331.6880267852, 943791.3953687375 1944139.2640992475, 943792.8708489853 1944063.8684606245, 944082.9880846697 1944221.7068298056, 944098.3690150974 1944139.762590371, 944113.0150804379 1944002.7050510373, 943983.1710735766 1943898.031418777, 943902.7711091687 1943773.86103053, 943653.1649159624 1943692.6085879009, 943546.2134018107 1943605.3419536732, 943241.4712832026 1943177.004948061, 943023.0764798871 1943103.2528112633, 942965.9351641948 1943034.7807543539, 942883.3644227779 1942833.4530938494, 942772.1463740928 1942706.7746116465, 942570.1783736907 1942680.3348807315, 942398.3844994784 1942739.2167045514, 942267.1384724802 1942718.941894092, 942305.2236559369 1942814.9011472627, 942325.739035746 1943009.0259719687, 942185.7900362448 1943012.5472678468, 942171.2407631634 1943069.896781716, 942179.466999988 1943116.8573034222, 942145.4286193984 1943163.4976294683, 942143.9526316536 1943166.1388380136, 942077.4569648143 1943203.686034468, 942022.937405163 1943221.608331231, 942188.6758956474 1943317.8610274005, 942265.3799979009 1943408.6066182253, 942366.1342893842 1943581.6985569524, 942435.7030945759 1943626.5028044211, 942494.3536961321 1943806.1744553945, 942469.9431074393 1943897.632905144, 942365.435692856 1943946.1200625119, 942384.067586897 1944120.6598441466, 942385.0830785327 1944126.9687370942, 942382.3339066381 1944133.2947120972, 942382.3379260277 1944133.3006755481, 942410.6762349441 1944170.9208156553, 942413.1900368627 1944177.244860014, 942594.6956761348 1944232.2236783993, 942439.4888147335 1944468.53477539, 942330.2989208712 1944492.7242123664, 942277.3548744787 1944457.737776714, 942190.1122148046 1944509.674153997, 942105.837840447 1944644.3998168213, 942028.9193788647 1944694.744212576, 941858.0670619295 1944700.8621890426, 941745.4618398082 1944731.8016246522, 941702.8331399151 1944674.1641545761, 941597.2409605626 1944728.5814140264, 941425.3162310586 1944752.0268119937, 941352.6898131066 1944840.2479029107, 941284.8834064944 1944797.1647647119, 941340.2935959657 1944887.4324162423, 941347.6284004035 1945075.839058921, 941444.5789517559 1945097.089835908, 941560.5887710332 1945236.615331223, 941630.7446461502 1945230.6564137337, 941678.1610398878 1945328.1253222513, 941772.0748670965 1945377.789728391, 941905.2328640785 1945338.5121023196, 942056.04711381 1945448.8624264407, 942141.5665918193 1945590.2562476783, 942161.2453266332 1945527.0367227525, 942293.0464457431 1945302.7861583435))",구로구,개봉동,,,,,No Data,,,
11530102,구로동,Guro-dong,41,0.000538,0.140068,11530102,0,,,11530102,구로동,0,0,0,0,0,"POLYGON ((947239.1069001232 1943030.609570899, 946959.9579681646 1942607.9046209794, 946863.4844700013 1942383.4560652266, 946585.1567576731 1942313.8972381027, 946442.7512155019 1942499.3768988487, 946261.8373676649 1942554.6646765904, 946234.6058876929 1942690.5997120177, 946151.1102418358 1942828.2398186445, 946131.050170704 1942928.4427207639, 945863.113038083 1943017.7944789787, 945712.8447227149 1943033.03255853, 945564.3266468439 1943202.6435044704, 945473.4498361204 1943214.4586307395, 945231.8953863796 1943322.1402047863, 945222.147491213 1943261.7754809414, 945267.7286277968 1943122.6376174404, 945241.4689189128 1943134.2623721128, 945053.717026984 1943228.7922413263, 944979.1686806385 1943164.7303067734, 944707.7398707112 1943087.4987530191, 944779.9921748358 1943257.169128595, 944833.9476719424 1943257.9160390503, 944897.7118925937 1943361.9407885342, 944907.252118153 1943441.5961503917, 944821.546163489 1943492.7993197034, 944704.6824555717 1943475.116498154, 944579.0773691996 1943408.530465196, 944523.5874945968 1943551.1277160181, 944695.5469001035 1943736.8449631864, 944507.8901204976 1943669.5261152862, 944419.3362421392 1943577.87041953, 944328.0064802513 1943559.094082158, 944280.5327647807 1943658.1059875574, 944299.4212210065 1943743.022319363, 944251.3975087653 1943785.81205265, 944285.3175585944 1944058.4963698767, 944165.7906667314 1944171.7064153177, 944098.3690150974 1944139.762590371, 944082.9880846697 1944221.7068298056, 944181.4242659102 1944277.7035699065, 944169.608068535 1944398.6445145526, 944219.232543511 1944568.0542830275, 944219.1260753709 1944568.5232032193, 944292.7555052591 1944782.985360691, 944327.2145118973 1944954.7382095603, 944462.5929822837 1945042.0849271493, 944483.1840273464 1945169.851817319, 944634.2923702928 1945105.871740383, 944646.3084286441 1945238.501853453, 944737.117657342 1945450.2779575794, 944805.3416228641 1945473.1279414368, 944924.1992071681 1945327.872855138, 945139.5411593637 1945206.076369506, 945206.6102001535 1945208.6885892535, 945443.3018332033 1945083.9707974622, 945531.0133929126 1945164.5823335138, 946123.5650934152 1945611.9598376825, 946291.6395135988 1945706.2771275435, 946438.2304923218 1945255.5025147647, 946323.6572184514 1945067.990792937, 946362.0861788084 1944997.0460093955, 946326.377536179 1944930.3330894117, 946343.0706043913 1944739.1025846829, 946403.6713240838 1944654.0822336725, 946439.3792029646 1944495.6488611181, 946486.4163145343 1944162.2704701137, 946617.1115305889 1943515.6184205986, 946794.1449313379 1943247.444177608, 947108.282622819 1943056.4695096388, 947239.1069001232 1943030.609570899))",구로구,구로동,,,,,No Data,,,
11110125,중학동,Junghak-dong,72,3e-06,0.008135,11110125,0,,,11110125,중학동,0,0,0,0,0,"POLYGON ((954133.8435228757 1953096.8709297616, 954206.2918469923 1953051.5331845027, 954017.7970081444 1952891.3479767481, 953951.3693610233 1952901.424406624, 953992.5617857211 1952987.4547937291, 953956.4260081822 1953075.4276425093, 954051.5302144398 1953090.3011470286, 954133.8435228757 1953096.8709297616))",종로구,중학동,,,,,No Data,,,
11140162,신당동,Sindang-dong,162,0.000244,0.100908,11140162,1,2026-04-15,중구,1114016200,신당동,64,61,54,38,22,"POLYGON ((957195.0767405255 1952373.7339188247, 957228.538876611 1952314.9075337, 957242.1895706857 1952075.4651003566, 957072.5439217966 1952038.6914941943, 957097.2003214145 1951862.9554628518, 957105.7455761394 1951736.180108157, 957208.005546595 1951636.8270332117, 957278.2185516784 1951887.673273604, 957442.7907675795 1951910.0461372253, 957655.2900687271 1951920.4509542668, 957913.61995298 1951861.8282086507, 957926.7393733901 1951932.6353165198, 957927.6720671062 1951864.3764380757, 958210.2281811468 1951847.6507589938, 958185.2597727048 1951662.279703475, 958135.0569213167 1951580.2175051405, 958010.8551375035 1951498.4698128114, 957904.3951421328 1951363.645037048, 957853.8661180298 1951220.1511411848, 957864.3716107674 1951053.0965947781, 957776.4592521043 1951010.7707477333, 957686.2190711913 1951050.2266318952, 957433.3004536092 1950942.642246101, 957370.7294386709 1950833.3827504069, 957327.3292154581 1950679.322815335, 957338.1466102919 1950588.7996537394, 957149.850764149 1950354.5697654237, 956995.7880678009 1950191.1032956692, 956910.1825576513 1950120.8814272312, 956859.1045967826 1950018.3113977392, 956689.5941068841 1949952.8083226793, 956637.7813804831 1949860.2832203447, 956647.4278261779 1949786.119083642, 956553.2230192104 1949639.7657829684, 956626.4286693943 1949536.7956022392, 956473.99209831 1949506.877870704, 956276.8728961616 1949764.4229226634, 956305.1508654967 1949894.7100576782, 956376.0633061811 1949987.9464758714, 956249.2152279348 1950043.1789757414, 956217.6131831796 1950212.727550289, 956247.1907161617 1950245.6683669968, 956192.7298096553 1950364.6443184386, 956240.3197397055 1950525.2574637525, 956231.1356323798 1950597.3269751999, 956472.7449193246 1950897.0737355906, 956563.071931003 1950963.1537994419, 956571.0238342272 1951094.71184825, 956596.4897043516 1951198.16478044, 956706.8518397779 1951330.4699286798, 956659.4843345734 1951393.5214760364, 956701.4693885375 1951629.3578510727, 956732.6440296698 1951792.9445224903, 956873.5003784217 1951982.4120815594, 956803.101552194 1952186.7685693582, 956759.0269041422 1952221.8196906028, 956716.0835290032 1952379.39403311, 956733.7883393895 1952379.9611761672, 957195.0767405255 1952373.7339188247))",중구,신당동,중구,신당동,-0.9932915518768207,62.0,Not Sig,0.006864508084039308,0.476,3.0
11305101,미아동,Mia-dong,166,0.000448,0.106897,11305101,0,,,11305101,미아동,0,0,0,0,0,"POLYGON ((959395.8224879528 1957448.4386612833, 959377.7006464419 1957408.9040535844, 959370.418688249 1957398.9410931724, 959368.1603371484 1957397.045520765, 959323.3772418732 1957346.3632635397, 959279.4495338157 1957297.3342770159, 959253.6391228132 1957284.1577984516, 959240.5505472382 1957268.2894353305, 959235.3682319507 1957265.4106362544, 959214.0371930972 1957233.2792285779, 959207.5984677039 1957215.788292527, 959193.1474706233 1957175.1304105034, 959182.928340144 1957157.7330046133, 959169.8387242948 1957145.87609615, 958990.9461037933 1957048.8900284872, 958760.867891278 1956863.7065294215, 958540.7427531057 1956720.6800969972, 958550.1782357405 1956979.294013555, 958536.2372950619 1957096.3121268412, 958204.6775804966 1957134.1157635453, 958170.8093120292 1957084.667044585, 958049.7532770222 1957075.6464200933, 957825.9007647198 1956991.0808064817, 957811.6899638479 1957090.238036103, 957697.0775588121 1957117.0585631796, 957570.5908233015 1957260.330548718, 957503.9267792164 1957264.6505107784, 957423.594468857 1957352.8059841802, 957345.7552781306 1957381.8397033622, 957151.8654281421 1957360.8357640675, 957057.1491707193 1957456.2183751587, 956766.6094525722 1957603.9610425865, 956762.9771882662 1957693.3874086312, 956631.1198163957 1957806.5738293296, 956514.0120139335 1958011.2779353787, 956565.8595995504 1958280.6150551315, 956573.770976934 1958398.6976062132, 956662.0932560741 1958511.3920277234, 956848.200572907 1958574.939079013, 957076.8437012322 1958718.2730498726, 957227.8518047234 1958713.6682869599, 957309.4194080373 1958843.8304849542, 957437.8183338109 1958918.810449752, 957433.9008012043 1958968.7669633413, 958030.6505339224 1959156.43134422, 957951.5710384715 1959428.5650340184, 957954.2208285122 1959584.089891399, 958314.3026684556 1959582.4476715096, 958261.6686896398 1959473.8824750877, 958319.6763249212 1959441.213112959, 958436.4339804618 1959472.421868122, 958458.0581575828 1959359.7456814514, 958536.2351201101 1959215.4498851483, 958513.8776361689 1959173.1943930767, 958647.9702404627 1958949.8390138873, 958747.9160838781 1958699.4071145093, 958855.9081406116 1958244.1376082874, 958918.7460853683 1958174.585978796, 958907.6535254727 1958080.305953295, 959125.6152471352 1957952.6082069161, 959142.3546402634 1957896.7506834057, 959270.5927554545 1957831.0959860838, 959248.3387068601 1957755.6540662358, 959296.4144365897 1957646.4226967415, 959301.7985692944 1957499.582272808, 959395.8224879528 1957448.4386612833))",강북구,미아동,,,,,No Data,,,
11110103,궁정동,Gungjeong-dong,44,7e-06,0.013882,11110103,0,,,11110103,궁정동,0,0,0,0,0,"POLYGON ((953561.8799086151 1954257.725619442, 953602.6996526992 1954140.6464947553, 953578.6438743926 1954096.318658588, 953563.3676897924 1953899.3692243544, 953521.4936154404 1953891.0310868789, 953236.7568405544 1953956.6858799697, 953235.0971595539 1953997.211585503, 953308.3696357582 1954105.9476949316, 953369.6406392392 1954066.2660114502, 953461.9049217502 1954183.2110941922, 953561.8799086151 1954257.725619442))",종로구,궁정동,,,,,No Data,,,
11380107,응암동,Eungam-dong,28,0.000267,0.078684,11380107,0,,,11380107,응암동,0,0,0,0,0,"POLYGON ((950453.8321706792 1955494.1888983396, 950447.5179542399 1955492.379769067, 950350.7668628412 1955533.2789537744, 950083.0741003014 1955397.789902597, 949930.7134168947 1955363.0780458422, 949799.01869583 1955221.0014950128, 949704.645060193 1955169.0170651027, 949552.1978498446 1954917.5643713002, 949483.460735405 1954840.3909438346, 949467.7536656758 1954598.2778146416, 949501.8507376065 1954486.4171482201, 949352.5633009446 1954365.623026567, 949135.348084155 1954345.5815489958, 949116.5868909841 1954240.5669519664, 949038.212302628 1954176.9051758486, 948956.1894995195 1954079.0698224031, 948946.8541394002 1953942.6656860276, 948867.8115880038 1953885.8999136614, 948694.1496707528 1953936.5233592272, 948433.4865838661 1953905.6551927014, 948414.2058320586 1954226.053731058, 948163.3583417631 1954365.5270875234, 948195.439152336 1954522.9955206478, 948223.2379241064 1954688.7421966388, 948443.5485089673 1955682.7120425056, 948723.3734628966 1955800.455762642, 948829.3193653795 1955880.7953725012, 948872.4950320628 1955968.224779409, 949017.9655514117 1955953.0666222768, 949371.5778861517 1956044.3964622328, 949504.7570659708 1955965.962094405, 950110.561800137 1955887.342162802, 950199.3378886795 1955858.3263364688, 950246.3609697198 1955749.2039644448, 950453.8321706792 1955494.1888983396))",은평구,응암동,,,,,No Data,,,
11110114,내자동,Naeja-dong,56,5e-06,0.009823,11110114,1,2026-04-15,종로구,1111011400,내자동,2,0,0,0,0,"POLYGON ((953506.0595788866 1952867.0697415457, 953246.5132911097 1952950.5048861946, 953215.9454680794 1952971.4857610422, 953248.7498694436 1953143.728950287, 953413.3587277082 1953152.2992796467, 953506.0595788866 1952867.0697415457))",종로구,내자동,,,,,No Data,,,
11140110,수표동,Supyo-dong,159,4e-06,0.008403,11140110,0,,,11140110,수표동,0,0,0,0,0,"POLYGON ((955041.9652197747 1952214.853716166, 955040.9515131849 1952200.581491096, 955038.0676179872 1952062.2357043724, 954934.5875528569 1952056.0721846267, 954821.2546268984 1952052.4223110192, 954782.8981896314 1952121.1391496542, 954804.2380167531 1952208.9702230094, 954804.248961835 1952208.9691648625, 954868.8451562745 1952204.9458857144, 955041.9652197747 1952214.853716166))",중구,수표동,,,,,No Data,,,
11260106,신내동,Sinnae-dong,201,0.00036,0.115943,11260106,0,,,11260106,신내동,0,0,0,0,0,"POLYGON ((966170.3513672426 1956672.0407578847, 965804.3625375213 1956842.4437677858, 965784.6411325004 1956909.1085217039, 965569.1329689538 1957046.8100526, 965447.0480012612 1956997.941058279, 965213.9916767419 1957067.9815422408, 965132.4976842233 1957155.2053469543, 964968.5960565635 1957141.3894714438, 964804.7361983738 1957164.5980491657, 964785.5198119972 1956835.357176983, 964807.4569132603 1956726.857600803, 964877.635621409 1956691.3339396147, 964936.553302961 1956788.3200359722, 965021.1897454124 1956742.0893578841, 965024.7795112847 1956449.4240816673, 964882.0738580786 1956171.8557226115, 964891.9765847498 1956106.4025789392, 964742.7270424183 1955983.6012973192, 964732.1726203964 1955756.597848079, 964288.6924583175 1955636.0529807908, 964327.2750837562 1955764.9379686296, 964279.5656518646 1955807.040799259, 964237.7336918907 1955964.8709124885, 964146.540161715 1956013.8558462583, 964173.0328109822 1956166.5936071472, 964132.2469128305 1956248.969512359, 963736.1893342024 1956710.4287394588, 963587.9674080511 1956666.7416401857, 963503.7982430909 1956800.6848396326, 963413.6451238375 1956788.8007296547, 963356.2179337888 1956998.9623384203, 963436.2633758165 1957176.7978845846, 963472.0113542676 1957189.9999639317, 963485.603006076 1957343.3757160532, 963708.7589791955 1957369.547613123, 963863.0282660711 1957643.6345085213, 963742.5165194179 1957710.191635108, 963794.6294699084 1957867.288917054, 963957.3515106654 1957793.4235657984, 964024.530502624 1957735.3028202686, 964141.0695890201 1957703.7088679306, 964211.7468030307 1957806.0766241006, 964365.744289834 1957807.7006755727, 964406.1194075067 1957867.4897382846, 964597.5649419067 1957959.7016513085, 964772.3415791737 1957858.239024283, 964851.3108198976 1957917.5265653525, 965036.9058697284 1957940.7496959881, 965129.0198408485 1957920.132545743, 965192.1595646852 1957954.6915221498, 965507.8946230743 1957969.1710856818, 965631.11243821 1958028.4461666178, 965773.8256170249 1957944.8766110856, 966027.3782736635 1957858.3722178359, 966088.6672048941 1957868.8390388722, 966102.1179729204 1957752.174064341, 966214.2083602252 1957674.6264668328, 966223.2230374902 1957546.5544845043, 966171.3976659597 1957467.0428688654, 966241.0191527237 1956995.9524752353, 966176.812910639 1956814.1134374386, 966170.3513672426 1956672.0407578847))",중랑구,신내동,,,,,No Data,,,
11500109,방화동,Banghwa-dong,220,0.000514,0.118474,11500109,1,2026-04-15,강서구,1150010900,방화동,25,25,21,12,4,"POLYGON ((941018.4229970418 1954246.8546123388, 940726.3811300672 1954033.999924074, 940482.601681037 1953765.5207452895, 940391.616846748 1953623.8957407337, 940240.166866369 1953523.3662921714, 940042.2834377013 1953214.0309084645, 940024.529984127 1953105.180408084, 940046.3901559049 1952961.2932566057, 940167.0614550794 1952809.5270117496, 940198.4906657829 1952446.8685397292, 940183.524230996 1952340.4411306516, 940233.1241621202 1952156.4814676887, 940167.77009181 1952067.194937141, 939904.8274555606 1951903.7310309627, 939887.489773853 1951946.1553751368, 939755.8342643785 1951901.4197437698, 939618.9218944077 1951915.9937472253, 939534.6250951069 1951874.2329731518, 939341.4869789894 1951902.1052087967, 939284.0563996056 1951856.9056295087, 939143.4362195836 1951855.9190922608, 938994.4278196656 1951706.939462011, 938843.0769577941 1951589.6712249971, 938726.052606959 1951539.4176129182, 938608.6449474675 1951522.670077154, 938503.9226682885 1951546.262887545, 938347.9989440701 1951524.5684262181, 938327.5465537021 1951626.9876508485, 938193.5143819427 1951682.078213312, 938113.3997489458 1951747.730076112, 938065.3309331534 1951852.5391154021, 937968.9207584598 1951922.7454963292, 937964.3245718613 1952004.1342381362, 938089.8603630611 1952314.0207160458, 938292.9409742849 1952566.4434613257, 938240.5025532985 1952729.2415309714, 938356.7789816534 1952854.3216559596, 938439.9052326801 1953027.0656138514, 938528.8985230175 1952967.5057543516, 938583.6538078447 1953062.4641378582, 938649.041049126 1953317.4211703187, 938719.6698282827 1953394.8838171226, 938690.5801713706 1953581.0771056486, 938762.9261648995 1953778.745016902, 938755.0539366999 1953852.6043054874, 938879.0396096085 1953891.5826186193, 938909.0134255835 1953977.1747493495, 939023.3222315898 1954028.3369028685, 939255.6740846195 1953963.8234827926, 939339.0801344851 1954050.9688052232, 939445.519598463 1953914.8439643313, 939517.9926422427 1954219.215175414, 939562.7764546571 1954288.0316579493, 939554.0794348312 1954393.472240843, 939483.3590147932 1954431.0041332464, 939722.5297946577 1954899.217660152, 939854.9568524893 1955142.2516381792, 939908.9920361077 1955045.7401075806, 940656.2219938157 1954444.7975815358, 941018.4229970418 1954246.8546123388))",강서구,방화동,강서구,방화동,1.5981600453301297,25.0,Not Sig,-0.10882043611681265,0.356,4.0
11110158,예지동,Yeji -dong,86,7e-06,0.013724,11110158,0,,,11110158,예지동,0,0,0,0,0,"POLYGON ((955923.7082328069 1952448.065514118, 955975.3388034501 1952354.7611635616, 955666.8673335143 1952282.1131929273, 955525.2537980668 1952262.5321510932, 955439.9113829175 1952427.0333087838, 955762.7014720519 1952449.4711648466, 955923.7082328069 1952448.065514118))",종로구,예지동,,,,,No Data,,,
11110171,명륜2가,Myeongnyun 2(i)-ga,114,1.1e-05,0.01341,11110171,1,2026-04-15,종로구,1111017100,명륜2가,6,5,4,2,1,"POLYGON ((955977.6402510054 1953922.8602105137, 955759.8107273924 1953829.980124734, 955716.7072255025 1953853.087387115, 955586.5328678716 1954007.6722218909, 955586.1940888547 1954132.0528851328, 955701.735583113 1954230.0833642338, 955827.9725522468 1954200.5891465312, 955884.9026039112 1954233.62347497, 955919.213148475 1954051.8390081292, 955977.6402510054 1953922.8602105137))",종로구,명륜2가,종로구,명륜2가,-1.550861424996852,5.0,Not Sig,-0.23129375167111038,0.22,2.0
11110102,신교동,Singyo-dong,43,1e-05,0.014906,11110102,1,2026-04-15,종로구,1111010200,신교동,7,5,5,0,0,"POLYGON ((953235.0971595539 1953997.211585503, 953236.7568405544 1953956.6858799697, 953223.9762091468 1953879.4673484538, 953091.4655759262 1953869.9135607716, 952964.9345778807 1953910.1601693134, 952766.8050763955 1954092.8025908351, 952770.703053744 1954156.1663876732, 952832.3801540388 1954147.593269519, 953133.2523630954 1954182.8371175337, 953235.0971595539 1953997.211585503))",종로구,신교동,종로구,신교동,2.4708342270823045,5.0,HL,-0.99470231581715,0.015,4.0
11110134,경운동,Gyeongun-dong,76,6e-06,0.013991,11110134,0,,,11110134,경운동,0,0,0,0,0,"POLYGON ((954825.686521387 1953013.0013163842, 954831.9607708333 1952914.2752586375, 954674.5473083749 1952831.4616983589, 954648.6856296887 1952830.6175755698, 954555.6833539781 1953038.0853047264, 954464.8410866403 1953084.4647461686, 954574.646810659 1953153.3275677722, 954640.0737077744 1953179.6755594276, 954693.7378386975 1952985.3760407367, 954825.686521387 1953013.0013163842))",종로구,경운동,,,,,No Data,,,
11620102,신림동,Sillim-dong,241,0.001847,0.230891,11620102,0,,,11620102,신림동,0,0,0,0,0,"POLYGON ((949095.3791345373 1943569.4107935692, 949208.9255122875 1943570.2209131822, 949395.9579343067 1943522.5531271056, 949511.4469905434 1943470.108423866, 949981.2754346037 1943201.9327238952, 949980.4684389129 1942991.69238487, 950184.777112113 1942949.9346850011, 950296.3630217817 1942888.2381658982, 950271.5705408503 1942704.4468581735, 950099.579856706 1942536.530387414, 950183.9561947812 1942479.7329761363, 950231.801361648 1942391.0320862287, 950360.5534857971 1942338.9618896912, 950459.5042972368 1942181.4082119344, 950669.7067465979 1942027.3429175783, 950863.6724527252 1941817.0395816523, 951085.2836692175 1941631.3104801013, 951179.5475944905 1941608.7434673351, 951286.8456215414 1941652.1601630514, 951404.2690871014 1941515.682528812, 951491.7730595483 1941525.393361881, 951655.4832736863 1941431.132334105, 951696.0757276772 1941221.741581012, 951737.073356679 1941110.8649003387, 951821.6236073085 1941023.3036745596, 951908.8824338815 1940872.0606516502, 951865.4565960917 1940713.7694473818, 951898.5745504994 1940654.8671006293, 951854.9324526194 1940526.3487391658, 951975.4667739632 1940312.777008526, 952026.0462151277 1940187.6710111562, 952208.1024877967 1940005.6660569352, 952388.2889244554 1939794.96392419, 952725.0351965 1939667.3734423558, 952827.5383813388 1939786.290902685, 952917.8910974921 1939759.3199801175, 953016.0303174572 1939425.7146341195, 953151.2918597102 1939226.1773700956, 953173.3139611298 1939050.5361973678, 952915.6262318034 1938933.0347747954, 952615.9950067917 1938700.3009091413, 952583.7876450953 1938583.7406230653, 952626.1429833319 1938483.4583674315, 952621.6495509682 1938290.9854009578, 952643.6161685177 1938231.252959627, 952492.8339062127 1938036.9931738228, 952237.5184002115 1938051.7712146337, 952140.2043215632 1937904.728009192, 951798.7183757655 1937864.8113200369, 951560.399674787 1937921.44059807, 951476.4826871484 1937853.866622067, 951349.6045650701 1937859.5969502046, 951283.1310147805 1937818.7888470797, 951201.9661707781 1937870.5587888556, 951062.3631733535 1937810.868064909, 950911.3359615543 1937692.0901352854, 950636.4020416569 1937740.011848736, 950587.2156140724 1937729.061412915, 950479.5066390589 1937542.0364368756, 950334.4263851143 1937621.4382170923, 950261.8397442658 1937728.9388953745, 950218.9550388786 1937931.8431288537, 950274.2245109322 1938040.7293897853, 950167.6413379231 1938213.0848666667, 950079.1480002294 1938261.5520544867, 949984.4055330403 1938375.1069085246, 949736.8272622508 1938574.0591796648, 949631.4640076611 1938629.3274319626, 949597.578771864 1938730.4423344103, 949616.6901644439 1938876.7223195625, 949599.2725801006 1938953.054210813, 949444.0499111754 1939156.960740302, 949441.9470967379 1939244.5696779082, 949349.5827550369 1939244.7339046665, 949257.7237834296 1939415.999686222, 949126.1627163785 1939449.1396519511, 948999.6316703608 1939601.4225283137, 948928.7770753852 1939838.6742725235, 948783.7502971141 1939894.9844217433, 948676.747842274 1939887.7377332135, 948482.788292291 1939928.1512841282, 948431.5992155228 1939973.8481852359, 948258.9597347587 1939952.005721964, 948177.7259452508 1940016.4085657971, 948197.0718820934 1940132.802728335, 948193.9754218812 1940356.5661085304, 948212.4508717721 1940425.5378273875, 948087.3126763828 1940645.9641268847, 948087.3464842495 1940719.9282662976, 948153.0164295605 1940847.2580067632, 948037.6898096144 1940903.5237107992, 947972.781831269 1941006.7733621153, 947920.8249095517 1941148.8500055228, 947825.5300506176 1941225.238313584, 947851.1376935857 1941277.8984721736, 947794.6823521637 1941440.094436934, 947672.7739633066 1941666.1548711634, 947899.4578916709 1941761.2217538622, 947954.0617727196 1941858.2037742783, 947938.8216925899 1941940.2753388558, 947994.1340947236 1942122.1778295366, 947996.9928221846 1942227.281278917, 947788.3663038765 1942253.2635431013, 947714.8510127635 1942369.9863750872, 947746.8196497124 1942482.0009765197, 947818.7029768063 1942556.7202553211, 947440.6449793899 1942472.3227599326, 947416.1620720949 1942486.8914341545, 946859.2225714279 1942360.310925188, 946863.4844700013 1942383.4560652266, 946959.9579681646 1942607.9046209794, 947239.1069001232 1943030.609570899, 947239.2003446235 1943030.7339064565, 947495.638239119 1943024.3502082964, 948011.6270250612 1943193.4221404805, 948158.0704446424 1943359.0435302407, 948431.9584531026 1943528.2329066119, 948680.1531657196 1943606.9816302285, 948843.3441579803 1943611.9514042381, 949095.3791345373 1943569.4107935692))",관악구,신림동,,,,,No Data,,,
11620101,봉천동,Bongcheon-dong,242,0.000831,0.164781,11620101,0,,,11620101,봉천동,0,0,0,0,0,"POLYGON ((949602.5336304528 1944013.4473335452, 949651.3639629377 1943990.3320392906, 949664.8886834596 1943980.8701126103, 949829.7863244251 1943893.500455009, 949952.3098362128 1943917.6734316582, 950088.6528743944 1943874.1709459517, 950192.3170558941 1943787.7483653896, 950351.1363577914 1943829.1874366389, 950429.9495360735 1943810.2140219589, 950448.3810787876 1943820.2997948485, 950547.7603031343 1943880.43277481, 950571.5560757814 1943885.1157335322, 950650.516901218 1943804.9372994504, 950890.1624254385 1943839.879870632, 950899.2918764029 1943911.0384643988, 951037.2399754968 1943949.5776440515, 951115.2616759542 1944014.081338585, 951164.6558834909 1943974.1009717993, 951274.8421086272 1943983.934130057, 951277.3590316318 1943908.425052073, 951403.2460837904 1943835.2619421137, 951531.423317241 1943800.318979064, 951708.9312704339 1943627.110685228, 951841.9612220222 1943704.9031432376, 951854.680535016 1943713.6379995332, 952042.6017344834 1943775.1670799267, 952129.1687023153 1943846.4957964325, 952173.4033412647 1943954.9353429263, 952292.2038639209 1943969.6576272757, 952387.8755391785 1943872.527570054, 952388.6714035062 1943718.5575235663, 952333.8605380582 1943646.4483904166, 952386.5441352545 1943457.4433991371, 952435.3958072771 1943397.6317052918, 952409.5140673833 1943108.6111397257, 952436.5957676696 1943018.424729145, 952355.0726837994 1942839.711702287, 952440.3989611077 1942715.368250302, 952607.139447886 1942556.0655900217, 952647.9916986494 1942422.4508069572, 952817.8520174976 1942322.4792102224, 952944.4633608125 1942200.9505115456, 953036.3524396117 1942063.6827325358, 953164.0635858083 1942049.7404615649, 953185.3147557672 1941926.7804948282, 953203.7946997867 1941796.9975329072, 953259.149764622 1941715.6644403946, 953231.1063812448 1941548.4492307403, 953260.9383943037 1941321.8002077402, 953236.239255055 1941268.169379357, 953282.2870788742 1941094.715026817, 953378.2574234272 1940993.9804753629, 953400.4384931083 1940852.896769266, 953485.8460262499 1940781.2349910857, 953432.3591131426 1940610.86214965, 953369.7290736708 1940608.2892905765, 953231.877181437 1940524.5380496124, 953157.4360754268 1940445.7678989384, 953113.592732989 1940332.0672067981, 953044.9540627497 1940263.7339822212, 952985.9317623241 1940135.9621704593, 952826.0734146123 1939996.1058640252, 952854.977262029 1939928.2553657866, 952827.5383813388 1939786.290902685, 952725.0351965 1939667.3734423558, 952388.2889244554 1939794.96392419, 952208.1024877967 1940005.6660569352, 952026.0462151277 1940187.6710111562, 951975.4667739632 1940312.777008526, 951854.9324526194 1940526.3487391658, 951898.5745504994 1940654.8671006293, 951865.4565960917 1940713.7694473818, 951908.8824338815 1940872.0606516502, 951821.6236073085 1941023.3036745596, 951737.073356679 1941110.8649003387, 951696.0757276772 1941221.741581012, 951655.4832736863 1941431.132334105, 951491.7730595483 1941525.393361881, 951404.2690871014 1941515.682528812, 951286.8456215414 1941652.1601630514, 951179.5475944905 1941608.7434673351, 951085.2836692175 1941631.3104801013, 950863.6724527252 1941817.0395816523, 950669.7067465979 1942027.3429175783, 950459.5042972368 1942181.4082119344, 950360.5534857971 1942338.9618896912, 950231.801361648 1942391.0320862287, 950183.9561947812 1942479.7329761363, 950099.579856706 1942536.530387414, 950271.5705408503 1942704.4468581735, 950296.3630217817 1942888.2381658982, 950184.777112113 1942949.9346850011, 949980.4684389129 1942991.69238487, 949981.2754346037 1943201.9327238952, 949511.4469905434 1943470.108423866, 949395.9579343067 1943522.5531271056, 949208.9255122875 1943570.2209131822, 949095.3791345373 1943569.4107935692, 949154.6909720218 1943675.5150730563, 949222.8329590204 1943883.20165243, 949304.2651924037 1943959.8416771775, 949317.6315680855 1944033.4769401834, 949430.7249968223 1944133.8322571157, 949602.5336304528 1944013.4473335452))",관악구,봉천동,,,,,No Data,,,
11110142,소격동,Sogyeok-dong,81,6e-06,0.010563,11110142,1,2026-04-15,종로구,1111014200,소격동,1,1,1,1,1,"POLYGON ((954273.6104961777 1953376.4505233387, 954216.7683994449 1953337.9461010261, 954055.5352130742 1953322.0284603715, 954109.9084478143 1953628.7653081364, 954187.8318101114 1953698.3358948359, 954294.2120379028 1953524.121289238, 954275.0231415264 1953407.2410886483, 954273.6104961777 1953376.4505233387))",종로구,소격동,종로구,소격동,6.711190435979873,1.0,HH,3.0941690279079217,0.014,1.0
11110127,공평동,Gongpyeong-dong,82,4e-06,0.008863,11110127,0,,,11110127,공평동,0,0,0,0,0,"POLYGON ((954457.3273550926 1952665.0653487334, 954484.1808407635 1952585.1752075641, 954445.0616112838 1952474.3672851527, 954358.0237098143 1952474.196418986, 954262.4399613134 1952474.9198811618, 954265.9693780841 1952644.9626657607, 954286.76584437 1952642.0994251878, 954457.3273550926 1952665.0653487334))",종로구,공평동,,,,,No Data,,,
11110122,청진동,Cheongjin-dong,84,6e-06,0.01155,11110122,1,2026-04-15,종로구,1111012200,청진동,1,1,1,1,1,"POLYGON ((954265.9693780841 1952644.9626657607, 954262.4399613134 1952474.9198811618, 953952.3851909271 1952494.1791044842, 953948.3321661694 1952690.6814672167, 954081.9544462969 1952699.3206123551, 954265.9693780841 1952644.9626657607))",종로구,청진동,종로구,청진동,-0.07694068066622606,1.0,Not Sig,0.0872428565541343,0.224,3.0
11590104,본동,Bon-dong,10,7.7e-05,0.041083,11590104,0,,,11590104,본동,0,0,0,0,0,"POLYGON ((952445.644803304 1946116.3567968209, 952268.5579860442 1945955.7606534003, 952107.2678947584 1945908.0009122351, 952059.3412013198 1945785.1604936218, 951855.2393949402 1945672.8916833808, 951836.8061436892 1945518.992954383, 951799.1176595655 1945503.5206160035, 951729.4911803633 1945518.4781353264, 951668.1141460332 1945634.3539592607, 951536.8056209967 1945563.3714462903, 951536.71221829 1945563.4658525, 951506.029369575 1945557.0774814186, 951445.5475624851 1945563.559579364, 951305.5874691792 1945623.3663586325, 951244.1182218656 1945855.3090000546, 951304.4952873011 1946034.1359135197, 951403.1707852088 1946158.7956390243, 951272.0971755009 1946265.9472782242, 951253.5610270954 1946397.150627534, 951416.1902130817 1946601.6086530085, 951813.1616501381 1946445.282622417, 952445.644803304 1946116.3567968209))",동작구,본동,,,,,No Data,,,
11230106,장안동,Jangan-dong,11,0.000238,0.072927,11230106,0,,,11230106,장안동,0,0,0,0,0,"POLYGON ((962498.2596451383 1953597.2787433886, 962548.0574882877 1953591.2076081233, 962604.2233244497 1953413.707078401, 962669.205292356 1952766.2257244869, 962669.3905434666 1952700.8650968273, 962756.7015873488 1952585.811422485, 962635.7031566203 1952147.541304198, 962388.0117646691 1951777.9911854933, 962234.7432447933 1951265.290210261, 962201.3050853398 1951280.7762600002, 962100.1044760735 1951334.886844514, 961032.9134259217 1951531.69614979, 960841.9739462105 1951713.3617264621, 960968.8958973346 1951627.4862489696, 961136.548724002 1951803.7738330553, 961264.3230866054 1951901.0694833728, 961468.7958515708 1952228.0484255932, 961530.047852423 1952372.1144931521, 961618.944984861 1952500.4693468, 961761.7393708354 1952828.1148953175, 961824.8681337866 1953023.2398537898, 961776.682764124 1953115.7515245508, 961807.6975658495 1953298.9550403792, 961905.7492511404 1953515.9432399971, 961922.6992567236 1953737.904515043, 962498.2596451383 1953597.2787433886))",동대문구,장안동,,,,,No Data,,,
11110116,도렴동,Doryeom-dong,57,3e-06,0.010203,11110116,0,,,11110116,도렴동,0,0,0,0,0,"POLYGON ((953700.610785266 1952562.448863111, 953579.2880776519 1952715.1345038023, 953506.0595788866 1952867.0697415457, 953682.3009223348 1952885.191566454, 953700.610785266 1952562.448863111))",종로구,도렴동,,,,,No Data,,,
11590106,동작동,Dongjak-dong,14,0.000217,0.069328,11590106,0,,,11590106,동작동,0,0,0,0,0,"POLYGON ((954514.3202606777 1944635.7714440627, 954295.1091903575 1944318.8380817873, 954279.6645795967 1943837.0579282332, 954190.3355573161 1943801.8037476945, 954017.8995470265 1943890.0020565588, 953950.1472065568 1943978.1567614365, 953741.3113867686 1944053.3982356065, 953660.0293540325 1944050.0770994106, 953579.0869549795 1944098.1554858638, 953462.5545329278 1944024.2178446238, 953414.3761658147 1943927.4936033413, 953283.0492237824 1943909.0988109298, 952935.0177886016 1943986.1727347868, 952700.1570220687 1943927.3336338631, 952524.4534187707 1944081.6643745797, 952476.869848077 1944195.159441485, 952440.1850456177 1944379.3759024485, 952532.1177219121 1944497.9427981009, 952563.6591125167 1944616.5580459775, 952651.8365522722 1944716.5001514342, 952723.3260051269 1944752.9118223684, 952761.3527472594 1944837.4809913235, 952841.2489079899 1944896.106873867, 952853.9852446129 1944967.4117589972, 952994.5922047684 1945052.6110737969, 953269.8876323169 1945124.5304109156, 953332.5109798308 1945172.6111519085, 953335.3122470414 1945272.2511073607, 953517.8976653953 1945486.607106537, 953622.6889086819 1945434.8070833548, 953880.7515902739 1945382.4407646575, 954078.1880272706 1945379.7817087935, 954076.4249549187 1945162.8518197557, 954026.4363724962 1945117.443973878, 954088.0552733497 1944952.1159215074, 954218.767435348 1944879.5379567028, 954417.5317705078 1944730.594758363, 954514.3202606777 1944635.7714440627))",동작구,동작동,,,,,No Data,,,
11590107,사당동,Sadang-dong,17,0.000335,0.078111,11590107,0,,,11590107,사당동,0,0,0,0,0,"POLYGON ((954279.6645795967 1943837.0579282332, 954264.2681858066 1943551.60275475, 954236.1980540579 1943381.1076321986, 954173.0518240682 1942120.3637323752, 954173.3969979713 1942049.2101235026, 953884.80192669 1942064.1752056486, 953518.6709559995 1942016.3030319156, 953185.3147557672 1941926.7804948282, 953164.0635858083 1942049.7404615649, 953036.3524396117 1942063.6827325358, 952944.4633608125 1942200.9505115456, 952817.8520174976 1942322.4792102224, 952647.9916986494 1942422.4508069572, 952607.139447886 1942556.0655900217, 952440.3989611077 1942715.368250302, 952355.0726837994 1942839.711702287, 952436.5957676696 1943018.424729145, 952409.5140673833 1943108.6111397257, 952435.3958072771 1943397.6317052918, 952386.5441352545 1943457.4433991371, 952333.8605380582 1943646.4483904166, 952388.6714035062 1943718.5575235663, 952387.8755391785 1943872.527570054, 952461.4088426947 1944021.1848659546, 952524.4534187707 1944081.6643745797, 952700.1570220687 1943927.3336338631, 952935.0177886016 1943986.1727347868, 953283.0492237824 1943909.0988109298, 953414.3761658147 1943927.4936033413, 953462.5545329278 1944024.2178446238, 953579.0869549795 1944098.1554858638, 953660.0293540325 1944050.0770994106, 953741.3113867686 1944053.3982356065, 953950.1472065568 1943978.1567614365, 954017.8995470265 1943890.0020565588, 954190.3355573161 1943801.8037476945, 954279.6645795967 1943837.0579282332))",동작구,사당동,,,,,No Data,,,
11320105,쌍문동,Ssangmun-dong,0,0.000284,0.095363,11320105,0,,,11320105,쌍문동,0,0,0,0,0,"POLYGON ((959629.5583803995 1962577.6295609078, 959585.9665134273 1962435.8090163802, 958717.1988985628 1960624.2437509985, 958612.5903050323 1960481.0674346245, 958309.8365806664 1960722.5664031794, 958175.7241439378 1960799.657590548, 958070.4595826534 1960980.1397176948, 957892.9387585295 1961036.8863452557, 957758.2379183337 1961165.4585099071, 957673.6320335158 1961175.1327239564, 957455.3184203686 1961119.9787149713, 957225.9842245656 1961199.5783309615, 957101.8796687525 1961334.6383247473, 957033.8796671968 1961362.903840108, 956994.034122616 1961522.5275660264, 957014.1507645185 1961660.5195911624, 957137.1786552579 1962302.276390285, 957186.382419202 1962439.7702040884, 957194.7733487589 1962553.2435930334, 957302.4423919448 1962535.0042256103, 957396.5946075099 1962634.7390708348, 957445.5402937261 1962565.6819984438, 957402.4275267255 1962509.719707179, 957406.9825507097 1962378.1177684886, 957476.0515693938 1962299.5539051804, 957542.2603447995 1962071.641281768, 957735.3643233307 1961785.7723168405, 957876.0894309491 1961761.987402239, 958124.6297339444 1961748.0425385404, 958178.2300546588 1961883.3578517116, 958190.9727469333 1962013.442066943, 958319.2731022172 1962072.2664700148, 958311.8775215154 1962204.9136786035, 958384.5303115661 1962278.0130936988, 958516.2341075623 1962345.7735555216, 958680.7386667341 1962330.5800794524, 958969.1273118964 1962423.50829855, 959188.7802366148 1962517.3681995869, 959223.2186205194 1962573.4119144275, 959629.5583803995 1962577.6295609078))",도봉구,쌍문동,,,,,No Data,,,
11320106,방학동,Banghak-dong,2,0.000416,0.107166,11320106,0,,,11320106,방학동,0,0,0,0,0,"POLYGON ((960185.3073184111 1963391.9022794412, 960219.6843562786 1963215.1515236602, 960341.0205083118 1963017.782621234, 960437.3363466949 1962812.86726223, 960451.6116370019 1962445.6112489416, 960007.6569653727 1962603.9570784003, 959918.8288994633 1962618.8750536267, 959629.5583803995 1962577.6295609078, 959223.2186205194 1962573.4119144275, 959188.7802366148 1962517.3681995869, 958969.1273118964 1962423.50829855, 958680.7386667341 1962330.5800794524, 958516.2341075623 1962345.7735555216, 958384.5303115661 1962278.0130936988, 958311.8775215154 1962204.9136786035, 958319.2731022172 1962072.2664700148, 958190.9727469333 1962013.442066943, 958178.2300546588 1961883.3578517116, 958124.6297339444 1961748.0425385404, 957876.0894309491 1961761.987402239, 957735.3643233307 1961785.7723168405, 957542.2603447995 1962071.641281768, 957476.0515693938 1962299.5539051804, 957406.9825507097 1962378.1177684886, 957402.4275267255 1962509.719707179, 957445.5402937261 1962565.6819984438, 957396.5946075099 1962634.7390708348, 957311.8569071179 1962695.2128771592, 957255.4234382235 1962840.5885109887, 957294.0297094992 1962950.5701133246, 957259.9608307618 1963004.615325552, 957297.20503386 1963168.434491381, 957372.0119282507 1963264.969116295, 957444.8274211637 1963288.192175986, 957529.0579639307 1963372.7359643476, 957556.0193639336 1963591.6541905326, 957572.7023663264 1963620.0307340205, 957944.4599977193 1963737.246225848, 958105.02253703 1963762.3349003298, 958256.9145369176 1963901.215866877, 958296.9671872678 1963866.6491630527, 958433.6300867659 1963865.834978636, 958511.8178579281 1963939.5592676646, 958586.149642653 1963914.4667580975, 958628.3772181023 1964017.2225971415, 958692.7978229466 1964062.5446945196, 958784.6534367217 1963912.1702965868, 958864.8114926366 1963951.0729574508, 959071.9896682779 1963947.0960641198, 959082.0227543087 1963802.8479194783, 959153.3873669764 1963663.994843444, 959223.5976973387 1963649.6552051129, 959295.2801421992 1963712.5864566355, 959419.3999758868 1963685.8504670134, 959397.2361922674 1963481.925459081, 959631.0823321692 1963479.4860754819, 959751.8033485559 1963440.760694472, 960185.3073184111 1963391.9022794412))",도봉구,방학동,,,,,No Data,,,
11110108,통인동,Tongin-dong,50,5e-06,0.011025,11110108,1,2026-04-15,종로구,1111010800,통인동,10,8,8,4,1,"POLYGON ((953276.5615362469 1953698.4405673132, 953313.9455331756 1953478.1432947272, 953349.9248222653 1953326.9407039837, 953195.5420009391 1953453.6283483033, 953100.0003293745 1953597.08817168, 953067.4004589366 1953661.8302048584, 953276.5615362469 1953698.4405673132))",종로구,통인동,종로구,통인동,2.8118108566878504,8.0,HL,-0.8284669431767451,0.011,4.0
11320108,도봉동,Dobong-dong,3,0.000974,0.152929,11320108,0,,,11320108,도봉동,0,0,0,0,0,"POLYGON ((960483.5969394014 1965236.043838941, 960506.5212147051 1965092.6014314168, 960493.9349948878 1964918.6337412999, 960430.7712982242 1964813.2687380456, 960402.6460632453 1964602.2652701223, 960356.671668306 1964501.1391007355, 960295.1070588566 1964228.2181992647, 960218.6831808311 1964058.2156152595, 960209.1020464476 1963909.097719949, 960169.8158351472 1963743.4216068916, 960156.7686693745 1963536.5560957964, 960185.3073184111 1963391.9022794412, 959751.8033485559 1963440.760694472, 959631.0823321692 1963479.4860754819, 959397.2361922674 1963481.925459081, 959419.3999758868 1963685.8504670134, 959295.2801421992 1963712.5864566355, 959223.5976973387 1963649.6552051129, 959153.3873669764 1963663.994843444, 959082.0227543087 1963802.8479194783, 959071.9896682779 1963947.0960641198, 958864.8114926366 1963951.0729574508, 958784.6534367217 1963912.1702965868, 958692.7978229466 1964062.5446945196, 958628.3772181023 1964017.2225971415, 958586.149642653 1963914.4667580975, 958511.8178579281 1963939.5592676646, 958433.6300867659 1963865.834978636, 958296.9671872678 1963866.6491630527, 958256.9145369176 1963901.215866877, 958105.02253703 1963762.3349003298, 957944.4599977193 1963737.246225848, 957572.7023663264 1963620.0307340205, 957556.0193639336 1963591.6541905326, 957490.1016621643 1963583.8648876525, 957339.5550107092 1963933.4143878599, 957242.3851478868 1963958.5210837235, 957136.1857460149 1964079.586308149, 957143.1277461462 1964150.972017189, 957085.1287083584 1964367.1757103861, 956982.0931948501 1964508.1084734525, 956742.8812739159 1964560.335723349, 956697.9578731902 1964672.9529991415, 956710.471362678 1964788.1635318205, 956657.2019620617 1964963.7528723155, 956679.4535453103 1965097.4708723817, 956660.3344969538 1965205.6185487967, 956674.6433566867 1965426.8642909168, 956650.2111753101 1965721.3498860397, 956591.8897451913 1965886.9265032248, 956777.2347784168 1966079.0560580422, 956775.2760877782 1966446.4609857383, 956992.3514616486 1966521.0774005754, 957147.812021876 1966677.7741344583, 957284.8553471381 1966970.08979325, 957673.4574407047 1966921.8628254533, 957877.2613035039 1966779.0779888593, 957986.8047215071 1966817.626124092, 958156.3280765717 1966763.6451148766, 958296.2098527467 1966837.501711755, 958366.2020151289 1966913.0763614199, 958506.1079388573 1966731.8587973132, 958533.2954176685 1966608.9207624458, 958543.4598496284 1966399.3909503387, 958655.9090361674 1966047.251218302, 958756.5518781992 1966018.7075471699, 958777.5325004944 1965911.2105832752, 959161.3384475188 1965999.4671159505, 959229.0958680769 1966063.4472217557, 959314.6491907365 1966070.623512632, 959354.8832261299 1966147.2895520888, 959439.8651903679 1966158.2490028937, 959447.6073415269 1966224.65843916, 959545.9145884233 1966292.4463378745, 959718.9926319942 1966284.908832082, 959777.6312966874 1966093.3054296006, 959944.545578077 1965967.4644676894, 960136.045224102 1966067.461201567, 960208.4263162883 1966152.9034726282, 960271.9408674638 1965889.2172418484, 960324.3923798916 1965798.1242484953, 960309.8787516698 1965477.3157128105, 960405.6431717841 1965274.6636310783, 960483.5969394014 1965236.043838941))",도봉구,도봉동,,,,,No Data,,,
11230103,제기동,Jegi-dong,5,0.000121,0.054958,11230103,0,,,11230103,제기동,0,0,0,0,0,"POLYGON ((959697.6696709594 1953461.9827178493, 959606.0851109572 1953425.887904688, 959258.0108257859 1953299.6079648074, 958895.4973232438 1953297.736795113, 958750.670484372 1953319.3498110203, 958645.0930514558 1953657.8253177227, 958471.1866563968 1953660.7176644283, 958463.3960322615 1953803.4820967054, 958588.8816521962 1953976.8519529344, 958688.363837245 1954155.4673213544, 958799.3121351219 1954249.8662064108, 958849.241952445 1954337.998226798, 958996.6287878251 1954494.2773909296, 959067.059772919 1954628.3442262814, 959058.6045630507 1954744.263160327, 959285.6713412517 1954767.82413679, 959439.4856158621 1954768.0543969946, 959488.0033714079 1954650.4933250458, 959378.4681658625 1954446.1945054997, 959432.9442899642 1954338.9030672307, 959422.3744329184 1954239.2460479303, 959598.4898615838 1954244.976490078, 959748.683220607 1953651.461878665, 959638.0883888017 1953648.1625060018, 959697.6696709594 1953461.9827178493))",동대문구,제기동,,,,,No Data,,,
11110109,누상동,Nusang-dong,51,2.6e-05,0.028675,11110109,1,2026-04-15,종로구,1111010900,누상동,15,14,12,2,0,"POLYGON ((952982.8345633417 1953604.5173608956, 952952.3463829102 1953445.6396872704, 952869.402686413 1953400.1867603227, 952747.2517631659 1953335.1536122982, 952637.7435715345 1953395.2469967247, 952546.2719863851 1953355.3364971029, 952418.6139462919 1953396.7667334597, 952299.67905764 1953539.6984913312, 952208.3623352158 1953595.1178523812, 952074.4400089503 1953520.2279991654, 952076.7201572083 1953579.2345543462, 952159.9747593189 1953669.6365146618, 952107.9428605436 1953789.8298881808, 952473.3230031494 1953788.137708272, 952606.3146239953 1953698.8575678014, 952683.6361767207 1953757.430255685, 952834.1730420869 1953716.7390601956, 952982.8345633417 1953604.5173608956))",종로구,누상동,종로구,누상동,0.37441487051156225,15.0,Not Sig,-0.00842670511527535,0.092,4.0
11230105,답십리동,Dapsipni-dong,6,0.000169,0.069819,11230105,0,,,11230105,답십리동,0,0,0,0,0,"POLYGON ((961776.682764124 1953115.7515245508, 961824.8681337866 1953023.2398537898, 961761.7393708354 1952828.1148953175, 961618.944984861 1952500.4693468, 961530.047852423 1952372.1144931521, 961468.7958515708 1952228.0484255932, 961264.3230866054 1951901.0694833728, 961136.548724002 1951803.7738330553, 960968.8958973346 1951627.4862489696, 960841.9739462105 1951713.3617264621, 960082.6540951128 1952430.994979521, 959607.2035871862 1952690.0890540306, 959668.294209009 1952831.9355563112, 959848.7621276929 1953119.8222482193, 959826.3774920567 1953001.5216984258, 959877.3481370731 1952827.3668663604, 960014.268754014 1952695.5740191718, 960195.8018959439 1952959.7358258564, 960271.6335685448 1952904.3868918475, 960426.1301638265 1952923.8256498687, 960545.1485023301 1952825.1257994303, 960657.530197798 1952829.3817391237, 960762.8006912436 1952869.8423397983, 960901.0891555608 1952984.654422109, 960972.4998589888 1952967.3459036173, 961191.4040980841 1952987.037789318, 961275.0483033758 1953038.2234704401, 961519.2155878403 1953081.6602027975, 961565.9554300146 1953109.0964834, 961715.9282079161 1953085.1754579686, 961776.682764124 1953115.7515245508))",동대문구,답십리동,,,,,No Data,,,
11230102,용두동,Yongdu-dong,7,0.00013,0.060875,11230102,0,,,11230102,용두동,0,0,0,0,0,"POLYGON ((959606.0851109572 1953425.887904688, 959680.3069255407 1953307.2562735293, 959850.2893257912 1953188.7002205825, 959848.7621276929 1953119.8222482193, 959668.294209009 1952831.9355563112, 959607.2035871862 1952690.0890540306, 959549.7780658485 1952720.6810210976, 959220.7953415718 1952728.015856458, 959216.1344557377 1952644.2317037017, 958996.308900056 1952615.7983878525, 958867.144886732 1952548.3593117136, 958688.5949883023 1952405.0878009836, 958522.4224352669 1952374.9444826888, 958291.827897505 1952443.2245765915, 958323.7286559511 1952838.7861627208, 958288.1407915166 1953311.2608182183, 958009.9072427829 1953418.7326377092, 958186.8323964948 1953568.028064701, 958463.3960322615 1953803.4820967054, 958471.1866563968 1953660.7176644283, 958645.0930514558 1953657.8253177227, 958750.670484372 1953319.3498110203, 958895.4973232438 1953297.736795113, 959258.0108257859 1953299.6079648074, 959606.0851109572 1953425.887904688))",동대문구,용두동,,,,,No Data,,,
11110105,창성동,Changseong-dong,53,6e-06,0.010103,11110105,1,2026-04-15,종로구,1111010500,창성동,1,1,1,0,0,"POLYGON ((953548.309895985 1953456.43883874, 953313.9455331756 1953478.1432947272, 953276.5615362469 1953698.4405673132, 953517.7646953077 1953734.5913013907, 953548.309895985 1953456.43883874))",종로구,창성동,종로구,창성동,-3.3366785973392403,1.0,Not Sig,0.47798061028792693,0.218,3.0
11230108,회기동,Hoegi-dong,9,7.8e-05,0.047861,11230108,0,,,11230108,회기동,0,0,0,0,0,"POLYGON ((960901.9543213653 1954774.499609463, 960863.3086195808 1954750.1746929216, 960797.7178070125 1954596.2983182783, 960570.1059004418 1954351.49490629, 960567.5771599283 1954361.4741364853, 960457.1521304172 1954450.8467602567, 960454.743821932 1954456.200931704, 960365.2820633824 1954522.6321794486, 960262.6424865883 1954535.4032118553, 960057.6117108294 1954452.4791335124, 960074.2564739863 1954627.123774261, 960111.938959874 1954693.1180143612, 960032.0832671745 1954753.2255424927, 960083.2684431948 1954957.208990453, 960045.1228347092 1955094.5346232462, 960073.2311201462 1955260.8137380835, 960039.1572361726 1955290.5284465412, 960097.1562588874 1955413.6865240673, 960194.9553319225 1955509.6509573362, 960201.6127084797 1955577.17918754, 960312.4092330877 1955766.327026778, 960393.1419789207 1955838.5301195707, 960463.1774737787 1955731.7367745636, 960573.6756463347 1955634.1576729538, 960580.8200934354 1955486.6029582007, 960616.5886459145 1955340.7104955898, 960697.2311521585 1955226.8965144067, 960668.8983085031 1955079.2143604374, 960776.8564296114 1954997.1842722616, 960824.7537123894 1954815.018748238, 960901.9543213653 1954774.499609463))",동대문구,회기동,,,,,No Data,,,
11530112,항동,Hang-dong,62,0.000147,0.065952,11530112,0,,,11530112,항동,0,0,0,0,0,"POLYGON ((940959.5005216276 1942954.0182041961, 940956.510286462 1942837.5433652198, 940841.3444152335 1942677.1085909382, 940955.992613223 1942647.5968818383, 940950.5219679764 1942563.8905260067, 940998.1397012755 1942458.365042403, 940981.8918627033 1942347.5833393375, 940916.6241009639 1942257.2163423174, 940728.0857685026 1942174.7598348043, 940690.6783334 1942097.412164316, 940572.755009123 1942075.3973482929, 940260.2772133611 1942106.8338883964, 940062.7606028634 1942052.1706668392, 939978.6591631391 1942114.1233206983, 939795.2938197507 1942096.7233957732, 939727.4922171775 1942004.6305564696, 939754.0109570086 1941869.2136218809, 939615.6347467385 1941782.1805512123, 939570.8091608004 1941860.8807485313, 939474.6495015055 1941867.8346457072, 939400.4100764511 1941934.8150979434, 939460.7964777484 1942124.449253229, 939533.0277500333 1942166.427355063, 939560.4486715861 1942254.1510151578, 939631.5507322776 1942320.1252305172, 939724.0583382286 1942322.7070171435, 939790.3923274128 1942433.0503026105, 939879.5030871229 1942707.4966636382, 939844.7833453758 1942796.316997429, 939824.565932738 1943136.57793775, 939998.6778025425 1943210.1904654338, 940195.7156422506 1943381.5047340333, 940155.0498826372 1943453.4270440482, 940248.4109523165 1943498.4714573799, 940423.5551929676 1943430.937858412, 940564.1072786517 1943455.1307615533, 940605.8095811 1943399.262697913, 940599.8828106761 1943290.13003236, 940663.3511014039 1943197.3614412972, 940751.9962885863 1943154.9685865452, 940800.4862517423 1943063.46351191, 940959.5005216276 1942954.0182041961))",구로구,항동,,,,,No Data,,,
11110119,세종로,Sejongno,66,9e-05,0.056265,11110119,0,,,11110119,세종로,0,0,0,0,0,"POLYGON ((954023.4855102205 1953941.3018853453, 954127.676920783 1953811.8494091183, 954109.9084478143 1953628.7653081364, 954055.5352130742 1953322.0284603715, 954051.5302144398 1953090.3011470286, 953956.4260081822 1953075.4276425093, 953992.5617857211 1952987.4547937291, 953951.3693610233 1952901.424406624, 953948.3321661694 1952690.6814672167, 953952.3851909271 1952494.1791044842, 953948.4780591455 1952580.7208265506, 953862.0949248824 1952582.2517207505, 953885.8495573783 1952423.8248706681, 953871.0207409959 1952343.4471617714, 953744.2240918424 1952363.4034532716, 953721.188301728 1952517.2493149396, 953700.610785266 1952562.448863111, 953682.3009223348 1952885.191566454, 953622.6010066284 1952904.6357592954, 953618.8849128424 1953037.7785860084, 953570.5893938002 1953138.789199817, 953548.309895985 1953456.43883874, 953517.7646953077 1953734.5913013907, 953521.4936154404 1953891.0310868789, 953563.3676897924 1953899.3692243544, 953578.6438743926 1954096.318658588, 953602.6996526992 1954140.6464947553, 953561.8799086151 1954257.725619442, 953611.121525634 1954497.6971538758, 953687.6283561068 1954518.0398294048, 953701.6810395458 1954605.3432235173, 953803.582910427 1954577.9447637436, 953876.7875543453 1954473.4409648192, 954012.4831678872 1954341.2151034703, 954054.490313327 1954126.4583181238, 954012.3036216727 1954080.1317932121, 954023.4855102205 1953941.3018853453))",종로구,세종로,,,,,No Data,,,
11110121,신문로2가,Sinmunno 2(i)-ga,68,2.6e-05,0.027203,11110121,1,2026-04-15,종로구,1111012100,신문로2가,2,2,0,0,0,"POLYGON ((953196.6423658186 1952856.4209001618, 953240.962250309 1952735.7040454443, 953349.9321257384 1952644.1161310028, 953393.6522595617 1952586.0836904296, 953368.0869863698 1952385.5826024974, 953480.9468752851 1952347.442505634, 953422.8159297002 1952254.0958606445, 953290.0720533656 1952289.1641784557, 953133.4128829489 1952217.9521109143, 953117.9730695289 1952230.667282203, 953016.315428614 1952334.856682536, 952896.2139293811 1952373.2592491286, 952836.9366421683 1952507.66713581, 952845.5217176315 1952603.355187605, 952798.2638977583 1952697.3834233729, 952781.8525482087 1952735.6314465813, 952855.4889103521 1952668.17687425, 952941.6855907945 1952665.406342237, 952968.6869384146 1952744.3410017407, 953196.6423658186 1952856.4209001618))",종로구,신문로2가,종로구,신문로2가,2.156275518365028,2.0,HH,0.5816385030793366,0.044,1.0
11110140,삼청동,Samcheong-dong,69,0.00012,0.055236,11110140,1,2026-04-15,종로구,1111014000,삼청동,3,3,2,1,1,"POLYGON ((954896.8349359782 1954790.6276541785, 954900.9351737166 1954728.5056549245, 954721.3364130729 1954586.6430809952, 954657.6792758249 1954509.313453404, 954629.3343565661 1954369.3285343659, 954560.124727922 1954206.062043307, 954424.233499686 1954087.5272656956, 954418.6120410567 1953961.0130120695, 954342.2118154499 1953893.7457455862, 954354.0748538952 1953755.7712914173, 954256.0719957538 1953800.9758379504, 954250.3821356973 1953918.2388914302, 954115.787685629 1953956.7281897266, 954023.4855102205 1953941.3018853453, 954012.3036216727 1954080.1317932121, 954054.490313327 1954126.4583181238, 954012.4831678872 1954341.2151034703, 953876.7875543453 1954473.4409648192, 953803.582910427 1954577.9447637436, 953701.6810395458 1954605.3432235173, 953601.6031610786 1954853.0619898455, 953534.2606535798 1954931.8869829513, 953529.7406249854 1955004.6046042403, 953621.532433883 1955144.2320847746, 953668.7884594711 1955168.7895071318, 953703.5884529415 1955309.7147012574, 953809.0788877521 1955517.3719682011, 953917.9590398585 1955492.1241927769, 954019.3383951047 1955348.4865473597, 954177.8647649742 1955285.9919332194, 954234.5077042755 1955227.746918621, 954478.2653926637 1955122.2892981346, 954606.7121955076 1955107.9354300266, 954686.9566884028 1954940.4796982284, 954728.8302309907 1954936.7620587074, 954896.8349359782 1954790.6276541785))",종로구,삼청동,종로구,삼청동,12.736398938689257,3.0,Not Sig,1.5664928130592959,0.143,1.0
11590101,노량진동,Noryangjin-dong,20,0.00015,0.060945,11590101,0,,,11590101,노량진동,0,0,0,0,0,"POLYGON ((951445.5475624851 1945563.559579364, 951324.9997688768 1945443.6872681512, 951197.8649638748 1945433.7282726865, 951150.695720713 1945362.2061161746, 951145.6309699382 1945373.520157787, 951127.9648094985 1945438.146059693, 950916.3131540761 1945443.6417836063, 950574.2905092429 1945285.9816874547, 950392.5346707302 1945270.5666737321, 950338.5580960405 1945340.9748097179, 950187.4016941326 1945460.4915153051, 950084.303550855 1945442.5118511629, 950042.5023855753 1945597.7805475686, 950063.6603391151 1945705.2324178254, 950038.7638297873 1946050.2003815917, 949988.8391069443 1946193.462283579, 949857.6711544907 1946302.6443680108, 949840.1219591511 1946406.3213145155, 949995.1885421044 1946442.991414929, 950449.9973775177 1946458.4202410518, 951359.316331136 1946623.981937325, 951388.0141680676 1946611.9507366593, 951416.1902130817 1946601.6086530085, 951253.5610270954 1946397.150627534, 951272.0971755009 1946265.9472782242, 951403.1707852088 1946158.7956390243, 951304.4952873011 1946034.1359135197, 951244.1182218656 1945855.3090000546, 951305.5874691792 1945623.3663586325, 951445.5475624851 1945563.559579364))",동작구,노량진동,,,,,No Data,,,
11110139,팔판동,Palpan-dong,79,4e-06,0.010994,11110139,1,2026-04-15,종로구,1111013900,팔판동,1,1,1,1,1,"POLYGON ((954256.0719957538 1953800.9758379504, 954187.8318101114 1953698.3358948359, 954109.9084478143 1953628.7653081364, 954127.676920783 1953811.8494091183, 954023.4855102205 1953941.3018853453, 954115.787685629 1953956.7281897266, 954250.3821356973 1953918.2388914302, 954256.0719957538 1953800.9758379504))",종로구,팔판동,종로구,팔판동,6.2519895085550985,1.0,HH,5.832051826386081,0.001,1.0
11380105,구산동,Gusan-dong,22,0.000142,0.05363,11380105,0,,,11380105,구산동,0,0,0,0,0,"POLYGON ((948572.786087786 1957034.5207916677, 948537.0598785927 1956926.794001851, 948427.6578362426 1956739.1540641426, 948392.9832660512 1956606.2293793592, 947899.9000664055 1956629.8301254448, 947882.0275232609 1956409.5492154015, 947729.676616554 1956342.4250329733, 947630.4912195062 1956360.5691938703, 947462.7671642016 1956289.765167957, 947304.970965786 1956408.5958066771, 947194.7074070217 1956427.4714919773, 947167.4608154944 1956476.2919312634, 947097.9016912739 1956823.9615181596, 947107.7894557986 1956934.7956029847, 947073.0073914108 1957031.84670593, 947127.8489098761 1957201.644329145, 947201.2319338544 1957350.3747265628, 947210.3950707268 1957536.9808531334, 947269.131837623 1957663.6565173476, 947326.4771028033 1957708.3211023628, 947348.4884675894 1957878.3356870555, 947513.442830275 1957903.689474327, 947512.4354538836 1957991.7460372017, 947568.9023384084 1957914.8839003735, 947686.4386649394 1957648.1185244732, 947946.5698814468 1957368.9336596418, 948387.9571282262 1957165.8468875, 948572.786087786 1957034.5207916677))",은평구,구산동,,,,,No Data,,,
11110130,와룡동,Waryong-dong,94,7.2e-05,0.048741,11110130,1,2026-04-15,종로구,1111013000,와룡동,5,5,5,3,3,"POLYGON ((955279.9353157424 1954294.2628317673, 955281.1730199333 1954292.1257219273, 955321.0391459465 1954166.629339367, 955534.037453794 1953827.4355037077, 955637.6755682805 1953811.2897228561, 955635.8206714559 1953743.5628294772, 955537.7335290147 1953643.1353650086, 955555.6023241075 1953385.7946581133, 955598.2305394728 1953196.0380057325, 955586.5236479619 1953135.3228198274, 955467.8983294746 1953100.2635346113, 955451.0653143459 1953149.5039358758, 955300.1735913341 1953185.0640802383, 955216.0605786266 1953252.2809560667, 955159.0141388776 1953353.7487214352, 955046.6528292741 1953261.7164035386, 955060.5124977861 1953046.080074691, 955103.7474556816 1952880.1166574673, 955033.593067395 1952880.5693643081, 954996.1273446723 1953035.9802938572, 954960.1002399537 1953191.933944123, 954904.5393313384 1953263.9221698008, 954899.3145356338 1953611.0093014964, 954949.3501286405 1953780.740590453, 954865.6960913433 1954082.978914472, 954793.572566522 1954141.8878490608, 954774.5262586658 1954331.816289438, 954920.2295850707 1954371.9260923285, 955013.0571284983 1954312.4173745816, 955263.7441612862 1954335.2920913512, 955279.9353157424 1954294.2628317673))",종로구,와룡동,종로구,와룡동,-2.067291910015853,5.0,Not Sig,-0.4276122513830507,0.066,2.0
11110148,계동,Gye-dong,103,1.8e-05,0.031791,11110148,1,2026-04-15,종로구,1111014800,계동,4,4,4,0,0,"POLYGON ((954771.7811377799 1953249.2580076323, 954653.3520537028 1953186.6487557632, 954656.0419383384 1953363.705980437, 954604.8629307088 1953464.5482661382, 954629.8664776614 1953598.9148210215, 954640.4318467438 1953837.3304059885, 954684.1047067378 1953927.4118877747, 954635.9521766256 1953966.23778058, 954609.7507962914 1954147.2685936927, 954560.124727922 1954206.062043307, 954629.3343565661 1954369.3285343659, 954657.6792758249 1954509.313453404, 954675.1006116552 1954385.6806389478, 954731.771355158 1954266.280488294, 954760.062211347 1954069.370337281, 954718.1360864373 1954046.345074109, 954809.0979732375 1953840.184070506, 954829.4558562004 1953702.329569132, 954785.4157844043 1953559.1492488617, 954801.9556494034 1953361.146817051, 954771.7811377799 1953249.2580076323))",종로구,계동,종로구,계동,-4.6316046181729655,4.0,LH,-2.850572591564965,0.009,2.0
11110107,적선동,Jeokseon-dong,61,4e-06,0.010841,11110107,0,,,11110107,적선동,0,0,0,0,0,"POLYGON ((953570.5893938002 1953138.789199817, 953618.8849128424 1953037.7785860084, 953622.6010066284 1952904.6357592954, 953682.3009223348 1952885.191566454, 953506.0595788866 1952867.0697415457, 953413.3587277082 1953152.2992796467, 953570.5893938002 1953138.789199817))",종로구,적선동,,,,,No Data,,,
11110104,효자동,Hyoja-dong,52,6e-06,0.01086,11110104,1,2026-04-15,종로구,1111010400,효자동,4,3,3,2,1,"POLYGON ((953521.4936154404 1953891.0310868789, 953517.7646953077 1953734.5913013907, 953276.5615362469 1953698.4405673132, 953223.9762091468 1953879.4673484538, 953236.7568405544 1953956.6858799697, 953521.4936154404 1953891.0310868789))",종로구,효자동,종로구,효자동,-4.091304775151353,3.0,Not Sig,0.2830676819519955,0.381,3.0
11110126,종로1가,Jongno 1(il)-ga,73,4e-06,0.014164,11110126,0,,,11110126,종로1가,0,0,0,0,0,"POLYGON ((953952.3851909271 1952494.1791044842, 954262.4399613134 1952474.9198811618, 954358.0237098143 1952474.196418986, 954356.731484305 1952450.005993185, 954342.8416655913 1952417.6422883063, 953885.8495573783 1952423.8248706681, 953862.0949248824 1952582.2517207505, 953948.4780591455 1952580.7208265506, 953952.3851909271 1952494.1791044842))",종로구,종로1가,,,,,No Data,,,
11110141,안국동,Anguk-dong,80,7e-06,0.012744,11110141,0,,,11110141,안국동,0,0,0,0,0,"POLYGON ((954574.646810659 1953153.3275677722, 954464.8410866403 1953084.4647461686, 954373.5773417136 1953038.916398298, 954313.6736747457 1953170.2394270436, 954273.6104961777 1953376.4505233387, 954275.0231415264 1953407.2410886483, 954424.8664739671 1953455.3923222974, 954421.1802460242 1953397.2072517883, 954493.2915898036 1953229.8163782242, 954574.646810659 1953153.3275677722))",종로구,안국동,,,,,No Data,,,
11230101,신설동,Sinseol-dong,4,3.5e-05,0.024755,11230101,0,,,11230101,신설동,0,0,0,0,0,"POLYGON ((958291.827897505 1952443.2245765915, 958158.5583148864 1952536.8767373378, 958019.3471135657 1952515.2834833104, 957914.2747869701 1952611.0325076825, 957911.9508206992 1952611.824480731, 957895.489148272 1953289.4111649, 958008.1396202684 1953418.306225682, 958009.9072427829 1953418.7326377092, 958288.1407915166 1953311.2608182183, 958323.7286559511 1952838.7861627208, 958291.827897505 1952443.2245765915))",동대문구,신설동,,,,,No Data,,,
11380110,증산동,Jeungsan-dong,29,8.3e-05,0.045973,11380110,0,,,11380110,증산동,0,0,0,0,0,"POLYGON ((948195.439152336 1954522.9955206478, 948163.3583417631 1954365.5270875234, 948092.1225656949 1954226.047919784, 947386.6137083268 1953400.9558308753, 947312.2252097174 1953336.8747367258, 947203.6481848956 1953210.2740504139, 946932.9945768447 1953460.409745735, 947120.5790261531 1953608.286322164, 947217.0217891842 1953641.1547266464, 947190.4954221748 1953765.7278477217, 947217.5846901301 1953853.6856376096, 947164.751964046 1954142.3358910028, 947227.1762099261 1954304.8288059295, 947304.0052525818 1954424.6735309951, 947335.6531659152 1954442.1698358748, 947349.9132884148 1954469.7651634999, 947420.4590104577 1954466.8101936423, 947553.2361652348 1954547.1925228874, 947637.760963196 1954505.037578369, 947746.1788400393 1954606.470520413, 947949.0196880545 1954593.14214191, 948195.439152336 1954522.9955206478))",은평구,증산동,,,,,No Data,,,
11680108,논현동,Nonhyeon-dong,216,0.000277,0.067451,11680108,1,2026-04-15,강남구,1168010800,논현동,74,74,67,32,0,"POLYGON ((957973.128186953 1945130.0991302433, 957697.5194609051 1945866.316931666, 957626.7508119462 1946054.915507202, 957541.3480357612 1946422.9015629715, 958297.9160585647 1946815.8961508577, 959271.2798548435 1947198.213749208, 959463.7754617425 1946535.9218107183, 959688.0655264286 1945764.4217086197, 959211.8052749992 1945591.7879658847, 957973.128186953 1945130.0991302433))",강남구,논현동,강남구,논현동,0.3342789769068107,74.0,Not Sig,-3.303427829061187e-05,0.301,4.0
11590103,상도1동,Sangdo 1(il)-dong,21,3.2e-05,0.041425,11590103,0,,,11590103,상도1동,0,0,0,0,0,"POLYGON ((951536.71221829 1945563.4658525, 951536.7926987301 1945563.3835039649, 951596.0883010479 1945406.5781716348, 951685.1066943075 1945445.968836305, 951686.3287176699 1945312.864842262, 951600.1939188151 1945178.134999005, 951674.7716932114 1945074.881171227, 951689.8376064698 1944759.9813108207, 951694.4784506822 1944752.4360995877, 951566.969529913 1944702.2519363812, 951450.3752391301 1944587.3223570376, 951318.8912997877 1944787.7126358342, 951166.8129204598 1944866.1999214026, 951050.027347214 1945026.7460363978, 951376.916992283 1945248.2376781611, 951412.5881137772 1945372.6570768715, 951534.2375753738 1945493.3569953826, 951506.029369575 1945557.0774814186, 951536.71221829 1945563.4658525))",동작구,상도1동,,,,,No Data,,,
11590109,신대방동,Sindaebang-dong,23,0.000169,0.069597,11590109,0,,,11590109,신대방동,0,0,0,0,0,"POLYGON ((949567.966398676 1944458.104028424, 949577.4009168661 1944445.9715824735, 949610.9032710576 1944394.2180065836, 949607.8955421493 1944385.6795735077, 949564.344212932 1944164.5130575164, 949602.5336304528 1944013.4473335452, 949430.7249968223 1944133.8322571157, 949317.6315680855 1944033.4769401834, 949304.2651924037 1943959.8416771775, 949222.8329590204 1943883.20165243, 949154.6909720218 1943675.5150730563, 949095.3791345373 1943569.4107935692, 948843.3441579803 1943611.9514042381, 948680.1531657196 1943606.9816302285, 948431.9584531026 1943528.2329066119, 948158.0704446424 1943359.0435302407, 948011.6270250612 1943193.4221404805, 947495.638239119 1943024.3502082964, 947239.2003446235 1943030.7339064565, 947547.122270212 1943495.7642883395, 947625.2220333837 1943583.1710489409, 947804.7768910233 1943876.2052733055, 947921.3591045621 1944056.7501850987, 948007.6583335523 1944232.289164773, 948104.3429019179 1944291.6290859464, 948278.6436472816 1944311.7645882075, 948680.810591793 1944419.2909847118, 948755.5896501418 1944519.497991067, 948934.4095466291 1944453.9043273753, 949355.7655544752 1944608.9055101718, 949498.9640745838 1944554.1804246318, 949567.966398676 1944458.104028424))",동작구,신대방동,,,,,No Data,,,
11380114,진관동,Jingwan-dong,30,0.001181,0.176238,11380114,0,,,11380114,진관동,0,0,0,0,0,"POLYGON ((952214.0855773361 1959028.2754354123, 952129.8613051749 1958991.156073172, 952033.2694979246 1958890.6664993204, 951929.6096185178 1958883.6998237963, 951825.7920250014 1958796.4783866329, 951777.9518547432 1958797.7111202527, 951608.5287944481 1958708.6352519654, 951505.4992837909 1958694.1571732077, 951438.5926544603 1958568.4486439428, 951368.5817608564 1958630.389213951, 951248.5569860432 1958652.7177850176, 951194.0972416811 1958624.0791248947, 950986.4236304996 1958659.2006240722, 950952.2472357324 1958625.1986757813, 950717.9147154561 1958667.897785212, 950434.7294531253 1958655.0805782238, 950250.453091976 1958672.4187269611, 950058.451100626 1958731.1525969082, 949883.6771172271 1958701.4383572987, 949813.8384183366 1958861.0187168685, 949580.4270601604 1958973.679911604, 949469.9249264627 1958998.930953661, 949434.2174285697 1959046.6068506585, 949265.1267570696 1959078.2218629238, 949142.6977789379 1959030.523198438, 949045.5716847975 1958921.7254631335, 949002.1348976876 1958936.4084727494, 948775.4659358173 1958908.0621322854, 948562.0088879591 1958961.9799307738, 948514.3881882961 1959055.054647535, 948460.3839419736 1959042.4353319132, 948397.0287523862 1959210.8458530647, 948119.143421798 1959168.473092453, 948041.5736258638 1959084.6531871846, 947938.1106789001 1959026.853101881, 947835.5878806823 1959012.7373174084, 947799.2643399087 1959113.4362551526, 947703.8657151563 1959210.8917399226, 947657.7911829731 1959418.5765388433, 947688.1461910476 1959491.8145673343, 948021.0874468538 1959702.7178077535, 948052.8963787782 1959767.8837476694, 947956.0101519093 1960057.3979185685, 948019.0302354067 1960225.3107087754, 948153.0806738002 1960700.3919926467, 947964.8677385121 1960786.0716507824, 947750.7864695592 1960921.9838605265, 947699.4448593843 1961119.0331814624, 947813.9805168406 1961028.7574281911, 947929.6335333402 1960985.9282722007, 948157.8511572017 1960795.8367417804, 948280.4486124894 1960748.2620941806, 948410.283871873 1960787.44192743, 948600.2840390939 1960801.9399184764, 949199.1405579149 1960892.329361239, 949466.1348357071 1961112.08884395, 949693.7553385947 1961326.3620259664, 949916.4724866785 1961362.6634293573, 950224.4084009767 1961451.3611680272, 950353.6797595988 1961574.026957878, 950469.4973927365 1961845.7922932159, 950617.8809240308 1962051.8666694313, 950792.5108699354 1962171.3586115004, 950995.3646791184 1962219.1004268692, 951275.5490291247 1962334.0705094468, 951313.6740048722 1962262.4961049533, 951302.1847505139 1962102.053796327, 951418.4360880188 1962061.9311235251, 951469.7486534232 1961966.343230112, 951608.9492780315 1961858.7659281916, 951770.7340217719 1961855.9905644576, 951871.1790281844 1961817.9409999582, 952113.3221735611 1961621.5189422853, 952143.8184965703 1961514.2493974464, 952171.5472167935 1961285.1629619717, 952151.0260284432 1961200.2643911042, 952174.8211296343 1961089.7517909287, 952278.7934610492 1960948.8775047774, 952266.8911097408 1960724.4790626685, 952306.3719732976 1960551.08729668, 952297.089729101 1960432.76427481, 952358.7199012318 1960357.9574483524, 952435.5756907979 1960057.2550854648, 952500.4696884516 1959971.8605559724, 952500.0411674781 1959875.1329066574, 952581.8356105189 1959730.5934719008, 952649.735473273 1959444.6466680588, 952498.0438578294 1959294.9318862262, 952338.1794533568 1959059.879393317, 952214.0855773361 1959028.2754354123))",은평구,진관동,,,,,No Data,,,
11545101,가산동,Gasan-dong,34,0.000255,0.081909,11545101,0,,,11545101,가산동,0,0,0,0,0,"POLYGON ((945241.4689189128 1943134.2623721128, 945271.6038527209 1943120.9219401958, 945429.2628461784 1943013.7476794873, 945730.8395286041 1942745.8307429913, 945868.5085069962 1942533.074701079, 946057.8589608233 1942415.2669509507, 946517.686958766 1942314.1791710288, 946585.1567576731 1942313.8972381027, 946656.2886517658 1942015.2591841957, 946427.8560942827 1941874.1748985907, 946406.442794316 1941617.0198878264, 946111.7848578704 1941632.85063369, 945994.2010383664 1941590.498161319, 945797.1443957872 1941601.1195684853, 946030.5180027217 1940916.7803748543, 945685.9298719105 1940739.3054555706, 945578.5583224419 1940893.6207689133, 945528.0107683046 1941007.1486607955, 945441.6121124038 1941051.6277931517, 945399.5442621391 1941148.501215566, 945320.5455322184 1941207.3869602396, 945318.0571098757 1941313.8375607221, 945219.4328147355 1941455.2239864366, 945004.7374696551 1941805.2052788087, 944827.8775920103 1942169.7934147306, 944678.1488481336 1942538.3546018323, 944601.1834730154 1942762.6147251846, 944547.5888563483 1942868.264498409, 944595.2024591948 1942946.6779517105, 944499.36186865 1942985.2195204238, 944460.7484875247 1943078.2736406059, 944521.6706614358 1943171.1422065478, 944582.9311270372 1943175.4131454106, 944642.1474271399 1943082.9494773126, 944707.7398707112 1943087.4987530191, 944979.1686806385 1943164.7303067734, 945053.717026984 1943228.7922413263, 945241.4689189128 1943134.2623721128))",금천구,가산동,,,,,No Data,,,
11530103,가리봉동,Garibong-dong,35,4.2e-05,0.041107,11530103,0,,,11530103,가리봉동,0,0,0,0,0,"POLYGON ((946585.1567576731 1942313.8972381027, 946517.686958766 1942314.1791710288, 946057.8589608233 1942415.2669509507, 945868.5085069962 1942533.074701079, 945730.8395286041 1942745.8307429913, 945429.2628461784 1943013.7476794873, 945271.6038527209 1943120.9219401958, 945267.7286277968 1943122.6376174404, 945222.147491213 1943261.7754809414, 945231.8953863796 1943322.1402047863, 945473.4498361204 1943214.4586307395, 945564.3266468439 1943202.6435044704, 945712.8447227149 1943033.03255853, 945863.113038083 1943017.7944789787, 946131.050170704 1942928.4427207639, 946151.1102418358 1942828.2398186445, 946234.6058876929 1942690.5997120177, 946261.8373676649 1942554.6646765904, 946442.7512155019 1942499.3768988487, 946585.1567576731 1942313.8972381027))",구로구,가리봉동,,,,,No Data,,,
11530106,고척동,Gocheok-dong,39,0.000222,0.08631,11530106,0,,,11530106,고척동,0,0,0,0,0,"POLYGON ((944483.1840273464 1945169.851817319, 944462.5929822837 1945042.0849271493, 944327.2145118973 1944954.7382095603, 944292.7555052591 1944782.985360691, 944219.1260753709 1944568.5232032193, 944219.232543511 1944568.0542830275, 944169.608068535 1944398.6445145526, 944181.4242659102 1944277.7035699065, 944082.9880846697 1944221.7068298056, 943792.8708489853 1944063.8684606245, 943791.3953687375 1944139.2640992475, 943712.3874358983 1944331.6880267852, 943595.0161237683 1944320.852864856, 943560.9010577163 1944364.0520692784, 943388.3710659455 1944388.1912479338, 943304.0706956156 1944426.751208022, 943140.0624166026 1944446.6144309186, 943138.3579154448 1944571.6036128434, 943032.6044615702 1944645.5697464426, 943085.1846264979 1944954.8800634735, 942958.2506660797 1945004.7134354268, 942860.2599131293 1944840.0242539935, 942794.123339134 1944664.485663714, 942684.1025916685 1944781.2011022219, 942541.1255534277 1944880.5988265963, 942512.9579958306 1944950.1701537133, 942398.6379974755 1945069.3388717237, 942293.5392160539 1945302.556512441, 942293.0464457431 1945302.7861583435, 942161.2453266332 1945527.0367227525, 942141.5665918193 1945590.2562476783, 942200.2579333885 1945620.0178913872, 942221.755549896 1945723.5252516107, 942315.782285687 1945779.2266962635, 942440.8032586774 1945711.65572825, 942563.1043618601 1945849.574830528, 942678.3269495482 1945848.0587268127, 942809.1463082414 1945909.0304549711, 943014.1835477827 1945799.5096141587, 943050.6684734741 1945737.6374620786, 943291.2999582026 1945820.605058363, 943460.1854791427 1945462.4729898868, 943675.7896647078 1945538.7015544747, 943669.1566986975 1945472.8701189598, 943712.9686090003 1945307.4452727183, 943837.6455797803 1945270.4061533855, 943863.8448721706 1945327.057547505, 943970.3763862746 1945328.6381910068, 944139.0759900219 1945256.3210091686, 944243.1690058807 1945257.1143816637, 944341.5675629028 1945361.5147115893, 944447.0066733898 1945274.9697492118, 944483.1840273464 1945169.851817319))",구로구,고척동,,,,,No Data,,,
11530101,신도림동,Sindorim-dong,40,0.000142,0.064442,11530101,0,,,11530101,신도림동,0,0,0,0,0,"POLYGON ((945167.2812162759 1946679.6727039085, 945450.1459155871 1946454.6911404869, 945449.7942482241 1946385.170341724, 945571.1926164993 1946301.6119580586, 945615.8349833055 1946226.2641757007, 945902.0837412011 1946146.8457612197, 945946.9585747338 1946072.5050823446, 946066.1131533503 1946059.4540636544, 946075.1591432776 1946001.9227230563, 946183.5755188409 1945852.391743837, 946240.5813433367 1945845.371953246, 946295.9878382845 1945709.820496356, 946291.6395135988 1945706.2771275435, 946123.5650934152 1945611.9598376825, 945531.0133929126 1945164.5823335138, 945443.3018332033 1945083.9707974622, 945206.6102001535 1945208.6885892535, 945139.5411593637 1945206.076369506, 944924.1992071681 1945327.872855138, 944805.3416228641 1945473.1279414368, 944737.117657342 1945450.2779575794, 944745.994395586 1945627.053691013, 944666.7872487088 1945672.9457722818, 944704.4170596107 1945763.8560963278, 944817.8198741216 1945782.2020994702, 944781.4972627368 1945877.6920837904, 944846.7780704208 1945943.8989775083, 944782.1580940527 1946022.9548310605, 944736.8755313865 1945903.370857273, 944677.4262433721 1945964.5065585908, 944775.1783999411 1946084.2569486937, 944872.7693064025 1946098.8049021822, 944920.3138965238 1946231.3985291552, 945008.3917241539 1946232.2652039712, 944996.8444245338 1946335.6509640813, 945030.1493661383 1946498.683114209, 945123.8534173112 1946583.1339519767, 945167.2812162759 1946679.6727039085))",구로구,신도림동,,,,,No Data,,,
11530108,오류동,Oryu-dong,45,0.000245,0.08817,11530108,0,,,11530108,오류동,0,0,0,0,0,"POLYGON ((942413.1900368627 1944177.244860014, 942410.6762349441 1944170.9208156553, 942382.3379260277 1944133.3006755481, 942382.3339066381 1944133.2947120972, 942385.0830785327 1944126.9687370942, 942384.067586897 1944120.6598441466, 942365.435692856 1943946.1200625119, 942469.9431074393 1943897.632905144, 942494.3536961321 1943806.1744553945, 942435.7030945759 1943626.5028044211, 942366.1342893842 1943581.6985569524, 942265.3799979009 1943408.6066182253, 942188.6758956474 1943317.8610274005, 942022.937405163 1943221.608331231, 941777.0901980143 1943273.8416051462, 941691.5188243819 1943222.6178114326, 941589.8082180253 1943090.102288396, 941524.3045737727 1942914.4525629897, 941316.5296168112 1942908.3660076947, 941053.0297908245 1942970.4454802123, 940959.5005216276 1942954.0182041961, 940800.4862517423 1943063.46351191, 940751.9962885863 1943154.9685865452, 940663.3511014039 1943197.3614412972, 940599.8828106761 1943290.13003236, 940605.8095811 1943399.262697913, 940564.1072786517 1943455.1307615533, 940423.5551929676 1943430.937858412, 940248.4109523165 1943498.4714573799, 940429.5895558826 1943677.7458418931, 940568.8910455415 1943734.114811456, 940521.4381089265 1943978.2214520979, 941473.6224207073 1943981.9673648418, 941394.1452740036 1944300.4748151016, 941219.2484954806 1944434.0120347163, 941142.9168282981 1944582.6936173886, 941284.8834064944 1944797.1647647119, 941352.6898131066 1944840.2479029107, 941425.3162310586 1944752.0268119937, 941597.2409605626 1944728.5814140264, 941702.8331399151 1944674.1641545761, 941745.4618398082 1944731.8016246522, 941858.0670619295 1944700.8621890426, 942028.9193788647 1944694.744212576, 942105.837840447 1944644.3998168213, 942190.1122148046 1944509.674153997, 942277.3548744787 1944457.737776714, 942330.2989208712 1944492.7242123664, 942439.4888147335 1944468.53477539, 942594.6956761348 1944232.2236783993, 942413.1900368627 1944177.244860014))",구로구,오류동,,,,,No Data,,,
11260104,묵동,Muk-dong,163,0.000194,0.067827,11260104,0,,,11260104,묵동,0,0,0,0,0,"POLYGON ((963794.6294699084 1957867.288917054, 963742.5165194179 1957710.191635108, 963863.0282660711 1957643.6345085213, 963708.7589791955 1957369.547613123, 963485.603006076 1957343.3757160532, 963472.0113542676 1957189.9999639317, 963436.2633758165 1957176.7978845846, 963356.2179337888 1956998.9623384203, 963413.6451238375 1956788.8007296547, 963503.7982430909 1956800.6848396326, 963587.9674080511 1956666.7416401857, 963565.0331378771 1956624.0238968949, 963382.4037087505 1956591.0401478168, 963224.4148866383 1956439.5040249864, 963080.940440531 1956456.3121343933, 962972.4500016323 1956323.4798439203, 962378.5855566679 1956235.4029099753, 962326.1166848904 1956527.5244227664, 962141.8041241656 1956553.1632251085, 962141.8398821055 1956554.131524977, 962203.8702131987 1957205.6188443212, 962145.6772000999 1957344.1389322774, 962066.5390708034 1957416.014622418, 962069.1798342858 1957422.2120657815, 962174.8277427142 1957527.0014209482, 962541.4694530665 1957610.1893005152, 962857.9313488327 1957745.0939862835, 962993.0946511608 1957764.683658406, 963062.4959305275 1957833.2543160224, 963182.5984515477 1957855.7202155483, 963472.9714542126 1957953.172877843, 963794.6294699084 1957867.288917054))",중랑구,묵동,,,,,No Data,,,
11110111,옥인동,Ogin-dong,54,4.3e-05,0.035643,11110111,1,2026-04-15,종로구,1111011100,옥인동,7,5,2,1,1,"POLYGON ((952770.703053744 1954156.1663876732, 952766.8050763955 1954092.8025908351, 952964.9345778807 1953910.1601693134, 953091.4655759262 1953869.9135607716, 953223.9762091468 1953879.4673484538, 953276.5615362469 1953698.4405673132, 953067.4004589366 1953661.8302048584, 953100.0003293745 1953597.08817168, 952982.8345633417 1953604.5173608956, 952834.1730420869 1953716.7390601956, 952683.6361767207 1953757.430255685, 952606.3146239953 1953698.8575678014, 952473.3230031494 1953788.137708272, 952107.9428605436 1953789.8298881808, 952145.7720338043 1953997.0066395712, 952132.5913638086 1954095.0933518796, 952253.6492628283 1954215.643039581, 952452.6705636305 1954268.582108282, 952609.4679459579 1954198.4149450825, 952682.222889166 1954229.1094280782, 952770.703053744 1954156.1663876732))",종로구,옥인동,종로구,옥인동,-2.5439402926423864,6.0,Not Sig,0.27617242748409215,0.239,3.0
11110115,사직동,Sajik-dong,67,2.9e-05,0.028675,11110115,1,2026-04-15,종로구,1111011500,사직동,3,3,3,2,0,"POLYGON ((952747.2517631659 1953335.1536122982, 952846.7142266044 1953231.8738994736, 953004.3784021988 1953230.6524897534, 953114.536375709 1953132.602425893, 953109.4621637368 1953042.3440363521, 953215.9454680794 1952971.4857610422, 953246.5132911097 1952950.5048861946, 953196.6423658186 1952856.4209001618, 952968.6869384146 1952744.3410017407, 952941.6855907945 1952665.406342237, 952855.4889103521 1952668.17687425, 952781.8525482087 1952735.6314465813, 952707.8846312907 1952766.8935121933, 952630.9881935188 1952875.18315617, 952617.0983320732 1953039.152455281, 952572.9202932231 1953264.0657925745, 952418.6139462919 1953396.7667334597, 952546.2719863851 1953355.3364971029, 952637.7435715345 1953395.2469967247, 952747.2517631659 1953335.1536122982))",종로구,사직동,종로구,사직동,5.840450287695212,3.0,Not Sig,-0.6621857462034187,0.212,4.0
11140137,필동1가,Pil-dong 1(il)-ga,146,4e-06,0.010124,11140137,1,2026-04-15,중구,1114013700,필동1가,6,6,3,2,0,"POLYGON ((955276.4857699858 1951540.4151899738, 955278.3180517091 1951512.5791876062, 955238.9042526188 1951410.188230723, 955247.1350173174 1951321.9841314796, 955176.8370977431 1951308.9241681492, 955064.3006069681 1951337.0539576178, 955103.4306526437 1951428.3405096144, 955160.9533211078 1951502.2183998595, 955276.4857699858 1951540.4151899738))",중구,필동1가,,,,,No Data,,,
11380101,수색동,Susaek-dong,24,0.000132,0.076519,11380101,0,,,11380101,수색동,0,0,0,0,0,"POLYGON ((946999.5650227766 1954660.6908012226, 947056.5348400885 1954595.292936377, 947246.1463710847 1954538.694837933, 947349.9132884148 1954469.7651634999, 947335.6531659152 1954442.1698358748, 947304.0052525818 1954424.6735309951, 947227.1762099261 1954304.8288059295, 947164.751964046 1954142.3358910028, 947217.5846901301 1953853.6856376096, 947190.4954221748 1953765.7278477217, 947217.0217891842 1953641.1547266464, 947120.5790261531 1953608.286322164, 946932.9945768447 1953460.409745735, 947203.6481848956 1953210.2740504139, 947203.6431199819 1953210.2690898874, 947205.2010748422 1953126.8473052995, 946805.764667214 1953472.3804787558, 946031.319330231 1954104.8542119332, 945784.3048274193 1954359.2228638786, 945447.5602481884 1954778.9585656133, 945582.4315108844 1954895.660529057, 945709.8669971674 1955093.0547031325, 945830.2969150421 1955127.2030495007, 945902.177755287 1955096.159669918, 945760.6026746155 1954855.2868481758, 945773.223326219 1954640.7840055602, 945896.5225140717 1954525.3244874044, 946081.6818412369 1954556.8238435413, 946110.6162655185 1954590.4243276673, 946230.0901800136 1954526.8809980287, 946344.7432856272 1954521.212807957, 946441.526808856 1954581.113439108, 946752.8487427249 1954523.5462618815, 946861.4837635795 1954630.7584858427, 946999.5650227766 1954660.6908012226))",은평구,수색동,,,,,No Data,,,
11110101,청운동,Cheongun-dong,42,8.1e-05,0.042186,11110101,1,2026-04-15,종로구,1111010100,청운동,7,7,7,3,0,"POLYGON ((953529.7406249854 1955004.6046042403, 953534.2606535798 1954931.8869829513, 953601.6031610786 1954853.0619898455, 953701.6810395458 1954605.3432235173, 953687.6283561068 1954518.0398294048, 953611.121525634 1954497.6971538758, 953561.8799086151 1954257.725619442, 953461.9049217502 1954183.2110941922, 953369.6406392392 1954066.2660114502, 953308.3696357582 1954105.9476949316, 953235.0971595539 1953997.211585503, 953133.2523630954 1954182.8371175337, 952832.3801540388 1954147.593269519, 952770.703053744 1954156.1663876732, 952682.222889166 1954229.1094280782, 952609.4679459579 1954198.4149450825, 952452.6705636305 1954268.582108282, 952537.4803205173 1954318.3176564488, 952697.9719428273 1954541.794908894, 952691.2544502584 1954644.2325682503, 952732.7864034219 1954753.7887189505, 952887.1558787334 1954853.6575759533, 952911.6957070399 1954974.9235631034, 953040.6249146551 1955042.9066017293, 953117.9846976884 1955017.1314463264, 953283.2259305881 1955073.1823172919, 953380.7090205427 1955072.5165456363, 953529.7406249854 1955004.6046042403))",종로구,청운동,종로구,청운동,-2.915086084930319,7.0,LH,-1.5283148268378606,0.01,2.0
11380102,녹번동,Nokbeon-dong,25,0.000183,0.071897,11380102,0,,,11380102,녹번동,0,0,0,0,0,"POLYGON ((951296.6663878597 1956720.460473559, 951196.6318718679 1956667.3730396212, 951122.2697147232 1956585.2854839484, 950903.5934819311 1956455.3864784818, 950895.9433647264 1956325.9691656178, 950760.3796635619 1956315.5471488875, 950680.7572075587 1956115.46369609, 950567.3861200751 1956109.6381055894, 950555.9140071865 1955976.0312264964, 950691.6853077499 1955842.8475970358, 950645.8032450231 1955625.6297365834, 950539.7470922567 1955544.2710627352, 950517.9323596832 1955531.4175707512, 950453.8392446978 1955494.190853154, 950453.8321706792 1955494.1888983396, 950246.3609697198 1955749.2039644448, 950199.3378886795 1955858.3263364688, 950110.561800137 1955887.342162802, 949504.7570659708 1955965.962094405, 949371.5778861517 1956044.3964622328, 949017.9655514117 1955953.0666222768, 948872.4950320628 1955968.224779409, 949042.2850943925 1956385.5309135031, 949050.3969570639 1956493.8319789912, 949119.2862112403 1956583.0578881216, 949279.4826410655 1956662.8366419333, 949443.1004593099 1956782.2791558462, 949561.1326095954 1956709.3870588902, 949692.7943368184 1956705.5614124443, 949820.1474018942 1956745.3016820985, 949959.2021354813 1956810.994465202, 950307.6733853321 1956858.7811686392, 950496.2681704202 1956945.7109023938, 950717.7209870988 1956951.479049395, 950878.6277033519 1956883.1840384067, 950941.2838051391 1956915.3970595314, 951115.6940342495 1956938.6485314672, 951192.5332024619 1956889.9909293093, 951296.6663878597 1956720.460473559))",은평구,녹번동,,,,,No Data,,,
11380103,불광동,Bulgwang-dong,26,0.000461,0.094352,11380103,0,,,11380103,불광동,0,0,0,0,0,"POLYGON ((951438.5926544603 1958568.4486439428, 951379.6434591293 1958463.714316551, 951369.7645836853 1958343.8703001852, 951456.7686507247 1958084.6284329947, 951449.4625438129 1957845.4645487121, 951501.7150603738 1957547.3351109084, 951528.7429523042 1957300.9006135846, 951466.5983556998 1957112.982125693, 951442.6277717707 1957056.6393219782, 951490.6080247354 1956941.0150250595, 951380.5877603715 1956851.3705395532, 951296.6663878597 1956720.460473559, 951192.5332024619 1956889.9909293093, 951115.6940342495 1956938.6485314672, 950941.2838051391 1956915.3970595314, 950878.6277033519 1956883.1840384067, 950717.7209870988 1956951.479049395, 950496.2681704202 1956945.7109023938, 950307.6733853321 1956858.7811686392, 949959.2021354813 1956810.994465202, 949820.1474018942 1956745.3016820985, 949604.924194118 1957052.9440882048, 949546.4308305976 1957110.5611784852, 949320.6241031464 1957442.0441609274, 949056.2378589347 1957679.830698507, 948929.22442034 1957868.6159135553, 948832.580809169 1958029.7254393178, 948797.0155822624 1958252.5178435766, 948844.8484360361 1958616.0488227713, 948805.5611655997 1958859.3254050463, 948775.4659358173 1958908.0621322854, 949002.1348976876 1958936.4084727494, 949045.5716847975 1958921.7254631335, 949142.6977789379 1959030.523198438, 949265.1267570696 1959078.2218629238, 949434.2174285697 1959046.6068506585, 949469.9249264627 1958998.930953661, 949580.4270601604 1958973.679911604, 949813.8384183366 1958861.0187168685, 949883.6771172271 1958701.4383572987, 950058.451100626 1958731.1525969082, 950250.453091976 1958672.4187269611, 950434.7294531253 1958655.0805782238, 950717.9147154561 1958667.897785212, 950952.2472357324 1958625.1986757813, 950986.4236304996 1958659.2006240722, 951194.0972416811 1958624.0791248947, 951248.5569860432 1958652.7177850176, 951368.5817608564 1958630.389213951, 951438.5926544603 1958568.4486439428))",은평구,불광동,,,,,No Data,,,
11380104,갈현동,Galhyeon-dong,27,0.000199,0.058751,11380104,0,,,11380104,갈현동,0,0,0,0,0,"POLYGON ((948775.4659358173 1958908.0621322854, 948805.5611655997 1958859.3254050463, 948844.8484360361 1958616.0488227713, 948797.0155822624 1958252.5178435766, 948832.580809169 1958029.7254393178, 948929.22442034 1957868.6159135553, 948820.4688096768 1957802.2263026726, 948629.7918753118 1957445.5333894128, 948572.786087786 1957034.5207916677, 948387.9571282262 1957165.8468875, 947946.5698814468 1957368.9336596418, 947686.4386649394 1957648.1185244732, 947568.9023384084 1957914.8839003735, 947512.4354538836 1957991.7460372017, 947548.1861171962 1958084.274073641, 947681.8986147632 1958220.6989386256, 947685.065393373 1958372.8569803226, 947640.5007002798 1958504.336426818, 947816.7058280215 1958699.6817495548, 947843.3531908459 1958831.8829083506, 947835.5878806823 1959012.7373174084, 947938.1106789001 1959026.853101881, 948041.5736258638 1959084.6531871846, 948119.143421798 1959168.473092453, 948397.0287523862 1959210.8458530647, 948460.3839419736 1959042.4353319132, 948514.3881882961 1959055.054647535, 948562.0088879591 1958961.9799307738, 948775.4659358173 1958908.0621322854))",은평구,갈현동,,,,,No Data,,,
11110117,당주동,Dangju-dong,58,4e-06,0.01132,11110117,1,2026-04-15,종로구,1111011700,당주동,2,2,2,1,1,"POLYGON ((953700.610785266 1952562.448863111, 953721.188301728 1952517.2493149396, 953592.447949091 1952494.7508889257, 953474.2322541155 1952584.29531718, 953393.6522595617 1952586.0836904296, 953349.9321257384 1952644.1161310028, 953579.2880776519 1952715.1345038023, 953700.610785266 1952562.448863111))",종로구,당주동,종로구,당주동,2.9762036646378274,2.0,Not Sig,0.47362791488202455,0.181,1.0
11380108,역촌동,Yeokchon-dong,31,0.000118,0.058185,11380108,0,,,11380108,역촌동,0,0,0,0,0,"POLYGON ((949050.3969570639 1956493.8319789912, 949042.2850943925 1956385.5309135031, 948872.4950320628 1955968.224779409, 948829.3193653795 1955880.7953725012, 948723.3734628966 1955800.455762642, 948443.5485089673 1955682.7120425056, 948332.1300233052 1955654.6566694418, 948359.3955687409 1955785.2025451188, 948243.066054116 1955895.508890819, 947952.1337648062 1956005.7932741789, 947795.4763705754 1956012.944358847, 947732.9023604878 1955955.5190870194, 947634.8812584872 1955982.8314831567, 947474.9246636333 1956148.4982556945, 947227.0734712771 1956204.1348669527, 947174.9607847796 1956383.6726228753, 947194.7074070217 1956427.4714919773, 947304.970965786 1956408.5958066771, 947462.7671642016 1956289.765167957, 947630.4912195062 1956360.5691938703, 947729.676616554 1956342.4250329733, 947882.0275232609 1956409.5492154015, 947899.9000664055 1956629.8301254448, 948392.9832660512 1956606.2293793592, 948427.6578362426 1956739.1540641426, 948537.0598785927 1956926.794001851, 948572.786087786 1957034.5207916677, 948824.6380739916 1956823.8349679566, 949050.3969570639 1956493.8319789912))",은평구,역촌동,,,,,No Data,,,
11380109,신사동,Sinsa-dong,32,0.000189,0.060883,11380109,0,,,11380109,신사동,0,0,0,0,0,"POLYGON ((948443.5485089673 1955682.7120425056, 948223.2379241064 1954688.7421966388, 948195.439152336 1954522.9955206478, 947949.0196880545 1954593.14214191, 947746.1788400393 1954606.470520413, 947637.760963196 1954505.037578369, 947553.2361652348 1954547.1925228874, 947420.4590104577 1954466.8101936423, 947349.9132884148 1954469.7651634999, 947246.1463710847 1954538.694837933, 947056.5348400885 1954595.292936377, 946999.5650227766 1954660.6908012226, 946994.0118613335 1954868.6598849362, 946941.3154116598 1954978.6922498944, 947065.486197224 1955147.8820337066, 947196.3539161768 1955250.201272806, 947142.5886857321 1955379.1988968865, 947125.7792023901 1955494.1868368634, 947154.6444835765 1955719.1692960623, 947038.1880282796 1956016.542081882, 947053.9787282199 1956135.87459928, 947227.0734712771 1956204.1348669527, 947474.9246636333 1956148.4982556945, 947634.8812584872 1955982.8314831567, 947732.9023604878 1955955.5190870194, 947795.4763705754 1956012.944358847, 947952.1337648062 1956005.7932741789, 948243.066054116 1955895.508890819, 948359.3955687409 1955785.2025451188, 948332.1300233052 1955654.6566694418, 948443.5485089673 1955682.7120425056))",은평구,신사동,,,,,No Data,,,
11110173,명륜3가,Myeongnyun 3(sam)-ga,180,4.2e-05,0.037538,11110173,1,2026-04-15,종로구,1111017300,명륜3가,14,14,13,11,1,"POLYGON ((955372.1145741892 1954801.512894781, 955477.4074054962 1954716.066783672, 955474.2773988511 1954644.795640295, 955529.998908642 1954543.9873658721, 955459.2366886948 1954451.6926541629, 955540.4340593921 1954397.0517643564, 955586.1940888547 1954132.0528851328, 955586.5328678716 1954007.6722218909, 955716.7072255025 1953853.087387115, 955637.6755682805 1953811.2897228561, 955534.037453794 1953827.4355037077, 955321.0391459465 1954166.629339367, 955281.1730199333 1954292.1257219273, 955279.9353157424 1954294.2628317673, 955263.7441612862 1954335.2920913512, 955013.0571284983 1954312.4173745816, 954920.2295850707 1954371.9260923285, 954774.5262586658 1954331.816289438, 954804.5416058988 1954522.7720684435, 954890.0929885169 1954592.4291666187, 954900.9351737166 1954728.5056549245, 954896.8349359782 1954790.6276541785, 955123.156924082 1954796.0919507435, 955196.5773846362 1954851.794350359, 955372.1145741892 1954801.512894781))",종로구,명륜3가,종로구,명륜3가,4.053250368451249,14.0,Not Sig,0.5644590931199727,0.13,1.0
11260102,상봉동,Sangbong-dong,202,0.000156,0.08159,11260102,0,,,11260102,상봉동,0,0,0,0,0,"POLYGON ((964288.6924583175 1955636.0529807908, 964264.9257858172 1955556.0968428766, 964055.2981148583 1955495.975725177, 964088.93073918 1955049.562035591, 962932.6906481022 1954742.612662452, 962936.5545034155 1954837.6678445064, 962844.503507202 1954821.3752629668, 962803.5403339174 1954924.0606715623, 962209.9795115424 1954731.9168013847, 962103.8912320811 1954762.3611332607, 962087.3062143724 1954887.0775912656, 962180.6708907803 1954906.759321992, 962949.083034817 1955149.6055618448, 962951.9221110272 1955223.919215104, 963019.1318269243 1955273.4019137789, 963203.8720556714 1955322.3941606558, 963214.8288179202 1955441.5202543254, 963167.9847756312 1955565.035350495, 963316.3193311241 1955549.623580458, 963377.6516945423 1955642.7652408592, 963471.833063669 1955718.4191134274, 963474.771760599 1955786.0003338282, 963540.5262486298 1955918.655058678, 963415.0181361341 1955981.731104212, 963470.0559783796 1956029.460262513, 963550.9556782019 1956213.8893516085, 963585.2655384457 1956405.0519820016, 963565.0331378771 1956624.0238968949, 963587.9674080511 1956666.7416401857, 963736.1893342024 1956710.4287394588, 964132.2469128305 1956248.969512359, 964173.0328109822 1956166.5936071472, 964146.540161715 1956013.8558462583, 964237.7336918907 1955964.8709124885, 964279.5656518646 1955807.040799259, 964327.2750837562 1955764.9379686296, 964288.6924583175 1955636.0529807908))",중랑구,상봉동,,,,,No Data,,,
11305102,번동,Beon-dong,206,0.000273,0.090601,11305102,0,,,11305102,번동,0,0,0,0,0,"POLYGON ((959642.1617971228 1959098.121934246, 959802.467384705 1958916.6499081678, 960033.9342442466 1958771.106447597, 960173.6966764672 1958583.5266145607, 960268.6884087115 1958408.5208177064, 960265.8988010619 1958406.5035122072, 960224.8539758052 1958377.5177733847, 960173.4994530973 1958341.085798322, 960161.4237935111 1958332.3982562083, 960106.6702441075 1958293.663886567, 960065.1488801173 1958263.062376692, 960030.3514054242 1958236.8600119406, 959987.3973501939 1958197.7404129016, 959981.4634661577 1958190.6048089245, 959978.4055654528 1958186.7326172285, 959964.5549556263 1958169.223993823, 959946.2557350735 1958146.4935935421, 959930.5803033963 1958120.4380631614, 959911.4828090104 1958088.0918174542, 959911.041033232 1958087.125819723, 959901.403978704 1958064.955380478, 959897.3000172847 1958055.4792851778, 959881.2695279357 1958018.5710389747, 959868.5480656099 1957988.9911321846, 959852.8824280644 1957952.5218607464, 959850.9833692445 1957948.0643934275, 959839.432980673 1957921.2903991637, 959832.7867235844 1957905.8302341048, 959813.1858541617 1957866.5710193547, 959799.0171513127 1957847.327204932, 959767.9294246401 1957805.1697405805, 959761.3493447333 1957796.2025663822, 959730.3874445695 1957765.7010908502, 959722.9079973041 1957759.1487839825, 959717.6384220272 1957754.4887240322, 959701.4688574766 1957740.231617058, 959689.1424049872 1957729.3281152043, 959633.1856827987 1957679.8751956155, 959619.1028913232 1957667.4710133586, 959617.1887616696 1957665.7721827237, 959612.0450621881 1957661.2684564653, 959592.8479649981 1957644.0894048722, 959532.0431737506 1957591.8995249716, 959527.930813147 1957588.3702646852, 959527.4930705451 1957588.0455493098, 959524.0843953134 1957585.0466257914, 959508.4263508623 1957571.4297826465, 959479.9748455589 1957545.1814842988, 959460.3366519928 1957522.6321056653, 959441.153756857 1957507.8169762904, 959407.3472159036 1957515.4994250336, 959404.8754843168 1957463.9992990817, 959403.9212007319 1957460.9441292253, 959395.8224879528 1957448.4386612833, 959301.7985692944 1957499.582272808, 959296.4144365897 1957646.4226967415, 959248.3387068601 1957755.6540662358, 959270.5927554545 1957831.0959860838, 959142.3546402634 1957896.7506834057, 959125.6152471352 1957952.6082069161, 958907.6535254727 1958080.305953295, 958918.7460853683 1958174.585978796, 958855.9081406116 1958244.1376082874, 958747.9160838781 1958699.4071145093, 958647.9702404627 1958949.8390138873, 958513.8776361689 1959173.1943930767, 958536.2351201101 1959215.4498851483, 958458.0581575828 1959359.7456814514, 958436.4339804618 1959472.421868122, 958319.6763249212 1959441.213112959, 958261.6686896398 1959473.8824750877, 958314.3026684556 1959582.4476715096, 957954.2208285122 1959584.089891399, 957951.5710384715 1959428.5650340184, 957914.4609670634 1959659.3091162776, 957970.3056290065 1959734.7312635141, 958612.5903050323 1960481.0674346245, 958749.9142303985 1960365.3916157032, 958837.2938041232 1960205.824441734, 958937.5838937396 1959914.6089106821, 958988.4971086069 1959858.0485026392, 959138.2482471882 1959799.3151949032, 959223.5334912464 1959719.9572236626, 959250.9258954927 1959522.036352959, 959393.1100420122 1959292.7209719007, 959564.3211664001 1959138.2368616029, 959642.1617971228 1959098.121934246))",강북구,번동,,,,,No Data,,,
11680112,자곡동,Jagok-dong,208,0.000264,0.088864,11680112,0,,,11680112,자곡동,0,0,0,0,0,"POLYGON ((965667.9414364315 1942800.306220049, 965668.1580514496 1942799.8364735092, 965783.1339767653 1942569.9928832713, 966052.6004449221 1942111.4705070506, 965879.8912935856 1942032.1489560339, 965850.1277813248 1941975.7601735203, 965617.6055762279 1941839.7594869933, 965470.3426682777 1941712.2827235875, 965161.0801881459 1941904.4474442822, 965112.1867679993 1941867.2456789112, 965170.5094799517 1941751.8504629533, 964898.2231926857 1941435.0356966434, 964822.6688532865 1941426.0457980677, 964690.7290351383 1941309.5455499955, 964595.8417321363 1941338.7978195425, 964442.4803205397 1941285.660505197, 964112.6720999382 1941290.719290106, 963929.0746453871 1941161.6382851566, 963855.7005035732 1941156.2178858588, 963661.0291062206 1941083.0221572486, 963583.8064060432 1941091.6614595817, 963528.6377580967 1941252.353547192, 963445.7899085416 1941363.3958183313, 963307.9881605967 1941412.8644524247, 963233.2172965946 1941592.726389672, 963263.8462858178 1941846.305515104, 963297.3047157943 1941891.2389519394, 963336.8605901238 1941925.9610214808, 963426.773987514 1941979.845254667, 963606.4151912136 1941967.5953707926, 963737.700520057 1942082.887249604, 963897.4743085601 1942159.899703687, 963955.2710746244 1942121.3068961487, 964366.2417466285 1942192.1335584598, 964501.1669578489 1942186.7002170968, 964463.1519671353 1942315.9402211371, 964478.5321491946 1942421.3607548738, 964422.5612351651 1942499.0727838068, 964469.9863845517 1942621.9755105448, 964569.1863345192 1942708.9859280938, 964705.6163685689 1942741.4275803915, 964782.180984387 1942885.5131148756, 964973.6739540817 1942952.6954262047, 965104.1873780617 1942701.578215096, 965226.1240480349 1942690.4406319058, 965523.2000156814 1942734.672020752, 965580.2833957666 1942715.3767865624, 965667.9414364315 1942800.306220049))",강남구,자곡동,,,,,No Data,,,
11110128,관훈동,Gwanhun-dong,83,7e-06,0.016234,11110128,1,2026-04-15,종로구,1111012800,관훈동,10,9,8,6,2,"POLYGON ((954674.5473083749 1952831.4616983589, 954675.434050339 1952818.5559852314, 954574.1608558387 1952745.8005058053, 954534.6864066035 1952673.5704539325, 954460.3499119956 1952672.760567902, 954411.0902628407 1952915.4065940536, 954339.2727758376 1952908.320048292, 954350.5108604888 1953030.6470303365, 954373.5773417136 1953038.916398298, 954464.8410866403 1953084.4647461686, 954555.6833539781 1953038.0853047264, 954648.6856296887 1952830.6175755698, 954674.5473083749 1952831.4616983589))",종로구,관훈동,종로구,관훈동,1.1037647513096656,9.0,Not Sig,0.12584258793274758,0.187,1.0
11110123,서린동,Seorin-dong,85,5e-06,0.012379,11110123,0,,,11110123,서린동,0,0,0,0,0,"POLYGON ((954342.8416655913 1952417.6422883063, 954332.5070695031 1952304.7703565357, 954308.4157040815 1952310.0893697906, 954068.6857889403 1952313.4955498802, 953895.1686498289 1952332.9980723653, 953871.0207409959 1952343.4471617714, 953885.8495573783 1952423.8248706681, 954342.8416655913 1952417.6422883063))",종로구,서린동,,,,,No Data,,,
11110174,창신동,Changsin-dong,112,7.9e-05,0.04418,11110174,1,2026-04-15,종로구,1111017400,창신동,81,75,72,62,37,"POLYGON ((957528.3591018193 1952513.6888737138, 957378.6361966209 1952410.5480849296, 957195.0767405255 1952373.7339188247, 956733.7883393895 1952379.9611761672, 956701.6816345258 1952510.039922486, 956705.8093786282 1952620.8256515579, 956627.9567653018 1952723.1226372714, 956633.6013382763 1952942.3249525826, 956593.897834924 1953045.962332141, 956607.0054243427 1953154.0970757823, 956564.0694252269 1953427.145304248, 956616.9732795855 1953567.5872094806, 956788.729584577 1953542.8399242621, 956822.9742633917 1953606.3002752073, 956895.3097129293 1953688.3550293047, 956989.2411596006 1953664.6015852597, 957155.6705119597 1953768.5597599535, 957178.2122714055 1953575.4864142553, 957208.6250138533 1953524.0393631507, 957204.1617280436 1953386.4407886742, 957241.6533989744 1953004.656107485, 957227.9362408397 1952762.421781822, 957232.073693737 1952553.9912230407, 957330.4015753546 1952526.0697624746, 957469.0642846606 1952539.6039121354, 957528.3591018193 1952513.6888737138))",종로구,창신동,종로구,창신동,-0.5504060981552878,75.0,Not Sig,0.009545331987380605,0.492,3.0
11110175,숭인동,Sungin-dong,120,6e-05,0.039962,11110175,1,2026-04-15,종로구,1111017500,숭인동,80,74,61,50,24,"POLYGON ((957328.5860844778 1953698.6008168708, 957343.3082177945 1953609.294394072, 957466.9190568229 1953403.6374554422, 957414.6222593171 1953302.2753426586, 957509.5490112331 1953235.6361479321, 957562.8283274244 1953297.8445795034, 957777.2698740455 1953384.3940476698, 957895.489148272 1953289.4111649, 957911.9508206992 1952611.824480731, 957809.5424101395 1952624.2580419553, 957683.2601550855 1952591.525111788, 957528.3591018193 1952513.6888737138, 957469.0642846606 1952539.6039121354, 957330.4015753546 1952526.0697624746, 957232.073693737 1952553.9912230407, 957227.9362408397 1952762.421781822, 957241.6533989744 1953004.656107485, 957204.1617280436 1953386.4407886742, 957208.6250138533 1953524.0393631507, 957178.2122714055 1953575.4864142553, 957155.6705119597 1953768.5597599535, 957164.0214844139 1953771.0069700312, 957232.8314442013 1953710.2005594203, 957328.5860844778 1953698.6008168708))",종로구,숭인동,종로구,숭인동,-0.12633737156370933,74.0,Not Sig,0.04741733843864338,0.343,3.0
11140153,방산동,Bangsan-dong,127,6e-06,0.012409,11140153,0,,,11140153,방산동,0,0,0,0,0,"POLYGON ((956320.1919080295 1952364.3321280123, 956240.4677976359 1952197.955344439, 956185.4522036756 1952223.494645587, 956067.0708741314 1952130.7819818854, 955923.3532253299 1952152.4639939973, 955978.4620678668 1952227.1840659606, 955975.3388034501 1952354.7611635616, 956320.1919080295 1952364.3321280123))",중구,방산동,,,,,No Data,,,
11140140,남학동,Namhak-dong,147,1e-06,0.004663,11140140,1,2026-04-15,중구,1114014000,남학동,4,4,2,2,2,"POLYGON ((955103.4306526437 1951428.3405096144, 955064.3006069681 1951337.0539576178, 954972.6915953129 1951298.5313439863, 955005.5432590311 1951435.6899715506, 955008.0539508993 1951435.0832334135, 955103.4306526437 1951428.3405096144))",중구,남학동,중구,남학동,1.368644350317762,4.0,Not Sig,0.18025547619057175,0.151,1.0
11140158,충무로3가,Chungmuro 3(sam)-ga,153,5e-06,0.012618,11140158,1,2026-04-15,중구,1114015800,충무로3가,9,9,9,8,7,"POLYGON ((955233.8284087742 1951680.0630674914, 955272.1018218386 1951645.3090169288, 955276.4857699858 1951540.4151899738, 955160.9533211078 1951502.2183998595, 955103.4306526437 1951428.3405096144, 955008.0539508993 1951435.0832334135, 954988.3775462178 1951632.8719963953, 955070.8035213097 1951670.8459977473, 955233.8284087742 1951680.0630674914))",중구,충무로3가,중구,충무로3가,-0.3823734172425978,9.0,Not Sig,-0.06634440266483893,0.252,2.0
11140109,장교동,Janggyo-dong,158,3e-06,0.008561,11140109,1,2026-04-15,중구,1114010900,장교동,2,2,2,0,0,"POLYGON ((954821.2546268984 1952052.4223110192, 954581.4093857775 1952083.3810958778, 954623.3130068135 1952209.0738512126, 954651.4943791875 1952223.6496440065, 954797.9589472489 1952209.5702593224, 954804.2380167531 1952208.9702230094, 954782.8981896314 1952121.1391496542, 954821.2546268984 1952052.4223110192))",중구,장교동,중구,장교동,-0.3711658094283363,2.0,Not Sig,0.1419189754402743,0.192,3.0
11110153,돈의동,Donui-dong,101,3e-06,0.009015,11110153,1,2026-04-15,종로구,1111015300,돈의동,11,7,4,3,2,"POLYGON ((955122.9120344787 1952503.1504945369, 955011.6747009248 1952492.2414023334, 954996.2312567384 1952596.2308594452, 954947.4827251522 1952653.385641635, 954956.5611181956 1952736.3495115715, 955056.3176446601 1952786.8485922453, 955122.9120344787 1952503.1504945369))",종로구,돈의동,종로구,돈의동,-2.454964112883101,7.0,Not Sig,-0.11640624621003853,0.344,2.0
11260101,면목동,Myeonmok-dong,125,0.000615,0.112683,11260101,0,,,11260101,면목동,0,0,0,0,0,"POLYGON ((965583.3089471428 1954298.279668166, 965567.8878445902 1954141.488464826, 965476.5868653004 1953849.2287986602, 965323.8109240417 1953731.7412716986, 965213.5429109235 1953690.2756432975, 964987.3830009811 1953542.348884491, 964938.8350911576 1953466.1527455053, 964949.9288015864 1953355.1569472651, 964855.0036137562 1953205.252508309, 964782.4171489897 1953041.1738158457, 964791.2558328162 1952940.7490090767, 964758.7498662801 1952785.2408341684, 964633.4877319402 1952673.0468405276, 964355.9375213459 1952517.6990775866, 964291.3194776883 1952438.716771888, 964219.2903825713 1952453.8569714134, 963832.0309212585 1952337.9224047714, 963576.8073194327 1952418.0590745243, 963452.6002253819 1952422.6803925796, 963419.389420647 1952475.6084910873, 963206.9940585801 1952526.541899625, 962756.7015873488 1952585.811422485, 962669.3905434666 1952700.8650968273, 962669.205292356 1952766.2257244869, 962604.2233244497 1953413.707078401, 962548.0574882877 1953591.2076081233, 962498.2596451383 1953597.2787433886, 962461.6561129784 1953685.614194545, 962227.7979312622 1954038.2245153207, 962271.0837745569 1954210.4711795817, 962059.5883290039 1954593.8203834873, 962103.8912320811 1954762.3611332607, 962209.9795115424 1954731.9168013847, 962803.5403339174 1954924.0606715623, 962844.503507202 1954821.3752629668, 962936.5545034155 1954837.6678445064, 962932.6906481022 1954742.612662452, 964088.93073918 1955049.562035591, 964125.7774620057 1954560.2777113724, 964462.2795507347 1954654.04063834, 964867.300338152 1954477.2274137032, 964882.0502205958 1954509.688716129, 965051.8681197158 1954459.495690039, 965206.397346335 1954376.7874058678, 965421.6712544997 1954398.0244278177, 965563.4980376053 1954347.6441775712, 965583.3089471428 1954298.279668166))",중랑구,면목동,,,,,No Data,,,
11500111,과해동,Gwahae-dong,232,0.000284,0.091701,11500111,0,,,11500111,과해동,0,0,0,0,0,"POLYGON ((938089.8603630611 1952314.0207160458, 937964.3245718613 1952004.1342381362, 937968.9207584598 1951922.7454963292, 938065.3309331534 1951852.5391154021, 938113.3997489458 1951747.730076112, 938193.5143819427 1951682.078213312, 938327.5465537021 1951626.9876508485, 938347.9989440701 1951524.5684262181, 938051.5850743799 1951472.0211276538, 937944.9084857114 1951467.0371208948, 937713.839715102 1951413.8122758844, 937597.0174299765 1951444.4841359693, 937401.042551426 1951406.78981597, 937249.3885342495 1951310.4640369415, 937018.4287359639 1951213.7480336977, 936897.0882578089 1951182.4828989145, 936767.4181314575 1951075.9268640478, 936603.6796286628 1951128.050002156, 936483.6965555792 1951131.594049333, 936429.3810491478 1951176.3970158135, 936490.9777180105 1951310.3753520548, 936200.2908300817 1951413.5116813313, 936208.7435999408 1951437.1782609886, 936193.0500470297 1951682.1066677193, 936115.7157625303 1951693.094916623, 936158.3634050381 1951842.139265104, 935986.5261295378 1952083.8893710864, 935955.5574273703 1952287.4081658907, 936093.6526783835 1952217.5096603043, 936116.3661468088 1952121.794463533, 936223.7166082583 1952205.2966415067, 936438.6763074719 1952253.238072583, 936460.1325250934 1952346.5760345086, 936562.300275418 1952413.8214513792, 936536.0917448822 1952555.581635082, 936652.4142219091 1952595.7821067725, 936549.1808607988 1952702.2602282069, 936589.086399207 1952736.5170472993, 936635.6003179429 1952935.8042829079, 936887.3958579391 1953072.771214139, 937091.8269985731 1953148.66685121, 938108.6506155496 1952360.0567711755, 938089.8603630611 1952314.0207160458))",강서구,과해동,,,,,No Data,,,
11500108,공항동,Gonghang-dong,235,0.000345,0.088021,11500108,1,2026-04-15,강서구,1150010800,공항동,34,34,28,15,3,"POLYGON ((940079.1805801898 1951676.2868294572, 940094.5507376257 1951618.3912849007, 940217.09985621 1951539.1405140706, 940253.8388327053 1951376.952650323, 940304.2767118783 1951363.3107642538, 940390.6498036234 1951227.8340975775, 940272.5723210316 1951159.243944454, 940014.9491748073 1950935.2765199998, 939376.4896480585 1950341.8896554012, 939394.5211398883 1950264.9085413066, 939385.1787694582 1950081.4819655006, 939444.2855081675 1949884.5818379594, 939515.512436523 1949805.4498025128, 939481.7912884197 1949647.6232719598, 939357.6644620153 1949493.1482481307, 939311.5134087743 1949348.1225313642, 939251.1291216946 1949268.7954049897, 939098.0705582387 1949354.2113414404, 938715.960865276 1949680.1001741434, 938593.2185069055 1949788.6268955506, 938494.874207578 1949825.78771817, 938374.62009672 1950031.5841027466, 938310.9794242844 1950285.0723618786, 938329.9613493902 1950443.821078209, 938272.7257009996 1950642.779702588, 938151.4092612814 1950898.1147940853, 937996.7945360795 1951144.6539548268, 937951.9204489893 1951243.8675253843, 937970.6780405977 1951325.4227102872, 937944.9084857114 1951467.0371208948, 938051.5850743799 1951472.0211276538, 938347.9989440701 1951524.5684262181, 938503.9226682885 1951546.262887545, 938608.6449474675 1951522.670077154, 938726.052606959 1951539.4176129182, 938843.0769577941 1951589.6712249971, 938994.4278196656 1951706.939462011, 939143.4362195836 1951855.9190922608, 939284.0563996056 1951856.9056295087, 939341.4869789894 1951902.1052087967, 939534.6250951069 1951874.2329731518, 939618.9218944077 1951915.9937472253, 939755.8342643785 1951901.4197437698, 939887.489773853 1951946.1553751368, 939904.8274555606 1951903.7310309627, 940079.1805801898 1951676.2868294572))",강서구,공항동,강서구,공항동,-0.6498921397247815,34.0,Not Sig,-0.02520306777739732,0.386,2.0
11110162,효제동,Hyoje-dong,115,1e-05,0.016805,11110162,1,2026-04-15,종로구,1111016200,효제동,15,13,11,9,3,"POLYGON ((956115.6704833747 1952995.0206740277, 956148.9027799498 1952893.4107592623, 956244.6646103769 1952716.9893891108, 956397.0778841923 1952586.4536056407, 955979.1025197478 1952564.1665358695, 955989.2927431547 1952669.380801996, 956048.3982112322 1952796.1758782545, 955924.981309816 1952899.4638144153, 955971.1976325621 1952962.158818496, 956115.6704833747 1952995.0206740277))",종로구,효제동,종로구,효제동,-0.949166524659611,13.0,Not Sig,-0.06184381006859898,0.34,2.0
11110133,익선동,Ikseon-dong,75,5e-06,0.009914,11110133,1,2026-04-15,종로구,1111013300,익선동,13,13,12,4,3,"POLYGON ((955056.3176446601 1952786.8485922453, 954956.5611181956 1952736.3495115715, 954831.9607708333 1952914.2752586375, 954825.686521387 1953013.0013163842, 954996.1273446723 1953035.9802938572, 955033.593067395 1952880.5693643081, 955056.3176446601 1952786.8485922453))",종로구,익선동,종로구,익선동,0.8093922369309348,13.0,Not Sig,-0.0408981819512987,0.3,4.0
11110147,재동,Jae-dong,111,5e-06,0.012451,11110147,1,2026-04-15,종로구,1111014700,재동,1,0,0,0,0,"POLYGON ((954604.8629307088 1953464.5482661382, 954656.0419383384 1953363.705980437, 954653.3520537028 1953186.6487557632, 954640.0737077744 1953179.6755594276, 954574.646810659 1953153.3275677722, 954493.2915898036 1953229.8163782242, 954421.1802460242 1953397.2072517883, 954424.8664739671 1953455.3923222974, 954431.9443257912 1953482.2653651854, 954604.8629307088 1953464.5482661382))",종로구,재동,,,,,No Data,,,
11140141,주자동,Juja-dong,148,2e-06,0.006737,11140141,1,2026-04-15,중구,1114014100,주자동,1,1,1,1,1,"POLYGON ((955005.5432590311 1951435.6899715506, 954972.6915953129 1951298.5313439863, 954818.3520173803 1951334.894918095, 954803.3984778852 1951433.85881572, 955005.5432590311 1951435.6899715506))",중구,주자동,중구,주자동,5.159577990329918,1.0,Not Sig,0.4663140941968945,0.25,1.0
11500105,마곡동,Magok-dong,292,0.00028,0.079378,11500105,1,2026-04-15,강서구,1150010500,마곡동,8,8,3,0,0,"POLYGON ((940079.1805801898 1951676.2868294572, 939904.8274555606 1951903.7310309627, 940167.77009181 1952067.194937141, 940233.1241621202 1952156.4814676887, 940183.524230996 1952340.4411306516, 940198.4906657829 1952446.8685397292, 940167.0614550794 1952809.5270117496, 940046.3901559049 1952961.2932566057, 940024.529984127 1953105.180408084, 940042.2834377013 1953214.0309084645, 940240.166866369 1953523.3662921714, 940391.616846748 1953623.8957407337, 940482.601681037 1953765.5207452895, 940726.3811300672 1954033.999924074, 941018.4229970418 1954246.8546123388, 941476.6426400222 1953893.2201086832, 941559.7891321483 1953807.2090877958, 941938.5712513345 1953523.9263078745, 941712.9717218867 1953240.8274528289, 941698.9690780778 1952995.6337120621, 941634.5832202144 1952882.1666915137, 941619.0636020622 1952654.0245284743, 941434.5728792218 1952597.5001025584, 941332.2763004282 1952611.4258683592, 941229.3740499002 1952583.6094773884, 941211.0857880593 1952446.935643156, 941101.5672221665 1952399.4378380587, 940997.140991557 1952190.8433020662, 940836.9670782435 1952154.2486177082, 940650.7777159171 1951956.254082006, 940584.6926819772 1951921.3009886544, 940491.0697617726 1951787.1809478865, 940386.5925485807 1951757.258920513, 940261.8354134144 1951778.7692842172, 940202.7561393289 1951722.2165248266, 940079.1805801898 1951676.2868294572))",강서구,마곡동,강서구,마곡동,1.4642472487158456,8.0,Not Sig,0.020982160666077065,0.398,1.0
11440106,토정동,Tojeong-dong,295,1.2e-05,0.014355,11440106,0,,,11440106,토정동,0,0,0,0,0,"POLYGON ((950717.4667359674 1949059.844465126, 950638.4144574984 1948971.5344779592, 950671.6107530957 1948884.5557030004, 950557.5672571319 1948745.7096204553, 950400.4345261256 1948872.4612736427, 950280.7422538522 1948944.093176629, 950402.0330035781 1949148.443878619, 950478.6826819333 1949159.5190306182, 950528.1504929223 1949229.827602579, 950717.4667359674 1949059.844465126))",마포구,토정동,,,,,No Data,,,
11500112,오곡동,Ogok-dong,303,0.000381,0.109587,11500112,0,,,11500112,오곡동,0,0,0,0,0,"POLYGON ((936208.7435999408 1951437.1782609886, 936200.2908300817 1951413.5116813313, 936490.9777180105 1951310.3753520548, 936429.3810491478 1951176.3970158135, 936483.6965555792 1951131.594049333, 936603.6796286628 1951128.050002156, 936767.4181314575 1951075.9268640478, 936897.0882578089 1951182.4828989145, 937018.4287359639 1951213.7480336977, 937249.3885342495 1951310.4640369415, 937401.042551426 1951406.78981597, 937597.0174299765 1951444.4841359693, 937713.839715102 1951413.8122758844, 937944.9084857114 1951467.0371208948, 937970.6780405977 1951325.4227102872, 937951.9204489893 1951243.8675253843, 937996.7945360795 1951144.6539548268, 938151.4092612814 1950898.1147940853, 938272.7257009996 1950642.779702588, 938329.9613493902 1950443.821078209, 938203.9598100891 1950323.4919893332, 938141.1089484467 1950229.1747604378, 937950.5925677136 1950068.1491253101, 937788.2113939119 1949954.5237509198, 937681.5328615118 1949845.9168579543, 937474.0530365633 1949739.8407962804, 937228.3009516437 1949810.524880271, 937140.1831339113 1949759.619613558, 937012.7740258 1949867.7516676567, 936546.5745995542 1949889.2790166852, 936288.5160701479 1949955.0376548965, 936183.8237553487 1949955.856127378, 936112.7583836769 1950121.8622808212, 935985.2501867068 1950208.0330663132, 935745.1932695177 1950186.006561609, 935666.1267360842 1950137.30110118, 935511.5038562532 1950345.664900115, 935500.5709628768 1950444.5714388762, 935295.9307121165 1950544.387552907, 935318.7590805001 1950641.9472705591, 935294.0728457819 1950795.7839809968, 935233.9479689249 1950778.8906735247, 935174.9150244057 1950882.6790608119, 935043.8759628425 1950934.0649832217, 935276.8495934454 1951065.6732962686, 935413.7337024185 1951082.7826289693, 935513.9918295651 1951127.7384060996, 935735.6179508303 1951098.1389368814, 935806.9937609483 1951157.741035753, 935687.7499612083 1951278.1092298883, 935809.3162837792 1951353.149157024, 936069.0657184185 1951636.8352806133, 936208.7435999408 1951437.1782609886))",강서구,오곡동,,,,,No Data,,,
11350103,공릉동,Gongneung-dong,305,0.000842,0.148133,11350103,0,,,11350103,공릉동,0,0,0,0,0,"POLYGON ((965192.1595646852 1957954.6915221498, 965129.0198408485 1957920.132545743, 965036.9058697284 1957940.7496959881, 964851.3108198976 1957917.5265653525, 964772.3415791737 1957858.239024283, 964597.5649419067 1957959.7016513085, 964406.1194075067 1957867.4897382846, 964365.744289834 1957807.7006755727, 964211.7468030307 1957806.0766241006, 964141.0695890201 1957703.7088679306, 964024.530502624 1957735.3028202686, 963957.3515106654 1957793.4235657984, 963794.6294699084 1957867.288917054, 963472.9714542126 1957953.172877843, 963182.5984515477 1957855.7202155483, 963062.4959305275 1957833.2543160224, 962993.0946511608 1957764.683658406, 962857.9313488327 1957745.0939862835, 962541.4694530665 1957610.1893005152, 962174.8277427142 1957527.0014209482, 962069.1798342858 1957422.2120657815, 962081.7771762413 1957830.4204394906, 962126.5638908737 1957945.746156569, 962119.3003582846 1958052.0187737383, 962013.1340706446 1958407.1986215755, 961947.1990860559 1958514.477958157, 961623.5172589072 1958809.4748025006, 961569.4898179336 1958878.9635223344, 961564.4143230534 1959114.0232842301, 961913.9891278856 1959194.910610593, 962169.8461311001 1959194.0071310638, 962311.2728927562 1959241.4734055744, 962408.1320498511 1959133.9557459585, 962538.7285339274 1959111.477213447, 962637.5443953939 1959135.4160170408, 962677.4939861358 1959360.5291712324, 962745.9927887328 1959506.1178532648, 962927.4582117542 1959630.2382303898, 963087.5584479213 1959812.971523128, 963102.9920543301 1959927.8276306987, 963154.0872768598 1960040.3674626003, 963276.4110153987 1960170.6658560701, 963488.5425230141 1960255.4535092479, 963646.899040653 1960258.7997520652, 963725.4020482952 1960230.9125561034, 963882.8372297743 1960247.1518729331, 963961.7501520241 1960369.19157265, 964193.7278778149 1960418.3879729968, 964247.3078095992 1960547.9891653953, 964234.5257788385 1960643.5502193074, 964497.9346330243 1960575.1905821527, 964616.9845725835 1960582.412600738, 964693.4388466881 1960629.7827683715, 964854.13177696 1960663.298179824, 965059.8899203448 1960742.3605312193, 965293.8533834824 1960728.6315322625, 965391.9860694404 1960682.62249462, 965532.0636783662 1960448.0259399526, 965661.0275677056 1960433.1221012548, 965720.1536292629 1960361.3667574362, 965713.0451777297 1960295.9548201903, 965789.958664464 1960171.0088426457, 965643.175352873 1960059.2398524063, 965667.6284831753 1959953.152042161, 965720.8339830284 1959932.18174595, 965811.032534359 1959739.538548772, 965803.5796589085 1959491.4412635462, 965732.450909139 1959447.2038398993, 965784.9086757991 1959313.2403132052, 965733.9166146723 1959187.2048264218, 965490.3594106894 1958944.1067281554, 965231.5735965372 1958726.5967255742, 965146.7928582338 1958497.8920153049, 965137.2779012511 1958355.5716048179, 965085.1576931489 1958276.9021938287, 965061.2935940425 1958097.539754983, 965135.5908125937 1958087.7794927524, 965192.1595646852 1957954.6915221498))",노원구,공릉동,,,,,No Data,,,
11290103,돈암동,Donam-dong,324,0.000115,0.100193,11290103,0,,,11290103,돈암동,0,0,0,0,0,"POLYGON ((958126.706838139 1955319.0742698368, 958088.818727702 1955220.67676549, 958116.5997227168 1955148.84072319, 957944.0998632716 1954876.6506932063, 957958.2577117156 1954703.4169195683, 957960.4024611315 1954698.2833453794, 957854.4077720614 1954600.524970432, 957866.0736281998 1954715.7435311237, 957744.103994215 1954772.8636001192, 957805.934673876 1955381.9518245899, 957758.760777708 1955403.7846090025, 957697.5779908343 1955386.3521768395, 957640.0319010629 1955461.5113267216, 957558.6582701644 1955410.9708283765, 957552.0114997318 1955409.2444421002, 957463.6979531483 1955342.4915670112, 957372.9170783729 1955414.9116804965, 957271.0002392356 1955376.6290469405, 957217.7434025386 1955514.0940379282, 957138.3283102748 1955549.1808919837, 957063.9173112588 1955540.80559166, 956980.6312951572 1955365.1816481326, 957079.0169064567 1955164.3114242384, 956880.6244081062 1955055.2137839259, 956879.1222462391 1955054.4092319913, 956706.8585863562 1954855.1048952607, 956568.6514412955 1954815.3871930821, 956449.4716292458 1954720.8519160661, 956509.9768717996 1954867.3435914794, 956587.5833393307 1954930.777645954, 956596.3676179405 1955088.224824677, 956548.8251834805 1955295.6602640126, 956498.2412826387 1955351.3486798964, 956409.8029426942 1955320.723769657, 956354.119480515 1955413.024536565, 956381.5038884731 1955523.8843845516, 956461.363625799 1955593.4887814529, 956708.9944603501 1955634.1317375782, 956808.3143354392 1955558.513107872, 956948.816529609 1955587.2634673244, 956866.2225266933 1955701.842253691, 956869.8335680236 1955855.1450793676, 956968.496859696 1955929.3300681897, 957024.2192357468 1955926.713925438, 957108.3597324654 1955827.6728935167, 957292.3416435675 1955692.3607101762, 957380.8298546242 1955598.9642985514, 957437.1442792786 1955648.349347215, 957505.084023706 1955574.47968712, 957652.550044023 1955662.3693681578, 957691.3329277643 1955745.9437035036, 957773.7684257245 1955789.1788822594, 957763.6375706663 1955862.970924265, 957806.4783200617 1955957.3584568931, 958015.300686657 1955987.1767585191, 958145.5193775563 1956129.9801959686, 958258.7584948386 1956226.7016380108, 958436.4356107098 1956226.833495483, 958554.4273608667 1956181.0231573165, 958439.1458373358 1955960.3934311436, 958249.2590014753 1955806.7167275697, 958236.8914049771 1955700.6607336858, 958181.0720600504 1955634.4294168074, 958171.3945701473 1955495.198849448, 958126.706838139 1955319.0742698368))",성북구,돈암동,,,,,No Data,,,
11110155,관수동,Gwansu-dong,88,6e-06,0.01093,11110155,1,2026-04-15,종로구,1111015500,관수동,15,15,10,5,3,"POLYGON ((955167.8566617578 1952415.0732934545, 955166.8032896372 1952228.862561439, 955041.9652197747 1952214.853716166, 954868.8451562745 1952204.9458857144, 954839.1111526857 1952375.7411353828, 954917.0556504793 1952398.1784359212, 955167.8566617578 1952415.0732934545))",종로구,관수동,종로구,관수동,-1.2720790729496159,15.0,Not Sig,0.10769647565721825,0.373,3.0
11110151,묘동,Myo-dong,99,3e-06,0.009205,11110151,1,2026-04-15,종로구,1111015100,묘동,2,2,2,2,2,"POLYGON ((955103.7474556816 1952880.1166574673, 955111.303327637 1952845.7699689732, 955221.1874320362 1952507.7231920303, 955122.9120344787 1952503.1504945369, 955056.3176446601 1952786.8485922453, 955033.593067395 1952880.5693643081, 955103.7474556816 1952880.1166574673))",종로구,묘동,종로구,묘동,1.6577753374946251,2.0,Not Sig,0.033808805795142234,0.396,1.0
11110154,장사동,Jangsa-dong,102,6e-06,0.010965,11110154,1,2026-04-15,종로구,1111015400,장사동,2,2,2,2,2,"POLYGON ((955525.2537980668 1952262.5321510932, 955523.141829953 1952262.35563498, 955369.1929134554 1952247.4185429951, 955166.8032896372 1952228.862561439, 955167.8566617578 1952415.0732934545, 955439.9113829175 1952427.0333087838, 955525.2537980668 1952262.5321510932))",종로구,장사동,종로구,장사동,1.1452132650993878,2.0,Not Sig,-0.04836727440009853,0.379,4.0
11140133,충무로5가,Chungmuro 5(o)-ga,199,6e-06,0.014495,11140133,1,2026-04-15,중구,1114013300,충무로5가,6,6,5,3,3,"POLYGON ((955703.9248109239 1951419.6576263043, 955608.2155456584 1951472.3395965516, 955617.1741441053 1951504.175617245, 955713.5008295559 1951608.853313031, 955768.7251482462 1951645.5883158918, 955763.2563318843 1951735.0180999977, 955995.5255535825 1951753.661841597, 956002.6389860223 1951633.3962806761, 955949.5277657474 1951617.4706943997, 955772.3079386202 1951538.190685612, 955703.9248109239 1951419.6576263043))",중구,충무로5가,중구,충무로5가,-1.0307918957111675,6.0,Not Sig,-0.07792962364766978,0.315,2.0
11140152,주교동,Jugyo-dong,140,7e-06,0.013202,11140152,1,2026-04-15,중구,1114015200,주교동,11,11,11,9,8,"POLYGON ((955923.3532253299 1952152.4639939973, 955898.620921734 1952096.2782275523, 955653.6781950991 1952102.0174419703, 955644.6740942524 1952175.9864567418, 955523.141829953 1952262.35563498, 955525.2537980668 1952262.5321510932, 955666.8673335143 1952282.1131929273, 955975.3388034501 1952354.7611635616, 955978.4620678668 1952227.1840659606, 955923.3532253299 1952152.4639939973))",중구,주교동,중구,주교동,-1.8026863641964532,11.0,Not Sig,-0.11561250993004425,0.319,2.0
11110132,운니동,Unni-dong,97,7e-06,0.011017,11110132,1,2026-04-15,종로구,1111013200,운니동,6,5,5,1,0,"POLYGON ((954640.0737077744 1953179.6755594276, 954653.3520537028 1953186.6487557632, 954771.7811377799 1953249.2580076323, 954904.5393313384 1953263.9221698008, 954960.1002399537 1953191.933944123, 954996.1273446723 1953035.9802938572, 954825.686521387 1953013.0013163842, 954693.7378386975 1952985.3760407367, 954640.0737077744 1953179.6755594276))",종로구,운니동,종로구,운니동,1.8036543237998992,5.0,Not Sig,-0.3768366739413041,0.06,4.0
11380106,대조동,Daejo-dong,33,8.7e-05,0.040777,11380106,0,,,11380106,대조동,0,0,0,0,0,"POLYGON ((949820.1474018942 1956745.3016820985, 949692.7943368184 1956705.5614124443, 949561.1326095954 1956709.3870588902, 949443.1004593099 1956782.2791558462, 949279.4826410655 1956662.8366419333, 949119.2862112403 1956583.0578881216, 949050.3969570639 1956493.8319789912, 948824.6380739916 1956823.8349679566, 948572.786087786 1957034.5207916677, 948629.7918753118 1957445.5333894128, 948820.4688096768 1957802.2263026726, 948929.22442034 1957868.6159135553, 949056.2378589347 1957679.830698507, 949320.6241031464 1957442.0441609274, 949546.4308305976 1957110.5611784852, 949604.924194118 1957052.9440882048, 949820.1474018942 1956745.3016820985))",은평구,대조동,,,,,No Data,,,
11530110,온수동,Onsu-dong,47,8.6e-05,0.043332,11530110,0,,,11530110,온수동,0,0,0,0,0,"POLYGON ((940521.4381089265 1943978.2214520979, 940568.8910455415 1943734.114811456, 940429.5895558826 1943677.7458418931, 940248.4109523165 1943498.4714573799, 940155.0498826372 1943453.4270440482, 940131.7620425755 1943630.8803234184, 939918.2114045231 1943715.5552015333, 939762.9603922864 1943808.7873144513, 939702.4176776914 1943806.5838450897, 939525.037543094 1943928.805019615, 939491.5312947653 1943992.895258509, 939410.788332009 1943992.5393944718, 939392.1403202781 1944129.358662642, 939275.2584892594 1944349.3940201248, 939366.5449286404 1944454.3067953861, 939376.2719364628 1944540.2146132237, 939548.8525620514 1944485.4748739086, 939680.6637307942 1944549.3150162844, 939736.5082335345 1944618.6332555446, 939863.3450823739 1944657.0410388669, 939919.6849326441 1944561.7088630595, 940034.292364428 1944559.4917720258, 940059.5302585467 1944435.5743569317, 940173.7458327544 1944404.0342061871, 940287.662156186 1944319.65948078, 940465.8256497252 1944148.7048393989, 940518.9110958985 1944062.9862677571, 940521.4381089265 1943978.2214520979))",구로구,온수동,,,,,No Data,,,
11110113,필운동,Pirun-dong,55,9e-06,0.018048,11110113,1,2026-04-15,종로구,1111011300,필운동,8,5,5,3,2,"POLYGON ((953190.6699356319 1953363.7125708074, 953191.9473107127 1953175.417927049, 953248.7498694436 1953143.728950287, 953215.9454680794 1952971.4857610422, 953109.4621637368 1953042.3440363521, 953114.536375709 1953132.602425893, 953004.3784021988 1953230.6524897534, 952846.7142266044 1953231.8738994736, 952747.2517631659 1953335.1536122982, 952869.402686413 1953400.1867603227, 953030.1389727447 1953338.170632676, 953142.7514261918 1953322.8874130803, 953190.6699356319 1953363.7125708074))",종로구,필운동,종로구,필운동,-0.8561135531776138,5.0,Not Sig,-0.018633581517596576,0.409,2.0
11110106,통의동,Tongui-dong,60,6e-06,0.010512,11110106,1,2026-04-15,종로구,1111010600,통의동,3,1,1,0,0,"POLYGON ((953570.5893938002 1953138.789199817, 953413.3587277082 1953152.2992796467, 953349.9248222653 1953326.9407039837, 953313.9455331756 1953478.1432947272, 953548.309895985 1953456.43883874, 953570.5893938002 1953138.789199817))",종로구,통의동,종로구,통의동,1.222926255987936,1.0,Not Sig,-0.18032357056530923,0.162,4.0
11110112,체부동,Chebu-dong,49,5e-06,0.009722,11110112,1,2026-04-15,종로구,1111011200,체부동,11,8,8,7,2,"POLYGON ((953349.9248222653 1953326.9407039837, 953413.3587277082 1953152.2992796467, 953248.7498694436 1953143.728950287, 953191.9473107127 1953175.417927049, 953190.6699356319 1953363.7125708074, 953195.5420009391 1953453.6283483033, 953349.9248222653 1953326.9407039837))",종로구,체부동,종로구,체부동,-3.071426145359167,8.0,Not Sig,-0.057286419989150975,0.419,2.0
11140120,봉래동2가,Bongnae-dong 2(i)-ga,144,1.3e-05,0.017439,11140120,0,,,11140120,봉래동2가,0,0,0,0,0,"POLYGON ((953340.6975923091 1951024.0727831745, 953426.184781828 1950913.3156735299, 953494.7167468454 1950900.9464072713, 953483.2014870782 1950661.5201852142, 953401.4983605222 1950745.6375238611, 953115.5534119889 1950747.065828868, 953117.4054228032 1950834.288039894, 953121.8202785755 1950964.3633993512, 953146.044692725 1951231.4808440933, 953269.4719326855 1951244.4499687927, 953286.5069152379 1951190.0745352304, 953340.6975923091 1951024.0727831745))",중구,봉래동2가,,,,,No Data,,,
11110129,견지동,Gyeonji-dong,74,5e-06,0.015375,11110129,1,2026-04-15,종로구,1111012900,견지동,1,1,1,1,1,"POLYGON ((954350.5108604888 1953030.6470303365, 954339.2727758376 1952908.320048292, 954411.0902628407 1952915.4065940536, 954460.3499119956 1952672.760567902, 954457.3273550926 1952665.0653487334, 954286.76584437 1952642.0994251878, 954307.4616893812 1952839.9581424487, 954249.1909475308 1952857.4407837116, 954318.751283469 1953023.5513826222, 954350.5108604888 1953030.6470303365))",종로구,견지동,종로구,견지동,-5.079131122056479,1.0,LH,-2.18169524655188,0.037,2.0
11110137,낙원동,Nagwon-dong,77,7e-06,0.01745,11110137,1,2026-04-15,종로구,1111013700,낙원동,38,37,34,12,3,"POLYGON ((954831.9607708333 1952914.2752586375, 954956.5611181956 1952736.3495115715, 954947.4827251522 1952653.385641635, 954996.2312567384 1952596.2308594452, 955011.6747009248 1952492.2414023334, 954909.2682529477 1952485.3627143763, 954821.3140160774 1952626.3328937534, 954767.8779731137 1952590.0216868601, 954670.6716485408 1952751.247698493, 954675.434050339 1952818.5559852314, 954674.5473083749 1952831.4616983589, 954831.9607708333 1952914.2752586375))",종로구,낙원동,종로구,낙원동,-0.519339055386529,37.0,Not Sig,-0.10813490333399982,0.188,2.0
11110138,종로2가,Jongno 2(i)-ga,78,6e-06,0.017644,11110138,1,2026-04-15,종로구,1111013800,종로2가,3,3,3,3,3,"POLYGON ((954909.2682529477 1952485.3627143763, 954917.0556504793 1952398.1784359212, 954839.1111526857 1952375.7411353828, 954764.267233231 1952407.1103918953, 954417.2687988614 1952401.4934036334, 954356.731484305 1952450.005993185, 954358.0237098143 1952474.196418986, 954445.0616112838 1952474.3672851527, 954767.3330358445 1952476.6744202115, 954767.8779731137 1952590.0216868601, 954821.3140160774 1952626.3328937534, 954909.2682529477 1952485.3627143763))",종로구,종로2가,종로구,종로2가,-3.3058555166333754,3.0,Not Sig,-0.862542393085299,0.085,2.0
11140139,필동3가,Pil-dong 3(sam)-ga,131,1e-05,0.030693,11140139,1,2026-04-15,중구,1114013900,필동3가,7,7,7,7,2,"POLYGON ((955703.9248109239 1951419.6576263043, 955776.9742643916 1951396.7046202773, 955712.032060836 1951330.2258563829, 955666.3091682304 1951150.7435493236, 955590.5854959659 1951137.374877142, 955595.2601210303 1951038.1444800126, 955512.2181833975 1950960.8002029518, 955445.9458083282 1950751.9444969853, 955439.2113941116 1950941.609644435, 955470.4976150607 1951004.8887325122, 955504.6055103767 1951202.331824487, 955479.0491805894 1951267.9218827507, 955563.7130121147 1951314.0818453939, 955553.8348272806 1951395.5991291986, 955608.2155456584 1951472.3395965516, 955703.9248109239 1951419.6576263043))",중구,필동3가,,,,,No Data,,,
11140121,회현동1가,Hoehyeon-dong 1(il)-ga,154,3e-05,0.034823,11140121,1,2026-04-15,중구,1114012100,회현동1가,41,38,34,24,15,"POLYGON ((954184.9123877735 1951304.5701427714, 954292.047159791 1951131.6303432093, 954298.3161960578 1950970.402866634, 954376.9072637373 1950912.4288499854, 954442.8714164767 1951049.8160439243, 954477.734187248 1951049.6113756255, 954461.0674030168 1950942.0496129815, 954493.7952837944 1950873.158601771, 954549.5166699004 1950608.926548692, 954426.8901283861 1950536.002370876, 954250.1415174445 1950620.7129683448, 954154.9208523966 1950627.2013291253, 954098.7563407044 1950704.6874556066, 953891.5618481358 1950757.1677477886, 953976.8992595964 1950876.3349004, 954048.7994262248 1950906.9305900326, 953949.4208181769 1951009.265113539, 953932.8624486958 1951134.6034558727, 954009.9108190942 1951239.3091258581, 954021.2473406276 1951435.151855338, 954111.5384297974 1951451.0300722905, 954144.4441529835 1951309.6922972843, 954184.9123877735 1951304.5701427714))",중구,회현동1가,,,,,No Data,,,
11110161,종로4가,Jongno 4(sa)-ga,109,4e-06,0.012757,11110161,1,2026-04-15,종로구,1111016100,종로4가,1,1,1,1,1,"POLYGON ((955863.5198426397 1952547.7870441305, 955923.7082328069 1952448.065514118, 955762.7014720519 1952449.4711648466, 955439.9113829175 1952427.0333087838, 955412.3998620593 1952513.6647287833, 955487.6900809815 1952517.6618180838, 955863.5198426397 1952547.7870441305))",종로구,종로4가,종로구,종로4가,-0.12311921373443369,1.0,Not Sig,-0.030028454855961464,0.305,2.0
11110145,송현동,Songhyeon-dong,93,5e-06,0.009662,11110145,0,,,11110145,송현동,0,0,0,0,0,"POLYGON ((954373.5773417136 1953038.916398298, 954350.5108604888 1953030.6470303365, 954318.751283469 1953023.5513826222, 954206.2918469923 1953051.5331845027, 954133.8435228757 1953096.8709297616, 954216.7683994449 1953337.9461010261, 954273.6104961777 1953376.4505233387, 954313.6736747457 1953170.2394270436, 954373.5773417136 1953038.916398298))",종로구,송현동,,,,,No Data,,,
11260103,중화동,Junghwa-dong,167,0.000169,0.068235,11260103,0,,,11260103,중화동,0,0,0,0,0,"POLYGON ((962087.3062143724 1954887.0775912656, 961991.2966165645 1955189.9090427381, 961998.1035614869 1955402.6204074633, 962264.3979768622 1955734.1147243478, 962298.3439664809 1955854.5466836307, 962258.2502543046 1956026.15416195, 962181.6574292284 1956222.1994053335, 962141.8041241656 1956553.1632251085, 962326.1166848904 1956527.5244227664, 962378.5855566679 1956235.4029099753, 962972.4500016323 1956323.4798439203, 963080.940440531 1956456.3121343933, 963224.4148866383 1956439.5040249864, 963382.4037087505 1956591.0401478168, 963565.0331378771 1956624.0238968949, 963585.2655384457 1956405.0519820016, 963550.9556782019 1956213.8893516085, 963470.0559783796 1956029.460262513, 963415.0181361341 1955981.731104212, 963540.5262486298 1955918.655058678, 963474.771760599 1955786.0003338282, 963471.833063669 1955718.4191134274, 963377.6516945423 1955642.7652408592, 963316.3193311241 1955549.623580458, 963167.9847756312 1955565.035350495, 963214.8288179202 1955441.5202543254, 963203.8720556714 1955322.3941606558, 963019.1318269243 1955273.4019137789, 962951.9221110272 1955223.919215104, 962949.083034817 1955149.6055618448, 962180.6708907803 1954906.759321992, 962087.3062143724 1954887.0775912656))",중랑구,중화동,,,,,No Data,,,
11260105,망우동,Mangu-dong,169,0.000398,0.098578,11260105,0,,,11260105,망우동,0,0,0,0,0,"POLYGON ((966170.3513672426 1956672.0407578847, 966287.8738299818 1956596.5946971183, 966326.8390186861 1956534.2116759908, 966289.6342594451 1956421.0143579259, 966287.4781647796 1956200.2723439308, 966182.9988439461 1956028.715262968, 966081.4008579624 1955924.5031117252, 966013.863468708 1955775.7810778315, 965937.2726579738 1955705.5634308988, 965933.843604378 1955638.2342192777, 966079.6158789208 1955392.879135653, 966180.3882421803 1955190.841086669, 966160.9314288256 1955026.6672321006, 966050.2668867797 1954973.2389427244, 965866.9037372964 1954943.8999939063, 965630.0661666656 1954489.5493201294, 965583.3089471428 1954298.279668166, 965563.4980376053 1954347.6441775712, 965421.6712544997 1954398.0244278177, 965206.397346335 1954376.7874058678, 965051.8681197158 1954459.495690039, 964882.0502205958 1954509.688716129, 964867.300338152 1954477.2274137032, 964462.2795507347 1954654.04063834, 964125.7774620057 1954560.2777113724, 964088.93073918 1955049.562035591, 964055.2981148583 1955495.975725177, 964264.9257858172 1955556.0968428766, 964288.6924583175 1955636.0529807908, 964732.1726203964 1955756.597848079, 964742.7270424183 1955983.6012973192, 964891.9765847498 1956106.4025789392, 964882.0738580786 1956171.8557226115, 965024.7795112847 1956449.4240816673, 965021.1897454124 1956742.0893578841, 964936.553302961 1956788.3200359722, 964877.635621409 1956691.3339396147, 964807.4569132603 1956726.857600803, 964785.5198119972 1956835.357176983, 964804.7361983738 1957164.5980491657, 964968.5960565635 1957141.3894714438, 965132.4976842233 1957155.2053469543, 965213.9916767419 1957067.9815422408, 965447.0480012612 1956997.941058279, 965569.1329689538 1957046.8100526, 965784.6411325004 1956909.1085217039, 965804.3625375213 1956842.4437677858, 966170.3513672426 1956672.0407578847))",중랑구,망우동,,,,,No Data,,,
11530109,궁동,Gung-dong,46,0.000185,0.06256,11530109,0,,,11530109,궁동,0,0,0,0,0,"POLYGON ((941347.6284004035 1945075.839058921, 941340.2935959657 1944887.4324162423, 941284.8834064944 1944797.1647647119, 941142.9168282981 1944582.6936173886, 941219.2484954806 1944434.0120347163, 941394.1452740036 1944300.4748151016, 941473.6224207073 1943981.9673648418, 940521.4381089265 1943978.2214520979, 940518.9110958985 1944062.9862677571, 940465.8256497252 1944148.7048393989, 940287.662156186 1944319.65948078, 940173.7458327544 1944404.0342061871, 940059.5302585467 1944435.5743569317, 940034.292364428 1944559.4917720258, 939919.6849326441 1944561.7088630595, 939863.3450823739 1944657.0410388669, 939844.7464557295 1944832.2844472136, 939896.9871212688 1944903.495314297, 940035.8730830632 1944982.5273232437, 940073.6724825901 1945175.2053628594, 940060.978967716 1945246.5392602289, 940125.8811370239 1945373.3260491672, 940098.486947238 1945595.69856349, 940445.1751176289 1945707.506999038, 940520.5889913116 1945682.9537124108, 940620.0690987562 1945715.125637383, 940876.9071070731 1945628.0576293918, 940834.9110736096 1945442.5488182984, 940966.6707916387 1945250.2808540629, 941245.5678509201 1945052.9826569117, 941347.6284004035 1945075.839058921))",구로구,궁동,,,,,No Data,,,
11530111,천왕동,Cheonwang-dong,48,0.00014,0.058713,11530111,0,,,11530111,천왕동,0,0,0,0,0,"POLYGON ((942022.937405163 1943221.608331231, 942077.4569648143 1943203.686034468, 942143.9526316536 1943166.1388380136, 942145.4286193984 1943163.4976294683, 942179.466999988 1943116.8573034222, 942171.2407631634 1943069.896781716, 942185.7900362448 1943012.5472678468, 942325.739035746 1943009.0259719687, 942305.2236559369 1942814.9011472627, 942267.1384724802 1942718.941894092, 942215.5705629771 1942675.072887737, 942172.8885842297 1942544.2193875606, 942117.435810078 1941823.1559411585, 941890.287700841 1941953.5904438947, 941735.256836839 1941918.4876629661, 941494.294454404 1942002.8360738908, 941396.8732631213 1941946.6995662511, 941186.8772734951 1941897.327553004, 941191.3277876704 1942044.585686565, 941069.3819278327 1942201.2103343336, 940916.6241009639 1942257.2163423174, 940981.8918627033 1942347.5833393375, 940998.1397012755 1942458.365042403, 940950.5219679764 1942563.8905260067, 940955.992613223 1942647.5968818383, 940841.3444152335 1942677.1085909382, 940956.510286462 1942837.5433652198, 940959.5005216276 1942954.0182041961, 941053.0297908245 1942970.4454802123, 941316.5296168112 1942908.3660076947, 941524.3045737727 1942914.4525629897, 941589.8082180253 1943090.102288396, 941691.5188243819 1943222.6178114326, 941777.0901980143 1943273.8416051462, 942022.937405163 1943221.608331231))",구로구,천왕동,,,,,No Data,,,
11110152,봉익동,Bongik-dong,100,4e-06,0.009787,11110152,1,2026-04-15,종로구,1111015200,봉익동,2,2,2,1,0,"POLYGON ((955191.0273791484 1952841.0931326717, 955264.2237857796 1952704.683982596, 955326.7725193365 1952641.7546928534, 955342.6592590277 1952509.6426683485, 955221.1874320362 1952507.7231920303, 955111.303327637 1952845.7699689732, 955191.0273791484 1952841.0931326717))",종로구,봉익동,종로구,봉익동,0.8354478047374405,2.0,Not Sig,0.21578232087841884,0.052,1.0
11500103,화곡동,Hwagok-dong,237,0.000647,0.124432,11500103,1,2026-04-15,강서구,1150010300,화곡동,126,126,112,50,5,"POLYGON ((943765.4939030575 1948670.717827636, 943805.1796695557 1948021.8430484652, 942469.5000991853 1947821.0011055304, 941726.716685726 1947669.775707402, 941198.382735061 1948779.6910860352, 941259.2051871507 1948808.5623762999, 941265.2900086545 1948898.7232679008, 941141.038293394 1949155.940493194, 941086.9431076043 1949379.0017376237, 940811.2718801646 1949359.5064933086, 940833.9940804156 1949467.7041644633, 940789.1522303339 1949589.4045059474, 940856.104426534 1949816.1100213598, 940796.053656271 1950033.672248047, 940913.5765723553 1950005.8167589505, 941096.0876635208 1950012.4023985602, 941109.7528110894 1950057.736729959, 941376.6777253711 1950055.4499402985, 941379.3325057024 1950371.3197789802, 941637.499674047 1950367.770601628, 941757.1143498775 1950333.6423463414, 941867.5385418657 1950342.164467271, 941985.2068219103 1950575.7671812947, 942152.6943685417 1950655.1012554402, 942220.6988964836 1950774.7569451125, 942186.1723936237 1951145.7400383025, 942417.5920948603 1951098.358678101, 943163.4709777232 1950764.3831708897, 943261.650526401 1950698.6298761354, 943221.1215438003 1950608.5711414586, 943245.4474749254 1950437.2195552886, 943237.4812854483 1950270.7572475926, 943123.3692711692 1949956.4167779533, 943026.8345981183 1949881.026854659, 943024.0382121417 1949681.1651847188, 942971.4372075165 1949595.462198967, 943076.1882623706 1949488.1295094648, 943243.8893285926 1949410.6626289696, 943441.7905179156 1949365.0019184512, 943500.6098513723 1949316.2071833634, 943518.5096290272 1948994.7755400538, 943542.4648647081 1948842.7452980196, 943616.8316603575 1948752.983113782, 943614.9181490632 1948661.5724529426, 943765.4939030575 1948670.717827636))",강서구,화곡동,강서구,화곡동,0.21075917058150928,126.0,Not Sig,0.03278883618137556,0.108,3.0
11110163,종로5가,Jongno 5(o)-ga,116,1.1e-05,0.017454,11110163,1,2026-04-15,종로구,1111016300,종로5가,10,8,8,8,6,"POLYGON ((955979.1025197478 1952564.1665358695, 956397.0778841923 1952586.4536056407, 956457.3498849133 1952367.383520102, 956320.1919080295 1952364.3321280123, 955975.3388034501 1952354.7611635616, 955923.7082328069 1952448.065514118, 955863.5198426397 1952547.7870441305, 955827.4658158397 1952607.3819130391, 955897.1569104671 1952625.8290134307, 955979.1025197478 1952564.1665358695))",종로구,종로5가,종로구,종로5가,1.0054641594370235,8.0,Not Sig,-0.06447792019471023,0.26,4.0
11110144,사간동,Sagan-dong,92,3e-06,0.007848,11110144,1,2026-04-15,종로구,1111014400,사간동,3,3,3,1,1,"POLYGON ((954133.8435228757 1953096.8709297616, 954051.5302144398 1953090.3011470286, 954055.5352130742 1953322.0284603715, 954216.7683994449 1953337.9461010261, 954133.8435228757 1953096.8709297616))",종로구,사간동,종로구,사간동,1.8547883543630508,3.0,HH,1.283596681231772,0.019,1.0
11140157,산림동,Sallim-dong,136,5e-06,0.009536,11140157,1,2026-04-15,중구,1114015700,산림동,6,6,5,5,4,"POLYGON ((955364.1695644866 1952079.6244667969, 955369.1929134554 1952247.4185429951, 955523.141829953 1952262.35563498, 955644.6740942524 1952175.9864567418, 955653.6781950991 1952102.0174419703, 955412.0685752499 1952051.4954540958, 955364.1695644866 1952079.6244667969))",중구,산림동,중구,산림동,1.1300364150719655,6.0,Not Sig,0.02336294605450257,0.394,1.0
11110176,교남동,Gyonam-dong,121,2e-06,0.009195,11110176,0,,,11110176,교남동,0,0,0,0,0,"POLYGON ((952714.9608224332 1952289.2333122499, 952843.8275204326 1952128.896013246, 952805.475813308 1952084.406898644, 952572.0451162534 1952393.128905136, 952595.3082325074 1952407.5269455165, 952668.2602314178 1952418.4581317676, 952714.9608224332 1952289.2333122499))",종로구,교남동,,,,,No Data,,,
11140166,서소문동,Seosomun-dong,133,1.2e-05,0.018432,11140166,1,2026-04-15,중구,1114016600,서소문동,4,4,0,0,0,"POLYGON ((953735.163490418 1951855.875297272, 953705.2959569822 1951624.0554096177, 953608.8058516483 1951590.5636973167, 953569.3529309544 1951414.4834925034, 953469.5954093734 1951385.588377352, 953303.9285484079 1951636.6486231254, 953454.5805548206 1951686.9065430346, 953442.6002492498 1951865.7621249554, 953571.3140500097 1951844.2002824617, 953735.163490418 1951855.875297272))",중구,서소문동,중구,서소문동,-2.8087030199569867,4.0,LH,-1.4224109088425436,0.021,2.0
11140113,북창동,Bukchang-dong,170,4e-06,0.011132,11140113,1,2026-04-15,중구,1114011300,북창동,19,14,12,6,6,"POLYGON ((954041.8528212858 1951638.172167458, 953999.7439289583 1951481.0015925248, 953863.4568227681 1951439.9957897782, 953803.0035967759 1951511.2180865125, 953877.2632082725 1951732.055734772, 953968.0956335734 1951733.893924091, 954041.8528212858 1951638.172167458))",중구,북창동,중구,북창동,-2.025830660888765,14.0,Not Sig,-0.3229639130984418,0.189,2.0
11110167,충신동,Chungsin-dong,105,1.3e-05,0.016021,11110167,1,2026-04-15,종로구,1111016700,충신동,17,15,12,11,1,"POLYGON ((956633.6013382763 1952942.3249525826, 956533.2532147164 1952870.7008336901, 956400.299267204 1952816.7801073343, 956244.6646103769 1952716.9893891108, 956148.9027799498 1952893.4107592623, 956115.6704833747 1952995.0206740277, 956109.7732886364 1953012.7902754734, 956315.0109483592 1953069.895057283, 956425.7981590754 1953120.6721277533, 956607.0054243427 1953154.0970757823, 956593.897834924 1953045.962332141, 956633.6013382763 1952942.3249525826))",종로구,충신동,종로구,충신동,2.3838729248737516,15.0,Not Sig,-0.19268611322915838,0.283,4.0
11110178,송월동,Songwol-dong,106,5e-06,0.010119,11110178,0,,,11110178,송월동,0,0,0,0,0,"POLYGON ((952896.2139293811 1952373.2592491286, 952714.9608224332 1952289.2333122499, 952668.2602314178 1952418.4581317676, 952758.927790659 1952594.0091413101, 952845.5217176315 1952603.355187605, 952836.9366421683 1952507.66713581, 952896.2139293811 1952373.2592491286))",종로구,송월동,,,,,No Data,,,
11110164,종로6가,Jongno 6(yuk)-ga,117,1.6e-05,0.018722,11110164,1,2026-04-15,종로구,1111016400,종로6가,7,6,6,4,2,"POLYGON ((956733.7883393895 1952379.9611761672, 956716.0835290032 1952379.39403311, 956457.3498849133 1952367.383520102, 956397.0778841923 1952586.4536056407, 956244.6646103769 1952716.9893891108, 956400.299267204 1952816.7801073343, 956533.2532147164 1952870.7008336901, 956633.6013382763 1952942.3249525826, 956627.9567653018 1952723.1226372714, 956705.8093786282 1952620.8256515579, 956701.6816345258 1952510.039922486, 956733.7883393895 1952379.9611761672))",종로구,종로6가,종로구,종로6가,0.7835664214336155,6.0,Not Sig,-0.01466413367202481,0.441,4.0
11110165,이화동,Ihwa-dong,118,1.2e-05,0.017579,11110165,1,2026-04-15,종로구,1111016500,이화동,8,7,5,5,1,"POLYGON ((956607.0054243427 1953154.0970757823, 956425.7981590754 1953120.6721277533, 956315.0109483592 1953069.895057283, 956109.7732886364 1953012.7902754734, 956084.4791262357 1953198.4742357056, 956053.1210713265 1953234.5937546121, 956220.954041365 1953247.468822491, 956383.5083160067 1953336.1271644684, 956473.0224334062 1953412.4894291244, 956564.0694252269 1953427.145304248, 956607.0054243427 1953154.0970757823))",종로구,이화동,종로구,이화동,-1.102089981533212,7.0,Not Sig,0.017993883125519406,0.498,3.0
11110166,연건동,Yeongeon-dong,119,3e-05,0.026709,11110166,1,2026-04-15,종로구,1111016600,연건동,14,13,12,8,1,"POLYGON ((956036.0532833941 1953682.5653259552, 956046.507044638 1953640.5545753862, 956053.1210713265 1953234.5937546121, 956084.4791262357 1953198.4742357056, 956109.7732886364 1953012.7902754734, 956115.6704833747 1952995.0206740277, 955971.1976325621 1952962.158818496, 955963.1449545713 1953050.8851768423, 955806.7879644574 1953073.0254435306, 955746.288913435 1953152.9180869428, 955682.3599833584 1953139.2238313367, 955598.2305394728 1953196.0380057325, 955555.6023241075 1953385.7946581133, 955537.7335290147 1953643.1353650086, 955635.8206714559 1953743.5628294772, 955668.2533517522 1953654.4793263513, 955841.7037764281 1953645.5309883154, 956036.0532833941 1953682.5653259552))",종로구,연건동,종로구,연건동,-0.06379851929077322,13.0,Not Sig,0.026106495035625954,0.337,3.0
11110169,혜화동,Hyehwa-dong,107,3.3e-05,0.030755,11110169,1,2026-04-15,종로구,1111016900,혜화동,4,3,2,1,0,"POLYGON ((956165.1188361433 1954451.5500573933, 956218.5287285574 1954375.7702409113, 956233.2795206009 1954313.9287043551, 956375.6749823847 1954290.4993371572, 956442.2148708067 1954196.199250162, 956435.4094809867 1954131.7166251435, 956373.3111027266 1954108.3657842788, 956270.3411166285 1954157.9375213366, 956158.7474242661 1953973.948910399, 956006.174615976 1953870.2719191832, 955977.6402510054 1953922.8602105137, 955919.213148475 1954051.8390081292, 955884.9026039112 1954233.62347497, 955855.81427496 1954290.050014975, 955790.3669132431 1954584.4828865419, 955727.736070653 1954615.8589037128, 955728.5689918901 1954732.9522777188, 955683.2031185093 1954798.8552402458, 955690.1426398256 1954895.534857991, 955945.084055655 1954883.861220106, 956017.6598256311 1954741.225198245, 955989.1756470725 1954689.4751551712, 956054.7386724406 1954536.0975549705, 956165.1188361433 1954451.5500573933))",종로구,혜화동,종로구,혜화동,0.7013618850357256,3.0,Not Sig,-0.04144912050239289,0.255,4.0
11110160,연지동,Yeonji-dong,108,1.1e-05,0.017522,11110160,1,2026-04-15,종로구,1111016000,연지동,7,7,5,3,1,"POLYGON ((955971.1976325621 1952962.158818496, 955924.981309816 1952899.4638144153, 956048.3982112322 1952796.1758782545, 955989.2927431547 1952669.380801996, 955979.1025197478 1952564.1665358695, 955897.1569104671 1952625.8290134307, 955827.4658158397 1952607.3819130391, 955679.7265924829 1952821.860561925, 955670.8973529732 1952887.805920618, 955775.2813929128 1952967.7953227882, 955806.7879644574 1953073.0254435306, 955963.1449545713 1953050.8851768423, 955971.1976325621 1952962.158818496))",종로구,연지동,종로구,연지동,-0.6186148255898029,7.0,Not Sig,0.07550804381082935,0.311,3.0
11140128,남산동1가,Namsan-dong 1(il)-ga,126,2e-06,0.009173,11140128,1,2026-04-15,중구,1114012800,남산동1가,9,7,7,5,3,"POLYGON ((954477.734187248 1951049.6113756255, 954442.8714164767 1951049.8160439243, 954411.692255663 1951231.9395735199, 954479.5230181948 1951272.5639420273, 954493.8743531986 1951396.9015417562, 954531.3155477083 1951402.9692713614, 954570.4929040824 1951368.8517455286, 954470.0441972464 1951130.6961311882, 954477.734187248 1951049.6113756255))",중구,남산동1가,,,,,No Data,,,
11140108,수하동,Suha-dong,157,2e-06,0.008179,11140108,0,,,11140108,수하동,0,0,0,0,0,"POLYGON ((954581.4093857775 1952083.3810958778, 954471.8552796787 1952087.3097346618, 954353.3427077265 1952054.550072178, 954358.9832649298 1952079.5793032951, 954441.0439654861 1952141.7261663557, 954623.3130068135 1952209.0738512126, 954581.4093857775 1952083.3810958778))",중구,수하동,,,,,No Data,,,
11140171,중림동,Jungnim-dong,198,2.3e-05,0.023999,11140171,1,2026-04-15,중구,1114017100,중림동,13,12,11,10,8,"POLYGON ((953146.044692725 1951231.4808440933, 953121.8202785755 1950964.3633993512, 952835.1695707085 1951019.0268138607, 952725.0817780697 1950948.5338438074, 952609.1786375664 1950980.7398918509, 952576.1861343978 1951100.0004494644, 952457.4675786842 1951206.392704352, 952456.7459888796 1951211.3004350918, 952600.5189826125 1951231.4333475367, 952790.2986771524 1951349.8397606658, 952913.2779970776 1951457.9087127896, 953023.4531442318 1951499.4560129156, 953026.349522186 1951485.904669391, 953052.4793198697 1951398.5546931203, 953151.1017262231 1951348.470609955, 953146.044692725 1951231.4808440933))",중구,중림동,중구,중림동,-2.129529774112461,13.0,Not Sig,-0.8875635423973004,0.09,2.0
11680101,역삼동,Yeoksam-dong,226,0.000356,0.07642,11680101,1,2026-04-15,강남구,1168010100,역삼동,133,133,106,39,1,"POLYGON ((958594.7013886778 1943471.1722549552, 957973.128186953 1945130.0991302433, 959211.8052749992 1945591.7879658847, 959688.0655264286 1945764.4217086197, 959732.8518636727 1945626.7053738004, 959816.2736564325 1945523.766622282, 959993.4134410473 1945385.978748257, 960073.5015077865 1945291.421738689, 960138.9826838016 1945123.353358697, 960476.8208316595 1944211.262970954, 959932.4795494346 1943979.1032129081, 958855.6880715222 1943570.225737456, 958629.8933314513 1943468.50239166, 958594.7013886778 1943471.1722549552))",강남구,역삼동,강남구,역삼동,-0.45937716616353647,133.0,Not Sig,-0.11480989374884834,0.138,2.0
11440104,도화동,Dohwa-dong,291,5.9e-05,0.034309,11440104,1,2026-04-15,마포구,1144010400,도화동,46,46,43,28,3,"POLYGON ((951583.7991298684 1949423.4757453846, 951940.3098856217 1949201.3583553797, 951995.0207323103 1949187.34563664, 951999.5690780404 1949170.7624105145, 951918.8373569548 1949044.6821025268, 951773.8017221543 1948985.8501047136, 951711.2828974467 1948836.2844593169, 951492.8345665016 1948680.6256038772, 951312.6543027873 1948621.722334446, 951178.8611731123 1948595.0004426327, 951094.6606264288 1948633.5431060782, 951133.3875995487 1948695.4840078847, 951077.1065603511 1948870.6550381435, 951091.1225890191 1948973.8681681526, 950933.6091512417 1949086.1966307764, 950968.5213177383 1949217.3655301353, 951019.1841514189 1949269.9678304645, 951248.8294378493 1949509.077873085, 951344.0876070331 1949480.2393905139, 951378.2289686825 1949538.802497822, 951583.7991298684 1949423.4757453846))",마포구,도화동,마포구,도화동,0.8042295962591551,46.0,Not Sig,-0.033931497813003364,0.325,4.0
11215102,능동,Neung-dong,236,0.000112,0.04616,11215102,0,,,11215102,능동,0,0,0,0,0,"POLYGON ((963740.7467284297 1950414.3810987314, 963734.3714300528 1950332.5444201594, 963611.9395155319 1950193.6227608412, 963574.6310465729 1950085.4264749861, 963473.3082745527 1950098.0395864325, 963380.7451210273 1949998.7062554215, 963423.61915973 1949743.7991486064, 963346.5841710062 1949609.2818468895, 963035.8586354118 1949625.3400383587, 962894.2608407233 1949635.4456020966, 962640.5391105671 1949705.540612587, 962458.8722721159 1949827.9910780932, 962414.0325682013 1949832.8728410292, 962460.8048903728 1950065.442253907, 962551.0650827955 1950157.206516333, 962558.3451487025 1950227.040999523, 962707.8873002339 1950606.6744253107, 962860.5726989319 1950952.9903338111, 963566.7183705472 1950602.3328535126, 963654.5049833594 1950538.1217902952, 963740.7467284297 1950414.3810987314))",광진구,능동,,,,,No Data,,,
11500101,염창동,Yeomchang-dong,209,0.000176,0.072448,11500101,1,2026-04-15,강서구,1150010100,염창동,9,9,6,2,0,"POLYGON ((945281.6699615902 1950949.5363154227, 945172.1283947713 1950781.389245328, 945169.0817104867 1950604.4342751608, 945057.7732791639 1950638.313457384, 945064.64736607 1950444.2545966818, 945304.3215559139 1950042.0071108406, 945256.6889678285 1950003.223392762, 945053.3497542695 1949933.8575724573, 944738.6694043886 1949918.4706822638, 944565.3430210771 1949938.782937251, 944373.9597131755 1950032.2514291322, 944018.0174354982 1950306.2157244221, 943914.2842361255 1950373.3368576905, 944117.9204996334 1950725.3808111127, 943768.5531909084 1951007.0808428247, 943859.8343672493 1951155.68747305, 943969.2772546534 1951271.5818507206, 944133.1055948897 1951339.0408825343, 944152.2873060894 1951391.104942239, 943933.2461809211 1951522.7088556155, 943625.8948476787 1951755.0608308702, 943749.3932431893 1951928.449846771, 944034.8716478654 1951710.7723338099, 944278.6859033479 1951588.5705946553, 944729.3789012695 1951310.0557004372, 945281.6699615902 1950949.5363154227))",강서구,염창동,강서구,염창동,-1.5612653009461597,9.0,Not Sig,0.3131063520267698,0.208,3.0
11140161,저동2가,Jeo-dong 2(i)-ga,137,6e-06,0.011211,11140161,1,2026-04-15,중구,1114016100,저동2가,2,2,1,1,0,"POLYGON ((954945.1192528496 1951917.0279610523, 955048.862688392 1951901.237985764, 955015.0823775575 1951804.1463513414, 955070.8035213097 1951670.8459977473, 954988.3775462178 1951632.8719963953, 954897.104507923 1951630.2134378743, 954852.8417149477 1951676.6436161117, 954838.9581944234 1951890.0708094887, 954945.1192528496 1951917.0279610523))",중구,저동2가,,,,,No Data,,,
11140163,흥인동,Heungin-dong,138,1.3e-05,0.018416,11140163,1,2026-04-15,중구,1114016300,흥인동,2,2,2,2,0,"POLYGON ((957442.7907675795 1951910.0461372253, 957278.2185516784 1951887.673273604, 957097.2003214145 1951862.9554628518, 957072.5439217966 1952038.6914941943, 957242.1895706857 1952075.4651003566, 957228.538876611 1952314.9075337, 957195.0767405255 1952373.7339188247, 957378.6361966209 1952410.5480849296, 957410.0473513504 1952420.3512586395, 957442.7907675795 1951910.0461372253))",중구,흥인동,중구,흥인동,2.2246372197124717,2.0,Not Sig,-0.3237390381601636,0.167,4.0
11140151,을지로5가,Euljiro 5(o)-ga,139,8e-06,0.013476,11140151,1,2026-04-15,중구,1114015100,을지로5가,12,12,6,4,2,"POLYGON ((956240.4677976359 1952197.955344439, 956180.3903929897 1951981.613840146, 956127.5732974996 1951886.9197896495, 956076.6997663007 1951891.7701416367, 956055.1956929027 1951910.2474354887, 955983.7534520257 1951951.7195358316, 955833.2496860678 1951942.0301969608, 955898.620921734 1952096.2782275523, 955923.3532253299 1952152.4639939973, 956067.0708741314 1952130.7819818854, 956185.4522036756 1952223.494645587, 956240.4677976359 1952197.955344439))",중구,을지로5가,중구,을지로5가,-0.4318523419012397,12.0,Not Sig,0.07256162141659718,0.282,3.0
11110177,평동,Pyeong-dong,122,8e-06,0.013375,11110177,0,,,11110177,평동,0,0,0,0,0,"POLYGON ((953117.9730695289 1952230.667282203, 952904.061815714 1951962.5350763383, 952817.5244522977 1952069.184233376, 952805.475813308 1952084.406898644, 952843.8275204326 1952128.896013246, 952714.9608224332 1952289.2333122499, 952896.2139293811 1952373.2592491286, 953016.315428614 1952334.856682536, 953117.9730695289 1952230.667282203))",종로구,평동,,,,,No Data,,,
11140111,소공동,Sogong-dong,123,8e-06,0.015257,11140111,1,2026-04-15,중구,1114011100,소공동,4,3,3,3,2,"POLYGON ((954273.7862843112 1951850.8829897994, 954159.2684169069 1951557.3838418722, 954041.8528212858 1951638.172167458, 953968.0956335734 1951733.893924091, 953877.2632082725 1951732.055734772, 953961.522701389 1951916.7818814577, 954011.3718913822 1951873.4451851004, 954165.2028599811 1951895.5735141193, 954273.7862843112 1951850.8829897994))",중구,소공동,중구,소공동,1.9628485750880504,3.0,Not Sig,0.4043874729949528,0.065,1.0
11110170,명륜1가,Myeongnyun 1(il)-ga,113,2e-05,0.023202,11110170,1,2026-04-15,종로구,1111017000,명륜1가,9,9,9,6,0,"POLYGON ((955884.9026039112 1954233.62347497, 955827.9725522468 1954200.5891465312, 955701.735583113 1954230.0833642338, 955586.1940888547 1954132.0528851328, 955540.4340593921 1954397.0517643564, 955459.2366886948 1954451.6926541629, 955529.998908642 1954543.9873658721, 955474.2773988511 1954644.795640295, 955477.4074054962 1954716.066783672, 955372.1145741892 1954801.512894781, 955451.5937801268 1954884.1001844623, 955544.3459131937 1954863.7766041001, 955690.1426398256 1954895.534857991, 955683.2031185093 1954798.8552402458, 955728.5689918901 1954732.9522777188, 955727.736070653 1954615.8589037128, 955790.3669132431 1954584.4828865419, 955855.81427496 1954290.050014975, 955884.9026039112 1954233.62347497))",종로구,명륜1가,종로구,명륜1가,-3.2373161615868185,9.0,Not Sig,-0.3469130452419989,0.262,2.0
11110156,종로3가,Jongno 3(sam)-ga,89,5e-06,0.013309,11110156,0,,,11110156,종로3가,0,0,0,0,0,"POLYGON ((955412.3998620593 1952513.6647287833, 955439.9113829175 1952427.0333087838, 955167.8566617578 1952415.0732934545, 954917.0556504793 1952398.1784359212, 954909.2682529477 1952485.3627143763, 955011.6747009248 1952492.2414023334, 955122.9120344787 1952503.1504945369, 955221.1874320362 1952507.7231920303, 955342.6592590277 1952509.6426683485, 955412.3998620593 1952513.6647287833))",종로구,종로3가,,,,,No Data,,,
11110157,인의동,Inui-dong,90,8e-06,0.013402,11110157,1,2026-04-15,종로구,1111015700,인의동,2,2,2,1,0,"POLYGON ((955670.8973529732 1952887.805920618, 955679.7265924829 1952821.860561925, 955827.4658158397 1952607.3819130391, 955863.5198426397 1952547.7870441305, 955487.6900809815 1952517.6618180838, 955481.0791283618 1952639.5109679964, 955554.1234240038 1952714.6880365512, 955533.0001247361 1952843.4863989744, 955670.8973529732 1952887.805920618))",종로구,인의동,종로구,인의동,0.34051086839086153,2.0,Not Sig,-0.0005998252796904604,0.311,4.0
11110143,화동,Hwa-dong,91,6e-06,0.014009,11110143,1,2026-04-15,종로구,1111014300,화동,1,1,1,1,1,"POLYGON ((954354.0748538952 1953755.7712914173, 954446.8117414744 1953664.1189937172, 954390.4587394238 1953583.5693786305, 954431.9443257912 1953482.2653651854, 954424.8664739671 1953455.3923222974, 954275.0231415264 1953407.2410886483, 954294.2120379028 1953524.121289238, 954187.8318101114 1953698.3358948359, 954256.0719957538 1953800.9758379504, 954354.0748538952 1953755.7712914173))",종로구,화동,종로구,화동,3.893558719008606,1.0,HH,3.8782577125091278,0.001,1.0
11110131,권농동,Gwonnong-dong,96,3e-06,0.012694,11110131,1,2026-04-15,종로구,1111013100,권농동,3,3,3,1,1,"POLYGON ((955216.0605786266 1953252.2809560667, 955120.2300835457 1953151.7358822124, 955094.6000800574 1953077.0641359482, 955115.676107226 1952979.197404531, 955191.0273791484 1952841.0931326717, 955111.303327637 1952845.7699689732, 955103.7474556816 1952880.1166574673, 955060.5124977861 1953046.080074691, 955046.6528292741 1953261.7164035386, 955159.0141388776 1953353.7487214352, 955216.0605786266 1953252.2809560667))",종로구,권농동,종로구,권농동,5.511618872767354,3.0,Not Sig,-0.13148838704409577,0.486,4.0
11140106,남대문로1가,Namdaemunno 1(il)-ga,134,2e-06,0.008179,11140106,0,,,11140106,남대문로1가,0,0,0,0,0,"POLYGON ((954358.9832649298 1952079.5793032951, 954353.3427077265 1952054.550072178, 954351.8932181243 1951992.77042586, 954297.5937718078 1952056.406289659, 954308.4157040815 1952310.0893697906, 954332.5070695031 1952304.7703565357, 954362.9199422916 1952296.8482996933, 954358.9832649298 1952079.5793032951))",중구,남대문로1가,,,,,No Data,,,
11140149,을지로7가,Euljiro 7(chil)-ga,173,9e-06,0.012995,11140149,1,2026-04-15,중구,1114014900,을지로7가,10,7,6,2,2,"POLYGON ((956759.0269041422 1952221.8196906028, 956803.101552194 1952186.7685693582, 956873.5003784217 1951982.4120815594, 956732.6440296698 1951792.9445224903, 956494.8624264868 1951878.6220372403, 956649.4958493689 1952147.9910789803, 956759.0269041422 1952221.8196906028))",중구,을지로7가,중구,을지로7가,-2.4275626769030425,7.0,Not Sig,0.371421980868668,0.262,3.0
11140168,순화동,Sunhwa-dong,179,1.5e-05,0.020418,11140168,1,2026-04-15,중구,1114016800,순화동,4,4,4,0,0,"POLYGON ((953146.9056530453 1951973.6695685273, 953215.6480745705 1951902.998138379, 953298.6574766585 1951890.1724997873, 953339.7597176454 1951750.685639, 953303.9285484079 1951636.6486231254, 953469.5954093734 1951385.588377352, 953484.2727370065 1951361.2566607655, 953310.1507815708 1951171.661868488, 953286.5069152379 1951190.0745352304, 953269.4719326855 1951244.4499687927, 953190.8835514673 1951546.223669491, 953149.2560314842 1951675.2057142046, 953091.5976060345 1951662.269135393, 953085.5487292483 1951792.22671287, 953043.560499677 1951926.8195412692, 953146.9056530453 1951973.6695685273))",중구,순화동,중구,순화동,5.913180659242985,4.0,Not Sig,-1.155188390825659,0.16,4.0
11140101,무교동,Mugyo-dong,160,3e-06,0.008198,11140101,1,2026-04-15,중구,1114010100,무교동,1,1,1,1,1,"POLYGON ((954060.5728830344 1952077.5950335362, 954009.4954092563 1952078.695071291, 953943.5586719683 1952114.1918093492, 953895.1686498289 1952332.9980723653, 954068.6857889403 1952313.4955498802, 954060.5728830344 1952077.5950335362))",중구,무교동,중구,무교동,-7.6232229787418575,1.0,LH,-5.1939263361173555,0.008,2.0
11140165,황학동,Hwanghak-dong,161,3.3e-05,0.024078,11140165,1,2026-04-15,중구,1114016500,황학동,38,34,28,22,10,"POLYGON ((957911.9508206992 1952611.824480731, 957914.2747869701 1952611.0325076825, 957926.7393733901 1951932.6353165198, 957913.61995298 1951861.8282086507, 957655.2900687271 1951920.4509542668, 957442.7907675795 1951910.0461372253, 957410.0473513504 1952420.3512586395, 957378.6361966209 1952410.5480849296, 957528.3591018193 1952513.6888737138, 957683.2601550855 1952591.525111788, 957809.5424101395 1952624.2580419553, 957911.9508206992 1952611.824480731))",중구,황학동,중구,황학동,-0.33899133888705457,35.0,Not Sig,0.01738348874215172,0.466,3.0
11140125,충무로2가,Chungmuro 2(i)-ga,164,7e-06,0.016551,11140125,1,2026-04-15,중구,1114012500,충무로2가,24,24,20,11,8,"POLYGON ((955008.0539508993 1951435.0832334135, 955005.5432590311 1951435.6899715506, 954803.3984778852 1951433.85881572, 954634.619315165 1951397.4697358627, 954570.4929040824 1951368.8517455286, 954531.3155477083 1951402.9692713614, 954509.7628066987 1951530.574714696, 954720.0437468172 1951561.8264854436, 954818.1063760472 1951535.0400908475, 954873.6734753187 1951604.7267282829, 954897.104507923 1951630.2134378743, 954988.3775462178 1951632.8719963953, 955008.0539508993 1951435.0832334135))",중구,충무로2가,중구,충무로2가,0.16162048317257316,9.0,Not Sig,-0.026139987100920668,0.177,2.0
11140126,명동1가,Myeong-dong 1(il)-ga,165,4e-06,0.010828,11140126,1,2026-04-15,중구,1114012600,명동1가,7,7,7,4,4,"POLYGON ((954655.3340786252 1951856.7436155349, 954651.0614864752 1951778.0771926555, 954428.7407136959 1951712.1806998022, 954287.3906717376 1951717.7293342627, 954314.7009840313 1951797.409653408, 954462.1537156726 1951808.6582891645, 954655.3340786252 1951856.7436155349))",중구,명동1가,,,,,No Data,,,
11140107,삼각동,Samgak-dong,141,3e-06,0.010115,11140107,0,,,11140107,삼각동,0,0,0,0,0,"POLYGON ((954651.4943791875 1952223.6496440065, 954623.3130068135 1952209.0738512126, 954441.0439654861 1952141.7261663557, 954358.9832649298 1952079.5793032951, 954362.9199422916 1952296.8482996933, 954651.4943791875 1952223.6496440065))",중구,삼각동,,,,,No Data,,,
11140112,남창동,Namchang-dong,142,1.4e-05,0.020483,11140112,1,2026-04-15,중구,1114011200,남창동,10,8,8,5,5,"POLYGON ((953891.5618481358 1950757.1677477886, 953826.975102294 1950786.8582030765, 953747.3138638978 1950950.19186715, 953685.1402102171 1951253.7877466413, 953725.3162183001 1951303.2483862168, 953884.2284991584 1951346.982153181, 953925.7676456517 1951407.714188132, 954021.2473406276 1951435.151855338, 954009.9108190942 1951239.3091258581, 953932.8624486958 1951134.6034558727, 953949.4208181769 1951009.265113539, 954048.7994262248 1950906.9305900326, 953976.8992595964 1950876.3349004, 953891.5618481358 1950757.1677477886))",중구,남창동,중구,남창동,-2.415285760494479,10.0,Not Sig,-0.11985581279727467,0.357,2.0
11110183,평창동,Pyeongchang-dong,238,0.000531,0.09732,11110183,1,2026-04-15,종로구,1111018300,평창동,5,5,5,3,0,"POLYGON ((954691.1317658729 1956191.3825401033, 954610.3840739235 1956128.2695272183, 954453.5497092269 1956102.0100813236, 954327.9819940027 1955997.277234866, 953968.4260747827 1955859.7949112388, 953895.6219403759 1955774.7363012638, 953852.7626007545 1955598.6153664205, 953762.8513486033 1955680.90134084, 953623.5605065619 1955688.8141755315, 953419.6050049341 1955773.9767555424, 953312.5770132735 1955839.1391730655, 953133.5604689475 1955820.275753006, 952995.4353519547 1955935.1231408804, 952892.095781988 1955889.154250025, 952819.3408582173 1955970.386492061, 952753.5212204106 1956136.5433932676, 952612.226965254 1956264.3061174876, 952492.0621382645 1956549.2521377678, 952559.0793630014 1956630.2312899625, 952517.336716871 1956695.5561706254, 952565.2793862429 1956911.8093824524, 952520.8222994267 1957033.7692122622, 952571.1835370809 1957157.3900077497, 952664.4723069981 1957309.0193970113, 952757.8051674283 1957515.5730969026, 952780.7797350374 1957689.6670765062, 952771.142457241 1957885.1871370883, 952817.7336743079 1957983.9175210267, 952819.2521834577 1958149.0788934499, 952878.2888636237 1958372.5879873787, 952934.6008692598 1958455.1795657924, 953071.083515837 1958518.829153798, 953143.3412582474 1958597.855611439, 953276.3475059584 1958583.9665556697, 953353.9968228609 1958628.0698179405, 953475.0711990177 1958630.214503279, 953556.646949663 1958683.556230547, 953620.2670469276 1958779.5107896104, 953672.9531090133 1958967.8689053983, 953978.5483988281 1958998.3348753192, 954076.1978987905 1958953.8416726703, 954133.6374893305 1958846.4807585026, 954081.316308323 1958674.4280160428, 954195.8661969178 1958564.5212774402, 954276.5288280698 1958445.6991345505, 954435.1318255481 1958092.4156455996, 954392.8033601507 1957987.3867723474, 954391.2326758667 1957882.4411499624, 954439.7003849935 1957717.6690949206, 954498.7898557337 1957617.9189345106, 954510.9005184496 1957520.9124372718, 954689.7911321375 1957295.7653872909, 954605.5120891042 1957007.772125673, 954624.0888083935 1956795.152169191, 954708.6024817828 1956728.7891007604, 954644.0235653002 1956565.1084416867, 954700.0392100471 1956420.1666664763, 954691.1317658729 1956191.3825401033))",종로구,평창동,종로구,평창동,0.4876442117064765,3.0,Not Sig,-0.0022164983595208314,0.473,4.0
11305104,우이동,Ui-dong,211,0.000908,0.159712,11305104,0,,,11305104,우이동,0,0,0,0,0,"POLYGON ((956679.4535453103 1965097.4708723817, 956657.2019620617 1964963.7528723155, 956710.471362678 1964788.1635318205, 956697.9578731902 1964672.9529991415, 956742.8812739159 1964560.335723349, 956982.0931948501 1964508.1084734525, 957085.1287083584 1964367.1757103861, 957143.1277461462 1964150.972017189, 957136.1857460149 1964079.586308149, 957242.3851478868 1963958.5210837235, 957339.5550107092 1963933.4143878599, 957490.1016621643 1963583.8648876525, 957556.0193639336 1963591.6541905326, 957529.0579639307 1963372.7359643476, 957444.8274211637 1963288.192175986, 957372.0119282507 1963264.969116295, 957297.20503386 1963168.434491381, 957259.9608307618 1963004.615325552, 957294.0297094992 1962950.5701133246, 957255.4234382235 1962840.5885109887, 957311.8569071179 1962695.2128771592, 957396.5946075099 1962634.7390708348, 957302.4423919448 1962535.0042256103, 957194.7733487589 1962553.2435930334, 957186.382419202 1962439.7702040884, 957137.1786552579 1962302.276390285, 957014.1507645185 1961660.5195911624, 956994.034122616 1961522.5275660264, 957033.8796671968 1961362.903840108, 957101.8796687525 1961334.6383247473, 957225.9842245656 1961199.5783309615, 957214.4155543268 1961181.5142194922, 956898.0397368637 1961206.9116002936, 956790.7047108808 1961285.0678546394, 956693.4964019798 1961278.4068437628, 956601.1390198766 1961329.9717172754, 956463.8084627808 1961212.622627076, 956329.2665799108 1961232.5751740986, 956107.8536684526 1961171.4957727336, 955821.4179174536 1961227.2639034863, 955785.3643874091 1961208.2692825291, 955673.6105573558 1961333.640622, 955579.4351111181 1961275.0820222935, 955491.4110734547 1961118.2626837357, 955396.7801776406 1961050.7975372742, 955270.5018352924 1960849.7291213025, 955222.7309369593 1960835.1763436268, 955152.2335473937 1960720.0449780582, 954880.0080616027 1960380.3713589953, 954828.8829623875 1960359.7998849545, 954661.8846511621 1960416.8697881664, 954586.3293336574 1960365.0276638523, 954501.0104030918 1960366.4704999637, 954413.1794653977 1960593.1412768904, 954496.7794642732 1960675.3077844665, 954578.3432563767 1960819.1537915776, 954535.2403392191 1961028.3989175016, 954480.7361021846 1961091.8687991844, 954477.8567351534 1961250.29577365, 954351.2756244153 1961354.2099444682, 954280.1346122895 1961551.6685598365, 954224.9258302344 1961595.9484549765, 954128.8638153006 1961829.7783284571, 954104.3485241607 1961965.6741334153, 954240.0209411294 1962014.7616567584, 954386.7305715496 1962009.753034592, 954400.5486131703 1962071.124137334, 954517.8447736332 1962151.5125622211, 954542.9825964879 1962206.2535270485, 954667.2280115135 1962284.87203292, 954779.0349128117 1962468.0462017811, 954827.1736613947 1962799.8234096302, 954868.7832473943 1962888.0490360628, 955021.3307903217 1962899.2540307345, 955218.212300904 1962979.4335435424, 955387.2670472576 1963178.020626702, 955337.5888431 1963264.124820798, 955408.9123522887 1963459.2805427911, 955360.3518934547 1963529.452728999, 955385.8346911005 1963813.7931871775, 955339.8709411265 1963962.9339365095, 955378.9733015319 1964051.9494367426, 955310.5175267238 1964142.508279735, 955315.9039011117 1964357.8236406108, 955288.1387648 1964486.809891157, 955224.5364573395 1964576.4992086545, 955390.5663581606 1964652.9646931915, 955449.010290468 1964754.7170331709, 955626.505692161 1964880.8249490818, 955678.0416657676 1964989.3666385177, 956064.3311518737 1965085.9633937536, 956082.7977773212 1965017.5324912826, 956231.4842815397 1965074.3357468517, 956315.132527635 1965167.921616439, 956449.4876429291 1965164.0509290926, 956591.1871977957 1965099.5339533982, 956679.4535453103 1965097.4708723817))",강북구,우이동,,,,,No Data,,,
11740102,고덕동,Godeok-dong,214,0.000382,0.091031,11740102,0,,,11740102,고덕동,0,0,0,0,0,"POLYGON ((970980.1744144387 1950938.6586595878, 970414.774090725 1950855.2184206855, 969664.8900036854 1950726.0340927532, 969244.7821335642 1950654.715747662, 968917.7381564019 1950654.707029493, 968616.6123497537 1950677.1886598347, 968592.784276637 1950749.1959542565, 968620.8357776733 1950977.8476833382, 968551.668512994 1951092.7460211965, 968740.1255868579 1951303.547905571, 968840.7559261931 1951380.654505847, 968750.7412548937 1951627.522420791, 968692.1357553956 1951670.0173507414, 968686.3789228447 1951828.1590682836, 968630.664425316 1951872.862254214, 968703.1462318546 1952102.1198509657, 968703.320672781 1952178.2776670128, 969000.38835131 1952177.626948753, 969534.5461141823 1952575.5936108667, 969704.33966498 1952675.927017216, 970156.6986293314 1953054.8847357132, 970339.9254656857 1952872.8819009457, 970480.5638439177 1952774.9570295736, 970489.9731452757 1952699.9589534274, 970570.700510233 1952582.238551409, 970642.5569304135 1952426.404068702, 970447.0812600813 1952232.4774005862, 970466.6614971273 1952099.0281785307, 970566.6050691609 1951953.0114913424, 970532.5534859757 1951892.280677431, 970573.6285943643 1951790.7305172381, 970744.305775807 1951665.4908269728, 970855.1900386114 1951558.503001078, 970909.2786981213 1951427.4530767356, 970980.1744144387 1950938.6586595878))",강동구,고덕동,,,,,No Data,,,
11110159,원남동,Wonnam-dong,87,8e-06,0.014202,11110159,1,2026-04-15,종로구,1111015900,원남동,12,10,7,2,1,"POLYGON ((955598.2305394728 1953196.0380057325, 955682.3599833584 1953139.2238313367, 955746.288913435 1953152.9180869428, 955806.7879644574 1953073.0254435306, 955775.2813929128 1952967.7953227882, 955670.8973529732 1952887.805920618, 955533.0001247361 1952843.4863989744, 955467.8983294746 1953100.2635346113, 955586.5236479619 1953135.3228198274, 955598.2305394728 1953196.0380057325))",종로구,원남동,종로구,원남동,-1.6588121242961642,10.0,Not Sig,0.24687537383873553,0.218,3.0
11110146,가회동,Gahoe-dong,95,1.6e-05,0.022065,11110146,1,2026-04-15,종로구,1111014600,가회동,1,0,0,0,0,"POLYGON ((954604.8629307088 1953464.5482661382, 954431.9443257912 1953482.2653651854, 954390.4587394238 1953583.5693786305, 954446.8117414744 1953664.1189937172, 954354.0748538952 1953755.7712914173, 954342.2118154499 1953893.7457455862, 954418.6120410567 1953961.0130120695, 954424.233499686 1954087.5272656956, 954560.124727922 1954206.062043307, 954609.7507962914 1954147.2685936927, 954635.9521766256 1953966.23778058, 954684.1047067378 1953927.4118877747, 954640.4318467438 1953837.3304059885, 954629.8664776614 1953598.9148210215, 954604.8629307088 1953464.5482661382))",종로구,가회동,,,,,No Data,,,
11140136,묵정동,Mukjeong-dong,130,6e-06,0.013284,11140136,1,2026-04-15,중구,1114013600,묵정동,2,2,2,2,0,"POLYGON ((955776.9742643916 1951396.7046202773, 955703.9248109239 1951419.6576263043, 955772.3079386202 1951538.190685612, 955949.5277657474 1951617.4706943997, 955936.6424357705 1951475.8249470901, 956053.5731238391 1951462.4108524625, 956047.0333132392 1951336.894298431, 955951.5589068313 1951303.589537051, 955776.9742643916 1951396.7046202773))",중구,묵정동,중구,묵정동,1.468361277786446,2.0,Not Sig,-0.204885401796329,0.241,4.0
11110149,원서동,Wonseo-dong,110,1.6e-05,0.03514,11110149,1,2026-04-15,종로구,1111014900,원서동,6,6,5,0,0,"POLYGON ((954774.5262586658 1954331.816289438, 954793.572566522 1954141.8878490608, 954865.6960913433 1954082.978914472, 954949.3501286405 1953780.740590453, 954899.3145356338 1953611.0093014964, 954904.5393313384 1953263.9221698008, 954771.7811377799 1953249.2580076323, 954801.9556494034 1953361.146817051, 954785.4157844043 1953559.1492488617, 954829.4558562004 1953702.329569132, 954809.0979732375 1953840.184070506, 954718.1360864373 1954046.345074109, 954760.062211347 1954069.370337281, 954731.771355158 1954266.280488294, 954675.1006116552 1954385.6806389478, 954657.6792758249 1954509.313453404, 954721.3364130729 1954586.6430809952, 954900.9351737166 1954728.5056549245, 954890.0929885169 1954592.4291666187, 954804.5416058988 1954522.7720684435, 954774.5262586658 1954331.816289438))",종로구,원서동,종로구,원서동,-0.5245349526086827,6.0,Not Sig,-0.2323128150845631,0.066,2.0
11140164,무학동,Muhak-dong,156,3e-06,0.008199,11140164,1,2026-04-15,중구,1114016400,무학동,4,4,4,4,2,"POLYGON ((957278.2185516784 1951887.673273604, 957208.005546595 1951636.8270332117, 957105.7455761394 1951736.180108157, 957097.2003214145 1951862.9554628518, 957278.2185516784 1951887.673273604))",중구,무학동,중구,무학동,-1.9570890312199394,4.0,Not Sig,-0.08543698964783676,0.384,2.0
11110136,인사동,Insa-dong,65,7e-06,0.014838,11110136,1,2026-04-15,종로구,1111013600,인사동,2,2,1,1,0,"POLYGON ((954767.8779731137 1952590.0216868601, 954767.3330358445 1952476.6744202115, 954445.0616112838 1952474.3672851527, 954484.1808407635 1952585.1752075641, 954457.3273550926 1952665.0653487334, 954460.3499119956 1952672.760567902, 954534.6864066035 1952673.5704539325, 954574.1608558387 1952745.8005058053, 954675.434050339 1952818.5559852314, 954670.6716485408 1952751.247698493, 954767.8779731137 1952590.0216868601))",종로구,인사동,종로구,인사동,10.30546876693117,2.0,HL,-3.0140321560664227,0.041,4.0
11110110,누하동,Nuha-dong,70,6e-06,0.012589,11110110,1,2026-04-15,종로구,1111011000,누하동,10,9,8,4,3,"POLYGON ((953195.5420009391 1953453.6283483033, 953190.6699356319 1953363.7125708074, 953142.7514261918 1953322.8874130803, 953030.1389727447 1953338.170632676, 952869.402686413 1953400.1867603227, 952952.3463829102 1953445.6396872704, 952982.8345633417 1953604.5173608956, 953100.0003293745 1953597.08817168, 953195.5420009391 1953453.6283483033))",종로구,누하동,종로구,누하동,-1.3346612681403522,9.0,Not Sig,0.21880589286883448,0.178,3.0
11110124,수송동,Susong-dong,71,1e-05,0.0171,11110124,1,2026-04-15,종로구,1111012400,수송동,4,3,3,0,0,"POLYGON ((954286.76584437 1952642.0994251878, 954265.9693780841 1952644.9626657607, 954081.9544462969 1952699.3206123551, 953948.3321661694 1952690.6814672167, 953951.3693610233 1952901.424406624, 954017.7970081444 1952891.3479767481, 954206.2918469923 1953051.5331845027, 954318.751283469 1953023.5513826222, 954249.1909475308 1952857.4407837116, 954307.4616893812 1952839.9581424487, 954286.76584437 1952642.0994251878))",종로구,수송동,종로구,수송동,-1.2708590169126925,3.0,Not Sig,0.6183927758559136,0.057,3.0
11110150,훈정동,Hunjeong-dong,98,2.1e-05,0.019594,11110150,0,,,11110150,훈정동,0,0,0,0,0,"POLYGON ((955467.8983294746 1953100.2635346113, 955533.0001247361 1952843.4863989744, 955554.1234240038 1952714.6880365512, 955481.0791283618 1952639.5109679964, 955487.6900809815 1952517.6618180838, 955412.3998620593 1952513.6647287833, 955342.6592590277 1952509.6426683485, 955326.7725193365 1952641.7546928534, 955264.2237857796 1952704.683982596, 955191.0273791484 1952841.0931326717, 955115.676107226 1952979.197404531, 955094.6000800574 1953077.0641359482, 955120.2300835457 1953151.7358822124, 955216.0605786266 1953252.2809560667, 955300.1735913341 1953185.0640802383, 955451.0653143459 1953149.5039358758, 955467.8983294746 1953100.2635346113))",종로구,훈정동,,,,,No Data,,,
11110168,동숭동,Dongsung-dong,104,3.7e-05,0.026733,11110168,1,2026-04-15,종로구,1111016800,동숭동,30,30,27,16,1,"POLYGON ((956435.4094809867 1954131.7166251435, 956496.4026327488 1953862.2341082355, 956451.1968017904 1953775.802174685, 956589.510982614 1953632.9827741908, 956616.9732795855 1953567.5872094806, 956564.0694252269 1953427.145304248, 956473.0224334062 1953412.4894291244, 956383.5083160067 1953336.1271644684, 956220.954041365 1953247.468822491, 956053.1210713265 1953234.5937546121, 956046.507044638 1953640.5545753862, 956036.0532833941 1953682.5653259552, 956006.174615976 1953870.2719191832, 956158.7474242661 1953973.948910399, 956270.3411166285 1954157.9375213366, 956373.3111027266 1954108.3657842788, 956435.4094809867 1954131.7166251435))",종로구,동숭동,종로구,동숭동,-0.8129376340981709,30.0,Not Sig,-0.02559320648331069,0.406,2.0
11110120,신문로1가,Sinmunno 1(il)-ga,63,7e-06,0.013892,11110120,0,,,11110120,신문로1가,0,0,0,0,0,"POLYGON ((953721.188301728 1952517.2493149396, 953744.2240918424 1952363.4034532716, 953697.921136806 1952353.2723478663, 953480.9468752851 1952347.442505634, 953368.0869863698 1952385.5826024974, 953393.6522595617 1952586.0836904296, 953474.2322541155 1952584.29531718, 953592.447949091 1952494.7508889257, 953721.188301728 1952517.2493149396))",종로구,신문로1가,,,,,No Data,,,
11110135,관철동,Gwancheol-dong,64,8e-06,0.015254,11110135,1,2026-04-15,종로구,1111013500,관철동,34,29,24,19,13,"POLYGON ((954839.1111526857 1952375.7411353828, 954868.8451562745 1952204.9458857144, 954804.248961835 1952208.9691648625, 954797.9589472489 1952209.5702593224, 954651.4943791875 1952223.6496440065, 954362.9199422916 1952296.8482996933, 954332.5070695031 1952304.7703565357, 954342.8416655913 1952417.6422883063, 954356.731484305 1952450.005993185, 954417.2687988614 1952401.4934036334, 954764.267233231 1952407.1103918953, 954839.1111526857 1952375.7411353828))",종로구,관철동,종로구,관철동,-0.015700329052852804,29.0,Not Sig,0.09176323752588757,0.087,3.0
11140156,입정동,Ipjeong-dong,135,4e-06,0.011377,11140156,1,2026-04-15,중구,1114015600,입정동,1,1,0,0,0,"POLYGON ((955364.1695644866 1952079.6244667969, 955318.6161853687 1952101.7572497919, 955040.3170385861 1952121.3040406913, 955040.9515131849 1952200.581491096, 955041.9652197747 1952214.853716166, 955166.8032896372 1952228.862561439, 955369.1929134554 1952247.4185429951, 955364.1695644866 1952079.6244667969))",중구,입정동,중구,입정동,1.484870382508948,1.0,Not Sig,0.028689432457569334,0.398,1.0
11140119,봉래동1가,Bongnae-dong 1(il)-ga,143,4e-06,0.012202,11140119,0,,,11140119,봉래동1가,0,0,0,0,0,"POLYGON ((953616.9278780385 1951273.1221507995, 953419.6514097704 1951151.4456760439, 953340.6975923091 1951024.0727831745, 953286.5069152379 1951190.0745352304, 953310.1507815708 1951171.661868488, 953484.2727370065 1951361.2566607655, 953616.9278780385 1951273.1221507995))",중구,봉래동1가,,,,,No Data,,,
11140124,충무로1가,Chungmuro 1(il)-ga,145,6e-06,0.013856,11140124,1,2026-04-15,중구,1114012400,충무로1가,11,10,9,7,6,"POLYGON ((954509.7628066987 1951530.574714696, 954531.3155477083 1951402.9692713614, 954493.8743531986 1951396.9015417562, 954375.4633943796 1951386.323679346, 954264.0391258667 1951375.9601901665, 954184.9123877735 1951304.5701427714, 954144.4441529835 1951309.6922972843, 954111.5384297974 1951451.0300722905, 954187.3612161007 1951506.0597951373, 954210.9515273548 1951537.967075658, 954329.4891290169 1951544.5550505384, 954356.3304735008 1951467.7462144895, 954509.7628066987 1951530.574714696))",중구,충무로1가,중구,충무로1가,-0.22346193444855267,2.0,Not Sig,0.06101864944066831,0.295,3.0
11140118,남대문로5가,Namdaemunno 5(o)-ga,124,2.3e-05,0.031458,11140118,1,2026-04-15,중구,1114011800,남대문로5가,9,8,6,4,4,"POLYGON ((953685.1402102171 1951253.7877466413, 953747.3138638978 1950950.19186715, 953826.975102294 1950786.8582030765, 953891.5618481358 1950757.1677477886, 954098.7563407044 1950704.6874556066, 954154.9208523966 1950627.2013291253, 954102.4458283572 1950576.7882361661, 953959.055661878 1950556.7287267873, 953965.1892974221 1950654.6463825584, 953767.4647640025 1950781.3341915614, 953758.0580637134 1950592.5341381102, 953571.8515260896 1950597.2393450774, 953483.2014870782 1950661.5201852142, 953494.7167468454 1950900.9464072713, 953426.184781828 1950913.3156735299, 953340.6975923091 1951024.0727831745, 953419.6514097704 1951151.4456760439, 953616.9278780385 1951273.1221507995, 953685.1402102171 1951253.7877466413))",중구,남대문로5가,중구,남대문로5가,3.4821707820408765,9.0,Not Sig,-0.3649003629804137,0.233,4.0
11140154,오장동,Ojang-dong,128,7e-06,0.014693,11140154,1,2026-04-15,중구,1114015400,오장동,10,10,9,4,2,"MULTIPOLYGON (((956107.1411374452 1951840.8816437055, 956076.6997663007 1951891.7701416367, 956127.5732974996 1951886.9197896495, 956107.1411374452 1951840.8816437055)), ((956055.1956929027 1951910.2474354887, 956054.6726289077 1951647.6603606883, 956002.6389860223 1951633.3962806761, 955995.5255535825 1951753.661841597, 955763.2563318843 1951735.0180999977, 955765.5266323733 1951926.440977036, 955833.2496860678 1951942.0301969608, 955983.7534520257 1951951.7195358316, 956055.1956929027 1951910.2474354887)))",중구,오장동,중구,오장동,0.011859060480875528,10.0,Not Sig,0.027527837541789328,0.289,3.0
11140135,예관동,Yegwan-dong,129,4e-06,0.013428,11140135,1,2026-04-15,중구,1114013500,예관동,2,2,2,1,0,"POLYGON ((955763.2563318843 1951735.0180999977, 955768.7251482462 1951645.5883158918, 955713.5008295559 1951608.853313031, 955568.7791555235 1951643.9057292098, 955677.2435465629 1951844.3519269726, 955648.4333220734 1951928.7013865327, 955765.5266323733 1951926.440977036, 955763.2563318843 1951735.0180999977))",중구,예관동,중구,예관동,-0.34943549850904887,2.0,Not Sig,-0.00997566990159736,0.428,2.0
11140129,남산동2가,Namsan-dong 2(i)-ga,132,7e-06,0.018254,11140129,1,2026-04-15,중구,1114012900,남산동2가,60,55,50,36,19,"POLYGON ((954723.0847022887 1951178.50338055, 954676.4219984303 1951022.9126342714, 954511.3319080728 1950996.2675920185, 954493.7952837944 1950873.158601771, 954461.0674030168 1950942.0496129815, 954477.734187248 1951049.6113756255, 954470.0441972464 1951130.6961311882, 954570.4929040824 1951368.8517455286, 954634.619315165 1951397.4697358627, 954723.0847022887 1951178.50338055))",중구,남산동2가,,,,,No Data,,,
11140130,남산동3가,Namsan-dong 3(sam)-ga,149,3e-06,0.007933,11140130,1,2026-04-15,중구,1114013000,남산동3가,6,4,4,2,2,"POLYGON ((954818.3520173803 1951334.894918095, 954786.2836737226 1951237.077295772, 954723.0847022887 1951178.50338055, 954634.619315165 1951397.4697358627, 954803.3984778852 1951433.85881572, 954818.3520173803 1951334.894918095))",중구,남산동3가,,,,,No Data,,,
11140131,저동1가,Jeo-dong 1(il)-ga,150,4e-06,0.011835,11140131,1,2026-04-15,중구,1114013100,저동1가,1,1,1,1,0,"POLYGON ((954838.9581944234 1951890.0708094887, 954852.8417149477 1951676.6436161117, 954897.104507923 1951630.2134378743, 954873.6734753187 1951604.7267282829, 954816.156546366 1951689.7562911573, 954698.590621729 1951787.8841952314, 954651.0614864752 1951778.0771926555, 954655.3340786252 1951856.7436155349, 954685.0513048474 1951902.481297037, 954838.9581944234 1951890.0708094887))",중구,저동1가,,,,,No Data,,,
11140145,광희동1가,Gwanghui-dong 1(il)-ga,151,6e-06,0.012364,11140145,1,2026-04-15,중구,1114014500,광희동1가,19,17,14,13,6,"POLYGON ((956494.8624264868 1951878.6220372403, 956434.4634534491 1951739.7953400398, 956322.0694387247 1951732.6522047578, 956190.765903612 1951835.9639413957, 956107.1411374452 1951840.8816437055, 956127.5732974996 1951886.9197896495, 956180.3903929897 1951981.613840146, 956229.7036016557 1951932.0547354792, 956352.7244408675 1951902.387273488, 956436.5854635743 1951937.7329397444, 956494.8624264868 1951878.6220372403))",중구,광희동1가,,,,,No Data,,,
11140146,광희동2가,Gwanghui-dong 2(i)-ga,152,6e-06,0.011442,11140146,1,2026-04-15,중구,1114014600,광희동2가,34,24,21,12,4,"POLYGON ((956732.6440296698 1951792.9445224903, 956701.4693885375 1951629.3578510727, 956530.9962081228 1951590.232975529, 956475.0328065747 1951730.5344628287, 956428.9147669838 1951717.0445189239, 956434.4634534491 1951739.7953400398, 956494.8624264868 1951878.6220372403, 956732.6440296698 1951792.9445224903))",중구,광희동2가,,,,,No Data,,,
11140143,장충동1가,Jangchung-dong 1(il)-ga,155,1.5e-05,0.019184,11140143,1,2026-04-15,중구,1114014300,장충동1가,8,8,8,8,4,"POLYGON ((956701.4693885375 1951629.3578510727, 956659.4843345734 1951393.5214760364, 956706.8518397779 1951330.4699286798, 956596.4897043516 1951198.16478044, 956571.0238342272 1951094.71184825, 956319.8986767647 1951272.873905972, 956326.1640317427 1951389.106483632, 956394.604459115 1951521.1857681025, 956398.7181749835 1951673.852283562, 956428.9147669838 1951717.0445189239, 956475.0328065747 1951730.5344628287, 956530.9962081228 1951590.232975529, 956701.4693885375 1951629.3578510727))",중구,장충동1가,,,,,No Data,,,
11740107,암사동,Amsa-dong,225,0.000479,0.10051,11740107,0,,,11740107,암사동,0,0,0,0,0,"POLYGON ((968553.3426785003 1950677.5003936898, 968506.6681404096 1950664.210259434, 968434.0839241409 1950523.8270083435, 968367.8690703231 1950473.5929985703, 968230.6028223594 1950272.0998281946, 968337.7086596608 1950223.4936731535, 968036.5732192723 1950165.5589480489, 967944.438788388 1950110.4449646908, 967716.5462272974 1949819.2082404601, 967101.2757327615 1950153.7530880158, 967029.5849327467 1949906.418208262, 966635.7709619226 1950020.6907200257, 966632.0807857395 1950082.572246088, 966272.9628855232 1950139.1186021469, 965687.8509958282 1950186.829610727, 965915.8341493687 1950597.6141930954, 966019.295390465 1950893.3220375793, 966054.5029482227 1950997.4655685802, 966205.0864155461 1951192.594074716, 966449.413084198 1951384.2106332222, 966702.9718026388 1951637.324511344, 967203.2805948709 1951931.735267468, 967703.6219462925 1952129.0228907566, 968003.9866710047 1952180.1236737636, 968703.320672781 1952178.2776670128, 968703.1462318546 1952102.1198509657, 968630.664425316 1951872.862254214, 968686.3789228447 1951828.1590682836, 968692.1357553956 1951670.0173507414, 968750.7412548937 1951627.522420791, 968840.7559261931 1951380.654505847, 968740.1255868579 1951303.547905571, 968551.668512994 1951092.7460211965, 968620.8357776733 1950977.8476833382, 968592.784276637 1950749.1959542565, 968553.3426785003 1950677.5003936898))",강동구,암사동,,,,,No Data,,,
11110180,교북동,Gyobuk-dong,175,3e-06,0.011191,11110180,1,2026-04-15,종로구,1111018000,교북동,1,1,1,1,1,"POLYGON ((952301.2804327827 1952779.5555209522, 952541.3193708538 1952599.6351835306, 952595.3082325074 1952407.5269455165, 952572.0451162534 1952393.128905136, 952571.8118978024 1952393.347475942, 952358.5801715056 1952649.959919475, 952264.4495425131 1952768.0212834044, 952301.2804327827 1952779.5555209522))",종로구,교북동,종로구,교북동,-2.002385213942688,1.0,LL,1.083904785176136,0.038,3.0
11215109,군자동,Gunja-dong,213,7.5e-05,0.038947,11215109,0,,,11215109,군자동,0,0,0,0,0,"POLYGON ((962414.0325682013 1949832.8728410292, 962056.5520715953 1949942.1280954934, 961794.2231657578 1949976.5026580258, 961922.5626780426 1950256.5332018426, 962353.7982528881 1951203.9360230835, 962860.5726989319 1950952.9903338111, 962707.8873002339 1950606.6744253107, 962558.3451487025 1950227.040999523, 962551.0650827955 1950157.206516333, 962460.8048903728 1950065.442253907, 962414.0325682013 1949832.8728410292))",광진구,군자동,,,,,No Data,,,
11140155,을지로3가,Euljiro 3(sam)-ga,168,8e-06,0.0188,11140155,1,2026-04-15,중구,1114015500,을지로3가,8,7,7,7,4,"POLYGON ((955364.1695644866 1952079.6244667969, 955412.0685752499 1952051.4954540958, 955384.6531949326 1951978.802072263, 955314.9523423666 1951961.9226234425, 955207.100758449 1951876.5983599839, 955048.862688392 1951901.237985764, 954945.1192528496 1951917.0279610523, 954934.5875528569 1952056.0721846267, 955038.0676179872 1952062.2357043724, 955040.9515131849 1952200.581491096, 955040.3170385861 1952121.3040406913, 955318.6161853687 1952101.7572497919, 955364.1695644866 1952079.6244667969))",중구,을지로3가,중구,을지로3가,1.0857079866996082,7.0,Not Sig,0.0025082700551923667,0.457,1.0
11140114,태평로2가,Taepyeongno 2(i)-ga,171,8e-06,0.017956,11140114,1,2026-04-15,중구,1114011400,태평로2가,5,4,3,3,2,"POLYGON ((953961.522701389 1951916.7818814577, 953877.2632082725 1951732.055734772, 953803.0035967759 1951511.2180865125, 953722.618159487 1951400.638981561, 953569.3529309544 1951414.4834925034, 953608.8058516483 1951590.5636973167, 953705.2959569822 1951624.0554096177, 953735.163490418 1951855.875297272, 953836.0604371987 1951836.7139528296, 953869.8907600574 1951954.6747902906, 953903.5801940197 1951937.360925077, 953961.522701389 1951916.7818814577))",중구,태평로2가,중구,태평로2가,5.001748218217805,4.0,Not Sig,0.7033402295815184,0.121,1.0
11140123,회현동3가,Hoehyeon-dong 3(sam)-ga,182,1e-06,0.005116,11140123,1,2026-04-15,중구,1114012300,회현동3가,6,6,3,3,3,"POLYGON ((954493.8743531986 1951396.9015417562, 954479.5230181948 1951272.5639420273, 954411.692255663 1951231.9395735199, 954375.4633943796 1951386.323679346, 954493.8743531986 1951396.9015417562))",중구,회현동3가,,,,,No Data,,,
11140117,남대문로4가,Namdaemunno 4(sa)-ga,203,5e-06,0.013304,11140117,1,2026-04-15,중구,1114011700,남대문로4가,4,4,3,2,0,"POLYGON ((953803.0035967759 1951511.2180865125, 953863.4568227681 1951439.9957897782, 953884.2284991584 1951346.982153181, 953725.3162183001 1951303.2483862168, 953685.1402102171 1951253.7877466413, 953616.9278780385 1951273.1221507995, 953484.2727370065 1951361.2566607655, 953469.5954093734 1951385.588377352, 953569.3529309544 1951414.4834925034, 953722.618159487 1951400.638981561, 953803.0035967759 1951511.2180865125))",중구,남대문로4가,중구,남대문로4가,0.3473594368803328,4.0,Not Sig,0.0007575020859910606,0.292,1.0
11440116,하중동,Hajung-dong,284,8e-06,0.01425,11440116,0,,,11440116,하중동,0,0,0,0,0,"POLYGON ((949591.9663969179 1949744.4210166202, 949536.8141178965 1949676.4663744383, 949548.8255267616 1949564.4224440667, 949505.9394504132 1949276.972485841, 949337.6779558067 1949277.843255255, 949359.8704420833 1949579.1216781018, 949419.9385821738 1949731.5176189658, 949526.6966723023 1949802.3540416684, 949591.9663969179 1949744.4210166202))",마포구,하중동,,,,,No Data,,,
11740110,강일동,Gangil-dong,252,0.000287,0.086823,11740110,0,,,11740110,강일동,0,0,0,0,0,"POLYGON ((971864.6894679267 1950538.5991932966, 971630.6309266563 1950625.7178059772, 971362.5198165682 1950656.9473144345, 971222.3079441556 1950753.8385259558, 971036.2249630613 1950763.244316343, 970980.1744144387 1950938.6586595878, 970909.2786981213 1951427.4530767356, 970855.1900386114 1951558.503001078, 970744.305775807 1951665.4908269728, 970573.6285943643 1951790.7305172381, 970532.5534859757 1951892.280677431, 970566.6050691609 1951953.0114913424, 970466.6614971273 1952099.0281785307, 970447.0812600813 1952232.4774005862, 970642.5569304135 1952426.404068702, 970570.700510233 1952582.238551409, 970489.9731452757 1952699.9589534274, 970480.5638439177 1952774.9570295736, 970339.9254656857 1952872.8819009457, 970156.6986293314 1953054.8847357132, 970576.4259420456 1953340.4374885287, 970885.5662890049 1953343.8777700898, 971025.5471118778 1953370.6042554846, 971323.0004674913 1953503.1714948374, 971511.7486778288 1953625.4539730125, 971481.5126857611 1953396.6535736118, 971348.016847414 1953281.7958596156, 971333.012300014 1953144.8599171618, 971371.0086484632 1952970.065635437, 971363.6436525439 1952885.5985836422, 971556.0471934555 1952548.8513261846, 971552.6530894217 1952503.7648458146, 971673.1436882085 1952220.9611953974, 971704.4614970344 1951841.3304821195, 971844.9106648413 1951565.7126905965, 971915.6373296974 1951340.8456733534, 971914.1109174436 1951192.711092239, 971875.2537884058 1950959.7999288721, 971886.1111261758 1950787.131956879, 971859.9243627674 1950668.1537310644, 971864.6894679267 1950538.5991932966))",강동구,강일동,,,,,No Data,,,
11500110,개화동,Gaehwa-dong,253,0.000489,0.145763,11500110,1,2026-04-15,강서구,1150011000,개화동,4,4,4,3,0,"POLYGON ((939854.9568524893 1955142.2516381792, 939722.5297946577 1954899.217660152, 939483.3590147932 1954431.0041332464, 939554.0794348312 1954393.472240843, 939562.7764546571 1954288.0316579493, 939517.9926422427 1954219.215175414, 939445.519598463 1953914.8439643313, 939339.0801344851 1954050.9688052232, 939255.6740846195 1953963.8234827926, 939023.3222315898 1954028.3369028685, 938909.0134255835 1953977.1747493495, 938879.0396096085 1953891.5826186193, 938755.0539366999 1953852.6043054874, 938762.9261648995 1953778.745016902, 938690.5801713706 1953581.0771056486, 938719.6698282827 1953394.8838171226, 938649.041049126 1953317.4211703187, 938583.6538078447 1953062.4641378582, 938528.8985230175 1952967.5057543516, 938439.9052326801 1953027.0656138514, 938356.7789816534 1952854.3216559596, 938240.5025532985 1952729.2415309714, 938292.9409742849 1952566.4434613257, 938089.8603630611 1952314.0207160458, 938108.6506155496 1952360.0567711755, 937091.8269985731 1953148.66685121, 937251.1608475351 1953387.0544215604, 937359.1729561784 1953391.6461513701, 937382.390792653 1953524.51949674, 937375.9441309131 1953706.7969365164, 937459.8163529808 1953757.3858707054, 937511.4201692331 1953643.480067374, 937550.3000365974 1953286.7696879047, 937592.9238915697 1953292.541888319, 937591.508761022 1953462.4661858487, 937564.2308719591 1953661.88253304, 937603.8100338494 1953664.5258411404, 937656.3324290551 1953886.6004584667, 937676.1163150049 1954108.2930601956, 937749.0258216133 1954015.9565805227, 937751.0483284385 1954213.101823034, 937804.584676162 1954207.2447224332, 937815.3803867188 1954008.5554452562, 937941.3169589192 1954108.5799107377, 937905.5127453159 1954179.2190449769, 938092.016340848 1954529.1300808026, 938265.9799957708 1954501.5209746407, 938270.930692165 1954635.5723238036, 938310.4913899992 1954669.2973130997, 938248.7880405833 1954776.180018838, 938097.6205641843 1954889.4560535902, 938115.180298419 1955011.6284666213, 938240.0416389754 1955009.4426774636, 938086.5172400746 1955149.3690300535, 937980.9281414205 1955325.5139913158, 937949.6757634983 1955601.3898522698, 937992.285531621 1955623.4890330166, 938021.1909081715 1955841.1000620106, 938141.6359313079 1955975.8971121653, 938204.6217751567 1956011.459550698, 938206.5274130993 1956133.5220115627, 938441.5948601516 1956407.7982263747, 938729.6082924346 1956133.7149862526, 938938.3860728486 1955980.043450547, 939213.0532342484 1955728.8243975248, 939440.2861167869 1955578.432245618, 939668.7035091632 1955361.8288493508, 939754.0534015794 1955322.2037524397, 939854.9568524893 1955142.2516381792))",강서구,개화동,강서구,개화동,-1.7639359413377251,4.0,Not Sig,-0.35099160825116904,0.228,2.0
11500104,가양동,Gayang-dong,257,0.000388,0.130295,11500104,1,2026-04-15,강서구,1150010400,가양동,3,3,3,2,0,"POLYGON ((942836.5438109229 1952769.81385808, 942913.9519638324 1952699.7287833367, 943045.0788107673 1952517.0794415316, 943137.1187355336 1952426.0414578489, 943749.393804982 1951928.5587965916, 943625.8954918183 1951755.1686706133, 943933.2467334496 1951522.8168068423, 944152.2873243261 1951391.2126751025, 944133.1063214123 1951339.148832524, 943969.2778066483 1951271.6898019025, 943856.7643105978 1951151.9806287882, 943768.5538337685 1951007.1887933821, 943052.0766961001 1951495.994548891, 942376.5041538836 1951938.6032635786, 942279.5560866717 1951907.736550712, 941960.2703514386 1952084.824876769, 941830.9745353496 1952252.9034931713, 941774.5793667776 1952118.549779516, 941572.7626950692 1951352.156385208, 941554.483337517 1951229.5372302302, 941475.0665395318 1951215.261465415, 940253.8394402303 1951377.061600341, 940217.1004642511 1951539.249464124, 940058.2509740305 1951665.2452643493, 940202.7567404265 1951722.3244763974, 940261.8360145577 1951778.8773467434, 940386.5930597798 1951757.3669836533, 940491.0703670931 1951787.2900089016, 940584.693278153 1951921.4089402247, 940650.7783112518 1951956.3620335762, 940836.9675813166 1952154.3563480342, 940997.1415808729 1952190.9510317505, 941101.5677313237 1952399.5468997506, 941211.0862887165 1952447.0437063302, 941229.374549572 1952583.7174296393, 941332.276710453 1952611.533821228, 941434.5735528424 1952597.6080535443, 941619.0641849795 1952654.132480077, 941634.5838022128 1952882.2745322017, 941698.9697561581 1952995.7427725538, 941712.972126371 1953240.9352948156, 941938.5718303304 1953524.034259594, 942011.5282243891 1953481.0372873375, 942462.7215292495 1953064.9288720083, 942836.5438109229 1952769.81385808))",강서구,가양동,강서구,가양동,-1.256094576133383,3.0,LL,-0.0,0.001,3.0
11140144,장충동2가,Jangchung-dong 2(i)-ga,191,0.000122,0.074135,11140144,1,2026-04-15,중구,1114014400,장충동2가,23,23,22,14,12,"POLYGON ((956394.604459115 1951521.1857681025, 956326.1640317427 1951389.106483632, 956319.8986767647 1951272.873905972, 956571.0238342272 1951094.71184825, 956563.071931003 1950963.1537994419, 956472.7449193246 1950897.0737355906, 956231.1356323798 1950597.3269751999, 956240.3197397055 1950525.2574637525, 956192.7298096553 1950364.6443184386, 956247.1907161617 1950245.6683669968, 956217.6131831796 1950212.727550289, 956087.4944741607 1950150.2378541864, 955983.8766727698 1950197.210653804, 955687.6991195306 1950158.3650089237, 955547.6688110161 1950028.802278541, 955512.3228559447 1949909.9819092206, 955411.8783343226 1949886.5091437176, 955344.8015800072 1949915.2261567072, 955305.6165679074 1950017.7313418323, 955246.4766940451 1950067.5040951385, 955228.2905137878 1950092.8465471882, 955161.445113394 1950201.8098210935, 955213.765166715 1950238.9998102225, 955292.9459860545 1950375.8307151627, 955389.7270790882 1950489.4556623872, 955395.3839501748 1950600.2035963403, 955445.9458083282 1950751.9444969853, 955512.2181833975 1950960.8002029518, 955595.2601210303 1951038.1444800126, 955590.5854959659 1951137.374877142, 955666.3091682304 1951150.7435493236, 955712.032060836 1951330.2258563829, 955776.9742643916 1951396.7046202773, 955951.5589068313 1951303.589537051, 956047.0333132392 1951336.894298431, 956053.5731238391 1951462.4108524625, 955936.6424357705 1951475.8249470901, 955949.5277657474 1951617.4706943997, 956002.6389860223 1951633.3962806761, 956054.6726289077 1951647.6603606883, 956063.7846955351 1951569.747581699, 956267.5967208099 1951579.002376301, 956394.604459115 1951521.1857681025))",중구,장충동2가,,,,,No Data,,,
11410119,북가좌동,Bukgajwa-dong,269,0.000141,0.066029,11410119,0,,,11410119,북가좌동,0,0,0,0,0,"POLYGON ((948867.8115880038 1953885.8999136614, 948928.9163750572 1953668.5745278096, 948796.2633425187 1953668.6955841072, 948734.9906887909 1953605.1496180657, 948620.7005318105 1953614.2636564877, 948530.3048159522 1953481.0991519482, 948442.3071791927 1953468.6125620294, 948363.8838683703 1953241.4619964783, 948341.1449547558 1953049.9317701254, 948364.6284198582 1952974.8973148712, 948257.8070431926 1952946.958292319, 947970.9835034749 1952724.663964164, 947876.0060902633 1952611.6925399639, 947882.2306015075 1952565.9329901761, 947793.8761948261 1952617.4430507557, 947607.3917052464 1952786.3362089247, 947205.5895411089 1953126.502219183, 947205.2010748422 1953126.8473052995, 947203.6431199819 1953210.2690898874, 947312.2252097174 1953336.8747367258, 947386.6137083268 1953400.9558308753, 948092.1225656949 1954226.047919784, 948163.3583417631 1954365.5270875234, 948414.2058320586 1954226.053731058, 948433.4865838661 1953905.6551927014, 948694.1496707528 1953936.5233592272, 948867.8115880038 1953885.8999136614))",서대문구,북가좌동,,,,,No Data,,,
11650103,우면동,Umyeon-dong,267,0.000422,0.085557,11650103,1,2026-04-15,서초구,1165010300,우면동,2,2,0,0,0,"POLYGON ((957705.6878821097 1942083.5123093845, 957803.3605965779 1942008.5442857502, 957938.016064474 1941967.777474887, 957988.5674004355 1941907.7757207009, 958171.2528827897 1941835.3396440279, 958469.8646581804 1941673.6266182065, 958621.5707998212 1941467.1388624436, 958522.8484817968 1941347.4565759506, 958348.7603775868 1941050.0396231946, 958432.4078478687 1940786.6512180956, 958376.7033799071 1940492.889181819, 958263.2736965104 1940331.8860592574, 958290.6894432389 1940181.7914785375, 958132.3051537676 1940154.6157518285, 958120.340153532 1940009.8436410853, 958016.6929393819 1939916.865823927, 957796.8809204558 1939890.965728168, 957682.3227907264 1939777.8323182466, 957521.8284819117 1939729.952250822, 957332.1627156589 1939769.6151072008, 957220.3350344046 1939669.738542905, 957062.6585108754 1939629.6846802314, 956874.1644320633 1939706.8902155438, 956736.9394925953 1939693.6739956245, 956722.443631541 1939761.9688874683, 956535.7462757085 1939986.363262022, 956508.2937059675 1940102.802407007, 956405.2017146229 1940227.1060278723, 956294.1686443287 1940486.487656133, 956180.130436507 1940656.2688146303, 956219.7816372351 1940852.348772297, 956186.6775307228 1940958.4723250326, 956112.1349291755 1941061.2284034006, 956185.0007356183 1941232.0236612782, 956279.0245494015 1941338.3414437103, 956512.3205651386 1941468.1662352802, 956581.9534633572 1941439.567089222, 956684.0853883943 1941593.6494879497, 956861.2303317947 1941665.645062996, 957022.8343781342 1941667.605937536, 957107.2581545495 1941741.9399004495, 957151.207989817 1941856.158227795, 957241.0168960916 1941896.1610455888, 957254.2031485888 1941980.0744674953, 957535.9010748079 1942086.581809496, 957655.8049249578 1942114.4485552392, 957705.6878821097 1942083.5123093845))",서초구,우면동,서초구,우면동,1.4031192000025428,2.0,Not Sig,0.0882603407180868,0.286,1.0
11680104,청담동,Cheongdam-dong,243,0.000238,0.070422,11680104,1,2026-04-15,강남구,1168010400,청담동,18,18,15,9,0,"POLYGON ((960790.441887355 1947761.5056186821, 961137.8399222606 1947623.0991696974, 961605.0492272448 1947396.6733364754, 961449.216572989 1947013.4400106138, 961324.1649441378 1947043.6056176391, 960859.4936344788 1946842.8399688273, 959463.7754617425 1946535.9218107183, 959271.2798548435 1947198.213749208, 959418.6269969168 1947711.5065494692, 959689.019861689 1947623.3767099136, 959796.2881827581 1947986.513953567, 959832.9297929443 1947971.3601746606, 959936.3563570178 1948389.4610186883, 960148.5828644264 1948232.72980218, 960694.1490988639 1947800.079723892, 960790.441887355 1947761.5056186821))",강남구,청담동,강남구,청담동,-0.6973203214406225,18.0,Not Sig,0.036049726943282,0.468,3.0
11140115,남대문로2가,Namdaemunno 2(i)-ga,183,3e-06,0.010098,11140115,1,2026-04-15,중구,1114011500,남대문로2가,1,1,0,0,0,"POLYGON ((954314.7009840313 1951797.409653408, 954287.3906717376 1951717.7293342627, 954210.9515273548 1951537.967075658, 954187.3612161007 1951506.0597951373, 954159.2684169069 1951557.3838418722, 954273.7862843112 1951850.8829897994, 954297.7686021535 1951968.5805474827, 954351.0307294294 1951967.963998185, 954314.7009840313 1951797.409653408))",중구,남대문로2가,중구,남대문로2가,0.19769432388352115,1.0,Not Sig,-0.020134786159457015,0.151,2.0
11140150,을지로4가,Euljiro 4(sa)-ga,188,7e-06,0.013798,11140150,1,2026-04-15,중구,1114015000,을지로4가,3,3,3,1,0,"POLYGON ((955898.620921734 1952096.2782275523, 955833.2496860678 1951942.0301969608, 955765.5266323733 1951926.440977036, 955648.4333220734 1951928.7013865327, 955494.7605838723 1951941.4326629366, 955384.6531949326 1951978.802072263, 955412.0685752499 1952051.4954540958, 955653.6781950991 1952102.0174419703, 955898.620921734 1952096.2782275523))",중구,을지로4가,중구,을지로4가,0.8649391681453255,3.0,Not Sig,-0.027638961991255078,0.364,4.0
11140169,의주로1가,Uijuro 1(il)-ga,189,3e-06,0.014227,11140169,0,,,11140169,의주로1가,0,0,0,0,0,"POLYGON ((953043.560499677 1951926.8195412692, 953085.5487292483 1951792.22671287, 953091.5976060345 1951662.269135393, 953149.2560314842 1951675.2057142046, 953190.8835514673 1951546.223669491, 953026.349522186 1951485.904669391, 953023.4531442318 1951499.4560129156, 953023.7825691394 1951499.5473453638, 953146.1178898006 1951534.6148412337, 953102.051746457 1951639.1418469583, 952928.7900837449 1951928.290267983, 952928.6818113779 1951928.4466540385, 953043.560499677 1951926.8195412692))",중구,의주로1가,,,,,No Data,,,
11140148,을지로6가,Euljiro 6(yuk)-ga,172,1.9e-05,0.019403,11140148,1,2026-04-15,중구,1114014800,을지로6가,9,9,7,3,1,"POLYGON ((956759.0269041422 1952221.8196906028, 956649.4958493689 1952147.9910789803, 956494.8624264868 1951878.6220372403, 956436.5854635743 1951937.7329397444, 956352.7244408675 1951902.387273488, 956229.7036016557 1951932.0547354792, 956180.3903929897 1951981.613840146, 956240.4677976359 1952197.955344439, 956320.1919080295 1952364.3321280123, 956457.3498849133 1952367.383520102, 956716.0835290032 1952379.39403311, 956759.0269041422 1952221.8196906028))",중구,을지로6가,중구,을지로6가,-0.37168852482172215,9.0,Not Sig,0.06971244944781026,0.261,3.0
11140102,다동,Da-dong,176,6e-06,0.009885,11140102,1,2026-04-15,중구,1114010200,다동,3,3,3,3,3,"POLYGON ((954308.4157040815 1952310.0893697906, 954297.5937718078 1952056.406289659, 954060.5728830344 1952077.5950335362, 954068.6857889403 1952313.4955498802, 954308.4157040815 1952310.0893697906))",중구,다동,중구,다동,4.439754345485863,3.0,Not Sig,0.38677295090690156,0.267,1.0
11680105,삼성동,Samseong-dong,244,0.000325,0.079686,11680105,1,2026-04-15,강남구,1168010500,삼성동,50,50,38,14,0,"POLYGON ((961792.9456510327 1946930.7754104123, 961899.2733782056 1945756.7884571736, 961690.1601805184 1945712.0477346242, 960138.9826838016 1945123.353358697, 960073.5015077865 1945291.421738689, 959993.4134410473 1945385.978748257, 959816.2736564325 1945523.766622282, 959732.8518636727 1945626.7053738004, 959688.0655264286 1945764.4217086197, 959463.7754617425 1946535.9218107183, 960859.4936344788 1946842.8399688273, 961324.1649441378 1947043.6056176391, 961449.216572989 1947013.4400106138, 961605.0492272448 1947396.6733364754, 961785.5110954447 1947341.89346884, 961792.9456510327 1946930.7754104123))",강남구,삼성동,강남구,삼성동,-0.5249670738598866,50.0,Not Sig,0.059554160074429326,0.309,3.0
11680118,도곡동,Dogok-dong,251,0.000208,0.066412,11680118,1,2026-04-15,강남구,1168011800,도곡동,3,3,3,2,0,"POLYGON ((960787.0119458325 1943242.254574867, 960351.8130948212 1942918.2227797327, 960036.1362935039 1942685.2158860364, 959743.3356686071 1942485.7886452226, 959685.1666064147 1942399.0637853441, 959476.216857791 1942988.1341158485, 959488.7991615231 1943009.6805837643, 958810.8170832809 1942894.5427560608, 958594.7013886778 1943471.1722549552, 958629.8933314513 1943468.50239166, 958855.6880715222 1943570.225737456, 959932.4795494346 1943979.1032129081, 960476.8208316595 1944211.262970954, 960705.7494948619 1943594.672372208, 960787.0119458325 1943242.254574867))",강남구,도곡동,강남구,도곡동,8.230838266983172,3.0,Not Sig,0.1357204178174581,0.408,1.0
11410116,창천동,Changcheon-dong,308,6.2e-05,0.039614,11410116,0,,,11410116,창천동,0,0,0,0,0,"POLYGON ((950595.799205043 1951257.7088913205, 950680.773850341 1951230.9603789123, 950687.7430234861 1951041.9906567198, 950606.1665204128 1951031.0752781732, 950634.0465553693 1950939.6604320589, 950262.0392246902 1950788.626106749, 949903.7960212332 1950954.8423836573, 949357.9138966809 1951210.311022648, 949367.9083700556 1951429.91454522, 949412.1163363272 1951535.8882218641, 949412.2877053531 1951535.9503076223, 949526.1063600286 1951447.1218087554, 949706.592124993 1951437.0717902663, 949783.1628489296 1951526.4752298563, 949870.8034942128 1951576.532680939, 950028.971553888 1951538.4020684315, 950103.6740025756 1951481.7779764088, 950303.5238787206 1951296.6898170933, 950468.4275296757 1951330.7150874543, 950595.799205043 1951257.7088913205))",서대문구,창천동,,,,,No Data,,,
11140172,의주로2가,Uijuro 2(i)-ga,233,4e-06,0.009916,11140172,0,,,11140172,의주로2가,0,0,0,0,0,"POLYGON ((953269.4719326855 1951244.4499687927, 953146.044692725 1951231.4808440933, 953151.1017262231 1951348.470609955, 953052.4793198697 1951398.5546931203, 953026.349522186 1951485.904669391, 953190.8835514673 1951546.223669491, 953269.4719326855 1951244.4499687927))",중구,의주로2가,,,,,No Data,,,
11680113,율현동,Yulhyeon-dong,219,0.000139,0.05978,11680113,0,,,11680113,율현동,0,0,0,0,0,"POLYGON ((966376.271107939 1941553.435061279, 966345.0530016536 1941482.4184071734, 966419.3456289215 1941328.3906223346, 966589.9557243738 1941102.8695325626, 966456.8037593387 1940996.631108825, 966301.3481821605 1940989.1786622945, 966117.5422500573 1940900.5053199185, 965964.0494035586 1940869.2858475235, 965818.6745657697 1940922.857747491, 965768.8214616828 1940991.6729366088, 965598.6372646487 1941065.2611808823, 965410.2193461756 1941038.8412784592, 965286.2069994763 1940990.755494392, 965188.1569824384 1940812.8429719713, 965045.5566731206 1940851.1986419288, 964962.6190623863 1941052.9671844402, 964903.7960332074 1941094.5783693276, 964842.511937345 1941216.4267275494, 964690.7290351383 1941309.5455499955, 964822.6688532865 1941426.0457980677, 964898.2231926857 1941435.0356966434, 965170.5094799517 1941751.8504629533, 965112.1867679993 1941867.2456789112, 965161.0801881459 1941904.4474442822, 965470.3426682777 1941712.2827235875, 965617.6055762279 1941839.7594869933, 965850.1277813248 1941975.7601735203, 965879.8912935856 1942032.1489560339, 966052.6004449221 1942111.4705070506, 966052.6779170841 1942111.3447126874, 966376.271107939 1941553.435061279))",강남구,율현동,,,,,No Data,,,
11290135,종암동,Jongam-dong,357,0.000149,0.053218,11290135,0,,,11290135,종암동,0,0,0,0,0,"POLYGON ((959489.329514531 1955227.7825925848, 959407.9885009396 1955118.3298339774, 959285.6713412517 1954767.82413679, 959058.6045630507 1954744.263160327, 959067.059772919 1954628.3442262814, 958996.6287878251 1954494.2773909296, 958922.234579787 1954539.768796158, 958903.8186350096 1954690.447225617, 958802.8249339118 1954662.2096295606, 958670.1657189189 1954680.730541691, 958657.4171232844 1954771.2667006515, 958540.825620137 1954841.7890985876, 958491.8129099288 1955026.7536479488, 958511.5715110135 1955092.0133102564, 958312.3846400876 1955114.712829617, 958223.7896908554 1955279.1900805228, 958126.706838139 1955319.0742698368, 958171.3945701473 1955495.198849448, 958181.0720600504 1955634.4294168074, 958236.8914049771 1955700.6607336858, 958249.2590014753 1955806.7167275697, 958439.1458373358 1955960.3934311436, 958554.4273608667 1956181.0231573165, 958742.1084693435 1956078.9325046162, 958935.1763742174 1956033.7476964777, 959296.4910129616 1955987.6542500858, 959433.4325454662 1955851.8337247253, 959474.1513988109 1955766.9868980509, 959472.9649549399 1955477.0942408587, 959489.329514531 1955227.7825925848))",성북구,종암동,,,,,No Data,,,
11410117,연희동,Yeonhui-dong,314,0.000308,0.089797,11410117,0,,,11410117,연희동,0,0,0,0,0,"POLYGON ((951059.1498821238 1953253.6391545814, 950857.252615559 1952945.4078110238, 950857.703069933 1952838.690681111, 950902.7077557223 1952777.5898730804, 950903.8764943728 1952677.7899897478, 950849.6393149613 1952544.6856486374, 950797.6427116228 1952473.470607715, 950696.0189638732 1952481.2540029176, 950421.6384633519 1952348.8015233101, 950398.429226298 1952258.241291379, 950301.0957269759 1952237.218934063, 950182.6830303716 1952048.932687372, 950189.4826028666 1951946.627153097, 950084.8827143067 1951825.0266623131, 950098.9723088387 1951675.2336733367, 950142.5429711343 1951634.1452919827, 950103.6740025756 1951481.7779764088, 950028.971553888 1951538.4020684315, 949870.8034942128 1951576.532680939, 949783.1628489296 1951526.4752298563, 949706.592124993 1951437.0717902663, 949526.1063600286 1951447.1218087554, 949412.2877053531 1951535.9503076223, 949510.0910557841 1951706.4042140013, 949311.0525880466 1951904.2454114591, 949198.2525953561 1951968.1522371622, 948643.3549176563 1952130.9896465205, 948497.7022259202 1952209.0763172559, 948496.6272142834 1952209.5812640442, 948666.5475887774 1952369.819829485, 948796.998939159 1952579.0903903581, 949003.250817355 1952766.2380074568, 949124.7247694705 1952813.2300224174, 949202.5412887471 1952914.6791132377, 949428.1263055806 1953080.2675226154, 949424.8718864672 1953119.1425874277, 949487.7012290894 1953172.2638161692, 949775.9970326067 1953347.9726517124, 950269.2983844783 1953581.1243229245, 950336.1983751818 1953734.1340804675, 950317.0944967736 1953838.9727738604, 950506.1088920125 1954011.9605914091, 950638.933061478 1953978.7720801304, 950735.0533741073 1953987.661899845, 950686.942124748 1953804.5862525331, 950719.45865713 1953665.4155910877, 950897.8587445826 1953579.0601332902, 950933.7896303069 1953327.7507959018, 951059.1498821238 1953253.6391545814))",서대문구,연희동,,,,,No Data,,,
11740109,천호동,Cheonho-dong,229,0.000312,0.093699,11740109,0,,,11740109,천호동,0,0,0,0,0,"POLYGON ((968440.6106547869 1949587.4305285467, 968303.4815065791 1949133.7563889339, 968023.7123982885 1949155.5579330183, 967913.8805929621 1949095.8932891001, 967687.5120446701 1948534.631891511, 966652.0053948553 1948943.5835940028, 966643.2722067818 1948921.9912160481, 966332.1663433887 1949152.092256303, 966125.094289962 1949251.083419684, 965817.8529813117 1949365.8914013214, 965473.3752834765 1949387.5614903155, 965680.1356876098 1949805.8339225207, 965687.8509958282 1950186.829610727, 966272.9628855232 1950139.1186021469, 966632.0807857395 1950082.572246088, 966635.7709619226 1950020.6907200257, 967029.5849327467 1949906.418208262, 967101.2757327615 1950153.7530880158, 967716.5462272974 1949819.2082404601, 967944.438788388 1950110.4449646908, 968036.5732192723 1950165.5589480489, 968337.7086596608 1950223.4936731535, 968551.7678734532 1950220.9072052524, 968482.3361594344 1949731.3108380258, 968440.6106547869 1949587.4305285467))",강동구,천호동,,,,,No Data,,,
11110182,구기동,Gugi-dong,186,0.000382,0.096821,11110182,1,2026-04-15,종로구,1111018200,구기동,2,2,2,2,0,"POLYGON ((953672.9531090133 1958967.8689053983, 953620.2670469276 1958779.5107896104, 953556.646949663 1958683.556230547, 953475.0711990177 1958630.214503279, 953353.9968228609 1958628.0698179405, 953276.3475059584 1958583.9665556697, 953143.3412582474 1958597.855611439, 953071.083515837 1958518.829153798, 952934.6008692598 1958455.1795657924, 952878.2888636237 1958372.5879873787, 952819.2521834577 1958149.0788934499, 952817.7336743079 1957983.9175210267, 952771.142457241 1957885.1871370883, 952780.7797350374 1957689.6670765062, 952757.8051674283 1957515.5730969026, 952664.4723069981 1957309.0193970113, 952571.1835370809 1957157.3900077497, 952520.8222994267 1957033.7692122622, 952565.2793862429 1956911.8093824524, 952517.336716871 1956695.5561706254, 952559.0793630014 1956630.2312899625, 952492.0621382645 1956549.2521377678, 952397.4492194062 1956504.4134893196, 952305.5714152344 1956353.3649951408, 952214.7964268832 1956267.4733814555, 952176.8831798007 1956149.9183193045, 952113.0742992458 1956200.123533252, 951980.3084546936 1956152.5142485308, 951869.9283012741 1956262.583926216, 951802.3377427078 1956292.1843415862, 951695.00665714 1956417.8984807117, 951684.6049008456 1956500.389767551, 951584.9731056779 1956651.683850003, 951510.0046614544 1956690.457238147, 951486.9288508713 1956773.616821796, 951490.6080247354 1956941.0150250595, 951442.6277717707 1957056.6393219782, 951466.5983556998 1957112.982125693, 951528.7429523042 1957300.9006135846, 951501.7150603738 1957547.3351109084, 951449.4625438129 1957845.4645487121, 951456.7686507247 1958084.6284329947, 951369.7645836853 1958343.8703001852, 951379.6434591293 1958463.714316551, 951438.5926544603 1958568.4486439428, 951505.4992837909 1958694.1571732077, 951608.5287944481 1958708.6352519654, 951777.9518547432 1958797.7111202527, 951825.7920250014 1958796.4783866329, 951929.6096185178 1958883.6998237963, 952033.2694979246 1958890.6664993204, 952129.8613051749 1958991.156073172, 952214.0855773361 1959028.2754354123, 952480.9917766604 1959081.0456430996, 952686.2454303761 1959061.430800609, 952815.782523312 1959168.8612653974, 953081.067300585 1959163.142852385, 953354.3933722187 1959260.2201732055, 953505.0219177515 1959343.2873933404, 953710.9766347199 1959267.08392125, 953648.230953389 1959057.3772863385, 953672.9531090133 1958967.8689053983))",종로구,구기동,종로구,구기동,2.771835447065982,2.0,Not Sig,-0.47547513698512306,0.148,4.0
11140138,필동2가,Pildong 2(i)-ga,187,1.9e-05,0.029066,11140138,1,2026-04-15,중구,1114013800,필동2가,8,6,6,5,2,"POLYGON ((955617.1741441053 1951504.175617245, 955608.2155456584 1951472.3395965516, 955553.8348272806 1951395.5991291986, 955563.7130121147 1951314.0818453939, 955479.0491805894 1951267.9218827507, 955504.6055103767 1951202.331824487, 955470.4976150607 1951004.8887325122, 955439.2113941116 1950941.609644435, 955445.9458083282 1950751.9444969853, 955395.3839501748 1950600.2035963403, 955377.4412309087 1950871.1546973088, 955270.2588571755 1950862.2100256227, 955213.8327420312 1950989.958047903, 955218.3167415664 1951222.0254005038, 955176.8370977431 1951308.9241681492, 955247.1350173174 1951321.9841314796, 955238.9042526188 1951410.188230723, 955278.3180517091 1951512.5791876062, 955485.4615409587 1951431.404888391, 955525.1182732156 1951508.7308308573, 955617.1741441053 1951504.175617245))",중구,필동2가,,,,,No Data,,,
11140167,정동,Jeong-dong,239,3.1e-05,0.029616,11140167,0,,,11140167,정동,0,0,0,0,0,"POLYGON ((953869.8907600574 1951954.6747902906, 953836.0604371987 1951836.7139528296, 953735.163490418 1951855.875297272, 953571.3140500097 1951844.2002824617, 953442.6002492498 1951865.7621249554, 953454.5805548206 1951686.9065430346, 953303.9285484079 1951636.6486231254, 953339.7597176454 1951750.685639, 953298.6574766585 1951890.1724997873, 953215.6480745705 1951902.998138379, 953146.9056530453 1951973.6695685273, 953103.7325804038 1952162.8661136266, 953133.4128829489 1952217.9521109143, 953290.0720533656 1952289.1641784557, 953422.8159297002 1952254.0958606445, 953480.9468752851 1952347.442505634, 953697.921136806 1952353.2723478663, 953699.569490172 1952167.5453064416, 953829.7433827105 1952053.0010528883, 953869.8907600574 1951954.6747902906))",중구,정동,,,,,No Data,,,
11140132,충무로4가,Chungmuro 4(sa)-ga,245,6e-06,0.016124,11140132,1,2026-04-15,중구,1114013200,충무로4가,10,9,6,5,0,"POLYGON ((955713.5008295559 1951608.853313031, 955617.1741441053 1951504.175617245, 955525.1182732156 1951508.7308308573, 955485.4615409587 1951431.404888391, 955278.3180517091 1951512.5791876062, 955276.4857699858 1951540.4151899738, 955272.1018218386 1951645.3090169288, 955343.4789833516 1951639.9153721908, 955451.5000797848 1951582.5959061822, 955568.7791555235 1951643.9057292098, 955713.5008295559 1951608.853313031))",중구,충무로4가,중구,충무로4가,1.9307454990090207,9.0,Not Sig,-0.19471798521209432,0.262,4.0
11740106,둔촌동,Dunchon-dong,246,0.000251,0.080648,11740106,0,,,11740106,둔촌동,0,0,0,0,0,"POLYGON ((968638.2520833426 1946453.7966098292, 968526.6182552727 1946476.2009020774, 968264.1341828282 1946623.4797919448, 968258.0963124194 1946626.7026126643, 968251.451026034 1946630.304971077, 968240.0917657627 1946636.6224194833, 968062.4040888543 1946735.2381334766, 968058.7416737602 1946732.7642578923, 968054.9069028422 1946730.1665656723, 968050.4802437203 1946731.5954659083, 968029.6714737106 1946741.2291794068, 968029.5785872587 1946741.4791633757, 967683.9360404147 1946948.0163450527, 967684.5918839078 1947087.5997608781, 967742.3963148386 1947277.9270767488, 967894.9051001037 1947783.818113497, 967908.8292695022 1947829.953242358, 967967.1775072103 1948022.4993729515, 967999.6396573704 1948129.4038256619, 968025.3772974827 1948214.2370551415, 968068.1693111288 1948355.7304642957, 968264.9969899245 1948331.1609239879, 968375.4619533006 1948352.2713774939, 968671.0375742851 1948497.4390616557, 968693.235041081 1948478.2624586714, 969573.2562760066 1948940.7629001355, 969928.3237790754 1949132.772207957, 969757.1766680463 1948938.6982682704, 969694.1810037934 1948794.6153301212, 969544.7209622628 1948600.8991313316, 969479.1985881589 1948451.6532744928, 969393.9501704508 1948318.3624031502, 969425.6467249084 1948124.5672988137, 969376.2095594241 1948059.3851633167, 969390.1774474285 1947960.1713827269, 969314.0860944233 1947748.7759291779, 969111.2999381118 1947510.1910235654, 969027.4008420247 1947441.4835776258, 969039.636907322 1947390.7101804386, 968879.4737730051 1947042.4987635948, 968691.0000701509 1947018.8856714042, 968612.1797780644 1946763.4322251293, 968638.2520833426 1946453.7966098292))",강동구,둔촌동,,,,,No Data,,,
11215101,중곡동,Junggok-dong,247,0.000414,0.089403,11215101,0,,,11215101,중곡동,0,0,0,0,0,"POLYGON ((964864.9364182926 1951177.6734048796, 964532.5207794962 1951032.6412076068, 964425.4242286363 1950925.492910595, 964230.9952539039 1950845.7039643892, 964086.4028176392 1950704.59504167, 963868.0545604499 1950461.3045737483, 963740.7467284297 1950414.3810987314, 963654.5049833594 1950538.1217902952, 963566.7183705472 1950602.3328535126, 962860.5726989319 1950952.9903338111, 962353.7982528881 1951203.9360230835, 962234.7432447933 1951265.290210261, 962388.0117646691 1951777.9911854933, 962635.7031566203 1952147.541304198, 962756.7015873488 1952585.811422485, 963206.9940585801 1952526.541899625, 963419.389420647 1952475.6084910873, 963452.6002253819 1952422.6803925796, 963576.8073194327 1952418.0590745243, 963832.0309212585 1952337.9224047714, 964219.2903825713 1952453.8569714134, 964291.3194776883 1952438.716771888, 964355.9375213459 1952517.6990775866, 964633.4877319402 1952673.0468405276, 964758.7498662801 1952785.2408341684, 964826.7036342104 1952633.7414367758, 964956.027799188 1952619.7602477316, 965052.797474444 1952520.409107274, 964983.7490630064 1952372.2769031818, 964887.2831019047 1951883.0038590531, 964873.1891177336 1951735.954925085, 964818.9035775793 1951622.9942058783, 964781.022550529 1951433.3841760855, 964786.9297519745 1951309.7862538907, 964864.9364182926 1951177.6734048796))",광진구,중곡동,,,,,No Data,,,
11140142,예장동,Yejang-dong,248,6.9e-05,0.04225,11140142,1,2026-04-15,중구,1114014200,예장동,13,11,11,6,1,"POLYGON ((955176.8370977431 1951308.9241681492, 955218.3167415664 1951222.0254005038, 955213.8327420312 1950989.958047903, 955270.2588571755 1950862.2100256227, 955377.4412309087 1950871.1546973088, 955395.3839501748 1950600.2035963403, 955389.7270790882 1950489.4556623872, 955292.9459860545 1950375.8307151627, 955213.765166715 1950238.9998102225, 955161.445113394 1950201.8098210935, 955015.4548586773 1950319.786330534, 954834.555719796 1950369.0152889953, 954752.3125693606 1950358.2332140463, 954610.7662599705 1950568.490066674, 954549.5166699004 1950608.926548692, 954493.7952837944 1950873.158601771, 954511.3319080728 1950996.2675920185, 954676.4219984303 1951022.9126342714, 954723.0847022887 1951178.50338055, 954786.2836737226 1951237.077295772, 954818.3520173803 1951334.894918095, 954972.6915953129 1951298.5313439863, 955064.3006069681 1951337.0539576178, 955176.8370977431 1951308.9241681492))",중구,예장동,중구,예장동,1.6619029138854875,12.0,Not Sig,0.234750907291268,0.132,1.0
11500106,내발산동,Naebalsan-dong,249,0.000173,0.066216,11500106,1,2026-04-15,강서구,1150010600,내발산동,10,10,9,6,0,"POLYGON ((941554.4827549246 1951229.4293897988, 942186.1723936237 1951145.7400383025, 942220.6988964836 1950774.7569451125, 942152.6943685417 1950655.1012554402, 941985.2068219103 1950575.7671812947, 941867.5385418657 1950342.164467271, 941757.1143498775 1950333.6423463414, 941637.499674047 1950367.770601628, 941379.3325057024 1950371.3197789802, 941376.6777253711 1950055.4499402985, 941109.7528110894 1950057.736729959, 941096.0876635208 1950012.4023985602, 940913.5765723553 1950005.8167589505, 940796.053656271 1950033.672248047, 940607.6288960474 1950030.8069827468, 940663.9288624976 1950200.156200995, 940656.4786785756 1950282.2443328374, 940517.1691176504 1950469.8234138042, 940484.3073187156 1950566.538494336, 940532.9192115555 1950740.456223629, 940438.5084527167 1950787.8695743692, 940522.7540551485 1950999.6980027256, 940513.23650833 1951078.3276614437, 940390.6498036234 1951227.8340975775, 940304.2767118783 1951363.3107642538, 940253.8388327053 1951376.952650323, 941475.0659551183 1951215.1535140339, 941554.4827549246 1951229.4293897988))",강서구,내발산동,강서구,내발산동,-1.7952559751497958,10.0,Not Sig,0.17567878519489905,0.302,3.0
11740103,상일동,Sangil-dong,228,0.00027,0.077794,11740103,0,,,11740103,상일동,0,0,0,0,0,"POLYGON ((971864.6894679267 1950538.5991932966, 971854.7124925157 1950451.0282152807, 971994.8069705042 1950318.0879018935, 972011.0037406553 1950243.97429998, 971986.2430657208 1950060.700840333, 972006.3476580513 1949973.35584062, 971970.7638312654 1949889.5892700446, 971983.2954576316 1949721.3210579455, 972068.5560805976 1949637.7876971795, 972045.8165022467 1949593.0436754453, 971928.0552435217 1949652.4029178023, 971844.9077399042 1949745.2834786344, 971674.9813989329 1949741.5837892853, 971450.5424387275 1949652.131247571, 971355.2868825261 1949591.8463868091, 971195.4641254164 1949634.0022893916, 971036.5779711906 1949629.362168365, 970829.3078735946 1949549.2399218553, 970746.363210144 1949587.6850899872, 970583.4544222215 1949594.3054526486, 970552.9685010017 1949489.0234842058, 970246.1536500184 1949571.7722939916, 970179.7416246838 1949661.725051441, 969962.1476246266 1949614.774777358, 969817.4152840917 1949630.0556752193, 969606.5071340009 1949695.7743097146, 969664.8900036854 1950726.0340927532, 970414.774090725 1950855.2184206855, 970980.1744144387 1950938.6586595878, 971036.2249630613 1950763.244316343, 971222.3079441556 1950753.8385259558, 971362.5198165682 1950656.9473144345, 971630.6309266563 1950625.7178059772, 971864.6894679267 1950538.5991932966))",강동구,상일동,,,,,No Data,,,
11110186,신영동,Sinyeong-dong,230,3.7e-05,0.029528,11110186,1,2026-04-15,종로구,1111018600,신영동,2,1,0,0,0,"POLYGON ((952819.3408582173 1955970.386492061, 952769.5158370896 1955954.9672609444, 952773.669507958 1955834.2993242936, 952818.4043903092 1955773.4893924617, 952803.4773400391 1955656.7639989504, 952597.8393953309 1955645.855223208, 952436.4657606503 1955700.2220613682, 952316.6488493646 1955804.898498575, 952261.9889646502 1955932.763883605, 952190.5889830875 1955968.351526256, 952176.8831798007 1956149.9183193045, 952214.7964268832 1956267.4733814555, 952305.5714152344 1956353.3649951408, 952397.4492194062 1956504.4134893196, 952492.0621382645 1956549.2521377678, 952612.226965254 1956264.3061174876, 952753.5212204106 1956136.5433932676, 952819.3408582173 1955970.386492061))",종로구,신영동,종로구,신영동,-4.9873479772446,1.0,Not Sig,-1.0377294894882139,0.118,2.0
11680103,개포동,Gaepo-dong,231,0.000555,0.126652,11680103,1,2026-04-15,강남구,1168010300,개포동,2,2,1,0,0,"POLYGON ((962478.2998658252 1943778.3092683416, 962430.4936051744 1943759.0325012761, 962293.6375832281 1943703.851766609, 962266.7497929904 1943693.0115559597, 962247.4337822946 1943689.967282775, 962267.8395201103 1943572.0510998117, 962399.1307691056 1943261.1960784777, 962482.7898064243 1943063.06593229, 962495.8724911183 1943070.4666096226, 962623.7549183997 1943144.4879469473, 962696.4155060517 1943070.5073089153, 962640.2578271447 1942914.8359805606, 962508.3712144975 1942730.073418433, 962407.194278363 1942456.9416850975, 962212.4173813327 1942324.6128731405, 962240.8392929953 1942188.9989187426, 962254.7442537395 1942167.1837061823, 962323.909951429 1942102.152590847, 962366.4374853509 1941966.5761759784, 962592.2259669707 1941854.8957222623, 962578.0352944755 1941829.0150620553, 962572.1500189981 1941817.8039854413, 962552.2631782439 1941777.1472209804, 962548.2305386366 1941772.872555362, 962535.9974103194 1941760.2088285778, 962505.6314844851 1941726.4436494317, 962501.2318460009 1941721.6401189214, 962462.1779366421 1941678.3225698285, 962447.5460070276 1941664.7488295261, 962292.1406203618 1941577.6203367268, 962216.7158126682 1941501.5782165844, 962133.9288655655 1941476.9207920795, 962045.1650872488 1941436.2078056384, 961973.2512904366 1941388.4448921785, 961945.2196612947 1941401.8611829185, 961826.0210031325 1941370.725539803, 961790.1075352252 1941333.8622639766, 961646.8946134134 1941275.993514358, 961613.3781435706 1941260.258242844, 961544.6738140994 1941213.7034894228, 961461.2192443794 1941199.7124124023, 961430.8029718001 1941177.1626889652, 961356.4175976831 1941195.249878223, 961306.2598846116 1941214.1128104427, 961302.5230644854 1941210.383549828, 961282.5175647034 1941186.8396319267, 961258.0413236748 1941183.0668195498, 961221.7875657429 1941177.7441957975, 961012.9779256837 1941200.6459772135, 960901.6662282469 1941168.847863823, 960786.6552242248 1941122.2796263194, 960739.0429605291 1941122.029313166, 960685.6065556796 1941160.264321863, 960581.1306208324 1941082.777179277, 960502.1803888167 1941087.7211750112, 960478.6781198401 1941077.1601603276, 960311.4166067725 1941004.234507724, 960275.8356102885 1941005.2189185778, 960305.9976304036 1941136.8807550885, 960266.6105884195 1941250.6380229336, 960248.2501101599 1941265.8749153474, 960176.5743489885 1941273.698403397, 960109.0089935239 1941282.343787478, 960092.2969890651 1941300.920137767, 960283.7707271005 1941474.8713433335, 959775.2973061529 1942107.5192578738, 959685.1666064147 1942399.0637853441, 959743.3356686071 1942485.7886452226, 960036.1362935039 1942685.2158860364, 960351.8130948212 1942918.2227797327, 960801.7956028677 1943253.2549890236, 960844.9280819774 1943285.220672042, 961036.3926292517 1943390.1979283586, 961202.9900758564 1943439.779646273, 961714.4663139677 1943555.0669924659, 961825.0135003781 1943608.0881904792, 961968.0813783596 1943714.4002196793, 962175.8364803867 1943964.8264356556, 962180.3516712438 1943970.2750878974, 962194.1131976055 1943974.4288169912, 962260.8157529759 1943973.8763888387, 962331.0602284721 1943988.540737791, 962360.3602228315 1944038.686476984, 962363.8736717512 1944045.536786308, 962401.2720937277 1944162.6954750319, 962405.8553560991 1944187.8633064413, 962413.9510961475 1944197.272752514, 962416.2056734116 1944198.1564567932, 962473.52702346 1944220.8383928463, 962493.646542875 1944228.7996608277, 962552.6903553581 1944252.1600174727, 962556.9120665826 1944253.8278343359, 962566.0548772654 1944257.43902306, 962618.9932267546 1944278.639582367, 962632.907353313 1944284.2237664254, 962725.0618579343 1944321.1709829988, 962734.036112363 1944324.7594786633, 962739.8720705902 1944334.3320212138, 962741.0369093117 1944338.6664419305, 962742.3760196081 1944343.899296539, 962769.6602510768 1944324.1178178906, 962945.9226792863 1944196.7065396332, 963001.408280038 1944108.1414258084, 962900.2938077603 1943990.5601589761, 962905.8938733481 1943951.0377000389, 962478.2998658252 1943778.3092683416))",강남구,개포동,강남구,개포동,-1.2735664598478653,2.0,LH,-0.5719971579739916,0.028,2.0
11140116,남대문로3가,Namdaemunno 3(sam)-ga,184,3e-06,0.010947,11140116,1,2026-04-15,중구,1114011600,남대문로3가,1,1,0,0,0,"POLYGON ((954159.2684169069 1951557.3838418722, 954187.3612161007 1951506.0597951373, 954111.5384297974 1951451.0300722905, 954021.2473406276 1951435.151855338, 953925.7676456517 1951407.714188132, 953884.2284991584 1951346.982153181, 953863.4568227681 1951439.9957897782, 953999.7439289583 1951481.0015925248, 954041.8528212858 1951638.172167458, 954159.2684169069 1951557.3838418722))",중구,남대문로3가,중구,남대문로3가,-1.8396003567014958,1.0,Not Sig,0.19942095641174803,0.254,3.0
11110181,행촌동,Haengchon-dong,196,1.3e-05,0.019626,11110181,1,2026-04-15,종로구,1111018100,행촌동,9,9,8,4,1,"POLYGON ((952781.8525482087 1952735.6314465813, 952798.2638977583 1952697.3834233729, 952644.775697629 1952586.6697473566, 952541.3193708538 1952599.6351835306, 952301.2804327827 1952779.5555209522, 952369.6539043037 1952800.9377932874, 952482.2870388438 1952955.9696411074, 952502.2806296486 1953134.2266990934, 952572.9202932231 1953264.0657925745, 952617.0983320732 1953039.152455281, 952630.9881935188 1952875.18315617, 952707.8846312907 1952766.8935121933, 952781.8525482087 1952735.6314465813))",종로구,행촌동,종로구,행촌동,0.9452573441960352,9.0,Not Sig,-0.05320290532770865,0.292,4.0
11410115,봉원동,Bongwon-dong,307,4.4e-05,0.027774,11410115,0,,,11410115,봉원동,0,0,0,0,0,"POLYGON ((951523.6801527169 1952538.314813328, 951285.8493082909 1952306.643853753, 951156.6121557927 1952206.801310827, 951087.7589110481 1952352.575841931, 951043.4065416616 1952342.67278177, 951020.5576177336 1952446.931408886, 950921.9415718613 1952479.1461479585, 950849.6393149613 1952544.6856486374, 950903.8764943728 1952677.7899897478, 950902.7077557223 1952777.5898730804, 950857.703069933 1952838.690681111, 950857.252615559 1952945.4078110238, 951059.1498821238 1953253.6391545814, 951190.3477477471 1953196.1916363316, 951253.706259209 1953089.6162673815, 951343.3566929351 1953070.7118056917, 951349.5138365555 1952951.310998622, 951406.7498991569 1952898.6821147928, 951523.6801527169 1952538.314813328))",서대문구,봉원동,,,,,No Data,,,
11500102,등촌동,Deungchon-dong,215,0.000268,0.110262,11500102,1,2026-04-15,강서구,1150010200,등촌동,20,20,13,6,1,"POLYGON ((943768.5531909084 1951007.0808428247, 944117.9204996334 1950725.3808111127, 943914.2842361255 1950373.3368576905, 943841.6615358519 1950391.6778518148, 943652.4322570417 1949653.858585946, 943665.6047510599 1949561.3442489477, 943766.4199768621 1949345.7848264172, 943796.9286978507 1949207.311997442, 943765.4939030575 1948670.717827636, 943614.9181490632 1948661.5724529426, 943616.8316603575 1948752.983113782, 943542.4648647081 1948842.7452980196, 943518.5096290272 1948994.7755400538, 943500.6098513723 1949316.2071833634, 943441.7905179156 1949365.0019184512, 943243.8893285926 1949410.6626289696, 943076.1882623706 1949488.1295094648, 942971.4372075165 1949595.462198967, 943024.0382121417 1949681.1651847188, 943026.8345981183 1949881.026854659, 943123.3692711692 1949956.4167779533, 943237.4812854483 1950270.7572475926, 943245.4474749254 1950437.2195552886, 943221.1215438003 1950608.5711414586, 943261.650526401 1950698.6298761354, 943163.4709777232 1950764.3831708897, 942417.5920948603 1951098.358678101, 942186.1723936237 1951145.7400383025, 941554.4827549246 1951229.4293897988, 941572.762112679 1951352.0485447575, 941774.5786977038 1952118.441828634, 941830.9739552857 1952252.7955416508, 941960.2697731014 1952084.7169252874, 942279.5555125347 1951907.6285992854, 942376.5035809993 1951938.495312155, 943052.0762204379 1951495.8865969894, 943768.5531909084 1951007.0808428247))",강서구,등촌동,강서구,등촌동,-1.5620460799102691,20.0,Not Sig,0.3468617170632537,0.174,3.0
11140170,충정로1가,Chungjeongno 1(il)-ga,193,3e-06,0.00956,11140170,0,,,11140170,충정로1가,0,0,0,0,0,"POLYGON ((953133.4128829489 1952217.9521109143, 953103.7325804038 1952162.8661136266, 953146.9056530453 1951973.6695685273, 953043.560499677 1951926.8195412692, 952928.6818113779 1951928.4466540385, 952904.061815714 1951962.5350763383, 953117.9730695289 1952230.667282203, 953133.4128829489 1952217.9521109143))",중구,충정로1가,,,,,No Data,,,
11680114,일원동,Irwon-dong,218,0.000317,0.10767,11680114,1,2026-04-15,강남구,1168011400,일원동,8,8,8,8,0,"POLYGON ((963336.8605901238 1941925.9610214808, 963297.3047157943 1941891.2389519394, 963151.4841434677 1941893.4302471932, 962775.972683817 1941810.7621327627, 962682.5375563083 1941807.7426110187, 962592.2259669707 1941854.8957222623, 962366.4374853509 1941966.5761759784, 962323.909951429 1942102.152590847, 962254.7442537395 1942167.1837061823, 962240.8392929953 1942188.9989187426, 962212.4173813327 1942324.6128731405, 962407.194278363 1942456.9416850975, 962508.3712144975 1942730.073418433, 962640.2578271447 1942914.8359805606, 962696.4155060517 1943070.5073089153, 962623.7549183997 1943144.4879469473, 962495.8724911183 1943070.4666096226, 962482.7898064243 1943063.06593229, 962399.1307691056 1943261.1960784777, 962267.8395201103 1943572.0510998117, 962247.4337822946 1943689.967282775, 962266.7497929904 1943693.0115559597, 962293.6375832281 1943703.851766609, 962430.4936051744 1943759.0325012761, 962478.2998658252 1943778.3092683416, 962905.8938733481 1943951.0377000389, 962900.2938077603 1943990.5601589761, 963001.408280038 1944108.1414258084, 962945.9226792863 1944196.7065396332, 962769.6602510768 1944324.1178178906, 962768.7987178048 1944324.8418211099, 962903.2863324394 1944563.555388713, 962871.972960984 1944730.7908600632, 963064.7727090991 1944649.2884414145, 963250.4849558902 1944569.6887329542, 964184.0736183308 1944235.7524094617, 964277.7500009199 1944192.7488872192, 964449.2899248732 1944101.2029815195, 964413.7622692306 1944069.1972510293, 964092.5629602583 1943947.57388418, 963940.1051187813 1943868.4454086719, 964133.8450089705 1943744.8682955282, 963928.089141088 1943699.9778665106, 963745.111850457 1943639.1606665542, 963885.332042496 1943463.2932265042, 963902.3870007647 1943316.068538945, 963775.8486845619 1943208.936537162, 963489.8891646519 1943196.586052292, 963373.8883248689 1943126.6655384249, 963412.8330529258 1943041.708753791, 963482.0955455507 1942647.1197531887, 963475.4851675074 1942493.894064578, 963383.8343823545 1942380.2241811603, 963329.8732062435 1942082.2703007224, 963336.8605901238 1941925.9610214808))",강남구,일원동,강남구,일원동,0.7422382639892571,8.0,Not Sig,-0.004454526938338616,0.495,4.0
11680111,세곡동,Segok-dong,222,0.000246,0.10986,11680111,0,,,11680111,세곡동,0,0,0,0,0,"POLYGON ((966770.0731286013 1940879.4449778337, 966561.745584671 1940726.9069434782, 966524.2700217043 1940642.0098185812, 966405.8199781993 1940544.9645581562, 966172.7234538399 1940402.502226931, 966129.4719422921 1940323.2164785673, 966119.944984869 1940007.7892096878, 966031.1848284878 1940002.7312170602, 965860.2251152048 1940106.0037544502, 965799.9666653278 1940165.9585243447, 965774.330567025 1940285.8685970386, 965672.4648212563 1940342.8549781784, 965348.5084036667 1940414.0776027194, 965199.4660293028 1940431.331154811, 965011.3481482848 1940404.4345983488, 965049.7032200064 1940291.7155571294, 964975.0038488506 1940168.973240204, 964864.3227374669 1940133.198811758, 964748.027721508 1940050.3128012465, 964738.5010815487 1939969.2340068205, 964601.9418827775 1939871.3987094946, 964544.4770337428 1939745.6206886105, 964468.6630180707 1939762.862352774, 964202.0880256103 1939766.5605543253, 964222.5727971757 1939887.1311502513, 964174.3186191869 1939998.1324659053, 964238.0483634608 1940194.1925314206, 964244.5884188684 1940277.848360594, 964152.7699470492 1940272.2462784871, 964025.1473096856 1940308.4801189504, 963922.1721080804 1940420.1364498695, 963921.8197643029 1940713.833208042, 963784.1105202694 1940947.8060637414, 963698.0229096303 1941008.9918329373, 963661.0291062206 1941083.0221572486, 963855.7005035732 1941156.2178858588, 963929.0746453871 1941161.6382851566, 964112.6720999382 1941290.719290106, 964442.4803205397 1941285.660505197, 964595.8417321363 1941338.7978195425, 964690.7290351383 1941309.5455499955, 964842.511937345 1941216.4267275494, 964903.7960332074 1941094.5783693276, 964962.6190623863 1941052.9671844402, 965045.5566731206 1940851.1986419288, 965188.1569824384 1940812.8429719713, 965286.2069994763 1940990.755494392, 965410.2193461756 1941038.8412784592, 965598.6372646487 1941065.2611808823, 965768.8214616828 1940991.6729366088, 965818.6745657697 1940922.857747491, 965964.0494035586 1940869.2858475235, 966117.5422500573 1940900.5053199185, 966301.3481821605 1940989.1786622945, 966456.8037593387 1940996.631108825, 966589.9557243738 1941102.8695325626, 966419.3456289215 1941328.3906223346, 966345.0530016536 1941482.4184071734, 966376.271107939 1941553.435061279, 966770.0731286013 1940879.4449778337))",강남구,세곡동,,,,,No Data,,,
11680107,신사동,Sinsa-dong,210,0.000175,0.077603,11680107,1,2026-04-15,강남구,1168010700,신사동,36,36,32,20,2,"MULTIPOLYGON (((957541.3480357612 1946422.9015629715, 957393.895405591 1947055.7138177808, 958530.9037193164 1947772.7918794255, 958641.6500864625 1947827.6240192698, 958884.7068467026 1947864.3831829068, 959021.7244269402 1947840.463604838, 959036.5404394019 1947835.8577163587, 959418.6269969168 1947711.5065494692, 959271.2798548435 1947198.213749208, 958297.9160585647 1946815.8961508577, 957541.3480357612 1946422.9015629715)), ((956579.4781110986 1947479.921293799, 956924.4004278597 1947931.206953795, 957265.433334416 1947521.7999226414, 957166.1820643961 1947394.107143734, 956984.2596966932 1947143.8139532898, 956579.4781110986 1947479.921293799)))",강남구,신사동,강남구,신사동,0.3998020875127131,36.0,Not Sig,-0.0017475295279072924,0.455,4.0
11500107,외발산동,Oebalsan-dong,223,0.000181,0.060657,11500107,1,2026-04-15,강서구,1150010700,외발산동,5,5,5,0,0,"POLYGON ((940607.6288960474 1950030.8069827468, 940552.9270839682 1949852.3330653664, 940463.0590011155 1949720.18189286, 940435.894744764 1949612.551310435, 940467.1957912425 1949505.7264659116, 940405.0766982695 1949365.1100875433, 940115.8095242352 1949256.0592398816, 940011.1614726 1949265.0491298372, 939625.0156981286 1949246.5001987135, 939251.1291216946 1949268.7954049897, 939311.5134087743 1949348.1225313642, 939357.6644620153 1949493.1482481307, 939481.7912884197 1949647.6232719598, 939515.512436523 1949805.4498025128, 939444.2855081675 1949884.5818379594, 939385.1787694582 1950081.4819655006, 939394.5211398883 1950264.9085413066, 939376.4896480585 1950341.8896554012, 940014.9491748073 1950935.2765199998, 940272.5723210316 1951159.243944454, 940390.6498036234 1951227.8340975775, 940513.23650833 1951078.3276614437, 940522.7540551485 1950999.6980027256, 940438.5084527167 1950787.8695743692, 940532.9192115555 1950740.456223629, 940484.3073187156 1950566.538494336, 940517.1691176504 1950469.8234138042, 940656.4786785756 1950282.2443328374, 940663.9288624976 1950200.156200995, 940607.6288960474 1950030.8069827468))",강서구,외발산동,강서구,외발산동,0.8426845086326509,5.0,Not Sig,-0.10480383746374734,0.159,4.0
11305103,수유동,Suyu-dong,227,0.000782,0.125002,11305103,0,,,11305103,수유동,0,0,0,0,0,"POLYGON ((957225.9842245656 1961199.5783309615, 957455.3184203686 1961119.9787149713, 957673.6320335158 1961175.1327239564, 957758.2379183337 1961165.4585099071, 957892.9387585295 1961036.8863452557, 958070.4595826534 1960980.1397176948, 958175.7241439378 1960799.657590548, 958309.8365806664 1960722.5664031794, 958612.5903050323 1960481.0674346245, 957970.3056290065 1959734.7312635141, 957914.4609670634 1959659.3091162776, 957951.5710384715 1959428.5650340184, 958030.6505339224 1959156.43134422, 957433.9008012043 1958968.7669633413, 957437.8183338109 1958918.810449752, 957309.4194080373 1958843.8304849542, 957227.8518047234 1958713.6682869599, 957076.8437012322 1958718.2730498726, 956848.200572907 1958574.939079013, 956662.0932560741 1958511.3920277234, 956573.770976934 1958398.6976062132, 956383.8390970149 1958396.744786141, 956222.874052722 1958424.6418066043, 956190.7121755645 1958502.6475962445, 956036.2869533849 1958582.9285403697, 955942.4638642602 1958589.1305010659, 955816.5092863773 1958644.882754518, 955667.24188982 1958852.4250056439, 955533.5454976291 1958996.301946297, 955476.4651477069 1959096.4659097805, 955327.4213489615 1959232.7391963778, 955122.8805348207 1959360.6914576166, 954996.5179733405 1959382.2474140078, 954950.1836038552 1959519.822688692, 954842.7276738255 1959570.6159186678, 954644.0204403161 1959715.9175480048, 954492.8990387166 1959777.965405635, 954571.4155356389 1959885.5888540214, 954625.2600126279 1960188.2203745195, 954586.3293336574 1960365.0276638523, 954661.8846511621 1960416.8697881664, 954828.8829623875 1960359.7998849545, 954880.0080616027 1960380.3713589953, 955152.2335473937 1960720.0449780582, 955222.7309369593 1960835.1763436268, 955270.5018352924 1960849.7291213025, 955396.7801776406 1961050.7975372742, 955491.4110734547 1961118.2626837357, 955579.4351111181 1961275.0820222935, 955673.6105573558 1961333.640622, 955785.3643874091 1961208.2692825291, 955821.4179174536 1961227.2639034863, 956107.8536684526 1961171.4957727336, 956329.2665799108 1961232.5751740986, 956463.8084627808 1961212.622627076, 956601.1390198766 1961329.9717172754, 956693.4964019798 1961278.4068437628, 956790.7047108808 1961285.0678546394, 956898.0397368637 1961206.9116002936, 957214.4155543268 1961181.5142194922, 957225.9842245656 1961199.5783309615))",강북구,수유동,,,,,No Data,,,
11680115,수서동,Suseo-dong,250,0.000267,0.091179,11680115,0,,,11680115,수서동,0,0,0,0,0,"POLYGON ((965667.9414364315 1942800.306220049, 965580.2833957666 1942715.3767865624, 965523.2000156814 1942734.672020752, 965226.1240480349 1942690.4406319058, 965104.1873780617 1942701.578215096, 964973.6739540817 1942952.6954262047, 964782.180984387 1942885.5131148756, 964705.6163685689 1942741.4275803915, 964569.1863345192 1942708.9859280938, 964469.9863845517 1942621.9755105448, 964422.5612351651 1942499.0727838068, 964478.5321491946 1942421.3607548738, 964463.1519671353 1942315.9402211371, 964501.1669578489 1942186.7002170968, 964366.2417466285 1942192.1335584598, 963955.2710746244 1942121.3068961487, 963897.4743085601 1942159.899703687, 963737.700520057 1942082.887249604, 963606.4151912136 1941967.5953707926, 963426.773987514 1941979.845254667, 963336.8605901238 1941925.9610214808, 963329.8732062435 1942082.2703007224, 963383.8343823545 1942380.2241811603, 963475.4851675074 1942493.894064578, 963482.0955455507 1942647.1197531887, 963412.8330529258 1943041.708753791, 963373.8883248689 1943126.6655384249, 963489.8891646519 1943196.586052292, 963775.8486845619 1943208.936537162, 963902.3870007647 1943316.068538945, 963885.332042496 1943463.2932265042, 963745.111850457 1943639.1606665542, 963928.089141088 1943699.9778665106, 964133.8450089705 1943744.8682955282, 963940.1051187813 1943868.4454086719, 964092.5629602583 1943947.57388418, 964413.7622692306 1944069.1972510293, 964536.8062800728 1944036.0620959138, 964952.8432322041 1943791.3641739227, 965260.2254636316 1943522.5054916288, 965667.9414364315 1942800.306220049))",강남구,수서동,,,,,No Data,,,
11500113,오쇠동,Osoe-dong,256,0.000101,0.065919,11500113,0,,,11500113,오쇠동,0,0,0,0,0,"POLYGON ((938715.960865276 1949680.1001741434, 938765.119456339 1949589.6797203037, 938472.0301857329 1949535.774077238, 938326.6615282095 1949495.1720885625, 938203.9311322172 1949391.183202975, 938196.1515849227 1949283.1860990147, 938060.7227786263 1949228.2358928316, 938049.0314541124 1949129.1645231594, 938113.3845682746 1948947.7775713946, 938005.113021781 1948941.699297266, 937965.2888404886 1948869.1303847854, 937808.7257915097 1948837.1768562698, 937697.7654129805 1948750.8689509206, 937625.5072501195 1948906.322450797, 937649.2907303015 1949009.5003928975, 937620.4723915 1949149.2562982393, 937715.5289584721 1949350.7821349907, 937439.0988257146 1949411.725504414, 937420.0382603538 1949540.7277882476, 937441.4596988264 1949616.1360170657, 937347.9451581782 1949627.2346591083, 937140.1831339113 1949759.619613558, 937228.3009516437 1949810.524880271, 937474.0530365633 1949739.8407962804, 937681.5328615118 1949845.9168579543, 937788.2113939119 1949954.5237509198, 937950.5925677136 1950068.1491253101, 938141.1089484467 1950229.1747604378, 938203.9598100891 1950323.4919893332, 938329.9613493902 1950443.821078209, 938310.9794242844 1950285.0723618786, 938374.62009672 1950031.5841027466, 938494.874207578 1949825.78771817, 938593.2185069055 1949788.6268955506, 938715.960865276 1949680.1001741434))",강서구,오쇠동,,,,,No Data,,,
11140104,을지로1가,Euljiro 1(il)-ga,240,7e-06,0.013559,11140104,1,2026-04-15,중구,1114010400,을지로1가,1,1,1,1,1,"POLYGON ((954060.5728830344 1952077.5950335362, 954297.5937718078 1952056.406289659, 954351.8932181243 1951992.77042586, 954351.0307294294 1951967.963998185, 954297.7686021535 1951968.5805474827, 954273.7862843112 1951850.8829897994, 954165.2028599811 1951895.5735141193, 954011.3718913822 1951873.4451851004, 953961.522701389 1951916.7818814577, 953903.5801940197 1951937.360925077, 954009.4954092563 1952078.695071291, 954060.5728830344 1952077.5950335362))",중구,을지로1가,중구,을지로1가,9.714587182378907,1.0,Not Sig,0.1644843188641704,0.401,1.0
11440101,아현동,Ahyeon-dong,262,8e-05,0.047196,11440101,1,2026-04-15,마포구,1144010100,아현동,9,5,5,4,2,"POLYGON ((952609.1786375664 1950980.7398918509, 952462.4211630992 1950762.6253169163, 952508.1617294236 1950516.943122336, 952510.2695017031 1950381.4803402286, 952510.8583254628 1950377.4791649554, 952407.8195699769 1950327.6385579584, 952329.66727655 1950401.8087236602, 952176.6423484453 1950352.9141285715, 952124.0595421075 1950379.7622546793, 952055.1491507397 1950284.649540928, 951913.2855709272 1950339.3815670644, 951847.153994011 1950237.5387308893, 951675.2243065718 1950306.360200681, 951659.697441196 1950366.5352773683, 951467.6288090912 1950424.951910732, 951487.0957347294 1950566.3432866351, 951467.8770269263 1950664.9776615342, 951397.0651747787 1950728.1973322984, 951386.1480248828 1950807.162161556, 951296.2275142588 1950852.0914530375, 951287.2067884037 1950946.7778683114, 951330.1159463159 1950992.180882119, 951970.6641573654 1951034.4227371186, 952230.4552619744 1951014.621029891, 952317.5460501064 1951064.981551241, 952457.4675786842 1951206.392704352, 952576.1861343978 1951100.0004494644, 952609.1786375664 1950980.7398918509))",마포구,아현동,마포구,아현동,3.0564438672928023,6.0,Not Sig,-0.5241364695031575,0.124,4.0
11650111,신원동,Sinwon-dong,264,0.000278,0.108484,11650111,1,2026-04-15,서초구,1165011100,신원동,1,1,0,0,0,"POLYGON ((960008.8346492911 1940245.154512324, 960017.8924759063 1940171.766170929, 960063.9367349463 1940080.6151939726, 960069.6021525058 1940073.154369139, 960090.3958028064 1940025.4446605789, 960129.6990933849 1939982.9203087427, 960151.8912359808 1939967.8475078512, 960192.3003439704 1939926.4447122565, 960227.5503492086 1939856.71302012, 960277.7095651547 1939881.2288389343, 960297.5915870542 1939881.7868763772, 960367.0339801366 1939897.2833780353, 960537.5599432581 1939919.5299284183, 960577.8137526333 1939887.8115128758, 960630.5764080936 1939859.125336719, 960643.0321862597 1939848.8177069672, 960646.904693647 1939845.5808956856, 960686.7514446573 1939828.3492789275, 960704.0333861406 1939825.6613195257, 960794.1030787118 1939816.4557034103, 960799.0526942242 1939816.4076739224, 960811.7970109273 1939797.024073472, 960811.0254829638 1939781.9362773676, 960815.084882491 1939781.4833899727, 960836.8531422146 1939794.3074855173, 960855.933011654 1939806.7960101988, 960861.1001212621 1939809.3285784111, 960893.0700906991 1939821.1472255946, 960895.6325240718 1939821.4769100242, 960907.6872318042 1939821.1596215868, 960941.220217269 1939833.3134957145, 960948.3365804799 1939835.1483436052, 960989.3961115686 1939748.4403299987, 960977.2234230533 1939673.8074195704, 961047.3048888174 1939638.8938160948, 961041.164045283 1939519.6442554188, 960978.9912795976 1939411.8616922938, 961009.9985902845 1939357.8944487981, 961251.5121353094 1939190.6616638321, 961278.3588759187 1939042.9637796644, 961439.7773029453 1938842.382522543, 961448.3780034803 1938832.9673387634, 961590.5851260648 1938674.0390869319, 961761.7774525194 1938695.0482917845, 961911.9081011718 1938626.2161773546, 962071.6601536156 1938441.301942711, 962149.7636896247 1938275.922483512, 962153.2956322873 1938207.9227756876, 962107.586245027 1938126.1332201972, 962158.2408023172 1937888.2970306163, 962139.9352087645 1937830.0061928679, 962294.4112360682 1937710.883371528, 962228.598980086 1937557.7823335833, 962088.1285795909 1937498.1405609348, 962094.3374675182 1937304.3270774956, 962023.9753149141 1937174.1895629237, 962014.4696912693 1937074.8069516316, 962064.9627707917 1936938.4830883013, 961961.0636840903 1936949.2397812782, 961866.28758434 1936896.6332662862, 961805.0316279435 1936924.2959009884, 961667.7404084071 1936863.9897476423, 961575.2538105004 1936737.4407942025, 961460.6579858303 1936752.1939532817, 961366.3846714033 1936823.3868780974, 961174.4174659742 1936850.1997547192, 961246.879675299 1936971.0147771025, 961252.2217233618 1937185.382543097, 961384.4213545236 1937284.2438237814, 961372.6919289252 1937344.689639269, 961427.3198278092 1937490.2269008746, 961389.643932476 1937727.1840700307, 961316.8801519456 1937845.8292467145, 961130.8902812136 1938045.9464329327, 961082.2753898266 1938067.9295111327, 960956.3617163089 1938294.0984246512, 960937.2713243619 1938440.5175067992, 960823.9655836379 1938586.9422735574, 960791.0598852171 1938680.3719694042, 960727.2206837881 1938701.4835772708, 960665.8582839959 1938801.7493485992, 960507.8462030111 1938980.43421228, 960455.9354346778 1939112.467358462, 960285.4988550274 1939290.4999149088, 960247.0110936662 1939388.36598531, 960262.7886222055 1939491.0509363583, 960165.8216300558 1939714.857302078, 959922.4576915805 1939992.1363452566, 959850.352835472 1940144.2545412777, 959801.3602176186 1940330.4384973468, 959884.1551490452 1940315.9677409157, 960008.8346492911 1940245.154512324))",서초구,신원동,서초구,신원동,6.9744282203895125,1.0,Not Sig,2.097256944633974,0.123,1.0
11440109,염리동,Yeomni-dong,265,5.6e-05,0.048001,11440109,1,2026-04-15,마포구,1144010900,염리동,22,22,21,16,7,"POLYGON ((951467.6288090912 1950424.951910732, 951378.266553357 1950277.799823529, 951350.2230682133 1950175.1946021938, 951415.1724545779 1949950.2660826817, 951283.9354096047 1949762.7799585257, 951167.2616310214 1949657.188088128, 951378.2289686825 1949538.802497822, 951344.0876070331 1949480.2393905139, 951248.8294378493 1949509.077873085, 951019.1841514189 1949269.9678304645, 950853.5616240134 1949415.3837566185, 950876.9802183827 1949441.8040100331, 951021.2775589421 1949604.9398892343, 950931.2486069519 1949678.6091209827, 950935.5925413183 1949750.8107450032, 950868.8559776443 1949924.8177803273, 950976.4941509636 1950165.8215665359, 951058.622780246 1950163.8139065169, 951122.9390391947 1950304.2421840066, 951149.3085126751 1950491.3542666298, 951119.0101224276 1950560.6055444516, 951115.3479322413 1950977.0722358879, 951329.7555721424 1950992.150708712, 951330.1159463159 1950992.180882119, 951287.2067884037 1950946.7778683114, 951296.2275142588 1950852.0914530375, 951386.1480248828 1950807.162161556, 951397.0651747787 1950728.1973322984, 951467.8770269263 1950664.9776615342, 951487.0957347294 1950566.3432866351, 951467.6288090912 1950424.951910732))",마포구,염리동,마포구,염리동,-1.5615236429346517,22.0,Not Sig,-0.15759682598719663,0.281,2.0
11650102,양재동,Yangjae-dong,266,0.000413,0.124143,11650102,1,2026-04-15,서초구,1165010200,양재동,9,9,9,6,0,"POLYGON ((959685.1666064147 1942399.0637853441, 959775.2973061529 1942107.5192578738, 960283.7707271005 1941474.8713433335, 960092.2969890651 1941300.920137767, 960109.0089935239 1941282.343787478, 959589.7808822707 1940814.7098625777, 959756.7626657387 1940618.9842809967, 959797.545545722 1940577.8866403357, 959865.6554102973 1940524.041229257, 959890.0088374624 1940508.372820186, 959908.4273047878 1940497.6342815666, 959912.6255743927 1940490.1189371913, 959956.4849217802 1940450.497515539, 959958.9838784448 1940440.4308541287, 959965.7450529601 1940413.1709142248, 959966.3424948809 1940410.7330134225, 960000.0346085225 1940337.2733211685, 960006.5259084697 1940323.0915159984, 960018.7909707553 1940287.0593829497, 960024.4296941686 1940261.4489875278, 960008.8346492911 1940245.154512324, 959884.1551490452 1940315.9677409157, 959801.3602176186 1940330.4384973468, 959695.1558090213 1940367.4943067278, 959508.3499611088 1940357.4883878932, 959379.0497825986 1940209.2085116196, 959252.5060172505 1939993.413811689, 959241.2043265856 1939859.3888623847, 959161.5042659595 1939742.2737104252, 959203.8441261894 1939569.376449737, 959069.7885575143 1939468.0408557334, 959032.2582091108 1939366.513653436, 959057.8495298082 1939291.3110358587, 958997.9156611735 1939246.826932721, 958942.3676541968 1939324.6141898606, 958852.2583521586 1939371.800494242, 959063.6533755257 1939658.0858696352, 959030.0421974907 1939795.3605542423, 958878.2308254925 1939956.889188915, 958871.429166977 1940210.3407815096, 958790.8042485439 1940224.5379484775, 958766.4075664956 1940328.5225933203, 958853.3804547555 1940651.837283017, 958716.4765343453 1940748.3194760545, 958544.742342061 1940816.6363934309, 958432.4078478687 1940786.6512180956, 958348.7603775868 1941050.0396231946, 958522.8484817968 1941347.4565759506, 958621.5707998212 1941467.1388624436, 958469.8646581804 1941673.6266182065, 958171.2528827897 1941835.3396440279, 957988.5674004355 1941907.7757207009, 957938.016064474 1941967.777474887, 957803.3605965779 1942008.5442857502, 957705.6878821097 1942083.5123093845, 957791.0150816606 1942236.6728327307, 957809.4772384148 1942319.599664765, 957917.7468979832 1942399.947804762, 957950.4929277448 1942482.4052348651, 958056.2588600395 1942510.0834875111, 958137.6295549083 1942468.9774395693, 958319.5094160228 1942532.3537302301, 958484.2409666443 1942444.9769257677, 958671.8425931785 1942522.9392765157, 958828.8748756826 1942655.1613091584, 958836.7036193466 1942710.8641853966, 958772.1275844602 1942870.2231028588, 958810.8170832809 1942894.5427560608, 959488.7991615231 1943009.6805837643, 959476.216857791 1942988.1341158485, 959685.1666064147 1942399.0637853441))",서초구,양재동,서초구,양재동,2.7203757257949386,9.0,HH,0.9221525957212994,0.017,1.0
11350105,상계동,Sanggye-dong,270,0.001618,0.194699,11350105,0,,,11350105,상계동,0,0,0,0,0,"POLYGON ((964318.1364863558 1962786.5430988632, 963993.4399111453 1962813.0765976505, 963745.2382960244 1962869.114920617, 963375.4332490389 1962832.0458526807, 963214.1480233552 1962657.1644637377, 962851.4302613686 1962615.1603882331, 962650.6902559377 1962632.9617604108, 962538.4068232621 1962666.721271734, 962453.4670756286 1962574.8605385043, 962468.5308892 1962523.6452331773, 962255.6843811484 1962255.5290270206, 962244.2580506832 1962180.9332014222, 962245.9028653203 1961776.0823367755, 962211.6019151453 1961653.7780358728, 962067.4101925062 1961435.2812606907, 961936.033862135 1961305.0846131046, 961678.5861571667 1961159.1600552725, 961567.1172788227 1960971.403183921, 961442.0409670089 1960839.7570068152, 961330.4388387145 1960753.2057081987, 961284.8532646997 1960641.4607985308, 961275.3443900975 1960348.3149504792, 961161.5830290099 1959977.979122334, 961114.4686401099 1959782.8548024266, 960991.7668150556 1959951.6212070228, 960982.8161666295 1959985.7948306634, 960810.1536480408 1960221.0321589666, 960752.8499628954 1960299.9589516297, 960756.3387744945 1960534.828858043, 960801.1771923795 1960662.1847362053, 960817.8865294803 1960934.0884356496, 960784.3844050796 1961066.3572781254, 960654.3650711919 1961326.1137868327, 960637.2699122997 1961490.1203845588, 960665.7375372349 1961760.3319569519, 960610.8296172181 1962095.2498869826, 960469.1929102981 1962363.8980901379, 960451.6116370019 1962445.6112489416, 960437.3363466949 1962812.86726223, 960341.0205083118 1963017.782621234, 960219.6843562786 1963215.1515236602, 960185.3073184111 1963391.9022794412, 960156.7686693745 1963536.5560957964, 960169.8158351472 1963743.4216068916, 960209.1020464476 1963909.097719949, 960218.6831808311 1964058.2156152595, 960295.1070588566 1964228.2181992647, 960356.671668306 1964501.1391007355, 960402.6460632453 1964602.2652701223, 960430.7712982242 1964813.2687380456, 960493.9349948878 1964918.6337412999, 960506.5212147051 1965092.6014314168, 960483.5969394014 1965236.043838941, 960484.3626957932 1965375.0981406448, 960739.8477408333 1965557.4394518633, 960783.1986862025 1965611.1744813474, 960871.2424264924 1965610.6883830205, 960960.7162198325 1965657.739228648, 961066.428864362 1965663.0863456472, 961180.5917649271 1965734.9550477765, 961322.9898138593 1965939.9509933293, 961428.2894902355 1966035.2492917404, 961451.2708817967 1966214.581816689, 961523.5127221603 1966246.9574934363, 961629.5485795193 1966205.8418930059, 961696.0871964887 1966229.174109493, 961782.9604125593 1966193.2630297262, 961919.2109801085 1966230.1852258209, 962034.776170215 1966109.227883047, 962095.3498260434 1966141.7413876527, 962188.8908498852 1966110.3470679787, 962347.7514549996 1966121.3878942453, 962551.5944669885 1966279.7876212285, 962846.7013135981 1966365.2628321822, 963106.4193331316 1966382.0366087663, 963346.3668287249 1966173.4778860444, 963346.1942818051 1965896.0347295252, 963456.4734662265 1965740.6203495513, 963576.0892151461 1965687.2991205496, 963747.5662710238 1965686.1996730368, 963933.9474449214 1965649.0795689025, 964156.4592775445 1965693.2587617089, 964266.283031894 1965600.112897184, 964338.8977929368 1965628.3393536047, 964418.3476929703 1965593.316394796, 964342.2704153217 1965505.635425135, 964385.9021391022 1965451.3381094881, 964415.5860640737 1965199.4761048194, 964361.264055766 1965089.0812821132, 964226.7088397568 1964954.0470493715, 964105.5611135423 1964747.399376673, 964096.5529094061 1964580.4726777584, 964021.159623013 1964485.8789038195, 964041.9396113196 1964357.0314770911, 964188.0763500922 1964204.3183308784, 964197.098381609 1964088.6221629537, 964253.4460854363 1963857.4465453494, 964353.2670778156 1963761.2411954384, 964376.4693904901 1963669.8485293947, 964351.8940739047 1963533.3493899654, 964413.0398942298 1963429.8335463807, 964394.0069231177 1963334.493594379, 964282.1985098373 1963198.4865302166, 964246.1640221432 1963040.1695346388, 964254.2129202595 1962901.2910662442, 964318.1364863558 1962786.5430988632))",노원구,상계동,,,,,No Data,,,
11410102,충정로3가,Chungjeongno 3(sam)-ga,275,2.6e-05,0.025273,11410102,0,,,11410102,충정로3가,0,0,0,0,0,"POLYGON ((952387.1750518883 1951907.7544965711, 952477.4834082385 1951842.625212314, 952489.8518326016 1951730.8728295073, 952797.6626891326 1951671.2882224608, 952778.1305413834 1951586.0379713918, 952696.7851025813 1951482.828839782, 952790.2986771524 1951349.8397606658, 952600.5189826125 1951231.4333475367, 952456.7459888796 1951211.3004350918, 952375.0590118332 1951289.736203883, 952371.3056624519 1951396.327185673, 952311.2067232574 1951432.3550190919, 952246.3654509492 1951551.7628305613, 952221.292771236 1951921.4027959208, 952387.1750518883 1951907.7544965711))",서대문구,충정로3가,,,,,No Data,,,
11740101,명일동,Myeongil-dong,212,0.00016,0.073173,11740101,0,,,11740101,명일동,0,0,0,0,0,"POLYGON ((969664.8900036854 1950726.0340927532, 969606.5071340009 1949695.7743097146, 969817.4152840917 1949630.0556752193, 969962.1476246266 1949614.774777358, 970179.7416246838 1949661.725051441, 970246.1536500184 1949571.7722939916, 969973.824248886 1949186.683167409, 969909.1031043356 1949294.8682405306, 969813.8885517728 1949316.9038780895, 969666.0525195464 1949404.0554558288, 969588.6360902124 1949333.9337744107, 969426.1816431095 1949251.4244517568, 969390.498772808 1949430.1111963473, 969282.6913856295 1949470.0384146082, 969246.2617600571 1949573.9668730055, 969165.9783092861 1949554.0399358566, 969121.7259056481 1949651.1948356994, 969028.4639327015 1949645.2295134808, 968986.0668184713 1949579.739447355, 968911.3620295593 1949577.3368521354, 968708.1152888773 1949506.4055078675, 968440.6106547869 1949587.4305285467, 968482.3361594344 1949731.3108380258, 968551.7678734532 1950220.9072052524, 968337.7086596608 1950223.4936731535, 968230.6028223594 1950272.0998281946, 968367.8690703231 1950473.5929985703, 968434.0839241409 1950523.8270083435, 968506.6681404096 1950664.210259434, 968553.3426785003 1950677.5003936898, 968592.784276637 1950749.1959542565, 968616.6123497537 1950677.1886598347, 968917.7381564019 1950654.707029493, 969244.7821335642 1950654.715747662, 969664.8900036854 1950726.0340927532))",강동구,명일동,,,,,No Data,,,
11440125,성산동,Seongsan-dong,276,0.000262,0.094812,11440125,1,2026-04-15,마포구,1144012500,성산동,72,72,58,37,10,"POLYGON ((947073.4289520688 1952821.3764578013, 947107.293966861 1952880.87617706, 947268.8427232236 1952721.8308999063, 947234.4811258517 1952664.825085849, 947353.8370200617 1952548.800293957, 947284.6778268495 1952479.334769153, 947370.877211252 1952438.9400284153, 947505.4751985836 1952479.6398636673, 947609.3922677422 1952430.4538315982, 947619.5710627161 1952423.2737995724, 947730.8901869394 1952479.037695225, 947796.0966377149 1952433.8618162484, 947941.1131029836 1952221.750443685, 948013.3588854806 1952160.3365144057, 948152.5291480282 1952409.7381450643, 948496.6272142834 1952209.5812640442, 948497.7022259202 1952209.0763172559, 948504.2409878395 1951900.8243685, 948554.8770952583 1951625.164959226, 948613.6998434234 1951443.4652045649, 948589.3429911779 1951281.7912732589, 948552.6586578252 1951228.351385834, 948447.957479107 1951161.8336525497, 948078.1910268564 1951155.8444486833, 947841.2044536319 1951096.2191277165, 947787.2770073767 1951057.270414797, 947356.0050134442 1951664.1312245447, 947120.0014570096 1951580.478858097, 946631.8744170445 1951334.0631939955, 946532.7044798102 1951373.1933536488, 946581.6826149453 1951544.4298907395, 946588.5728429079 1951691.4325963482, 946550.6838065574 1951800.491314151, 946515.7883341188 1952091.7824578767, 946104.1175183321 1952527.4308815862, 946270.0761462239 1952582.485327089, 946332.395566072 1952789.9644107153, 946477.6316451797 1952831.5792210053, 946543.6895798517 1952757.901683443, 946625.9624418805 1952789.5348264428, 946805.9337439798 1952784.2024307318, 946897.8389104756 1952876.7302939456, 946832.642678048 1953017.6377226498, 946909.4868624354 1953017.2901922732, 947073.4289520688 1952821.3764578013))",마포구,성산동,마포구,성산동,-0.16618245154845754,72.0,Not Sig,0.018073423494050524,0.416,3.0
11110184,부암동,Buam-dong,190,0.000158,0.068082,11110184,1,2026-04-15,종로구,1111018400,부암동,9,8,6,3,2,"POLYGON ((953852.7626007545 1955598.6153664205, 953809.0788877521 1955517.3719682011, 953703.5884529415 1955309.7147012574, 953668.7884594711 1955168.7895071318, 953621.532433883 1955144.2320847746, 953529.7406249854 1955004.6046042403, 953380.7090205427 1955072.5165456363, 953283.2259305881 1955073.1823172919, 953117.9846976884 1955017.1314463264, 953040.6249146551 1955042.9066017293, 952911.6957070399 1954974.9235631034, 952887.1558787334 1954853.6575759533, 952732.7864034219 1954753.7887189505, 952691.2544502584 1954644.2325682503, 952697.9719428273 1954541.794908894, 952537.4803205173 1954318.3176564488, 952452.6705636305 1954268.582108282, 952253.6492628283 1954215.643039581, 952132.5913638086 1954095.0933518796, 952101.5428246347 1954208.6405457626, 952091.1831257334 1954505.5864492715, 952136.6101763308 1954811.5893969256, 952111.2775921944 1955041.2904706227, 952202.0736836188 1955113.3788984122, 952247.6790842006 1955207.5437855935, 952218.0266568961 1955355.6813140376, 952327.4661800894 1955415.0824252681, 952358.6639138919 1955478.395982734, 952370.3237582765 1955632.8128514453, 952436.4657606503 1955700.2220613682, 952597.8393953309 1955645.855223208, 952803.4773400391 1955656.7639989504, 952818.4043903092 1955773.4893924617, 952773.669507958 1955834.2993242936, 952769.5158370896 1955954.9672609444, 952819.3408582173 1955970.386492061, 952892.095781988 1955889.154250025, 952995.4353519547 1955935.1231408804, 953133.5604689475 1955820.275753006, 953312.5770132735 1955839.1391730655, 953419.6050049341 1955773.9767555424, 953623.5605065619 1955688.8141755315, 953762.8513486033 1955680.90134084, 953852.7626007545 1955598.6153664205))",종로구,부암동,종로구,부암동,2.8903700367724245,8.0,Not Sig,0.10457496403580069,0.364,1.0
11650101,방배동,Bangbae-dong,306,0.000681,0.123746,11650101,1,2026-04-15,서초구,1165010100,방배동,22,22,19,13,1,"POLYGON ((955827.5605802375 1943736.0476467318, 955788.3472462635 1943708.5723570834, 955785.0619193328 1943554.883354636, 955843.3962270835 1943503.7320865397, 955836.2117581958 1943372.604069184, 955919.2669272709 1943183.2416138325, 955819.2183687703 1943050.3083186697, 955873.0533518574 1942911.3193130596, 955868.0163895279 1942820.3445406787, 955950.2047218838 1942771.137211458, 955992.956549311 1942680.4799110356, 956191.0576910775 1942727.2696717372, 956415.4171560919 1942135.7040493295, 956519.9143502797 1941986.270064573, 956684.0853883943 1941593.6494879497, 956581.9534633572 1941439.567089222, 956512.3205651386 1941468.1662352802, 956279.0245494015 1941338.3414437103, 956185.0007356183 1941232.0236612782, 956112.1349291755 1941061.2284034006, 956028.5658698096 1940995.5805244744, 955918.213672399 1941018.1854582096, 955828.8396163203 1940989.7954133174, 955678.8729585498 1941009.5801067227, 955499.5025308639 1940992.5992994143, 955453.1697930787 1940941.3663364197, 955486.3703344179 1940738.1839721554, 955552.1558397484 1940616.7940843494, 955497.8068714095 1940415.8239175824, 955278.360432839 1940366.8480855448, 955195.686067633 1940375.561482018, 955133.1472768767 1940248.098510875, 955048.659890477 1940267.973769632, 954897.3370457202 1940151.6303647924, 954852.9467973761 1940047.5632080405, 954776.3827498918 1940008.3887115053, 954694.0824886239 1940170.9131001388, 954679.6449733316 1940286.6617301267, 954753.7915483178 1940655.6885766583, 954719.272042081 1940870.438218153, 954661.4719373096 1941057.802511677, 954490.1272361266 1941240.046178271, 954303.1422372002 1941503.1311761767, 954212.9944073936 1941737.4921668407, 954173.3969979713 1942049.2101235026, 954173.0518240682 1942120.3637323752, 954236.1980540579 1943381.1076321986, 954264.2681858066 1943551.60275475, 954279.6645795967 1943837.0579282332, 954295.1091903575 1944318.8380817873, 954514.3202606777 1944635.7714440627, 954603.1241954413 1944529.4745635667, 954682.2286491324 1944496.6353077663, 954810.5259710279 1944521.068265633, 954874.6423557327 1944426.4955919257, 954973.1314849346 1944423.3361864008, 955046.3332720007 1944341.62562317, 955169.4532599829 1944289.2503613143, 955221.0127458154 1944208.7807096527, 955340.4096559914 1944186.985838601, 955416.8956738096 1943991.341348919, 955513.3677865964 1943998.2184997452, 955661.4684395965 1943914.4414658465, 955785.4682721087 1943872.2304274028, 955827.5605802375 1943736.0476467318))",서초구,방배동,서초구,방배동,-0.7811705434028674,22.0,Not Sig,-0.026017684420919493,0.403,2.0
11410111,홍제동,Hongje-dong,310,0.000321,0.088437,11410111,0,,,11410111,홍제동,0,0,0,0,0,"POLYGON ((952011.171467155 1955640.1603810675, 952160.6551354071 1955554.3787101435, 952218.0266568961 1955355.6813140376, 952247.6790842006 1955207.5437855935, 952202.0736836188 1955113.3788984122, 952111.2775921944 1955041.2904706227, 952136.6101763308 1954811.5893969256, 952091.1831257334 1954505.5864492715, 952101.5428246347 1954208.6405457626, 952132.5913638086 1954095.0933518796, 952145.7720338043 1953997.0066395712, 952107.9428605436 1953789.8298881808, 952159.9747593189 1953669.6365146618, 952076.7201572083 1953579.2345543462, 952074.4400089503 1953520.2279991654, 951939.7606394752 1953506.0148818465, 951752.036871099 1953403.3863466142, 951631.776063481 1953255.5990516664, 951405.5284430628 1953072.6478278115, 951343.3566929351 1953070.7118056917, 951253.706259209 1953089.6162673815, 951190.3477477471 1953196.1916363316, 951059.1498821238 1953253.6391545814, 950933.7896303069 1953327.7507959018, 950897.8587445826 1953579.0601332902, 950719.45865713 1953665.4155910877, 950686.942124748 1953804.5862525331, 950735.0533741073 1953987.661899845, 950638.933061478 1953978.7720801304, 950506.1088920125 1954011.9605914091, 950317.0944967736 1953838.9727738604, 950205.119060788 1954019.7259075209, 950159.8822693703 1954197.7517171765, 950194.6357650731 1954375.2269332265, 950274.1540828054 1954525.5852649692, 950482.0097416921 1954626.6750758719, 950750.873948486 1954840.9106934033, 950894.8538864935 1954893.0188722387, 951013.9304326839 1954906.3401928658, 951176.8773877991 1955151.7488432545, 951176.9208140561 1955265.8428461826, 951132.6291583363 1955429.9783201737, 951145.8234793277 1955508.8207133722, 951243.2409336771 1955598.1998250312, 951435.514539456 1955541.1462064204, 951564.4780580789 1955314.6326020223, 951715.5221385409 1955389.5109431932, 951780.290964194 1955382.3254262197, 951934.3919816758 1955298.3954802945, 951979.720648672 1955331.1339360718, 952011.171467155 1955640.1603810675))",서대문구,홍제동,,,,,No Data,,,
11680110,압구정동,Apgujeong-dong,217,0.000274,0.083199,11680110,0,,,11680110,압구정동,0,0,0,0,0,"POLYGON ((959936.3563570178 1948389.4610186883, 959832.9297929443 1947971.3601746606, 959796.2881827581 1947986.513953567, 959689.019861689 1947623.3767099136, 959418.6269969168 1947711.5065494692, 959036.5404394019 1947835.8577163587, 959021.7244269402 1947840.463604838, 958884.7068467026 1947864.3831829068, 958641.6500864625 1947827.6240192698, 958530.9037193164 1947772.7918794255, 957393.895405591 1947055.7138177808, 957316.4937698941 1947190.8681529518, 957166.1820643961 1947394.107143734, 957265.433334416 1947521.7999226414, 956924.4004278597 1947931.206953795, 957152.3421244314 1948201.9520441229, 957367.1236275939 1948407.237719246, 957698.1101104912 1948608.5820085823, 958990.8683438862 1948604.2652290356, 959378.2399194643 1948594.9750326008, 959891.6594470375 1948424.599709056, 959936.3563570178 1948389.4610186883))",강남구,압구정동,,,,,No Data,,,
11350102,월계동,Wolgye-dong,312,0.000438,0.094448,11350102,0,,,11350102,월계동,0,0,0,0,0,"POLYGON ((960810.1536480408 1960221.0321589666, 960982.8161666295 1959985.7948306634, 960991.7668150556 1959951.6212070228, 961114.4686401099 1959782.8548024266, 961206.7201763252 1959611.1528057917, 961510.5703427631 1959331.1368150264, 961564.4143230534 1959114.0232842301, 961569.4898179336 1958878.9635223344, 961623.5172589072 1958809.4748025006, 961947.1990860559 1958514.477958157, 962013.1340706446 1958407.1986215755, 962119.3003582846 1958052.0187737383, 962126.5638908737 1957945.746156569, 962081.7771762413 1957830.4204394906, 962069.1798342858 1957422.2120657815, 962066.5390708034 1957416.014622418, 962022.5066810971 1957452.5816585813, 961597.9131384097 1957348.5974849535, 961458.9391396969 1957294.201634008, 961440.9898738242 1957297.2316006508, 961378.9999430603 1957305.9242159827, 961348.4512441021 1957311.9426003457, 961324.256434372 1957319.4756085533, 961298.835708632 1957334.8546702375, 961267.6517002208 1957366.3354648696, 961265.6291076936 1957368.9202478034, 961255.6622678064 1957387.3440705552, 961252.8556035609 1957392.5502326326, 961252.6585593701 1957392.896979377, 961251.9429096018 1957394.2419107007, 961251.6083462302 1957394.8873072094, 961248.2647631433 1957401.5337584254, 961247.2097005434 1957404.0151657602, 961244.9178380633 1957409.4267284505, 961240.4456589108 1957420.1325057768, 961228.6433830229 1957449.6822829163, 961124.8230809167 1957520.437029919, 961112.8626511348 1957528.528472076, 961080.8292370366 1957550.7345045905, 961070.6147966825 1957559.0415890147, 961069.9313607165 1957559.6073077621, 961035.2288617005 1957588.0877556768, 961032.6837734311 1957590.0017112733, 961022.7672656111 1957597.1409461033, 961001.0577891592 1957612.7783031545, 960952.3610996353 1957646.012338564, 960952.1997456788 1957646.11927654, 960920.5474142362 1957680.8229040634, 960910.3497700238 1957694.0616484724, 960836.9644363578 1957785.085127647, 960830.0787883261 1957792.7744430983, 960779.5848052517 1957840.488558642, 960743.5565619823 1957864.669534691, 960737.3512735758 1957868.5713720124, 960678.3901867723 1957910.7198239944, 960659.1783009917 1957932.3647467417, 960651.7479614883 1957940.716834145, 960648.562579683 1957944.5145262263, 960614.2225534652 1957991.586120812, 960504.9786298093 1958138.1931738823, 960473.3807148723 1958173.5814334298, 960477.0961083814 1958183.0584404024, 960268.6884087115 1958408.5208177064, 960173.6966764672 1958583.5266145607, 960033.9342442466 1958771.106447597, 959802.467384705 1958916.6499081678, 959642.1617971228 1959098.121934246, 959559.6750156621 1959211.1058990043, 959661.4789836308 1959347.1527041434, 959760.1673608118 1959433.2312870282, 959856.2716513271 1959697.5502113318, 959859.8625973321 1959789.236017949, 959946.3026972116 1959923.4416148134, 960014.7680414977 1960123.3816266956, 960011.2623215971 1960291.3352799476, 960105.6512984222 1960310.963062242, 960216.4046446885 1960392.8931822586, 960277.4761753795 1960544.0638875028, 960363.4230448602 1960576.2343623864, 960333.9155342049 1960665.5971989145, 960422.3957970197 1960688.0650875703, 960514.5819739788 1960426.721106304, 960562.8933319948 1960338.7795967234, 960717.4719075769 1960167.3208046125, 960810.1536480408 1960221.0321589666))",노원구,월계동,,,,,No Data,,,
11440102,공덕동,Gongdeok-dong,279,7.6e-05,0.050988,11440102,1,2026-04-15,마포구,1144010200,공덕동,28,26,26,13,5,"POLYGON ((952510.8583254628 1950377.4791649554, 952646.5652324108 1950182.443919901, 952605.3863206168 1950061.8236993225, 952596.5958274943 1950058.4749677598, 952395.97625968 1949923.8227654984, 952311.8340129805 1949808.4166219141, 952234.926997308 1949767.0758361376, 952228.427076469 1949819.6355604562, 952024.5144988061 1949994.2501783546, 951904.597221345 1949780.3100651691, 951825.3085219607 1949678.4517559512, 951583.7991298684 1949423.4757453846, 951378.2289686825 1949538.802497822, 951167.2616310214 1949657.188088128, 951283.9354096047 1949762.7799585257, 951415.1724545779 1949950.2660826817, 951350.2230682133 1950175.1946021938, 951378.266553357 1950277.799823529, 951467.6288090912 1950424.951910732, 951659.697441196 1950366.5352773683, 951675.2243065718 1950306.360200681, 951847.153994011 1950237.5387308893, 951913.2855709272 1950339.3815670644, 952055.1491507397 1950284.649540928, 952124.0595421075 1950379.7622546793, 952176.6423484453 1950352.9141285715, 952329.66727655 1950401.8087236602, 952407.8195699769 1950327.6385579584, 952510.8583254628 1950377.4791649554))",마포구,공덕동,마포구,공덕동,-0.6669660557058328,26.0,Not Sig,0.000758908868166883,0.476,3.0
11410118,홍은동,Hongeun-dong,283,0.000375,0.126839,11410118,0,,,11410118,홍은동,0,0,0,0,0,"POLYGON ((952011.171467155 1955640.1603810675, 951979.720648672 1955331.1339360718, 951934.3919816758 1955298.3954802945, 951780.290964194 1955382.3254262197, 951715.5221385409 1955389.5109431932, 951564.4780580789 1955314.6326020223, 951435.514539456 1955541.1462064204, 951243.2409336771 1955598.1998250312, 951145.8234793277 1955508.8207133722, 951132.6291583363 1955429.9783201737, 951176.9208140561 1955265.8428461826, 951176.8773877991 1955151.7488432545, 951013.9304326839 1954906.3401928658, 950894.8538864935 1954893.0188722387, 950750.873948486 1954840.9106934033, 950482.0097416921 1954626.6750758719, 950274.1540828054 1954525.5852649692, 950194.6357650731 1954375.2269332265, 950159.8822693703 1954197.7517171765, 950205.119060788 1954019.7259075209, 950317.0944967736 1953838.9727738604, 950336.1983751818 1953734.1340804675, 950269.2983844783 1953581.1243229245, 949775.9970326067 1953347.9726517124, 949487.7012290894 1953172.2638161692, 949424.8718864672 1953119.1425874277, 949247.3848789881 1953505.266900569, 949213.5741048533 1953825.5946648833, 949143.9794381049 1953985.310764249, 949091.529658849 1953997.153243069, 949038.212302628 1954176.9051758486, 949116.5868909841 1954240.5669519664, 949135.348084155 1954345.5815489958, 949352.5633009446 1954365.623026567, 949501.8507376065 1954486.4171482201, 949467.7536656758 1954598.2778146416, 949483.460735405 1954840.3909438346, 949552.1978498446 1954917.5643713002, 949704.645060193 1955169.0170651027, 949799.01869583 1955221.0014950128, 949930.7134168947 1955363.0780458422, 950083.0741003014 1955397.789902597, 950350.7668628412 1955533.2789537744, 950447.5179542399 1955492.379769067, 950453.8392446978 1955494.190853154, 950517.9323596832 1955531.4175707512, 950539.7470922567 1955544.2710627352, 950645.8032450231 1955625.6297365834, 950691.6853077499 1955842.8475970358, 950555.9140071865 1955976.0312264964, 950567.3861200751 1956109.6381055894, 950680.7572075587 1956115.46369609, 950760.3796635619 1956315.5471488875, 950895.9433647264 1956325.9691656178, 950903.5934819311 1956455.3864784818, 951122.2697147232 1956585.2854839484, 951196.6318718679 1956667.3730396212, 951296.6663878597 1956720.460473559, 951380.5877603715 1956851.3705395532, 951490.6080247354 1956941.0150250595, 951486.9288508713 1956773.616821796, 951510.0046614544 1956690.457238147, 951584.9731056779 1956651.683850003, 951684.6049008456 1956500.389767551, 951695.00665714 1956417.8984807117, 951802.3377427078 1956292.1843415862, 951663.0673505801 1956036.6827406208, 951670.7773377756 1955941.9648926638, 951748.9188999257 1955780.0012852608, 951720.2053544174 1955658.8205875466, 951751.7096998197 1955602.2616829425, 951882.5089490475 1955683.9463402238, 952011.171467155 1955640.1603810675))",서대문구,홍은동,,,,,No Data,,,
11440127,상암동,Sangam-dong,287,0.000855,0.15406,11440127,1,2026-04-15,마포구,1144012700,상암동,33,33,32,6,2,"POLYGON ((947205.2010748422 1953126.8473052995, 947205.5895411089 1953126.502219183, 947167.3524162532 1953089.7027170677, 947071.8621176241 1952888.6012526136, 947073.4289520688 1952821.3764578013, 946909.4868624354 1953017.2901922732, 946832.642678048 1953017.6377226498, 946897.8389104756 1952876.7302939456, 946805.9337439798 1952784.2024307318, 946625.9624418805 1952789.5348264428, 946543.6895798517 1952757.901683443, 946477.6316451797 1952831.5792210053, 946332.395566072 1952789.9644107153, 946270.0761462239 1952582.485327089, 946104.1175183321 1952527.4308815862, 946515.7883341188 1952091.7824578767, 946550.6838065574 1951800.491314151, 946588.5728429079 1951691.4325963482, 946581.6826149453 1951544.4298907395, 946532.7044798102 1951373.1933536488, 946631.8744170445 1951334.0631939955, 946605.0783390009 1951291.5186703217, 946484.9281836337 1951292.0522857094, 946280.5459676499 1950893.4049978105, 945954.9928707855 1950504.1018105368, 945841.1413801238 1950593.2238654082, 945281.6699615902 1950949.5363154227, 944729.3789012695 1951310.0557004372, 944278.6859033479 1951588.5705946553, 944034.8716478654 1951710.7723338099, 943749.3932431893 1951928.449846771, 943137.1181724141 1952425.9335064103, 943045.0781581188 1952516.9714906744, 942923.538996812 1952687.8541956018, 942924.7844521098 1952910.741378239, 943425.0493255123 1953031.229861297, 943426.0433000093 1953067.332422647, 943926.4201463033 1953311.5173230944, 944229.9890073343 1953314.8240897548, 944426.6300746365 1953367.5061981406, 944719.6820852342 1953395.7029019697, 944926.7955033294 1953383.724393966, 945049.077625323 1953556.4060650812, 945030.8234907073 1953655.4105089186, 944964.5738693569 1953724.6059907773, 944999.4774364425 1953829.3683945134, 945004.6888175423 1954120.2327161117, 945045.9364893774 1954277.5495121249, 945186.813145753 1954334.7419792626, 945204.0822826871 1954424.6451314029, 945295.9766306037 1954637.276790703, 945447.5602481884 1954778.9585656133, 945784.3048274193 1954359.2228638786, 946031.319330231 1954104.8542119332, 946805.764667214 1953472.3804787558, 947205.2010748422 1953126.8473052995))",마포구,상암동,마포구,상암동,-0.26708489197740715,33.0,Not Sig,0.057292485001245105,0.281,3.0
11410105,냉천동,Naengcheon-dong,288,1.2e-05,0.022823,11410105,0,,,11410105,냉천동,0,0,0,0,0,"POLYGON ((952805.475813308 1952084.406898644, 952817.5244522977 1952069.184233376, 952782.018221585 1952020.3810049722, 952567.6338686495 1952007.8753906945, 952491.3745746188 1951930.1110036187, 952387.1750518883 1951907.7544965711, 952221.292771236 1951921.4027959208, 952161.5590330253 1952014.7698525325, 952258.4703063279 1952020.0016571567, 952434.8628233202 1952158.3468480145, 952476.2347874728 1952221.2955112606, 952589.3294049012 1952193.2023203627, 952660.8980622712 1952252.5231445886, 952570.2720560838 1952365.2824484801, 952557.2124822919 1952383.0171634897, 952571.8118978024 1952393.347475942, 952572.0451162534 1952393.128905136, 952805.475813308 1952084.406898644))",서대문구,냉천동,,,,,No Data,,,
11410114,신촌동,Sinchon-dong,290,8.8e-05,0.064991,11410114,0,,,11410114,신촌동,0,0,0,0,0,"MULTIPOLYGON (((951389.4310572015 1951949.3192896477, 951197.9235640075 1952026.6966023454, 951156.6121557927 1952206.801310827, 951285.8493082909 1952306.643853753, 951523.6801527169 1952538.314813328, 951586.107201767 1952477.9762670633, 951579.752109545 1952364.5659455284, 951448.543539845 1952105.6492474263, 951389.4310572015 1951949.3192896477)), ((951043.4065416616 1952342.67278177, 950966.3687923169 1952312.6959444545, 951056.2567724992 1952067.0833407878, 951057.2655208615 1951983.1173301828, 950967.6513054156 1951973.4275510074, 950937.4386249256 1952057.889601245, 950836.6672174545 1952102.597458465, 950758.3008731738 1952017.655854287, 950830.6602865554 1951776.6717204817, 950770.677885188 1951633.2709799805, 950582.9940113024 1951492.1585053827, 950578.6211759258 1951364.7569537822, 950843.7751084989 1951385.6768813755, 950816.6850026804 1951267.1709316426, 950595.799205043 1951257.7088913205, 950468.4275296757 1951330.7150874543, 950303.5238787206 1951296.6898170933, 950103.6740025756 1951481.7779764088, 950142.5429711343 1951634.1452919827, 950098.9723088387 1951675.2336733367, 950084.8827143067 1951825.0266623131, 950189.4826028666 1951946.627153097, 950182.6830303716 1952048.932687372, 950301.0957269759 1952237.218934063, 950398.429226298 1952258.241291379, 950421.6384633519 1952348.8015233101, 950696.0189638732 1952481.2540029176, 950797.6427116228 1952473.470607715, 950849.6393149613 1952544.6856486374, 950921.9415718613 1952479.1461479585, 951020.5576177336 1952446.931408886, 951043.4065416616 1952342.67278177)))",서대문구,신촌동,,,,,No Data,,,
11410120,남가좌동,Namgajwa-dong,293,0.000131,0.064013,11410120,0,,,11410120,남가좌동,0,0,0,0,0,"POLYGON ((949424.8718864672 1953119.1425874277, 949428.1263055806 1953080.2675226154, 949202.5412887471 1952914.6791132377, 949124.7247694705 1952813.2300224174, 949003.250817355 1952766.2380074568, 948796.998939159 1952579.0903903581, 948666.5475887774 1952369.819829485, 948496.6272142834 1952209.5812640442, 948152.5291480282 1952409.7381450643, 947882.2306015075 1952565.9329901761, 947876.0060902633 1952611.6925399639, 947970.9835034749 1952724.663964164, 948257.8070431926 1952946.958292319, 948364.6284198582 1952974.8973148712, 948341.1449547558 1953049.9317701254, 948363.8838683703 1953241.4619964783, 948442.3071791927 1953468.6125620294, 948530.3048159522 1953481.0991519482, 948620.7005318105 1953614.2636564877, 948734.9906887909 1953605.1496180657, 948796.2633425187 1953668.6955841072, 948928.9163750572 1953668.5745278096, 948867.8115880038 1953885.8999136614, 948946.8541394002 1953942.6656860276, 948956.1894995195 1954079.0698224031, 949038.212302628 1954176.9051758486, 949091.529658849 1953997.153243069, 949143.9794381049 1953985.310764249, 949213.5741048533 1953825.5946648833, 949247.3848789881 1953505.266900569, 949424.8718864672 1953119.1425874277))",서대문구,남가좌동,,,,,No Data,,,
11440120,서교동,Seogyo-dong,296,0.000118,0.058547,11440120,1,2026-04-15,마포구,1144012000,서교동,219,219,208,127,19,"POLYGON ((948552.6586578252 1951228.351385834, 948666.8116267198 1951067.5528364966, 948989.1721923844 1950718.160742416, 949084.3706147391 1950835.3716045145, 949189.3500349348 1950916.3351078378, 949399.4098960642 1950985.6433967552, 949605.8411528054 1950896.2332665788, 949763.4891704115 1950779.1496685857, 949770.6832281897 1950739.1689953278, 949671.5688408418 1950743.9504474546, 949548.4056116266 1950631.8969121526, 949379.7996184127 1950582.8262498493, 949262.3443363366 1950585.9345638116, 949138.218878325 1950491.7313101916, 949144.2266093608 1950338.5128987608, 948937.3144631522 1950133.0262437698, 948787.5083972097 1950045.7236860902, 948657.2759985282 1950056.8059568442, 948334.0322826512 1950143.1107241209, 948270.7037606331 1950211.7816749073, 948296.8329138814 1950296.2228493555, 948147.1465666805 1950456.3670108598, 948097.8813011996 1950444.7434157922, 948037.5585085048 1950700.7526834055, 947787.2770073767 1951057.270414797, 947841.2044536319 1951096.2191277165, 948078.1910268564 1951155.8444486833, 948447.957479107 1951161.8336525497, 948552.6586578252 1951228.351385834))",마포구,서교동,마포구,서교동,-0.01950670322666567,219.0,Not Sig,-0.003739772215961635,0.441,2.0
11650104,원지동,Wonji-dong,301,0.000522,0.104542,11650104,0,,,11650104,원지동,0,0,0,0,0,"POLYGON ((961174.4174659742 1936850.1997547192, 961069.4643110518 1936804.508869684, 960902.3669064718 1936854.2970985477, 960513.7674610354 1936741.2100419668, 960379.5583952668 1936671.1647586718, 960308.1564018315 1936766.999242951, 960151.3401467132 1936886.6221018033, 959956.011616416 1936935.4353523508, 959943.9960128319 1937083.9618580174, 959883.4412279126 1937151.944605529, 959863.9953954848 1937240.3425235578, 959743.8656381103 1937285.2872245854, 959676.8142991012 1937419.5853967902, 959541.3561676363 1937566.267762933, 959435.3161628528 1937648.5410132273, 959404.4942017961 1937721.825654597, 959312.9673885116 1937774.1782153687, 959048.9322160657 1937779.6723714333, 958917.1596546739 1937861.1965345826, 958882.6052097192 1938076.3528814244, 958994.434287102 1938174.6291638885, 959088.2118130516 1938333.2567117382, 959155.395277949 1938545.2236809288, 959153.600127951 1938620.516249074, 959069.7477400107 1938686.337245873, 959094.8223401771 1938787.48055339, 959062.2587575503 1938859.59898917, 959114.8140626992 1939015.6353128941, 958997.9156611735 1939246.826932721, 959057.8495298082 1939291.3110358587, 959032.2582091108 1939366.513653436, 959069.7885575143 1939468.0408557334, 959203.8441261894 1939569.376449737, 959161.5042659595 1939742.2737104252, 959241.2043265856 1939859.3888623847, 959252.5060172505 1939993.413811689, 959379.0497825986 1940209.2085116196, 959508.3499611088 1940357.4883878932, 959695.1558090213 1940367.4943067278, 959801.3602176186 1940330.4384973468, 959850.352835472 1940144.2545412777, 959922.4576915805 1939992.1363452566, 960165.8216300558 1939714.857302078, 960262.7886222055 1939491.0509363583, 960247.0110936662 1939388.36598531, 960285.4988550274 1939290.4999149088, 960455.9354346778 1939112.467358462, 960507.8462030111 1938980.43421228, 960665.8582839959 1938801.7493485992, 960727.2206837881 1938701.4835772708, 960791.0598852171 1938680.3719694042, 960823.9655836379 1938586.9422735574, 960937.2713243619 1938440.5175067992, 960956.3617163089 1938294.0984246512, 961082.2753898266 1938067.9295111327, 961130.8902812136 1938045.9464329327, 961316.8801519456 1937845.8292467145, 961389.643932476 1937727.1840700307, 961427.3198278092 1937490.2269008746, 961372.6919289252 1937344.689639269, 961384.4213545236 1937284.2438237814, 961252.2217233618 1937185.382543097, 961246.879675299 1936971.0147771025, 961174.4174659742 1936850.1997547192))",서초구,원지동,,,,,No Data,,,
11140173,만리동1가,Malli-dong 1(il)-ga,194,7e-06,0.013403,11140173,1,2026-04-15,중구,1114017300,만리동1가,10,9,7,3,3,"POLYGON ((953121.8202785755 1950964.3633993512, 953117.4054228032 1950834.288039894, 952889.7381207079 1950698.590788995, 952878.9696134799 1950846.7562765528, 952725.0817780697 1950948.5338438074, 952835.1695707085 1951019.0268138607, 953121.8202785755 1950964.3633993512))",중구,만리동1가,,,,,No Data,,,
11140147,쌍림동,Ssangnim-dong,195,8e-06,0.016441,11140147,1,2026-04-15,중구,1114014700,쌍림동,6,5,2,1,0,"POLYGON ((956107.1411374452 1951840.8816437055, 956190.765903612 1951835.9639413957, 956322.0694387247 1951732.6522047578, 956434.4634534491 1951739.7953400398, 956428.9147669838 1951717.0445189239, 956398.7181749835 1951673.852283562, 956394.604459115 1951521.1857681025, 956267.5967208099 1951579.002376301, 956063.7846955351 1951569.747581699, 956054.6726289077 1951647.6603606883, 956055.1956929027 1951910.2474354887, 956076.6997663007 1951891.7701416367, 956107.1411374452 1951840.8816437055))",중구,쌍림동,중구,쌍림동,-0.6133732054008881,5.0,Not Sig,0.0681773757983804,0.383,3.0
11140105,을지로2가,Euljiro 2(i)-ga,197,1.1e-05,0.021418,11140105,1,2026-04-15,중구,1114010500,을지로2가,8,8,5,3,1,"POLYGON ((954581.4093857775 1952083.3810958778, 954821.2546268984 1952052.4223110192, 954934.5875528569 1952056.0721846267, 954945.1192528496 1951917.0279610523, 954838.9581944234 1951890.0708094887, 954685.0513048474 1951902.481297037, 954655.3340786252 1951856.7436155349, 954462.1537156726 1951808.6582891645, 954314.7009840313 1951797.409653408, 954351.0307294294 1951967.963998185, 954351.8932181243 1951992.77042586, 954353.3427077265 1952054.550072178, 954471.8552796787 1952087.3097346618, 954581.4093857775 1952083.3810958778))",중구,을지로2가,중구,을지로2가,-2.358658710237769,1.0,LH,-0.8276823835619819,0.046,2.0
11140160,인현동1가,Inhyeon-dong 1(il)-ga,192,4e-06,0.012925,11140160,1,2026-04-15,중구,1114016000,인현동1가,6,6,4,4,2,"POLYGON ((955343.4789833516 1951639.9153721908, 955272.1018218386 1951645.3090169288, 955233.8284087742 1951680.0630674914, 955268.0063007136 1951745.421551092, 955257.4083818493 1951863.1604391448, 955314.9523423666 1951961.9226234425, 955384.6531949326 1951978.802072263, 955494.7605838723 1951941.4326629366, 955407.4226248828 1951866.5224979355, 955343.4789833516 1951639.9153721908))",중구,인현동1가,,,,,No Data,,,
11110185,홍지동,Hongji-dong,255,3.7e-05,0.031403,11110185,1,2026-04-15,종로구,1111018500,홍지동,8,8,5,5,3,"POLYGON ((952176.8831798007 1956149.9183193045, 952190.5889830875 1955968.351526256, 952261.9889646502 1955932.763883605, 952316.6488493646 1955804.898498575, 952436.4657606503 1955700.2220613682, 952370.3237582765 1955632.8128514453, 952358.6639138919 1955478.395982734, 952327.4661800894 1955415.0824252681, 952218.0266568961 1955355.6813140376, 952160.6551354071 1955554.3787101435, 952011.171467155 1955640.1603810675, 951882.5089490475 1955683.9463402238, 951751.7096998197 1955602.2616829425, 951720.2053544174 1955658.8205875466, 951748.9188999257 1955780.0012852608, 951670.7773377756 1955941.9648926638, 951663.0673505801 1956036.6827406208, 951802.3377427078 1956292.1843415862, 951869.9283012741 1956262.583926216, 951980.3084546936 1956152.5142485308, 952113.0742992458 1956200.123533252, 952176.8831798007 1956149.9183193045))",종로구,홍지동,종로구,홍지동,1.080150873617968,8.0,Not Sig,-0.010756943382734448,0.495,4.0
11440108,대흥동,Daeheung-dong,258,6.3e-05,0.047941,11440108,1,2026-04-15,마포구,1144010800,대흥동,21,21,19,13,5,"POLYGON ((950876.9802183827 1949441.8040100331, 950835.0512887371 1949436.4120123358, 950699.2430403457 1949537.4290010962, 950526.5995851293 1949538.7551209144, 950410.6865770675 1949567.3263602906, 950410.6896163687 1949567.332333379, 950492.8626831785 1949804.0654450168, 950549.1568189214 1949838.228378434, 950515.2353885674 1949948.681294527, 950573.1220721966 1950036.3195609725, 950593.1633203083 1950239.0132836245, 950547.5086855411 1950322.7374848912, 950598.2070128851 1950488.748572541, 950702.269213989 1950552.74240259, 950749.6095960917 1950648.2320121825, 950844.3287253892 1950639.5590012893, 950876.4474096358 1950751.1271862308, 950749.2488836504 1950783.919263917, 950798.2197696397 1950850.1522296742, 950794.0906074138 1950955.4592745628, 951115.3479322413 1950977.0722358879, 951119.0101224276 1950560.6055444516, 951149.3085126751 1950491.3542666298, 951122.9390391947 1950304.2421840066, 951058.622780246 1950163.8139065169, 950976.4941509636 1950165.8215665359, 950868.8559776443 1949924.8177803273, 950935.5925413183 1949750.8107450032, 950931.2486069519 1949678.6091209827, 951021.2775589421 1949604.9398892343, 950876.9802183827 1949441.8040100331))",마포구,대흥동,마포구,대흥동,1.769368190950476,21.0,Not Sig,-0.15001713854864487,0.254,4.0
11140122,회현동2가,Hoehyeon-dong 2(i)-ga,181,7e-06,0.01346,11140122,1,2026-04-15,중구,1114012200,회현동2가,14,10,10,4,2,"POLYGON ((954411.692255663 1951231.9395735199, 954442.8714164767 1951049.8160439243, 954376.9072637373 1950912.4288499854, 954298.3161960578 1950970.402866634, 954292.047159791 1951131.6303432093, 954184.9123877735 1951304.5701427714, 954264.0391258667 1951375.9601901665, 954375.4633943796 1951386.323679346, 954411.692255663 1951231.9395735199))",중구,회현동2가,,,,,No Data,,,
11410101,충정로2가,Chungjeongno 2(i)-ga,260,1.3e-05,0.020984,11410101,0,,,11410101,충정로2가,0,0,0,0,0,"POLYGON ((952904.061815714 1951962.5350763383, 952928.6818113779 1951928.4466540385, 952928.7900837449 1951928.290267983, 952859.682966326 1951874.3716805435, 952855.9252098594 1951875.422629091, 952864.4337654139 1951775.879293236, 952797.6626891326 1951671.2882224608, 952489.8518326016 1951730.8728295073, 952477.4834082385 1951842.625212314, 952387.1750518883 1951907.7544965711, 952491.3745746188 1951930.1110036187, 952567.6338686495 1952007.8753906945, 952782.018221585 1952020.3810049722, 952817.5244522977 1952069.184233376, 952904.061815714 1951962.5350763383))",서대문구,충정로2가,,,,,No Data,,,
11440115,상수동,Sangsu-dong,282,5.8e-05,0.038757,11440115,1,2026-04-15,마포구,1144011500,상수동,29,29,26,19,2,"POLYGON ((949526.6966723023 1949802.3540416684, 949419.9385821738 1949731.5176189658, 949359.8704420833 1949579.1216781018, 949337.6779558067 1949277.843255255, 948922.6542898777 1949279.959529068, 948924.1804564602 1949593.238707396, 948959.6871432108 1949632.9914126857, 948846.9823521515 1949806.206987057, 948847.3782830146 1949913.931341909, 948774.9070132095 1950010.2466114883, 948787.5083972097 1950045.7236860902, 948937.3144631522 1950133.0262437698, 949144.2266093608 1950338.5128987608, 949138.218878325 1950491.7313101916, 949262.1427712654 1950519.0950980578, 949497.8184258281 1950352.0680158546, 949431.8073863727 1950288.8176723577, 949374.5226765216 1950166.8199891357, 949445.524177107 1949998.66666597, 949424.9478165788 1949883.6985812567, 949526.6966723023 1949802.3540416684))",마포구,상수동,마포구,상수동,1.4171897462185081,29.0,Not Sig,0.032433127911154214,0.407,1.0
11110172,명륜4가,Myeongnyun 4(sa)-ga,174,8e-06,0.012855,11110172,1,2026-04-15,종로구,1111017200,명륜4가,10,8,7,5,3,"POLYGON ((956036.0532833941 1953682.5653259552, 955841.7037764281 1953645.5309883154, 955668.2533517522 1953654.4793263513, 955635.8206714559 1953743.5628294772, 955637.6755682805 1953811.2897228561, 955716.7072255025 1953853.087387115, 955759.8107273924 1953829.980124734, 955977.6402510054 1953922.8602105137, 956006.174615976 1953870.2719191832, 956036.0532833941 1953682.5653259552))",종로구,명륜4가,종로구,명륜4가,3.527465780218801,8.0,Not Sig,-0.12281076595952405,0.426,4.0
11140103,태평로1가,Taepyeongno 1(il)-ga,177,7e-06,0.013366,11140103,1,2026-04-15,중구,1114010300,태평로1가,4,4,4,4,4,"POLYGON ((953871.0207409959 1952343.4471617714, 953895.1686498289 1952332.9980723653, 953943.5586719683 1952114.1918093492, 954009.4954092563 1952078.695071291, 953903.5801940197 1951937.360925077, 953869.8907600574 1951954.6747902906, 953829.7433827105 1952053.0010528883, 953699.569490172 1952167.5453064416, 953697.921136806 1952353.2723478663, 953744.2240918424 1952363.4034532716, 953871.0207409959 1952343.4471617714))",중구,태평로1가,중구,태평로1가,1.6444084301481965,4.0,Not Sig,0.3521576642627013,0.091,1.0
11140159,초동,Cho-dong,178,5e-06,0.014012,11140159,1,2026-04-15,중구,1114015900,초동,6,5,3,3,3,"POLYGON ((955233.8284087742 1951680.0630674914, 955070.8035213097 1951670.8459977473, 955015.0823775575 1951804.1463513414, 955048.862688392 1951901.237985764, 955207.100758449 1951876.5983599839, 955314.9523423666 1951961.9226234425, 955257.4083818493 1951863.1604391448, 955268.0063007136 1951745.421551092, 955233.8284087742 1951680.0630674914))",중구,초동,중구,초동,0.6742166603739264,5.0,Not Sig,0.0008015480620578078,0.463,1.0
11140127,명동2가,Myeong-dong 2(i)-ga,185,1.2e-05,0.021072,11140127,1,2026-04-15,중구,1114012700,명동2가,21,19,16,15,12,"POLYGON ((954873.6734753187 1951604.7267282829, 954818.1063760472 1951535.0400908475, 954720.0437468172 1951561.8264854436, 954509.7628066987 1951530.574714696, 954356.3304735008 1951467.7462144895, 954329.4891290169 1951544.5550505384, 954210.9515273548 1951537.967075658, 954287.3906717376 1951717.7293342627, 954428.7407136959 1951712.1806998022, 954651.0614864752 1951778.0771926555, 954698.590621729 1951787.8841952314, 954816.156546366 1951689.7562911573, 954873.6734753187 1951604.7267282829))",중구,명동2가,,,,,No Data,,,
11620103,남현동,Namhyeon-dong,224,0.000334,0.088767,11620103,0,,,11620103,남현동,0,0,0,0,0,"POLYGON ((954776.3827498918 1940008.3887115053, 954596.8879746115 1939903.5639909708, 954400.0893727322 1939892.793779524, 954267.3072967285 1939862.5998001962, 954223.3725008346 1939759.0290027317, 953992.6344441005 1939733.2246115783, 953876.5816510252 1939743.5822365824, 953812.5419989671 1939684.5055283066, 953531.0498687044 1939598.836634419, 953423.474165458 1939469.0497392733, 953376.2310076496 1939374.4296357217, 953279.3624270601 1939303.4067054424, 953173.3139611298 1939050.5361973678, 953151.2918597102 1939226.1773700956, 953016.0303174572 1939425.7146341195, 952917.8910974921 1939759.3199801175, 952827.5383813388 1939786.290902685, 952854.977262029 1939928.2553657866, 952826.0734146123 1939996.1058640252, 952985.9317623241 1940135.9621704593, 953044.9540627497 1940263.7339822212, 953113.592732989 1940332.0672067981, 953157.4360754268 1940445.7678989384, 953231.877181437 1940524.5380496124, 953369.7290736708 1940608.2892905765, 953432.3591131426 1940610.86214965, 953485.8460262499 1940781.2349910857, 953400.4384931083 1940852.896769266, 953378.2574234272 1940993.9804753629, 953282.2870788742 1941094.715026817, 953236.239255055 1941268.169379357, 953260.9383943037 1941321.8002077402, 953231.1063812448 1941548.4492307403, 953259.149764622 1941715.6644403946, 953203.7946997867 1941796.9975329072, 953185.3147557672 1941926.7804948282, 953518.6709559995 1942016.3030319156, 953884.80192669 1942064.1752056486, 954173.3969979713 1942049.2101235026, 954212.9944073936 1941737.4921668407, 954303.1422372002 1941503.1311761767, 954490.1272361266 1941240.046178271, 954661.4719373096 1941057.802511677, 954719.272042081 1940870.438218153, 954753.7915483178 1940655.6885766583, 954679.6449733316 1940286.6617301267, 954694.0824886239 1940170.9131001388, 954776.3827498918 1940008.3887115053))",관악구,남현동,,,,,No Data,,,
11110179,홍파동,Hongpa-dong,254,4e-06,0.011755,11110179,0,,,11110179,홍파동,0,0,0,0,0,"POLYGON ((952798.2638977583 1952697.3834233729, 952845.5217176315 1952603.355187605, 952758.927790659 1952594.0091413101, 952668.2602314178 1952418.4581317676, 952595.3082325074 1952407.5269455165, 952541.3193708538 1952599.6351835306, 952644.775697629 1952586.6697473566, 952798.2638977583 1952697.3834233729))",종로구,홍파동,,,,,No Data,,,
11410112,대현동,Daehyeon-dong,259,4.8e-05,0.04046,11410112,0,,,11410112,대현동,0,0,0,0,0,"POLYGON ((951389.4310572015 1951949.3192896477, 951352.0693726835 1951894.914570019, 951406.8424549433 1951744.7479891735, 951407.7980789042 1951536.9249057223, 951442.9347666383 1951454.6079816706, 951414.3328237023 1951308.9742795208, 951295.5999174513 1951109.163988791, 951329.7555721424 1950992.150708712, 951115.3479322413 1950977.0722358879, 950794.0906074138 1950955.4592745628, 950634.0465553693 1950939.6604320589, 950606.1665204128 1951031.0752781732, 950687.7430234861 1951041.9906567198, 950680.773850341 1951230.9603789123, 950595.799205043 1951257.7088913205, 950816.6850026804 1951267.1709316426, 950843.7751084989 1951385.6768813755, 950950.6473360575 1951390.456666661, 950984.5604904906 1951492.4991837777, 950917.9680427879 1951557.5467973838, 951038.5518110608 1951629.3364877605, 951124.3157305709 1951783.4336051012, 951197.9235640075 1952026.6966023454, 951389.4310572015 1951949.3192896477))",서대문구,대현동,,,,,No Data,,,
11440118,당인동,Dangin-dong,289,2.1e-05,0.023113,11440118,1,2026-04-15,마포구,1144011800,당인동,13,13,13,12,1,"POLYGON ((948922.6542898777 1949279.959529068, 948510.8353494852 1949282.1148404216, 948508.1079065736 1949445.4130111204, 948467.5988705757 1949507.9922937166, 948608.3348743935 1949637.1953860521, 948696.0207430907 1949799.6255770654, 948774.9070132095 1950010.2466114883, 948847.3782830146 1949913.931341909, 948846.9823521515 1949806.206987057, 948959.6871432108 1949632.9914126857, 948924.1804564602 1949593.238707396, 948922.6542898777 1949279.959529068))",마포구,당인동,마포구,당인동,-0.2621910313945112,13.0,Not Sig,-0.06712726438251217,0.249,2.0
11140174,만리동2가,Malli-dong 2(i)-ga,234,1.5e-05,0.01666,11140174,1,2026-04-15,중구,1114017400,만리동2가,1,1,0,0,0,"POLYGON ((952510.2695017031 1950381.4803402286, 952508.1617294236 1950516.943122336, 952462.4211630992 1950762.6253169163, 952609.1786375664 1950980.7398918509, 952725.0817780697 1950948.5338438074, 952878.9696134799 1950846.7562765528, 952889.7381207079 1950698.590788995, 952809.2215512159 1950668.3392720388, 952510.2695017031 1950381.4803402286))",중구,만리동2가,,,,,No Data,,,
11650107,반포동,Banpo-dong,311,0.000489,0.135066,11650107,1,2026-04-15,서초구,1165010700,반포동,16,16,16,7,0,"POLYGON ((957697.5194609051 1945866.316931666, 957973.128186953 1945130.0991302433, 957617.3524397298 1944996.8994428357, 957452.9039263397 1944972.5579806091, 957553.0743357411 1944634.798679174, 957209.5777719844 1944807.4333266348, 956912.5730577876 1944524.5838034889, 956625.1973923547 1944475.812082929, 956751.4853851892 1944353.82612215, 956579.9123401006 1944285.334393816, 956475.9240216704 1944328.2380733988, 956437.044581532 1944295.5491886372, 956241.2340124015 1944272.9949164756, 956115.6757273459 1944195.5358567948, 956092.7050346939 1944021.2203817372, 955912.6125567658 1943753.7169720477, 955827.5605802375 1943736.0476467318, 955785.4682721087 1943872.2304274028, 955661.4684395965 1943914.4414658465, 955513.3677865964 1943998.2184997452, 955416.8956738096 1943991.341348919, 955340.4096559914 1944186.985838601, 955221.0127458154 1944208.7807096527, 955169.4532599829 1944289.2503613143, 955046.3332720007 1944341.62562317, 954973.1314849346 1944423.3361864008, 954874.6423557327 1944426.4955919257, 954810.5259710279 1944521.068265633, 954682.2286491324 1944496.6353077663, 954603.1241954413 1944529.4745635667, 954514.3202606777 1944635.7714440627, 954417.5317705078 1944730.594758363, 954218.767435348 1944879.5379567028, 954088.0552733497 1944952.1159215074, 954026.4363724962 1945117.443973878, 954076.4249549187 1945162.8518197557, 954078.1880272706 1945379.7817087935, 954255.8769506145 1945378.136157107, 954532.6728278028 1945377.8286866741, 954990.7921910547 1946101.367263048, 955588.5704034695 1946571.6271800357, 955914.3536702826 1946151.968764657, 955615.1185331868 1945967.23770905, 955911.1954421256 1945198.6098844423, 957697.5194609051 1945866.316931666))",서초구,반포동,서초구,반포동,-0.8061792279503577,16.0,Not Sig,-0.08629322760986026,0.249,2.0
11440124,연남동,Yeonnam-dong,298,6.5e-05,0.038917,11440124,1,2026-04-15,마포구,1144012400,연남동,232,232,211,138,43,"POLYGON ((948666.8116267198 1951067.5528364966, 948552.6586578252 1951228.351385834, 948589.3429911779 1951281.7912732589, 948613.6998434234 1951443.4652045649, 948554.8770952583 1951625.164959226, 948504.2409878395 1951900.8243685, 948497.7022259202 1952209.0763172559, 948643.3549176563 1952130.9896465205, 949198.2525953561 1951968.1522371622, 949311.0525880466 1951904.2454114591, 949510.0910557841 1951706.4042140013, 949412.2877053531 1951535.9503076223, 949412.1163363272 1951535.8882218641, 949293.6552241617 1951438.22368489, 949264.7807982556 1951380.1804347245, 949146.4407689555 1951446.3334418435, 949065.6186571375 1951404.762405327, 948666.8116267198 1951067.5528364966))",마포구,연남동,마포구,연남동,0.4090365629003128,232.0,Not Sig,-0.006217271418967306,0.347,4.0
11650108,서초동,Seocho-dong,268,0.000651,0.120059,11650108,1,2026-04-15,서초구,1165010800,서초동,32,32,24,6,0,"POLYGON ((957973.128186953 1945130.0991302433, 958594.7013886778 1943471.1722549552, 958810.8170832809 1942894.5427560608, 958772.1275844602 1942870.2231028588, 958836.7036193466 1942710.8641853966, 958828.8748756826 1942655.1613091584, 958671.8425931785 1942522.9392765157, 958484.2409666443 1942444.9769257677, 958319.5094160228 1942532.3537302301, 958137.6295549083 1942468.9774395693, 958056.2588600395 1942510.0834875111, 957950.4929277448 1942482.4052348651, 957917.7468979832 1942399.947804762, 957809.4772384148 1942319.599664765, 957791.0150816606 1942236.6728327307, 957705.6878821097 1942083.5123093845, 957655.8049249578 1942114.4485552392, 957535.9010748079 1942086.581809496, 957254.2031485888 1941980.0744674953, 957241.0168960916 1941896.1610455888, 957151.207989817 1941856.158227795, 957107.2581545495 1941741.9399004495, 957022.8343781342 1941667.605937536, 956861.2303317947 1941665.645062996, 956684.0853883943 1941593.6494879497, 956519.9143502797 1941986.270064573, 956415.4171560919 1942135.7040493295, 956191.0576910775 1942727.2696717372, 955992.956549311 1942680.4799110356, 955950.2047218838 1942771.137211458, 955868.0163895279 1942820.3445406787, 955873.0533518574 1942911.3193130596, 955819.2183687703 1943050.3083186697, 955919.2669272709 1943183.2416138325, 955836.2117581958 1943372.604069184, 955843.3962270835 1943503.7320865397, 955785.0619193328 1943554.883354636, 955788.3472462635 1943708.5723570834, 955827.5605802375 1943736.0476467318, 955912.6125567658 1943753.7169720477, 956092.7050346939 1944021.2203817372, 956115.6757273459 1944195.5358567948, 956241.2340124015 1944272.9949164756, 956437.044581532 1944295.5491886372, 956475.9240216704 1944328.2380733988, 956579.9123401006 1944285.334393816, 956751.4853851892 1944353.82612215, 956625.1973923547 1944475.812082929, 956912.5730577876 1944524.5838034889, 957209.5777719844 1944807.4333266348, 957553.0743357411 1944634.798679174, 957452.9039263397 1944972.5579806091, 957617.3524397298 1944996.8994428357, 957973.128186953 1945130.0991302433))",서초구,서초동,서초구,서초동,0.9336227272288151,32.0,Not Sig,0.09416438832323555,0.11,1.0
11350106,중계동,Junggye-dong,271,0.000536,0.130238,11350106,0,,,11350106,중계동,0,0,0,0,0,"POLYGON ((964234.5257788385 1960643.5502193074, 964247.3078095992 1960547.9891653953, 964193.7278778149 1960418.3879729968, 963961.7501520241 1960369.19157265, 963882.8372297743 1960247.1518729331, 963725.4020482952 1960230.9125561034, 963646.899040653 1960258.7997520652, 963488.5425230141 1960255.4535092479, 963276.4110153987 1960170.6658560701, 963144.2338581702 1960319.2662031632, 963029.578671754 1960555.408345246, 962922.4188406082 1960614.1121023349, 962829.4904338934 1960613.3125248633, 962771.9399688657 1960780.1503440212, 962658.3663234665 1960829.5666743498, 962650.718430208 1960636.4540851964, 962515.199841642 1960643.141115084, 962440.7910206445 1960843.4285621077, 962133.8273489595 1960731.4731665903, 962227.764592837 1960488.7050229004, 962051.9523458586 1960395.541154928, 962085.8640845896 1960252.9546796426, 961961.0740713469 1960209.2691417288, 962006.6197786622 1960079.4412387914, 961299.5531695859 1959831.3336794667, 961233.4825994717 1960081.1567277508, 961161.5830290099 1959977.979122334, 961275.3443900975 1960348.3149504792, 961284.8532646997 1960641.4607985308, 961330.4388387145 1960753.2057081987, 961442.0409670089 1960839.7570068152, 961567.1172788227 1960971.403183921, 961678.5861571667 1961159.1600552725, 961936.033862135 1961305.0846131046, 962067.4101925062 1961435.2812606907, 962211.6019151453 1961653.7780358728, 962245.9028653203 1961776.0823367755, 962244.2580506832 1962180.9332014222, 962255.6843811484 1962255.5290270206, 962468.5308892 1962523.6452331773, 962453.4670756286 1962574.8605385043, 962538.4068232621 1962666.721271734, 962650.6902559377 1962632.9617604108, 962851.4302613686 1962615.1603882331, 963214.1480233552 1962657.1644637377, 963375.4332490389 1962832.0458526807, 963745.2382960244 1962869.114920617, 963993.4399111453 1962813.0765976505, 964318.1364863558 1962786.5430988632, 964205.7677550768 1962721.4109634727, 964030.7434871058 1962444.127816685, 963944.8632688748 1962282.765364105, 963937.7981502461 1962161.7085614179, 964004.3597277838 1962071.767975304, 964044.0828060539 1961856.035110438, 964106.3380709194 1961666.1372540235, 964180.8690959538 1961574.748173857, 964187.9965326703 1961500.7777033134, 964122.3938986732 1961314.9665704279, 964051.319536656 1961214.5485597998, 964103.5411196384 1961006.6088521844, 964170.8214298133 1960949.1122487152, 964152.7262520484 1960871.9489183787, 964226.6718860406 1960785.5193748153, 964234.5257788385 1960643.5502193074))",노원구,중계동,,,,,No Data,,,
11440114,창전동,Changjeon-dong,274,4.9e-05,0.035709,11440114,1,2026-04-15,마포구,1144011400,창전동,37,37,34,24,3,"POLYGON ((949952.7788323095 1950569.3438310144, 949931.1251682682 1950539.5906872374, 949883.4932611821 1950011.1116500811, 949863.3254421599 1949815.259525787, 949809.05151631 1949719.51674271, 949700.3277988991 1949675.6572167813, 949591.9663969179 1949744.4210166202, 949526.6966723023 1949802.3540416684, 949424.9478165788 1949883.6985812567, 949445.524177107 1949998.66666597, 949374.5226765216 1950166.8199891357, 949431.8073863727 1950288.8176723577, 949497.8184258281 1950352.0680158546, 949262.1427712654 1950519.0950980578, 949138.218878325 1950491.7313101916, 949262.3443363366 1950585.9345638116, 949379.7996184127 1950582.8262498493, 949548.4056116266 1950631.8969121526, 949671.5688408418 1950743.9504474546, 949770.6832281897 1950739.1689953278, 949889.6132723034 1950752.32407925, 950003.708796175 1950607.0721187817, 949952.7788323095 1950569.3438310144))",마포구,창전동,마포구,창전동,0.9448151666654002,37.0,Not Sig,0.0030495745963837464,0.464,1.0
11110187,무악동,Muak-dong,221,3.8e-05,0.026152,11110187,1,2026-04-15,종로구,1111018700,무악동,1,1,1,1,0,"POLYGON ((952572.9202932231 1953264.0657925745, 952502.2806296486 1953134.2266990934, 952482.2870388438 1952955.9696411074, 952369.6539043037 1952800.9377932874, 952301.2804327827 1952779.5555209522, 952264.4495425131 1952768.0212834044, 952170.9755388089 1952884.9838164141, 951917.5790615674 1953158.0466115526, 951752.036871099 1953403.3863466142, 951939.7606394752 1953506.0148818465, 952074.4400089503 1953520.2279991654, 952208.3623352158 1953595.1178523812, 952299.67905764 1953539.6984913312, 952418.6139462919 1953396.7667334597, 952572.9202932231 1953264.0657925745))",종로구,무악동,종로구,무악동,-7.289092786109848,1.0,Not Sig,-0.9639802118569868,0.209,2.0
11410113,대신동,Daesin-dong,272,2.7e-05,0.033658,11410113,0,,,11410113,대신동,0,0,0,0,0,"POLYGON ((951156.6121557927 1952206.801310827, 951197.9235640075 1952026.6966023454, 951124.3157305709 1951783.4336051012, 951038.5518110608 1951629.3364877605, 950917.9680427879 1951557.5467973838, 950984.5604904906 1951492.4991837777, 950950.6473360575 1951390.456666661, 950843.7751084989 1951385.6768813755, 950578.6211759258 1951364.7569537822, 950582.9940113024 1951492.1585053827, 950770.677885188 1951633.2709799805, 950830.6602865554 1951776.6717204817, 950758.3008731738 1952017.655854287, 950836.6672174545 1952102.597458465, 950937.4386249256 1952057.889601245, 950967.6513054156 1951973.4275510074, 951057.2655208615 1951983.1173301828, 951056.2567724992 1952067.0833407878, 950966.3687923169 1952312.6959444545, 951043.4065416616 1952342.67278177, 951087.7589110481 1952352.575841931, 951156.6121557927 1952206.801310827))",서대문구,대신동,,,,,No Data,,,
11680106,대치동,Daechi-dong,207,0.000386,0.087168,11680106,1,2026-04-15,강남구,1168010600,대치동,25,25,23,3,0,"POLYGON ((962768.7987178048 1944324.8418211099, 962742.3760196081 1944343.899296539, 962741.0369093117 1944338.6664419305, 962739.8720705902 1944334.3320212138, 962734.036112363 1944324.7594786633, 962725.0618579343 1944321.1709829988, 962632.907353313 1944284.2237664254, 962618.9932267546 1944278.639582367, 962566.0548772654 1944257.43902306, 962556.9120665826 1944253.8278343359, 962552.6903553581 1944252.1600174727, 962493.646542875 1944228.7996608277, 962473.52702346 1944220.8383928463, 962416.2056734116 1944198.1564567932, 962413.9510961475 1944197.272752514, 962405.8553560991 1944187.8633064413, 962401.2720937277 1944162.6954750319, 962363.8736717512 1944045.536786308, 962360.3602228315 1944038.686476984, 962331.0602284721 1943988.540737791, 962260.8157529759 1943973.8763888387, 962194.1131976055 1943974.4288169912, 962180.3516712438 1943970.2750878974, 962175.8364803867 1943964.8264356556, 961968.0813783596 1943714.4002196793, 961825.0135049586 1943608.0891889702, 961714.4663185613 1943555.0679909575, 961202.9900758564 1943439.779646273, 961036.3926292517 1943390.1979283586, 960844.9280819774 1943285.220672042, 960801.7956028677 1943253.2549890236, 960787.0119458325 1943242.254574867, 960705.7494948619 1943594.672372208, 960476.8208316595 1944211.262970954, 960138.9826838016 1945123.353358697, 961690.1601805184 1945712.0477346242, 961899.2733782056 1945756.7884571736, 961979.2186332166 1944917.8259903316, 962612.7433000274 1944840.7149629178, 962871.972960984 1944730.7908600632, 962903.2863324394 1944563.555388713, 962768.7987178048 1944324.8418211099))",강남구,대치동,강남구,대치동,0.39763789307751424,25.0,Not Sig,0.00636177509124731,0.228,1.0
11440103,신공덕동,Singongdeok-dong,280,2.5e-05,0.025411,11440103,1,2026-04-15,마포구,1144010300,신공덕동,7,6,5,4,0,"POLYGON ((952234.926997308 1949767.0758361376, 952106.6982452653 1949674.0528521948, 952069.1984632132 1949460.3486739541, 952136.4845710242 1949358.607615299, 952030.9228700319 1949284.3694289254, 951995.0207323103 1949187.34563664, 951940.3098856217 1949201.3583553797, 951583.7991298684 1949423.4757453846, 951825.3085219607 1949678.4517559512, 951904.597221345 1949780.3100651691, 952024.5144988061 1949994.2501783546, 952228.427076469 1949819.6355604562, 952234.926997308 1949767.0758361376))",마포구,신공덕동,마포구,신공덕동,-2.0234473811213243,6.0,Not Sig,-0.09922294567817885,0.373,2.0
11290124,안암동4가,Anam-dong 4(sa)-ga,356,6e-06,0.010507,11290124,0,,,11290124,안암동4가,0,0,0,0,0,"POLYGON ((958186.8323964948 1953568.028064701, 958009.9072427829 1953418.7326377092, 958008.1396202684 1953418.306225682, 957954.2529388247 1953460.3198101346, 957865.9991273212 1953663.194598424, 957863.80776711 1953668.1130726435, 958153.5817983467 1953717.0362269299, 958186.8323964948 1953568.028064701))",성북구,안암동4가,,,,,No Data,,,
11440126,중동,Jung-dong,277,3.4e-05,0.037781,11440126,1,2026-04-15,마포구,1144012600,중동,4,4,4,4,0,"POLYGON ((947882.2306015075 1952565.9329901761, 948152.5291480282 1952409.7381450643, 948013.3588854806 1952160.3365144057, 947941.1131029836 1952221.750443685, 947796.0966377149 1952433.8618162484, 947730.8901869394 1952479.037695225, 947619.5710627161 1952423.2737995724, 947609.3922677422 1952430.4538315982, 947505.4751985836 1952479.6398636673, 947370.877211252 1952438.9400284153, 947284.6778268495 1952479.334769153, 947353.8370200617 1952548.800293957, 947234.4811258517 1952664.825085849, 947268.8427232236 1952721.8308999063, 947107.293966861 1952880.87617706, 947073.4289520688 1952821.3764578013, 947071.8621176241 1952888.6012526136, 947167.3524162532 1953089.7027170677, 947205.5895411089 1953126.502219183, 947607.3917052464 1952786.3362089247, 947793.8761948261 1952617.4430507557, 947882.2306015075 1952565.9329901761))",마포구,중동,마포구,중동,-0.0506177856056107,4.0,Not Sig,0.028011083957216104,0.381,3.0
11350104,하계동,Hagye-dong,278,0.000207,0.077718,11350104,0,,,11350104,하계동,0,0,0,0,0,"POLYGON ((963276.4110153987 1960170.6658560701, 963154.0872768598 1960040.3674626003, 963102.9920543301 1959927.8276306987, 963087.5584479213 1959812.971523128, 962927.4582117542 1959630.2382303898, 962745.9927887328 1959506.1178532648, 962677.4939861358 1959360.5291712324, 962637.5443953939 1959135.4160170408, 962538.7285339274 1959111.477213447, 962408.1320498511 1959133.9557459585, 962311.2728927562 1959241.4734055744, 962169.8461311001 1959194.0071310638, 961913.9891278856 1959194.910610593, 961564.4143230534 1959114.0232842301, 961510.5703427631 1959331.1368150264, 961206.7201763252 1959611.1528057917, 961114.4686401099 1959782.8548024266, 961161.5830290099 1959977.979122334, 961233.4825994717 1960081.1567277508, 961299.5531695859 1959831.3336794667, 962006.6197786622 1960079.4412387914, 961961.0740713469 1960209.2691417288, 962085.8640845896 1960252.9546796426, 962051.9523458586 1960395.541154928, 962227.764592837 1960488.7050229004, 962133.8273489595 1960731.4731665903, 962440.7910206445 1960843.4285621077, 962515.199841642 1960643.141115084, 962650.718430208 1960636.4540851964, 962658.3663234665 1960829.5666743498, 962771.9399688657 1960780.1503440212, 962829.4904338934 1960613.3125248633, 962922.4188406082 1960614.1121023349, 963029.578671754 1960555.408345246, 963144.2338581702 1960319.2662031632, 963276.4110153987 1960170.6658560701))",노원구,하계동,,,,,No Data,,,
11440112,현석동,Hyeonseok-dong,273,1.9e-05,0.018866,11440112,0,,,11440112,현석동,0,0,0,0,0,"POLYGON ((949998.5252482829 1949674.1316520723, 950170.1752678049 1949523.2695765167, 950168.3194930287 1949442.6720442038, 950284.138010313 1949380.4071820301, 950116.6887467499 1949042.5464809083, 949902.327547931 1949173.9060071786, 949809.7985660917 1949212.6054560787, 949813.2879200794 1949369.5205844638, 949897.3094387413 1949552.1542616915, 949938.1761435424 1949678.6903952328, 949998.5252482829 1949674.1316520723))",마포구,현석동,,,,,No Data,,,
11410106,천연동,Cheonyeon-dong,309,1.5e-05,0.020163,11410106,0,,,11410106,천연동,0,0,0,0,0,"POLYGON ((952570.2720560838 1952365.2824484801, 952660.8980622712 1952252.5231445886, 952589.3294049012 1952193.2023203627, 952476.2347874728 1952221.2955112606, 952434.8628233202 1952158.3468480145, 952258.4703063279 1952020.0016571567, 952161.5590330253 1952014.7698525325, 952010.6921615894 1952064.8469249844, 951920.9597097067 1952135.2048720324, 951960.1292160898 1952225.8887018978, 952035.9002248445 1952234.5223719159, 952148.8126516255 1952328.025316906, 952298.0124262073 1952330.6062781187, 952403.5402225668 1952361.2385356245, 952570.2720560838 1952365.2824484801))",서대문구,천연동,,,,,No Data,,,
11215103,구의동,Guui-dong,337,0.000304,0.110793,11215103,0,,,11215103,구의동,0,0,0,0,0,"POLYGON ((964841.722920129 1948645.0387304144, 963888.5322878417 1947702.3281641807, 964015.6504529896 1948000.4328831986, 963945.0186764748 1948011.4725167872, 963912.6509525495 1948297.6861311696, 963784.0260600932 1948378.0717198448, 963720.9158365504 1948579.188872938, 963732.0029455227 1948772.2349851525, 963671.769023339 1948802.0604431357, 963211.065978069 1948658.0174834041, 963178.0952804161 1949048.344840043, 963221.1260953381 1949176.6611424035, 963109.7113919815 1949211.068947741, 963026.2877181704 1949272.9087112928, 963020.1161288732 1949480.392898954, 963035.8586354118 1949625.3400383587, 963346.5841710062 1949609.2818468895, 963423.61915973 1949743.7991486064, 963380.7451210273 1949998.7062554215, 963473.3082745527 1950098.0395864325, 963574.6310465729 1950085.4264749861, 963611.9395155319 1950193.6227608412, 963734.3714300528 1950332.5444201594, 963740.7467284297 1950414.3810987314, 963868.0545604499 1950461.3045737483, 964086.4028176392 1950704.59504167, 964230.9952539039 1950845.7039643892, 964425.4242286363 1950925.492910595, 964532.5207794962 1951032.6412076068, 964864.9364182926 1951177.6734048796, 965050.4320142153 1950986.5997705911, 965107.5240461886 1950859.6716319008, 965073.8639939146 1950704.9205378573, 964998.3401663656 1950660.7269164063, 964934.6205781738 1950544.8123428987, 964857.2734722388 1950491.210011934, 964796.7150253034 1950525.0565466236, 964705.4225976991 1950498.9566687995, 964553.7863052589 1950367.380857731, 964577.562238699 1950298.134641442, 964484.772798761 1950182.5817484895, 964461.641263485 1949955.7648820556, 964533.014676714 1949863.75267415, 964304.6464523129 1949636.2930337437, 964265.7843601474 1949571.9222623804, 964094.3979476008 1949492.7861898982, 964060.246409715 1949453.6786632682, 964307.7753245134 1949158.6227081076, 964841.722920129 1948645.0387304144))",광진구,구의동,,,,,No Data,,,
11200102,하왕십리동,Hawangsimni-dong,348,6.3e-05,0.059156,11200102,1,2026-04-15,성동구,1120010200,하왕십리동,19,19,18,13,4,"POLYGON ((958291.827897505 1952443.2245765915, 958522.4224352669 1952374.9444826888, 958583.9975823147 1952317.1889987148, 958709.0331710462 1952358.92515436, 958783.4809091237 1952208.7080584676, 958505.645585261 1952131.4242054003, 958398.6827605416 1951976.7140942216, 958441.6598508313 1951895.8739040087, 958411.4276207237 1951801.7311800749, 958502.466527791 1951743.564214261, 958804.7994714031 1951580.0360009135, 958911.1551983862 1951479.7729175556, 958801.9403596742 1951571.6103037132, 958767.051072162 1951468.1123147607, 958690.834192415 1951456.2414481463, 958657.4733975366 1951353.8069500432, 958532.325038706 1951303.525484185, 958314.0090621216 1951327.5751169831, 958164.9662903028 1951191.5050523232, 958078.493479538 1951062.8651197758, 957982.1648762414 1951071.0766219678, 957864.3716107674 1951053.0965947781, 957853.8661180298 1951220.1511411848, 957904.3951421328 1951363.645037048, 958010.8551375035 1951498.4698128114, 958135.0569213167 1951580.2175051405, 958185.2597727048 1951662.279703475, 958210.2281811468 1951847.6507589938, 958047.2347358428 1951918.8819181656, 958102.5873838536 1951968.2029064882, 958133.7014170949 1952117.601180437, 958129.7703331996 1952283.062615204, 958227.5225521058 1952462.6222977897, 958291.827897505 1952443.2245765915))",성동구,하왕십리동,성동구,하왕십리동,1.3181907136773308,19.0,Not Sig,-0.12273402133626884,0.217,4.0
11290133,정릉동,Jeongneung-dong,349,0.000864,0.164015,11290133,0,,,11290133,정릉동,0,0,0,0,0,"POLYGON ((954644.0204403161 1959715.9175480048, 954842.7276738255 1959570.6159186678, 954950.1836038552 1959519.822688692, 954996.5179733405 1959382.2474140078, 955122.8805348207 1959360.6914576166, 955327.4213489615 1959232.7391963778, 955476.4651477069 1959096.4659097805, 955533.5454976291 1958996.301946297, 955667.24188982 1958852.4250056439, 955816.5092863773 1958644.882754518, 955942.4638642602 1958589.1305010659, 956036.2869533849 1958582.9285403697, 956190.7121755645 1958502.6475962445, 956222.874052722 1958424.6418066043, 956383.8390970149 1958396.744786141, 956573.770976934 1958398.6976062132, 956565.8595995504 1958280.6150551315, 956514.0120139335 1958011.2779353787, 956631.1198163957 1957806.5738293296, 956762.9771882662 1957693.3874086312, 956766.6094525722 1957603.9610425865, 957057.1491707193 1957456.2183751587, 957151.8654281421 1957360.8357640675, 957147.8906691824 1957122.4576907032, 957216.4829005421 1956871.365422842, 957294.7878697591 1956798.4091375356, 957335.7145305398 1956699.0574749224, 957317.1126744542 1956577.7280815705, 957263.4232212501 1956525.9643376037, 957504.8326574224 1956391.1874966582, 957606.0431219207 1956307.9002990762, 957646.1544236353 1956185.4595698544, 957618.9062327544 1956100.8011451738, 957645.5507591187 1955983.158185031, 957806.4783200617 1955957.3584568931, 957763.6375706663 1955862.970924265, 957773.7684257245 1955789.1788822594, 957691.3329277643 1955745.9437035036, 957652.550044023 1955662.3693681578, 957505.084023706 1955574.47968712, 957437.1442792786 1955648.349347215, 957380.8298546242 1955598.9642985514, 957292.3416435675 1955692.3607101762, 957108.3597324654 1955827.6728935167, 957024.2192357468 1955926.713925438, 956968.496859696 1955929.3300681897, 956869.8335680236 1955855.1450793676, 956866.2225266933 1955701.842253691, 956948.816529609 1955587.2634673244, 956808.3143354392 1955558.513107872, 956708.9944603501 1955634.1317375782, 956461.363625799 1955593.4887814529, 956381.5038884731 1955523.8843845516, 956354.119480515 1955413.024536565, 956278.8051107874 1955424.5039528012, 956172.3572046587 1955519.5708944313, 956163.9669257153 1955579.6650069167, 956058.6958207224 1955682.7646010844, 955961.7426858636 1955892.2545341202, 955861.755530969 1955921.6006685656, 955755.9787531127 1955891.7393580838, 955666.2670595373 1955971.0103633278, 955399.703381658 1956015.5356843492, 955256.814790256 1956142.7031740362, 955109.2065055276 1956158.5097668977, 955060.2203924184 1956191.6928087268, 954914.5770678067 1956172.7307942056, 954691.1317658729 1956191.3825401033, 954700.0392100471 1956420.1666664763, 954644.0235653002 1956565.1084416867, 954708.6024817828 1956728.7891007604, 954624.0888083935 1956795.152169191, 954605.5120891042 1957007.772125673, 954689.7911321375 1957295.7653872909, 954510.9005184496 1957520.9124372718, 954498.7898557337 1957617.9189345106, 954439.7003849935 1957717.6690949206, 954391.2326758667 1957882.4411499624, 954392.8033601507 1957987.3867723474, 954435.1318255481 1958092.4156455996, 954276.5288280698 1958445.6991345505, 954195.8661969178 1958564.5212774402, 954081.316308323 1958674.4280160428, 954133.6374893305 1958846.4807585026, 954076.1978987905 1958953.8416726703, 953978.5483988281 1958998.3348753192, 953672.9531090133 1958967.8689053983, 953648.230953389 1959057.3772863385, 953710.9766347199 1959267.08392125, 953786.7399796604 1959325.8601639436, 953927.1896088724 1959511.389247457, 954090.3574528483 1959543.3452390395, 954174.9255381981 1959610.4792707115, 954246.2809553525 1959611.6393389618, 954449.3522151608 1959791.0948255144, 954644.0204403161 1959715.9175480048))",성북구,정릉동,,,,,No Data,,,
11710109,장지동,Jangji-dong,354,0.000288,0.113286,11710109,0,,,11710109,장지동,0,0,0,0,0,"POLYGON ((968876.2752578396 1942245.5017110822, 968775.7535406771 1942133.3539132911, 968557.6938034873 1941973.7434842708, 968482.3012162332 1941872.9528010858, 968255.8645564435 1941755.521359349, 968141.3625652156 1941724.5154806587, 968113.2409349498 1941641.5276884676, 967993.3045668507 1941673.79468732, 967778.2249529903 1941768.289213713, 967610.5397735797 1941891.9975992157, 967521.8038895435 1941905.7940508465, 967306.730474056 1941828.4559457332, 967302.2630593554 1941557.9878811792, 967320.6325604316 1941472.7045662934, 967758.8074365769 1941185.096669583, 967639.8491080458 1941105.5580851901, 967452.844283911 1941044.9388943824, 967294.2040689406 1941014.390864473, 967020.9057547869 1941088.4069512105, 966859.6227310776 1941222.9043957575, 966844.8038416833 1940961.701782186, 966770.0731286013 1940879.4449778337, 966376.271107939 1941553.435061279, 966052.6779170841 1942111.3447126874, 966177.3781699553 1942114.2638341242, 966177.5544125848 1942188.5748811462, 966273.4001163156 1942188.1720821238, 966384.3516081406 1942077.0497245959, 966686.2413304682 1942115.926823568, 966779.5579233611 1942290.8946224167, 966996.3630712595 1942331.4339715668, 967052.3579754955 1942451.8962950357, 967289.4358351816 1942706.2299682968, 967377.4170027915 1942902.078659387, 967436.5564756108 1942926.8713182854, 967609.2526873809 1943068.1511614958, 967733.2489741689 1943198.1894848216, 967834.1682977157 1943422.0459743282, 967854.7716759213 1943547.4806516177, 967965.2088957422 1943498.6268838427, 967957.5282254417 1943359.7367505417, 968035.4366692256 1943340.5974229712, 968087.3476626374 1943212.9307067785, 967979.285554128 1943064.0496936538, 967910.677873402 1942918.5849684484, 967990.5358088423 1942816.196160319, 968079.388610951 1942799.6666980796, 968132.0618621892 1942858.9065188754, 968246.8808294092 1942752.9798893896, 968325.9249833316 1942718.7652243283, 968308.8913297231 1942640.6664421617, 968454.5364596585 1942519.6701588833, 968683.0158218967 1942357.168709461, 968876.2752578396 1942245.5017110822))",송파구,장지동,,,,,No Data,,,
11560132,신길동,Singil-dong,398,0.000368,0.092703,11560132,1,2026-04-15,영등포구,1156013200,신길동,66,62,55,48,35,"POLYGON ((949351.9524128853 1946405.672178813, 949343.4122025686 1946101.3662435168, 949219.2232489198 1946071.5912827416, 948765.9394588528 1944689.627860854, 948755.5896501418 1944519.497991067, 948680.810591793 1944419.2909847118, 948278.6436472816 1944311.7645882075, 948104.3429019179 1944291.6290859464, 948007.6583335523 1944232.289164773, 947921.3591045621 1944056.7501850987, 947804.7768910233 1943876.2052733055, 947782.7964176129 1943900.5450219898, 947701.0063422599 1944198.4895476634, 947708.8681101261 1944313.1918350672, 947632.0275170085 1944383.0736652678, 947466.3384602892 1944435.658730912, 947368.0308952674 1944388.0802261194, 947256.0694735162 1944416.7486536098, 947062.5540865405 1944665.14201912, 947150.0438758451 1944830.0872634947, 946947.2091954136 1945051.6097509926, 946901.7142282316 1945144.1387964173, 946815.8417439221 1945293.3193029806, 947230.3929245643 1945515.7303637192, 947564.3610959298 1945709.9953382215, 947583.4712886898 1945693.3614713894, 947868.158927101 1945839.9639972318, 947858.465674194 1946070.277829776, 947994.3291622611 1946225.8635128175, 948298.0491451682 1946418.1572854551, 948292.8440720607 1946552.8578026204, 948387.449469847 1946598.8140590377, 948433.7594965203 1946645.7485818383, 948515.1328331594 1946792.2910485887, 948635.1925890702 1946689.5444492348, 949070.4202566387 1946513.741714146, 949254.0701045719 1946413.8634531603, 949351.9524128853 1946405.672178813))",영등포구,신길동,영등포구,신길동,-0.6551152241861464,63.0,Not Sig,-0.1890930176112404,0.13,2.0
11560134,양평동,Yangpyeong-dong,426,5.7e-05,0.076447,11560134,0,,,11560134,양평동,0,0,0,0,0,"MULTIPOLYGON (((947024.0258314783 1948875.843755253, 946913.990116703 1948976.3405574975, 947049.430434557 1948944.4637917585, 947024.0258314783 1948875.843755253)), ((946478.3955345969 1949319.88289963, 946406.7371507859 1949369.552886534, 946453.3223848868 1949383.1344634804, 946478.3955345969 1949319.88289963)), ((946166.5075547883 1948213.4290999335, 945984.9033063059 1948266.5268201446, 945996.5041488261 1948346.8012153108, 946092.2607108084 1948410.1958703662, 946119.1301818229 1948515.3628874798, 946058.3707726117 1948644.7122080445, 945904.2043676084 1948870.6964546621, 945778.575636906 1949134.5239487914, 945716.2969191587 1949316.8894857669, 945710.6093381328 1949398.5264852855, 945948.8403237811 1949446.4947009594, 946095.9939769892 1949096.090266184, 946234.6886026078 1948728.8378588369, 946268.1974789117 1948601.9588110896, 946270.8946106061 1948542.0149564196, 946258.2957492042 1948418.7215358363, 946166.5075547883 1948213.4290999335)), ((945483.4654195339 1947601.2189576114, 945386.4064180498 1947472.6962119585, 945358.544418342 1947381.6995284583, 945368.9777296071 1947196.0300887963, 945210.2937751618 1947242.7995305264, 945130.6021020892 1947216.793388408, 945094.9759609643 1947489.6267825982, 945166.2469136392 1947563.3236668096, 945281.1639242234 1947567.4110089978, 945322.2645652094 1947651.7519149391, 945309.1732161667 1947785.5353710724, 945460.6084208934 1947729.0244231052, 945551.0320532881 1947765.9154918126, 945589.84200874 1947885.5880596263, 945900.6876878 1948072.0948985459, 946064.3325423272 1948029.959721845, 945943.2645463587 1947836.8336907448, 945804.1927049026 1947743.1708591646, 945483.4654195339 1947601.2189576114)))",영등포구,양평동,,,,,No Data,,,
11560117,당산동,Dangsan-dong,452,8.2e-05,0.06655,11560117,1,2026-04-15,영등포구,1156011700,당산동,1,1,1,0,0,"POLYGON ((947423.343771028 1949288.0110438725, 947572.3541490105 1949058.183094621, 947663.7305123139 1948697.1565970557, 947712.9032878719 1948332.081098758, 947799.0492354474 1948109.8024557391, 947962.8948884184 1947612.6187136022, 947610.3933231648 1947542.2182179363, 947557.1942545554 1947800.2286135592, 947577.2210450734 1948300.2296382682, 947594.1383167151 1948325.5180899466, 947398.1215750985 1948567.8713472886, 947102.2692967906 1948809.3127440752, 947024.966964317 1948873.935414711, 947024.0258314783 1948875.843755253, 947049.430434557 1948944.4637917585, 946913.990116703 1948976.3405574975, 946912.7137083791 1948977.5672724054, 946830.9395214603 1949036.983135095, 946810.6484709161 1949055.573255946, 946794.2423000942 1949069.642093695, 946644.6868575366 1949196.8367561887, 946478.3955345969 1949319.88289963, 946453.3223848868 1949383.1344634804, 946614.8296649026 1949326.2316199658, 946687.5236374316 1949464.7223515166, 947007.7535845848 1949331.037255852, 947085.4523989282 1949380.2365415404, 947055.4617126158 1949444.3947136218, 947191.7448168682 1949590.1116363914, 947423.343771028 1949288.0110438725))",영등포구,당산동,영등포구,당산동,2.637732942949178,1.0,Not Sig,0.2240382688564141,0.285,1.0
11290126,보문동4가,Bomun-dong 4(sa)-ga,325,4e-06,0.009854,11290126,0,,,11290126,보문동4가,0,0,0,0,0,"POLYGON ((957789.8164241164 1953631.452599764, 957767.1973039688 1953631.582380478, 957621.319349061 1953976.7342807215, 957617.2002366708 1953986.4042664585, 957737.3218020174 1954031.5580517245, 957786.1798937812 1953857.2658335047, 957863.80776711 1953668.1130726435, 957865.9991273212 1953663.194598424, 957789.8164241164 1953631.452599764))",성북구,보문동4가,,,,,No Data,,,
11290118,동선동3가,Dongseon-dong 3(sam)-ga,327,1e-05,0.015053,11290118,0,,,11290118,동선동3가,0,0,0,0,0,"POLYGON ((957744.103994215 1954772.8636001192, 957617.0376869167 1954772.3541652414, 957594.287251068 1955059.6514989852, 957533.3630650569 1955116.0903247758, 957722.1600140295 1955323.23851278, 957758.760777708 1955403.7846090025, 957805.934673876 1955381.9518245899, 957744.103994215 1954772.8636001192))",성북구,동선동3가,,,,,No Data,,,
11170135,용산동6가,Yongsan-dong 6(yuk)-ga,463,0.000147,0.074323,11170135,0,,,11170135,용산동6가,0,0,0,0,0,"POLYGON ((955074.4779933908 1947663.765376305, 955099.1953466943 1947438.281319024, 955039.8229923378 1947420.062507617, 954958.2820864533 1947256.8525492793, 954925.2811177507 1947136.310154305, 954829.6857212478 1947079.33288394, 954738.6059017619 1946922.484813592, 954743.4900693218 1946785.5461713886, 954514.6591528223 1946774.7681342512, 954531.8537148389 1946451.4882255811, 954990.7921910547 1946101.367263048, 954532.6728278028 1945377.8286866741, 954255.8769506145 1945378.136157107, 954261.2333681732 1946253.1014010233, 954270.2361053887 1946427.7583037612, 954306.1386177004 1946564.2542016085, 954310.9341480242 1946812.4546084588, 954014.3600581893 1946898.338606691, 953768.6890823372 1946998.1713034331, 953897.7140251073 1947318.3926283875, 954060.9224916942 1947557.9624406735, 954196.1883142889 1947556.0372706256, 954570.5063831492 1947661.933146112, 954814.308734987 1947649.9460649074, 955074.4779933908 1947663.765376305))",용산구,용산동6가,,,,,No Data,,,
11410109,현저동,Hyeonjeo-dong,281,5.3e-05,0.032072,11410109,0,,,11410109,현저동,0,0,0,0,0,"POLYGON ((952264.4495425131 1952768.0212834044, 952358.5801715056 1952649.959919475, 952165.3431681998 1952568.7848379773, 951887.9266289601 1952563.453218169, 951870.3451782841 1952499.117769554, 951758.5151712842 1952375.3907714433, 951586.107201767 1952477.9762670633, 951523.6801527169 1952538.314813328, 951406.7498991569 1952898.6821147928, 951349.5138365555 1952951.310998622, 951343.3566929351 1953070.7118056917, 951405.5284430628 1953072.6478278115, 951631.776063481 1953255.5990516664, 951752.036871099 1953403.3863466142, 951917.5790615674 1953158.0466115526, 952170.9755388089 1952884.9838164141, 952264.4495425131 1952768.0212834044))",서대문구,현저동,,,,,No Data,,,
11290131,보문동2가,Bomun-dong 2(i)-ga,331,7e-06,0.01131,11290131,0,,,11290131,보문동2가,0,0,0,0,0,"POLYGON ((957476.3781761876 1953926.2013545167, 957325.0666129044 1954286.2203908132, 957436.7368681093 1954393.572823972, 957598.1075862825 1954032.2183706397, 957605.7501334483 1953981.3784776896, 957476.3781761876 1953926.2013545167))",성북구,보문동2가,,,,,No Data,,,
11410107,옥천동,Okcheon-dong,316,6e-06,0.017207,11410107,0,,,11410107,옥천동,0,0,0,0,0,"POLYGON ((952557.2124822919 1952383.0171634897, 952570.2720560838 1952365.2824484801, 952403.5402225668 1952361.2385356245, 952298.0124262073 1952330.6062781187, 952148.8126516255 1952328.025316906, 952035.9002248445 1952234.5223719159, 951960.1292160898 1952225.8887018978, 951896.0236830066 1952246.2501719014, 952070.0651825479 1952380.4448259172, 952248.1286929933 1952427.4912913705, 952475.9377435062 1952450.5872157123, 952557.2124822919 1952383.0171634897))",서대문구,옥천동,,,,,No Data,,,
11290132,보문동3가,Bomun-dong 3(sam)-ga,355,1.1e-05,0.015864,11290132,0,,,11290132,보문동3가,0,0,0,0,0,"POLYGON ((957476.3781761876 1953926.2013545167, 957388.55048323 1953859.0875763488, 957400.2344379388 1953741.1625753199, 957328.5860844778 1953698.6008168708, 957232.8314442013 1953710.2005594203, 957164.0214844139 1953771.0069700312, 957151.0409861186 1954009.985663387, 957301.4599274923 1954262.6100743758, 957325.0666129044 1954286.2203908132, 957476.3781761876 1953926.2013545167))",성북구,보문동3가,,,,,No Data,,,
11290102,성북동1가,Seongbuk-dong 1(il)-ga,373,8e-06,0.014227,11290102,0,,,11290102,성북동1가,0,0,0,0,0,"POLYGON ((956318.1135030476 1954570.6604850176, 956418.2732583403 1954465.876205223, 956407.482297421 1954460.6471195808, 956218.5287285574 1954375.7702409113, 956165.1188361433 1954451.5500573933, 956060.4724460577 1954541.726432556, 956015.9018038793 1954640.3011851697, 956020.4064734201 1954776.6753379966, 956203.0298997299 1954730.5665119146, 956318.1135030476 1954570.6604850176))",성북구,성북동1가,,,,,No Data,,,
11290123,안암동3가,Anam-dong 3(sam)-ga,345,1.1e-05,0.017684,11290123,0,,,11290123,안암동3가,0,0,0,0,0,"POLYGON ((958153.5817983467 1953717.0362269299, 957863.80776711 1953668.1130726435, 957786.1798937812 1953857.2658335047, 957737.3218020174 1954031.5580517245, 957734.703832986 1954041.1589746955, 957941.3513986977 1954138.4907761298, 957951.7441466202 1954226.18271817, 958049.1687906492 1954204.280331889, 957959.2059091507 1954079.0636550693, 957985.9019041645 1953893.1611456661, 958031.0206826929 1953805.0855022273, 958093.460788873 1953795.5872868295, 958153.5817983467 1953717.0362269299))",성북구,안암동3가,,,,,No Data,,,
11290117,동선동2가,Dongseon-dong 2(i)-ga,326,1e-05,0.015527,11290117,0,,,11290117,동선동2가,0,0,0,0,0,"POLYGON ((957854.4077720614 1954600.524970432, 957852.7952326561 1954584.7929462066, 957841.3217772165 1954583.683541747, 957816.3625912566 1954525.6644138654, 957596.1497045789 1954555.1165504293, 957517.6069772833 1954476.4515236674, 957330.8054692938 1954659.7650018383, 957356.2255131488 1954669.9514254637, 957617.0376869167 1954772.3541652414, 957744.103994215 1954772.8636001192, 957866.0736281998 1954715.7435311237, 957854.4077720614 1954600.524970432))",성북구,동선동2가,,,,,No Data,,,
11440113,구수동,Gusu-dong,304,5e-06,0.015132,11440113,1,2026-04-15,마포구,1144011300,구수동,1,1,0,0,0,"POLYGON ((949998.5252482829 1949674.1316520723, 949938.1761435424 1949678.6903952328, 949897.3094387413 1949552.1542616915, 949835.815539741 1949597.127244422, 949727.0191046835 1949606.775703217, 949700.3277988991 1949675.6572167813, 949809.05151631 1949719.51674271, 949863.3254421599 1949815.259525787, 949883.4932611821 1950011.1116500811, 950009.9791185851 1949963.7926600021, 949935.5849693627 1949846.1733539705, 949998.5252482829 1949674.1316520723))",마포구,구수동,마포구,구수동,1.629106269746874,1.0,Not Sig,-0.0020570179403583484,0.464,4.0
11710104,송파동,Songpa-dong,341,0.000134,0.04956,11710104,1,2026-04-15,송파구,1171010400,송파동,31,31,28,10,0,"POLYGON ((965671.4094827429 1944637.1801186618, 965000.9489828462 1945570.0435255084, 965370.4042005367 1945928.50464575, 965744.7708756088 1945732.6498050438, 966124.4215919991 1945457.5087127602, 966658.9227027906 1945185.3221814428, 966742.1412024196 1945129.3553496695, 966640.9220488557 1944951.6875409693, 966540.7010374718 1944838.1416688024, 966345.8566926337 1944659.373535327, 965901.7046162109 1944357.4063027329, 965692.5548776991 1944651.064771796, 965671.4094827429 1944637.1801186618))",송파구,송파동,송파구,송파동,-0.6084838767029314,31.0,Not Sig,-0.0014560060647634133,0.474,2.0
11650110,염곡동,Yeomgok-dong,313,0.000167,0.059005,11650110,0,,,11650110,염곡동,0,0,0,0,0,"POLYGON ((960248.2501101599 1941265.8749153474, 960266.6105884195 1941250.6380229336, 960305.9976304036 1941136.8807550885, 960275.8356102885 1941005.2189185778, 960311.4166067725 1941004.234507724, 960478.6781198401 1941077.1601603276, 960502.1803888167 1941087.7211750112, 960581.1306255582 1941082.7781777652, 960685.6065556796 1941160.264321863, 960739.0429605291 1941122.029313166, 960786.6552242248 1941122.2796263194, 960901.6662282469 1941168.847863823, 961012.9779256837 1941200.6459772135, 961221.7875657429 1941177.7441957975, 961224.4281767951 1941173.343570009, 961277.0176744506 1941061.6072946382, 961304.8856443757 1940861.0819982071, 961293.0897198418 1940812.7475940892, 961296.3294932079 1940683.4694738835, 961283.3955657544 1940608.8013216762, 961279.8181890454 1940558.975261379, 961252.117321589 1940473.2960565328, 961211.5877876559 1940432.1047823967, 961094.5418001155 1940351.5152665814, 961075.3684762057 1940344.2163255636, 961002.2356152686 1940271.1299414202, 960988.2693594074 1940244.2762540672, 960998.8593215668 1940200.1826495326, 961005.4430028249 1940183.7758777677, 960984.7733321792 1940109.357207778, 960966.8171460964 1940082.7395862162, 960969.8381168707 1940059.9926567378, 960975.4543713854 1939989.8997077593, 960975.7605415919 1939949.582913338, 960975.4575805706 1939939.3577414693, 960964.0375894497 1939893.4960361156, 960963.1632787699 1939887.5763276122, 960960.9172215861 1939879.3172224655, 960941.220217269 1939833.3134957145, 960907.6872318042 1939821.1596215868, 960895.6325240718 1939821.4769100242, 960893.0700906991 1939821.1472255946, 960861.1001212621 1939809.3285784111, 960855.933011654 1939806.7960101988, 960836.8531422146 1939794.3074855173, 960815.084882491 1939781.4833899727, 960811.0254829638 1939781.9362773676, 960811.7970109273 1939797.024073472, 960799.0526942242 1939816.4076739224, 960794.1030787118 1939816.4557034103, 960704.0333861406 1939825.6613195257, 960686.7514446573 1939828.3492789275, 960646.904693647 1939845.5808956856, 960643.0321862597 1939848.8177069672, 960630.5764080936 1939859.125336719, 960577.8137526333 1939887.8115128758, 960537.5599432581 1939919.5299284183, 960367.0339801366 1939897.2833780353, 960297.5915870542 1939881.7868763772, 960277.7095651547 1939881.2288389343, 960227.5503492086 1939856.71302012, 960192.3003439704 1939926.4447122565, 960151.8912359808 1939967.8475078512, 960129.6990933849 1939982.9203087427, 960090.3958028064 1940025.4446605789, 960069.6021525058 1940073.154369139, 960063.9367349463 1940080.6151939726, 960017.8924759063 1940171.766170929, 960008.8346492911 1940245.154512324, 960024.4296941686 1940261.4489875278, 960018.7909707553 1940287.0593829497, 960006.5259084697 1940323.0915159984, 960000.0346085225 1940337.2733211685, 959966.3424948809 1940410.7330134225, 959965.7450529601 1940413.1709142248, 959958.9838784448 1940440.4308541287, 959956.4849217802 1940450.497515539, 959912.6255743927 1940490.1189371913, 959908.4273047878 1940497.6342815666, 959890.0088374624 1940508.372820186, 959865.6554102973 1940524.041229257, 959797.545545722 1940577.8866403357, 959756.7626657387 1940618.9842809967, 959589.7798210973 1940814.7098677256, 960109.0089935239 1941282.343787478, 960176.5743489885 1941273.698403397, 960248.2501101599 1941265.8749153474))",서초구,염곡동,,,,,No Data,,,
11140134,인현동2가,Inhyeon-dong 2(i)-ga,200,7e-06,0.013928,11140134,1,2026-04-15,중구,1114013400,인현동2가,1,1,1,1,0,"POLYGON ((955648.4333220734 1951928.7013865327, 955677.2435465629 1951844.3519269726, 955568.7791555235 1951643.9057292098, 955451.5000797848 1951582.5959061822, 955343.4789833516 1951639.9153721908, 955407.4226248828 1951866.5224979355, 955494.7605838723 1951941.4326629366, 955648.4333220734 1951928.7013865327))",중구,인현동2가,,,,,No Data,,,
11740105,길동,Gil-dong,204,0.000164,0.066121,11740105,0,,,11740105,길동,0,0,0,0,0,"POLYGON ((969973.824248886 1949186.683167409, 969928.3237790754 1949132.772207957, 969573.2562760066 1948940.7629001355, 968693.235041081 1948478.2624586714, 968671.0375742851 1948497.4390616557, 968375.4619533006 1948352.2713774939, 968264.9969899245 1948331.1609239879, 968068.1693111288 1948355.7304642957, 967676.6539078073 1948509.6469131429, 967687.5120446701 1948534.631891511, 967913.8805929621 1949095.8932891001, 968023.7123982885 1949155.5579330183, 968303.4815065791 1949133.7563889339, 968440.6106547869 1949587.4305285467, 968708.1152888773 1949506.4055078675, 968911.3620295593 1949577.3368521354, 968986.0668184713 1949579.739447355, 969028.4639327015 1949645.2295134808, 969121.7259056481 1949651.1948356994, 969165.9783092861 1949554.0399358566, 969246.2617600571 1949573.9668730055, 969282.6913856295 1949470.0384146082, 969390.498772808 1949430.1111963473, 969426.1816431095 1949251.4244517568, 969588.6360902124 1949333.9337744107, 969666.0525195464 1949404.0554558288, 969813.8885517728 1949316.9038780895, 969909.1031043356 1949294.8682405306, 969973.824248886 1949186.683167409))",강동구,길동,,,,,No Data,,,
11740108,성내동,Seongnae-dong,205,0.000199,0.060985,11740108,0,,,11740108,성내동,0,0,0,0,0,"POLYGON ((967687.5120446701 1948534.631891511, 967676.6539078073 1948509.6469131429, 968068.1693111288 1948355.7304642957, 968025.3772974827 1948214.2370551415, 967999.6396573704 1948129.4038256619, 967967.1775072103 1948022.4993729515, 967908.8292695022 1947829.953242358, 967894.9051001037 1947783.818113497, 967742.3963148386 1947277.9270767488, 967684.5918839078 1947087.5997608781, 967648.4111717301 1946967.8847082113, 966363.2497651839 1947687.4237786713, 966438.6807590675 1947885.7640835256, 966734.5191636287 1948880.680348326, 966643.2722067818 1948921.9912160481, 966652.0053948553 1948943.5835940028, 967687.5120446701 1948534.631891511))",강동구,성내동,,,,,No Data,,,
11290104,동소문동1가,Dongsomun-dong 1(il)-ga,434,7e-06,0.010876,11290104,0,,,11290104,동소문동1가,0,0,0,0,0,"POLYGON ((956418.2732583403 1954465.876205223, 956318.1135030476 1954570.6604850176, 956449.4716292458 1954720.8519160661, 956568.6514412955 1954815.3871930821, 956678.5673111627 1954607.0067619453, 956418.2732583403 1954465.876205223))",성북구,동소문동1가,,,,,No Data,,,
11200107,행당동,Haengdang-dong,346,0.000152,0.068682,11200107,1,2026-04-15,성동구,1120010700,행당동,20,20,20,16,2,"POLYGON ((959532.7565732689 1951528.276508428, 959496.2697523021 1951394.6104575659, 959555.1913747508 1951373.0199344072, 959666.0703902417 1951226.8641910383, 959667.0508411962 1951138.1488599225, 959845.5852406323 1951044.7582391202, 959912.9062117155 1950910.0707099673, 959891.9592833368 1950866.3071303673, 959920.733736666 1950663.6093633026, 959893.0196290549 1950579.9108581124, 959513.5433852599 1950484.466417426, 959447.4208404983 1950427.1683334613, 959392.2195130399 1950558.4457004871, 959303.8795580385 1950588.932387081, 959186.9704494979 1950557.8996868602, 959052.8002737681 1950631.341596714, 958963.5561685882 1950709.4831667896, 958757.2913620361 1950645.770095579, 958675.0780559456 1950525.0060608871, 958602.5371919138 1950498.9445280482, 958442.6855638925 1950603.0857800625, 958181.4504813766 1950703.559932563, 958025.5859398443 1950814.140998481, 958029.461599264 1951020.1350003525, 957982.1648762414 1951071.0766219678, 958078.493479538 1951062.8651197758, 958164.9662903028 1951191.5050523232, 958314.0090621216 1951327.5751169831, 958532.325038706 1951303.525484185, 958657.4733975366 1951353.8069500432, 958690.834192415 1951456.2414481463, 958767.051072162 1951468.1123147607, 958801.9403596742 1951571.6103037132, 958911.1551983862 1951479.7729175556, 958983.6117690182 1951440.855771036, 959024.3464000705 1951557.9442414339, 959051.9797751094 1951808.000433914, 959068.2666879676 1951955.2867944983, 959183.2105725359 1951938.6771220395, 959195.8546669902 1951788.6496682933, 959293.2007442565 1951515.8209945757, 959407.1926566606 1951504.1013187564, 959532.7565732689 1951528.276508428))",성동구,행당동,성동구,행당동,-2.8662706833585725,20.0,Not Sig,-0.5843510588172123,0.097,2.0
11710108,문정동,Munjeong-dong,350,0.000258,0.086091,11710108,1,2026-04-15,송파구,1171010800,문정동,9,9,5,5,0,"POLYGON ((967854.7716759213 1943547.4806516177, 967834.1682977157 1943422.0459743282, 967733.2489741689 1943198.1894848216, 967609.2526873809 1943068.1511614958, 967436.5564756108 1942926.8713182854, 967377.4170027915 1942902.078659387, 967289.4358351816 1942706.2299682968, 967052.3579754955 1942451.8962950357, 966996.3630712595 1942331.4339715668, 966779.5579233611 1942290.8946224167, 966686.2413304682 1942115.926823568, 966384.3516081406 1942077.0497245959, 966273.4001163156 1942188.1720821238, 966177.5544125848 1942188.5748811462, 966177.3781699553 1942114.2638341242, 966052.6779170841 1942111.3447126874, 966052.6004449221 1942111.4705070506, 965783.1339767653 1942569.9928832713, 965668.1580514496 1942799.8364735092, 965790.6124023696 1942871.554434026, 965712.0689479382 1942992.6889578241, 965459.3309969835 1943432.7466089022, 965872.2909411286 1943593.7089857934, 966271.0326383123 1943737.5189177408, 966341.4200365128 1943741.3712734887, 966454.7740586174 1943527.9819558947, 966522.6924677476 1943358.9122630337, 967197.8607728172 1943805.8934618353, 967257.1857544817 1943861.4515319348, 967606.660414491 1943537.4822872097, 968002.7099598972 1943963.7093093847, 967944.1326959672 1943850.489657191, 967943.3008054033 1943639.5687411444, 967854.7716759213 1943547.4806516177))",송파구,문정동,송파구,문정동,-1.262511172275284,9.0,Not Sig,-0.15524024193544828,0.291,2.0
11440123,망원동,Mangwon-dong,286,0.000178,0.057459,11440123,1,2026-04-15,마포구,1144012300,망원동,84,83,77,52,5,"POLYGON ((947787.2770073767 1951057.270414797, 948037.5585085048 1950700.7526834055, 947369.2945230291 1950431.687497427, 946624.9550944045 1950139.3605968875, 946532.7282914114 1950178.8634283768, 945954.9928707855 1950504.1018105368, 946280.5459676499 1950893.4049978105, 946484.9281836337 1951292.0522857094, 946605.0783390009 1951291.5186703217, 946631.8744170445 1951334.0631939955, 947120.0014570096 1951580.478858097, 947356.0050134442 1951664.1312245447, 947787.2770073767 1951057.270414797))",마포구,망원동,마포구,망원동,0.2319744781490931,84.0,Not Sig,0.0035075380837199517,0.434,3.0
11200113,옥수동,Oksu-dong,351,0.000194,0.082918,11200113,1,2026-04-15,성동구,1120011300,옥수동,3,3,3,2,0,"POLYGON ((957113.6166498644 1949956.8372583494, 957244.6490676632 1949672.741816667, 957336.8053273642 1949718.9743517558, 957402.8011788169 1949658.1295261486, 957547.4813243794 1949632.8353056326, 957585.5521540326 1949560.7812827968, 957566.1396933319 1949439.6522338116, 957634.6657751341 1949262.3220069078, 957774.7820954712 1949356.5230892731, 957856.6589593192 1949232.7047016118, 957921.1582707954 1949232.367950951, 958399.888466259 1949330.3354260381, 958612.7458327461 1949335.9564506921, 958759.4035070664 1949227.9150592948, 958992.4398797536 1948826.8144637495, 958990.8683438862 1948604.2652290356, 957698.1101104912 1948608.5820085823, 957367.1236275939 1948407.237719246, 957377.1780760825 1948813.3519612786, 957154.8385219956 1948886.9098770344, 957135.3884251259 1948941.6492333938, 956996.7774756093 1948952.0801545556, 956943.7830293841 1949003.1403819788, 956843.8785354316 1948966.6664776402, 956708.262945543 1949009.4703377222, 956661.2449537198 1949081.2598626462, 956644.2223199953 1949219.0389609074, 956604.7858421716 1949299.7942287435, 956629.5743704564 1949381.2551274963, 956626.4286693943 1949536.7956022392, 956553.2230192104 1949639.7657829684, 956647.4278261779 1949786.119083642, 956637.7813804831 1949860.2832203447, 956689.5941068841 1949952.8083226793, 956859.1045967826 1950018.3113977392, 956910.1825576513 1950120.8814272312, 956995.7880678009 1950191.1032956692, 957020.707276122 1950158.426363823, 957059.4841239034 1950098.380744433, 957145.6456171937 1950091.1665241865, 957113.6166498644 1949956.8372583494))",성동구,옥수동,성동구,옥수동,2.5764171757252208,3.0,Not Sig,0.004416426690372579,0.455,1.0
11200105,마장동,Majang-dong,423,0.000108,0.050924,11200105,1,2026-04-15,성동구,1120010500,마장동,6,6,6,4,3,"POLYGON ((960196.451159985 1951672.8537083936, 960110.0235826278 1951743.1619942237, 959998.0659953994 1951766.213157852, 959936.262117115 1951719.7447414706, 959852.7699882878 1951519.763434685, 959743.6997459349 1951560.16828322, 959597.8024564665 1951490.2599507894, 959532.7565732689 1951528.276508428, 959407.1926566606 1951504.1013187564, 959293.2007442565 1951515.8209945757, 959195.8546669902 1951788.6496682933, 959183.2105725359 1951938.6771220395, 959068.2666879676 1951955.2867944983, 958913.8819541454 1951978.1713800083, 958750.7243668755 1952180.0215496018, 958807.0891129987 1952282.8241148205, 958688.5949883023 1952405.0878009836, 958867.144886732 1952548.3593117136, 958996.308900056 1952615.7983878525, 959216.1344557377 1952644.2317037017, 959417.2868852849 1952621.157197466, 959557.4678969503 1952576.8434067331, 959871.236404969 1952384.1341067823, 959926.829285826 1952314.2288433001, 960196.451159985 1951672.8537083936))",성동구,마장동,성동구,마장동,0.8646183330153813,6.0,Not Sig,-0.02981822217155922,0.367,4.0
11290106,동소문동3가,Dongsomun-dong 3(sam)-ga,369,3e-06,0.010608,11290106,0,,,11290106,동소문동3가,0,0,0,0,0,"POLYGON ((957077.2133855679 1954762.6554876314, 956909.0353613464 1954689.2518357593, 956742.436788782 1954512.9705276953, 956690.5375206519 1954613.623660114, 957021.4017647221 1954820.7958517293, 957077.2133855679 1954762.6554876314))",성북구,동소문동3가,,,,,No Data,,,
11290130,보문동1가,Bomun-dong 1(il)-ga,330,7e-06,0.011699,11290130,0,,,11290130,보문동1가,0,0,0,0,0,"POLYGON ((957617.2002366708 1953986.4042664585, 957598.1075862825 1954032.2183706397, 957436.7368681093 1954393.572823972, 957517.6069772833 1954476.4515236674, 957641.4626111678 1954344.744168474, 957676.5273098003 1954254.1653382913, 957734.703832986 1954041.1589746955, 957737.3218020174 1954031.5580517245, 957617.2002366708 1953986.4042664585))",성북구,보문동1가,,,,,No Data,,,
11560118,도림동,Dorim-dong,430,5.9e-05,0.048642,11560118,1,2026-04-15,영등포구,1156011800,도림동,8,8,7,5,0,"POLYGON ((946901.7142282316 1945144.1387964173, 946839.9253058453 1945171.4487769348, 946683.2478666197 1945359.5495295052, 946654.0995506216 1945429.9385966589, 946429.8880464843 1945627.1818898784, 946355.5900203192 1945647.264290106, 946352.3780853389 1945791.1184806277, 946763.490914636 1946011.3480415116, 946799.6589273716 1945946.0253387045, 947004.505303748 1946033.149174031, 947072.6937525497 1945989.6320640387, 947126.5089850858 1945789.738550104, 947332.4721991812 1945765.9088395056, 947490.7783692976 1945884.1303491108, 947651.7337584206 1946062.6948485011, 947858.465674194 1946070.277829776, 947868.158927101 1945839.9639972318, 947583.4712886898 1945693.3614713894, 947564.3610959298 1945709.9953382215, 947230.3929245643 1945515.7303637192, 946815.8417439221 1945293.3193029806, 946901.7142282316 1945144.1387964173))",영등포구,도림동,영등포구,도림동,3.123977353109142,8.0,Not Sig,0.11622551311124922,0.362,1.0
11170110,청파동2가,Cheongpa-dong 2(i)-ga,408,2.3e-05,0.028901,11170110,1,2026-04-15,용산구,1117011000,청파동2가,7,7,6,5,4,"POLYGON ((953263.7746784384 1949813.3728410848, 953269.5172089929 1949565.2337515098, 953240.3986613014 1949661.6921540569, 953053.3372811337 1949582.41021997, 952958.005178984 1949642.5082150828, 952827.2649240107 1949637.6422038325, 952752.4570873386 1949669.267209055, 952599.52312392 1949537.1920896417, 952481.0840993114 1949529.3411449129, 952524.3675181553 1949748.2952282156, 952599.4564328367 1949861.9814134098, 952596.5958274943 1950058.4749677598, 952605.3863206168 1950061.8236993225, 952638.562026168 1950014.758160463, 952812.3799575251 1949991.7028156763, 952939.0544615507 1949852.4744207656, 952981.5999924095 1949881.469654699, 953222.8772999784 1949856.860712432, 953263.7746784384 1949813.3728410848))",용산구,청파동2가,,,,,No Data,,,
11170118,원효로4가,Wonhyoro 4(sa)-ga,409,3.2e-05,0.029914,11170118,1,2026-04-15,용산구,1117011800,원효로4가,1,1,1,0,0,"POLYGON ((951870.0408167288 1948486.2431284264, 951830.000643419 1948361.70657568, 951918.2948450269 1948225.6790635204, 951796.9467725158 1948119.4927804589, 951712.377899252 1948066.0046716935, 951151.6283778951 1948068.8924391915, 951008.3758394117 1948296.119871338, 951181.0680322554 1948475.2460044955, 951322.0539145683 1948474.7960367508, 951520.2743818857 1948421.4210016506, 951683.3045111573 1948574.9919137459, 951827.9037175676 1948536.881390171, 951870.0408167288 1948486.2431284264))",용산구,원효로4가,용산구,원효로4가,2.4142434678877684,1.0,Not Sig,-0.10483711254605353,0.371,4.0
11560101,영등포동,Yeongdeungpo-dong,410,5.9e-05,0.045845,11560101,1,2026-04-15,영등포구,1156010100,영등포동,6,6,6,6,3,"POLYGON ((947858.465674194 1946070.277829776, 947651.7337584206 1946062.6948485011, 947490.7783692976 1945884.1303491108, 947332.4721991812 1945765.9088395056, 947126.5089850858 1945789.738550104, 947072.6937525497 1945989.6320640387, 947004.505303748 1946033.149174031, 946799.6589273716 1945946.0253387045, 946763.490914636 1946011.3480415116, 947336.6962210028 1946315.3648844727, 947261.5508490374 1946374.0805143474, 947570.4157008857 1946509.8559615812, 947724.8050329571 1946578.4758075962, 947729.9883871924 1946556.9271214555, 948387.449469847 1946598.8140590377, 948292.8440720607 1946552.8578026204, 948298.0491451682 1946418.1572854551, 947994.3291622611 1946225.8635128175, 947858.465674194 1946070.277829776))",영등포구,영등포동,영등포구,영등포동,3.774991575721213,6.0,Not Sig,0.4101071352364587,0.24,1.0
11170119,효창동,Hyochang-dong,416,4.5e-05,0.042147,11170119,1,2026-04-15,용산구,1117011900,효창동,5,5,4,3,1,"MULTIPOLYGON (((952481.0840993114 1949529.3411449129, 952489.0020343454 1949304.7762189931, 952593.9366956495 1949374.4001906358, 952704.9528940647 1949387.9380891644, 952729.2185699112 1949265.511425179, 952667.0494779852 1949109.7846394277, 952678.6602804482 1948966.1272716413, 952649.8836026777 1948933.066129876, 952642.6932026024 1948928.5911905065, 952349.9677044088 1949039.3967006276, 952215.7403617682 1949074.763966538, 951999.5690780404 1949170.7624105145, 951995.0207323103 1949187.34563664, 952030.9228700319 1949284.3694289254, 952136.4845710242 1949358.607615299, 952069.1984632132 1949460.3486739541, 952106.6982452653 1949674.0528521948, 952234.926997308 1949767.0758361376, 952311.8340129805 1949808.4166219141, 952395.97625968 1949923.8227654984, 952596.5958274943 1950058.4749677598, 952599.4564328367 1949861.9814134098, 952524.3675181553 1949748.2952282156, 952481.0840993114 1949529.3411449129)), ((952688.0040777426 1949426.4191765569, 952557.9867599078 1949387.4099926238, 952574.5487091435 1949493.57618199, 952675.0855041243 1949505.5639754036, 952688.0040777426 1949426.4191765569)))",용산구,효창동,용산구,효창동,1.8185298469228492,5.0,Not Sig,-0.2752302838290177,0.082,4.0
11170101,후암동,Huam-dong,419,8.8e-05,0.047255,11170101,1,2026-04-15,용산구,1117010100,후암동,68,63,58,34,19,"POLYGON ((954154.9208523966 1950627.2013291253, 954250.1415174445 1950620.7129683448, 954426.8901283861 1950536.002370876, 954549.5166699004 1950608.926548692, 954610.7662599705 1950568.490066674, 954752.3125693606 1950358.2332140463, 954712.6209021739 1950202.265251413, 954738.7537482781 1950070.7025097376, 954673.4256854384 1949947.7857098465, 954606.793037079 1949959.9247919337, 954380.0927202968 1949813.4098634738, 953922.5786791397 1949753.4643931692, 953653.6594050893 1949708.880287494, 953564.1644593402 1949925.86874496, 953471.830537335 1949969.0085300296, 953537.0599247161 1950066.321156782, 953639.3474572699 1950177.9890485776, 953666.5314330974 1950318.1589084838, 953633.4949637862 1950367.7414808536, 953693.7547331906 1950453.9737125512, 953757.1539103576 1950462.3532353984, 953758.0580637134 1950592.5341381102, 953767.4647640025 1950781.3341915614, 953965.1892974221 1950654.6463825584, 953959.055661878 1950556.7287267873, 954102.4458283572 1950576.7882361661, 954154.9208523966 1950627.2013291253))",용산구,후암동,용산구,후암동,-0.4456886538162847,63.0,Not Sig,-0.09278547797507516,0.202,2.0
11440122,합정동,Hapjeong-dong,261,0.000178,0.063366,11440122,1,2026-04-15,마포구,1144012200,합정동,81,81,75,48,7,"POLYGON ((948787.5083972097 1950045.7236860902, 948774.9070132095 1950010.2466114883, 948696.0207430907 1949799.6255770654, 948608.3348743935 1949637.1953860521, 948467.5988705757 1949507.9922937166, 948508.1079065736 1949445.4130111204, 948510.8353494852 1949282.1148404216, 947423.343771028 1949288.0110438725, 947191.7448168682 1949590.1116363914, 947160.2810649136 1949689.409548351, 946907.8476489441 1950022.495749768, 946624.9550944045 1950139.3605968875, 947369.2945230291 1950431.687497427, 948037.5585085048 1950700.7526834055, 948097.8813011996 1950444.7434157922, 948147.1465666805 1950456.3670108598, 948296.8329138814 1950296.2228493555, 948270.7037606331 1950211.7816749073, 948334.0322826512 1950143.1107241209, 948657.2759985282 1950056.8059568442, 948787.5083972097 1950045.7236860902))",마포구,합정동,마포구,합정동,0.7478180530964431,81.0,Not Sig,0.03096525818222188,0.285,1.0
11170130,이태원동,Itaewon-dong,421,0.000147,0.055691,11170130,1,2026-04-15,용산구,1117013000,이태원동,129,128,121,76,24,"POLYGON ((955632.8799635296 1948261.6897504483, 955548.3215072354 1948156.0129315713, 955446.5691580273 1947885.1574951562, 955366.9607241094 1947847.0897770564, 955211.4530160793 1947892.8630731134, 955118.9726277856 1947867.7159359874, 955073.0620871761 1947946.6886386115, 954784.4590824 1948449.314526909, 954704.959948605 1948488.05624109, 954650.8874906435 1948864.9662438643, 954810.0260522903 1949439.151815464, 954904.1622472784 1949535.9007598634, 954974.7876295433 1949814.1348418607, 955089.163354565 1949960.8344010778, 955245.4368460197 1950068.9543518971, 955246.4766940451 1950067.5040951385, 955305.6165679074 1950017.7313418323, 955344.8015800072 1949915.2261567072, 955411.8783343226 1949886.5091437176, 955464.7101860681 1949823.12396891, 955543.1785330696 1949644.3189124693, 955542.1168564723 1949523.4112730387, 955644.4399496325 1949327.936817814, 955618.5163013587 1949178.5815848538, 955492.7077651961 1949060.7736626372, 955354.4167012721 1948859.535679648, 955487.7592371675 1948695.3358065286, 955563.2627767443 1948554.786047088, 955565.3418989338 1948348.8918445106, 955632.8799635296 1948261.6897504483))",용산구,이태원동,용산구,이태원동,-0.3548342926891157,128.0,Not Sig,0.08700452871787093,0.209,3.0
11170128,한강로3가,Hangangno 3(sam)-ga,450,0.000122,0.056982,11170128,1,2026-04-15,용산구,1117012800,한강로3가,15,15,12,10,3,"POLYGON ((952979.1286237931 1947701.2317067923, 953109.0627127775 1947601.3954507108, 953197.5875534668 1947587.2924742538, 953175.9959384411 1947447.52767049, 953138.3593141214 1947394.4754891929, 953170.9054868876 1947266.369731853, 953312.8262362736 1947248.4774121665, 953345.6983346272 1947159.3387777319, 953185.3662552467 1947186.6670036472, 952883.5323850858 1947090.0343449374, 952711.1250848293 1947081.0281776867, 952313.0454570787 1947247.358071974, 952078.1136076843 1947426.084923086, 952010.9913256699 1947499.3585701333, 952017.5421065879 1947657.5567509488, 951864.1532693671 1947698.0785492929, 951812.0780597993 1947827.1919776376, 951796.9467725158 1948119.4927804589, 951918.2948450269 1948225.6790635204, 952088.7896834948 1948342.9257930575, 952174.1591854929 1948331.7188166403, 952339.8707960048 1948372.3678978367, 952516.6495702902 1948369.4533421726, 952628.1503516609 1948468.7082823082, 952668.3135329175 1948291.315075224, 952723.4076865652 1948259.5417537368, 952929.7908973673 1948014.545769769, 952708.3020083966 1947734.8802138306, 952735.1854801681 1947605.9530385511, 952814.4103692367 1947545.4755724864, 952951.2263924221 1947722.8274299651, 952979.1286237931 1947701.2317067923))",용산구,한강로3가,용산구,한강로3가,1.3687082141286722,14.0,Not Sig,-0.12481160329196518,0.221,4.0
11200109,금호동1가,Geumho-dong 1(il)-ga,319,5.4e-05,0.060826,11200109,1,2026-04-15,성동구,1120010900,금호동1가,2,2,2,2,0,"POLYGON ((958442.6855638925 1950603.0857800625, 958399.3183677647 1950445.857164956, 958449.6752098646 1950359.6968084967, 958380.3978301565 1950109.7224501257, 958423.5993813412 1950060.7606698717, 958226.0630061533 1949976.175766332, 958102.3491303889 1949976.7420839353, 958138.251108612 1950188.9303890127, 958057.0700486454 1950431.2468059768, 957906.6379393841 1950521.524476215, 957731.3948257164 1950577.4164219943, 957604.0710267329 1950694.4380361731, 957591.1829184446 1950935.005518267, 957486.0746957011 1950922.1148929072, 957433.4113734886 1950873.0594213847, 957379.1878603303 1950601.4785474588, 957476.4348901476 1950486.3032909392, 957396.7645820295 1950306.9161780023, 957314.7740530686 1950351.6975244258, 957193.473396662 1950320.1463925878, 957020.707276122 1950158.426363823, 956995.7880678009 1950191.1032956692, 957149.850764149 1950354.5697654237, 957338.1466102919 1950588.7996537394, 957327.3292154581 1950679.322815335, 957370.7294386709 1950833.3827504069, 957433.3004536092 1950942.642246101, 957686.2190711913 1951050.2266318952, 957776.4592521043 1951010.7707477333, 957864.3716107674 1951053.0965947781, 957982.1648762414 1951071.0766219678, 958029.461599264 1951020.1350003525, 958025.5859398443 1950814.140998481, 958181.4504813766 1950703.559932563, 958442.6855638925 1950603.0857800625))",성동구,금호동1가,,,,,No Data,,,
11290127,보문동5가,Bomun-dong 5(o)-ga,334,6e-06,0.011118,11290127,0,,,11290127,보문동5가,0,0,0,0,0,"POLYGON ((957637.5350146088 1953566.991136492, 957532.3095510646 1953832.646119781, 957476.3781761876 1953926.2013545167, 957605.7501334483 1953981.3784776896, 957621.319349061 1953976.7342807215, 957767.1973039688 1953631.582380478, 957789.8164241164 1953631.452599764, 957637.5350146088 1953566.991136492))",성북구,보문동5가,,,,,No Data,,,
11200115,성수동2가,Seongsu-dong 2(i)-ga,336,0.000231,0.081824,11200115,1,2026-04-15,성동구,1120011500,성수동2가,43,43,42,33,8,"POLYGON ((960302.2322461826 1950372.4772883824, 960839.1920940343 1950082.7080070663, 961110.0033708098 1949989.1425437143, 961367.147015437 1949952.6609065128, 961794.1919365884 1949976.4349023039, 961482.7354171057 1949291.630143431, 960968.4033696947 1948161.1934653283, 960790.441887355 1947761.5056186821, 960694.1490988639 1947800.079723892, 960148.5828644264 1948232.72980218, 960264.0664710387 1948585.396900575, 960276.8249548849 1948685.0207674017, 960418.3481435493 1948886.3726816508, 960347.0512135447 1949112.7633507275, 960306.3696101676 1949159.8641888478, 960338.1626779963 1949290.320387551, 960417.9937787191 1949444.6315599254, 960213.347296595 1949523.0494849144, 960247.0442064311 1949653.4033150629, 960441.1731262585 1950261.0012092853, 960404.2843454753 1950291.283718776, 960063.2575983256 1950368.2890096367, 959980.0245925826 1950521.6966832574, 960166.5334211914 1950452.2956570708, 960302.2322461826 1950372.4772883824))",성동구,성수동2가,,,,,No Data,,,
11710112,오금동,Ogeum-dong,371,0.000168,0.060311,11710112,1,2026-04-15,송파구,1171011200,오금동,5,5,3,2,0,"MULTIPOLYGON (((968200.3615230687 1945491.2158262872, 968185.9092871093 1945533.8307917335, 968208.8938448111 1945507.7960815192, 968200.3615230687 1945491.2158262872)), ((968200.3615230687 1945491.2158262872, 968212.2299591007 1945456.2196504136, 968317.9975376491 1945331.8984235614, 968255.4609789567 1945251.1955499162, 968272.8335629824 1945196.2666596412, 968485.6093722861 1945076.7801001142, 968545.6782687795 1945074.6916264868, 968442.0998617614 1944985.5328085595, 968476.7397283991 1944943.7124851884, 968327.7870523948 1944568.047804196, 968204.8064434117 1944258.764573203, 968123.332746029 1944105.494809236, 967362.6036834263 1944620.9152626223, 966825.6996403323 1945073.4202965354, 966742.1412024196 1945129.3553496695, 967125.3284261762 1945901.8752977368, 967664.4990524248 1945621.1578500783, 967670.9069796157 1945578.063834923, 968127.1747786405 1945348.9972205139, 968200.3615230687 1945491.2158262872)))",송파구,오금동,송파구,오금동,0.5935877281930182,5.0,Not Sig,-0.04806433346247532,0.093,4.0
11710113,거여동,Geoyeo-dong,338,0.00024,0.071454,11710113,1,2026-04-15,송파구,1171011300,거여동,5,5,4,4,1,"POLYGON ((969737.8202504171 1943492.1812163095, 969616.1111773018 1943416.148459738, 969520.0906609673 1943288.4301900303, 969482.1500881696 1943174.8331005813, 969251.6427452068 1943056.858009334, 969125.1549088793 1942891.629852645, 969149.2339451911 1942804.192372601, 969100.7506279808 1942673.9607281364, 969116.9676855241 1942589.5977969337, 968980.6817832399 1942448.3582134051, 968876.2752578396 1942245.5017110822, 968683.0158218967 1942357.168709461, 968454.5364596585 1942519.6701588833, 968308.8913297231 1942640.6664421617, 968325.9249833316 1942718.7652243283, 968246.8808294092 1942752.9798893896, 968132.0618621892 1942858.9065188754, 968079.388610951 1942799.6666980796, 967990.5358088423 1942816.196160319, 967910.677873402 1942918.5849684484, 967979.285554128 1943064.0496936538, 968087.3476626374 1943212.9307067785, 968035.4366692256 1943340.5974229712, 967957.5282254417 1943359.7367505417, 967965.2088957422 1943498.6268838427, 967854.7716759213 1943547.4806516177, 967943.3008054033 1943639.5687411444, 967944.1326959672 1943850.489657191, 968002.7099598972 1943963.7093093847, 968123.332746029 1944105.494809236, 968204.8064434117 1944258.764573203, 968327.7870523948 1944568.047804196, 968411.6447447536 1944519.4713077159, 968580.0170437257 1944519.9095291262, 968634.5278711574 1944458.408738637, 969078.7806799489 1944076.0780324081, 969150.122074209 1944004.9984859896, 969276.3104706091 1943814.0731420936, 969559.1705959942 1943632.0941676346, 969737.8202504171 1943492.1812163095))",송파구,거여동,송파구,거여동,0.3903342604765324,5.0,Not Sig,-0.014084016550173908,0.062,4.0
11290139,석관동,Seokgwan-dong,339,0.000177,0.064812,11290139,0,,,11290139,석관동,0,0,0,0,0,"POLYGON ((962141.8398821055 1956554.131524977, 961911.9802399849 1956440.7076505173, 961766.137900352 1956387.1167618576, 961712.7662808675 1956330.229476715, 961604.3953948895 1956357.5239787216, 961490.3049955035 1956293.6902814207, 961357.4329107018 1956279.7882422782, 961230.9192495518 1956098.253066802, 961172.0499487027 1956050.753611802, 961179.3516718458 1955904.1164722918, 961088.0396963791 1955829.6308891417, 960937.686837672 1955846.2148431384, 960916.1280297008 1955880.0986567554, 960463.1774737787 1955731.7367745636, 960393.1419789207 1955838.5301195707, 960524.8743598654 1955993.6188055924, 960491.1528342671 1956076.4246275993, 960495.7129896905 1956203.8514005786, 960336.0104229884 1956467.7376903654, 960392.7723910057 1956580.9607613934, 960398.8732599034 1956584.9220736513, 960437.8157118765 1956611.650071268, 960484.1729553472 1956641.8569463193, 960501.7812949051 1956653.2316032024, 960516.7090521343 1956663.0265203118, 960561.1671407345 1956691.9702960332, 960581.3886953461 1956705.0548191147, 960647.0546291888 1956747.3590768424, 960667.6545370268 1956760.6429381797, 960698.0184147462 1956780.4917066186, 960743.1023249173 1956810.103161719, 960760.4440075004 1956820.3031321573, 960803.0281941494 1956848.0971032395, 960805.9277149946 1956850.1320434709, 960819.3045357646 1956858.8871533636, 960829.1475390533 1956865.2468678253, 960831.9079322591 1956866.8868339786, 960841.2273351854 1956873.0205956714, 960871.8826001191 1956892.8101474023, 960877.3387622489 1956896.3373842859, 960909.3008882452 1956917.0922527525, 960911.0277313902 1956917.7656599507, 960911.6558836581 1956918.699541982, 960928.8646151279 1956930.015849054, 960932.0282299693 1956931.9356439435, 960934.0807429859 1956933.2993924038, 960935.6786375464 1956934.2738599847, 960938.847243491 1956936.2046177736, 960958.1125078588 1956948.9497316529, 960963.4844255786 1956952.2026032656, 960991.8075016761 1956970.4546359943, 961015.0990621047 1956985.5599854486, 961038.5569222019 1957001.4189534192, 961056.7524272865 1957013.0570703428, 961059.6257938521 1957014.6796054933, 961105.8440670938 1957045.583554251, 961143.2664538685 1957070.5646593536, 961151.3382400929 1957076.1444404495, 961163.0537554291 1957084.3814404027, 961166.1082985892 1957086.6118237805, 961168.0977081606 1957088.1620961397, 961171.8094045025 1957090.7631856143, 961184.1753930091 1957099.8939597504, 961233.7727107862 1957135.5709687818, 961255.0185124815 1957151.344035462, 961260.2234137752 1957155.21020059, 961264.9504258491 1957158.7261212778, 961268.3251963024 1957161.2563796418, 961289.708703254 1957177.421202737, 961313.7165316942 1957194.366993454, 961337.5306064073 1957204.5386046178, 961311.092789869 1957197.848368287, 961330.9555397787 1957211.334346324, 961373.2714922322 1957241.1836744577, 961378.714449784 1957244.9653703612, 961457.4858979445 1957293.3122674401, 961458.9391396969 1957294.201634008, 961597.9131384097 1957348.5974849535, 962022.5066810971 1957452.5816585813, 962066.5390708034 1957416.014622418, 962145.6772000999 1957344.1389322774, 962203.8702131987 1957205.6188443212, 962141.8398821055 1956554.131524977))",성북구,석관동,,,,,No Data,,,
11440117,신정동,Sinjeong-dong,285,1.3e-05,0.016738,11440117,0,,,11440117,신정동,0,0,0,0,0,"POLYGON ((949700.3277988991 1949675.6572167813, 949727.0191046835 1949606.775703217, 949835.815539741 1949597.127244422, 949897.3094387413 1949552.1542616915, 949813.2879200794 1949369.5205844638, 949809.7985660917 1949212.6054560787, 949656.6511679774 1949276.4413570135, 949505.9394504132 1949276.972485841, 949548.8255267616 1949564.4224440667, 949536.8141178965 1949676.4663744383, 949591.9663969179 1949744.4210166202, 949700.3277988991 1949675.6572167813))",마포구,신정동,,,,,No Data,,,
11470103,신월동,Sinwol-dong,455,0.000518,0.142272,11470103,0,,,11470103,신월동,0,0,0,0,0,"POLYGON ((940796.053656271 1950033.672248047, 940856.104426534 1949816.1100213598, 940789.1522303339 1949589.4045059474, 940833.9940804156 1949467.7041644633, 940811.2718801646 1949359.5064933086, 941086.9431076043 1949379.0017376237, 941141.038293394 1949155.940493194, 941265.2900086545 1948898.7232679008, 941259.2051871507 1948808.5623762999, 941198.382735061 1948779.6910860352, 941726.716685726 1947669.775707402, 942469.5000991853 1947821.0011055304, 942785.1684229978 1947062.5837847872, 942636.8832590283 1947187.4691000744, 942348.4162500617 1947220.3637187365, 942278.4813877573 1947176.333152417, 942444.7132972246 1947021.8968428972, 942424.8940581756 1946531.2599392931, 942271.778278192 1946452.3726646078, 942099.8841690036 1946273.7185888488, 941985.5027617572 1946292.2486127384, 941900.6237061744 1946186.8589687906, 941790.2309814423 1946212.7020412507, 941663.1500112722 1946305.920838325, 941473.4953630068 1946238.2777236018, 941254.0696202745 1946391.3614043286, 941240.5378952944 1946462.7261385783, 941123.522355112 1946418.5408052958, 941079.4096034613 1946517.4931493301, 940939.7521679925 1946393.8925294273, 940935.719911723 1946355.4517541123, 940721.611128799 1946329.6722381075, 940626.0503731193 1946249.0895763563, 940618.0976787895 1946099.9046954955, 940540.3411023775 1946023.2568636201, 940529.6835154743 1945888.8631554989, 940274.5089172779 1945909.1930886558, 940245.5004356154 1945948.2287564615, 940296.0826502474 1946203.1844017436, 940283.6244515602 1946346.5252311626, 940208.5006455897 1946400.9810523451, 940183.2968020908 1946541.7142419934, 940307.4863786298 1946706.703704617, 940408.4698469925 1946968.248170307, 940397.7060353684 1947153.8804735583, 940368.3684282994 1947293.0494160834, 940512.4106414178 1947527.2932702845, 940636.580300299 1947604.702862314, 940661.9147924997 1947701.159406201, 940614.4156967261 1947886.0421702475, 940644.911163547 1947959.5770931772, 940544.3570441616 1948035.715872764, 940410.93401021 1948051.9848919734, 940225.1160694347 1948360.7092652547, 940236.7915695409 1948487.8746718648, 940093.5306813141 1948607.0083486678, 940140.1080579953 1948797.0416350828, 940131.2684869731 1948950.340704978, 940068.0962094138 1949149.202639206, 940115.8095242352 1949256.0592398816, 940405.0766982695 1949365.1100875433, 940467.1957912425 1949505.7264659116, 940435.894744764 1949612.551310435, 940463.0590011155 1949720.18189286, 940552.9270839682 1949852.3330653664, 940607.6288960474 1950030.8069827468, 940796.053656271 1950033.672248047))",양천구,신월동,,,,,No Data,,,
11170129,이촌동,Ichon-dong,456,0.000415,0.107174,11170129,1,2026-04-15,용산구,1117012900,이촌동,8,8,8,4,2,"POLYGON ((953345.6983346272 1947159.3387777319, 953768.6890823372 1946998.1713034331, 954014.3600581893 1946898.338606691, 954310.9341480242 1946812.4546084588, 954306.1386177004 1946564.2542016085, 954270.2361053887 1946427.7583037612, 954261.2333681732 1946253.1014010233, 954255.8769506145 1945378.136157107, 954078.1880272706 1945379.7817087935, 953880.7515902739 1945382.4407646575, 953622.6889086819 1945434.8070833548, 953517.8976653953 1945486.607106537, 953170.8614018768 1945657.8560201998, 952895.5659847525 1945752.6015755143, 952717.3773679397 1945861.8821009705, 952445.644803304 1946116.3567968209, 951813.1616501381 1946445.282622417, 951416.1902130817 1946601.6086530085, 951388.0141680676 1946611.9507366593, 951393.4023265525 1947667.4270385124, 951151.6283778951 1948068.8924391915, 951712.377899252 1948066.0046716935, 951796.9467725158 1948119.4927804589, 951812.0780597993 1947827.1919776376, 951864.1532693671 1947698.0785492929, 952017.5421065879 1947657.5567509488, 952010.9913256699 1947499.3585701333, 952078.1136076843 1947426.084923086, 952313.0454570787 1947247.358071974, 952711.1250848293 1947081.0281776867, 952883.5323850858 1947090.0343449374, 953185.3662552467 1947186.6670036472, 953345.6983346272 1947159.3387777319))",용산구,이촌동,용산구,이촌동,3.6927903030286298,8.0,Not Sig,0.3368132231858168,0.245,1.0
11170136,보광동,Bogwang-dong,457,7.3e-05,0.041395,11170136,1,2026-04-15,용산구,1117013600,보광동,16,15,15,11,6,"POLYGON ((956497.4637068006 1947376.236071209, 956393.3376249397 1947244.5061120498, 956100.5865950721 1946990.5454913892, 955952.7086569237 1947176.0962292375, 955889.6618530789 1947214.2215431845, 955720.1499637676 1947186.150942001, 955655.6684987778 1947241.9994331163, 955675.8626668274 1947353.0228057504, 955591.0874552064 1947398.1428537266, 955521.9016011324 1947523.0355220442, 955557.4128328644 1947590.8089515367, 955472.223789755 1947767.2510127728, 955446.5691580273 1947885.1574951562, 955548.3215072354 1948156.0129315713, 955632.8799635296 1948261.6897504483, 955899.0975426717 1948158.9190311956, 956120.5778591251 1948005.2100348582, 956161.5534533934 1947898.9862147295, 956070.6503769417 1947767.018499337, 956193.9406191724 1947663.3942697858, 956245.8455713412 1947566.1722054484, 956497.4637068006 1947376.236071209))",용산구,보광동,용산구,보광동,0.07696497068511263,15.0,Not Sig,0.04793313685019541,0.122,3.0
11170131,한남동,Hannam-dong,458,0.000309,0.088244,11170131,1,2026-04-15,용산구,1117013100,한남동,20,20,19,17,3,"POLYGON ((956626.4286693943 1949536.7956022392, 956629.5743704564 1949381.2551274963, 956604.7858421716 1949299.7942287435, 956644.2223199953 1949219.0389609074, 956661.2449537198 1949081.2598626462, 956708.262945543 1949009.4703377222, 956843.8785354316 1948966.6664776402, 956943.7830293841 1949003.1403819788, 956996.7774756093 1948952.0801545556, 957135.3884251259 1948941.6492333938, 957154.8385219956 1948886.9098770344, 957377.1780760825 1948813.3519612786, 957367.1236275939 1948407.237719246, 957152.3421244314 1948201.9520441229, 956924.4004278597 1947931.206953795, 956579.4781110986 1947479.921293799, 956497.4637068006 1947376.236071209, 956245.8455713412 1947566.1722054484, 956193.9406191724 1947663.3942697858, 956070.6503769417 1947767.018499337, 956161.5534533934 1947898.9862147295, 956120.5778591251 1948005.2100348582, 955899.0975426717 1948158.9190311956, 955632.8799635296 1948261.6897504483, 955565.3418989338 1948348.8918445106, 955563.2627767443 1948554.786047088, 955487.7592371675 1948695.3358065286, 955354.4167012721 1948859.535679648, 955492.7077651961 1949060.7736626372, 955618.5163013587 1949178.5815848538, 955644.4399496325 1949327.936817814, 955542.1168564723 1949523.4112730387, 955543.1785330696 1949644.3189124693, 955464.7101860681 1949823.12396891, 955411.8783343226 1949886.5091437176, 955512.3228559447 1949909.9819092206, 955547.6688110161 1950028.802278541, 955687.6991195306 1950158.3650089237, 955983.8766727698 1950197.210653804, 956087.4944741607 1950150.2378541864, 956217.6131831796 1950212.727550289, 956249.2152279348 1950043.1789757414, 956376.0633061811 1949987.9464758714, 956305.1508654967 1949894.7100576782, 956276.8728961616 1949764.4229226634, 956473.99209831 1949506.877870704, 956626.4286693943 1949536.7956022392))",용산구,한남동,용산구,한남동,1.6907967997747804,20.0,Not Sig,-0.03266981290865877,0.449,4.0
11440110,노고산동,Nogosan-dong,263,3.1e-05,0.034506,11440110,1,2026-04-15,마포구,1144011000,노고산동,70,69,68,50,7,"POLYGON ((950702.269213989 1950552.74240259, 950542.5782376056 1950620.8062085565, 950309.1670116642 1950526.0212595304, 950211.189699911 1950379.8134496827, 950139.4831053142 1950413.4099308976, 949952.7788323095 1950569.3438310144, 950003.708796175 1950607.0721187817, 949889.6132723034 1950752.32407925, 949903.7960212332 1950954.8423836573, 950262.0392246902 1950788.626106749, 950634.0465553693 1950939.6604320589, 950794.0906074138 1950955.4592745628, 950798.2197696397 1950850.1522296742, 950749.2488836504 1950783.919263917, 950876.4474096358 1950751.1271862308, 950844.3287253892 1950639.5590012893, 950749.6095960917 1950648.2320121825, 950702.269213989 1950552.74240259))",마포구,노고산동,마포구,노고산동,0.19159337588546368,69.0,Not Sig,-0.0018351150125071923,0.438,2.0
11560127,양평동3가,Yangpyeong-dong 3(sam)-ga,460,4.8e-05,0.036509,11560127,1,2026-04-15,영등포구,1156012700,양평동3가,6,6,2,0,0,"POLYGON ((946280.1225121395 1947443.8213155048, 945768.9349630005 1947544.987606243, 945483.4654195339 1947601.2189576114, 945804.1927049026 1947743.1708591646, 945943.2645463587 1947836.8336907448, 946064.3325423272 1948029.959721845, 946166.5075547883 1948213.4290999335, 946258.2957492042 1948418.7215358363, 946270.8946106061 1948542.0149564196, 946684.8157585361 1948281.7194917835, 946470.4874560746 1947942.6714170312, 946345.3116846663 1947744.4229866911, 946280.1225121395 1947443.8213155048))",영등포구,양평동3가,,,,,No Data,,,
11170109,청파동1가,Cheongpa-dong 1(il)-ga,441,2e-05,0.025345,11170109,1,2026-04-15,용산구,1117010900,청파동1가,15,15,15,13,5,"POLYGON ((953197.7117878734 1950162.7346445227, 953251.4414199339 1950056.6466612646, 953263.7746784384 1949813.3728410848, 953222.8772999784 1949856.860712432, 952981.5999924095 1949881.469654699, 952939.0544615507 1949852.4744207656, 952812.3799575251 1949991.7028156763, 952638.562026168 1950014.758160463, 952605.3863206168 1950061.8236993225, 952646.5652324108 1950182.443919901, 952748.4439527607 1950215.2622792588, 952849.2382402002 1950361.6261105067, 953023.8587478892 1950227.9832685876, 953197.7117878734 1950162.7346445227))",용산구,청파동1가,,,,,No Data,,,
11170125,한강로2가,Hangangno 2(i)-ga,445,4.6e-05,0.041639,11170125,1,2026-04-15,용산구,1117012500,한강로2가,2,2,2,2,1,"POLYGON ((953472.3373227865 1948129.9235394807, 953411.7952105509 1948108.1035649364, 953345.5082959435 1947988.9596841326, 953292.1581448826 1947995.288290464, 953124.0447369791 1947907.4134063309, 953093.52352589 1947696.7078554004, 952979.1286237931 1947701.2317067923, 952951.2263924221 1947722.8274299651, 952814.4103692367 1947545.4755724864, 952735.1854801681 1947605.9530385511, 952708.3020083966 1947734.8802138306, 952929.7908973673 1948014.545769769, 952723.4076865652 1948259.5417537368, 952668.3135329175 1948291.315075224, 952628.1503516609 1948468.7082823082, 952725.5684102534 1948486.0464735443, 953062.2045038771 1948398.4777772564, 953124.8755400736 1948457.9025639216, 953237.8529984147 1948713.4690810244, 953458.6256058058 1948603.9924805406, 953271.9483643456 1948346.3405688046, 953452.6446224086 1948262.7189168811, 953395.7079150276 1948188.318718923, 953472.3373227865 1948129.9235394807))",용산구,한강로2가,용산구,한강로2가,-1.3959628096908805,2.0,Not Sig,0.161794276702006,0.311,3.0
11170102,용산동2가,yongsan-dong  2(i)-ga,446,0.00012,0.055736,11170102,1,2026-04-15,용산구,1117010200,용산동2가,33,33,32,19,1,"POLYGON ((955161.445113394 1950201.8098210935, 955228.2905137878 1950092.8465471882, 955245.4368460197 1950068.9543518971, 955089.163354565 1949960.8344010778, 954974.7876295433 1949814.1348418607, 954904.1622472784 1949535.9007598634, 954810.0260522903 1949439.151815464, 954650.8874906435 1948864.9662438643, 954704.959948605 1948488.05624109, 954589.4863691438 1948538.1282155702, 954113.001404914 1948516.78207412, 954097.997046843 1948994.924419638, 953977.9507556363 1949360.954380229, 953993.813337163 1949492.8789279398, 953922.5786791397 1949753.4643931692, 954380.0927202968 1949813.4098634738, 954606.793037079 1949959.9247919337, 954673.4256854384 1949947.7857098465, 954738.7537482781 1950070.7025097376, 954712.6209021739 1950202.265251413, 954752.3125693606 1950358.2332140463, 954834.555719796 1950369.0152889953, 955015.4548586773 1950319.786330534, 955161.445113394 1950201.8098210935))",용산구,용산동2가,용산구,용산동2가,0.5958130458567616,2.0,Not Sig,-0.0016203938908659718,0.49,4.0
11170111,청파동3가,Cheongpa-dong 3(sam)-ga,448,2.3e-05,0.030574,11170111,1,2026-04-15,용산구,1117011100,청파동3가,5,5,4,2,1,"POLYGON ((953269.5172089929 1949565.2337515098, 953273.9656768555 1949300.5328235526, 953230.1587137269 1949264.0656168468, 953044.6538518341 1949337.0840626813, 953016.1863620018 1949257.9602179183, 952889.7495894512 1949276.3201060882, 952729.2185699112 1949265.511425179, 952704.9528940647 1949387.9380891644, 952593.9366956495 1949374.4001906358, 952489.0020343454 1949304.7762189931, 952481.0840993114 1949529.3411449129, 952599.52312392 1949537.1920896417, 952752.4570873386 1949669.267209055, 952827.2649240107 1949637.6422038325, 952958.005178984 1949642.5082150828, 953053.3372811337 1949582.41021997, 953240.3986613014 1949661.6921540569, 953269.5172089929 1949565.2337515098), (952688.0040777426 1949426.4191765569, 952675.0855041243 1949505.5639754036, 952574.5487091435 1949493.57618199, 952557.9867599078 1949387.4099926238, 952688.0040777426 1949426.4191765569))",용산구,청파동3가,,,,,No Data,,,
11200122,용답동,Yongdap-dong,379,0.000162,0.09755,11200122,1,2026-04-15,성동구,1120012200,용답동,9,9,9,7,3,"POLYGON ((960841.9739462105 1951713.3617264621, 961032.9134259217 1951531.69614979, 962100.1044760735 1951334.886844514, 962201.3050853398 1951280.7762600002, 961848.0185466158 1950837.3225578754, 961411.9644662691 1950923.3853773263, 960914.4726591981 1950901.312186415, 960618.7157009683 1950984.0381808637, 960487.600437468 1950703.0010329378, 960413.2325560395 1950418.6906653107, 960302.2322461826 1950372.4772883824, 960166.5334211914 1950452.2956570708, 960254.0801832373 1950564.0179881388, 960308.2655745177 1950710.3033488537, 960386.9729267868 1950800.4381960984, 960383.8121289132 1950940.5005963042, 960430.002476038 1951047.4296014097, 960370.140121868 1951113.9415036365, 960388.1676558821 1951243.2196330887, 960292.9010969461 1951301.8619239915, 960267.4240644583 1951374.0277353823, 960362.8776830651 1951498.5011616093, 960348.6611742321 1951594.5739216264, 960196.451159985 1951672.8537083936, 959926.829285826 1952314.2288433001, 959871.236404969 1952384.1341067823, 959557.4678969503 1952576.8434067331, 959417.2868852849 1952621.157197466, 959216.1344557377 1952644.2317037017, 959220.7953415718 1952728.015856458, 959549.7780658485 1952720.6810210976, 959607.2035871862 1952690.0890540306, 960082.6540951128 1952430.994979521, 960841.9739462105 1951713.3617264621))",성동구,용답동,성동구,용답동,0.11324835984468369,9.0,Not Sig,0.008304168276713703,0.443,3.0
11200106,사근동,Sageun-dong,383,6.9e-05,0.044363,11200106,1,2026-04-15,성동구,1120010600,사근동,2,2,2,2,1,"POLYGON ((960196.451159985 1951672.8537083936, 960348.6611742321 1951594.5739216264, 960362.8776830651 1951498.5011616093, 960267.4240644583 1951374.0277353823, 960292.9010969461 1951301.8619239915, 960388.1676558821 1951243.2196330887, 960370.140121868 1951113.9415036365, 960430.002476038 1951047.4296014097, 960383.8121289132 1950940.5005963042, 960386.9729267868 1950800.4381960984, 960308.2655745177 1950710.3033488537, 960254.0801832373 1950564.0179881388, 960166.5334211914 1950452.2956570708, 959980.0245925826 1950521.6966832574, 959893.0196290549 1950579.9108581124, 959920.733736666 1950663.6093633026, 959891.9592833368 1950866.3071303673, 959912.9062117155 1950910.0707099673, 959845.5852406323 1951044.7582391202, 959667.0508411962 1951138.1488599225, 959666.0703902417 1951226.8641910383, 959555.1913747508 1951373.0199344072, 959496.2697523021 1951394.6104575659, 959532.7565732689 1951528.276508428, 959597.8024564665 1951490.2599507894, 959743.6997459349 1951560.16828322, 959852.7699882878 1951519.763434685, 959936.262117115 1951719.7447414706, 959998.0659953994 1951766.213157852, 960110.0235826278 1951743.1619942237, 960196.451159985 1951672.8537083936))",성동구,사근동,성동구,사근동,1.5883973544698335,2.0,Not Sig,-0.15993511106272698,0.253,4.0
11290134,길음동,Gireum-dong,385,0.00012,0.05457,11290134,0,,,11290134,길음동,0,0,0,0,0,"POLYGON ((958540.7427531057 1956720.6800969972, 958464.5236001499 1956603.3692473138, 958316.7674258238 1956428.7841192887, 958106.6322939938 1956217.5902645465, 958145.5193775563 1956129.9801959686, 958015.300686657 1955987.1767585191, 957806.4783200617 1955957.3584568931, 957645.5507591187 1955983.158185031, 957618.9062327544 1956100.8011451738, 957646.1544236353 1956185.4595698544, 957606.0431219207 1956307.9002990762, 957504.8326574224 1956391.1874966582, 957263.4232212501 1956525.9643376037, 957317.1126744542 1956577.7280815705, 957335.7145305398 1956699.0574749224, 957294.7878697591 1956798.4091375356, 957216.4829005421 1956871.365422842, 957147.8906691824 1957122.4576907032, 957151.8654281421 1957360.8357640675, 957345.7552781306 1957381.8397033622, 957423.594468857 1957352.8059841802, 957503.9267792164 1957264.6505107784, 957570.5908233015 1957260.330548718, 957697.0775588121 1957117.0585631796, 957811.6899638479 1957090.238036103, 957825.9007647198 1956991.0808064817, 958049.7532770222 1957075.6464200933, 958170.8093120292 1957084.667044585, 958204.6775804966 1957134.1157635453, 958536.2372950619 1957096.3121268412, 958550.1782357405 1956979.294013555, 958540.7427531057 1956720.6800969972))",성북구,길음동,,,,,No Data,,,
11200110,금호동2가,Geumho-dong 2(i)-ga,318,2.4e-05,0.032805,11200110,1,2026-04-15,성동구,1120011000,금호동2가,3,3,3,3,1,"POLYGON ((958102.3491303889 1949976.7420839353, 958097.1695595243 1949977.8329790933, 958096.5271015632 1950090.8732863707, 958047.187363732 1950197.0060523879, 957894.2385549321 1950277.1165906321, 957788.7187198544 1950299.4858957687, 957689.4219032709 1950377.0269892074, 957483.0116661921 1950393.89268177, 957396.7645820295 1950306.9161780023, 957476.4348901476 1950486.3032909392, 957379.1878603303 1950601.4785474588, 957433.4113734886 1950873.0594213847, 957486.0746957011 1950922.1148929072, 957591.1829184446 1950935.005518267, 957604.0710267329 1950694.4380361731, 957731.3948257164 1950577.4164219943, 957906.6379393841 1950521.524476215, 958057.0700486454 1950431.2468059768, 958138.251108612 1950188.9303890127, 958102.3491303889 1949976.7420839353))",성동구,금호동2가,,,,,No Data,,,
11710111,방이동,Bangi-dong,323,0.000455,0.109523,11710111,1,2026-04-15,송파구,1171011100,방이동,54,54,49,19,0,"POLYGON ((968050.4802437203 1946731.5954659083, 968054.9069028422 1946730.1665656723, 968058.7416737602 1946732.7642578923, 968062.4040888543 1946735.2381334766, 968240.0917657627 1946636.6224194833, 968251.451026034 1946630.304971077, 968258.0963124194 1946626.7026126643, 968264.1341828282 1946623.4797919448, 968526.6182552727 1946476.2009020774, 968638.2520833426 1946453.7966098292, 968668.6055128719 1946368.242028646, 968594.5698222525 1946317.699521435, 968376.5178353428 1946323.828638116, 968308.6526689712 1946248.1033961799, 968486.9905031844 1946125.536432445, 968498.2916219053 1945990.9663081025, 968313.5927625272 1945963.2660315144, 968269.1822398913 1945741.308764392, 968215.7369828002 1945722.3187099115, 968185.9092871093 1945533.8307917335, 968208.8938448111 1945507.7960815192, 968127.1747786405 1945348.9972205139, 967670.9069796157 1945578.063834923, 967664.4990524248 1945621.1578500783, 967125.3284261762 1945901.8752977368, 966742.1412024196 1945129.3553496695, 966658.9227027906 1945185.3221814428, 966124.4215919991 1945457.5087127602, 965744.7708756088 1945732.6498050438, 965370.4042005367 1945928.50464575, 965241.1434142167 1946315.6459408049, 965776.1956339785 1946541.3919231603, 965794.3844724648 1946533.178549611, 966146.605946606 1947248.3419498873, 966363.2497651839 1947687.4237786713, 967648.4111717301 1946967.8847082113, 967683.9360404147 1946948.0163450527, 968029.5785872587 1946741.4791633757, 968029.6714737106 1946741.2291794068, 968050.4802437203 1946731.5954659083))",송파구,방이동,송파구,방이동,0.43039050014103925,54.0,Not Sig,-0.0023597310705920516,0.44,4.0
11215104,광장동,Gwangjang-dong,439,0.000244,0.072313,11215104,0,,,11215104,광장동,0,0,0,0,0,"POLYGON ((966019.295390465 1950893.3220375793, 965915.8341493687 1950597.6141930954, 965687.8509958282 1950186.829610727, 965680.1356876098 1949805.8339225207, 965473.3752834765 1949387.5614903155, 965396.4556581394 1949192.861082899, 964841.722920129 1948645.0387304144, 964307.7753245134 1949158.6227081076, 964060.246409715 1949453.6786632682, 964094.3979476008 1949492.7861898982, 964265.7843601474 1949571.9222623804, 964304.6464523129 1949636.2930337437, 964533.014676714 1949863.75267415, 964461.641263485 1949955.7648820556, 964484.772798761 1950182.5817484895, 964577.562238699 1950298.134641442, 964553.7863052589 1950367.380857731, 964705.4225976991 1950498.9566687995, 964796.7150253034 1950525.0565466236, 964857.2734722388 1950491.210011934, 964934.6205781738 1950544.8123428987, 964998.3401663656 1950660.7269164063, 965073.8639939146 1950704.9205378573, 965107.5240461886 1950859.6716319008, 965237.0876621867 1950863.5553102032, 965336.8388602862 1950990.1480278748, 965514.7737218695 1951094.5363896762, 965587.1830714681 1951060.848613341, 965759.5414068796 1951143.035433065, 965897.6027305918 1951079.0990480352, 965848.1300128684 1950901.8203633802, 966019.295390465 1950893.3220375793))",광진구,광장동,,,,,No Data,,,
11710107,가락동,Garak-dong,427,0.000349,0.118271,11710107,1,2026-04-15,송파구,1171010700,가락동,8,8,7,5,0,"POLYGON ((968123.332746029 1944105.494809236, 968002.7099598972 1943963.7093093847, 967606.660414491 1943537.4822872097, 967257.1857544817 1943861.4515319348, 967197.8607728172 1943805.8934618353, 966522.6924677476 1943358.9122630337, 966454.7740586174 1943527.9819558947, 966341.4200365128 1943741.3712734887, 966271.0326383123 1943737.5189177408, 965872.2909411286 1943593.7089857934, 965459.3309969835 1943432.7466089022, 965712.0689479382 1942992.6889578241, 965790.6124023696 1942871.554434026, 965668.1580514496 1942799.8364735092, 965667.9414364315 1942800.306220049, 965260.2254636316 1943522.5054916288, 964952.8432322041 1943791.3641739227, 964536.8062800728 1944036.0620959138, 964413.7622692306 1944069.1972510293, 964449.2899248732 1944101.2029815195, 964277.7500009199 1944192.7488872192, 964373.4236127825 1944167.5001160428, 964413.2745561758 1944259.8479858986, 964436.8002714185 1944313.3952298998, 965495.4169324589 1944702.3710680187, 965595.2696053786 1944583.8801679225, 965671.4094827429 1944637.1801186618, 965692.5548776991 1944651.064771796, 965901.7046162109 1944357.4063027329, 966345.8566926337 1944659.373535327, 966540.7010374718 1944838.1416688024, 966640.9220488557 1944951.6875409693, 966742.1412024196 1945129.3553496695, 966825.6996403323 1945073.4202965354, 967362.6036834263 1944620.9152626223, 968123.332746029 1944105.494809236))",송파구,가락동,송파구,가락동,1.7470533837797355,8.0,Not Sig,-0.04190368205485425,0.406,4.0
11560130,양평동6가,Yangpyeong-dong 6(yuk)-ga,438,1.3e-05,0.01775,11560130,0,,,11560130,양평동6가,0,0,0,0,0,"POLYGON ((946095.9939769892 1949096.090266184, 945948.8403237811 1949446.4947009594, 945807.6161746748 1949787.162330919, 945963.7739503757 1949663.7211316226, 946319.1087200101 1949433.63134022, 946095.9939769892 1949096.090266184))",영등포구,양평동6가,,,,,No Data,,,
11440121,동교동,Donggyo-dong,315,4.2e-05,0.040114,11440121,1,2026-04-15,마포구,1144012100,동교동,136,136,122,84,9,"POLYGON ((949903.7960212332 1950954.8423836573, 949889.6132723034 1950752.32407925, 949770.6832281897 1950739.1689953278, 949763.4891704115 1950779.1496685857, 949605.8411528054 1950896.2332665788, 949399.4098960642 1950985.6433967552, 949189.3500349348 1950916.3351078378, 949084.3706147391 1950835.3716045145, 948989.1721923844 1950718.160742416, 948666.8116267198 1951067.5528364966, 949065.6186571375 1951404.762405327, 949146.4407689555 1951446.3334418435, 949264.7807982556 1951380.1804347245, 949293.6552241617 1951438.22368489, 949412.1163363272 1951535.8882218641, 949367.9083700556 1951429.91454522, 949357.9138966809 1951210.311022648, 949903.7960212332 1950954.8423836573))",마포구,동교동,마포구,동교동,-0.6877712060687498,136.0,Not Sig,-0.006437438164817391,0.469,2.0
11290114,삼선동4가,Samseon-dong 4(sa)-ga,353,9e-06,0.014924,11290114,0,,,11290114,삼선동4가,0,0,0,0,0,"POLYGON ((957330.8054692938 1954659.7650018383, 957022.5662192211 1954538.9026464208, 956778.4661388575 1954442.7844395402, 956742.436788782 1954512.9705276953, 956909.0353613464 1954689.2518357593, 957077.2133855679 1954762.6554876314, 957262.9236782053 1954717.7697729003, 957330.8054692938 1954659.7650018383))",성북구,삼선동4가,,,,,No Data,,,
11170117,원효로3가,Wonhyoro 3(sam)-ga,451,1.6e-05,0.022214,11170117,1,2026-04-15,용산구,1117011700,원효로3가,4,4,4,4,3,"POLYGON ((952348.7688917506 1948633.0267681396, 952293.672188401 1948568.9116444758, 952392.9774110423 1948454.1492474254, 952339.8707960048 1948372.3678978367, 952174.1591854929 1948331.7188166403, 952088.7896834948 1948342.9257930575, 951918.2948450269 1948225.6790635204, 951830.000643419 1948361.70657568, 951870.0408167288 1948486.2431284264, 951981.2658298336 1948517.7553826163, 951988.3828825752 1948680.3153302397, 952123.1870549355 1948718.9281555014, 952238.1379854266 1948622.5544363882, 952348.7688917506 1948633.0267681396))",용산구,원효로3가,용산구,원효로3가,-7.021094817356132,4.0,Not Sig,-0.29214992507852844,0.389,2.0
11170132,동빙고동,Dongbinggo-dong,459,4.1e-05,0.036256,11170132,1,2026-04-15,용산구,1117013200,동빙고동,5,5,5,4,2,"POLYGON ((955446.5691580273 1947885.1574951562, 955472.223789755 1947767.2510127728, 955557.4128328644 1947590.8089515367, 955521.9016011324 1947523.0355220442, 955591.0874552064 1947398.1428537266, 955621.9569453424 1947351.6673172105, 955623.8082706616 1947212.0904210464, 955596.3947577538 1947050.685286731, 955723.1216117982 1946677.4688860825, 955596.8222211404 1946578.1111286317, 955466.3922988669 1946879.8662624152, 955374.7332509643 1946987.7246578864, 955329.2435980646 1947140.1331004759, 955243.8983217241 1947304.301666006, 955099.1953466943 1947438.281319024, 955074.4779933908 1947663.765376305, 955073.0620871761 1947946.6886386115, 955118.9726277856 1947867.7159359874, 955211.4530160793 1947892.8630731134, 955366.9607241094 1947847.0897770564, 955446.5691580273 1947885.1574951562))",용산구,동빙고동,용산구,동빙고동,-4.8465078456464665,5.0,Not Sig,-0.1726483051252135,0.404,2.0
11290129,보문동7가,Bomun-dong 7(chil)-ga,329,7e-06,0.012652,11290129,0,,,11290129,보문동7가,0,0,0,0,0,"POLYGON ((958008.1396202684 1953418.306225682, 957895.489148272 1953289.4111649, 957777.2698740455 1953384.3940476698, 957726.6855000874 1953498.408120823, 957637.5350146088 1953566.991136492, 957789.8164241164 1953631.452599764, 957865.9991273212 1953663.194598424, 957954.2529388247 1953460.3198101346, 958008.1396202684 1953418.306225682))",성북구,보문동7가,,,,,No Data,,,
11290119,동선동4가,Dongseon-dong 4(sa)-ga,332,9e-06,0.015957,11290119,0,,,11290119,동선동4가,0,0,0,0,0,"POLYGON ((957758.760777708 1955403.7846090025, 957722.1600140295 1955323.23851278, 957533.3630650569 1955116.0903247758, 957405.4539873457 1954979.0705653077, 957316.2464163018 1954917.8081063477, 957316.0583600064 1954917.840140013, 957288.4774683695 1955092.7511513962, 957519.500138745 1955289.9365434432, 957558.6582701644 1955410.9708283765, 957640.0319010629 1955461.5113267216, 957697.5779908343 1955386.3521768395, 957758.760777708 1955403.7846090025))",성북구,동선동4가,,,,,No Data,,,
11290120,동선동5가,Dongseon-dong 5(o)-ga,333,7e-06,0.016703,11290120,0,,,11290120,동선동5가,0,0,0,0,0,"POLYGON ((957552.0114997318 1955409.2444421002, 957558.6582701644 1955410.9708283765, 957519.500138745 1955289.9365434432, 957288.4774683695 1955092.7511513962, 957266.6970428976 1955229.200329586, 957147.7570309986 1955484.9908308475, 957138.3283102748 1955549.1808919837, 957217.7434025386 1955514.0940379282, 957271.0002392356 1955376.6290469405, 957372.9170783729 1955414.9116804965, 957463.6979531483 1955342.4915670112, 957552.0114997318 1955409.2444421002))",성북구,동선동5가,,,,,No Data,,,
11290128,보문동6가,Bomun-dong 6(yuk)-ga,335,1.5e-05,0.019631,11290128,0,,,11290128,보문동6가,0,0,0,0,0,"POLYGON ((957637.5350146088 1953566.991136492, 957726.6855000874 1953498.408120823, 957777.2698740455 1953384.3940476698, 957562.8283274244 1953297.8445795034, 957509.5490112331 1953235.6361479321, 957414.6222593171 1953302.2753426586, 957466.9190568229 1953403.6374554422, 957343.3082177945 1953609.294394072, 957328.5860844778 1953698.6008168708, 957400.2344379388 1953741.1625753199, 957388.55048323 1953859.0875763488, 957476.3781761876 1953926.2013545167, 957532.3095510646 1953832.646119781, 957637.5350146088 1953566.991136492))",성북구,보문동6가,,,,,No Data,,,
11710103,풍납동,Pungnap-dong,340,0.00024,0.067835,11710103,1,2026-04-15,송파구,1171010300,풍납동,8,8,8,3,0,"POLYGON ((966643.2722067818 1948921.9912160481, 966734.5191636287 1948880.680348326, 966438.6807590675 1947885.7640835256, 966363.2497651839 1947687.4237786713, 966146.605946606 1947248.3419498873, 964946.4219578579 1947253.454291248, 964919.5273503114 1947272.1803515614, 965178.6208050618 1947544.753873606, 965389.144560676 1947799.5820697362, 965398.2357338789 1948987.9936470715, 965396.4556581394 1949192.861082899, 965473.3752834765 1949387.5614903155, 965817.8529813117 1949365.8914013214, 966125.094289962 1949251.083419684, 966332.1663433887 1949152.092256303, 966643.2722067818 1948921.9912160481))",송파구,풍납동,송파구,풍납동,-0.459313357322487,8.0,Not Sig,0.040126587847918886,0.433,3.0
11710101,잠실동,Jamsil-dong,320,0.000531,0.108712,11710101,1,2026-04-15,송파구,1171010100,잠실동,49,49,46,23,0,"POLYGON ((965000.9489828462 1945570.0435255084, 964810.7313419045 1945430.7191924208, 964608.310332376 1945333.802747993, 964408.9589852219 1945328.3531774948, 963830.9316488319 1945441.7549162412, 963342.2438790059 1944729.0871120899, 963197.2721831512 1944678.434406576, 963118.1044990341 1944707.7927505053, 963064.7727090991 1944649.2884414145, 962871.972960984 1944730.7908600632, 962612.7433000274 1944840.7149629178, 961979.2186332166 1944917.8259903316, 961899.2733782056 1945756.7884571736, 961792.9456510327 1946930.7754104123, 961886.2692431648 1946943.8314000617, 961884.486772108 1946564.5954295262, 962035.6308732411 1946730.453505878, 961899.7645857907 1946944.0789638662, 962302.8343939891 1946893.2527272531, 962516.7315666771 1946891.2189718774, 962853.9316071221 1946963.3229228102, 963057.4258433265 1946977.6515139483, 963118.7191944129 1946943.2483611822, 963642.5422684075 1946973.4430714303, 963856.606192641 1946942.7343521232, 964145.4805907406 1947038.0034582708, 964248.4929203305 1946752.044623825, 964809.7198894476 1945836.3146040041, 965000.9489828462 1945570.0435255084))",송파구,잠실동,송파구,잠실동,-0.18868728243111244,49.0,Not Sig,0.022375915546259718,0.37,3.0
11290109,동소문동6가,Dongsomun-dong 6(yuk)-ga,322,1e-05,0.014972,11290109,0,,,11290109,동소문동6가,0,0,0,0,0,"POLYGON ((957288.4774683695 1955092.7511513962, 957316.0583600064 1954917.840140013, 957123.1045198551 1954873.018153096, 957021.4017647221 1954820.7958517293, 956880.6184777608 1955055.210819161, 956880.6244081062 1955055.2137839259, 957079.0169064567 1955164.3114242384, 957266.6970428976 1955229.200329586, 957288.4774683695 1955092.7511513962))",성북구,동소문동6가,,,,,No Data,,,
11290110,동소문동7가,Dongsomun-dong 7(chil)-ga,328,7e-06,0.011554,11290110,0,,,11290110,동소문동7가,0,0,0,0,0,"POLYGON ((957079.0169064567 1955164.3114242384, 956980.6312951572 1955365.1816481326, 957063.9173112588 1955540.80559166, 957138.3283102748 1955549.1808919837, 957147.7570309986 1955484.9908308475, 957266.6970428976 1955229.200329586, 957079.0169064567 1955164.3114242384))",성북구,동소문동7가,,,,,No Data,,,
11200111,금호동3가,Geumho-dong 3(sam)-ga,368,3.2e-05,0.032187,11200111,1,2026-04-15,성동구,1120011100,금호동3가,7,7,7,7,6,"POLYGON ((958097.1695595243 1949977.8329790933, 957430.3488438166 1949996.4742224342, 957293.655956483 1950026.2095712528, 957113.6166498644 1949956.8372583494, 957145.6456171937 1950091.1665241865, 957059.4841239034 1950098.380744433, 957020.707276122 1950158.426363823, 957193.473396662 1950320.1463925878, 957314.7740530686 1950351.6975244258, 957396.7645820295 1950306.9161780023, 957483.0116661921 1950393.89268177, 957689.4219032709 1950377.0269892074, 957788.7187198544 1950299.4858957687, 957894.2385549321 1950277.1165906321, 958047.187363732 1950197.0060523879, 958096.5271015632 1950090.8732863707, 958097.1695595243 1949977.8329790933))",성동구,금호동3가,,,,,No Data,,,
11290138,장위동,Jangwi-dong,363,0.000207,0.073274,11290138,0,,,11290138,장위동,0,0,0,0,0,"POLYGON ((961069.9313607165 1957559.6073077621, 961070.6147966825 1957559.0415890147, 961080.8292370366 1957550.7345045905, 961112.8626511348 1957528.528472076, 961124.8230809167 1957520.437029919, 961228.6433830229 1957449.6822829163, 961240.4456589108 1957420.1325057768, 961244.9178380633 1957409.4267284505, 961247.2097005434 1957404.0151657602, 961248.2647631433 1957401.5337584254, 961251.6083462302 1957394.8873072094, 961251.9429096018 1957394.2419107007, 961252.6585593701 1957392.896979377, 961252.8556035609 1957392.5502326326, 961255.6622678064 1957387.3440705552, 961265.6291076936 1957368.9202478034, 961267.6517002208 1957366.3354648696, 961298.835708632 1957334.8546702375, 961324.256434372 1957319.4756085533, 961348.4512441021 1957311.9426003457, 961378.9999430603 1957305.9242159827, 961440.9898738242 1957297.2316006508, 961457.4858979445 1957293.3122674401, 961378.714449784 1957244.9653703612, 961373.2714922322 1957241.1836744577, 961330.9555397787 1957211.334346324, 961311.092789869 1957197.848368287, 961337.5306064073 1957204.5386046178, 961313.7165316942 1957194.366993454, 961289.708703254 1957177.421202737, 961268.3251963024 1957161.2563796418, 961264.9504258491 1957158.7261212778, 961260.2234137752 1957155.21020059, 961255.0185124815 1957151.344035462, 961233.7727107862 1957135.5709687818, 961184.1753930091 1957099.8939597504, 961171.8094045025 1957090.7631856143, 961168.0977081606 1957088.1620961397, 961166.1082985892 1957086.6118237805, 961163.0537554291 1957084.3814404027, 961151.3382400929 1957076.1444404495, 961143.2664538685 1957070.5646593536, 961105.8440670938 1957045.583554251, 961059.6257938521 1957014.6796054933, 961056.7524272865 1957013.0570703428, 961038.5569222019 1957001.4189534192, 961015.0990621047 1956985.5599854486, 960991.8075016761 1956970.4546359943, 960963.4844255786 1956952.2026032656, 960958.1125078588 1956948.9497316529, 960938.847243491 1956936.2046177736, 960935.6786375464 1956934.2738599847, 960934.0807429859 1956933.2993924038, 960932.0282299693 1956931.9356439435, 960928.8646151279 1956930.015849054, 960911.6558836581 1956918.699541982, 960911.0277313902 1956917.7656599507, 960909.3008882452 1956917.0922527525, 960877.3387622489 1956896.3373842859, 960871.8826001191 1956892.8101474023, 960841.2273351854 1956873.0205956714, 960831.9079322591 1956866.8868339786, 960829.1475390533 1956865.2468678253, 960819.3045357646 1956858.8871533636, 960805.9277149946 1956850.1320434709, 960803.0281941494 1956848.0971032395, 960760.4440075004 1956820.3031321573, 960743.1023249173 1956810.103161719, 960698.0184147462 1956780.4917066186, 960667.6545370268 1956760.6429381797, 960647.0546291888 1956747.3590768424, 960581.3886953461 1956705.0548191147, 960561.1671407345 1956691.9702960332, 960516.7090521343 1956663.0265203118, 960501.7812949051 1956653.2316032024, 960484.1729553472 1956641.8569463193, 960437.8157118765 1956611.650071268, 960398.8732599034 1956584.9220736513, 960404.8185886266 1956593.3515690984, 960422.5452602366 1956610.7734960248, 960436.2332707775 1956631.8887875504, 960437.9489374005 1956634.8593305938, 960456.6094516623 1956656.7722656631, 960483.2930346449 1956682.593068276, 960486.9246911608 1956689.315513699, 960497.8232752795 1956709.1930458376, 960502.7945618863 1956718.948313101, 960496.3342085726 1956725.1789994019, 960474.4662783064 1956752.7513660179, 960455.3077880383 1956776.7828236236, 960434.9171989035 1956802.7804421296, 960431.4784589052 1956807.4924085154, 960423.9417501262 1956817.765584766, 960418.4330626377 1956824.6174256373, 960415.1303918847 1956828.8199411242, 960404.3376597061 1956816.0687603476, 960386.8383140523 1956791.5959196554, 960377.3162316536 1956774.897267249, 960367.9938805596 1956763.9253670922, 960357.3161804653 1956751.21197374, 960334.6339961359 1956737.0350613005, 960318.6686020971 1956732.2526386583, 960306.61865521 1956731.4288690994, 960298.3160756868 1956723.3724269627, 960295.3856029729 1956705.592718846, 960292.5705558509 1956693.5389352746, 960290.2653304297 1956683.1825457653, 960283.3314896116 1956661.000412806, 960280.6969175548 1956658.7994037156, 960281.9131620737 1956661.534103487, 960283.443216427 1956664.6248851416, 960279.1794609276 1956662.3697761935, 960275.8934718213 1956660.698007142, 960248.3010504964 1956654.5562101244, 960242.312355086 1956653.3201323561, 960240.6171758301 1956653.0514502062, 960237.5593031523 1956652.6413023085, 960235.6640947319 1956652.5706248737, 960227.2801873054 1956652.2979870217, 960220.3330181271 1956652.312029163, 960217.1053680159 1956652.9225390006, 960214.286514995 1956653.5418493205, 960213.0207828684 1956653.9432346968, 960212.7519862622 1956653.734722391, 960199.6087698771 1956644.516362447, 960185.1811702827 1956631.9709794836, 960170.5639462936 1956618.8957568882, 960167.1585795699 1956615.5707005828, 960145.8907353876 1956596.46928067, 960137.6904529597 1956592.6381868215, 960134.6601266097 1956592.2170711467, 960120.6452509514 1956589.852522205, 960107.6006352403 1956587.9207944563, 960092.5427805426 1956585.937538978, 960084.9200122268 1956587.9762007121, 960072.7279726812 1956591.180315628, 960072.0623576584 1956591.3258692059, 960058.8453671073 1956590.1487193776, 960047.8670019872 1956592.4581047748, 960044.4066844007 1956593.9315376843, 960042.359791504 1956603.7030692, 960034.8340954405 1956611.46024274, 960030.8520981551 1956615.5235083925, 960026.4593670453 1956621.4083070846, 960017.1737065351 1956631.4544157446, 960014.4935100717 1956632.8756131155, 959997.2998211714 1956641.9253157042, 959994.9609005692 1956643.134736203, 959982.683878809 1956651.1988143781, 959978.0429492551 1956655.5196925297, 959970.0877799453 1956662.8575090377, 959963.1992517718 1956669.435621293, 959955.4374158698 1956689.578489728, 959952.8763679625 1956696.343061759, 959948.944590338 1956707.6753395812, 959938.4989174383 1956743.031100366, 959937.8842872602 1956745.0657551894, 959936.0178946056 1956759.4765200196, 959938.7143584193 1956784.014321619, 959941.7612726629 1956789.5585397107, 959950.1791145555 1956812.6007327852, 959951.6742286187 1956831.4884290122, 959948.8919556827 1956845.8312812927, 959961.8910783197 1956894.4819341796, 959962.3973886339 1956911.458891326, 959962.5372860741 1956927.1132305644, 959963.8916565778 1956937.3953583578, 959967.6461611232 1956966.8297544343, 959965.5806121846 1957006.677026836, 959961.9577364124 1957008.718117504, 959949.7735421432 1957007.8565771105, 959896.8070068139 1956988.656888692, 959866.5942117418 1956980.8081350327, 959854.4542940088 1956978.1114357314, 959839.7401263685 1956969.1853935877, 959806.0855670105 1956945.2421918525, 959783.472983087 1956929.166895868, 959741.373400839 1956917.2794230052, 959728.9471224782 1956923.9372355174, 959713.7470986871 1956943.311130281, 959714.5775073277 1956966.0112129964, 959678.7170890947 1956964.4153550384, 959672.1197733432 1956963.4309545734, 959611.9362611844 1956982.872439339, 959486.2845898331 1956931.9967647307, 959453.2239128673 1957029.7103437907, 959424.0376309325 1957056.8042378197, 959352.2964493126 1957026.4205294102, 959247.1296164542 1957085.074407417, 959236.4370083325 1957099.4722993274, 959198.2698665689 1957115.0902036305, 959185.7188853264 1957126.637953419, 959169.8387242948 1957145.87609615, 959182.928340144 1957157.7330046133, 959193.1474706233 1957175.1304105034, 959207.5984677039 1957215.788292527, 959214.0371930972 1957233.2792285779, 959235.3682319507 1957265.4106362544, 959240.5505472382 1957268.2894353305, 959253.6391228132 1957284.1577984516, 959279.4495338157 1957297.3342770159, 959323.3772418732 1957346.3632635397, 959368.1603371484 1957397.045520765, 959370.418688249 1957398.9410931724, 959377.7006464419 1957408.9040535844, 959403.9212007319 1957460.9441292253, 959404.8754843168 1957463.9992990817, 959407.3472159036 1957515.4994250336, 959441.153756857 1957507.8169762904, 959460.3366519928 1957522.6321056653, 959479.9748455589 1957545.1814842988, 959508.4263508623 1957571.4297826465, 959524.0843953134 1957585.0466257914, 959527.4930705451 1957588.0455493098, 959527.930813147 1957588.3702646852, 959532.0431737506 1957591.8995249716, 959592.8479649981 1957644.0894048722, 959612.0450621881 1957661.2684564653, 959617.1887616696 1957665.7721827237, 959619.1028913232 1957667.4710133586, 959633.1856827987 1957679.8751956155, 959689.1424049872 1957729.3281152043, 959701.4688574766 1957740.231617058, 959717.6384220272 1957754.4887240322, 959722.9079973041 1957759.1487839825, 959730.3874445695 1957765.7010908502, 959761.3493447333 1957796.2025663822, 959767.9294246401 1957805.1697405805, 959799.0171513127 1957847.327204932, 959813.1858541617 1957866.5710193547, 959832.7867235844 1957905.8302341048, 959839.432980673 1957921.2903991637, 959850.9833692445 1957948.0643934275, 959852.8824280644 1957952.5218607464, 959868.5480656099 1957988.9911321846, 959881.2695279357 1958018.5710389747, 959897.3000172847 1958055.4792851778, 959901.403978704 1958064.955380478, 959911.041033232 1958087.125819723, 959911.4828090104 1958088.0918174542, 959930.5803033963 1958120.4380631614, 959946.2557350735 1958146.4935935421, 959964.5549556263 1958169.223993823, 959978.4055654528 1958186.7326172285, 959981.4634661577 1958190.6048089245, 959987.3973501939 1958197.7404129016, 960030.3514054242 1958236.8600119406, 960065.1488801173 1958263.062376692, 960106.6702441075 1958293.663886567, 960161.4237935111 1958332.3982562083, 960173.4994530973 1958341.085798322, 960224.8539758052 1958377.5177733847, 960265.8988010619 1958406.5035122072, 960268.6884087115 1958408.5208177064, 960477.0961083814 1958183.0584404024, 960473.3807148723 1958173.5814334298, 960504.9786298093 1958138.1931738823, 960614.2225534652 1957991.586120812, 960648.562579683 1957944.5145262263, 960651.7479614883 1957940.716834145, 960659.1783009917 1957932.3647467417, 960678.3901867723 1957910.7198239944, 960737.3512735758 1957868.5713720124, 960743.5565619823 1957864.669534691, 960779.5848052517 1957840.488558642, 960830.0787883261 1957792.7744430983, 960836.9644363578 1957785.085127647, 960910.3497700238 1957694.0616484724, 960920.5474142362 1957680.8229040634, 960952.1997456788 1957646.11927654, 960952.3610996353 1957646.012338564, 961001.0577891592 1957612.7783031545, 961022.7672656111 1957597.1409461033, 961032.6837734311 1957590.0017112733, 961035.2288617005 1957588.0877556768, 961069.9313607165 1957559.6073077621))",성북구,장위동,,,,,No Data,,,
11560131,양화동,Yanghwa-dong,393,0.000172,0.071235,11560131,0,,,11560131,양화동,0,0,0,0,0,"POLYGON ((945281.6699615902 1950949.5363154227, 945841.1413801238 1950593.2238654082, 945954.9928707855 1950504.1018105368, 946532.7282914114 1950178.8634283768, 946624.9550944045 1950139.3605968875, 946907.8476489441 1950022.495749768, 947160.2810649136 1949689.409548351, 947191.7448168682 1949590.1116363914, 947055.4617126158 1949444.3947136218, 947085.4523989282 1949380.2365415404, 947007.7535845848 1949331.037255852, 946687.5236374316 1949464.7223515166, 946614.8296649026 1949326.2316199658, 946453.3223848868 1949383.1344634804, 946406.7371507859 1949369.552886534, 946319.1087200101 1949433.63134022, 945963.7739503757 1949663.7211316226, 945807.6161746748 1949787.162330919, 945948.8403237811 1949446.4947009594, 945710.6093381328 1949398.5264852855, 945680.4257033087 1949509.901788428, 945606.2572341699 1949538.2611128076, 945593.4747893095 1949657.2680364328, 945475.3240832053 1949782.0427249284, 945421.4018499185 1949890.0036335036, 945304.3215559139 1950042.0071108406, 945064.64736607 1950444.2545966818, 945057.7732791639 1950638.313457384, 945169.0817104867 1950604.4342751608, 945172.1283947713 1950781.389245328, 945281.6699615902 1950949.5363154227))",영등포구,양화동,,,,,No Data,,,
11170105,남영동,Namyeong-dong,391,7e-06,0.012393,11170105,1,2026-04-15,용산구,1117010500,남영동,9,7,7,7,6,"POLYGON ((953471.1570380944 1949139.3518455417, 953367.3897611313 1949662.2121296984, 953486.6432272571 1949681.7237772038, 953591.3912883551 1949167.7357762246, 953471.1570380944 1949139.3518455417))",용산구,남영동,용산구,남영동,-4.017100296423881,9.0,Not Sig,0.1458546876650474,0.494,3.0
11470101,신정동,Sinjeong-dong,465,0.000713,0.192904,11470101,0,,,11470101,신정동,0,0,0,0,0,"POLYGON ((945130.605617429 1947203.7382586524, 945165.1070851956 1946993.0620982083, 945088.120571106 1946894.8657941793, 945055.0375033336 1946788.5927915177, 945107.2219588528 1946694.8662736197, 945167.2812162759 1946679.6727039085, 945123.8534173112 1946583.1339519767, 945030.1493661383 1946498.683114209, 944996.8444245338 1946335.6509640813, 945008.3917241539 1946232.2652039712, 944920.3138965238 1946231.3985291552, 944872.7693064025 1946098.8049021822, 944775.1783999411 1946084.2569486937, 944677.4262433721 1945964.5065585908, 944736.8755313865 1945903.370857273, 944782.1580940527 1946022.9548310605, 944846.7780704208 1945943.8989775083, 944781.4972627368 1945877.6920837904, 944817.8198741216 1945782.2020994702, 944704.4170596107 1945763.8560963278, 944666.7872487088 1945672.9457722818, 944745.994395586 1945627.053691013, 944737.117657342 1945450.2779575794, 944646.3084286441 1945238.501853453, 944634.2923702928 1945105.871740383, 944483.1840273464 1945169.851817319, 944447.0066733898 1945274.9697492118, 944341.5675629028 1945361.5147115893, 944243.1690058807 1945257.1143816637, 944139.0759900219 1945256.3210091686, 943970.3763862746 1945328.6381910068, 943863.8448721706 1945327.057547505, 943837.6455797803 1945270.4061533855, 943712.9686090003 1945307.4452727183, 943669.1566986975 1945472.8701189598, 943675.7896647078 1945538.7015544747, 943460.1854791427 1945462.4729898868, 943291.2999582026 1945820.605058363, 943050.6684734741 1945737.6374620786, 943014.1835477827 1945799.5096141587, 942809.1463082414 1945909.0304549711, 942678.3269495482 1945848.0587268127, 942563.1043618601 1945849.574830528, 942440.8032586774 1945711.65572825, 942315.782285687 1945779.2266962635, 942221.755549896 1945723.5252516107, 942200.2579333885 1945620.0178913872, 942141.5665918193 1945590.2562476783, 942056.04711381 1945448.8624264407, 941905.2328640785 1945338.5121023196, 941772.0748670965 1945377.789728391, 941678.1610398878 1945328.1253222513, 941630.7446461502 1945230.6564137337, 941560.5887710332 1945236.615331223, 941444.5789517559 1945097.089835908, 941347.6284004035 1945075.839058921, 941245.5678509201 1945052.9826569117, 940966.6707916387 1945250.2808540629, 940834.9110736096 1945442.5488182984, 940876.9071070731 1945628.0576293918, 940620.0690987562 1945715.125637383, 940520.5889913116 1945682.9537124108, 940487.5263002648 1945788.3441337107, 940529.6835154743 1945888.8631554989, 940540.3411023775 1946023.2568636201, 940618.0976787895 1946099.9046954955, 940626.0503731193 1946249.0895763563, 940721.611128799 1946329.6722381075, 940935.719911723 1946355.4517541123, 940939.7521679925 1946393.8925294273, 941079.4096034613 1946517.4931493301, 941123.522355112 1946418.5408052958, 941240.5378952944 1946462.7261385783, 941254.0696202745 1946391.3614043286, 941473.4953630068 1946238.2777236018, 941663.1500112722 1946305.920838325, 941790.2309814423 1946212.7020412507, 941900.6237061744 1946186.8589687906, 941985.5027617572 1946292.2486127384, 942099.8841690036 1946273.7185888488, 942271.778278192 1946452.3726646078, 942424.8940581756 1946531.2599392931, 942444.7132972246 1947021.8968428972, 942278.4813877573 1947176.333152417, 942348.4162500617 1947220.3637187365, 942636.8832590283 1947187.4691000744, 942785.1684229978 1947062.5837847872, 942469.5000991853 1947821.0011055304, 943805.1796695557 1948021.8430484652, 943844.196698761 1947615.2609302106, 943940.8660349302 1947228.7564459266, 944191.5210839035 1947368.9977615369, 944322.0251305009 1947295.595515298, 945010.2715224512 1947183.7338560491, 945130.605617429 1947203.7382586524))",양천구,신정동,,,,,No Data,,,
11470102,목동,Mok-dong,466,0.000544,0.105208,11470102,0,,,11470102,목동,0,0,0,0,0,"POLYGON ((945304.3215559139 1950042.0071108406, 945421.4018499185 1949890.0036335036, 945475.3240832053 1949782.0427249284, 945593.4747893095 1949657.2680364328, 945606.2572341699 1949538.2611128076, 945680.4257033087 1949509.901788428, 945710.6093381328 1949398.5264852855, 945716.2969191587 1949316.8894857669, 945778.575636906 1949134.5239487914, 945904.2043676084 1948870.6964546621, 946058.3707726117 1948644.7122080445, 946119.1301818229 1948515.3628874798, 946092.2607108084 1948410.1958703662, 945996.5041488261 1948346.8012153108, 945984.9033063059 1948266.5268201446, 946166.5075547883 1948213.4290999335, 946064.3325423272 1948029.959721845, 945900.6876878 1948072.0948985459, 945589.84200874 1947885.5880596263, 945551.0320532881 1947765.9154918126, 945460.6084208934 1947729.0244231052, 945309.1732161667 1947785.5353710724, 945322.2645652094 1947651.7519149391, 945281.1639242234 1947567.4110089978, 945166.2469136392 1947563.3236668096, 945094.9759609643 1947489.6267825982, 945130.6021020892 1947216.793388408, 945130.605617429 1947203.7382586524, 945010.2715224512 1947183.7338560491, 944322.0251305009 1947295.595515298, 944191.5210839035 1947368.9977615369, 943940.8660349302 1947228.7564459266, 943844.196698761 1947615.2609302106, 943805.1796695557 1948021.8430484652, 943765.4939030575 1948670.717827636, 943796.9286978507 1949207.311997442, 943766.4199768621 1949345.7848264172, 943665.6047510599 1949561.3442489477, 943652.4322570417 1949653.858585946, 943841.6615358519 1950391.6778518148, 943914.2842361255 1950373.3368576905, 944018.0174354982 1950306.2157244221, 944373.9597131755 1950032.2514291322, 944565.3430210771 1949938.782937251, 944738.6694043886 1949918.4706822638, 945053.3497542695 1949933.8575724573, 945256.6889678285 1950003.223392762, 945304.3215559139 1950042.0071108406))",양천구,목동,,,,,No Data,,,
11710106,삼전동,Samjeon-dong,444,9.7e-05,0.04517,11710106,1,2026-04-15,송파구,1171010600,삼전동,23,23,22,8,0,"POLYGON ((964413.2745561758 1944259.8479858986, 964373.4236127825 1944167.5001160428, 964277.7500009199 1944192.7488872192, 964184.0736183308 1944235.7524094617, 963250.4849558902 1944569.6887329542, 963064.7727090991 1944649.2884414145, 963118.1044990341 1944707.7927505053, 963197.2721831512 1944678.434406576, 963342.2438790059 1944729.0871120899, 963830.9316488319 1945441.7549162412, 964408.9589852219 1945328.3531774948, 964341.2816446506 1944291.5035047154, 964413.2745561758 1944259.8479858986))",송파구,삼전동,송파구,삼전동,0.5747867228272124,23.0,Not Sig,0.007837042454302837,0.397,1.0
11560123,문래동5가,Mullae-dong 5(o)-ga,389,3.1e-05,0.031248,11560123,0,,,11560123,문래동5가,0,0,0,0,0,"POLYGON ((945990.3912908263 1946612.9086172844, 945857.1634789805 1946250.3641046544, 945902.0837412011 1946146.8457612197, 945615.8349833055 1946226.2641757007, 945571.1926164993 1946301.6119580586, 945449.7942482241 1946385.170341724, 945450.1459155871 1946454.6911404869, 945167.2812162759 1946679.6727039085, 945107.2219588528 1946694.8662736197, 945055.0375033336 1946788.5927915177, 945088.120571106 1946894.8657941793, 945395.8636163131 1946892.0690120892, 945410.6356079631 1946729.4293639082, 945990.3912908263 1946612.9086172844))",영등포구,문래동5가,,,,,No Data,,,
11290105,동소문동2가,Dongsomun-dong 2(i)-ga,366,4e-06,0.008933,11290105,0,,,11290105,동소문동2가,0,0,0,0,0,"POLYGON ((956407.482297421 1954460.6471195808, 956418.2732583403 1954465.876205223, 956678.5673111627 1954607.0067619453, 956690.5375206519 1954613.623660114, 956742.436788782 1954512.9705276953, 956623.5931930738 1954414.3438884492, 956520.6010699595 1954379.0998407565, 956407.482297421 1954460.6471195808))",성북구,동소문동2가,,,,,No Data,,,
11440107,마포동,Mapo-dong,299,2.3e-05,0.021208,11440107,1,2026-04-15,마포구,1144010700,마포동,2,2,1,0,0,"POLYGON ((950933.6091512417 1949086.1966307764, 951091.1225890191 1948973.8681681526, 951077.1065603511 1948870.6550381435, 951133.3875995487 1948695.4840078847, 951094.6606264288 1948633.5431060782, 950976.0769980663 1948550.25894125, 950930.2642213556 1948419.4797726998, 950898.2257405244 1948470.0836078953, 950557.5672571319 1948745.7096204553, 950671.6107530957 1948884.5557030004, 950638.4144574984 1948971.5344779592, 950717.4667359674 1949059.844465126, 950760.2816804904 1949107.5996071817, 950870.8203567036 1949008.9042563965, 950933.6091512417 1949086.1966307764))",마포구,마포동,마포구,마포동,1.1784752055855172,2.0,Not Sig,0.03874548335898074,0.376,1.0
11410103,합동,Hap-dong,297,4e-06,0.010055,11410103,0,,,11410103,합동,0,0,0,0,0,"POLYGON ((953023.7825691394 1951499.5473453638, 953023.4531442318 1951499.4560129156, 952913.2779970776 1951457.9087127896, 952790.2986771524 1951349.8397606658, 952696.7851025813 1951482.828839782, 952778.1305413834 1951586.0379713918, 953014.4522214187 1951566.1838522782, 953023.7825691394 1951499.5473453638))",서대문구,합동,,,,,No Data,,,
11410104,미근동,Migeun-dong,300,8e-06,0.016461,11410104,0,,,11410104,미근동,0,0,0,0,0,"POLYGON ((953023.7825691394 1951499.5473453638, 953014.4522214187 1951566.1838522782, 952778.1305413834 1951586.0379713918, 952797.6626891326 1951671.2882224608, 952864.4337654139 1951775.879293236, 952855.9252098594 1951875.422629091, 952859.682966326 1951874.3716805435, 952928.7900837449 1951928.290267983, 953102.051746457 1951639.1418469583, 953146.1178898006 1951534.6148412337, 953023.7825691394 1951499.5473453638))",서대문구,미근동,,,,,No Data,,,
11650106,잠원동,Jamwon-dong,302,0.000307,0.07563,11650106,1,2026-04-15,서초구,1165010600,잠원동,7,6,6,4,0,"POLYGON ((957166.1820643961 1947394.107143734, 957316.4937698941 1947190.8681529518, 957393.895405591 1947055.7138177808, 957541.3480357612 1946422.9015629715, 957626.7508119462 1946054.915507202, 957697.5194609051 1945866.316931666, 955911.1954421256 1945198.6098844423, 955615.1185331868 1945967.23770905, 955914.3536702826 1946151.968764657, 955588.5704034695 1946571.6271800357, 955596.8222211404 1946578.1111286317, 955723.1216117982 1946677.4688860825, 956100.5865950721 1946990.5454913892, 956393.3376249397 1947244.5061120498, 956497.4637068006 1947376.236071209, 956579.4781110986 1947479.921293799, 956984.2596966932 1947143.8139532898, 957166.1820643961 1947394.107143734))",서초구,잠원동,서초구,잠원동,-0.7934148291283191,7.0,Not Sig,0.044197219501467544,0.381,3.0
11170124,한강로1가,Hangangno 1(il)-ga,395,2.4e-05,0.030589,11170124,1,2026-04-15,용산구,1117012400,한강로1가,6,6,5,4,1,"POLYGON ((953471.90555927 1949136.253976016, 953533.7972241786 1948832.177341363, 953608.6212900042 1948826.7625189233, 953621.9048464263 1948551.4915013039, 953555.8840344546 1948512.9227687868, 953570.0068786434 1948411.3066961777, 953659.849659758 1948384.8920241678, 953646.3954132234 1948300.3288891644, 953472.3373227865 1948129.9235394807, 953395.7079150276 1948188.318718923, 953452.6446224086 1948262.7189168811, 953271.9483643456 1948346.3405688046, 953458.6256058058 1948603.9924805406, 953237.8529984147 1948713.4690810244, 953260.147575328 1948822.7478634347, 953255.2937867536 1949029.68230296, 953274.5935036371 1949090.5556980532, 953471.90555927 1949136.253976016))",용산구,한강로1가,용산구,한강로1가,-1.1137682490174299,6.0,Not Sig,0.23568091538391506,0.199,3.0
11560114,당산동4가,Dangsan-dong 4(sa)-ga,397,3.1e-05,0.024906,11560114,1,2026-04-15,영등포구,1156011400,당산동4가,2,2,2,1,0,"POLYGON ((947232.6801478136 1947574.482448059, 947226.3567521563 1947574.850563589, 947232.844820919 1947593.8221736935, 946732.570966296 1947776.1770938763, 946470.4874560746 1947942.6714170312, 946684.8157585361 1948281.7194917835, 947217.2570150264 1947945.5115480546, 947349.1216469841 1947898.0146830895, 947243.9488063254 1947590.060513402, 947232.6801478136 1947574.482448059))",영등포구,당산동4가,,,,,No Data,,,
11215107,화양동,Hwayang-dong,375,0.000118,0.052252,11215107,0,,,11215107,화양동,0,0,0,0,0,"POLYGON ((962414.0325682013 1949832.8728410292, 962458.8722721159 1949827.9910780932, 962640.5391105671 1949705.540612587, 962894.2608407233 1949635.4456020966, 963035.8586354118 1949625.3400383587, 963020.1161288732 1949480.392898954, 963026.2877181704 1949272.9087112928, 963109.7113919815 1949211.068947741, 963160.3876887796 1949193.7973566412, 963111.9050628364 1949055.638882061, 962988.1819373465 1949027.1727394536, 962879.126440635 1948905.0141231592, 962733.0594536258 1948938.4079295346, 962714.7533929278 1948938.572948333, 962475.9720573638 1948980.4193506527, 962463.1267651948 1948913.3473557495, 962285.4126739748 1948951.0590413278, 962273.128933707 1948954.9570050098, 962185.375393939 1948992.4610485353, 962146.9782313324 1949009.0072989408, 961974.3212768354 1949083.9007994714, 961964.074882644 1949088.3283227931, 961676.2398010915 1949212.4738028084, 961648.1865486589 1949224.6704980875, 961486.8707839819 1949300.7260129268, 961794.1919365884 1949976.4349023039, 961794.2231657578 1949976.5026580258, 962056.5520715953 1949942.1280954934, 962414.0325682013 1949832.8728410292))",광진구,화양동,,,,,No Data,,,
11200103,홍익동,Hongik-dong,359,1.8e-05,0.033474,11200103,1,2026-04-15,성동구,1120010300,홍익동,4,4,4,4,2,"MULTIPOLYGON (((958502.6115669969 1951889.5400238123, 958502.466527791 1951743.564214261, 958411.4276207237 1951801.7311800749, 958441.6598508313 1951895.8739040087, 958398.6827605416 1951976.7140942216, 958505.645585261 1952131.4242054003, 958763.3882753323 1952203.119006161, 958750.7243668755 1952180.0215496018, 958913.8819541454 1951978.1713800083, 959068.2666879676 1951955.2867944983, 959051.9797751094 1951808.000433914, 958502.6115669969 1951889.5400238123)), ((958763.3882753323 1952203.119006161, 958775.3964531185 1952225.020488292, 958783.4809091237 1952208.7080584676, 958763.3882753323 1952203.119006161)), ((958775.3964531185 1952225.020488292, 958709.0331710462 1952358.92515436, 958583.9975823147 1952317.1889987148, 958522.4224352669 1952374.9444826888, 958688.5949883023 1952405.0878009836, 958807.0891129987 1952282.8241148205, 958775.3964531185 1952225.020488292)))",성동구,홍익동,성동구,홍익동,0.8019864848378813,4.0,Not Sig,-0.021600138724198335,0.403,4.0
11440111,신수동,Sinsu-dong,365,6.1e-05,0.039356,11440111,1,2026-04-15,마포구,1144011100,신수동,15,14,11,6,1,"POLYGON ((950702.269213989 1950552.74240259, 950598.2070128851 1950488.748572541, 950547.5086855411 1950322.7374848912, 950593.1633203083 1950239.0132836245, 950573.1220721966 1950036.3195609725, 950515.2353885674 1949948.681294527, 950549.1568189214 1949838.228378434, 950492.8626831785 1949804.0654450168, 950410.6896163687 1949567.332333379, 950404.1481017122 1949556.3791386439, 950284.138010313 1949380.4071820301, 950168.3194930287 1949442.6720442038, 950170.1752678049 1949523.2695765167, 949998.5252482829 1949674.1316520723, 949935.5849693627 1949846.1733539705, 950009.9791185851 1949963.7926600021, 949883.4932611821 1950011.1116500811, 949931.1251682682 1950539.5906872374, 949952.7788323095 1950569.3438310144, 950139.4831053142 1950413.4099308976, 950211.189699911 1950379.8134496827, 950309.1670116642 1950526.0212595304, 950542.5782376056 1950620.8062085565, 950702.269213989 1950552.74240259))",마포구,신수동,마포구,신수동,-0.3010740795663744,14.0,Not Sig,-0.04559795300193563,0.309,2.0
11410108,영천동,Yeongcheon-dong,317,1.4e-05,0.021896,11410108,0,,,11410108,영천동,0,0,0,0,0,"POLYGON ((952571.8118978024 1952393.347475942, 952557.2124822919 1952383.0171634897, 952475.9377435062 1952450.5872157123, 952248.1286929933 1952427.4912913705, 952070.0651825479 1952380.4448259172, 951896.0236830066 1952246.2501719014, 951758.5151712842 1952375.3907714433, 951870.3451782841 1952499.117769554, 951887.9266289601 1952563.453218169, 952165.3431681998 1952568.7848379773, 952358.5801715056 1952649.959919475, 952571.8118978024 1952393.347475942))",서대문구,영천동,,,,,No Data,,,
11290108,동소문동5가,Dongsomun-dong 5(o)-ga,321,4e-06,0.009987,11290108,0,,,11290108,동소문동5가,0,0,0,0,0,"POLYGON ((957356.2255131488 1954669.9514254637, 957330.8054692938 1954659.7650018383, 957262.9236782053 1954717.7697729003, 957077.2133855679 1954762.6554876314, 957021.4017647221 1954820.7958517293, 957123.1045198551 1954873.018153096, 957316.0583600064 1954917.840140013, 957316.2464163018 1954917.8081063477, 957356.2255131488 1954669.9514254637))",성북구,동소문동5가,,,,,No Data,,,
11440105,용강동,Yonggang-dong,294,3.1e-05,0.028497,11440105,1,2026-04-15,마포구,1144010500,용강동,4,4,3,2,0,"POLYGON ((950876.9802183827 1949441.8040100331, 950853.5616240134 1949415.3837566185, 951019.1841514189 1949269.9678304645, 950968.5213177383 1949217.3655301353, 950933.6091512417 1949086.1966307764, 950870.8203567036 1949008.9042563965, 950760.2816804904 1949107.5996071817, 950717.4667359674 1949059.844465126, 950528.1504929223 1949229.827602579, 950478.6826819333 1949159.5190306182, 950402.0330035781 1949148.443878619, 950280.7422538522 1948944.093176629, 950116.6887467499 1949042.5464809083, 950284.138010313 1949380.4071820301, 950404.1481017122 1949556.3791386439, 950410.6865770675 1949567.3263602906, 950526.5995851293 1949538.7551209144, 950699.2430403457 1949537.4290010962, 950835.0512887371 1949436.4120123358, 950876.9802183827 1949441.8040100331))",마포구,용강동,마포구,용강동,-0.1522496815539487,4.0,Not Sig,-0.01367932521896263,0.398,2.0
11560112,당산동2가,Dangsan-dong 2(i)-ga,414,1.7e-05,0.016106,11560112,1,2026-04-15,영등포구,1156011200,당산동2가,6,5,3,3,1,"POLYGON ((946565.7521371542 1946938.7155840197, 946242.8060773766 1947002.532030372, 946221.5119771524 1947151.3948885896, 946280.1225121395 1947443.8213155048, 946651.504675729 1947368.7644524972, 946565.7521371542 1946938.7155840197))",영등포구,당산동2가,,,,,No Data,,,
11290115,삼선동5가,Samseon-dong 5(o)-ga,432,1.2e-05,0.014303,11290115,0,,,11290115,삼선동5가,0,0,0,0,0,"POLYGON ((957325.0666129044 1954286.2203908132, 957301.4599274923 1954262.6100743758, 957210.2059738401 1954293.5707773578, 957130.6386054249 1954261.0307400767, 957022.5662192211 1954538.9026464208, 957330.8054692938 1954659.7650018383, 957517.6069772833 1954476.4515236674, 957436.7368681093 1954393.572823972, 957325.0666129044 1954286.2203908132))",성북구,삼선동5가,,,,,No Data,,,
11290113,삼선동3가,Samseon-dong 3(sam)-ga,352,1.7e-05,0.019021,11290113,0,,,11290113,삼선동3가,0,0,0,0,0,"POLYGON ((957301.4599274923 1954262.6100743758, 957151.0409861186 1954009.985663387, 956897.9057186894 1954005.4988523687, 956870.8017674481 1954161.5446233656, 956827.0053995365 1954195.7031594643, 956778.4661388575 1954442.7844395402, 957022.5662192211 1954538.9026464208, 957130.6386054249 1954261.0307400767, 957210.2059738401 1954293.5707773578, 957301.4599274923 1954262.6100743758))",성북구,삼선동3가,,,,,No Data,,,
11290107,동소문동4가,Dongsomun-dong 4(sa)-ga,370,1e-05,0.013601,11290107,0,,,11290107,동소문동4가,0,0,0,0,0,"POLYGON ((956690.5375206519 1954613.623660114, 956678.5673111627 1954607.0067619453, 956568.6514412955 1954815.3871930821, 956706.8585863562 1954855.1048952607, 956879.1222462391 1955054.4092319913, 956880.6184777608 1955055.210819161, 957021.4017647221 1954820.7958517293, 956690.5375206519 1954613.623660114))",성북구,동소문동4가,,,,,No Data,,,
11200104,도선동,Doseon-dong,360,1.4e-05,0.017179,11200104,1,2026-04-15,성동구,1120010400,도선동,30,30,29,20,2,"POLYGON ((958911.1551983862 1951479.7729175556, 958804.7994714031 1951580.0360009135, 958502.466527791 1951743.564214261, 958502.6115669969 1951889.5400238123, 959051.9797751094 1951808.000433914, 959024.3464000705 1951557.9442414339, 958983.6117690182 1951440.855771036, 958911.1551983862 1951479.7729175556))",성동구,도선동,성동구,도선동,0.6242527107208632,30.0,Not Sig,-0.022387274606988215,0.346,4.0
11170107,동자동,Dongja-dong,404,2.9e-05,0.031299,11170107,1,2026-04-15,용산구,1117010700,동자동,30,30,30,24,20,"POLYGON ((953758.0580637134 1950592.5341381102, 953757.1539103576 1950462.3532353984, 953693.7547331906 1950453.9737125512, 953633.4949637862 1950367.7414808536, 953666.5314330974 1950318.1589084838, 953639.3474572699 1950177.9890485776, 953537.0599247161 1950066.321156782, 953433.5242666998 1950194.669348254, 953251.4414199339 1950056.6466612646, 953197.7117878734 1950162.7346445227, 953245.7100752693 1950296.1291567516, 953218.8592147377 1950376.9235319255, 953109.2804887575 1950501.6266334518, 953115.5534119889 1950747.065828868, 953401.4983605222 1950745.6375238611, 953483.2014870782 1950661.5201852142, 953571.8515260896 1950597.2393450774, 953758.0580637134 1950592.5341381102))",용산구,동자동,용산구,동자동,0.34583169095802696,30.0,Not Sig,0.0006553613439584574,0.356,1.0
11170121,용문동,Yongmun-dong,415,2e-05,0.022532,11170121,1,2026-04-15,용산구,1117012100,용문동,5,5,4,1,1,"POLYGON ((952642.6932026024 1948928.5911905065, 952606.8182937311 1948816.6548508445, 952466.2754807071 1948781.092068476, 952469.370679823 1948704.0523172105, 952348.7688917506 1948633.0267681396, 952238.1379854266 1948622.5544363882, 952123.1870549355 1948718.9281555014, 951988.3828825752 1948680.3153302397, 951892.4988848545 1948774.26720144, 952060.3556731355 1948976.313290764, 952165.1042726964 1948984.132222214, 952215.7403617682 1949074.763966538, 952349.9677044088 1949039.3967006276, 952642.6932026024 1948928.5911905065))",용산구,용문동,용산구,용문동,0.11149167213298909,5.0,Not Sig,0.053431659379872834,0.067,3.0
11290111,삼선동1가,Samseon-dong 1(il)-ga,374,2.1e-05,0.028311,11290111,0,,,11290111,삼선동1가,0,0,0,0,0,"POLYGON ((956623.5931930738 1954414.3438884492, 956727.1729033702 1954215.8634370521, 956657.1683321183 1953851.7397037018, 956689.0898604414 1953665.9607165346, 956725.7093399795 1953598.7399855035, 956822.9742633917 1953606.3002752073, 956788.729584577 1953542.8399242621, 956616.9732795855 1953567.5872094806, 956589.510982614 1953632.9827741908, 956451.1968017904 1953775.802174685, 956496.4026327488 1953862.2341082355, 956435.4094809867 1954131.7166251435, 956442.2148708067 1954196.199250162, 956375.6749823847 1954290.4993371572, 956233.2795206009 1954313.9287043551, 956218.5287285574 1954375.7702409113, 956407.482297421 1954460.6471195808, 956520.6010699595 1954379.0998407565, 956623.5931930738 1954414.3438884492))",성북구,삼선동1가,,,,,No Data,,,
11560115,당산동5가,Dangsan-dong 5(o)-ga,401,3e-05,0.023027,11560115,1,2026-04-15,영등포구,1156011500,당산동5가,4,4,4,2,0,"POLYGON ((947470.7203639816 1948259.7650349184, 947349.1216469841 1947898.0146830895, 947217.2570150264 1947945.5115480546, 946684.8157585361 1948281.7194917835, 946899.753528165 1948619.9900985346, 947470.7203639816 1948259.7650349184))",영등포구,당산동5가,,,,,No Data,,,
11560113,당산동3가,Dangsan-dong 3(sam)-ga,453,3.7e-05,0.027239,11560113,1,2026-04-15,영등포구,1156011300,당산동3가,8,8,7,6,2,"POLYGON ((947137.8692743278 1947272.9780124659, 946651.504675729 1947368.7644524972, 946280.1225121395 1947443.8213155048, 946345.3116846663 1947744.4229866911, 946470.4874560746 1947942.6714170312, 946732.570966296 1947776.1770938763, 947232.844820919 1947593.8221736935, 947226.3567521563 1947574.850563589, 947137.8692743278 1947272.9780124659))",영등포구,당산동3가,,,,,No Data,,,
11170114,신창동,Sinchang-dong,394,6e-06,0.011799,11170114,1,2026-04-15,용산구,1117011400,신창동,1,1,1,1,0,"POLYGON ((951892.4988848545 1948774.26720144, 951988.3828825752 1948680.3153302397, 951981.2658298336 1948517.7553826163, 951870.0408167288 1948486.2431284264, 951827.9037175676 1948536.881390171, 951683.3045111573 1948574.9919137459, 951708.2008084132 1948685.0648393568, 951769.957333465 1948776.251495956, 951892.4988848545 1948774.26720144))",용산구,신창동,용산구,신창동,0.3600351698413178,1.0,Not Sig,-0.005109234120661387,0.111,4.0
11560116,당산동6가,Dangsan-dong 6(yuk)-ga,422,1.7e-05,0.021649,11560116,1,2026-04-15,영등포구,1156011600,당산동6가,6,6,6,6,2,"POLYGON ((947102.2692967906 1948809.3127440752, 947398.1215750985 1948567.8713472886, 947594.1383167151 1948325.5180899466, 947470.7203639816 1948259.7650349184, 946899.753528165 1948619.9900985346, 947049.0743525235 1948855.025278019, 947102.2692967906 1948809.3127440752))",영등포구,당산동6가,,,,,No Data,,,
11560102,영등포동1가,Yeongdeungpo-dong 1(il)-ga,411,8e-06,0.017732,11560102,1,2026-04-15,영등포구,1156010200,영등포동1가,7,7,3,0,0,"POLYGON ((948433.7594965203 1946645.7485818383, 948387.449469847 1946598.8140590377, 947729.9883871924 1946556.9271214555, 947724.8050329571 1946578.4758075962, 948030.4775831609 1946713.349354558, 948160.7555839013 1946755.4520839902, 948266.2597489323 1946735.1199783196, 948433.7594965203 1946645.7485818383))",영등포구,영등포동1가,,,,,No Data,,,
11710105,석촌동,Seokchon-dong,342,9.6e-05,0.044401,11710105,1,2026-04-15,송파구,1171010500,석촌동,43,43,42,20,0,"POLYGON ((965000.9489828462 1945570.0435255084, 965671.4094827429 1944637.1801186618, 965595.2696053786 1944583.8801679225, 965495.4169324589 1944702.3710680187, 964436.8002714185 1944313.3952298998, 964413.2745561758 1944259.8479858986, 964341.2816446506 1944291.5035047154, 964408.9589852219 1945328.3531774948, 964608.310332376 1945333.802747993, 964810.7313419045 1945430.7191924208, 965000.9489828462 1945570.0435255084))",송파구,석촌동,송파구,석촌동,0.01812714670886838,43.0,Not Sig,0.005614898255513702,0.462,3.0
11290121,안암동1가,Anam-dong 1(il)-ga,343,1e-05,0.020229,11290121,0,,,11290121,안암동1가,0,0,0,0,0,"POLYGON ((958129.210961077 1954459.233416052, 958033.0524700225 1954474.0746395146, 958006.4141936427 1954491.8453693646, 957934.8764534806 1954400.687154469, 957678.5462444513 1954291.5842881547, 957676.5273098003 1954254.1653382913, 957641.4626111678 1954344.744168474, 957517.6069772833 1954476.4515236674, 957596.1497045789 1954555.1165504293, 957816.3625912566 1954525.6644138654, 957841.3217772165 1954583.683541747, 957852.7952326561 1954584.7929462066, 957854.4077720614 1954600.524970432, 957960.4024611315 1954698.2833453794, 957960.3837079231 1954698.3283744743, 958077.5381205252 1954503.4692239133, 958129.210961077 1954459.233416052))",성북구,안암동1가,,,,,No Data,,,
11290122,안암동2가,Anam-dong 2(i)-ga,344,1.1e-05,0.016047,11290122,0,,,11290122,안암동2가,0,0,0,0,0,"POLYGON ((958033.0524700225 1954474.0746395146, 958129.210961077 1954459.233416052, 958145.1656694151 1954416.0254535025, 958085.2721305983 1954223.1567770431, 958049.1687906492 1954204.280331889, 957951.7441466202 1954226.18271817, 957941.3513986977 1954138.4907761298, 957734.703832986 1954041.1589746955, 957676.5273098003 1954254.1653382913, 957678.5462444513 1954291.5842881547, 957934.8764534806 1954400.687154469, 958006.4141936427 1954491.8453693646, 958033.0524700225 1954474.0746395146))",성북구,안암동2가,,,,,No Data,,,
11560122,문래동4가,Mullae-dong 4(sa)-ga,388,1.8e-05,0.019986,11560122,1,2026-04-15,영등포구,1156012200,문래동4가,1,1,1,1,0,"POLYGON ((946075.1591432776 1946001.9227230563, 946066.1131533503 1946059.4540636544, 945946.9585747338 1946072.5050823446, 945902.0837412011 1946146.8457612197, 945857.1634789805 1946250.3641046544, 945990.3912908263 1946612.9086172844, 945990.4239733143 1946613.0965749656, 946387.0655916246 1946370.9028951651, 946357.5791880016 1946322.1870239705, 946131.3917689159 1946101.0970674402, 946075.1591432776 1946001.9227230563))",영등포구,문래동4가,,,,,No Data,,,
11560126,양평동2가,Yangpyeong-dong 2(i)-ga,406,1.9e-05,0.017174,11560126,1,2026-04-15,영등포구,1156012600,양평동2가,3,3,3,1,0,"POLYGON ((945368.9777296071 1947196.0300887963, 945358.544418342 1947381.6995284583, 945386.4064180498 1947472.6962119585, 945483.4654195339 1947601.2189576114, 945768.9349630005 1947544.987606243, 945682.4792413705 1947114.9617630679, 945656.5431347319 1946986.3716759174, 945383.4017416771 1947040.222303033, 945368.9777296071 1947196.0300887963))",영등포구,양평동2가,,,,,No Data,,,
11560120,문래동2가,Mullae-dong 2(i)-ga,412,1.5e-05,0.019516,11560120,1,2026-04-15,영등포구,1156012000,문래동2가,2,1,1,0,0,"POLYGON ((946183.5755188409 1945852.391743837, 946075.1591432776 1946001.9227230563, 946131.3917689159 1946101.0970674402, 946357.5791880016 1946322.1870239705, 946387.0655916246 1946370.9028951651, 946731.62545915 1946157.8700327172, 946454.4256218619 1946039.8863769565, 946183.5755188409 1945852.391743837))",영등포구,문래동2가,,,,,No Data,,,
11560104,영등포동3가,Yeongdeungpo-dong 3(sam)-ga,425,1.2e-05,0.017039,11560104,1,2026-04-15,영등포구,1156010400,영등포동3가,52,48,42,19,9,"POLYGON ((947724.8050329571 1946578.4758075962, 947570.4157008857 1946509.8559615812, 947412.5183117816 1946897.303814268, 947463.521331993 1946896.9521466007, 947682.6736553442 1946839.1325129727, 948026.2904738782 1946741.962056086, 948030.4775831609 1946713.349354558, 947724.8050329571 1946578.4758075962))",영등포구,영등포동3가,,,,,No Data,,,
11200101,상왕십리동,Sangwangsimni-dong,443,1.5e-05,0.025334,11200101,0,,,11200101,상왕십리동,0,0,0,0,0,"POLYGON ((958291.827897505 1952443.2245765915, 958227.5225521058 1952462.6222977897, 958129.7703331996 1952283.062615204, 958133.7014170949 1952117.601180437, 958102.5873838536 1951968.2029064882, 958047.2347358428 1951918.8819181656, 958210.2281811468 1951847.6507589938, 957927.6720671062 1951864.3764380757, 957926.7393733901 1951932.6353165198, 957914.2747869701 1952611.0325076825, 958019.3471135657 1952515.2834833104, 958158.5583148864 1952536.8767373378, 958291.827897505 1952443.2245765915))",성동구,상왕십리동,,,,,No Data,,,
11290137,상월곡동,Sangwolgok-dong,376,5.5e-05,0.045057,11290137,0,,,11290137,상월곡동,0,0,0,0,0,"POLYGON ((959962.5372860741 1956927.1132305644, 959962.3973886339 1956911.458891326, 959961.8910783197 1956894.4819341796, 959948.8919556827 1956845.8312812927, 959951.6742286187 1956831.4884290122, 959950.1791145555 1956812.6007327852, 959941.7612726629 1956789.5585397107, 959938.7143584193 1956784.014321619, 959936.0178946056 1956759.4765200196, 959937.8842872602 1956745.0657551894, 959938.4989174383 1956743.031100366, 959948.944590338 1956707.6753395812, 959952.8763679625 1956696.343061759, 959955.4374158698 1956689.578489728, 959963.1992517718 1956669.435621293, 959970.0877799453 1956662.8575090377, 959978.0429492551 1956655.5196925297, 959982.683878809 1956651.1988143781, 959994.9609005692 1956643.134736203, 959997.2998211714 1956641.9253157042, 960014.4935100717 1956632.8756131155, 960017.1737065351 1956631.4544157446, 960026.4593670453 1956621.4083070846, 960030.8520981551 1956615.5235083925, 960034.8340954405 1956611.46024274, 960042.359791504 1956603.7030692, 960044.4066844007 1956593.9315376843, 960047.8670019872 1956592.4581047748, 960058.8453671073 1956590.1487193776, 960072.0623576584 1956591.3258692059, 960072.7279726812 1956591.180315628, 960084.9200122268 1956587.9762007121, 960092.5427805426 1956585.937538978, 960107.6006352403 1956587.9207944563, 960120.6452509514 1956589.852522205, 960134.6601266097 1956592.2170711467, 960137.6904529597 1956592.6381868215, 960145.8907353876 1956596.46928067, 960167.1585795699 1956615.5707005828, 960170.5639462936 1956618.8957568882, 960185.1811702827 1956631.9709794836, 960199.6087698771 1956644.516362447, 960212.7519862622 1956653.734722391, 960213.0207828684 1956653.9432346968, 960214.286514995 1956653.5418493205, 960217.1053680159 1956652.9225390006, 960220.3330181271 1956652.312029163, 960227.2801873054 1956652.2979870217, 960235.6640947319 1956652.5706248737, 960237.5593031523 1956652.6413023085, 960240.6171758301 1956653.0514502062, 960242.312355086 1956653.3201323561, 960248.3010504964 1956654.5562101244, 960275.8934718213 1956660.698007142, 960279.1794609276 1956662.3697761935, 960283.443216427 1956664.6248851416, 960281.9131620737 1956661.534103487, 960280.6969175548 1956658.7994037156, 960283.3314896116 1956661.000412806, 960290.2653304297 1956683.1825457653, 960292.5705558509 1956693.5389352746, 960295.3856029729 1956705.592718846, 960298.3160756868 1956723.3724269627, 960306.61865521 1956731.4288690994, 960318.6686020971 1956732.2526386583, 960334.6339961359 1956737.0350613005, 960357.3161804653 1956751.21197374, 960367.9938805596 1956763.9253670922, 960377.3162316536 1956774.897267249, 960386.8383140523 1956791.5959196554, 960404.3376597061 1956816.0687603476, 960415.1303918847 1956828.8199411242, 960418.4330626377 1956824.6174256373, 960423.9417501262 1956817.765584766, 960431.4784589052 1956807.4924085154, 960434.9171989035 1956802.7804421296, 960455.3077880383 1956776.7828236236, 960474.4662783064 1956752.7513660179, 960496.3342085726 1956725.1789994019, 960502.7945618863 1956718.948313101, 960497.8232752795 1956709.1930458376, 960486.9246911608 1956689.315513699, 960483.2930346449 1956682.593068276, 960456.6094516623 1956656.7722656631, 960437.9489374005 1956634.8593305938, 960436.2332707775 1956631.8887875504, 960422.5452602366 1956610.7734960248, 960404.8185886266 1956593.3515690984, 960392.7723910057 1956580.9607613934, 960336.0104229884 1956467.7376903654, 960495.7129896905 1956203.8514005786, 960491.1528342671 1956076.4246275993, 960524.8743598654 1955993.6188055924, 960393.1419789207 1955838.5301195707, 960312.4092330877 1955766.327026778, 960209.6361342858 1955797.9252312628, 960122.0901536942 1955874.0983686778, 960104.3375817332 1956086.1368096105, 960160.7773291363 1956173.7777805722, 960105.8314243839 1956303.3147888533, 960037.4972517142 1956331.3592964695, 959773.9751574928 1956309.3251152306, 959705.922464833 1956247.88832397, 959600.7302979896 1956501.395581101, 959657.9256679019 1956766.7269883945, 959713.3283108314 1956932.2045826074, 959728.9471224782 1956923.9372355174, 959741.373400839 1956917.2794230052, 959783.472983087 1956929.166895868, 959806.0855670105 1956945.2421918525, 959839.7401263685 1956969.1853935877, 959854.4542940088 1956978.1114357314, 959866.5942117418 1956980.8081350327, 959896.8070068139 1956988.656888692, 959949.7735421432 1957007.8565771105, 959961.9577364124 1957008.718117504, 959965.5806121846 1957006.677026836, 959967.6461611232 1956966.8297544343, 959963.8916565778 1956937.3953583578, 959962.5372860741 1956927.1132305644))",성북구,상월곡동,,,,,No Data,,,
11290125,안암동5가,Anam-dong 5(o)-ga,378,9.7e-05,0.049277,11290125,0,,,11290125,안암동5가,0,0,0,0,0,"POLYGON ((958996.6287878251 1954494.2773909296, 958849.241952445 1954337.998226798, 958799.3121351219 1954249.8662064108, 958688.363837245 1954155.4673213544, 958588.8816521962 1953976.8519529344, 958463.3960322615 1953803.4820967054, 958186.8323964948 1953568.028064701, 958153.5817983467 1953717.0362269299, 958093.460788873 1953795.5872868295, 958031.0206826929 1953805.0855022273, 957985.9019041645 1953893.1611456661, 957959.2059091507 1954079.0636550693, 958049.1687906492 1954204.280331889, 958085.2721305983 1954223.1567770431, 958145.1656694151 1954416.0254535025, 958129.210961077 1954459.233416052, 958077.5381205252 1954503.4692239133, 957960.3837079231 1954698.3283744743, 957958.2577117156 1954703.4169195683, 957944.0998632716 1954876.6506932063, 958116.5997227168 1955148.84072319, 958088.818727702 1955220.67676549, 958126.706838139 1955319.0742698368, 958223.7896908554 1955279.1900805228, 958312.3846400876 1955114.712829617, 958511.5715110135 1955092.0133102564, 958491.8129099288 1955026.7536479488, 958540.825620137 1954841.7890985876, 958657.4171232844 1954771.2667006515, 958670.1657189189 1954680.730541691, 958802.8249339118 1954662.2096295606, 958903.8186350096 1954690.447225617, 958922.234579787 1954539.768796158, 958996.6287878251 1954494.2773909296))",성북구,안암동5가,,,,,No Data,,,
11200112,금호동4가,Geumho-dong 4(sa)-ga,381,8.5e-05,0.049083,11200112,1,2026-04-15,성동구,1120011200,금호동4가,1,1,1,1,0,"POLYGON ((958618.5469244455 1949761.0471321142, 958584.6686558531 1949723.2754898996, 958612.7458327461 1949335.9564506921, 958399.888466259 1949330.3354260381, 957921.1582707954 1949232.367950951, 957856.6589593192 1949232.7047016118, 957774.7820954712 1949356.5230892731, 957634.6657751341 1949262.3220069078, 957566.1396933319 1949439.6522338116, 957585.5521540326 1949560.7812827968, 957547.4813243794 1949632.8353056326, 957402.8011788169 1949658.1295261486, 957336.8053273642 1949718.9743517558, 957244.6490676632 1949672.741816667, 957113.6166498644 1949956.8372583494, 957293.655956483 1950026.2095712528, 957430.3488438166 1949996.4742224342, 958097.1695595243 1949977.8329790933, 958102.3491303889 1949976.7420839353, 958226.0630061533 1949976.175766332, 958423.5993813412 1950060.7606698717, 958446.1517498662 1949976.8714788787, 958571.9991809523 1949861.4418142694, 958618.5469244455 1949761.0471321142))",성동구,금호동4가,,,,,No Data,,,
11170104,갈월동,Garwol-dong,390,2.3e-05,0.031435,11170104,1,2026-04-15,용산구,1117010400,갈월동,23,21,19,17,11,"POLYGON ((953537.0599247161 1950066.321156782, 953471.830537335 1949969.0085300296, 953564.1644593402 1949925.86874496, 953653.6594050893 1949708.880287494, 953486.6432272571 1949681.7237772038, 953367.3897611313 1949662.2121296984, 953471.1570380944 1949139.3518455417, 953471.90555927 1949136.253976016, 953274.5935036371 1949090.5556980532, 953258.436390543 1949159.3257147379, 953273.9656768555 1949300.5328235526, 953269.5172089929 1949565.2337515098, 953263.7746784384 1949813.3728410848, 953251.4414199339 1950056.6466612646, 953433.5242666998 1950194.669348254, 953537.0599247161 1950066.321156782))",용산구,갈월동,용산구,갈월동,0.0805629661571342,21.0,LL,0.06788410548396773,0.023,3.0
11560107,영등포동6가,Yeongdeungpo-dong 6(yuk)-ga,386,1.1e-05,0.022713,11560107,1,2026-04-15,영등포구,1156010700,영등포동6가,10,9,9,9,3,"POLYGON ((947405.8277884371 1946911.9402641966, 947081.0528772319 1946977.5864429958, 947086.6953075206 1946754.996201153, 947079.7603356589 1946781.6943052239, 947062.8901094738 1946897.2741950548, 947079.8587981196 1947038.3278100565, 947137.8692743278 1947272.9780124659, 947226.3567521563 1947574.850563589, 947232.6801478136 1947574.482448059, 947147.0993739528 1947269.4105493873, 947435.8177742932 1947212.7821708368, 947405.8277884371 1946911.9402641966))",영등포구,영등포동6가,,,,,No Data,,,
11650109,내곡동,Naegok-dong,358,0.000847,0.125556,11650109,0,,,11650109,내곡동,0,0,0,0,0,"POLYGON ((963297.3047157943 1941891.2389519394, 963263.8462858178 1941846.305515104, 963233.2172965946 1941592.726389672, 963307.9881605967 1941412.8644524247, 963445.7899085416 1941363.3958183313, 963528.6377580967 1941252.353547192, 963583.8064060432 1941091.6614595817, 963661.0291062206 1941083.0221572486, 963698.0229096303 1941008.9918329373, 963784.1105202694 1940947.8060637414, 963921.8197643029 1940713.833208042, 963922.1721080804 1940420.1364498695, 964025.1473096856 1940308.4801189504, 964152.7699470492 1940272.2462784871, 964244.5884188684 1940277.848360594, 964238.0483634608 1940194.1925314206, 964174.3186191869 1939998.1324659053, 964222.5727971757 1939887.1311502513, 964202.0880256103 1939766.5605543253, 964053.0466759222 1939711.0905426627, 963979.778603082 1939461.281133484, 963905.1175039219 1939443.0592567734, 963823.1305241922 1939367.4905237558, 963764.3558367454 1939199.5816374002, 963703.7323528547 1939157.6996082123, 963696.5945424992 1939077.7665157923, 963588.2929421571 1938907.5602112373, 963572.0868278216 1938547.9023035269, 963544.761669103 1938493.5351531713, 963417.6228996139 1938424.0169506755, 963354.1574345869 1938441.4403036416, 963191.0490285612 1938387.20126116, 963185.7709299754 1938331.1867160911, 963063.3935390724 1938127.9408573091, 962958.6290363197 1938077.265044287, 962863.1846665834 1938070.2118938174, 962614.6108689944 1938135.6627556735, 962495.6807290778 1938192.5843154602, 962384.7601166783 1938201.9623017684, 962228.7950864519 1938180.3299087354, 962153.2956322873 1938207.9227756876, 962149.7636896247 1938275.922483512, 962071.6601536156 1938441.301942711, 961911.9081011718 1938626.2161773546, 961761.7774525194 1938695.0482917845, 961590.5851260648 1938674.0390869319, 961448.3780034803 1938832.9673387634, 961439.7773029453 1938842.382522543, 961278.3588759187 1939042.9637796644, 961251.5121353094 1939190.6616638321, 961009.9985902845 1939357.8944487981, 960978.9912795976 1939411.8616922938, 961041.164045283 1939519.6442554188, 961047.3048888174 1939638.8938160948, 960977.2234230533 1939673.8074195704, 960989.3961115686 1939748.4403299987, 960948.3365804799 1939835.1483436052, 960960.9172215861 1939879.3172224655, 960963.1632787699 1939887.5763276122, 960964.0375894497 1939893.4960361156, 960975.4575805706 1939939.3577414693, 960975.7605415919 1939949.582913338, 960975.4543713854 1939989.8997077593, 960969.8381168707 1940059.9926567378, 960966.8171460964 1940082.7395862162, 960984.7733321792 1940109.357207778, 961005.4430028249 1940183.7758777677, 960998.8593215668 1940200.1826495326, 960988.2693594074 1940244.2762540672, 961002.2356152686 1940271.1299414202, 961075.3684762057 1940344.2163255636, 961094.5418001155 1940351.5152665814, 961211.5877876559 1940432.1047823967, 961252.117321589 1940473.2960565328, 961279.8181890454 1940558.975261379, 961283.3955657544 1940608.8013216762, 961296.3294932079 1940683.4694738835, 961293.0897198418 1940812.7475940892, 961304.8856443757 1940861.0819982071, 961277.0176744506 1941061.6072946382, 961224.4281767951 1941173.343570009, 961258.0413236748 1941183.0668195498, 961282.5175647034 1941186.8396319267, 961302.5230644854 1941210.383549828, 961306.2598846116 1941214.1128104427, 961356.4175976831 1941195.249878223, 961430.8029718001 1941177.1626889652, 961461.2192443794 1941199.7124124023, 961544.6738140994 1941213.7034894228, 961613.3781435706 1941260.258242844, 961646.8946134134 1941275.993514358, 961790.1075352252 1941333.8622639766, 961826.0210031325 1941370.725539803, 961945.2196612947 1941401.8611829185, 961973.2512904366 1941388.4448921785, 962045.1650872488 1941436.2078056384, 962133.9288655655 1941476.9207920795, 962216.7167853306 1941501.57821217, 962292.1406203618 1941577.6203367268, 962447.5460070276 1941664.7488295261, 962462.1779366421 1941678.3225698285, 962501.2318460009 1941721.6401189214, 962505.6314844851 1941726.4436494317, 962535.9974103194 1941760.2088285778, 962548.2305386366 1941772.872555362, 962552.2631782439 1941777.1472209804, 962572.1500189981 1941817.8039854413, 962578.0352944755 1941829.0150620553, 962592.2259669707 1941854.8957222623, 962682.5375563083 1941807.7426110187, 962775.972683817 1941810.7621327627, 963151.4841434677 1941893.4302471932, 963297.3047157943 1941891.2389519394))",서초구,내곡동,,,,,No Data,,,
11410110,북아현동,Bugahyeon-dong,361,0.000109,0.049542,11410110,0,,,11410110,북아현동,0,0,0,0,0,"POLYGON ((951896.0236830066 1952246.2501719014, 951960.1292160898 1952225.8887018978, 951920.9597097067 1952135.2048720324, 952010.6921615894 1952064.8469249844, 952161.5590330253 1952014.7698525325, 952221.292771236 1951921.4027959208, 952246.3654509492 1951551.7628305613, 952311.2067232574 1951432.3550190919, 952371.3056624519 1951396.327185673, 952375.0590118332 1951289.736203883, 952456.7459888796 1951211.3004350918, 952457.4675786842 1951206.392704352, 952317.5460501064 1951064.981551241, 952230.4552619744 1951014.621029891, 951970.6641573654 1951034.4227371186, 951330.1159463159 1950992.180882119, 951329.7555721424 1950992.150708712, 951295.5999174513 1951109.163988791, 951414.3328237023 1951308.9742795208, 951442.9347666383 1951454.6079816706, 951407.7980789042 1951536.9249057223, 951406.8424549433 1951744.7479891735, 951352.0693726835 1951894.914570019, 951389.4310572015 1951949.3192896477, 951448.543539845 1952105.6492474263, 951579.752109545 1952364.5659455284, 951586.107201767 1952477.9762670633, 951758.5151712842 1952375.3907714433, 951896.0236830066 1952246.2501719014))",서대문구,북아현동,,,,,No Data,,,
11290136,하월곡동,Hawolgok-dong,362,0.000184,0.078525,11290136,0,,,11290136,하월곡동,0,0,0,0,0,"POLYGON ((959236.4370083325 1957099.4722993274, 959247.1296164542 1957085.074407417, 959352.2964493126 1957026.4205294102, 959424.0376309325 1957056.8042378197, 959453.2239128673 1957029.7103437907, 959486.2845898331 1956931.9967647307, 959611.9362611844 1956982.872439339, 959672.1197733432 1956963.4309545734, 959678.7170890947 1956964.4153550384, 959714.5775073277 1956966.0112129964, 959713.7470986871 1956943.311130281, 959713.3283108314 1956932.2045826074, 959657.9256679019 1956766.7269883945, 959600.7302979896 1956501.395581101, 959705.922464833 1956247.88832397, 959773.9751574928 1956309.3251152306, 960037.4972517142 1956331.3592964695, 960105.8314243839 1956303.3147888533, 960160.7773291363 1956173.7777805722, 960104.3375817332 1956086.1368096105, 960122.0901536942 1955874.0983686778, 960209.6361342858 1955797.9252312628, 960312.4092330877 1955766.327026778, 960201.6127084797 1955577.17918754, 960194.9553319225 1955509.6509573362, 960097.1562588874 1955413.6865240673, 960039.1572361726 1955290.5284465412, 959940.6328540489 1955295.258686932, 959880.7564044293 1955342.5016321847, 959722.1745474095 1955304.3065512574, 959662.3034282856 1955382.0444590682, 959556.9522577188 1955326.7827397997, 959489.329514531 1955227.7825925848, 959472.9649549399 1955477.0942408587, 959474.1513988109 1955766.9868980509, 959433.4325454662 1955851.8337247253, 959296.4910129616 1955987.6542500858, 958935.1763742174 1956033.7476964777, 958742.1084693435 1956078.9325046162, 958554.4273608667 1956181.0231573165, 958436.4356107098 1956226.833495483, 958258.7584948386 1956226.7016380108, 958145.5193775563 1956129.9801959686, 958106.6322939938 1956217.5902645465, 958316.7674258238 1956428.7841192887, 958464.5236001499 1956603.3692473138, 958540.7427531057 1956720.6800969972, 958760.867891278 1956863.7065294215, 958990.9461037933 1957048.8900284872, 959169.8387242948 1957145.87609615, 959185.7188853264 1957126.637953419, 959198.2698665689 1957115.0902036305, 959236.4370083325 1957099.4722993274))",성북구,하월곡동,,,,,No Data,,,
11200114,성수동1가,Seongsu-dong 1(il)-ga,364,0.000288,0.073314,11200114,1,2026-04-15,성동구,1120011400,성수동1가,48,48,43,36,4,"POLYGON ((960148.5828644264 1948232.72980218, 959936.3563570178 1948389.4610186883, 959891.6594470375 1948424.599709056, 959378.2399194643 1948594.9750326008, 958990.8683438862 1948604.2652290356, 958992.4398797536 1948826.8144637495, 958759.4035070664 1949227.9150592948, 958612.7458327461 1949335.9564506921, 958584.6686558531 1949723.2754898996, 958618.5469244455 1949761.0471321142, 958758.9889696481 1949789.252624561, 958888.0812526133 1949931.7691985779, 958991.930891784 1949984.0189029032, 959163.945566106 1950233.8453574334, 959447.4208404983 1950427.1683334613, 959513.5433852599 1950484.466417426, 959893.0196290549 1950579.9108581124, 959980.0245925826 1950521.6966832574, 960063.2575983256 1950368.2890096367, 960404.2843454753 1950291.283718776, 960441.1731262585 1950261.0012092853, 960247.0442064311 1949653.4033150629, 960213.347296595 1949523.0494849144, 960417.9937787191 1949444.6315599254, 960338.1626779963 1949290.320387551, 960306.3696101676 1949159.8641888478, 960347.0512135447 1949112.7633507275, 960418.3481435493 1948886.3726816508, 960276.8249548849 1948685.0207674017, 960264.0664710387 1948585.396900575, 960148.5828644264 1948232.72980218))",성동구,성수동1가,,,,,No Data,,,
11560108,영등포동7가,Yeongdeungpo-dong 7(chil)-ga,387,2.9e-05,0.02549,11560108,1,2026-04-15,영등포구,1156010800,영등포동7가,1,1,1,1,1,"POLYGON ((948088.2121495638 1947364.241639029, 947788.2473518826 1947203.2955529168, 947746.4682167153 1947150.2672937098, 947435.8177742932 1947212.7821708368, 947147.0993739528 1947269.4105493873, 947232.6801478136 1947574.482448059, 947243.9488063254 1947590.060513402, 947332.2038330388 1947555.0571569654, 947553.8054428573 1947511.4198310103, 947610.3933231648 1947542.2182179363, 947962.8948884184 1947612.6187136022, 948088.2121495638 1947364.241639029))",영등포구,영등포동7가,,,,,No Data,,,
11215105,자양동,Jayang-dong,367,0.000469,0.104031,11215105,0,,,11215105,자양동,0,0,0,0,0,"POLYGON ((962714.7533929278 1948938.572948333, 962733.0594536258 1948938.4079295346, 962879.126440635 1948905.0141231592, 962988.1819373465 1949027.1727394536, 963111.9050628364 1949055.638882061, 963160.3876887796 1949193.7973566412, 963109.7113919815 1949211.068947741, 963221.1260953381 1949176.6611424035, 963178.0952804161 1949048.344840043, 963211.065978069 1948658.0174834041, 963671.769023339 1948802.0604431357, 963732.0029455227 1948772.2349851525, 963720.9158365504 1948579.188872938, 963784.0260600932 1948378.0717198448, 963912.6509525495 1948297.6861311696, 963945.0186764748 1948011.4725167872, 964015.6504529896 1948000.4328831986, 963888.5322878417 1947702.3281641807, 963787.2185943457 1947601.7889520589, 963387.7262748815 1947354.4495207462, 962986.918080669 1947206.3726498473, 962886.9759977252 1947156.0178608308, 962619.7731997346 1947108.9124799091, 962387.1171162007 1947149.2558950458, 962187.3710373779 1947210.5303020463, 961887.884496036 1947262.4238058655, 961785.5110954447 1947341.89346884, 961605.0492272448 1947396.6733364754, 961137.8399222606 1947623.0991696974, 960790.441887355 1947761.5056186821, 960968.4033696947 1948161.1934653283, 961482.7354171057 1949291.630143431, 961486.8707839819 1949300.7260129268, 961648.1865486589 1949224.6704980875, 961676.2398010915 1949212.4738028084, 961964.074882644 1949088.3283227931, 961974.3212768354 1949083.9007994714, 962146.9782313324 1949009.0072989408, 962185.375393939 1948992.4610485353, 962273.128933707 1948954.9570050098, 962285.4126739748 1948951.0590413278, 962463.1267651948 1948913.3473557495, 962475.9720573638 1948980.4193506527, 962714.7533929278 1948938.572948333))",광진구,자양동,,,,,No Data,,,
11290101,성북동,Seongbuk-dong,372,0.000269,0.089425,11290101,0,,,11290101,성북동,0,0,0,0,0,"POLYGON ((956354.119480515 1955413.024536565, 956409.8029426942 1955320.723769657, 956498.2412826387 1955351.3486798964, 956548.8251834805 1955295.6602640126, 956596.3676179405 1955088.224824677, 956587.5833393307 1954930.777645954, 956509.9768717996 1954867.3435914794, 956449.4716292458 1954720.8519160661, 956318.1135030476 1954570.6604850176, 956203.0298997299 1954730.5665119146, 956020.4064734201 1954776.6753379966, 956015.9018038793 1954640.3011851697, 956060.4724460577 1954541.726432556, 956165.1188361433 1954451.5500573933, 956054.7386724406 1954536.0975549705, 955989.1756470725 1954689.4751551712, 956017.6598256311 1954741.225198245, 955945.084055655 1954883.861220106, 955690.1426398256 1954895.534857991, 955544.3459131937 1954863.7766041001, 955451.5937801268 1954884.1001844623, 955372.1145741892 1954801.512894781, 955196.5773846362 1954851.794350359, 955123.156924082 1954796.0919507435, 954896.8349359782 1954790.6276541785, 954728.8302309907 1954936.7620587074, 954686.9566884028 1954940.4796982284, 954606.7121955076 1955107.9354300266, 954478.2653926637 1955122.2892981346, 954234.5077042755 1955227.746918621, 954177.8647649742 1955285.9919332194, 954019.3383951047 1955348.4865473597, 953917.9590398585 1955492.1241927769, 953809.0788877521 1955517.3719682011, 953852.7626007545 1955598.6153664205, 953895.6219403759 1955774.7363012638, 953968.4260747827 1955859.7949112388, 954327.9819940027 1955997.277234866, 954453.5497092269 1956102.0100813236, 954610.3840739235 1956128.2695272183, 954691.1317658729 1956191.3825401033, 954914.5770678067 1956172.7307942056, 955060.2203924184 1956191.6928087268, 955109.2065055276 1956158.5097668977, 955256.814790256 1956142.7031740362, 955399.703381658 1956015.5356843492, 955666.2670595373 1955971.0103633278, 955755.9787531127 1955891.7393580838, 955861.755530969 1955921.6006685656, 955961.7426858636 1955892.2545341202, 956058.6958207224 1955682.7646010844, 956163.9669257153 1955579.6650069167, 956172.3572046587 1955519.5708944313, 956278.8051107874 1955424.5039528012, 956354.119480515 1955413.024536565))",성북구,성북동,,,,,No Data,,,
11170106,용산동1가,Yongsan-dong 1(il)-ga,392,6.2e-05,0.035123,11170106,0,,,11170106,용산동1가,0,0,0,0,0,"POLYGON ((954113.001404914 1948516.78207412, 954113.7855100974 1948508.3787681658, 953685.0039810754 1948490.5947751503, 953621.9048464263 1948551.4915013039, 953608.6212900042 1948826.7625189233, 953533.7972241786 1948832.177341363, 953471.90555927 1949136.253976016, 953471.1570380944 1949139.3518455417, 953591.3912883551 1949167.7357762246, 953486.6432272571 1949681.7237772038, 953653.6594050893 1949708.880287494, 953922.5786791397 1949753.4643931692, 953993.813337163 1949492.8789279398, 953977.9507556363 1949360.954380229, 954097.997046843 1948994.924419638, 954113.001404914 1948516.78207412))",용산구,용산동1가,,,,,No Data,,,
11170120,도원동,Dowon-dong,396,9e-06,0.015794,11170120,0,,,11170120,도원동,0,0,0,0,0,"POLYGON ((952215.7403617682 1949074.763966538, 952165.1042726964 1948984.132222214, 952060.3556731355 1948976.313290764, 951892.4988848545 1948774.26720144, 951769.957333465 1948776.251495956, 951711.2828974467 1948836.2844593169, 951773.8017221543 1948985.8501047136, 951918.8373569548 1949044.6821025268, 951999.5690780404 1949170.7624105145, 952215.7403617682 1949074.763966538))",용산구,도원동,,,,,No Data,,,
11170115,산천동,Sancheon-dong,403,1e-05,0.015631,11170115,1,2026-04-15,용산구,1117011500,산천동,1,1,1,1,0,"POLYGON ((951769.957333465 1948776.251495956, 951708.2008084132 1948685.0648393568, 951683.3045111573 1948574.9919137459, 951520.2743818857 1948421.4210016506, 951322.0539145683 1948474.7960367508, 951312.6543027873 1948621.722334446, 951492.8345665016 1948680.6256038772, 951711.2828974467 1948836.2844593169, 951769.957333465 1948776.251495956))",용산구,산천동,용산구,산천동,-0.0715348179709494,1.0,Not Sig,-0.046084030730975695,0.253,2.0
11170113,원효로2가,Wonhyoro 2(i)-ga,405,1.3e-05,0.019052,11170113,1,2026-04-15,용산구,1117011300,원효로2가,7,7,7,5,3,"POLYGON ((952903.1575919446 1948835.7440908693, 952772.9690341064 1948773.6324562381, 952727.2846242869 1948574.0538728107, 952392.9774110423 1948454.1492474254, 952293.672188401 1948568.9116444758, 952348.7688917506 1948633.0267681396, 952469.370679823 1948704.0523172105, 952466.2754807071 1948781.092068476, 952606.8182937311 1948816.6548508445, 952642.6932026024 1948928.5911905065, 952649.8836026777 1948933.066129876, 952903.1575919446 1948835.7440908693))",용산구,원효로2가,용산구,원효로2가,-1.0843660266175956,7.0,LL,0.43831348452885777,0.016,3.0
11560124,문래동6가,Mullae-dong 6(yuk)-ga,417,3.3e-05,0.031999,11560124,0,,,11560124,문래동6가,0,0,0,0,0,"POLYGON ((945368.9777296071 1947196.0300887963, 945383.4017416771 1947040.222303033, 945656.5431347319 1946986.3716759174, 945682.4792413705 1947114.9617630679, 946074.662211711 1947036.5978002225, 945990.4239733143 1946613.0965749656, 945990.3912908263 1946612.9086172844, 945410.6356079631 1946729.4293639082, 945395.8636163131 1946892.0690120892, 945088.120571106 1946894.8657941793, 945165.1070851956 1946993.0620982083, 945130.605617429 1947203.7382586524, 945130.6021020892 1947216.793388408, 945210.2937751618 1947242.7995305264, 945368.9777296071 1947196.0300887963))",영등포구,문래동6가,,,,,No Data,,,
11170116,청암동,Cheongam-dong,420,7e-06,0.014489,11170116,0,,,11170116,청암동,0,0,0,0,0,"POLYGON ((951312.6543027873 1948621.722334446, 951322.0539145683 1948474.7960367508, 951181.0680322554 1948475.2460044955, 951008.3758394117 1948296.119871338, 950930.2642213556 1948419.4797726998, 950976.0769980663 1948550.25894125, 951094.6606264288 1948633.5431060782, 951178.8611731123 1948595.0004426327, 951312.6543027873 1948621.722334446))",용산구,청암동,,,,,No Data,,,
11560103,영등포동2가,Yeongdeungpo-dong 2(i)-ga,424,3.2e-05,0.025547,11560103,1,2026-04-15,영등포구,1156010300,영등포동2가,8,8,4,4,3,"POLYGON ((948515.1328331594 1946792.2910485887, 948433.7594965203 1946645.7485818383, 948266.2597489323 1946735.1199783196, 948160.7555839013 1946755.4520839902, 948030.4775831609 1946713.349354558, 948026.2904738782 1946741.962056086, 947682.6736553442 1946839.1325129727, 947746.4682167153 1947150.2672937098, 947788.2473518826 1947203.2955529168, 948088.2121495638 1947364.241639029, 948182.5966034895 1947182.5188272805, 948404.5243229726 1946872.3409038677, 948515.1328331594 1946792.2910485887))",영등포구,영등포동2가,,,,,No Data,,,
11560121,문래동3가,Mullae-dong 3(sam)-ga,428,6.9e-05,0.0354,11560121,1,2026-04-15,영등포구,1156012100,문래동3가,1,1,1,0,0,"POLYGON ((946731.62545915 1946157.8700327172, 946387.0655916246 1946370.9028951651, 945990.4239733143 1946613.0965749656, 946074.662211711 1947036.5978002225, 946242.8060773766 1947002.532030372, 946565.7521371542 1946938.7155840197, 946981.058968491 1946853.0325067076, 947079.7603356589 1946781.6943052239, 947086.6953075206 1946754.996201153, 947164.228969824 1946484.2878274966, 947249.508108272 1946380.4391742423, 946731.62545915 1946157.8700327172))",영등포구,문래동3가,,,,,No Data,,,
11170108,서계동,Seogye-dong,429,2.6e-05,0.02565,11170108,1,2026-04-15,용산구,1117010800,서계동,76,76,72,49,18,"POLYGON ((953197.7117878734 1950162.7346445227, 953023.8587478892 1950227.9832685876, 952849.2382402002 1950361.6261105067, 952748.4439527607 1950215.2622792588, 952646.5652324108 1950182.443919901, 952510.8583254628 1950377.4791649554, 952510.2695017031 1950381.4803402286, 952809.2215512159 1950668.3392720388, 952889.7381207079 1950698.590788995, 953117.4054228032 1950834.288039894, 953115.5534119889 1950747.065828868, 953109.2804887575 1950501.6266334518, 953218.8592147377 1950376.9235319255, 953245.7100752693 1950296.1291567516, 953197.7117878734 1950162.7346445227))",용산구,서계동,용산구,서계동,-0.1253840964218539,76.0,Not Sig,-0.03512292736092928,0.312,2.0
11560109,영등포동8가,Yeongdeungpo-dong 8(pal)-ga,431,1.6e-05,0.019832,11560109,1,2026-04-15,영등포구,1156010900,영등포동8가,1,1,1,0,0,"POLYGON ((947610.3933231648 1947542.2182179363, 947553.8054428573 1947511.4198310103, 947332.2038330388 1947555.0571569654, 947243.9488063254 1947590.060513402, 947349.1216469841 1947898.0146830895, 947470.7203639816 1948259.7650349184, 947594.1383167151 1948325.5180899466, 947577.2210450734 1948300.2296382682, 947557.1942545554 1947800.2286135592, 947610.3933231648 1947542.2182179363))",영등포구,영등포동8가,,,,,No Data,,,
11290112,삼선동2가,Samseon-dong 2(i)-ga,382,2.3e-05,0.02728,11290112,0,,,11290112,삼선동2가,0,0,0,0,0,"POLYGON ((957151.0409861186 1954009.985663387, 957164.0214844139 1953771.0069700312, 957155.6705119597 1953768.5597599535, 956989.2411596006 1953664.6015852597, 956895.3097129293 1953688.3550293047, 956822.9742633917 1953606.3002752073, 956725.7093399795 1953598.7399855035, 956689.0898604414 1953665.9607165346, 956657.1683321183 1953851.7397037018, 956727.1729033702 1954215.8634370521, 956623.5931930738 1954414.3438884492, 956742.436788782 1954512.9705276953, 956778.4661388575 1954442.7844395402, 956827.0053995365 1954195.7031594643, 956870.8017674481 1954161.5446233656, 956897.9057186894 1954005.4988523687, 957151.0409861186 1954009.985663387))",성북구,삼선동2가,,,,,No Data,,,
11710102,신천동,Sincheon-dong,384,0.000443,0.159604,11710102,1,2026-04-15,송파구,1171010200,신천동,4,4,1,0,0,"POLYGON ((966146.605946606 1947248.3419498873, 965794.3844724648 1946533.178549611, 965776.1956339785 1946541.3919231603, 965241.1434142167 1946315.6459408049, 965370.4042005367 1945928.50464575, 965000.9489828462 1945570.0435255084, 964809.7198894476 1945836.3146040041, 964248.4929203305 1946752.044623825, 964145.4805907406 1947038.0034582708, 963856.606192641 1946942.7343521232, 963642.5422684075 1946973.4430714303, 963118.7191944129 1946943.2483611822, 963057.4258433265 1946977.6515139483, 962853.9316071221 1946963.3229228102, 962516.7315666771 1946891.2189718774, 962302.8343939891 1946893.2527272531, 961899.7645857907 1946944.0789638662, 962035.6308732411 1946730.453505878, 961884.486772108 1946564.5954295262, 961886.2692431648 1946943.8314000617, 961792.9456510327 1946930.7754104123, 961785.5110954447 1947341.89346884, 961887.884496036 1947262.4238058655, 962187.3710373779 1947210.5303020463, 962387.1171162007 1947149.2558950458, 962619.7731997346 1947108.9124799091, 962886.9759977252 1947156.0178608308, 962986.918080669 1947206.3726498473, 963387.7262748815 1947354.4495207462, 963787.2185943457 1947601.7889520589, 963888.5322878417 1947702.3281641807, 964841.722920129 1948645.0387304144, 965396.4556581394 1949192.861082899, 965398.2357338789 1948987.9936470715, 965389.144560676 1947799.5820697362, 965178.6208050618 1947544.753873606, 964919.5273503114 1947272.1803515614, 964946.4219578579 1947253.454291248, 966146.605946606 1947248.3419498873))",송파구,신천동,송파구,신천동,-0.5271932343836987,4.0,Not Sig,0.06336016112668277,0.291,3.0
11560105,영등포동4가,Yeongdeungpo-dong 4(sa)-ga,435,2e-05,0.019085,11560105,1,2026-04-15,영등포구,1156010500,영등포동4가,8,8,7,5,2,"POLYGON ((947405.8277884371 1946911.9402641966, 947463.521331993 1946896.9521466007, 947412.5183117816 1946897.303814268, 947570.4157008857 1946509.8559615812, 947261.5508490374 1946374.0805143474, 947249.508108272 1946380.4391742423, 947164.228969824 1946484.2878274966, 947086.6953075206 1946754.996201153, 947081.0528772319 1946977.5864429958, 947405.8277884371 1946911.9402641966))",영등포구,영등포동4가,,,,,No Data,,,
11170127,용산동5가,Yongsan-dong 5(o)-ga,437,7.1e-05,0.03842,11170127,0,,,11170127,용산동5가,0,0,0,0,0,"POLYGON ((954070.3849259455 1947928.3947290373, 954060.9224916942 1947557.9624406735, 953897.7140251073 1947318.3926283875, 953768.6890823372 1946998.1713034331, 953345.6983346272 1947159.3387777319, 953312.8262362736 1947248.4774121665, 953170.9054868876 1947266.369731853, 953138.3593141214 1947394.4754891929, 953175.9959384411 1947447.52767049, 953197.5875534668 1947587.2924742538, 953109.0627127775 1947601.3954507108, 952979.1286237931 1947701.2317067923, 953093.52352589 1947696.7078554004, 953124.0447369791 1947907.4134063309, 953292.1581448826 1947995.288290464, 953345.5082959435 1947988.9596841326, 953544.2513831599 1947920.4637230376, 953746.3961693424 1947895.78635153, 954070.3849259455 1947928.3947290373))",용산구,용산동5가,,,,,No Data,,,
11560129,양평동5가,Yangpyeong-dong 5(o)-ga,440,2.3e-05,0.019959,11560129,1,2026-04-15,영등포구,1156012900,양평동5가,4,4,1,1,0,"POLYGON ((946268.1974789117 1948601.9588110896, 946234.6886026078 1948728.8378588369, 946095.9939769892 1949096.090266184, 946319.1087200101 1949433.63134022, 946406.7371507859 1949369.552886534, 946478.3955345969 1949319.88289963, 946644.6868575366 1949196.8367561887, 946268.1974789117 1948601.9588110896))",영등포구,양평동5가,,,,,No Data,,,
11560111,당산동1가,Dangsan-dong 1(il)-ga,413,2.2e-05,0.020207,11560111,1,2026-04-15,영등포구,1156011100,당산동1가,26,26,18,14,9,"POLYGON ((947079.7603356589 1946781.6943052239, 946981.058968491 1946853.0325067076, 946565.7521371542 1946938.7155840197, 946651.504675729 1947368.7644524972, 947137.8692743278 1947272.9780124659, 947079.8587981196 1947038.3278100565, 947062.8901094738 1946897.2741950548, 947079.7603356589 1946781.6943052239))",영등포구,당산동1가,,,,,No Data,,,
11560133,대림동,Daerim-dong,464,0.000204,0.069781,11560133,1,2026-04-15,영등포구,1156013300,대림동,20,20,18,16,12,"POLYGON ((946901.7142282316 1945144.1387964173, 946947.2091954136 1945051.6097509926, 947150.0438758451 1944830.0872634947, 947062.5540865405 1944665.14201912, 947256.0694735162 1944416.7486536098, 947368.0308952674 1944388.0802261194, 947466.3384602892 1944435.658730912, 947632.0275170085 1944383.0736652678, 947708.8681101261 1944313.1918350672, 947701.0063422599 1944198.4895476634, 947782.7964176129 1943900.5450219898, 947804.7768910233 1943876.2052733055, 947625.2220333837 1943583.1710489409, 947547.122270212 1943495.7642883395, 947239.2003446235 1943030.7339064565, 947239.1069001232 1943030.609570899, 947108.282622819 1943056.4695096388, 946794.1449313379 1943247.444177608, 946617.1115305889 1943515.6184205986, 946486.4163145343 1944162.2704701137, 946439.3792029646 1944495.6488611181, 946403.6713240838 1944654.0822336725, 946343.0706043913 1944739.1025846829, 946326.377536179 1944930.3330894117, 946362.0861788084 1944997.0460093955, 946323.6572184514 1945067.990792937, 946438.2304923218 1945255.5025147647, 946291.6395135988 1945706.2771275435, 946295.9878382845 1945709.820496356, 946355.5900203192 1945647.264290106, 946429.8880464843 1945627.1818898784, 946654.0995506216 1945429.9385966589, 946683.2478666197 1945359.5495295052, 946839.9253058453 1945171.4487769348, 946901.7142282316 1945144.1387964173))",영등포구,대림동,영등포구,대림동,-1.173947253022589,20.0,Not Sig,-0.1796993514852876,0.253,2.0
11290116,동선동1가,Dongseon-dong 1(il)-ga,433,8e-06,0.012183,11290116,0,,,11290116,동선동1가,0,0,0,0,0,"POLYGON ((957356.2255131488 1954669.9514254637, 957316.2464163018 1954917.8081063477, 957405.4539873457 1954979.0705653077, 957533.3630650569 1955116.0903247758, 957594.287251068 1955059.6514989852, 957617.0376869167 1954772.3541652414, 957356.2255131488 1954669.9514254637))",성북구,동선동1가,,,,,No Data,,,
11560125,양평동1가,Yangpyeong-dong 1(il)-ga,418,2.4e-05,0.020428,11560125,1,2026-04-15,영등포구,1156012500,양평동1가,9,9,5,4,2,"POLYGON ((946242.8060773766 1947002.532030372, 946074.662211711 1947036.5978002225, 945682.4792413705 1947114.9617630679, 945768.9349630005 1947544.987606243, 946280.1225121395 1947443.8213155048, 946221.5119771524 1947151.3948885896, 946242.8060773766 1947002.532030372))",영등포구,양평동1가,,,,,No Data,,,
11170126,용산동3가,Yongsan-dong 3(sam)-ga,407,3.4e-05,0.028911,11170126,1,2026-04-15,용산구,1117012600,용산동3가,2,2,2,2,2,"POLYGON ((954113.7855100974 1948508.3787681658, 954089.0813165519 1948340.3942884912, 954070.3849259455 1947928.3947290373, 953746.3961693424 1947895.78635153, 953544.2513831599 1947920.4637230376, 953345.5082959435 1947988.9596841326, 953411.7952105509 1948108.1035649364, 953472.3373227865 1948129.9235394807, 953646.3954132234 1948300.3288891644, 953659.849659758 1948384.8920241678, 953570.0068786434 1948411.3066961777, 953555.8840344546 1948512.9227687868, 953621.9048464263 1948551.4915013039, 953685.0039810754 1948490.5947751503, 954113.7855100974 1948508.3787681658))",용산구,용산동3가,,,,,No Data,,,
11560119,문래동1가,Mullae-dong 1(il)-ga,399,1.7e-05,0.031393,11560119,0,,,11560119,문래동1가,0,0,0,0,0,"POLYGON ((946355.5900203192 1945647.264290106, 946295.9878382845 1945709.820496356, 946240.5813433367 1945845.371953246, 946183.5755188409 1945852.391743837, 946454.4256218619 1946039.8863769565, 946731.62545915 1946157.8700327172, 947249.508108272 1946380.4391742423, 947261.5508490374 1946374.0805143474, 947336.6962210028 1946315.3648844727, 946763.490914636 1946011.3480415116, 946352.3780853389 1945791.1184806277, 946355.5900203192 1945647.264290106))",영등포구,문래동1가,,,,,No Data,,,
11560110,여의도동,Yeouido-dong,400,0.000872,0.119611,11560110,1,2026-04-15,영등포구,1156011000,여의도동,11,11,10,2,1,"POLYGON ((949809.7985660917 1949212.6054560787, 949902.327547931 1949173.9060071786, 950116.6887467499 1949042.5464809083, 950280.7422538522 1948944.093176629, 950400.4345261256 1948872.4612736427, 950557.5672571319 1948745.7096204553, 950898.2257405244 1948470.0836078953, 950930.2642213556 1948419.4797726998, 951008.3758394117 1948296.119871338, 951151.6283778951 1948068.8924391915, 951393.4023265525 1947667.4270385124, 951388.0141680676 1946611.9507366593, 951359.316331136 1946623.981937325, 950449.9973775177 1946458.4202410518, 949995.1885421044 1946442.991414929, 949840.1219591511 1946406.3213145155, 949540.3654918193 1946390.7143583663, 949351.9524128853 1946405.672178813, 949254.0701045719 1946413.8634531603, 949070.4202566387 1946513.741714146, 948635.1925890702 1946689.5444492348, 948515.1328331594 1946792.2910485887, 948404.5243229726 1946872.3409038677, 948182.5966034895 1947182.5188272805, 948088.2121495638 1947364.241639029, 947962.8948884184 1947612.6187136022, 947799.0492354474 1948109.8024557391, 947712.9032878719 1948332.081098758, 947663.7305123139 1948697.1565970557, 947572.3541490105 1949058.183094621, 947423.343771028 1949288.0110438725, 948510.8353494852 1949282.1148404216, 948922.6542898777 1949279.959529068, 949337.6779558067 1949277.843255255, 949505.9394504132 1949276.972485841, 949656.6511679774 1949276.4413570135, 949809.7985660917 1949212.6054560787))",영등포구,여의도동,영등포구,여의도동,1.3895641863493382,11.0,Not Sig,0.12440028441142217,0.168,1.0
11560128,양평동4가,Yangpyeong-dong 4(sa)-ga,402,3.8e-05,0.025047,11560128,1,2026-04-15,영등포구,1156012800,양평동4가,12,11,10,8,4,"POLYGON ((946913.990116703 1948976.3405574975, 947024.0258314783 1948875.843755253, 947024.966964317 1948873.935414711, 947049.0743525235 1948855.025278019, 946899.753528165 1948619.9900985346, 946684.8157585361 1948281.7194917835, 946270.8946106061 1948542.0149564196, 946268.1974789117 1948601.9588110896, 946644.6868575366 1949196.8367561887, 946794.2423000942 1949069.642093695, 946810.6484709161 1949055.573255946, 946830.9395214603 1949036.983135095, 946912.7137083791 1948977.5672724054, 946913.990116703 1948976.3405574975))",영등포구,양평동4가,,,,,No Data,,,
11560106,영등포동5가,Yeongdeungpo-dong 5(o)-ga,436,1e-05,0.012644,11560106,1,2026-04-15,영등포구,1156010600,영등포동5가,9,8,8,7,6,"POLYGON ((947682.6736553442 1946839.1325129727, 947463.521331993 1946896.9521466007, 947405.8277884371 1946911.9402641966, 947435.8177742932 1947212.7821708368, 947746.4682167153 1947150.2672937098, 947682.6736553442 1946839.1325129727))",영등포구,영등포동5가,,,,,No Data,,,
11200108,응봉동,Eungbong-dong,377,5.8e-05,0.03524,11200108,1,2026-04-15,성동구,1120010800,응봉동,3,3,3,3,0,"POLYGON ((959447.4208404983 1950427.1683334613, 959163.945566106 1950233.8453574334, 958991.930891784 1949984.0189029032, 958888.0812526133 1949931.7691985779, 958758.9889696481 1949789.252624561, 958618.5469244455 1949761.0471321142, 958571.9991809523 1949861.4418142694, 958446.1517498662 1949976.8714788787, 958423.5993813412 1950060.7606698717, 958380.3978301565 1950109.7224501257, 958449.6752098646 1950359.6968084967, 958399.3183677647 1950445.857164956, 958442.6855638925 1950603.0857800625, 958602.5371919138 1950498.9445280482, 958675.0780559456 1950525.0060608871, 958757.2913620361 1950645.770095579, 958963.5561685882 1950709.4831667896, 959052.8002737681 1950631.341596714, 959186.9704494979 1950557.8996868602, 959303.8795580385 1950588.932387081, 959392.2195130399 1950558.4457004871, 959447.4208404983 1950427.1683334613))",성동구,응봉동,성동구,응봉동,5.084650093698845,3.0,Not Sig,-2.011958033617941,0.079,4.0
11710114,마천동,Macheon-dong,380,0.000149,0.058774,11710114,1,2026-04-15,송파구,1171011400,마천동,2,2,2,2,2,"POLYGON ((969737.8202504171 1943492.1812163095, 969559.1705959942 1943632.0941676346, 969276.3104706091 1943814.0731420936, 969150.122074209 1944004.9984859896, 969078.7806799489 1944076.0780324081, 968634.5278711574 1944458.408738637, 968580.0170437257 1944519.9095291262, 968411.6447447536 1944519.4713077159, 968327.7870523948 1944568.047804196, 968476.7397283991 1944943.7124851884, 968442.0998617614 1944985.5328085595, 968545.6782687795 1945074.6916264868, 968708.6809869295 1944944.2269752806, 968862.6015977437 1944942.1719225824, 969084.9063981839 1945110.6718846746, 969252.404608779 1944913.5237876093, 969317.4446559686 1944922.66367032, 969644.8650505228 1944792.5863704388, 969749.1411839804 1944934.7332486794, 969849.2880605292 1944846.8826730265, 969895.7764533778 1944732.7084734966, 969993.5328814411 1944702.5881723291, 970071.4739914836 1944603.1640874448, 970065.2588525419 1944522.0299328088, 969999.7557965685 1944401.017448011, 969997.553818435 1944312.479540032, 969926.522602263 1944225.4522539387, 969946.7338559481 1943951.8175587135, 969901.7557610362 1943831.147606169, 969810.6474649209 1943698.2199088205, 969782.8759635766 1943529.0768235484, 969737.8202504171 1943492.1812163095))",송파구,마천동,송파구,마천동,-7.282051601455333,2.0,Not Sig,-0.15933502854219747,0.429,2.0
11200118,송정동,Songjeong-dong,347,0.000147,0.059127,11200118,1,2026-04-15,성동구,1120011800,송정동,11,11,9,9,5,"POLYGON ((962353.7982528881 1951203.9360230835, 961922.5626780426 1950256.5332018426, 961794.1919365884 1949976.4349023039, 961367.147015437 1949952.6609065128, 961110.0033708098 1949989.1425437143, 960839.1920940343 1950082.7080070663, 960302.2322461826 1950372.4772883824, 960413.2325560395 1950418.6906653107, 960487.600437468 1950703.0010329378, 960618.7157009683 1950984.0381808637, 960914.4726591981 1950901.312186415, 961411.9644662691 1950923.3853773263, 961848.0185466158 1950837.3225578754, 962201.3050853398 1951280.7762600002, 962234.7432447933 1951265.290210261, 962353.7982528881 1951203.9360230835))",성동구,송정동,성동구,송정동,-2.304663481428212,11.0,Not Sig,0.07703677990557273,0.485,3.0
11170123,신계동,Singye-dong,454,1.5e-05,0.022202,11170123,0,,,11170123,신계동,0,0,0,0,0,"POLYGON ((953062.2045038771 1948398.4777772564, 952725.5684102534 1948486.0464735443, 952628.1503516609 1948468.7082823082, 952516.6495702902 1948369.4533421726, 952339.8707960048 1948372.3678978367, 952392.9774110423 1948454.1492474254, 952727.2846242869 1948574.0538728107, 952772.9690341064 1948773.6324562381, 952903.1575919446 1948835.7440908693, 952981.5635926877 1948756.3725705242, 953057.8779574917 1948599.6585165819, 953062.2045038771 1948398.4777772564))",용산구,신계동,,,,,No Data,,,
11170133,서빙고동,Seobinggo-dong,461,8.1e-05,0.038065,11170133,1,2026-04-15,용산구,1117013300,서빙고동,1,1,1,1,0,"POLYGON ((955099.1953466943 1947438.281319024, 955243.8983217241 1947304.301666006, 955329.2435980646 1947140.1331004759, 955374.7332509643 1946987.7246578864, 955466.3922988669 1946879.8662624152, 955596.8222211404 1946578.1111286317, 955588.5704034695 1946571.6271800357, 954990.7921910547 1946101.367263048, 954531.8537148389 1946451.4882255811, 954514.6591528223 1946774.7681342512, 954743.4900693218 1946785.5461713886, 954738.6059017619 1946922.484813592, 954829.6857212478 1947079.33288394, 954925.2811177507 1947136.310154305, 954958.2820864533 1947256.8525492793, 955039.8229923378 1947420.062507617, 955099.1953466943 1947438.281319024))",용산구,서빙고동,용산구,서빙고동,3.4141085092975985,1.0,HL,-1.0119775227483776,0.044,4.0
11170134,주성동,Juseong-dong,462,1.8e-05,0.021908,11170134,0,,,11170134,주성동,0,0,0,0,0,"POLYGON ((956100.5865950721 1946990.5454913892, 955723.1216117982 1946677.4688860825, 955596.3947577538 1947050.685286731, 955623.8082706616 1947212.0904210464, 955621.9569453424 1947351.6673172105, 955591.0874552064 1947398.1428537266, 955675.8626668274 1947353.0228057504, 955655.6684987778 1947241.9994331163, 955720.1499637676 1947186.150942001, 955889.6618530789 1947214.2215431845, 955952.7086569237 1947176.0962292375, 956100.5865950721 1946990.5454913892))",용산구,주성동,,,,,No Data,,,
11170122,문배동,Munbae-dong,442,1.2e-05,0.018005,11170122,1,2026-04-15,용산구,1117012200,문배동,2,2,2,0,0,"POLYGON ((953237.8529984147 1948713.4690810244, 953124.8755400736 1948457.9025639216, 953062.2045038771 1948398.4777772564, 953057.8779574917 1948599.6585165819, 952981.5635926877 1948756.3725705242, 952903.1575919446 1948835.7440908693, 953025.575710088 1948896.6462974695, 953193.0053252607 1949021.8703609672, 953258.436390543 1949159.3257147379, 953274.5935036371 1949090.5556980532, 953255.2937867536 1949029.68230296, 953260.147575328 1948822.7478634347, 953237.8529984147 1948713.4690810244))",용산구,문배동,용산구,문배동,-1.3736156641087494,2.0,Not Sig,0.39433570238774585,0.051,3.0
11170103,용산동4가,Yongsan-dong 4(sa)-ga,447,8.1e-05,0.036409,11170103,0,,,11170103,용산동4가,0,0,0,0,0,"POLYGON ((955073.0620871761 1947946.6886386115, 955074.4779933908 1947663.765376305, 954814.308734987 1947649.9460649074, 954570.5063831492 1947661.933146112, 954196.1883142889 1947556.0372706256, 954060.9224916942 1947557.9624406735, 954070.3849259455 1947928.3947290373, 954089.0813165519 1948340.3942884912, 954113.7855100974 1948508.3787681658, 954113.001404914 1948516.78207412, 954589.4863691438 1948538.1282155702, 954704.959948605 1948488.05624109, 954784.4590824 1948449.314526909, 955073.0620871761 1947946.6886386115))",용산구,용산동4가,,,,,No Data,,,
11170112,원효로1가,Wonhyoro 1(iI)-ga,449,2.1e-05,0.020099,11170112,1,2026-04-15,용산구,1117011200,원효로1가,4,4,4,4,3,"POLYGON ((953273.9656768555 1949300.5328235526, 953258.436390543 1949159.3257147379, 953193.0053252607 1949021.8703609672, 953025.575710088 1948896.6462974695, 952903.1575919446 1948835.7440908693, 952649.8836026777 1948933.066129876, 952678.6602804482 1948966.1272716413, 952667.0494779852 1949109.7846394277, 952729.2185699112 1949265.511425179, 952889.7495894512 1949276.3201060882, 953016.1863620018 1949257.9602179183, 953044.6538518341 1949337.0840626813, 953230.1587137269 1949264.0656168468, 953273.9656768555 1949300.5328235526))",용산구,원효로1가,용산구,원효로1가,-3.5426811774255507,4.0,Not Sig,0.24296077846538022,0.352,3.0
