구,동,숙소명,cluster,cluster_label,위도,경도,x_5181,y_5181,최종위험점수_new,residual,coef_intercept,coef_구조노후도,bw_intercept,bw_구조노후도
종로구,종로2가,서울YMCA관광호텔,0,중위험군,37.56785597,126.9845017,198630.7961,452035.4128,22.91093724,-4.1725768042674325,26.30376117599913,0.4208706027453327,43.0,83.0
종로구,낙원동,목시 서울 인사동 호텔,0,중위험군,37.56954746,126.9885558,198988.9835,452223.0971,24.51774415,-2.3656668266833663,28.085396248392115,1.1078300466023507,43.0,83.0
종로구,종로4가,진가,0,중위험군,37.56787973,126.9987935,199893.4096,452037.9377,32.43761249,-0.12311921373443369,28.569474997408193,2.285726929965443,43.0,83.0
종로구,숭인동,더온재,0,중위험군,37.57228397,127.0203905,201801.3004,452526.9518,22.83469509,-7.919321702771459,30.458948541284933,1.0788306389320392,43.0,83.0
중구,남창동,케이팝 서울타워 호스텔,0,중위험군,37.55403706,126.9763763,197912.5692,450501.8264,16.99936585,-9.422812629453862,28.440436591983218,2.4769581333164066,43.0,83.0
종로구,종로2가,스테이울림,0,중위험군,37.56718514,126.9835802,198549.3773,451960.9723,24.04776165,-2.5943643413652637,26.08067778625577,0.3803881469954955,43.0,83.0
종로구,충신동,온코리아 스테이,0,중위험군,37.57265524,127.0033667,200297.4115,452567.9683,39.79377633,8.234581662822954,31.127107178357363,1.5798013486353115,43.0,83.0
종로구,숭인동,엔조이스테이 호스텔,0,중위험군,37.57029351,127.0191229,201689.3601,452306.0103,21.14529386,-7.663036988558982,30.197442083043434,1.0337554818288721,43.0,83.0
종로구,권농동,스테이 종로 온당,0,중위험군,37.57416521,126.9904673,199157.9029,452735.5949,32.19474877,1.8888376591096012,30.85878224469795,1.0222635140234981,43.0,83.0
종로구,관수동,THE EXTAY LOUNGE,0,중위험군,37.56665459,126.9885067,198984.6048,451902.0229,18.8161887,-5.83779316126672,26.760374142816012,1.6179448526902291,43.0,83.0
종로구,숭인동,서울앤호텔 동대문,0,중위험군,37.5705788,127.0200435,201770.6876,452337.6911,40.15268664,10.758793444504676,30.41173080465376,1.044325372069032,43.0,83.0
종로구,와룡동,클래식 아파트먼트 익선,0,중위험군,37.57389547,126.9897488,199094.4271,452705.6636,31.16213307,-1.3506053399876343,30.667104934393763,0.9961782828003429,43.0,83.0
종로구,숭인동,브릭 스테이 (BRIC STAY),0,중위험군,37.57248011,127.0197134,201741.4763,452548.7083,28.64444955,-1.5471513481185823,30.187963354562743,1.0923629555927468,43.0,83.0
종로구,충신동,연경당,0,중위험군,37.57203715,127.0039527,200349.1823,452499.3695,30.80334323,1.3400219562923539,31.15826078602653,1.5621696564143739,43.0,83.0
종로구,돈의동,더 메이 호텔,0,중위험군,37.56923344,126.9887906,199009.7162,452188.2421,16.14393547,-10.450627781973441,27.9319127660101,1.1749016090267148,43.0,83.0
종로구,익선동,엠제이호텔,0,중위험군,37.57227399,126.9880699,198946.0906,452525.7156,30.95267857,1.5943228723155585,29.657280324814344,0.9228139874397829,43.0,83.0
종로구,익선동,킹스가든,0,중위험군,37.57179889,126.9889326,199022.3007,452472.9757,29.68497731,1.0222270959943849,29.37542203364217,1.0116583653796536,43.0,83.0
종로구,관철동,수레지던스,0,중위험군,37.56655068,126.9841539,198600.0443,451890.546,25.97377645,-0.9242185092459358,26.401746058575995,0.5037539502401748,43.0,83.0
종로구,창신동,동대문 서울달빛,0,중위험군,37.56916257,127.0137488,201214.6206,452180.4061,34.54718315,5.489721491418418,28.13073216889633,0.9986072408251576,43.0,83.0
종로구,연건동,브루클린,0,중위험군,37.57244418,127.0008332,200073.6066,452544.5381,36.98701582,7.87804154589087,31.23319371147076,1.53305644294905,43.0,83.0
종로구,숭인동,케이디 호스텔,0,중위험군,37.57044997,127.0186755,201649.8402,452323.3676,33.38826274,4.473434528463862,30.032437543678725,1.0300635354297,43.0,83.0
종로구,장사동,센추럴,0,중위험군,37.56604937,126.9921087,199302.819,451834.8177,38.31717841,2.964643384628907,29.39392959096695,3.6426002697222892,43.0,83.0
종로구,창신동,VATICA HOTEL(바티카 호텔),0,중위험군,37.56737832,127.0147475,201302.8834,451982.3886,25.16109034,-3.537918520679142,27.07477217582312,0.992924443727835,43.0,83.0
종로구,권농동,언플러그 안국,0,중위험군,37.57427525,126.9904528,199156.6242,452747.8082,34.38596742,3.3514860748300066,30.918850637236872,1.017122337884495,43.0,83.0
종로구,낙원동,베스트웨스턴 종로(인사동),0,중위험군,37.5696394,126.9887561,199006.6737,452233.2992,24.1597545,-2.936563227313858,28.13896447348342,1.131636309334466,43.0,83.0
종로구,숭인동,아이비씨호텔,0,중위험군,37.57050676,127.022065,201949.2705,452329.7355,39.68270504,10.002959706804333,30.631520907276546,1.033009312045956,43.0,83.0
종로구,익선동,ICON,0,중위험군,37.57209924,126.9881293,198951.3391,452506.3197,24.01764966,-4.850930388812536,29.525015166306826,0.9318287318849525,43.0,83.0
종로구,익선동,호텔 다다-인사,0,중위험군,37.57189895,126.9887524,199006.3786,452484.0831,28.99010129,0.3008441769040111,29.440589899154556,0.9915529250234167,43.0,83.0
종로구,낙원동,종로크라운,0,중위험군,37.57131629,126.9874005,198886.9441,452419.4297,27.58183873,-1.8370076738198975,28.88547016397527,0.8822405815028422,43.0,83.0
종로구,평창동,동화킴스관광호텔,0,중위험군,37.60669991,126.9743304,197733.3915,456346.8474,38.32306966,1.7413318042197687,35.94232786843268,1.2937868471182923,43.0,83.0
종로구,당주동,포시즌스 호텔 서울,0,중위험군,37.56801651,126.9746335,197758.993,452053.4204,31.72027245,2.3014356171740893,30.540749536641183,1.2923957120723308,43.0,83.0
종로구,와룡동,Hostel Tommy 호스텔 토미,0,중위험군,37.5716747,126.990417,199153.4252,452459.1776,32.68575111,0.8794866773680354,29.66191723525869,1.1574086280157436,43.0,83.0
종로구,운니동,노블관광호텔,0,중위험군,37.57393452,126.9888707,199016.8561,452710.0065,33.81378816,3.5212582894225157,30.600260795845692,0.9500000215167217,43.0,83.0
종로구,와룡동,바운드 호스텔,0,중위험군,37.57338396,126.9895252,199074.671,452648.8941,29.84933743,-4.791947203724085,30.385401541841176,1.0022666291004136,43.0,83.0
종로구,익선동,호텔 이비스앰배서더 인사동,0,중위험군,37.57168791,126.9884302,198977.9106,452460.6635,30.06805753,1.637632692551719,29.16537939514413,0.9699381618437721,43.0,83.0
종로구,종로6가,(주) 동승 JW메리어트 동대문 스퀘어 서울,0,중위험군,37.56764454,127.0081243,200717.7489,452011.8647,34.13172046,5.8422700512618135,29.56949090114639,1.474552198260617,43.0,83.0
종로구,인사동,도미인 익스프레스 서울 인사동,0,중위험군,37.56962018,126.9863919,198797.8158,452231.1937,40.74850581,13.523397245424974,28.07785979676301,0.8295964309594422,43.0,83.0
종로구,효제동,더도아스테이,0,중위험군,37.57184081,127.0017557,200155.1023,452477.5722,24.44987108,-5.003744112317403,31.235043053631824,1.5650377396899071,43.0,83.0
성동구,성동,호텔 포코 성수,0,중위험군,37.54070199,127.0562547,204971.6457,449023.0195,43.2702304,9.944340669462932,34.43596429567698,1.3623669864827483,43.0,83.0
중구,(광희동,소테츠호텔즈 더 스프라지르 서울 동대문,0,중위험군,37.5619628,127.0069577,200614.7245,451381.25,29.76813948,1.531331577190521,29.865260598586588,1.8759082361558646,43.0,83.0
중구,남창동,24게스트하우스 명동타운점,0,중위험군,37.55661038,126.9781102,198065.846,450787.3972,42.33502976,7.662334074132943,28.540282013349334,3.2110344788504355,43.0,83.0
중구,쌍림동,호텔 더 디자이너스 동대문,0,중위험군,37.56091185,127.004866,200429.9293,451264.5953,31.39745444,1.8633582208042654,30.994853219822037,1.6827299286022883,43.0,83.0
중구,명동,솔라리아 니시테츠 호텔 서울 명동,0,중위험군,37.55974994,126.9843743,198619.3878,451135.7407,27.40122378,-1.9022121555158833,27.55294181132232,1.1446658781445316,43.0,83.0
중구,명동,호텔 스카이파크 센트럴 명동점,0,중위험군,37.56189383,126.9844402,198625.2542,451373.6862,34.47167266,5.787471911710675,28.88134991928469,1.2298866377490856,43.0,83.0
중구,을지로5가,에이큐브 호텔,0,중위험군,37.56347491,127.0012488,200110.3357,451549.0543,34.3849298,4.77490481118188,28.284945868197134,1.733504201755889,43.0,83.0
중구,북창동,소테츠호텔즈 더 스프라지르 서울 명동,0,중위험군,37.55930346,126.9779712,198053.6387,451086.3,21.95857565,-3.7643123637560976,28.571864953471724,3.2819002478179344,43.0,83.0
중구,주교동,2U호스텔,0,중위험군,37.56586745,126.9974009,199770.3781,451814.6006,35.96093302,2.749846994722681,28.67386395359795,2.59839229584834,43.0,83.0
중구,충무로2가,호텔 스카이파크3,0,중위험군,37.55856041,126.9865871,198814.8843,451003.6867,35.85209991,7.088164805203757,27.175721499626682,0.9709029017367328,43.0,83.0
중구,(남산동,자자백팩커스,0,중위험군,37.55605441,126.9856314,198730.397,450725.563,31.79717838,1.1265543759100325,29.941119197429728,0.9543578401220276,43.0,83.0
중구,(남산동,오요6(OYO6),0,중위험군,37.55655506,126.98442,198623.3695,450781.1462,22.5027131,-6.356746744034201,29.56576673127507,1.0910249511738688,43.0,83.0
중구,을지로6가,케이스타호텔,0,중위험군,37.56374548,127.0058124,200513.5242,451579.0996,32.1453704,-0.10612143813984432,30.944326332039275,1.8381812724548185,43.0,83.0
중구,주교동,엘림 호스텔,0,중위험군,37.56629135,127.0004515,200039.8861,451861.6455,25.4242058,-6.291621332511472,27.910810634881706,2.2527081869700862,43.0,83.0
중구,을지로3가,로스터블록,0,중위험군,37.56339033,126.9926879,199353.9731,451539.6914,32.72696791,-1.0982392041846794,30.243895099750368,2.3418562823228983,43.0,83.0
중구,(광희동,STAY ON,0,중위험군,37.5618116,127.0067525,200596.5994,451364.4672,36.36215535,3.0526188672586017,29.94730768715982,1.868486622032435,43.0,83.0
중구,을지로7가,라하 부티크 디디피,0,중위험군,37.56262124,127.0082658,200730.2962,451454.3384,23.15628176,-4.745679962269573,29.236111284943675,1.893864088010633,43.0,83.0
중구,서소문동,정동스테이25(JEONGDONG STAY 25),0,중위험군,37.56106147,126.9745929,197755.1957,451281.4936,25.27582847,0.5177520424109545,29.33202622241299,3.4038639646911673,43.0,83.0
중구,소공동,크라운파크 호텔 서울 명동,0,중위험군,37.56101578,126.9799895,198232.0034,451276.3074,29.1958747,-2.940298026455377,28.262452044369294,2.533065278519266,43.0,83.0
중구,황학동,호스텔 소우재,0,중위험군,37.56418869,127.0203495,201797.8721,451628.4694,36.43836708,8.142591715828488,27.304891891872934,1.2062274970834799,43.0,83.0
중구,명동,유스테이호스텔(U-STAY HOSTEL),0,중위험군,37.56011013,126.9848633,198662.6016,451175.7104,32.39570051,2.50885332475481,27.78667391763554,1.0996858878057165,43.0,83.0
중구,을지로5가,나인트리 바이 파르나스 서울 동대문,0,중위험군,37.56386326,127.0021197,200187.2712,451592.158,29.13096002,2.2186297514107878,28.87771520389208,1.8114302526959039,43.0,83.0
중구,주교동,zip 1972 hostel,0,중위험군,37.56535668,126.9974748,199776.9002,451757.911,35.13298823,1.6801017347186402,28.621300429197863,2.4612420621762565,43.0,83.0
중구,충무로3가,스테이모드,0,중위험군,37.55941767,126.9897586,199095.1133,451098.7972,22.80810164,-7.074129981271938,27.985348827614366,1.0238400359807551,43.0,83.0
중구,을지로7가,스테이 쉼,0,중위험군,37.56263015,127.0080449,200710.7766,451455.3256,24.41990182,-5.3029913962209285,29.406868828768758,1.8928307655489727,43.0,83.0
중구,(남산동,더큐브 호텔,0,중위험군,37.55609169,126.9854119,198711.0046,450729.7036,29.89795809,0.16994187696919028,29.937809877475402,0.982303829437089,43.0,83.0
중구,(광희동,더 페이즈,0,중위험군,37.56088977,127.0077684,200686.3643,451262.1619,25.87779921,-1.8210191843460883,29.686164910983763,1.9333839870885647,43.0,83.0
중구,무학동,로밍 타이거,0,중위험군,37.56131454,127.0144614,201277.7058,451309.3763,22.3773573,-6.114223397508152,27.71025719491046,1.771943963225025,43.0,83.0
중구,황학동,유어모먼트,0,중위험군,37.56647742,127.0223181,201971.7344,451882.5311,29.05164303,0.28802975194545155,28.546676026525205,0.9850349758915166,43.0,83.0
중구,북창동,한 스위트 서울,0,중위험군,37.55960572,126.9768368,197953.4112,451119.8714,30.6122313,-3.79929676820581,28.927842873871665,3.3522731766432474,43.0,83.0
중구,충무로4가,제이빌스,0,중위험군,37.55987697,126.9937168,199444.8474,451149.7433,28.94925022,0.9328318384916905,28.400494066901455,1.0182235791188283,43.0,83.0
중구,주교동,먼슬리브 을지로 광장시장 호텔 스테이[Monthliv Euljiro Gwangjang Market Hotel Stay],0,중위험군,37.56590912,126.9983882,199857.6048,451819.2235,22.59554452,-5.8210605352978995,28.271317027649687,2.405043423009125,43.0,83.0
중구,서소문동,THE VILLA 23,0,중위험군,37.56112681,126.97476,197769.9615,451288.7416,30.53976772,5.767600247290375,29.31764926338855,3.38267850840007,43.0,83.0
중구,황학동,FRGE (에프알지이),0,중위험군,37.56738069,127.020034,201769.9179,451982.738,28.47413329,1.3582352251987508,28.513772902820918,1.008851058026347,43.0,83.0
중구,충무로2가,트래비스타 호스텔,0,중위험군,37.55986394,126.9889152,199020.6073,451148.3363,25.39347081,-0.33579601525559255,27.100524879223855,1.0204694160563603,43.0,83.0
중구,명동,르메르디앙 서울 명동,0,중위험군,37.55896817,126.9819263,198403.0836,451049.0122,26.2215444,2.370731335598748,26.02332070268543,1.7399279567852635,43.0,83.0
중구,황학동,모먼트맨션,0,중위험군,37.56394721,127.0205806,201818.2983,451601.6724,29.39322227,1.4396746753239746,27.34870988949866,1.2238330384012799,43.0,83.0
중구,(만리동,유에이치 스위트 더 서울,0,중위험군,37.55355582,126.9673857,197118.1252,450448.6522,30.69696404,3.320682169155951,29.253152164819593,1.7298492370756047,43.0,83.0
중구,남학동,홈즈레드 명동,0,중위험군,37.55807414,126.9905121,199161.6811,450949.6743,27.88206405,0.34441413774561624,28.552230919448256,0.9870320331612525,43.0,83.0
중구,(회현동,(주)조선호텔앤리조트 레스케이프,0,중위험군,37.55715446,126.9787036,198118.2962,450847.7716,28.39202443,3.192689653734128,28.42127333397034,3.134453082388518,43.0,83.0
중구,충무로2가,호텔롯데 엘세븐명동,0,중위험군,37.55861521,126.9861925,198780.0189,451009.7739,26.97788984,0.6513104765212852,27.17071136070968,0.9724041540258616,43.0,83.0
중구,을지로5가,라마다 바이 윈덤 서울 동대문 (RAMADA BY WYNDHAM SEOUL DONGDAEMUN),0,중위험군,37.56322588,127.0018245,200161.1926,451521.4158,24.5404592,-3.6743384320312735,28.857974070076278,1.7051259417286881,43.0,83.0
중구,(광희동,96번지,0,중위험군,37.56206664,127.0089649,200792.0687,451392.79,23.53454044,-6.482355225255418,28.863396820222764,1.9079655518605587,43.0,83.0
중구,을지로5가,트레블로지 동대문 호텔,0,중위험군,37.563663,127.0010971,200096.9309,451569.9299,24.73112452,-1.865249330645149,28.228156609271274,1.771054890250405,43.0,83.0
중구,(필동,픽셀스테이 명동점,0,중위험군,37.55888617,126.9913853,199238.8373,451039.7925,28.63818624,-0.23414292862382524,28.647712624963205,1.019903912812521,43.0,83.0
중구,명동,호텔스카이파크명동Ⅱ,0,중위험군,37.56217058,126.9842636,198609.6546,451404.4047,34.80159473,5.271997098522547,29.25442774200265,1.2494486932697937,43.0,83.0
중구,(명동,알로프트서울명동호텔,0,중위험군,37.55952462,126.9811368,198333.3355,451110.7853,17.42653706,-7.034740980825518,26.363728695287385,2.064824203610037,43.0,83.0
중구,쌍림동,영빈호텔,0,중위험군,37.56030545,127.0047517,200419.8322,451197.2915,33.33498353,1.9315525191733371,30.874777985575427,1.5991331996533646,43.0,83.0
중구,쌍림동,호텔더디자이너스 디디피,0,중위험군,37.56105995,127.0033124,200292.6582,451281.0267,24.63283303,-3.948166651681678,29.98913906028628,1.4447841848781553,43.0,83.0
중구,북창동,호텔 토마스 명동,0,중위험군,37.56039746,126.9775753,198018.6798,451207.7293,27.35952845,1.851110060785114,28.775829494504006,3.1786909113812314,43.0,83.0
중구,(남산동,호텔룩홈,0,중위험군,37.55558838,126.9850216,198676.5108,450673.8476,31.17777099,1.7718754402052994,30.113096577810502,1.0038924176378088,43.0,83.0
중구,예장동,오리엔스 호텔 앤 레지던스,0,중위험군,37.55730627,126.9904925,199159.9336,450864.45,33.22216427,4.508476321307338,28.869224377259897,0.9702915523928715,43.0,83.0
중구,충무로2가,이비스 스타일 앰배서더 서울 명동,0,중위험군,37.55893191,126.9885713,198990.2034,451044.8957,24.77247229,-1.6562188536791211,27.251525622000948,0.9478703181736161,43.0,83.0
중구,충무로3가,홉인 서울 명동 (HOP INN SEOUL MYEONGDONG),0,중위험군,37.56058087,126.9920256,199295.4337,451227.8792,28.39292284,0.5062059371215213,28.89553730255566,1.1621181883047467,43.0,83.0
중구,오장동,모닝스카이호텔,0,중위험군,37.5613481,126.9991104,199921.3976,451313.0031,31.89403129,5.329258024229219,27.341581771452656,0.9533578159468905,43.0,83.0
중구,예장동,하센영인호텔,0,중위험군,37.55378191,126.9924151,199329.785,450473.2726,30.41615646,0.5474540506737924,30.59358735508711,0.9566490396954875,43.0,83.0
중구,남대문로5가,호텔마누,0,중위험군,37.55439108,126.9741021,197711.6305,450541.1714,38.22066044,7.3706201854332605,29.072040630777536,2.3260270051757717,43.0,83.0
중구,명동,나인트리 바이 파르나스 서울 명동Ⅰ,0,중위험군,37.55883796,126.9852377,198695.6585,451034.5094,33.18618211,4.2325244226135155,27.21370631843871,1.0301145070461772,43.0,83.0
중구,명동,더 그랜드호텔 명동,0,중위험군,37.55890463,126.986388,198797.299,451041.8936,30.20916083,1.9163975196286316,27.17103514213653,0.9797393728511934,43.0,83.0
중구,북창동,클라벤 호텔 명동 시티홀,0,중위험군,37.56046238,126.977322,197996.3031,451214.94,23.11147021,-3.3088692939840847,28.850515297103776,3.207164602292619,43.0,83.0
중구,(남산동,퍼시픽호텔,0,중위험군,37.556976,126.9846542,198644.069,450827.8622,31.61153998,1.0058954048015458,29.127083781456307,1.0826922781538144,43.0,83.0
중구,태평로2가,플라자호텔,0,중위험군,37.56192055,126.9771259,197979.0216,451376.7839,39.03803173,6.492003661786683,29.08642754831774,3.021682917182975,43.0,83.0
중구,(장충동,호텔신라,0,중위험군,37.55399997,127.0052469,200463.6251,450497.4605,43.22447024,11.66618425002472,30.5991023116192,1.3488372101082873,43.0,83.0
중구,북창동,서울호텔신신,0,중위험군,37.55958613,126.9779037,198047.6741,451117.6744,20.72454379,-5.4739585416031,28.6199793024017,3.1956845459490304,43.0,83.0
중구,오장동,스카이파크호텔 동대문1호점,0,중위험군,37.56144741,127.0012903,200114.0,451324.0258,24.89395184,-2.7378204669895254,28.61470535757399,1.206329358487979,43.0,83.0
중구,예관동,뉴 블랑 센트럴 명동,0,중위험군,37.56140326,126.9978745,199812.2048,451319.127,31.78995525,5.722883273760779,26.906862169521887,1.0306536793373597,43.0,83.0
중구,오장동,베이튼호텔,0,중위험군,37.56253058,127.001946,200171.9359,451444.2459,24.93737925,-2.835120767784545,29.050947401937986,1.5690067719967573,43.0,83.0
중구,(광희동,맹그로브 동대문,0,중위험군,37.56137967,127.0079357,200701.1421,451316.5363,31.92199628,3.9508633347908564,29.553681734331416,1.9422228852948233,43.0,83.0
중구,을지로1가,프레지던트호텔,0,중위험군,37.56288054,126.9786463,198113.3706,451483.2999,42.77342793,9.714587182378907,29.36528362535563,2.4152544978022936,43.0,83.0
중구,(남산동,서울프린스호텔,0,중위험군,37.55792308,126.9854887,198717.8246,450932.9651,34.54731476,4.8986249976493,27.595462667601435,0.9902599132262166,43.0,83.0
중구,소공동,(주)조선호텔앤리조트,0,중위험군,37.56168836,126.9793119,198172.1507,451350.9688,41.10594286,8.119788729518731,28.81119857885961,2.638141679208741,43.0,83.0
중구,(광희동,토요코인 서울 동대문 Ⅱ,0,중위험군,37.56177049,127.0070799,200625.5246,451359.9066,31.80221544,3.9256443203981526,29.812107004453527,1.8829801722443054,43.0,83.0
중구,명동,호텔베르,0,중위험군,37.56182034,126.9823578,198441.2703,451365.5621,28.74690939,1.855565722361991,29.16494946863172,1.746383536906413,43.0,83.0
중구,명동,호스텔아라,0,중위험군,37.56201257,126.9837489,198564.1794,451386.8752,27.77990965,-1.2519890482374478,29.02735060099767,1.3658043860907756,43.0,83.0
중구,명동,블루닷 포쉬텔,0,중위험군,37.56041505,126.9850463,198678.7741,451209.5503,31.17914216,2.53889023379978,27.975620527465722,1.0993455424174492,43.0,83.0
용산구,서계동,mingle stay,0,중위험군,37.5517128,126.9665819,197047.0252,450244.124,34.0789909,3.6148131301334097,29.012574339779064,1.5641907506195405,43.0,83.0
용산구,한남동,임피리얼팰리스 부티크호텔(Imperial Palace Boutique Hotel),0,중위험군,37.53258975,126.99761,199788.756,448121.176,42.11096905,9.747715737381299,31.162172978042207,1.9866685721078758,43.0,83.0
용산구,이태원동,누베르 서울호텔,0,중위험군,37.5315035,126.9955084,199602.9987,448000.6224,28.33787101,-1.1927963813227294,30.968877669214784,1.8980425642325711,43.0,83.0
성동구,도선동,밸류플레이스 호스텔 왕십리역점,0,중위험군,37.55948579,127.0341137,203014.1263,451106.8554,34.19609515,4.344691462179611,29.69475654981622,0.31696096526305195,43.0,83.0
성동구,도선동,아모렉스 관광호텔,0,중위험군,37.56086358,127.03451,203049.0853,451259.7865,33.2242042,3.6399452480710757,29.686831578178122,0.21203617581467704,43.0,83.0
성동구,용답동,새턴호텔(SATURN HOTEL),0,중위험군,37.55868812,127.0600527,205306.029,451019.4715,37.03372228,-0.5003821299264999,31.946971733127178,0.9206010650909215,43.0,83.0
성동구,용답동,호텔 27,0,중위험군,37.55865215,127.0598598,205288.9876,451015.4684,32.73603114,-0.007552151829052889,31.939079071936476,0.9196987264510952,43.0,83.0
성동구,하왕십리동,케이그랜드 호스텔(K-Grand Hostel),0,중위험군,37.5602666,127.0312009,202756.7328,451193.4266,33.30381168,3.9780377675809326,29.66972894782019,0.5313037894483108,43.0,83.0
마포구,서교동,크리에이터타운 서교,0,중위험군,37.55351459,126.9160245,192579.7275,450446.8906,30.08826668,2.173043573237777,30.55868066979511,2.030471054645302,43.0,83.0
마포구,서교동,코스모하버 홍대,0,중위험군,37.54951825,126.9176306,192721.2611,450003.2191,33.63470693,1.1317726488218725,31.310851210098093,2.162330020707587,43.0,83.0
마포구,동교동,스테이히어어게인,0,중위험군,37.55360436,126.9211402,193031.771,450456.4624,35.42610033,3.9332895046842076,33.286313882702714,1.3776109347728156,43.0,83.0
마포구,노고산동,신촌스테이,0,중위험군,37.55176055,126.9346367,194224.211,450250.9067,23.780588,-5.788542447543172,25.924209643725845,3.1835452862378775,43.0,83.0
마포구,동교동,머큐어 앰배서더 서울 홍대,0,중위험군,37.55257178,126.9216151,193073.6448,450341.8233,17.65556761,-14.1401507502773,33.35125128527346,1.3665822713432625,43.0,83.0
마포구,서교동,호텔 더 디자이너스 홍대,0,중위험군,37.54915395,126.9167915,192647.0757,449962.8514,29.72396808,0.3760995354058352,31.08809569191579,2.2966218833386667,43.0,83.0
마포구,동교동,필로소퍼,0,중위험군,37.55675094,126.9227385,193173.2918,450805.5781,30.32777709,-1.5477733409027117,33.345116752908254,1.8035623051095508,43.0,83.0
마포구,서교동,더휴식 아늑 홍대점,0,중위험군,37.55279782,126.9195743,192893.3333,450367.0634,33.80585894,2.5883593406286813,32.39532299730362,1.5544033976041063,43.0,83.0
마포구,도화동,신라스테이 마포,0,중위험군,37.54012376,126.9489118,195484.9196,448958.5824,25.67962444,-1.7575582587756529,28.119291867803025,-0.1653803154947061,43.0,83.0
마포구,서교동,아만티 호텔 서울,0,중위험군,37.55444695,126.9178026,192736.935,450550.2325,38.64463866,-0.561831789387611,31.61546512539092,1.866300205978371,43.0,83.0
마포구,도화동,(주)서울가든,0,중위험군,37.53794493,126.9475734,195366.5049,448716.824,30.4293613,2.2279203613911065,28.40301839193146,-0.18401237747209162,43.0,83.0
마포구,상암동,스탠포드호텔코리아(주) 스탠포드호텔서울,0,중위험군,37.57957611,126.8858794,189919.5504,453342.2222,31.63721971,4.908701059817716,29.88687997741903,4.878688110063405,43.0,83.0
마포구,노고산동,에이치에비뉴 호텔 이대점,0,중위험군,37.55348987,126.9417868,194856.1485,450442.4253,35.16767902,7.53558270445221,29.26979204871339,1.6803144140921624,43.0,83.0
마포구,도화동,글래드호텔 마포,0,중위험군,37.54026211,126.9504014,195616.5811,448973.8671,26.97711839,-0.5926110425439362,27.961002689062628,-0.09765904614444285,43.0,83.0
마포구,동교동,(주)호텔롯데 L7홍대,0,중위험군,37.55297852,126.9208479,193005.8833,450387.0234,36.32188451,4.585062317844056,33.116177172553506,1.4152507140210517,43.0,83.0
마포구,서교동,라이즈호텔,0,중위험군,37.55168271,126.9204652,192971.9478,450243.2325,27.29356649,-3.9678654656550414,32.844363115706926,1.5399497429797226,43.0,83.0
마포구,동교동,나비호스텔,0,중위험군,37.55523533,126.9239408,193279.3864,450637.2768,34.73494169,3.4592258091764876,31.73265186995574,0.49593532828192866,43.0,83.0
마포구,노고산동,골든(Golden) 신촌홍대점,0,중위험군,37.55117099,126.9357304,194320.8157,450185.406,33.443555,7.675445127137817,25.759411732798487,2.612072087187886,43.0,83.0
마포구,노고산동,로프트13,0,중위험군,37.55111367,126.9346517,194225.4901,450179.1099,19.25125044,-5.299723141177932,25.633809256465153,2.8707071517945697,43.0,83.0
마포구,서교동,더 센트럴 홍대,0,중위험군,37.55152908,126.9200747,192937.4261,450226.2107,34.29916261,0.3628707830621991,32.64303288884828,1.5743167946417236,43.0,83.0
마포구,서교동,슬로우온 호스텔,0,중위험군,37.55107515,126.9194317,192880.5635,450175.8784,30.18961702,-3.130933406039361,32.30360844702392,1.6820912067297655,43.0,83.0
마포구,노고산동,스테이플랜비,0,중위험군,37.55166088,126.9344668,194209.1902,450239.855,26.06912535,-1.0206801342694334,25.867059554997105,3.1853816409782683,43.0,83.0
마포구,동교동,비아르떼,0,중위험군,37.5547471,126.9275666,193599.7223,450582.836,25.61775498,-5.214759776825844,30.18862685627184,1.3028474894662132,43.0,83.0
마포구,마포동,호텔 나루,0,중위험군,37.53446736,126.9434599,195002.7162,448331.067,33.6792989,4.3979956846321855,29.001495685611317,-0.22409354745783805,43.0,83.0
마포구,서교동,보보호텔,0,중위험군,37.54956944,126.9174166,192702.3582,450008.9171,35.23783147,1.5647582227075887,31.181783077149852,2.175941674645391,43.0,83.0
강서구,화곡동,칼튼 관광호텔,0,중위험군,37.55178535,126.8516704,186892.947,450261.9917,37.85768362,8.228231597909254,30.01695105252739,2.4173567520908463,43.0,83.0
강서구,외발산동,티제이 관광호텔,0,중위험군,37.54519551,126.8192793,184029.3198,449535.6072,34.89945843,3.1892833911194955,31.921290462496415,0.9884926202140364,43.0,83.0
강서구,외발산동,호텔 디아망,0,중위험군,37.54576712,126.8185255,183962.829,449599.1774,29.14008249,-2.3296176681703322,31.97929876204965,0.9422522314656955,43.0,83.0
강서구,화곡동,필호스텔,0,중위험군,37.54473336,126.8456348,186358.3323,449480.1637,30.10659669,-0.2190742028696775,29.253162145253608,1.9454330983331456,43.0,83.0
강서구,공항동,로얄스퀘어호텔,0,중위험군,37.55789598,126.8095356,183171.1013,450946.9088,33.03617273,0.8861765933848815,32.613659424246634,0.5032367995362165,43.0,83.0
강서구,외발산동,시선호텔,0,중위험군,37.54582791,126.8188712,183993.393,449605.8654,33.69948901,-2.883825717421999,31.95301204874334,0.9536969344415016,43.0,83.0
영등포구,신길동,STOWER HOSTEL,0,중위험군,37.50278227,126.907842,191851.1929,444816.9092,25.97991148,0.9625244052676898,27.690815637517375,2.4640106322499764,43.0,83.0
영등포구,(당산동,이도,0,중위험군,37.5243381,126.8972352,190915.9223,447210.3047,31.35350458,1.40212410593994,31.61324993075772,1.531690080564065,43.0,83.0
영등포구,(양평동,CENTRAL TOWER,0,중위험군,37.52433768,126.8851853,189850.7517,447211.49,34.60617771,3.6336951968321927,32.22901728836261,0.9350940944972821,43.0,83.0
영등포구,(양평동,서울H,0,중위험군,37.52384689,126.8841451,189758.736,447157.1311,30.53023606,-0.6643832629802553,32.23260112874298,0.9118981096049112,43.0,83.0
영등포구,(양평동,상상그린 G. HOUSE,0,중위험군,37.52407157,126.8847732,189814.2907,447181.9996,37.86889241,6.747807620535834,32.227101603563185,0.9252700564625456,43.0,83.0
영등포구,(영등포동,호스텔 오닛,0,중위험군,37.51565734,126.9086677,191925.583,446245.8067,35.28739123,-0.5223804640563046,31.64286265817902,2.5473047586532584,43.0,83.0
영등포구,도림동,스프링 플라워,0,중위험군,37.50714354,126.8948768,190705.3221,445302.1559,38.94509743,9.327107267018576,32.27795149193722,1.9795028194998345,43.0,83.0
영등포구,(영등포동,호텔 바모스,0,중위험군,37.51723716,126.9079016,191858.0269,446421.2128,29.96174865,1.3924095487024886,31.361309602656807,2.4528297202583325,43.0,83.0
영등포구,(양평동,가예2,0,중위험군,37.52399149,126.8843187,189774.0998,447173.1611,31.91296659,0.9526790366476483,32.233924047871184,0.9191878200315784,43.0,83.0
영등포구,(영등포동,브이아이피(VIP),0,중위험군,37.51482896,126.9126511,192277.6572,446153.5325,28.01897779,-1.73188183326668,31.678386878852727,2.736180972618447,43.0,83.0
영등포구,(영등포동,호텔 지엠에스[HOTEL GMS],0,중위험군,37.51474767,126.9082193,191885.8455,446144.8834,33.73404899,4.334678442372802,31.778290482974747,2.5819599837902167,43.0,83.0
영등포구,신길동,셀립 여의,0,중위험군,37.51114742,126.9208391,193001.2024,445744.2878,21.83600288,-5.009704840896642,29.557907317122392,2.9436849561243417,43.0,83.0
영등포구,(영등포동,여울,0,중위험군,37.51767895,126.9077799,191847.3161,446470.2564,28.98679049,0.0929247093152199,31.276524226298488,2.4446637119120487,43.0,83.0
영등포구,(양평동,호텔AROZO 2,0,중위험군,37.52363735,126.8832634,189680.7699,447133.9712,23.86883375,-7.770288863392167,32.270050192449396,0.8956200395681222,43.0,83.0
영등포구,(영등포동,JARDIN HOTEL,0,중위험군,37.51642308,126.9038914,191503.4141,446331.2147,20.53278094,-7.944566340689683,30.47136829979192,2.297027394472003,43.0,83.0
영등포구,(양평동,노바루스관광호텔,0,중위험군,37.51890902,126.889922,190268.7539,446608.4761,30.81203895,0.4726338214582988,31.571536377787158,1.5121641281585312,43.0,83.0
영등포구,(양평동,호텔 브릿지,0,중위험군,37.52105664,126.881811,189552.0222,446847.7049,38.90136509,7.40595740949864,32.25562291576527,1.003275318421336,43.0,83.0
영등포구,여의도동,메리어트 이그제큐티브 아파트먼트 서울,0,중위험군,37.51842714,126.917869,192739.3143,446552.4696,36.01783872,5.836441989404584,31.412674021401077,2.8602682613077652,43.0,83.0
영등포구,(영등포동,코트야드 바이 메리어트 서울 타임스퀘어,0,중위험군,37.51432572,126.9025553,191385.0571,446098.5558,28.40025683,-2.7378729174437773,30.499055417226536,2.3365881097675802,43.0,83.0
영등포구,당산동,호텔 아벤트리 여의도,0,중위험군,37.52358074,126.9083096,191894.7851,447125.2354,32.34087669,2.637732942949178,31.54766576643886,2.2637361344623113,43.0,83.0
영등포구,(양평동,호텔AROZO,0,중위험군,37.5235963,126.8831496,189670.6984,447129.4276,24.51897661,-7.12052827404014,32.271001930785616,0.8964284155060456,43.0,83.0
영등포구,선유동,로프트 관광호텔(HOTEL LOFT),0,중위험군,37.53191873,126.8979658,190981.423,448051.5904,35.34773595,3.000324942506353,32.91615414130945,0.7505847320738137,43.0,83.0
영등포구,(영등포동,베니키아 호텔 카카오,0,중위험군,37.51472287,126.9110949,192140.0736,446141.8868,28.95452415,-0.13651094938532182,31.857216981333547,2.6910715927796316,43.0,83.0
서초구,잠원동,더리버사이드호텔,0,중위험군,37.515894,127.0173118,201530.4755,446268.2946,31.55622745,-4.403470753417594,34.85131781843262,1.1251430412261456,43.0,83.0
서초구,서초동,호텔 소설(小雪),0,중위험군,37.48359668,127.0130141,201151.0293,442683.6497,38.51461039,7.5869337387260565,33.16358357700376,2.7440731245639434,43.0,83.0
서초구,서초동,프로비스타 가족호텔,0,중위험군,37.49206508,127.0178397,201577.653,443623.6003,28.14891849,-0.4333581682123153,29.544514127009435,3.555246091679384,43.0,83.0
서초구,신원동,오라카이 청계산 호텔,0,중위험군,37.44654849,127.0539502,204773.9655,438573.0923,40.37749379,6.9744282203895125,30.80277987706846,-2.5296799917519497,43.0,83.0
강남구,논현동,힐탑관광호텔,0,중위험군,37.50882475,127.03024,202673.6699,445483.9867,39.60751978,3.7788248795494965,35.50979535237275,0.4171929795948877,43.0,83.0
강남구,논현동,보코 서울 강남,0,중위험군,37.51492269,127.023849,202108.4343,446160.6179,33.97923445,0.35034901268836904,34.62759181290472,0.8354964343713809,43.0,83.0
강남구,역삼동,루프서울 역삼2호점,0,중위험군,37.49474909,127.0341415,203019.1923,443921.8883,29.7272082,1.2984907589428865,28.987014625888804,3.4828563774867805,43.0,83.0
강남구,역삼동,루프서울 역삼1호점,0,중위험군,37.48992036,127.0388115,203432.3837,443386.1226,25.60260463,0.24174759948713742,28.42218101558209,3.3226069988400724,43.0,83.0
강남구,대치동,호스텔 메가 대치점,0,중위험군,37.50207093,127.0518263,204582.6337,444735.2317,36.8660938,3.89472593105954,33.54263555933544,1.7635676937377642,43.0,83.0
강남구,논현동,레이지타이거 HOSTEL,0,중위험군,37.50267639,127.0237274,202098.0266,444801.4326,34.54146942,-2.3698439912804403,35.228028462671446,1.5366067000601822,43.0,83.0
강남구,역삼동,마티네차움호텔,0,중위험군,37.50365264,127.031022,202743.0023,444909.9714,34.48443497,0.9058837647622369,34.48687827615748,0.7979925411756257,43.0,83.0
강남구,논현동,에스티르 신사,0,중위험군,37.51182968,127.019801,201750.6351,445817.2501,28.49785475,-6.196481354535745,35.19353409298745,1.0319325566309283,43.0,83.0
강남구,대치동,온스테이 호스텔,0,중위험군,37.50089697,127.0543272,204803.8486,444605.062,31.55167251,-1.739477182317085,33.43098823521975,1.3547765518484645,43.0,83.0
강남구,청담동,알로프트 서울 강남 호텔,0,중위험군,37.52099695,127.0548673,204850.3032,446835.9313,35.19945793,1.2761479605748818,34.44501264224617,0.6402727533187127,43.0,83.0
강남구,개포동,호텔 데님(Hotel Denim),0,중위험군,37.47343891,127.0458257,204053.5964,441557.1797,26.08175407,-0.2106376120250033,28.322999323768713,2.4921144042810695,43.0,83.0
강남구,역삼동,더제리스플래닛 호텔,0,중위험군,37.49629138,127.0277253,202451.7432,444092.876,24.26613035,-1.3007915603812457,28.919362381556425,4.114367057407607,43.0,83.0
강남구,논현동,호텔 카푸치노,0,중위험군,37.50413055,127.0306921,202713.8105,444963.0037,36.46965832,2.242696387506996,34.799271998310495,0.65927685150818,43.0,83.0
강남구,대치동,스텔라 호스텔,0,중위험군,37.50252903,127.0533706,204719.1591,444786.1512,36.69631726,3.752612633394108,33.40577658876259,1.4264681835553417,43.0,83.0
강남구,논현동,K-그랜드 호스텔 강남 1,0,중위험군,37.50279344,127.0244422,202161.2354,444814.4398,45.84404247,9.922828722859983,35.302902185683436,1.4022532729050254,43.0,83.0
강남구,역삼동,강남 스테이 호텔,0,중위험군,37.49665412,127.0346535,203064.3852,444133.3384,31.53653296,4.487957992022139,29.994181371093948,3.1970129586268925,43.0,83.0
강남구,역삼동,호텔 소울하다,0,중위험군,37.49598034,127.0316706,202800.6344,444058.4646,40.13195857,9.18765971742058,28.867002466543937,3.768026278036399,43.0,83.0
강남구,역삼동,카파쓰 호텔,0,중위험군,37.49878976,127.0403343,203566.6343,444370.5668,29.77237531,4.926058347334944,27.727566068039394,3.127162786300771,43.0,83.0
강남구,역삼동,도미인 서울 강남,0,중위험군,37.50286218,127.0286797,202535.9193,444822.1748,32.6025377,-1.251860243915985,34.91455441400591,1.1506404825383831,43.0,83.0
강남구,청담동,호텔 엔트라,0,중위험군,37.52128529,127.0476972,204216.4496,446867.5879,37.36210455,3.5466485150624294,34.352242648178425,0.5826011773782855,43.0,83.0
강남구,삼성동,(주)호텔롯데 L7 강남,0,중위험군,37.50295115,127.0507608,204488.3654,444832.8734,43.23508487,11.751872663428873,33.45835284422799,2.026540837899596,43.0,83.0
강남구,대치동,호텔 글래드 강남 코엑스센터,0,중위험군,37.50609983,127.0637467,205636.3676,445183.0349,29.1464956,-1.997239795015016,31.64308051662233,0.5123398617040482,43.0,83.0
강남구,역삼동,오월호텔,0,중위험군,37.49785311,127.040296,203563.2973,444266.6093,28.83946938,4.138975659972363,27.81051358766559,3.0255733266846017,43.0,83.0
강남구,신사동,포포인츠바이쉐라톤서울강남,0,중위험군,37.51750365,127.0276891,202447.8485,446447.1648,31.91825089,-1.1368319356687984,33.742808447773974,0.7056226943512299,43.0,83.0
강남구,역삼동,호텔 세느,0,중위험군,37.50119369,127.0343056,203033.4353,444637.1605,25.86903234,-1.9402115100984858,29.779680066385893,2.0217139907161,43.0,83.0
강남구,역삼동,호텔 그라모스 서울 강남,0,중위험군,37.4998015,127.0390821,203455.8604,444482.8101,17.44683117,-8.131237627990838,27.888660457421075,3.049346389449549,43.0,83.0
강남구,역삼동,호텔 컬리넌 역삼,0,중위험군,37.49863731,127.0412958,203651.6694,444353.6837,21.40348873,-3.863991151023768,27.68761758155071,3.1939170770192833,43.0,83.0
강남구,신사동,호텔 안테룸 서울,0,중위험군,37.51609982,127.0244298,202159.7494,446291.2776,39.59775162,6.088897259932814,34.430881410304295,0.8100283833954022,43.0,83.0
강남구,역삼동,파크뷰 강남 호스텔,0,중위험군,37.4946957,127.0298376,202638.5861,443915.8334,24.7462015,1.0446660348999828,28.270939583337636,4.211468556562101,43.0,83.0
강남구,역삼동,(주)조선호텔앤리조트 조선팰리스강남,0,중위험군,37.50046096,127.0407019,203599.0624,444556.0623,24.50786854,0.6439494777214954,27.887336003346526,3.3659047247550142,43.0,83.0
강남구,삼성동,그랜드인터컨티넨탈 서울 파르나스,0,중위험군,37.50629703,127.0601027,205314.1601,445204.7096,31.50809005,-4.210837726900181,32.20213564153325,0.6165814019667887,43.0,83.0
강남구,대치동,파크하얏트서울,0,중위험군,37.50581599,127.0633566,205601.9039,445151.509,33.00851814,1.294853826963159,31.881267145393632,0.5174088181304604,43.0,83.0
강남구,논현동,베스트웨스턴 프리미어 강남호텔,0,중위험군,37.50361313,127.0290049,202564.6485,444905.5294,40.89574264,6.022431368792752,35.10817083893598,0.8677520750723684,43.0,83.0
강남구,역삼동,AC 호텔 바이 메리어트 서울 강남,0,중위험군,37.4985048,127.0346662,203065.4388,444338.7402,29.94723904,2.2809915457446692,29.635004865290707,2.794708320060295,43.0,83.0
강남구,청담동,호텔리베라서울,0,중위험군,37.52114314,127.0533341,204714.758,446852.0786,38.90758418,3.9600460343166617,34.525967801019604,0.6445643597771079,43.0,83.0
강남구,역삼동,삼정관광호텔,0,중위험군,37.50308327,127.0305267,202699.226,444846.7643,31.66116967,-3.6660256301747864,34.43183371289331,0.9648064231987027,43.0,83.0
강남구,신사동,선샤인 관광호텔,0,중위험군,37.51778993,127.0279571,202471.5359,446478.9453,29.50407532,-4.742054991308265,33.67172981103417,0.6992322479270741,43.0,83.0
강남구,논현동,그랜드머큐어 임피리얼팰리스서울,0,중위험군,37.51123509,127.0350865,203102.0754,445751.6524,33.22071114,-2.8190144236700476,33.55040981427566,0.43643915694194263,43.0,83.0
강남구,논현동,엘리에나호텔,0,중위험군,37.50816269,127.0301988,202670.0534,445410.5053,38.83704351,3.056027441468167,35.6248866614376,0.40673351271817926,43.0,83.0
강남구,역삼동,노보텔 앰배서더 강남,0,중위험군,37.50255272,127.0280777,202482.7012,444787.8127,37.23179798,1.8653743354745913,34.92664887960315,1.330283557202241,43.0,83.0
강남구,청담동,라비타 호텔,0,중위험군,37.51868782,127.056156,204964.3781,446579.7142,27.19213669,-6.956605864537213,33.90667238266232,0.5489848677333641,43.0,83.0
강남구,삼성동,호텔 오크우드 프리미어,0,중위험군,37.50977042,127.0580292,205130.592,445590.0963,27.38184597,-4.119508287664075,31.6153024027364,0.7108490505600082,43.0,83.0
강남구,논현동,파티오7,0,중위험군,37.5150573,127.0284664,202516.6468,446175.6714,31.50182947,-1.5125659487462606,33.69850746062491,0.6655363098833867,43.0,83.0
강남구,삼성동,GOYOO INN & CABINS,0,중위험군,37.50419718,127.0524145,204634.5197,444971.2468,36.76220215,5.462830951165021,33.287422390277584,1.5270456601338287,43.0,83.0
강남구,논현동,화이트린넨하우스 호스텔,0,중위험군,37.5149934,127.024507,202166.6099,446168.4808,38.49328834,3.413602833304644,34.54992640915248,0.8099806778775968,43.0,83.0
강남구,논현동,에이든 청담호텔,0,중위험군,37.51726775,127.029692,202624.9218,446421.0369,30.29186957,-2.17370817927738,33.117820663124384,0.6345325260424575,43.0,83.0
강남구,논현동,아난티 앳 강남,0,중위험군,37.51484148,127.0287963,202545.8207,446151.727,24.92574744,-7.871644831513667,33.60996872579305,0.6507799857232104,43.0,83.0
송파구,잠실동,호텔 더 캐슬(신천),0,중위험군,37.50834852,127.081019,207163.3431,445433.7854,29.93664403,-1.0479601242022873,33.34860716086178,2.1788233372548897,43.0,83.0
송파구,방이동,오로시에 관광호텔,0,중위험군,37.51300989,127.1083729,209581.2569,445953.572,30.1785529,-8.232884175510492,38.506747655469326,0.5945812915958963,43.0,83.0
송파구,방이동,호텔 더 캐슬(방이1),0,중위험군,37.5127031,127.108287,209573.7017,445919.5135,40.93217729,3.101124435083136,38.49162362870192,0.6088262213613681,43.0,83.0
송파구,방이동,호텔베네 롯데타워점,0,중위험군,37.51311401,127.1093124,209664.3057,445965.2241,42.12998694,4.512675342315532,38.41570566388923,0.5762037319118634,43.0,83.0
송파구,잠실동,포레스타,0,중위험군,37.50822063,127.0805945,207125.8211,445419.559,35.49708343,4.305144079133896,33.341370401282234,2.091067430583941,43.0,83.0
송파구,신천동,소피텔 앰배서더 서울 호텔 앤 서비스드 레지던스(가족호텔),0,중위험군,37.51113193,127.1056086,209337.1049,445744.8644,35.96290059,-1.6568691935122146,38.697661742686414,0.9017414032155469,43.0,83.0
송파구,송파동,아이앤유스테이,0,중위험군,37.50566174,127.1056928,209345.2285,445137.7514,43.52641296,8.03705472842477,33.544422513753005,2.9737296791255052,43.0,83.0
송파구,방이동,호텔 더 캐슬(방이2),0,중위험군,37.51259727,127.108332,209577.699,445907.7723,34.93503774,-2.812145362221578,38.48033108602144,0.6133359526893849,43.0,83.0
송파구,삼전동,호텔인피니,0,중위험군,37.49945303,127.0952905,208426.169,444447.6824,40.61211174,8.173641842228584,32.989239413957215,2.0349666619026023,43.0,83.0
송파구,삼전동,24게스트하우스(서울 잠실점),0,중위험군,37.50055228,127.0886156,207835.8204,444569.1083,38.82315171,5.954743945997336,31.6819143448153,2.1521909017266565,43.0,83.0
송파구,방이동,주식회사 딜라이트 호텔,0,중위험군,37.51263713,127.1085302,209595.2133,445912.2164,43.94211689,5.436683920092527,38.46865913004475,0.6087403286578911,43.0,83.0
송파구,방이동,HOTEL RAUM(라움),0,중위험군,37.51299912,127.113064,209996.0001,445952.8647,32.02002434,-5.913423192021192,37.96077439721523,0.5471450665944032,43.0,83.0
송파구,석촌동,CORNER HOTEL,0,중위험군,37.49888583,127.1089673,209635.6222,444386.0428,35.71596757,1.3017589484199519,31.675157763148928,2.951493451607598,43.0,83.0
송파구,잠실동,잠실스테이,0,중위험군,37.50218253,127.0872459,207714.5346,444749.9318,33.08949577,0.714426412067148,31.336121726302093,2.3562032600508953,43.0,83.0
송파구,석촌동,레이크호텔,0,중위험군,37.50411392,127.1001083,208851.6399,444965.4234,35.16660258,3.3905022200554527,32.35630031646861,3.6194936562443574,43.0,83.0
송파구,잠실동,(주)파로스 관광호텔,0,중위험군,37.50833724,127.0803708,207106.0323,445432.4843,30.22672536,-1.6628795430773202,33.35048773283944,2.0737656447845074,43.0,83.0
송파구,석촌동,로사나부띠끄 관광호텔,0,중위험군,37.5032461,127.0967501,208554.7995,444868.7959,34.89814861,5.500109836304997,31.78385506871201,3.14862224807562,43.0,83.0
마포구,노고산동,K-그랜드 호스텔 신촌,0,중위험군,37.5514831,126.9334278,194117.3655,450220.1881,25.68303528,1.677982136567529,26.14242565845843,3.3015772406751673,43.0,83.0
종로구,관철동,벨린스테이,0,중위험군,37.56692536,126.984109,198596.089,451932.1318,28.53647272,1.5207589421321686,26.22315964797639,0.44044497830866874,43.0,83.0
강남구,논현동,루프서울 논현점,0,중위험군,37.50544211,127.0302124,202671.3528,445108.5562,32.39920886,-2.502837187563422,35.40164181693757,0.4001185684724447,43.0,83.0
성동구,도선동,서온재 Seo on jae,0,중위험군,37.56031193,127.0332944,202941.7008,451198.5212,25.51382634,-4.219043639281768,29.681200389667616,0.30947544793442283,43.0,83.0
중구,오장동,아랑재,0,중위험군,37.56134429,126.9998039,199982.674,451312.5799,32.10851031,5.425541999766846,27.67836572982459,0.8327282324168952,43.0,83.0
중구,황학동,호스텔 모어 댄 스테이,0,중위험군,37.56461626,127.0179622,201586.945,451675.8817,22.35414716,-5.466103134778006,26.83653186744405,1.1975053067394206,43.0,83.0
종로구,숭인동,은진모텔,0,중위험군,37.57429593,127.0214024,201890.6365,452750.2759,36.58924093,4.8674630064335,29.92226862260517,1.1371044386678273,43.0,83.0
종로구,원남동,은성,0,중위험군,37.57255438,126.9961684,199661.5172,452556.7756,33.71567461,0.6162063730646352,30.697745409038568,1.3347060080064665,43.0,83.0
종로구,효제동,해와가,0,중위험군,37.57179563,127.0003061,200027.0411,452472.5563,32.24887223,2.8701051393758057,31.258973414864887,1.5729404739733628,43.0,83.0
종로구,관수동,위코스테이 인사동,0,중위험군,37.56668627,126.9891108,199037.9746,451905.5326,19.14622446,-5.474248122546925,27.029426361430712,1.8503459213432822,43.0,83.0
종로구,관철동,헤리티지31호텔 (HOTEL HERITAGE31),0,중위험군,37.56663673,126.9855308,198721.6915,451900.0769,27.49322716,2.032291224717376,26.32559814838896,0.6924946689475044,43.0,83.0
종로구,원남동,종로 스테이,0,중위험군,37.57231926,126.9953766,199591.5649,452530.6832,29.56219847,-0.6334627729537203,30.48891308044113,1.3730748433989142,43.0,83.0
종로구,관철동,UH SUITE,0,중위험군,37.56692677,126.9839391,198581.0754,451932.2908,23.05380376,-2.678455606549438,26.236957603472746,0.4433925196146471,43.0,83.0
종로구,익선동,더 가든 호텔(The garden hotel),0,중위험군,37.57241793,126.9886253,198995.161,452541.6852,32.48141629,1.0100173838242128,29.841908491538348,0.9647176037028085,43.0,83.0
종로구,원남동,Apple-stay (애플스테이),0,중위험군,37.57237793,126.9955602,199607.788,452537.1941,33.77842402,-2.1231466217723067,30.50375056228019,1.3693680130045451,43.0,83.0
종로구,관철동,스테이 오하나,0,중위험군,37.56668466,126.9839868,198585.2885,451905.4187,27.97695518,2.1748204686460113,26.37743471464717,0.46074892517248683,43.0,83.0
종로구,익선동,어반스테이 부티크 익선,0,중위험군,37.57223047,126.9886688,198998.9996,452520.8788,32.76263651,4.313793077091468,29.71795518923031,0.9748197672463921,43.0,83.0
종로구,익선동,호텔 이비스앰배서더 인사동,0,중위험군,37.57166746,126.9886748,198999.5256,452458.3912,35.51385295,7.085602345042705,29.180366181994756,0.9925859941230293,43.0,83.0
종로구,와룡동,Hostel Tommy 호스텔 토미,0,중위험군,37.5716747,126.990417,199153.4252,452459.1776,32.68575111,0.8794866773680354,29.66191723525869,1.1574086280157436,43.0,83.0
종로구,낙원동,N285 인사동호텔,0,중위험군,37.56958821,126.9866176,198817.7535,452227.6425,29.36597329,2.386955799230364,28.05719698008194,0.8634973718060407,43.0,83.0
종로구,운니동,아늑 호텔 앤 스파 서울 종로 안국 2,0,중위험군,37.57360608,126.9891925,199045.2791,452673.5501,34.11193236,3.166278775536469,30.407681891250487,0.975831610016506,43.0,83.0
종로구,종로2가,YMCA관광호텔,0,중위험군,37.56785597,126.9845017,198630.7961,452035.4128,23.93288864,-3.15062540426743,26.30376117599913,0.4208706027453327,43.0,83.0
종로구,낙원동,피카소모텔,0,중위험군,37.56852673,126.989191,199045.0871,452109.8013,29.12810108,2.054640688535052,27.441473889108206,1.3597252150418135,43.0,83.0
종로구,창신동,D mini hotel,0,중위험군,37.56924457,127.0126646,201118.8397,452189.4937,35.81858638,6.041938079147911,28.07283794685688,1.076632565967375,43.0,83.0
종로구,숭인동,승학,0,중위험군,37.57090801,127.020308,201794.0436,452374.2346,41.63107897,10.537466977930421,30.45888287550356,1.0498851337268271,43.0,83.0
종로구,권농동,순라스테이,0,중위험군,37.57393044,126.9903495,199147.4896,452709.5392,43.67071914,11.294532884362454,30.750005719415682,1.0275785208919277,43.0,83.0
종로구,낙원동,아마레,0,중위험군,37.56858852,126.9890014,199028.3342,452116.6613,28.7057577,2.102709455613436,27.447665666822427,1.3046718058681974,43.0,83.0
종로구,평창동,킴스관광호텔,0,중위험군,37.60669991,126.9743304,197733.3915,456346.8474,38.32311422,1.741376364219768,35.94232786843268,1.2937868471182923,43.0,83.0
종로구,낙원동,심플스테이 (SimpleStay),0,중위험군,37.56950223,126.9889167,199020.8634,452218.0733,31.60994562,3.9327575460080375,28.056194337095,1.1700350161071655,43.0,83.0
종로구,낙원동,(주)종로크라운,0,중위험군,37.57120649,126.9873677,198884.0422,452407.2436,21.86310718,-7.505661557663416,28.837238989753597,0.879186358242386,43.0,83.0
종로구,운니동,아늑 호텔 앤 스파 종로운니점,0,중위험군,37.57379044,126.9890874,199035.9989,452694.013,35.3805663,4.707467460423047,30.511874192831645,0.9656563975476988,43.0,83.0
종로구,연지동,누베르 호텔 앤 스파 서울종로점,0,중위험군,37.56998556,126.998623,199878.3537,452271.6604,26.26287133,-3.760210889479115,30.11614242699371,1.8632738543667233,43.0,83.0
종로구,충신동,스위스장,0,중위험군,37.57279777,127.0032919,200290.804,452583.7873,39.52892043,7.635633365839656,31.11134221272063,1.5821929340848238,43.0,83.0
종로구,관철동,아이비레지던스,0,중위험군,37.56689213,126.98423,198606.7792,451928.4418,27.60207095,0.5565231101042194,26.25222315148323,0.4696770754149682,43.0,83.0
종로구,와룡동,호텔 월하여관,0,중위험군,37.57367058,126.9901406,199129.0354,452680.6997,24.60732007,-5.952880361103617,30.61156045699365,1.0283427896449227,43.0,83.0
종로구,돈의동,HOTEL THE MAY,0,중위험군,37.56923344,126.9887906,199009.7162,452188.2421,16.38362715,-10.210936101973441,27.9319127660101,1.1749016090267148,43.0,83.0
종로구,연지동,호텔어라이브 서울플,0,중위험군,37.56991234,126.9984508,199863.1347,452263.5341,27.58237864,-2.147318217630893,30.033203801170874,1.893384245235637,43.0,83.0
종로구,관수동,호텔더디자이너스 종로,0,중위험군,37.56661096,126.9882371,198960.7885,451897.1834,25.65833529,0.14278266785667526,26.666123234452762,1.5184372055240973,43.0,83.0
종로구,수송동,(주)신영SPS지점,0,중위험군,37.57234671,126.9804375,198271.844,452533.8996,21.59106779,-5.047323691696356,26.710259419957126,0.22186441884119873,43.0,83.0
종로구,익선동,OK.Vill,0,중위험군,37.57196106,126.9886866,199000.5684,452490.9772,28.81326703,-0.03849904211397259,29.48889624044098,0.9841683881999602,43.0,83.0
종로구,낙원동,더스퀘어 호스텔,0,중위험군,37.56946611,126.9887927,199009.9065,452214.0657,26.07734752,-1.9712549534954,28.044759143547388,1.1541610971461838,43.0,83.0
종로구,익선동,세피앙,0,중위험군,37.57202862,126.9896813,199088.4433,452498.4655,27.33818654,-2.6725798395619265,29.775643432489623,1.0676097575135786,43.0,83.0
종로구,낙원동,호텔 노바,0,중위험군,37.56946091,126.9886797,198999.921,452213.4897,25.88709458,-2.1013375620205856,28.045149208547922,1.1356027455686362,43.0,83.0
종로구,구기동,자하문호텔,0,중위험군,37.60607579,126.9552165,196045.6112,456278.2101,39.16457703,2.595535148283979,35.495895505998035,1.3063682087498363,43.0,83.0
종로구,봉익동,쁘띠호텔 통통,0,중위험군,37.57075446,126.9910742,199211.481,452357.0359,31.71146887,2.1360188730018663,28.76790013333406,1.335742404871789,43.0,83.0
종로구,명륜2가,팰리스 모텔,0,중위험군,37.58120935,126.9994429,199950.7925,453517.3709,29.7410763,-0.44964648257319695,29.01443619495449,1.538849801776756,43.0,83.0
종로구,묘동,온유스테이 익선(ONU STAY Ik seon),0,중위험군,37.57115977,126.990148,199129.6581,452402.0288,28.03190414,-3.2238628344572753,28.957732689562803,1.1706339419283487,43.0,83.0
종로구,낙원동,헬로인 호텔,0,중위험군,37.56901581,126.9888487,199014.8461,452164.087,31.88508783,2.93768068108934,27.75633154100681,1.2090889102348932,43.0,83.0
종로구,창신동,리베라,0,중위험군,37.57020735,127.0133534,201179.6757,452296.3595,34.87994139,4.772743974856375,28.25325555247224,1.0976010261211675,43.0,83.0
종로구,낙원동,호텔 컬리넌,0,중위험군,37.56924962,126.988604,198993.2306,452190.0398,22.7261508,-4.349654063142598,27.93823438131469,1.1381700988400825,43.0,83.0
종로구,익선동,종로원,0,중위험군,37.57234237,126.9887981,199010.4208,452533.297,26.79025973,-2.340169794058248,29.821850751473217,0.98149253196533,43.0,83.0
종로구,낙원동,호텔 라붐,0,중위험군,37.56877967,126.9887373,199005.0076,452137.8794,36.22857537,8.463032617687393,27.562314400329306,1.2172379485239222,43.0,83.0
종로구,원남동,창경호텔,0,중위험군,37.57304418,126.9956374,199614.6121,452611.1398,34.4713758,2.5949068860484594,30.724513886220727,1.2413014203180568,43.0,83.0
종로구,창신동,호텔큐비,0,중위험군,37.56907425,127.0126636,201118.7513,452170.5901,27.9405299,-1.042391426105354,28.0455163987259,1.0716290810693136,43.0,83.0
종로구,운니동,호텔담,0,중위험군,37.57367066,126.9888116,199011.6362,452680.7217,27.67227492,-2.6485994984074104,30.419183727916845,0.9524351769347734,43.0,83.0
종로구,숭인동,하이스테이 종로 1233,0,중위험군,37.57433901,127.0221524,201956.8878,452755.0727,30.57214321,-1.3451087765609877,30.07427590812009,1.126643681029681,43.0,83.0
종로구,돈의동,레몬트리 호텔(Lemon Tree Hotel),0,중위험군,37.56961553,126.9903035,199143.3802,452230.6347,34.30593781,3.728361153531793,28.13817898363027,1.3970028399483647,43.0,83.0
종로구,낙원동,브라운도트 호텔,0,중위험군,37.56857204,126.9888498,199014.9383,452114.8337,29.79650496,2.6342024232804135,27.434018556343204,1.2722390225762659,43.0,83.0
종로구,관수동,그리드인,0,중위험군,37.56690647,126.9905645,199166.4067,451929.9583,26.83826556,1.4398407613095472,27.76858837170164,2.572456268755454,43.0,83.0
종로구,관철동,밸류플레이스,0,중위험군,37.5669144,126.9852262,198694.7877,451930.8992,21.52588172,-5.998418453010796,26.253187345685525,0.613050588172552,43.0,83.0
종로구,창신동,디에이엘 프리미엄캡슐호텔,0,중위험군,37.56782843,127.013157,201162.3639,452032.3246,32.15330741,3.035518625992072,27.66200935035483,1.025985861302018,43.0,83.0
중구,황학동,은성장여관,0,중위험군,37.5637344,127.0185629,201640.033,451578.0159,29.13434266,-0.24943757947111322,27.01807388858886,1.2768869449951012,43.0,83.0
중구,황학동,우림여인숙,0,중위험군,37.564755,127.020302,201793.6602,451691.3223,29.02197648,-0.40721228238211893,27.346900409742346,1.1571871418251827,43.0,83.0
중구,황학동,크리스티,0,중위험군,37.56321444,127.0218899,201933.9885,451520.3697,30.9999906,0.6930760188665737,27.570152715151956,1.2891670760807052,43.0,83.0
중구,명동,호텔스카이파크 명동1호점,0,중위험군,37.55850942,126.98333,198527.0997,450998.0735,23.28634844,-5.69260847315201,26.89326840308849,1.3179402080360123,43.0,83.0
중구,황학동,마이더스여관,0,중위험군,37.56315914,127.0199925,201766.3547,451514.1947,29.8450753,0.5034353210315885,27.265836080249052,1.3116941522762855,43.0,83.0
중구,명동,오요 명동3,0,중위험군,37.56018682,126.9850261,198676.9853,451184.2198,40.24138876,10.150181811019763,27.829693878894837,1.0907150710555995,43.0,83.0
중구,(광희동,토요코인 서울동대문 I,0,중위험군,37.56192809,127.0081716,200721.9775,451377.4062,27.87537113,-0.41816971365133426,29.33951473701929,1.9340147864969928,43.0,83.0
중구,예관동,더캡슐 명동,0,중위험군,37.56077659,126.9980576,199828.3826,451249.5737,21.40955276,-6.421754270778877,26.938734650187712,0.8595847888491224,43.0,83.0
중구,(광희동,신아호텔,0,중위험군,37.56189005,127.0037461,200330.9743,451373.1594,30.4245853,1.8253618746233968,30.40863955218535,1.5896262693285779,43.0,83.0
중구,남대문로5가,라움169,0,중위험군,37.55526641,126.9745411,197750.4422,450638.312,29.36314984,3.3772011740119012,29.142734532386733,2.773330946664464,43.0,83.0
중구,충무로1가,모헤닉 호텔 서울 명동,0,중위험군,37.55830263,126.9837322,198562.6326,450975.116,31.34074,4.2949203688769195,27.106575066453882,1.2164599369154954,43.0,83.0
중구,쌍림동,Sweet stay at Joy's,0,중위험군,37.56123167,127.0043687,200385.9859,451300.0894,25.27763389,-4.01189184259502,30.934117049850855,1.5999356385351557,43.0,83.0
중구,충무로4가,인더시티 충무로(INN-The City Chungmuro),0,중위험군,37.56016974,126.9967314,199711.2056,451182.2238,24.55657585,-1.4560662048031077,27.191241401569666,0.9859910538681755,43.0,83.0
중구,(광희동,신아모텔,0,중위험군,37.56189005,127.0037461,200330.9743,451373.1594,30.4636478,1.8644243746233968,30.40863955218535,1.5896262693285779,43.0,83.0
중구,명동,스테이7,0,중위험군,37.559686,126.9850296,198677.2936,451128.6347,18.69272692,-7.775894116846022,27.400137306150857,1.073067118396236,43.0,83.0
중구,무교동,주식회사 에이케이에이스테이,0,중위험군,37.56439975,126.9782336,198076.9497,451651.9227,25.15223178,-7.6232229787418575,29.450447932597577,2.101061671973392,43.0,83.0
중구,(필동,엘양호텔(L?YOUNG INN),0,중위험군,37.55930433,126.9925736,199343.8352,451086.1944,29.02752329,0.521483080901703,28.609175621162606,0.9991911745477117,43.0,83.0
중구,을지로7가,세승빌딩,0,중위험군,37.56217504,127.007909,200698.7748,451404.8127,20.82132036,-6.397673512222887,29.51116466822373,1.9175811568155998,43.0,83.0
중구,(광희동,루모텔,0,중위험군,37.56260061,127.0062335,200550.7369,451452.0349,36.45312009,3.334491686729237,30.274926376835086,1.8595256232413617,43.0,83.0
중구,(광희동,모브호텔,0,중위험군,37.56215784,127.0061984,200547.6399,451402.8924,28.6428611,-2.853513648420382,30.281633666877656,1.8572910012066504,43.0,83.0
중구,남대문로5가,콘스텔로 명동,0,중위험군,37.55514655,126.9750254,197793.2332,450624.9975,29.03719387,3.970497804073922,28.95231576736154,2.8042650459568765,43.0,83.0
중구,충무로4가,호텔 아이보리,0,중위험군,37.55916534,126.9931755,199397.0135,451070.7641,31.7082444,2.8203874574618553,28.465623148393064,0.9575734252425502,43.0,83.0
중구,쌍림동,위코스테이 동대문,0,중위험군,37.56121701,127.0031903,200281.8715,451298.4581,29.08629455,1.0982817272946548,29.884657469096616,1.4568352105592461,43.0,83.0
중구,남대문로3가,더스테이클래식호텔,0,중위험군,37.55862089,126.977787,198037.3386,451010.5466,22.45564255,-1.8396003567014958,28.588108779792172,3.297401107806933,43.0,83.0
중구,(광희동,서울 엔 호스텔,0,중위험군,37.56274732,127.0053235,200470.3378,451468.313,30.86302865,2.1108805820907897,31.197031605215592,1.8194451937188763,43.0,83.0
중구,을지로5가,스태이링크 주식회사,0,중위험군,37.56360071,126.9997814,199980.6857,451563.0159,23.73305322,-2.1857621568550485,27.903223082886278,1.743361613632137,43.0,83.0
중구,명동,유에이치 스위트 더명동,0,중위험군,37.55921109,126.9868865,198841.3492,451075.9008,29.10100246,2.67959088157998,26.995703240767625,0.966650453938645,43.0,83.0
중구,황학동,윌씨티33,0,중위험군,37.56745247,127.0199035,201758.3897,451990.7023,29.85908921,2.2640114296029594,28.518706022970193,1.0024596148814733,43.0,83.0
중구,황학동,엘씨티 33,0,중위험군,37.56641299,127.0222448,201965.2611,451875.3786,26.94150382,-0.6454522521957209,28.4998248176086,0.9907817981122952,43.0,83.0
중구,황학동,미르,0,중위험군,37.56704364,127.0217622,201922.6086,451945.3634,29.49085838,1.6188150705328574,28.74379612852625,1.0042221658668957,43.0,83.0
중구,황학동,제이앤비 The Best 2,0,중위험군,37.56657468,127.0216746,201914.8788,451893.3125,29.08189424,1.6818526403770626,28.45073616031811,1.0221649933530224,43.0,83.0
중구,황학동,JS스테이,0,중위험군,37.5671459,127.0216978,201916.9156,451956.7117,23.43158366,-4.222768056681343,28.79784120787343,1.004589771787881,43.0,83.0
중구,황학동,로팡,0,중위험군,37.56714175,127.0206838,201827.3344,451956.2309,25.62348883,-1.8873012329276477,28.552839149955748,1.0137542707091445,43.0,83.0
중구,(인현동,센트럴뷰스위트 주식회사,0,중위험군,37.56063038,126.9925919,199345.4664,451233.3701,28.10230723,0.6159112046392785,28.818924213301713,1.1706659296265374,43.0,83.0
중구,(인현동,센트럴뷰스위트 주식회사,0,중위험군,37.56063038,126.9925919,199345.4664,451233.3701,28.10230723,0.6159112046392785,28.818924213301713,1.1706659296265374,43.0,83.0
중구,황학동,어베터플레이스 신당,0,중위험군,37.56513768,127.0200506,201771.4384,451733.7905,29.87447761,1.7128854544636525,27.359260380965413,1.1282666467472282,43.0,83.0
중구,을지로6가,을지로 코업레지던스,0,중위험군,37.56341362,127.0046017,200406.5639,451542.2611,27.44418024,-3.2898603829056583,31.117979147939515,1.7976914813306362,43.0,83.0
중구,(회현동,호텔 명동,0,중위험군,37.55802548,126.978654,198113.932,450944.4454,39.94210383,6.522264407211885,28.277910310182744,3.143351674927979,43.0,83.0
중구,흥인동,알마호텔,0,중위험군,37.56337665,127.015112,201335.1569,451538.2552,27.55357155,0.09059164836850542,26.609280891896795,1.412076231584932,43.0,83.0
중구,을지로6가,호텔 스테이인(HOTEL STAY IN),0,중위험군,37.56432903,127.0055767,200492.7024,451643.8655,32.60091432,2.2241886919845086,31.2738005853003,1.854416234792277,43.0,83.0
중구,신당동,퀸모텔,0,중위험군,37.55353993,127.007974,200704.5999,450446.4185,31.45435861,-2.2842734769164252,29.309036075593436,1.5627511722297092,43.0,83.0
중구,(광희동,에비뉴모텔,0,중위험군,37.56238679,127.0054418,200480.7938,451428.299,35.69751362,2.1361453358322535,30.982388379282256,1.8175809177045064,43.0,83.0
중구,남대문로5가,지요크 서울역,0,중위험군,37.55204408,126.9734078,197650.2094,450280.6996,34.38681589,6.834422439204609,28.668399976550745,1.3696471346470054,43.0,83.0
중구,초동,럭키장여관,0,중위험군,37.56082266,126.9915662,199254.8393,451254.7186,32.75716515,2.16383580020398,28.955928115171044,1.1990049245666319,43.0,83.0
중구,초동,하루재,0,중위험군,37.5604658,126.9911271,199216.0394,451215.1149,28.13627243,-2.6238047402063565,28.772972689264748,1.1379819838558853,43.0,83.0
중구,충무로5가,남경레지던스,0,중위험군,37.55980392,126.9979148,199815.7633,451141.6191,26.53812345,-1.9355340960966885,27.141202567122082,0.6595828611936814,43.0,83.0
중구,(필동,동산여관,0,중위험군,37.55867857,126.9962823,199671.5208,451016.723,27.98752731,-1.1535883769659208,27.882234480618614,0.7695762158226503,43.0,83.0
중구,충무로4가,호텔 시에프,0,중위험군,37.55944336,126.9929257,199374.9446,451101.6227,26.04866063,-3.4589653438238663,28.529621834011152,0.9927950432067163,43.0,83.0
중구,(광희동,동대문인모텔(Dongdaemun Inn),0,중위험군,37.56180927,127.0072524,200640.7633,451364.2119,28.21002299,0.09924094979490405,29.754650189737294,1.8936661831556427,43.0,83.0
중구,명동,솔라리아 니시테츠 호텔 서울 명동,0,중위험군,37.55974994,126.9843743,198619.3878,451135.7407,27.40122378,-1.9022121555158833,27.55294181132232,1.1446658781445316,43.0,83.0
중구,명동,이코노미호텔 명동 프리미어점,0,중위험군,37.55853987,126.9836445,198554.883,451001.4482,25.30828773,-1.0453675455217244,27.028442222513867,1.2476869083374644,43.0,83.0
중구,남대문로5가,호텔릿(Hotelette),0,중위험군,37.55191393,126.9730312,197616.9274,450266.264,32.11455399,0.9139930648708834,28.825111419631945,1.3603807785357136,43.0,83.0
중구,을지로7가,에이피엠 레지던스,0,중위험군,37.56252165,127.0076174,200673.0117,451443.2802,32.82359111,3.9666835215139145,29.568708709360436,1.8870569329989761,43.0,83.0
중구,(회현동,호텔 코지 명동,0,중위험군,37.55802548,126.978654,198113.932,450944.4454,39.86397883,6.444139407211885,28.277910310182744,3.143351674927979,43.0,83.0
중구,(인현동,달콤명동게스트하우스,0,중위험군,37.56077584,126.9958819,199636.1461,451249.4966,19.66743896,-9.484995668738115,27.783600048160572,1.1955669577438184,43.0,83.0
중구,명동,더스테이호텔,0,중위험군,37.55915651,126.9860126,198764.1343,451069.8542,23.2963077,-8.126033375388229,27.163694392336332,0.9887403826146484,43.0,83.0
중구,충무로5가,명동멀린호텔,0,중위험군,37.55988314,126.9982725,199847.3662,451150.4109,26.57603128,-0.1016907528738642,27.0769640297113,0.6167049875553278,43.0,83.0
중구,명동,명동 선샤인 게스트하우스,0,중위험군,37.55926496,126.9857117,198737.5535,451081.8948,22.16331046,-5.6581073458593885,27.16424097489252,1.0047973456254085,43.0,83.0
중구,황학동,송림장여관,0,중위험군,37.56365324,127.0178815,201579.8337,451568.9964,24.1018955,-3.8857357349340376,26.919576182392674,1.3001704123551385,43.0,83.0
중구,명동,오요 명동1,0,중위험군,37.56016528,126.9843868,198620.4999,451181.8383,33.68158473,3.1337281266641313,27.83093815693857,1.1592927744898973,43.0,83.0
중구,충무로5가,현대 서비스드 레지던스,0,중위험군,37.56110121,126.9999541,199995.9463,451285.6009,27.71414086,0.20506192873621387,27.75516353074797,0.7596908715013153,43.0,83.0
중구,(광희동,96번지,0,중위험군,37.56206664,127.0089649,200792.0687,451392.79,23.53454044,-6.482355225255418,28.863396820222764,1.9079655518605587,43.0,83.0
중구,(회현동,(주)조선호텔앤리조트 레스케이프,0,중위험군,37.55715446,126.9787036,198118.2962,450847.7716,28.39202443,3.192689653734128,28.42127333397034,3.134453082388518,43.0,83.0
중구,신당동,동대문맥스타일 하우스,0,중위험군,37.56607323,127.009775,200863.5939,451837.4815,23.35617869,-4.141464681487012,28.438287039710325,1.5832958903941294,43.0,83.0
중구,명동,필스테이 명동스테이션(명동역점),0,중위험군,37.5590079,126.9846152,198640.6599,451053.3795,18.3399765,-8.453007430602955,27.205552272780544,1.0937605008064444,43.0,83.0
중구,(명동,알로프트서울명동호텔,0,중위험군,37.55952462,126.9811368,198333.3355,451110.7853,17.42653706,-7.034740980825518,26.363728695287385,2.064824203610037,43.0,83.0
중구,주교동,투유(2U)HOSTEL,0,중위험군,37.56586745,126.9974009,199770.3781,451814.6006,36.12463109,2.9135450647226833,28.67386395359795,2.59839229584834,43.0,83.0
중구,(광희동,모브호텔,0,중위험군,37.56215784,127.0061984,200547.6399,451402.8924,28.6428611,-2.853513648420382,30.281633666877656,1.8572910012066504,43.0,83.0
중구,남학동,홈즈레드 명동,0,중위험군,37.55807414,126.9905121,199161.6811,450949.6743,27.88206405,0.34441413774561624,28.552230919448256,0.9870320331612525,43.0,83.0
중구,명동,필스테이 명동메트로점,0,중위험군,37.56031807,126.9848275,198659.4458,451198.7898,33.89369372,3.399653962270488,27.93134537328846,1.1189214856240302,43.0,83.0
중구,북창동,서울쎈트럴호텔(SEOUL CENTRAL HOTEL),0,중위험군,37.55907732,126.9774223,198005.1343,451061.2126,32.79054316,-1.0639022399250635,28.740452356463013,3.344091966384817,43.0,83.0
중구,명동,유에이치 스위트,0,중위험군,37.55921985,126.9870305,198854.0681,451076.8712,31.60730559,0.7213673158488874,26.981874312889282,0.9598406356036523,43.0,83.0
중구,명동,K그랜드호텔 명동,0,중위험군,37.559348,126.983928,198579.9527,451091.1367,33.3687148,3.939232659902,27.25529684187769,1.2082569005663244,43.0,83.0
중구,주교동,호텔 제이스테이(Hotel J-Stay),0,중위험군,37.56588733,126.9977273,199799.2078,451816.8063,35.72892286,2.6200455644928695,28.539931302651297,2.539093852166933,43.0,83.0
중구,남창동,머스트스테이 호텔,0,중위험군,37.55416332,126.9768462,197954.0912,450515.8295,25.18872762,-7.938127645807064,28.399066201731987,2.551818036231216,43.0,83.0
중구,을지로3가,라이프 인 을지로,0,중위험군,37.56327507,126.9923211,199321.5606,451526.9014,38.15840709,5.7538462020803465,30.160743987197677,2.277751398196353,43.0,83.0
중구,을지로3가,트립스테이 명동,0,중위험군,37.56327507,126.9923211,199321.5606,451526.9014,38.18965709,5.7850962020803465,30.160743987197677,2.277751398196353,43.0,83.0
중구,무학동,엠모텔(M모텔),0,중위험군,37.56120906,127.0138423,201223.0073,451297.661,35.59320895,4.694031887967501,27.926494006465397,1.8172534193129408,43.0,83.0
중구,(필동,픽셀스테이 명동점,0,중위험군,37.55888617,126.9913853,199238.8373,451039.7925,28.63818624,-0.23414292862382524,28.647712624963205,1.019903912812521,43.0,83.0
중구,황학동,레지던스 유니콘 인 동대문,0,중위험군,37.56761121,127.0220655,201949.3901,452008.3633,32.63590847,3.982211274054194,29.180509312653314,0.9740801657462504,43.0,83.0
중구,신당동,프린스,0,중위험군,37.55293219,127.0100189,200885.2991,450378.984,27.98069513,-3.744200734271761,28.658003899381487,1.7043595055597716,43.0,83.0
중구,오장동,호텔스카이파크 동대문1호점,0,중위험군,37.56144741,127.0012903,200114.0,451324.0258,24.89394102,-2.7378312869895254,28.61470535757399,1.206329358487979,43.0,83.0
중구,충무로4가,가가하우스,0,중위험군,37.55978163,126.9939283,199463.5347,451139.1604,25.93912243,-3.3862521729627915,28.34433264257535,0.9958788064403982,43.0,83.0
중구,(광희동,올리브호스텔 동대문점,0,중위험군,37.5626401,127.0060916,200538.203,451456.417,27.94052294,-3.266466402779251,30.389515209992013,1.8539290701854354,43.0,83.0
중구,을지로5가,트레블로지 동대문 호텔,0,중위험군,37.563663,127.0010971,200096.9309,451569.9299,24.73112452,-1.865249330645149,28.228156609271274,1.771054890250405,43.0,83.0
중구,무학동,탑모텔,0,중위험군,37.56126348,127.0137989,201219.1736,451303.7004,29.53568344,-1.1540510675959865,27.916649573376993,1.8133483897636675,43.0,83.0
중구,오장동,케이게스트하우스(K-guesthouse) 동대문,0,중위험군,37.56243879,127.001282,200113.2661,451434.0573,20.24844938,-9.554773716767233,28.584913286473263,1.483079326910329,43.0,83.0
중구,명동,호텔 스카이파크 Ⅱ,0,중위험군,37.56217058,126.9842636,198609.6546,451404.4047,34.79377752,5.264179888522548,29.25442774200265,1.2494486932697937,43.0,83.0
중구,(광희동,호텔 클로이,0,중위험군,37.56295774,127.0050817,200448.9723,451491.666,35.58168716,1.738924605372155,31.381191675365507,1.802512141797273,43.0,83.0
중구,충무로3가,뉴스테이인(New stay inn),0,중위험군,37.55962839,126.9898177,199100.3456,451122.184,29.32859058,-0.7088639047718353,28.002326808133837,1.0367075678941056,43.0,83.0
중구,명동,오요 명동2,0,중위험군,37.55899863,126.9871722,198866.5883,451052.3167,21.92537279,-4.483844294705428,26.976895609423277,0.955519189267952,43.0,83.0
중구,(광희동,호텔 라온,0,중위험군,37.56223745,127.0057924,200511.7701,451411.7259,34.60162184,3.4786839768688793,30.62444165949408,1.8226053638966144,43.0,83.0
중구,명동,K9명동호텔,0,중위험군,37.55916111,126.9861241,198773.987,451070.3632,22.94857674,-8.345004411460394,27.159199454257553,0.9878167068243255,43.0,83.0
중구,을지로3가,호텔어라이브 을지로 틈,0,중위험군,37.56274334,126.990842,199190.8743,451467.8974,30.2896612,-0.833464585401483,29.78250376611782,1.7538378404948265,43.0,83.0
중구,신당동,Q모텔,0,중위험군,37.56099285,127.0136424,201205.3498,451273.6617,35.04571671,3.7549449158860924,28.065902038566062,1.846829755200487,43.0,83.0
중구,을지로5가,에이큐브호텔,0,중위험군,37.56347491,127.0012488,200110.3357,451549.0543,34.44363526,4.833610271181879,28.284945868197134,1.733504201755889,43.0,83.0
중구,신당동,J모텔,0,중위험군,37.55290824,127.0095836,200846.8376,450376.3218,26.00192357,-4.288447927547978,28.82484244274091,1.6753736922139608,43.0,83.0
중구,명동,호스텔 아라125,0,중위험군,37.56201257,126.9837489,198564.1794,451386.8752,28.33672377,-0.6951749282374493,29.02735060099767,1.3658043860907756,43.0,83.0
중구,(광희동,레드모텔,0,중위험군,37.56307809,127.0050955,200450.1943,451505.0235,39.94305951,7.141707052714139,31.419152341852417,1.8082314259456922,43.0,83.0
중구,(만리동,동은여인숙,0,중위험군,37.55327049,126.9669878,197082.953,450416.9962,29.10664714,-2.7390272731918692,29.15037234266498,1.7031531575354555,43.0,83.0
중구,신당동,벤허,0,중위험군,37.54633403,127.0064049,200566.0025,449646.6397,22.66031201,-4.358176422530981,29.985443533027443,2.1412616572260026,43.0,83.0
중구,황학동,스테이 패스포트 신당,0,중위험군,37.56381135,127.0210812,201862.5288,451586.6034,27.85815217,-0.47303159440948406,27.45885442297795,1.226699642354947,43.0,83.0
중구,(남산동,동도모텔,0,중위험군,37.55676546,126.9841243,198597.2449,450804.5025,25.7989557,-5.372665035563696,29.278767944149333,1.1206377114539423,43.0,83.0
중구,명동,메이원 호텔,0,중위험군,37.55987957,126.9851772,198690.3303,451150.1166,29.50858316,-2.249060381955033,27.563718071453582,1.0639530965563566,43.0,83.0
중구,(광희동,독립주택,0,중위험군,37.56136225,127.0044752,200395.3966,451314.5827,33.81161799,2.6904893028742833,31.02271969621449,1.6290254619539917,43.0,83.0
중구,충무로4가,인더시티 명동(Inn The City Myeongdong),0,중위험군,37.55989789,126.9928419,199367.5495,451152.0707,40.19954582,7.781725292824419,28.613029182311795,1.0460172946372424,43.0,83.0
중구,입정동,호텔 더 보타닉 세운 명동(A동),0,중위험군,37.56484325,126.9933887,199415.8979,451700.9438,27.93682438,1.484870382508948,30.532281503324384,3.0365177547338735,43.0,83.0
중구,산림동,호텔 더 보타닉 세운 명동(B동),0,중위험군,37.56484712,126.9942461,199491.6465,451701.3683,23.56782893,-3.105258113095264,30.42974850039427,2.795650397499932,43.0,83.0
용산구,이태원동,성지모텔,0,중위험군,37.53723689,126.9908857,199194.4599,448636.9877,34.10537108,0.5912984601120641,30.916555233657036,2.5015186247376393,43.0,83.0
용산구,동자동,어바웃스테이서울역,0,중위험군,37.54921254,126.973321,197642.444,449966.4348,28.56166556,-2.1095845432607803,28.785720060109387,1.1526576678657992,43.0,83.0
용산구,갈월동,HOTEL E-CUBE(호텔 이큐브),0,중위험군,37.53766021,126.9714083,197473.0356,448684.3161,34.30178912,2.7319916842560374,32.16960353014865,1.5901467639037414,43.0,83.0
용산구,후암동,호텔 후암,0,중위험군,37.54449245,126.9804466,198272.0048,449442.407,39.55285663,6.307491337401089,31.769859351172773,0.9648483138600188,43.0,83.0
용산구,원효로2가,?貧晁?,0,중위험군,37.53217553,126.9623353,196670.9073,448075.8666,19.43853527,-10.929190471625283,29.12396894843691,0.8765592199001282,43.0,83.0
용산구,갈월동,일일모텔,0,중위험군,37.54281046,126.971993,197524.8831,449255.9155,37.56543746,2.125906542876905,32.77756577741907,1.3177079983557742,43.0,83.0
용산구,한남동,한남67호텔,0,중위험군,37.5307153,127.0048641,200429.934,447913.1436,41.22800445,7.478092402637458,31.839393586839375,1.939412299344204,43.0,83.0
용산구,(청파동,WO모텔서울역,0,중위험군,37.5459209,126.9687286,197236.5103,449601.2275,37.25829473,3.702479122843826,31.35802481092074,1.437157712774263,43.0,83.0
용산구,동자동,아로하 게스트하우스,0,중위험군,37.54905051,126.9736169,197668.5922,449948.444,30.12527961,1.511111517707473,28.731897578992758,1.1405807349812844,43.0,83.0
용산구,동자동,희망여관,0,중위험군,37.55051637,126.9738974,197693.4227,450111.13,30.84978863,0.6652102863451859,28.434912153661582,1.1441244835660707,43.0,83.0
용산구,(청파동,경향,0,중위험군,37.54629608,126.9695311,197307.4374,449642.8447,38.79507566,4.8907385997381,31.40566050636076,1.3885859641335958,43.0,83.0
용산구,문배동,모던용산한옥,0,중위험군,37.53502786,126.9680265,197174.0511,448392.2538,22.98391765,-5.185575745003643,29.80759769192079,1.8870264701197017,43.0,83.0
성동구,성동,인스피룸 성수 주식회사,0,중위험군,37.54603887,127.0551245,204871.4125,449615.2893,36.39600603,0.31715930910935697,34.11890968072503,1.238478237756934,43.0,83.0
성동구,도선동,메종,0,중위험군,37.56022261,127.0347361,203069.0822,451188.6538,23.605295,-6.215188863762275,29.69292409675952,0.23138178900118853,43.0,83.0
성동구,도선동,리마크호텔,0,중위험군,37.56055471,127.034479,203046.3589,451225.5046,22.50225658,-7.296257737181229,29.69130945270016,0.2169191072352065,43.0,83.0
성동구,도선동,파레스모텔,0,중위험군,37.56045943,127.0344655,203045.1718,451214.9292,22.56983112,-7.268223575743654,29.691206278133407,0.22452541427393324,43.0,83.0
성동구,도선동,아모렉스관광호텔,0,중위험군,37.56086358,127.03451,203049.0853,451259.7865,33.22424868,3.6399897280710753,29.686831578178122,0.21203617581467704,43.0,83.0
성동구,도선동,에이치호텔,0,중위험군,37.55984739,127.0344064,203039.9732,451146.9981,32.8553989,3.2400383195161346,29.690419666343253,0.2773260554696736,43.0,83.0
성동구,도선동,코림,0,중위험군,37.56048156,127.0342861,203029.3184,451217.3796,28.81972374,-0.9984204017917868,29.68995008028677,0.23253234140603335,43.0,83.0
성동구,도선동,포레스타호텔,0,중위험군,37.55965771,127.0344756,203046.0924,451125.9481,31.22982917,1.7863958650893963,29.69309883040461,0.2709743974898884,43.0,83.0
성동구,도선동,아루스테이,0,중위험군,37.56076381,127.0343345,203033.5815,451248.7076,30.87029336,1.1192288945381073,29.68878968996137,0.22768947694003588,43.0,83.0
성동구,도선동,호텔퓰문(HOTEL FULL MOON),0,중위험군,37.56089481,127.0343573,203035.5889,451263.2478,34.94493914,5.198644411621938,29.68586502485372,0.22094351166283133,43.0,83.0
성동구,용답동,유성장여관,0,중위험군,37.55824913,127.0627391,205543.4172,450970.9038,31.99194938,-0.9697735393118236,32.178277488832045,0.9537079254303694,43.0,83.0
성동구,도선동,저스트 스테이 호텔,0,중위험군,37.56029187,127.0342119,203022.7667,451196.3239,33.28852933,3.557347281411719,29.689275434240926,0.25100002425818674,43.0,83.0
성동구,성동,근화,0,중위험군,37.53561546,127.0498419,204405.1999,448458.1572,38.89960499,1.132848653437179,34.822763372326314,1.8603001747486487,43.0,83.0
성동구,성동,젠모텔,0,중위험군,37.54450985,127.0482166,204261.0441,449445.2511,37.56416238,4.821673779864305,34.547478845458315,1.386434379842967,43.0,83.0
성동구,도선동,리젠트호텔,0,중위험군,37.56010879,127.033665,202974.4503,451175.9867,34.54804264,4.829389561056654,29.684846783850986,0.29737029647384294,43.0,83.0
성동구,성동,신양장여관,0,중위험군,37.5359582,127.0469312,204147.9241,448496.0647,40.08996739,2.081307542129963,34.81157950182258,2.0202253193835276,43.0,83.0
성동구,성동,금호 스테이,0,중위험군,37.5457164,127.021118,201866.2312,449578.2805,37.16132447,3.074091144387026,29.874187985203946,2.8543906555612835,43.0,83.0
성동구,도선동,스위트모텔,0,중위험군,37.56064804,127.0344937,203047.6557,451235.8636,22.55965472,-7.155600100903158,29.691394600766206,0.209881642358982,43.0,83.0
성동구,도선동,라테라,0,중위험군,37.56066981,127.0343178,203032.1107,451238.2741,29.3373211,-0.4039580673175287,29.69019731169943,0.23194455568393615,43.0,83.0
성동구,도선동,스테이 여유,0,중위험군,37.56057542,127.0343028,203030.7839,451227.7975,28.98253986,-0.7451519957302111,29.69009285088044,0.22519956041190387,43.0,83.0
성동구,도선동,파라다이스,0,중위험군,37.560336,127.0337182,202979.147,451201.206,34.29215463,4.589772864437176,29.685274113439156,0.28319364567859096,43.0,83.0
성동구,도선동,부르네 모텔,0,중위험군,37.56095418,127.0341243,203014.9993,451269.8296,26.95791299,-2.8205959091578556,29.684038974701583,0.24610408080990698,43.0,83.0
마포구,노고산동,신촌 시스터즈,0,중위험군,37.55114483,126.9348635,194244.2047,450182.5553,23.48995961,-5.7379539096116225,25.67466062778562,2.830647334195115,43.0,83.0
마포구,노고산동,아더포레,0,중위험군,37.55227977,126.9337501,194145.9104,450308.5888,45.72991154,13.14267459460902,26.48902665809726,3.492344517997591,43.0,83.0
마포구,노고산동,어반슬로우(URBANSLOW),0,중위험군,37.5513466,126.9357071,194318.7693,450204.898,33.69031165,8.137049355696284,25.830724129801574,2.688091430035772,43.0,83.0
마포구,노고산동,성도장여관,0,중위험군,37.55002455,126.9353636,194288.3124,450058.1871,16.03625413,-9.98436079991069,25.528400179482862,2.234972285317891,43.0,83.0
마포구,노고산동,24게스트하우스신촌,0,중위험군,37.55227127,126.9344049,194203.7651,450307.6048,32.06448157,3.1050047022111684,26.20464621092664,3.353524991599041,43.0,83.0
마포구,노고산동,와이(Y)호텔,0,중위험군,37.55064695,126.9355795,194307.4381,450127.253,25.80485544,1.6554817872512473,25.740780252985765,2.4582293330084077,43.0,83.0
마포구,노고산동,도로시모텔,0,중위험군,37.55095038,126.9357512,194322.6343,450160.9197,30.85728814,2.2473059661470565,25.704936691228184,2.5373236759577598,43.0,83.0
마포구,성산동,성산장,0,중위험군,37.55600319,126.9162279,192597.9509,450723.0795,36.73374592,2.2789289557145693,30.634748195165187,2.413889803771739,43.0,83.0
마포구,노고산동,호텔서강스테이,0,중위험군,37.55071712,126.9350135,194257.4258,450135.0754,20.99634306,-5.60210624110189,25.593477399815566,2.618057412762412,43.0,83.0
마포구,노고산동,위드,0,중위험군,37.55113536,126.9347725,194236.1654,450181.5098,20.82765611,-4.687048665877324,25.65713502329963,2.8517726661133977,43.0,83.0
마포구,동교동,(주)호텔롯데 L7 홍대,0,중위험군,37.55297852,126.9208479,193005.8833,450387.0234,36.39421245,4.657390257844057,33.116177172553506,1.4152507140210517,43.0,83.0
마포구,노고산동,라뉘호텔,0,중위험군,37.55074352,126.935437,194294.8524,450137.9797,20.00417411,-4.3398647947279585,25.71427339481083,2.5335754377726105,43.0,83.0
마포구,노고산동,피터캣,0,중위험군,37.55102279,126.9350509,194260.7523,450168.9988,27.60976909,1.3484707500230435,25.66042051064397,2.728372715880469,43.0,83.0
마포구,노고산동,넘버25신촌점,0,중위험군,37.55115123,126.9355121,194301.5197,450183.2261,35.46656293,8.055939983123789,25.800951746687062,2.662505656601676,43.0,83.0
마포구,노고산동,에스호텔,0,중위험군,37.55084055,126.9342842,194192.9948,450148.8195,28.48329507,2.9592565840001654,25.514683748341074,2.8092499019868145,43.0,83.0
마포구,성산동,성미,0,중위험군,37.5555394,126.9078491,191857.5557,450672.2971,39.31349818,-0.8444480305957001,33.732912135481875,4.201395006159692,43.0,83.0
마포구,노고산동,라세느,0,중위험군,37.55045651,126.9348873,194246.2593,450106.1585,15.63883739,-11.139180623816928,25.533293118901476,2.5185854603283877,43.0,83.0
마포구,서교동,아만티 호텔(Amanti Hotel),0,중위험군,37.55444695,126.9178026,192736.935,450550.2325,38.504008,-0.7024624493876104,31.61546512539092,1.866300205978371,43.0,83.0
마포구,염리동,혜성,0,중위험군,37.55376086,126.946336,195258.1392,450472.2628,31.98408359,-0.3842533776146162,30.619603974009728,1.0353135483045537,43.0,83.0
마포구,도화동,신라스테이 마포,0,중위험군,37.54012376,126.9489118,195484.9196,448958.5824,25.67962444,-1.7575582587756529,28.119291867803025,-0.1653803154947061,43.0,83.0
마포구,노고산동,브라운스위트 신촌 센트럴,0,중위험군,37.55187417,126.9347852,194237.3454,450263.5081,22.94454387,-1.832281225138555,25.97664665622047,3.180848594927913,43.0,83.0
마포구,동교동,스테이 더 이룸(Stay the eeroom),0,중위험군,37.55360436,126.9211402,193031.771,450456.4624,35.42610033,3.9332895046842076,33.286313882702714,1.3776109347728156,43.0,83.0
마포구,노고산동,골든힐(Golden Hill),0,중위험군,37.54994707,126.9354691,194297.6256,450049.5814,17.80679462,-8.962068701555992,25.567446126793698,2.1792612701689733,43.0,83.0
마포구,노고산동,그랜드(Grand),0,중위험군,37.55006638,126.9355023,194300.5729,450062.8213,19.03166365,-7.632552924197505,25.56278578956026,2.2286431090734125,43.0,83.0
강서구,화곡동,르아브르,0,중위험군,37.54334576,126.8467326,186455.0951,449325.9981,32.64151199,3.258862766623885,29.37634891074098,1.8919988243774248,43.0,83.0
강서구,화곡동,로얄모텔,0,중위험군,37.52677466,126.8381644,185694.7197,447488.0768,17.76598732,-8.928888189518968,26.544252372654316,1.3249262228497074,43.0,83.0
강서구,화곡동,팰리스,0,중위험군,37.54510834,126.8461126,186400.6222,449521.7128,32.69243548,3.2437960902865726,29.22421759353774,1.9740813325338613,43.0,83.0
강서구,화곡동,웨일로 서울김포공항점,0,중위험군,37.54617445,126.8469343,186473.4277,449639.9197,29.20487021,-1.4747264809822909,29.225294980769597,2.045089283442519,43.0,83.0
강서구,화곡동,청아여관,0,중위험군,37.52681545,126.8389929,185767.9654,447492.4783,18.77645335,-8.653256519623149,26.624924238297833,1.331170176557556,43.0,83.0
강서구,방화동,SIMPLE STAY(심플 스테이),0,중위험군,37.56095838,126.8092025,183142.3657,451286.8591,36.3905092,3.532082772320969,32.618455561722314,0.48555880610233026,43.0,83.0
강서구,화곡동,호텔야자 강서구청점,0,중위험군,37.54449559,126.8456429,186358.9995,449453.773,22.91989628,-6.270787184017404,29.28720037079954,1.9324847183828673,43.0,83.0
강서구,화곡동,드림 스테이,0,중위험군,37.5437087,126.8457963,186372.4127,449366.4154,29.41673511,-0.2720653386372014,29.372520792828503,1.89435969754882,43.0,83.0
강서구,화곡동,브라운도트 강서구청점,0,중위험군,37.54684235,126.8474863,186522.3297,449713.9693,33.23217744,3.3995988893248246,29.261981232464358,2.086221971618625,43.0,83.0
강서구,화곡동,탑 모텔,0,중위험군,37.52717379,126.8411343,185957.314,447531.9278,33.53982392,6.428453227830627,26.88553567787408,1.3526407453634337,43.0,83.0
강서구,화곡동,다우스,0,중위험군,37.54434148,126.8461727,186405.7942,449436.5919,29.24267659,-0.5107092440051311,29.32776208015019,1.932606231349082,43.0,83.0
강서구,화곡동,모텔플라워,0,중위험군,37.54359436,126.8451785,186317.7952,449353.8147,21.18839746,-7.482050557958605,29.378962083189506,1.8783426152503582,43.0,83.0
강서구,화곡동,소설스미스,0,중위험군,37.5444712,126.8460701,186396.7533,449451.0041,33.64734605,4.225840599800151,29.304436705521987,1.9379120150847213,43.0,83.0
강서구,화곡동,HOTEL A(호텔A),0,중위험군,37.54300585,126.8471375,186490.8165,449288.214,26.34921549,-3.9962331762727565,29.41494851267106,1.8827808194948514,43.0,83.0
강서구,화곡동,구름성여관,0,중위험군,37.54354672,126.8448974,186292.9454,449348.5682,32.66638395,2.970194113860046,29.38379145630893,1.8711127619582753,43.0,83.0
강서구,화곡동,큐모텔,0,중위험군,37.54323919,126.8466548,186448.2029,449314.1813,33.19356936,3.085791511830614,29.38387530710365,1.8858421925318414,43.0,83.0
강서구,화곡동,삼부장여관,0,중위험군,37.54309738,126.8464356,186428.8002,449298.4738,32.24059231,1.504525480835806,29.402105695086615,1.875862209796822,43.0,83.0
강서구,화곡동,유니온호텔,0,중위험군,37.54365234,126.8454146,186338.6762,449360.2155,20.94983675,-8.737683930648327,29.37276688501143,1.8852205450283388,43.0,83.0
강서구,화곡동,샤르망,0,중위험군,37.54346404,126.8462568,186413.0689,449339.1944,28.3897966,-1.1492133668790352,29.424834097965576,1.8900244365733667,43.0,83.0
강서구,화곡동,호텔 엔,0,중위험군,37.52735485,126.8404679,185898.4471,447552.1229,28.35622813,1.3625473420720304,26.839786487999163,1.3537003528614315,43.0,83.0
강서구,화곡동,타임스테이,0,중위험군,37.53178993,126.8378977,185672.1079,448044.7507,27.8717558,-1.8293490133621653,27.38817598795751,1.4139340582315216,43.0,83.0
강서구,화곡동,호텔테마,0,중위험군,37.53838541,126.840763,185926.6074,448776.3359,28.14477806,-2.7232928604815285,31.032924953449022,1.5971303312097294,43.0,83.0
강서구,화곡동,샤르망모텔,0,중위험군,37.5470128,126.8475673,186529.5175,449732.8756,34.46901901,3.7103057008568463,29.26792547835916,2.0963973260933386,43.0,83.0
강서구,화곡동,골든프라자,0,중위험군,37.52713069,126.8404835,185899.7847,447527.2415,27.04809,0.07947553033774213,26.815370998750993,1.3479754659026137,43.0,83.0
강서구,화곡동,커플모텔,0,중위험군,37.54357859,126.845546,186350.2751,449352.011,25.74770734,-4.874865388646061,29.390468453348,1.8838386367513718,43.0,83.0
강서구,화곡동,어거스트,0,중위험군,37.54356399,126.8475667,186528.8483,449350.0992,26.55217432,-2.993022837379158,29.327511089255754,1.9148318512640778,43.0,83.0
강서구,외발산동,호텔 티제이,0,중위험군,37.54519551,126.8192793,184029.3198,449535.6072,34.89940129,3.189226251119493,31.921290462496415,0.9884926202140364,43.0,83.0
강서구,화곡동,모텔노블레스,0,중위험군,37.52700313,126.8381166,185690.5381,447513.4414,18.6442557,-8.648425449965963,26.559716136514435,1.3295317173480525,43.0,83.0
강서구,화곡동,청솔장,0,중위험군,37.52673966,126.8382944,185706.2051,447484.1724,18.18068964,-9.173302017062444,26.55293158486773,1.3250078483391792,43.0,83.0
영등포구,(영등포동,별빛호텔(별),0,중위험군,37.51571739,126.9073379,191808.025,446252.5864,38.9644266,5.3025945404289985,31.351452438469597,2.489574190058778,43.0,83.0
영등포구,영등포동,삼호여관,0,중위험군,37.51126863,126.9108125,192114.7411,445758.5336,39.27038287,2.9627275355678435,31.781022348607568,2.767210334132037,43.0,83.0
영등포구,(영등포동,씨에프모텔,0,중위험군,37.51577484,126.9091214,191965.705,446258.8088,34.09102576,2.796461353438392,31.704676074189372,2.5584224242680005,43.0,83.0
영등포구,(영등포동,호텔 바모스,0,중위험군,37.51723716,126.9079016,191858.0269,446421.2128,29.96174865,1.3924095487024886,31.361309602656807,2.4528297202583325,43.0,83.0
영등포구,(영등포동,호텔리더스,0,중위험군,37.51568625,126.9095283,192001.6762,446248.9418,34.16004836,2.9137136264620125,31.797138053130762,2.5789921327464005,43.0,83.0
영등포구,(양평동,Y. ROAD 135,0,중위험군,37.52033345,126.8881265,190110.2158,446766.7572,35.11774321,0.7125676357883748,31.891526046346478,1.356739083541421,43.0,83.0
영등포구,(영등포동,앤스테이,0,중위험군,37.51557239,126.9090643,191960.6361,446236.3443,36.95655176,2.967996021221289,31.742501968376384,2.5676593622536057,43.0,83.0
영등포구,도림동,호텔마루,0,중위험군,37.50476727,126.9018127,191318.2926,445037.7579,37.49230267,5.931520474463788,29.547485423918207,2.301574598418422,43.0,83.0
영등포구,(영등포동,맥스모텔,0,중위험군,37.51836789,126.9048282,191586.4548,446546.98,23.66672624,-8.89403554074077,30.445472484075044,2.279352531241631,43.0,83.0
영등포구,(영등포동,온천 모텔,0,중위험군,37.51468253,126.9067563,191756.4999,446137.7808,29.91326839,-2.9181459384369433,31.439995887102455,2.5239062109470414,43.0,83.0
영등포구,신길동,로또모텔,0,중위험군,37.49999014,126.9029513,191418.4243,444507.4535,32.06979446,1.8718129340788074,28.215495389356178,2.266352282464416,43.0,83.0
영등포구,신길동,테마모텔,0,중위험군,37.50393899,126.9099177,192034.8529,444945.1126,32.95282634,1.202092283033501,27.852845499236096,2.5488688977459444,43.0,83.0
영등포구,(영등포동,더문 호텔,0,중위험군,37.51580863,126.9063673,191722.2291,446262.7978,30.5061516,-0.31407797701515605,31.211787414972587,2.442677036775864,43.0,83.0
영등포구,(영등포동,호텔 아하바,0,중위험군,37.51586069,126.9056451,191658.3875,446268.6396,20.91898205,-8.004155535302107,31.013085349374474,2.4075309242482925,43.0,83.0
영등포구,(영등포동,호텔야자(YaJa) 영등포점,0,중위험군,37.51574165,126.9093127,191982.6137,446255.1088,34.60027186,3.4009552626709123,31.747697571868667,2.5676501371324094,43.0,83.0
영등포구,(영등포동,SB호텔,0,중위험군,37.51535175,126.9095803,192006.2298,446211.8121,23.05430747,-6.642575950659584,31.815422930750458,2.6000310057940688,43.0,83.0
영등포구,(영등포동,코지하우스(Cozyhouse),0,중위험군,37.51579105,126.9080381,191869.94,446260.701,34.70948449,0.750883020763851,31.48155374393608,2.5145095029304407,43.0,83.0
영등포구,(영등포동,베니키아 호텔 카카오,0,중위험군,37.51472287,126.9110949,192140.0736,446141.8868,28.95452415,-0.13651094938532182,31.857216981333547,2.6910715927796316,43.0,83.0
영등포구,(영등포동,Seoul Bussiness Hotel ORA (오라 호텔),0,중위험군,37.51558659,126.9098334,192028.6359,446237.8549,30.73980879,1.1785857590291613,31.81487236876706,2.5961081738156824,43.0,83.0
영등포구,(영등포동,페어필드 바이 메리어트 서울(Fairfield by Marriott-Seoul),0,중위험군,37.5142247,126.9084719,191908.1191,446086.8185,34.10473993,4.765856599975724,31.895629443201162,2.6232817611614427,43.0,83.0
영등포구,(영등포동,모텔자고,0,중위험군,37.51550441,126.9093808,191988.6106,446228.7724,29.16678477,-1.949075110922795,31.815149017818637,2.583712494599378,43.0,83.0
영등포구,신길동,썬모텔,0,중위험군,37.49956103,126.9032409,191443.9816,444459.8015,26.01016036,-4.267889382287983,28.172197159318053,2.269183899800523,43.0,83.0
영등포구,(영등포동,서울장여관,0,중위험군,37.51563943,126.9070686,191784.2103,446243.9573,40.05960465,4.805798532087387,31.32519965912156,2.482474438828362,43.0,83.0
영등포구,(영등포동,코트야드 바이 메리어트 서울 타임스퀘어,0,중위험군,37.51432572,126.9025553,191385.0571,446098.5558,28.40025683,-2.7378729174437773,30.499055417226536,2.3365881097675802,43.0,83.0
영등포구,대림동,대림모텔,0,중위험군,37.48556008,126.8976344,190946.5358,442906.4033,27.47864497,-2.943841089120607,28.550200068943134,2.0175017278469536,43.0,83.0
영등포구,(영등포동,페트라호텔,0,중위험군,37.51519016,126.9093412,191985.0752,446193.898,24.96132107,-7.015302620595584,31.819542111753123,2.600269438481813,43.0,83.0
영등포구,(영등포동,호텔 CC,0,중위험군,37.51529975,126.9080506,191870.99,446206.1718,33.68156185,2.49376508212827,31.59541440967755,2.542863804279257,43.0,83.0
영등포구,대림동,대방모텔,0,중위험군,37.49299121,126.9009991,191244.9777,443730.843,25.90543685,-4.4975011856310765,28.42004076990676,2.1366920869618884,43.0,83.0
영등포구,(양평동,굿데이,0,중위험군,37.53428358,126.8953165,190747.551,448314.317,35.67210353,1.4972924388536981,33.240300587068,0.8162197947023968,43.0,83.0
영등포구,(영등포동,에프 호텔,0,중위험군,37.51443021,126.9104128,192079.7341,446109.4624,28.54905713,-2.5460016584169445,31.964550848825688,2.6842199086003573,43.0,83.0
영등포구,(영등포동,메종 벨루나,0,중위험군,37.51537236,126.9090806,191962.0601,446214.1421,30.90980575,-2.3069499741841604,31.794563806922135,2.5797264909711073,43.0,83.0
영등포구,신길동,포켓서울 보라매점,0,중위험군,37.50069333,126.9200776,192932.8875,444584.0748,37.69160158,5.673543827029647,28.134211443607168,2.7372081984132466,43.0,83.0
영등포구,신길동,대원모텔,0,중위험군,37.50851023,126.9111327,192142.7615,445452.3595,35.79652999,2.7360557160485826,30.24875890212756,2.70780030476889,43.0,83.0
영등포구,(영등포동,호텔 지엠에스(HOTEL GMS),0,중위험군,37.51474767,126.9082193,191885.8455,446144.8834,33.73405918,4.334688632372806,31.778290482974747,2.5819599837902167,43.0,83.0
영등포구,(영등포동,모텔 수,0,중위험군,37.51521725,126.9087452,191932.3872,446196.9556,34.67240564,1.768382784237076,31.768357510416635,2.5755469357311664,43.0,83.0
영등포구,(영등포동,브이아이피(VIP),0,중위험군,37.51482896,126.9126511,192277.6572,446153.5325,28.01897779,-1.73188183326668,31.678386878852727,2.736180972618447,43.0,83.0
영등포구,신길동,서울에어비앤비 써클스테이,0,중위험군,37.49711233,126.9077087,191838.7821,444187.6308,27.13667844,-4.362111058569965,27.772597277497326,2.3545694993894775,43.0,83.0
영등포구,신길동,아담장여관,0,중위험군,37.50368356,126.9081746,191880.6997,444916.9121,25.89689614,-5.679021362964544,27.76175420846402,2.494120098173673,43.0,83.0
영등포구,(영등포동,유안호텔,0,중위험군,37.515423,126.9092103,191973.5293,446219.7514,30.73028556,-2.4986070248476935,31.805540027139855,2.5818317869358838,43.0,83.0
영등포구,영등포동,드라마,0,중위험군,37.51221578,126.911646,192188.526,445863.5857,36.16741223,1.9176676449513224,31.65231116002479,2.79889207655524,43.0,83.0
영등포구,(영등포동,H-AVENUE,0,중위험군,37.51557588,126.9080142,191867.8028,446236.8219,30.98160321,2.746641930423582,31.523052911826245,2.525622116151839,43.0,83.0
서초구,서초동,라바호텔,0,중위험군,37.48374424,127.012828,201134.563,442700.0246,33.62195374,1.0221952850236065,33.18690090021152,2.749140561067043,43.0,83.0
서초구,방배동,블루문모텔,0,중위험군,37.49514932,126.9849813,198671.8771,443965.8671,32.27546293,-0.31253076300222915,30.44378254199243,2.3105175837057508,43.0,83.0
서초구,서초동,제이에스(J?S)호텔,0,중위험군,37.48957577,127.0126322,201117.1614,443347.2451,34.68124868,2.484986512592698,32.34305799689222,2.939181400024448,43.0,83.0
서초구,방배동,스타일 호텔,0,중위험군,37.49152581,126.985118,198683.8994,443563.703,27.38532676,-5.508130829548133,30.598740291003654,2.6232908726301822,43.0,83.0
서초구,방배동,강남 세븐호스텔,0,중위험군,37.48303485,126.9943756,199502.5448,442621.2293,32.18143187,-1.9963360627033566,31.226778078307287,2.9956193238187696,43.0,83.0
서초구,서초동,신트라 호텔,0,중위험군,37.48191914,127.0284192,202513.5889,442497.7648,32.41216455,0.19460495893056873,29.71149808051645,3.524110233034193,43.0,83.0
서초구,방배동,M모텔,0,중위험군,37.48860669,126.9909312,199197.9673,443239.6536,42.97196586,8.405826007063446,30.84668740084726,3.104201290580126,43.0,83.0
서초구,서초동,나인스 호텔,0,중위험군,37.48352468,127.0128234,201134.1675,442675.6563,39.66739207,7.240136670748683,33.170737598306104,2.746995692993579,43.0,83.0
서초구,반포동,스테이 서래,0,중위험군,37.49616275,126.9974113,199771.0822,444078.2418,28.26616299,-5.480749749976763,30.590989877883906,3.2036516479659665,43.0,83.0
서초구,잠원동,La TREE HOTEL(라 트리 호텔),0,중위험군,37.51322693,127.017556,201552.1197,445972.2877,46.7348868,10.337208890951466,35.03124083478697,1.0885522588334986,43.0,83.0
서초구,서초동,호텔소설,0,중위험군,37.48359668,127.0130141,201151.0293,442683.6497,38.41311594,7.485439288726052,33.16358357700376,2.7440731245639434,43.0,83.0
서초구,방배동,2001호텔,0,중위험군,37.49195614,126.9854588,198714.0535,443611.4592,34.95047005,2.085835109174262,30.575424785810178,2.616995178008949,43.0,83.0
강남구,논현동,보코서울강남,0,중위험군,37.51492269,127.023849,202108.4343,446160.6179,33.97925014,0.35036470268836695,34.62759181290472,0.8354964343713809,43.0,83.0
강남구,역삼동,브라운도트 역삼,0,중위험군,37.50011162,127.0394878,203491.7167,444517.2443,23.29906533,-0.6390850043235687,27.851775545333968,3.1343622443576833,43.0,83.0
강남구,역삼동,루프 서울 바이 아늑 서울 강남 1,0,중위험군,37.48992036,127.0388115,203432.3837,443386.1226,25.35754348,-0.0033135505128605303,28.42218101558209,3.3226069988400724,43.0,83.0
강남구,역삼동,구도 컬렉티브 강남,0,중위험군,37.49554124,127.0311068,202750.7953,444009.7136,26.60177297,3.0311893177130855,28.60263103960697,3.8651751813387385,43.0,83.0
강남구,역삼동,구도 컬렉티브 강남,0,중위험군,37.49550565,127.0309904,202740.505,444005.7602,19.88350543,-3.6413407182356927,28.578586207216265,3.8818375792983533,43.0,83.0
강남구,신사동,리츠,0,중위험군,37.51793371,127.0181467,201604.2418,446494.6906,34.86885905,-0.9549703426149847,34.71104217516276,1.1296165206845885,43.0,83.0
강남구,삼성동,자이안트,0,중위험군,37.50968527,127.0489093,204324.2636,445580.1876,36.40566831,2.223341802877549,32.575214503538504,1.9563780644347544,43.0,83.0
강남구,역삼동,인트로호텔,0,중위험군,37.50000283,127.0391338,203460.4236,444505.157,18.42069768,-8.979748930457585,27.891967266389862,3.0662806435183683,43.0,83.0
강남구,삼성동,제이에스무인호텔,0,중위험군,37.50368616,127.0506675,204480.0717,444914.4456,29.74783675,-3.1362523890777645,33.311848427730546,2.002870717918565,43.0,83.0
강남구,대치동,그레이 호텔,0,중위험군,37.50215931,127.0521147,204608.1347,444745.0548,33.16745884,-0.16732968146160943,33.508945384477535,1.6872575290039507,43.0,83.0
강남구,신사동,(주)선샤인호텔,0,중위험군,37.51778993,127.0279571,202471.5359,446478.9453,29.44158311,-4.804547201308264,33.67172981103417,0.6992322479270741,43.0,83.0
강남구,역삼동,멜리샤 호텔,0,중위험군,37.49446846,127.028527,202522.7014,443890.5768,19.14995169,-8.295511681943825,28.146901475322863,4.375820330353987,43.0,83.0
강남구,삼성동,캘리포니아호텔,0,중위험군,37.5038992,127.0506518,204478.6752,444938.0895,27.2082165,-5.747262910663487,33.27487077365839,1.9924769025234421,43.0,83.0
강남구,역삼동,(주)삼정관광호텔,0,중위험군,37.50337195,127.030391,202687.2151,444878.8002,29.71568728,-5.697695338765168,34.58603148762303,0.8915210311738602,43.0,83.0
강남구,논현동,베스트 웨스턴 프리미어 강남호텔,0,중위험군,37.50361313,127.0290049,202564.6485,444905.5294,40.89591522,6.022603948792749,35.10817083893598,0.8677520750723684,43.0,83.0
강남구,역삼동,오월호텔(OWALL HOTEL),0,중위험군,37.49785311,127.040296,203563.2973,444266.6093,28.75356927,4.0530755499723625,27.81051358766559,3.0255733266846017,43.0,83.0
강남구,역삼동,엘르모텔,0,중위험군,37.49987076,127.0393079,203475.8246,444490.5053,32.38191738,4.993890253919698,27.88309781212795,3.0884269938198248,43.0,83.0
강남구,역삼동,바레,0,중위험군,37.49817351,127.0395705,203499.1252,444302.1423,32.46293343,2.788867124916866,27.85622261991055,3.006837106870576,43.0,83.0
강남구,역삼동,강남캠퍼스호텔B동,0,중위험군,37.494624,127.0285224,202522.2841,443907.8396,17.65233227,-6.506144791614787,28.15970369689736,4.342730036799603,43.0,83.0
강남구,역삼동,강남캠퍼스호텔A동,0,중위험군,37.4945587,127.0283983,202511.3163,443900.5888,17.93737532,-6.189580257716145,28.154686565819148,4.37149652757627,43.0,83.0
강남구,논현동,호텔야자강남논현점,0,중위험군,37.50609746,127.0364494,203222.7959,445181.487,38.08075681,3.015100231455037,34.084412549217504,1.1217453703732005,43.0,83.0
강남구,논현동,호텔 올인,0,중위험군,37.51450921,127.0391244,203458.9248,446115.1789,25.70210712,-7.27758195374313,32.44688503270462,0.5131127279680239,43.0,83.0
강남구,대치동,호텔컬리넌대치,0,중위험군,37.50236094,127.0534571,204726.8156,444767.4997,30.84646992,-2.246288785304177,33.39636836115717,1.4215726122522376,43.0,83.0
강남구,역삼동,호텔 컬리넌 역삼(HOTEL CULLINAN Yeoksam),0,중위험군,37.49863731,127.0412958,203651.6694,444353.6837,21.32536373,-3.942116151023768,27.68761758155071,3.1939170770192833,43.0,83.0
강남구,역삼동,더제리스플래닛호텔,0,중위험군,37.49629138,127.0277253,202451.7432,444092.876,24.26784611,-1.299075800381246,28.919362381556425,4.114367057407607,43.0,83.0
강남구,논현동,힐탑관광호텔,0,중위험군,37.50877928,127.0306331,202708.4248,445478.9513,38.60806029,2.8641968434689105,35.433961293857,0.4054223445479712,43.0,83.0
강남구,역삼동,호텔스타프리미어 역삼,0,중위험군,37.49994744,127.0395579,203497.9247,444499.0251,31.66193407,4.68543722069203,27.825037162307446,3.1351612561865907,43.0,83.0
강남구,역삼동,몰타 2호점(Malta 2호점),0,중위험군,37.50234847,127.0344909,203049.7733,444765.3321,34.92935869,2.0407784439256247,31.08711306666796,1.8287117747341664,43.0,83.0
강남구,대치동,프린스,0,중위험군,37.50147321,127.0523125,204625.6662,444668.9163,39.88911563,4.916153088198783,33.59305737299232,1.6797934414263418,43.0,83.0
강남구,청담동,알로프트서울강남호텔(Aloft Seoul Gangnam Hotel),0,중위험군,37.52099695,127.0548673,204850.3032,446835.9313,35.06675878,1.1434488105748812,34.44501264224617,0.6402727533187127,43.0,83.0
강남구,역삼동,렉시호텔,0,중위험군,37.49605794,127.0331979,202935.6925,444067.1238,23.71473115,-4.7011064696805995,29.369153274476226,3.522282041340381,43.0,83.0
강남구,논현동,청아장여관,0,중위험군,37.51261882,127.0406087,203590.2354,445905.4252,42.27228955,8.8268083541696,33.012821127972,0.6615201073090576,43.0,83.0
강남구,논현동,호텔더디자이너스리즈강남프리미어,0,중위험군,37.50245856,127.0250671,202216.495,444777.287,34.05667814,0.06478462256914952,35.284698746046416,1.4892566313987965,43.0,83.0
강남구,대치동,시크릿 호텔2,0,중위험군,37.50173903,127.0517917,204579.5954,444698.3934,39.86160765,6.927483772675565,33.60988074509488,1.7914999638964884,43.0,83.0
강남구,대치동,시크릿 호텔,0,중위험군,37.50185285,127.0517354,204574.6164,444711.0232,39.40768114,6.492368843767487,33.59439689892159,1.8003221265276532,43.0,83.0
강남구,역삼동,더호텔(THE HOTEL)1997,0,중위험군,37.4931041,127.0291909,202581.453,443739.1687,24.67538771,-2.98162780591894,28.123341055274526,4.51783101520724,43.0,83.0
강남구,역삼동,호텔마리,0,중위험군,37.49887419,127.0413209,203653.8748,444379.9752,20.82166473,-6.362107925441599,27.701513472950253,3.229851335698301,43.0,83.0
강남구,역삼동,사월호텔,0,중위험군,37.49895457,127.0410465,203629.6083,444388.8858,26.0352781,0.21899962626831027,27.725385689576374,3.213418333935002,43.0,83.0
강남구,개포동,호텔컬리넌 개포,0,중위험군,37.47409599,127.0451324,203992.2317,441630.0771,23.46418984,-2.3364953076707273,28.330056544929036,2.5951946575510845,43.0,83.0
강남구,역삼동,녹스 부띠끄 관광호텔,0,중위험군,37.49994832,127.0389565,203444.7438,444499.1006,18.6197818,-8.644299205123254,27.912644507133013,3.0367285558595642,43.0,83.0
강남구,대치동,글래드강남코엑스센터호텔,0,중위험군,37.50609983,127.0637467,205636.3676,445183.0349,28.9885021,-2.155233295015016,31.64308051662233,0.5123398617040482,43.0,83.0
강남구,역삼동,블랑호텔 강남점,0,중위험군,37.50176012,127.0424997,203757.965,444700.3225,40.00011579,7.258248390574465,28.012170535948574,3.767844345937327,43.0,83.0
강남구,역삼동,호텔벤,0,중위험군,37.49797232,127.0390898,203456.6229,444279.7951,28.64693846,1.072076521747892,27.877901632386635,2.9358935195610383,43.0,83.0
강남구,역삼동,호텔예스,0,중위험군,37.49841946,127.0403617,203569.0739,444329.4693,24.28401931,-4.990394581380411,27.74881022563791,3.0869176204784936,43.0,83.0
강남구,역삼동,엑스와이엠 프리미어(XYM),0,중위험군,37.49828946,127.0388458,203435.0364,444314.9846,28.40093588,1.2857851747582956,27.91199451520267,2.944154569852815,43.0,83.0
강남구,삼성동,디에이스호텔,0,중위험군,37.50419805,127.0532469,204708.12,444971.3847,27.28683692,-5.670108604117516,33.32952742833265,1.3766044263971802,43.0,83.0
강남구,역삼동,씨에프호텔,0,중위험군,37.49848423,127.0414965,203669.4207,444336.7016,23.0855383,-4.978394719751982,27.700652066852047,3.1955280628066194,43.0,83.0
강남구,논현동,하이랜드호텔,0,중위험군,37.51601151,127.0259941,202298.049,446281.5134,41.29122793,6.412481399072483,34.21534762433008,0.7583889735322694,43.0,83.0
강남구,역삼동,호텔스타,0,중위험군,37.49679466,127.0346358,203062.8134,444148.9359,34.47873195,5.131126243061452,30.025705184330022,3.1750230167548814,43.0,83.0
강남구,삼성동,타라호텔,0,중위험군,37.50394006,127.0511016,204518.447,444942.646,36.93370322,3.9656046163296352,33.2642726666805,1.8476391288127336,43.0,83.0
강남구,역삼동,에이씨 팰리스(AC PALACE),0,중위험군,37.49868663,127.0400129,203538.2178,444359.1085,23.89537826,0.26347361666520186,27.779025149426236,3.0862240910232357,43.0,83.0
강남구,역삼동,에이씨 팰리스(AC PALACE),0,중위험군,37.49853141,127.0400707,203543.3371,444341.8833,30.87910543,7.237641459949767,27.775762911073766,3.07668247704335,43.0,83.0
강남구,삼성동,고유 인 앤 홈즈(goyoo inn & homes),0,중위험군,37.50372503,127.0509103,204501.5389,444918.7712,29.37053611,-1.3632854073550114,33.313296855224806,1.9196063674158717,43.0,83.0
강남구,역삼동,유에이치플랫 시그니처 강남,0,중위험군,37.49556765,127.0318676,202818.0742,444012.6673,27.85841846,4.243208249325999,28.72682188641116,3.803983770050553,43.0,83.0
강남구,삼성동,유에이치스위트 더코엑스,0,중위험군,37.50342432,127.0507873,204490.6837,444885.3904,21.92651351,-8.776075139293201,33.37845217594121,1.9913369934877418,43.0,83.0
강남구,역삼동,호텔더디자이너스 리즈 스윗 역삼,0,중위험군,37.50016231,127.0388473,203435.0824,444522.8467,21.76190463,-2.2100353461389552,27.914057186913816,3.027986907160291,43.0,83.0
강남구,역삼동,시나브로,0,중위험군,37.49858244,127.0402355,203557.9128,444347.5532,31.03810351,4.7930022856763586,27.743369647613036,3.0971918964653264,43.0,83.0
송파구,방이동,IMT 모텔,0,중위험군,37.5133991,127.1099844,209723.6847,445996.9347,33.89783582,-4.812852928035312,38.37475881149896,0.5556509653305456,43.0,83.0
송파구,방이동,HOTEL CASA,0,중위험군,37.51323823,127.110119,209735.6029,445979.0941,32.26199432,-5.9313717698859705,38.34486269666527,0.5597451113892876,43.0,83.0
송파구,방이동,라운지,0,중위험군,37.51309736,127.1088298,209621.642,445963.3267,44.30212318,5.951203869134105,38.475457457302454,0.5831172189088334,43.0,83.0
송파구,방이동,호텔머니,0,중위험군,37.51311439,127.1101789,209740.9174,445965.3556,27.96299343,-10.609795651870126,38.325401035524465,0.561045141786742,43.0,83.0
송파구,방이동,호텔짬,0,중위험군,37.51224751,127.106986,209458.7424,445868.8172,37.94913813,-0.778807190397508,38.56845774366829,0.7241764159495306,43.0,83.0
송파구,잠실동,(주)파로스 관광호텔,0,중위험군,37.50833724,127.0803708,207106.0323,445432.4843,30.22672536,-1.6628795430773202,33.35048773283944,2.0737656447845074,43.0,83.0
송파구,잠실동,하루모텔,0,중위험군,37.50847968,127.0831235,207349.3974,445448.5048,37.3378525,2.441763563060505,33.3441517045089,2.5670097468052084,43.0,83.0
송파구,거여동,청마,0,중위험군,37.49562653,127.1447947,212804.2895,444028.5735,32.8619194,-2.694524966016843,34.60488777065122,1.0878070832503002,43.0,83.0
송파구,방이동,와우,0,중위험군,37.51197556,127.1069928,209459.3753,445838.6349,36.95943209,-1.4742184590049092,38.551621982326026,0.7359477533951274,43.0,83.0
송파구,방이동,넘버25  방이점,0,중위험군,37.51277207,127.1084726,209590.1089,445927.1872,42.95508914,4.46940355402257,38.48367753592457,0.6030221925981938,43.0,83.0
송파구,방이동,루이체 호텔,0,중위험군,37.51256728,127.1088461,209623.1565,445904.4962,46.08265208,7.214157777167223,38.43616615185265,0.6079547746462277,43.0,83.0
송파구,방이동,호텔 어반,0,중위험군,37.51316671,127.109081,209643.8408,445971.0494,44.44825912,6.0930353800152375,38.447674627128336,0.5767415108663946,43.0,83.0
송파구,잠실동,플러스모텔,0,중위험군,37.50846214,127.0835857,207390.2701,445446.5942,26.45528403,-8.439232283161566,33.33678653153968,2.5765910171827615,43.0,83.0
송파구,잠실동,엠 더블류,0,중위험군,37.50849806,127.0826375,207306.4301,445450.5069,30.32658671,-2.4817927147932153,33.35031384857616,2.5374658533902226,43.0,83.0
송파구,방이동,라 트리 호텔(La TREE HOTEL),0,중위험군,37.5133466,127.1129561,209986.4187,445991.4192,41.07806228,2.7381689547106802,38.047241002234344,0.5308446358509697,43.0,83.0
송파구,방이동,하이브,0,중위험군,37.51313185,127.1131465,210003.2753,445967.6048,40.3854511,2.0192918595112346,37.98067116014277,0.5420866498844495,43.0,83.0
송파구,잠실동,신천 노블스테이 호텔,0,중위험군,37.50853507,127.0816626,207220.2303,445454.5392,36.0748955,3.7046616673712265,33.35930215694966,2.2976146457381663,43.0,83.0
송파구,방이동,하오,0,중위험군,37.51294112,127.1091769,209652.3546,445946.0216,38.66553848,0.30536861960211326,38.420638093187264,0.5858252110920757,43.0,83.0
송파구,잠실동,에이 플러스,0,중위험군,37.50831442,127.0798905,207063.5737,445429.9154,37.89452166,3.1765195281854233,33.350580183918474,1.9229159616249278,43.0,83.0
송파구,잠실동,잠실 NU호텔 종합운동장점,0,중위험군,37.50806688,127.0799491,207068.7747,445402.446,35.02878766,0.31352372704719755,33.32731854442761,1.9517767325331712,43.0,83.0
송파구,거여동,로맨스호텔,0,중위험군,37.49590195,127.1443921,212768.6404,444059.0868,39.85546761,4.489235768113211,34.58582432657359,1.097435996311668,43.0,83.0
송파구,방이동,셀레네 호텔,0,중위험군,37.51287278,127.1084298,209586.3103,445938.3604,36.77038028,-1.7255683195550233,38.49395450524772,0.5988312491137686,43.0,83.0
송파구,방이동,HOTEL HL (에이첼 호텔),0,중위험군,37.51283466,127.1092221,209656.3609,445934.2105,38.63475057,0.28923881291484577,38.40643395170918,0.5902232607016471,43.0,83.0
송파구,방이동,月(월) 호텔,0,중위험군,37.51305394,127.109129,209648.1026,445958.5383,44.695231,6.353761897353195,38.43464150039328,0.5812425505868778,43.0,83.0
송파구,방이동,호텔자자(ZAza),0,중위험군,37.51303359,127.1116171,209868.081,445956.5377,37.97951656,-0.41297505927656886,38.1510965024017,0.5474539274401868,43.0,83.0
송파구,방이동,아이다호텔,0,중위험군,37.51359226,127.1101259,209736.1687,446018.3877,46.44299656,7.651928683914768,38.3737531256954,0.5459423984557619,43.0,83.0
송파구,잠실동,호텔포레스타,0,중위험군,37.50821147,127.0808496,207148.375,445418.5617,29.94527245,-1.2844599430719938,33.33940312546429,2.1645718852640408,43.0,83.0
송파구,잠실동,씩스티모텔,0,중위험군,37.50854025,127.0815249,207208.0577,445455.1036,36.0059978,3.6146165397724843,33.36029692107694,2.2507998265754208,43.0,83.0
송파구,방이동,톰지호텔,0,중위험군,37.51281573,127.1087407,209613.7991,445932.0602,43.86453644,5.524749459452423,38.467370028138944,0.5973741702450147,43.0,83.0
송파구,석촌동,남경모텔,0,중위험군,37.50278971,127.0966505,208546.05,444818.1335,34.8828975,0.6755429630068335,31.92075548720359,2.991390475373002,43.0,83.0
송파구,방이동,초이스모텔,0,중위험군,37.51309635,127.1128005,209972.6946,445963.6281,40.76508421,2.3662587518012046,38.01444327124912,0.5405315044028975,43.0,83.0
송파구,방이동,라자,0,중위험군,37.51265982,127.1074545,209500.1054,445914.6256,40.83563291,2.4033119362751876,38.54035883259383,0.6739785834410221,43.0,83.0
송파구,잠실동,라비앙,0,중위험군,37.5083314,127.0814774,207203.8789,445431.9203,38.78396721,3.859406168431377,33.344926744556794,2.221336294863246,43.0,83.0
송파구,방이동,체리,0,중위험군,37.51249205,127.1075258,209506.4312,445896.0124,41.87707323,3.4214747411143165,38.526535672448745,0.6872499594929475,43.0,83.0
송파구,방이동,호텔 동그라미,0,중위험군,37.51323747,127.1120687,209907.9775,445979.2133,30.93127499,-7.262392092012604,38.133211719072406,0.5317834785457817,43.0,83.0
송파구,잠실동,로즈마리,0,중위험군,37.50845569,127.0837579,207405.495,445445.8919,35.03841743,1.8337132303659587,33.3335825766998,2.5804338588237106,43.0,83.0
송파구,잠실동,반,0,중위험군,37.50847473,127.0832535,207360.8998,445447.9655,35.53313167,2.6027670889417536,33.342244206567365,2.5694515742430974,43.0,83.0
송파구,방이동,Ravi 호텔,0,중위험군,37.5124982,127.1085891,209600.4358,445896.803,37.12196193,-1.2661163822134753,38.451533256450006,0.6147609147382639,43.0,83.0
송파구,잠실동,퍼니모텔,0,중위험군,37.50854547,127.0813872,207195.8824,445455.6724,35.73939981,3.326484041287081,33.36124109862363,2.2029683019354476,43.0,83.0
영등포구,(영등포동,모텔 하이브(HIVE),0,중위험군,37.51902996,126.9033744,191458.0079,446620.5924,27.9702493,-3.6169468881957094,29.676098820764672,2.184741573120723,43.0,83.0
중구,(남산동,자자 백팩커스,0,중위험군,37.55605441,126.9856314,198730.397,450725.563,31.79695849,1.1263344859100357,29.941119197429728,0.9543578401220276,43.0,83.0
중구,예장동,하센 영인 호텔,0,중위험군,37.55378191,126.9924151,199329.785,450473.2726,30.41614465,0.5474422406737922,30.59358735508711,0.9566490396954875,43.0,83.0
중구,북창동,서울 호텔 신신,0,중위험군,37.55958613,126.9779037,198047.6741,451117.6744,20.52951448,-5.668987851603099,28.6199793024017,3.1956845459490304,43.0,83.0
종로구,운니동,STUDIO6st,0,중위험군,37.57363747,126.9880771,198946.7467,452677.046,29.80679615,0.2718665920248746,30.32472419326744,0.9098098244171254,43.0,83.0
종로구,창신동,라로쥬,0,중위험군,37.57394219,127.0092287,200815.243,452710.8396,22.34026348,-4.257121218848116,28.903929561964986,1.9296061945207252,43.0,83.0
종로구,계동,락이당,0,중위험군,37.57997819,126.9859452,198758.5231,453380.8189,36.31528612,5.829307266843369,30.442282000204248,0.3843706055906049,43.0,83.0
종로구,삼청동,JJ's house(제이제이스하우스),0,중위험군,37.5816406,126.9818327,198395.2973,453565.3897,45.92761744,14.651525879261015,31.063563072747936,-0.2067576902377441,43.0,83.0
종로구,명륜3가,명륜 홈스테이,0,중위험군,37.5868793,126.9952168,199577.5322,454146.6814,37.34020343,6.818315315309686,30.470900354392658,0.844032227175427,43.0,83.0
종로구,구기동,스테이구기,0,중위험군,37.60447944,126.9589545,196375.5929,456100.882,39.64260737,2.948135745847985,35.489033432440095,1.2989327738124956,43.0,83.0
종로구,숭인동,칠링스테이 종로,0,중위험군,37.57391085,127.0210335,201858.06,452707.5291,25.68844363,-5.3814923802116965,29.960865225748634,1.125843882001528,43.0,83.0
종로구,누상동,소화맨션,0,중위험군,37.57748737,126.9663006,197023.2011,453104.8075,36.24906735,1.8581647909615384,34.491978704200804,0.9792406912627217,43.0,83.0
종로구,계동,북촌 계동별채,0,중위험군,37.5791057,126.9859154,198755.8807,453283.9829,21.5391192,-8.775019345157826,30.28719383653808,0.44603258299937076,43.0,83.0
종로구,숭인동,클랜돔,0,중위험군,37.56933318,127.0177355,201566.8147,452199.4008,18.48058483,-11.069375377122388,29.221379907096868,0.9939291774092525,43.0,83.0
종로구,동숭동,포에버서울,0,중위험군,37.57764864,127.0047909,200423.1957,453122.1835,31.26218227,-0.21017360317916456,29.372702188086706,1.916693856845368,43.0,83.0
종로구,숭인동,동묘하우스 9,0,중위험군,37.57094363,127.020416,201803.5836,452378.1901,40.21569549,9.38246604806589,30.485572514277763,1.0516344531283899,43.0,83.0
종로구,신교동,네버랜드 종로,0,중위험군,37.58034541,126.9682212,197192.9547,453421.958,38.10330545,3.7870458737565116,34.20717141752982,0.9595721154845405,43.0,83.0
종로구,창신동,낙산집,0,중위험군,37.5737574,127.0082092,200725.1875,452690.3217,30.7613299,0.8702087988764653,29.466451675665752,1.9282729651946686,43.0,83.0
종로구,청운동,June Stay 경복궁,0,중위험군,37.58369134,126.96807,197179.7324,453793.3226,23.13285512,-11.116752507558648,34.132981568253,1.025877746660707,43.0,83.0
종로구,통인동,민가,0,중위험군,37.57636819,126.970009,197350.7392,452980.4804,38.10631546,3.729070845178235,34.52007150568046,0.891004936472651,43.0,83.0
종로구,혜화동,홈 어브로드,0,중위험군,37.58644126,127.0009665,200085.3681,454098.0536,25.08984237,-4.578845653844475,29.47912669062925,1.6674382597733743,43.0,83.0
종로구,동숭동,스테이 플러스 혜화,0,중위험군,37.58202553,127.0048797,200431.0172,453607.9686,26.02942218,-2.880563427428495,28.572290643798766,2.0226268664978626,43.0,83.0
종로구,동숭동,담온 스테이,0,중위험군,37.58100411,127.0040131,200354.4756,453494.599,22.39883413,-6.562668529680629,28.639084383783114,1.9311270149568251,43.0,83.0
종로구,창신동,스테이온,0,중위험군,37.5673526,127.0125779,201111.2066,451979.5061,25.64526708,-3.8614875900501744,27.708963254951556,1.0643579184952225,43.0,83.0
종로구,창신동,healing stay,0,중위험군,37.5756659,127.0077864,200687.8232,452902.1399,32.35280998,3.2209653763965136,29.125198718132822,1.9957751663511176,43.0,83.0
종로구,창신동,644guesthouse,0,중위험군,37.57232012,127.0096669,200853.9748,452530.8125,26.51482827,-5.183117043324206,28.855151883716488,1.7378496071689187,43.0,83.0
종로구,이화동,이화동273(Ihwa273),0,중위험군,37.5743026,127.0042358,200374.1819,452750.8093,27.09487259,-1.9409982134808743,30.707016361572528,1.7146347227025172,43.0,83.0
종로구,계동,스테이 석정,0,중위험군,37.57941037,126.9862104,198781.9445,453317.7939,22.1411904,-8.273597793233744,30.33807377308144,0.45948167417145086,43.0,83.0
종로구,숭인동,서울 윈도우 스테이_창신점,0,중위험군,37.57769729,127.0146871,201297.3665,453127.6737,19.89590596,-4.970524250572758,26.755097363408073,1.8373840694927368,43.0,83.0
종로구,낙원동,Iso House,0,중위험군,37.57152945,126.9871451,198864.3858,452443.0911,27.5761106,-0.43888887735241155,29.041706273283847,0.8589209882996516,43.0,83.0
종로구,부암동,B&B 부암,0,중위험군,37.58862472,126.9626475,196700.9988,454341.0485,34.71573955,0.9795839248755911,34.49210278779566,1.167703771748953,43.0,83.0
종로구,행촌동,피스풀종로,0,중위험군,37.5730187,126.9614194,196591.8207,452609.0025,42.43325678,7.908377405616726,34.90675920823199,1.178906052607131,43.0,83.0
종로구,원서동,가디언스,0,중위험군,37.57885652,126.9882883,198965.4751,453256.298,32.68559831,2.6649271247686066,30.16005603782493,0.6526330279354711,43.0,83.0
종로구,숭인동,여름밤비,0,중위험군,37.57482405,127.0147866,201306.2041,452808.7786,26.15924496,-1.8348882320102469,27.89989049864983,1.5600581376321994,43.0,83.0
종로구,부암동,부암 힐스테이,0,중위험군,37.58933235,126.9651109,196918.5984,454419.5038,27.0656572,-6.1123571931765746,34.42931437659408,1.1532817843701744,43.0,83.0
종로구,동숭동,정's 스테이,0,중위험군,37.57750673,127.0051637,200456.1327,453106.4349,27.44583969,0.6431188137232482,29.334326201494505,1.9445560263668245,43.0,83.0
종로구,숭인동,송스테이(Song stay),0,중위험군,37.5724127,127.0177667,201569.5126,452541.1923,35.16684602,5.803130291938228,29.784977623098523,1.1168079907782495,43.0,83.0
종로구,누상동,서촌정글스테이(West Village Jungle Stay),0,중위험군,37.57715198,126.964894,196898.9348,453067.6286,33.0144447,-1.6157506681929306,34.568778079427396,1.0166787229175713,43.0,83.0
종로구,숭인동,MIN STAY(민 스테이),0,중위험군,37.57495476,127.015247,201346.8713,452823.2924,24.35696583,-2.204611336973052,27.982653092396703,1.5423642968612439,43.0,83.0
종로구,옥인동,루마디 서촌,0,중위험군,37.58072054,126.965982,196995.1843,453463.6624,31.2396798,-1.73799972241601,34.31935872237251,1.0305596799540717,43.0,83.0
종로구,이화동,THE Grand IHwa,0,중위험군,37.57344295,127.0043389,200383.2966,452655.3985,27.37332589,-4.042121654530632,30.862359696579936,1.6730465877168865,43.0,83.0
종로구,명륜4가,초록스테이 종로,0,중위험군,37.57982012,126.9992371,199932.6086,453363.1824,27.39347464,-0.10990097206803995,29.061151947026893,1.515477948239486,43.0,83.0
종로구,혜화동,혜화 Attic,0,중위험군,37.5848085,126.9999767,199997.9385,453916.8353,30.82201773,3.2416357858485156,29.435401586992178,1.6296903242378205,43.0,83.0
종로구,창신동,미미스테이,0,중위험군,37.57593858,127.0142586,201259.5407,452932.4713,24.09616894,-3.4085742315374645,27.309977174222652,1.7132200439680823,43.0,83.0
종로구,원서동,정원,0,중위험군,37.57864599,126.9881132,198950.0043,453232.9336,31.90717083,1.7041052395657914,30.12902810249564,0.6512559178200734,43.0,83.0
종로구,명륜1가,아라 하우스,0,중위험군,37.58776564,126.9963043,199673.5863,454245.0508,29.86255781,-0.6229810832412994,30.27572671930634,0.9526825302560309,43.0,83.0
종로구,동숭동,엘린 하우스,0,중위험군,37.57794129,127.0037306,200329.5385,453154.6601,22.48826837,-6.486964010819587,29.4705389953439,1.8300439990887432,43.0,83.0
종로구,동숭동,칼랑드 혜화,0,중위험군,37.58132474,127.004205,200371.4227,453530.186,22.83930183,-5.36900598402741,28.62431576576451,1.9478481638112364,43.0,83.0
종로구,원서동,용 스테이,0,중위험군,37.58073702,126.9871384,198863.9312,453465.0253,31.53880147,0.9829943100803575,30.479801291525146,0.4552377973713899,43.0,83.0
종로구,통의동,찌니네,0,중위험군,37.57500112,126.9718985,197517.5963,452828.6998,35.74911076,1.222926255987936,34.56624915935714,0.8021841642356526,43.0,83.0
종로구,원서동,다인,0,중위험군,37.57865599,126.9878385,198925.743,453234.0465,29.06243679,-1.15624663550566,30.146798740369725,0.632319219612843,43.0,83.0
종로구,누상동,서촌백호정살롱,0,중위험군,37.57712038,126.9647132,196882.9635,453064.1273,33.07936395,-1.55629865777167,34.57390236402428,1.02235587083442,43.0,83.0
종로구,숭인동,두잇(DO IT) 스테이,0,중위험군,37.57205528,127.0166257,201468.7228,452501.5043,23.18457579,-4.956695526525188,29.416211946135704,1.1200735345703097,43.0,83.0
종로구,사간동,안국하우스,0,중위험군,37.57507159,126.9804771,198275.4069,452836.3291,23.55595151,-4.491184149790577,28.046336751839366,0.23991395221362458,43.0,83.0
종로구,창신동,스테이하다,0,중위험군,37.57075984,127.0127886,201129.7706,452357.6725,26.77631875,-1.2817221665291285,28.18313915406683,1.211970286415346,43.0,83.0
종로구,동숭동,혜화문명동스테이,0,중위험군,37.58051774,127.0047008,200415.2271,453440.6203,32.10504642,3.2631495277556013,28.6156800224757,1.9898713374749029,43.0,83.0
종로구,숭인동,I LIVE IN SEOUL,0,중위험군,37.57726338,127.0165476,201461.7217,453079.542,23.12341627,-2.9457305827807936,27.87697207482327,1.6662126792428018,43.0,83.0
종로구,누상동,서촌 모던 리트리트 하우스,0,중위험군,37.5771565,126.9641838,196836.1991,453068.1539,25.72167151,-7.471054294470434,34.578116744788,1.0309868954165178,43.0,83.0
종로구,창신동,삼미하우스,0,중위험군,37.57022268,127.0127272,201124.3571,452298.0532,24.69815644,-3.2946924204741173,28.176573625308407,1.1461404182044435,43.0,83.0
종로구,옥인동,페이보릿 종로,0,중위험군,37.57831993,126.9666727,197056.0994,453197.2004,29.76283415,-4.445789325215689,34.418664400836086,0.9834615650651343,43.0,83.0
종로구,계동,stay hanyang,0,중위험군,37.57780502,126.9858926,198753.838,453139.6227,22.77843223,-7.307108601143661,29.997348701243432,0.5282275146556801,43.0,83.0
종로구,원서동,하우스다 동촌,0,중위험군,37.58000425,126.9875988,198904.585,453383.6907,29.53812318,-0.45264325737900535,30.33897752605271,0.5378780709650219,43.0,83.0
종로구,부암동,랏토하우스,0,중위험군,37.59453825,126.9627801,196712.9641,454997.3792,40.91654495,5.327610838850944,34.91228191824054,1.2273853943568653,43.0,83.0
종로구,충신동,충신 아뜨리에,0,중위험군,37.57191123,127.0065227,200576.2208,452485.4065,32.35008401,3.8771676597193903,30.505604414347843,1.6279486100622202,43.0,83.0
종로구,창신동,위드홈,0,중위험군,37.57274316,127.0085492,200755.2355,452577.7555,20.56992651,-9.20993912949169,29.475941447108163,1.82035654392409,43.0,83.0
종로구,신문로2가,성주,0,중위험군,37.57015625,126.9681089,197182.6513,452291.0822,34.81453741,1.1040547053573277,35.3339922416571,1.3002438204497535,43.0,83.0
종로구,동숭동,Stay forest,0,중위험군,37.57662834,127.005661,200500.0645,453008.9463,35.27973197,5.664476161109075,29.49820893015492,1.9375500544984938,43.0,83.0
종로구,화동,삼청동 코리아 게스트하우스,0,중위험군,37.57937103,126.9812432,198343.1779,453313.5036,34.49219198,3.893558719008606,30.601318399738513,-0.0018192149216022524,43.0,83.0
종로구,필운동,민기네 집,0,중위험군,37.57495722,126.9661286,197007.902,452823.9955,38.26581773,3.5650957678523696,34.7511275474455,1.0092327505807366,43.0,83.0
종로구,홍지동,조이하슬라,0,중위험군,37.59586118,126.9584616,196331.6448,455144.3696,32.50540796,-0.9612961178009485,35.02639678862302,1.249133905783086,43.0,83.0
종로구,사간동,우 게스트하우스(Woo Guesthouse),0,중위험군,37.57520538,126.9790919,198153.0442,452851.2045,32.8999814,3.873771059819834,29.01651940057515,0.058043965465272684,43.0,83.0
종로구,신문로2가,엠엠게스트하우스,0,중위험군,37.56984367,126.9684864,197215.9899,452256.3782,37.35185515,3.2084963313727286,35.372493500333434,1.3340409299610934,43.0,83.0
종로구,숭인동,지유,0,중위험군,37.57110179,127.0153895,201359.5338,452395.6594,32.76859775,4.111429997558897,28.94878402788487,1.0774550536237197,43.0,83.0
종로구,통인동,프랜드인서울(Friend in Seoul),0,중위험군,37.57636819,126.970009,197350.7392,452980.4804,38.46392966,4.0866850451782355,34.52007150568046,0.891004936472651,43.0,83.0
종로구,통인동,아뜰리에웨스트사이드,0,중위험군,37.57639627,126.9701348,197361.8484,452983.5934,41.52075946,5.99352277122734,34.50985223456259,0.8886035274346946,43.0,83.0
종로구,누상동,힙피어 경복궁의 달,0,중위험군,37.57767676,126.9656656,196967.1123,453125.8479,36.38441058,-2.2697626080783024,34.49503956664389,0.9937306175545653,43.0,83.0
종로구,부암동,게스트 하우스 부암,0,중위험군,37.59143042,126.9671238,197096.4557,454652.3018,38.62142987,5.150021802447334,34.54547039173498,1.1657331967880173,43.0,83.0
종로구,동숭동,비투비앤비,0,중위험군,37.57835876,127.0040314,200356.1046,453200.9955,30.46316611,0.13762125656304036,29.29815599513931,1.8635897322363246,43.0,83.0
종로구,연건동,EMMA 하우스,0,중위험군,37.57655118,127.0002221,200019.6183,453000.3673,32.73670602,2.0723131299513966,30.410254569683996,1.5221636386016875,43.0,83.0
종로구,명륜3가,MIRO STAY,0,중위험군,37.58692036,126.9950448,199562.3426,454151.2394,36.0761942,5.437337540374692,30.5016428523235,0.821843269796013,43.0,83.0
종로구,이화동,블루블릭스 혜화,0,중위험군,37.57395363,127.0026696,200235.8284,452712.0726,37.55659604,5.1087031391305615,30.78634454865959,1.600141031196785,43.0,83.0
종로구,동숭동,낙산주택,0,중위험군,37.57788658,127.0054694,200483.1349,453148.5954,23.53494709,-3.132301874419962,29.1393034647621,1.9798304319146809,43.0,83.0
종로구,홍지동,빛 스테이,0,중위험군,37.59603495,126.9586322,196346.7193,455163.6495,32.51664694,-0.8915436649454236,35.035730662059265,1.2501327891391991,43.0,83.0
종로구,옥인동,옥인스테이,0,중위험군,37.5796952,126.9636274,196787.1589,453349.9393,35.69395324,0.15202280690110825,34.44615882839231,1.0552741984182041,43.0,83.0
종로구,명륜1가,키키 스테이,0,중위험군,37.58677787,126.9960091,199647.5143,454135.4206,32.40114221,1.85081640258041,30.289029967690634,0.9553517069522717,43.0,83.0
종로구,홍지동,미카엘킴,0,중위험군,37.59456869,126.9592707,196403.036,455000.8864,41.30262516,-1.003266495364855,34.94484759468787,1.2377254229442074,43.0,83.0
종로구,숭인동,스테이동묘,0,중위험군,37.56885637,127.0179691,201587.4681,452146.4844,28.74554986,-2.379899185695887,28.93253693467146,0.9819394658314915,43.0,83.0
종로구,숭인동,굿데이신설,0,중위험군,37.57517296,127.0192573,201701.1294,452847.5751,27.0920401,-0.9570561031648737,29.278159020581207,1.2610474132074718,43.0,83.0
종로구,신교동,JAHA 79,0,중위험군,37.58043267,126.9692329,197282.322,453431.6131,37.08026809,2.8586754693243392,34.11579229618346,0.9306513409801485,43.0,83.0
중구,산림동,오케이빌,0,중위험군,37.56477364,126.9946396,199526.4158,451693.2109,38.9121472,4.615815212252379,30.360547428146205,2.666543025653262,43.0,83.0
중구,주자동,원즈빌,0,중위험군,37.55809516,126.9891273,199039.3256,450952.0205,34.67678956,5.159577990329918,27.990747795667808,0.9331541442226792,43.0,83.0
중구,(남산동,레이지룸 101,0,중위험군,37.5545527,126.9846222,198641.1967,450558.9052,30.02103871,-0.45578964537185485,30.30356002433601,1.037792147384837,43.0,83.0
중구,신당동,디디피 스테이,0,중위험군,37.55794381,127.0128532,201135.6676,450935.2445,22.65778289,-4.959135387914728,28.490554305890992,1.805963727359157,43.0,83.0
중구,(남산동,팜트리빌라 명동 101,0,중위험군,37.55574232,126.9858524,198749.9183,450690.9217,29.80057494,-0.4450448049990392,30.1394327248671,0.9340528316409984,43.0,83.0
중구,(만리동,서울로 인,0,중위험군,37.5518282,126.9655697,196957.5918,450256.9643,24.13671466,-3.2588389641519804,29.026023794307893,1.5861979237210826,43.0,83.0
중구,(광희동,하하스테이,0,중위험군,37.56127954,127.0082575,200729.5716,451305.4255,27.39016884,-2.269725116143725,29.333805518622263,1.953109479324063,43.0,83.0
중구,신당동,제이하우스,0,중위험군,37.55923679,127.0115125,201017.1923,451078.7346,36.40626275,7.563304326015896,28.93630637353741,1.8690350946630345,43.0,83.0
중구,(남산동,남산 아트몬 스테이,0,중위험군,37.55460146,126.9844086,198622.3307,450564.3201,28.41167983,-0.9428829186436474,30.27517533555163,1.0605065400842435,43.0,83.0
중구,(만리동,서울로하우스,0,중위험군,37.55415432,126.9664094,197031.88,450515.1089,25.25620534,-1.7211882350568324,29.208871482362177,1.787156338348101,43.0,83.0
중구,신당동,연 스테이,0,중위험군,37.56194734,127.0250765,202215.564,451379.8069,22.56936157,-4.665410099487374,28.31340080024914,1.1066989057700771,43.0,83.0
중구,황학동,호호 하우스,0,중위험군,37.56383295,127.0219346,201937.928,451589.018,20.1601087,-7.371691305740839,27.656642670583345,1.2094942602243512,43.0,83.0
중구,신당동,라 코메타 서울,0,중위험군,37.55020235,127.0079362,200701.2875,450075.9869,32.90558584,3.938585465873384,29.351891424290613,1.8021514305166628,43.0,83.0
중구,(남산동,Win Win guest house,0,중위험군,37.55719928,126.9843328,198615.6766,450852.6483,32.33988345,-0.17472646369412814,28.651770063838526,1.1071480348076534,43.0,83.0
중구,을지로7가,별헤는집,0,중위험군,37.56205259,127.0091636,200809.6217,451391.2323,22.16960777,-6.70826396287276,28.660538629723106,1.91172706564348,43.0,83.0
중구,신당동,디어스,0,중위험군,37.55341959,127.01326,201171.6882,450433.115,22.46770931,-3.16123942662043,27.98477215118676,1.8095358594084952,43.0,83.0
중구,(남산동,문스하우스,0,중위험군,37.55464992,126.9842916,198611.9916,450569.7003,29.86360818,-0.2229113968753076,30.258474016781115,1.0727129456037845,43.0,83.0
중구,신당동,게스트 남산,0,중위험군,37.54918702,127.0053308,200471.0646,449963.2812,33.16948464,3.148933784385143,29.82411721953296,1.7278890940141145,43.0,83.0
중구,(장충동,더차니스트 남산,0,중위험군,37.55639497,126.999428,199949.4578,450763.2642,31.99782373,2.28934852646767,29.6844730801161,0.3973221331095166,43.0,83.0
중구,황학동,스테이 담애,0,중위험군,37.5638942,127.0178747,201579.2341,451595.74,26.97355847,-0.07682352701499795,26.905630747296552,1.2732753449065013,43.0,83.0
중구,(필동,남산하우스,0,중위험군,37.5555527,126.9944725,199511.588,450669.7965,30.59325457,1.616718005607698,29.359409063402403,0.7914667244405179,43.0,83.0
중구,예장동,서울타워빌,0,중위험군,37.55500445,126.9849104,198666.6748,450609.0399,32.74152909,2.9493427332919104,30.224568912785667,1.004428580894715,43.0,83.0
중구,(장충동,목인,0,중위험군,37.55696119,126.9997944,199981.8335,450826.1078,32.10886251,2.656746406832781,29.406383229652725,0.40228005223441077,43.0,83.0
중구,(광희동,스테이 디디피 해치,0,중위험군,37.56073561,127.0086113,200760.84,451245.0585,27.16484137,-2.495598161233488,29.22949436096616,1.9567688924436368,43.0,83.0
중구,신당동,솔리드 스테이,0,중위험군,37.56081261,127.016706,201476.0402,451253.7009,30.2476157,3.177693660370231,27.436648161482402,1.7170989162334438,43.0,83.0
중구,(남산동,스타리아1,0,중위험군,37.55574338,126.985352,198705.7058,450691.0462,29.63473841,0.3198441901211986,30.06273290351161,0.9869416694721056,43.0,83.0
중구,충무로5가,익스테이 맨션 충무로,0,중위험군,37.55916784,126.9973801,199768.5127,451071.0229,26.58108508,-2.0469148151852643,27.524435802489073,0.6319929664309558,43.0,83.0
중구,신당동,MJ House,0,중위험군,37.55056307,127.0038562,200340.7561,450115.9999,30.43522956,0.2532401825747499,30.258694169373786,1.5358017906840078,43.0,83.0
중구,(광희동,선선 맨션,0,중위험군,37.56123964,127.0074692,200659.9293,451300.9912,30.07975748,2.6948198736576963,29.769765684198045,1.9099721315892946,43.0,83.0
중구,(남산동,에밀리 메니지먼트,0,중위험군,37.55520422,126.9841345,198598.1205,450631.2233,33.14646827,4.450950623846271,30.151554898165113,1.083560807549326,43.0,83.0
중구,(광희동,마사 하우스,0,중위험군,37.56036623,127.0078307,200691.8771,451204.0556,32.41133331,2.4169828415806798,29.675244099998046,1.9112903168645845,43.0,83.0
중구,신당동,덕복재,0,중위험군,37.56182635,127.0178121,201573.7442,451366.232,20.59551932,-4.8440817628023325,27.10787207209225,1.5375901613029255,43.0,83.0
중구,(장충동,지니하우스,0,중위험군,37.55614152,127.0004201,200037.1153,450735.1342,32.03456802,1.8531173578646332,30.203885879025833,0.4492033078960508,43.0,83.0
중구,(장충동,먕스테이,0,중위험군,37.55607297,127.0007205,200063.6593,450727.5261,32.2609615,1.8713066838599097,30.33601168921494,0.47186101032177963,43.0,83.0
중구,황학동,브릭스테이,0,중위험군,37.56735418,127.0176451,201558.8715,451979.7534,22.95291456,-4.896808506360344,26.930648146658246,0.9903589773397918,43.0,83.0
중구,(남산동,남산언덕,0,중위험군,37.55445618,126.9847096,198648.9203,450548.1914,29.59355285,-0.5558388394224352,30.314995149771732,1.03309327663065,43.0,83.0
중구,(남산동,코지앳,0,중위험군,37.55468403,126.9845744,198636.9825,450573.4819,29.96934956,-0.438799516720934,30.29032742478631,1.0363945375001122,43.0,83.0
중구,황학동,The Market Place,0,중위험군,37.56357881,127.019885,201756.8507,451560.7711,30.5086042,2.3753304432586475,27.228996093504048,1.271626475686802,43.0,83.0
중구,(만리동,하하홈스테이,0,중위험군,37.55314237,126.966167,197010.4269,450402.8022,25.55021992,-2.3328170646650186,29.06595553448181,1.679187268966543,43.0,83.0
중구,신당동,스테이 마룸,0,중위험군,37.55611853,127.0086935,200768.1545,450732.618,22.92616563,-6.347930154272106,28.837406282238213,1.596627262068035,43.0,83.0
중구,예장동,게스트하우스 더힐2,0,중위험군,37.55510981,126.9846091,198640.0563,450620.7379,33.86303134,4.544792239889404,30.210421071656068,1.0277556805377457,43.0,83.0
중구,(남산동,필스테이명동부띠끄,0,중위험군,37.5575292,126.9838779,198575.4941,450889.2723,30.61002725,2.873610617389513,27.92221636614294,1.1590848108322958,43.0,83.0
중구,(남산동,에코하우스,0,중위험군,37.55755618,126.985879,198752.3033,450892.2383,28.67591379,0.4215554180572667,28.14604880888023,0.9527233549507865,43.0,83.0
중구,(남산동,명동 맘하우스,0,중위험군,37.55771741,126.9858723,198751.7096,450910.133,31.99701773,2.3299021935265145,27.897152953856278,0.9553350161277939,43.0,83.0
중구,(남산동,Crib49게스트하우스,0,중위험군,37.55433246,126.9848669,198662.8173,450534.4577,34.26088168,2.034912829367812,30.33101494058269,1.0227989235465569,43.0,83.0
중구,황학동,어반아트스테이,0,중위험군,37.56735418,127.0176451,201558.8715,451979.7534,23.16750601,-4.682217056360344,26.930648146658246,0.9903589773397918,43.0,83.0
중구,(남산동,웰 프러스 비앤비 게스트하우스,0,중위험군,37.5557428,126.9849257,198668.0407,450690.9877,30.00891907,0.7558649638206383,30.07445732730865,1.0080878043684243,43.0,83.0
중구,남창동,남산 203 게스트하우스,0,중위험군,37.55351654,126.9786135,198110.2353,450444.0076,22.13566439,-5.7850128493439925,27.558991436853784,2.1663202005868656,43.0,83.0
중구,신당동,하우스 오브 로리앤요한,0,중위험군,37.55042135,127.0093564,200826.7828,450100.3048,24.28721391,-2.4898442909987857,29.03155655367023,1.8860651949223208,43.0,83.0
중구,주교동,을지로 비앤비,0,중위험군,37.56503235,126.9985209,199869.3217,451721.9122,28.70399198,-3.1076933160461095,28.171767518948048,2.2251457362942904,43.0,83.0
중구,신당동,오늘 하루,0,중위험군,37.55967218,127.0107834,200952.7703,451127.0501,36.27643981,8.135710399815192,29.05680077233894,1.8936852404715647,43.0,83.0
용산구,(용산동,SEOULYDAYS INN,0,중위험군,37.54086606,126.9848192,198658.3594,449039.8504,33.03265699,0.43336282738626863,33.44439238681306,1.4224733451737948,43.0,83.0
용산구,한강로1가,seoul corner guest house 2호점,0,중위험군,37.52979887,126.9729504,197609.0788,447811.7639,23.68013821,-3.9342330071652434,29.393333823314105,1.9307964902418895,43.0,83.0
용산구,동빙고동,FUNFUN GUESTHOUSE(펀펀 게스트하우스),0,중위험군,37.52363972,126.9948091,199541.1327,447127.8439,36.90938688,-5.293431567439953,30.922412386571203,1.6892257270845645,43.0,83.0
용산구,용문동,토미시스템,0,중위험군,37.53546106,126.9560576,196116.211,448440.7607,31.14157159,3.054319374859862,28.249243256680064,0.3763066517938083,43.0,83.0
용산구,이촌동,ryan민박,0,중위험군,37.52118565,126.9572456,196220.4915,446856.3191,35.3237174,4.914253382072118,30.406951930500544,0.7543858113878906,43.0,83.0
용산구,서계동,라온403,0,중위험군,37.5496287,126.9671595,197097.9898,450012.7959,23.40817167,-3.7992092842854,29.12485630627243,1.4728355221782097,43.0,83.0
용산구,한남동,한남동코지하우스,0,중위험군,37.52978971,127.0029216,200258.2438,447810.4075,38.21329023,6.79429794891546,31.611277400230325,1.86288676412645,43.0,83.0
용산구,동자동,마르페게스트하우스,0,중위험군,37.54807266,126.9738193,197686.4431,449839.9095,26.66483256,-2.9913224998956167,28.963050258807268,1.1464424867008007,43.0,83.0
용산구,후암동,MIN HOUSE,0,중위험군,37.5506954,126.975911,197871.3604,450130.9526,23.55870555,-4.467289992237458,27.9622132118118,1.0558287339810455,43.0,83.0
용산구,서계동,Goeun Stay Seoul,0,중위험군,37.55013376,126.9645477,196867.2152,450068.9353,31.27572293,2.276367751188534,29.16095505026201,1.5656035316051269,43.0,83.0
용산구,후암동,Westie Holiday Home(W.H.H),0,중위험군,37.55093558,126.9767004,197941.1246,450157.5922,32.37307051,4.736243387033788,27.86544630879291,1.0704493975778113,43.0,83.0
용산구,서계동,바라,0,중위험군,37.5498366,126.9641479,196831.8658,450035.9675,24.75035399,-2.834713604088975,29.20581827743853,1.5767423506759153,43.0,83.0
용산구,후암동,코빈하우스,0,중위험군,37.54663447,126.9751193,197801.2847,449680.2565,32.70707679,-3.145182560542864,29.335933477947222,1.063041189050421,43.0,83.0
용산구,이태원동,이태원372,0,중위험군,37.53438157,126.9877396,198916.366,448320.1138,17.608973,-11.727375688904601,30.590822397207827,2.111536104543733,43.0,83.0
용산구,후암동,서울환대,0,중위험군,37.5468965,126.9742537,197724.7974,449709.3593,31.07729711,1.6915385222714505,29.441049849190744,1.107054933670789,43.0,83.0
용산구,보광동,로스트 인 이태원,0,중위험군,37.52763837,126.9971916,199751.7593,447571.6352,28.38368992,-3.043325219777948,31.1323125159702,1.7651238802439884,43.0,83.0
용산구,(청파동,솔린스테이,0,중위험군,37.54408146,126.9677678,197151.5262,449397.1006,33.73896486,2.3544326565249776,32.14070652094286,1.5631491206594046,43.0,83.0
용산구,후암동,남산뷰 공간,0,중위험군,37.54430404,126.9830024,198497.8708,449421.4519,38.75668658,6.5802516956882116,32.325998964577124,0.933033919832702,43.0,83.0
용산구,서계동,비다 하우스,0,중위험군,37.54960807,126.965946,196990.7514,450010.5444,29.55159183,0.6399153153185075,29.153779844787508,1.510326668626724,43.0,83.0
용산구,동자동,Global Haven,0,중위험군,37.54905269,126.9734093,197650.2436,449948.6912,32.92794135,2.675727468972166,28.803712080407536,1.1539279317649653,43.0,83.0
용산구,이태원동,리단,0,중위험군,37.53706047,126.9913554,199235.9736,448617.4033,28.07159035,-2.173217261022568,30.771740818692127,2.467226592002616,43.0,83.0
용산구,(용산동,마리모 스테이 서울,0,중위험군,37.54034433,126.9863748,198795.8377,448981.9237,34.73956535,2.2139140371528185,32.89870870749053,1.7467434411240863,43.0,83.0
용산구,후암동,바위위 스테이,0,중위험군,37.54536867,126.9814378,198359.621,449539.639,34.60331236,4.305818792763638,31.56625348164622,0.9156683754656719,43.0,83.0
용산구,후암동,EAH,0,중위험군,37.54740133,126.9797194,198207.8167,449765.2711,31.36453226,2.3994870660721546,29.849557816424756,0.9075307939864609,43.0,83.0
용산구,후암동,남산 진주스테이,0,중위험군,37.54651143,126.9812587,198343.8242,449666.4747,31.18811269,0.21663114461626165,30.917404798316966,0.8951661535771787,43.0,83.0
용산구,서계동,링하우스,0,중위험군,37.55164848,126.9671111,197093.7922,450236.9687,28.58865872,0.2336716974414479,29.021247028262056,1.5477280075924391,43.0,83.0
용산구,이태원동,ZEST 202,0,중위험군,37.52911007,126.9942869,199495.0163,447734.9872,39.64875501,6.303354353946034,30.874203091406066,1.809561387235994,43.0,83.0
용산구,한강로3가,허브하우스,0,중위험군,37.52079961,126.9683258,197199.9736,446813.086,40.21825608,7.649699553609587,30.93240657658839,1.4290454417597869,43.0,83.0
용산구,후암동,라운드 하우스,0,중위험군,37.54417115,126.9824605,198449.976,449406.7115,24.71319018,-7.494209351374192,32.254037799605015,0.9338026222841401,43.0,83.0
용산구,(용산동,아삼스테이,0,중위험군,37.54305911,126.9876308,198906.8773,449283.2159,31.00900282,-2.1293965753715014,33.13350361733073,1.4702137550912955,43.0,83.0
용산구,(용산동,Casa Haebang,0,중위험군,37.54193979,126.9829794,198495.7898,449159.0492,33.13365087,0.472709495232543,33.205194956144396,1.1250706186292638,43.0,83.0
용산구,서계동,제이앤제이 스테이(J&J Stay),0,중위험군,37.54927578,126.9632376,196751.4031,449973.7543,27.01510448,-2.588512174859538,29.247842138877346,1.6154456613733386,43.0,83.0
용산구,서계동,파파하우스(PaPaHouse),0,중위험군,37.54931519,126.9647327,196883.528,449978.0777,23.01809861,-6.381475877597403,29.223426719457347,1.5494485240665723,43.0,83.0
용산구,서계동,스테이 연,0,중위험군,37.54957529,126.964449,196858.4691,450006.9552,27.64756253,-1.7424136577207072,29.212376293583443,1.5622218592435486,43.0,83.0
용산구,이태원동,다온,0,중위험군,37.53941513,126.9923889,199327.3373,448878.7338,31.33397317,1.691415768678116,31.138075990174695,3.0915074911870546,43.0,83.0
용산구,후암동,고릴라 타자기,0,중위험군,37.54664469,126.9797783,198213.0036,449681.2921,24.14419851,-6.051355981161777,30.344760685880175,0.9308013025216529,43.0,83.0
용산구,후암동,마르코 하우스,0,중위험군,37.5442329,126.9827674,198477.0972,449413.56,31.57833715,-0.4094441671959217,32.289870416981316,0.9325830708953564,43.0,83.0
용산구,서계동,코코서울_3,0,중위험군,37.54855821,126.966532,197042.4982,449894.0039,30.79774435,3.31843676053451,29.330845785774457,1.4828684668552266,43.0,83.0
용산구,이태원동,리원 힐사이드,0,중위험군,37.53853708,126.9913937,199239.378,448781.2886,31.77440215,0.6809739378771376,31.083848674440922,2.876757882019294,43.0,83.0
용산구,서계동,홈어웨이 프럼 홈 서울,0,중위험군,37.54986438,126.9637433,196796.1183,450039.0645,30.4782634,1.4223621311427195,29.220063791363387,1.5904308752586176,43.0,83.0
용산구,효창동,Bong's House,0,중위험군,37.53853565,126.9606765,196524.5862,448781.8217,34.74804342,5.745917273745917,28.87408824011621,0.766884131468881,43.0,83.0
용산구,(용산동,남산주택,0,중위험군,37.54153328,126.9803689,198265.075,449113.9765,34.69821956,1.5259270545759946,32.80862327465071,1.100070391814378,43.0,83.0
용산구,후암동,STA Stay,0,중위험군,37.54381315,126.9819738,198406.9526,449366.986,35.83902335,3.64640918820713,32.28998863682749,0.9433783618389563,43.0,83.0
용산구,서계동,SEOUL STAYON,0,중위험군,37.55062279,126.966312,197023.1384,450123.1544,24.17249446,-4.235972580590644,29.063091151048777,1.5206977178999683,43.0,83.0
용산구,서계동,Dandi Stay,0,중위험군,37.55172665,126.9672495,197106.0213,450245.6404,30.77688472,2.4243623412413235,29.019741375404074,1.5499557522072878,43.0,83.0
용산구,(용산동,해온 스테이 해방촌,0,중위험군,37.54073079,126.9859558,198758.8094,449024.8215,37.27716149,2.880628115061583,33.07757511542321,1.6056012282069925,43.0,83.0
용산구,(청파동,헤일로 스테이,0,중위험군,37.54245373,126.9674636,197124.5858,449216.4516,29.71633711,-0.4518937216525174,32.43060167004855,1.7377538291049253,43.0,83.0
용산구,이태원동,Hwa San Co,0,중위험군,37.53833596,126.990695,199177.6212,448758.9726,26.38031113,-4.447380298650849,31.116791345078738,2.800842884858171,43.0,83.0
용산구,동자동,연 스테이,0,중위험군,37.54975691,126.9749743,197788.5561,450026.8131,35.97153043,7.931409525236223,28.254702231088377,1.0047208009468374,43.0,83.0
용산구,(용산동,남산집,0,중위험군,37.54066283,126.9838749,198574.9062,449017.3083,32.22171979,-0.6071617295867568,33.482606093533285,1.3513669656751146,43.0,83.0
용산구,이태원동,남산하우스,0,중위험군,37.53781303,126.9898494,199102.8797,448700.9415,33.16950567,5.160271326750447,31.114812619247125,2.5980604907186144,43.0,83.0
용산구,이태원동,소유 하우스(Soyou Haus),0,중위험군,37.53653296,126.9926549,199350.8255,448558.8464,23.0979357,-6.663503143000401,30.66024433902763,2.3828244898130437,43.0,83.0
용산구,이태원동,경리단집,0,중위험군,37.53677735,126.9921957,199310.2417,448585.9739,24.50832562,-3.0412679122770996,30.713375475652498,2.430138372209342,43.0,83.0
용산구,후암동,황금하우스,0,중위험군,37.54954844,126.9767918,197949.1632,450003.6343,23.6851775,-4.294493944043232,28.131659399823217,0.9481549172580571,43.0,83.0
용산구,후암동,Kaki namu,0,중위험군,37.54825925,126.9772805,197992.31,449860.5392,29.18151724,1.3808206241899477,28.669135071721286,0.9425593977460931,43.0,83.0
용산구,이태원동,이태원 루트 스테이,0,중위험군,37.53827016,126.993451,199421.1992,448751.6491,23.71821096,-6.820017549233981,30.828344416772644,2.8106859574845773,43.0,83.0
용산구,후암동,햅 브릿지(hap bridge),0,중위험군,37.54693377,126.9760883,197886.9205,449713.453,33.6922576,4.612376362224651,29.241585394283547,1.0087680326213615,43.0,83.0
용산구,이태원동,STAY JOY,0,중위험군,37.53966069,126.9921149,199303.1211,448905.99,34.43920385,2.698645358160146,31.223525489040533,3.096773582547739,43.0,83.0
용산구,서계동,행운의 집,0,중위험군,37.54746671,126.9674771,197125.9677,449772.8313,24.95036807,-5.352400039675047,29.98134944044747,1.4594479687636337,43.0,83.0
용산구,한남동,Bella 하우스,0,중위험군,37.534514,127.0010542,200093.1787,448334.7418,32.94757325,1.2383595249498924,31.462298970034112,2.1719361350386013,43.0,83.0
용산구,후암동,KHAN,0,중위험군,37.54423744,126.9817758,198389.4691,449414.0804,33.81615659,1.6143510531820127,32.0954700845081,0.9353584855330318,43.0,83.0
용산구,동자동,다다하우스(Dada House),0,중위험군,37.55032379,126.9740973,197711.0829,450089.751,28.91327207,-1.0532810718726786,28.39188244585119,1.109776545112014,43.0,83.0
용산구,(용산동,금월당,0,중위험군,37.5435402,126.982031,198412.0089,449336.6909,35.27484097,2.9116088535284703,32.41083146556272,0.9530456143952541,43.0,83.0
용산구,후암동,스테이 흰,0,중위험군,37.54772706,126.9768201,197951.6088,449801.4824,31.81570669,3.2162356788128683,28.86096105185481,0.9661455464408517,43.0,83.0
용산구,이촌동,The R Story,0,중위험군,37.52057402,126.9567891,196180.1055,446788.4543,35.85377815,5.324371609702052,30.444289205713574,0.7487175672834752,43.0,83.0
용산구,(용산동,로로스테이해방촌,0,중위험군,37.53954165,126.9858954,198753.4489,448892.8423,38.14629188,6.260450695582051,32.677799165791214,1.8397255397515886,43.0,83.0
용산구,서계동,서계스테이,0,중위험군,37.55168954,126.9676042,197137.3592,450241.5108,30.69327654,2.308831073920146,29.046400925008413,1.537728506577008,43.0,83.0
용산구,한강로3가,단아,0,중위험군,37.52169003,126.9604914,196507.4408,446912.1735,33.59049473,-0.6274398705192823,30.479596902082136,0.9063761287285707,43.0,83.0
용산구,후암동,서울 게스트하우스,0,중위험군,37.55074223,126.976227,197899.2826,450136.1431,24.19614192,-3.97353585885422,27.93960617774505,1.0446733903662349,43.0,83.0
용산구,한남동,라벨르하우스,0,중위험군,37.53143519,126.9977209,199798.555,447993.0338,29.32173359,0.5548376582734811,31.16582898408229,1.9212685887477727,43.0,83.0
용산구,용문동,라이커서울러,0,중위험군,37.53535072,126.9588475,196362.788,448428.4027,20.05768881,-7.761716327803253,28.406272465877596,0.5408961945812707,43.0,83.0
용산구,서계동,호두나무집,0,중위험군,37.54996606,126.9645311,196865.7351,450050.3232,26.22056965,-2.7978055374251944,29.179919190475026,1.5650622702496766,43.0,83.0
용산구,이태원동,이태원 드림,0,중위험군,37.53841239,126.9891511,199041.1711,448767.47,40.42805995,9.422311892788308,31.424991503162637,2.615389704839694,43.0,83.0
용산구,보광동,이태원 스테이,0,중위험군,37.52824944,126.9974015,199770.314,447639.4558,26.91708028,-4.548006085595031,31.167220509554785,1.7840700866950863,43.0,83.0
용산구,후암동,Pea:pl Huam,0,중위험군,37.5481093,126.9795485,198192.7314,449843.8505,24.45231101,-4.308852492932207,29.327393209859224,0.8746491780173888,43.0,83.0
용산구,이태원동,이태원.zip,0,중위험군,37.53470407,126.9878597,198926.9821,448355.906,34.75253039,5.163205374071165,30.62144922952311,2.1335874805875146,43.0,83.0
용산구,후암동,CASA NAMSAN,0,중위험군,37.55051249,126.9774787,198009.8854,450110.6175,21.22805258,-5.461685247393103,27.7196755670302,1.0019717834016744,43.0,83.0
용산구,(용산동,해방 하우스,0,중위험군,37.54096439,126.9842085,198604.3901,449050.7727,31.4649151,-0.46265314755475373,33.45636079593778,1.3430900494678293,43.0,83.0
용산구,서계동,늘담 스테이,0,중위험군,37.54879223,126.963867,196807.0035,449920.0645,32.4986227,3.0996533227590035,29.301950818327533,1.6060087730670876,43.0,83.0
용산구,서계동,zizone,0,중위험군,37.54869173,126.964257,196841.4645,449908.8971,30.37951578,0.8082087383449235,29.30675190220934,1.5845552653836772,43.0,83.0
용산구,원효로4가,Jeong's family,0,중위험군,37.53090532,126.9506842,195641.0271,447935.3652,31.40927108,2.4142434678877684,29.064289567760106,0.21381945704164831,43.0,83.0
용산구,서빙고동,돈키호테,0,중위험군,37.51786867,126.9902113,199134.637,446487.3622,34.994351,3.4141085092975985,30.812188674202996,1.554085712342506,43.0,83.0
용산구,(용산동,소월길,0,중위험군,37.54393491,126.9833204,198525.9627,449380.4779,27.94964562,-4.48725254360464,32.53595143380407,0.9596427784828723,43.0,83.0
용산구,이태원동,큐브 게스트하우스,0,중위험군,37.53302947,126.9912873,199229.9151,448170.0124,17.31946398,-11.53026205507064,30.557790229119284,1.9676172957358968,43.0,83.0
용산구,서계동,수준있는집,0,중위험군,37.54819116,126.9631502,196743.6335,449853.3776,28.17083578,-1.3478014660318856,29.41758218649403,1.672827487835338,43.0,83.0
용산구,이태원동,레온하우스,0,중위험군,37.53869625,126.9903683,199148.7515,448798.9633,32.63576148,2.3014550822109534,31.256836216182954,2.8479534403641527,43.0,83.0
용산구,(청파동,서울펜슬,0,중위험군,37.54139999,126.9671602,197097.7309,449099.5086,36.35984747,4.317952364037417,32.231260590701,1.834600912794135,43.0,83.0
용산구,(청파동,casa cielo,0,중위험군,37.54545181,126.9683294,197201.2132,449549.176,39.89286709,7.157065488770961,31.369340898185886,1.4724442974458258,43.0,83.0
용산구,후암동,쯔요시노이에(tuyosinoie),0,중위험군,37.5477145,126.9774958,198011.3195,449800.0739,23.93230512,-4.934436238652353,28.96447098291786,0.946819100282198,43.0,83.0
용산구,원효로2가,더하우스,0,중위험군,37.53500173,126.9629771,196727.7649,448389.5174,37.0831031,7.733645900494398,28.916558052860253,0.9817611105171998,43.0,83.0
용산구,효창동,J.하우스,0,중위험군,37.53815423,126.9632642,196753.2741,448739.3963,28.37510465,-1.6752902321157137,29.65814556408233,1.186522874262341,43.0,83.0
용산구,보광동,제니하우스,0,중위험군,37.52787765,126.9974731,199776.6444,447598.1916,32.78769654,1.4195379858739834,31.166647509147843,1.7725515033280836,43.0,83.0
용산구,용문동,더 타워 하우스(The tower house),0,중위험군,37.53536913,126.9593306,196405.4836,448430.4274,25.91142961,-2.4946114935138937,28.465284949407327,0.5739631691787224,43.0,83.0
용산구,이태원동,이태원 맨션,0,중위험군,37.53877802,126.9907578,199183.1807,448808.0353,32.09677122,1.6687690654009018,31.209521271555722,2.887533354532648,43.0,83.0
용산구,서계동,Harry's House(해리 하우스),0,중위험군,37.55206852,126.9674209,197121.1793,450283.5786,33.6046859,4.466934505661804,29.04262268848865,1.5747248554904236,43.0,83.0
용산구,이촌동,윤슬,0,중위험군,37.52699018,126.9524972,195801.0569,447500.7507,34.88590135,4.497177216129391,29.690059601184796,0.4414839872360799,43.0,83.0
용산구,후암동,더 팔레트 후암,0,중위험군,37.54473767,126.9803784,198265.9826,449469.6247,30.30215814,-0.4663038892112965,31.65525547841103,0.9624809837858204,43.0,83.0
용산구,후암동,용산 제니하우스,0,중위험군,37.54564895,126.9820917,198417.4116,449570.7355,28.08784106,-3.440373200575081,31.573156405934288,0.8998424422579,43.0,83.0
용산구,이태원동,쏭하우스,0,중위험군,37.53793183,126.9906722,199175.6034,448714.1193,32.65552118,1.1612212135395588,31.047081018404356,2.6786217058806043,43.0,83.0
용산구,이태원동,이태원 코지스테이,0,중위험군,37.53631144,126.9919022,199284.2918,448534.2658,25.29948435,-5.731827977875966,30.642436447400407,2.329175404716143,43.0,83.0
용산구,후암동,MOOD SEOUL,0,중위험군,37.54463355,126.9778505,198042.5861,449458.1183,32.19969552,1.3354065812561942,31.032284115000564,1.0480136509899574,43.0,83.0
용산구,동자동,유나리아하우스,0,중위험군,37.55026236,126.9742585,197725.3248,450082.9291,22.7275262,-5.149858531126146,28.346287479880097,1.0892653181504879,43.0,83.0
용산구,이태원동,림하우스,0,중위험군,37.53594878,126.9928326,199366.5261,448494.0084,26.30528079,-3.366513786116222,30.650158901309524,2.2727491591395443,43.0,83.0
용산구,(청파동,블루릭(Blue Leek),0,중위험군,37.54017596,126.9639231,196811.5976,448963.7611,28.99478013,0.3675565783783945,30.61943646264814,1.530242326224064,43.0,83.0
성동구,하왕십리동,차니하우스,0,중위험군,37.55805459,127.028784,202543.2662,450947.8516,25.23454891,-3.195735636558801,29.64239916341078,0.9310395895316288,43.0,83.0
성동구,송정동,송정 하우스,0,중위험군,37.54662783,127.0645022,205700.0866,449681.1839,24.0064258,-8.661214710205773,33.750243145211286,1.1750024203827232,43.0,83.0
성동구,성동,그린 하우스,0,중위험군,37.54582933,127.0482827,204266.8121,449591.7004,39.09648409,3.5975212289913188,34.55142554922188,1.3324596872774792,43.0,83.0
성동구,성동,진스테이,0,중위험군,37.5394625,127.0541394,204784.7784,448885.3415,32.4387449,-1.1008903654154878,34.56132385807979,1.4503166578256348,43.0,83.0
성동구,성동,Hailey's House,0,중위험군,37.5339344,127.0512189,204526.9993,448271.6456,34.5564561,-0.5539236911902066,34.8264512920116,1.7005921688330208,43.0,83.0
성동구,성동,팝스테이,0,중위험군,37.54026772,127.0537825,204753.1831,448974.693,31.2494278,-2.5965699681798498,34.529999447604965,1.4139552204090882,43.0,83.0
성동구,성동,스테이 조율-성수,0,중위험군,37.53220981,127.0548993,204852.4048,448080.4209,35.03997235,-0.322450210537518,34.7543063963372,1.5842065131049772,43.0,83.0
성동구,행당동,어반스케치,0,중위험군,37.55433323,127.0351149,203102.7959,450535.015,31.01612937,0.8974121918240456,29.988826035755658,0.7779841059976927,43.0,83.0
성동구,성동,달래하우스,0,중위험군,37.54178811,127.0497686,204398.3597,449143.2424,35.37129677,2.1645119159442316,34.539307427491366,1.446252944870642,43.0,83.0
성동구,성동,SYOM,0,중위험군,37.53414112,127.054017,204774.3045,448294.7273,33.5893465,-1.6471123383788822,34.79245799382097,1.6233590445858121,43.0,83.0
성동구,성동,금호스테이,0,중위험군,37.5457164,127.021118,201866.2312,449578.2805,37.16132447,3.074091144387026,29.874187985203946,2.8543906555612835,43.0,83.0
성동구,성동,바인 스테이 성수,0,중위험군,37.54617069,127.0444113,203924.6697,449629.4186,28.18006879,-5.208805680863875,34.537300795527926,1.4094351499106903,43.0,83.0
성동구,하왕십리동,서울 비앰비,0,중위험군,37.56184051,127.0260286,202299.6893,451367.9729,37.01310899,8.446843059715157,28.83410578667495,0.9896066548076454,43.0,83.0
성동구,성동,리틀 포레스트,0,중위험군,37.53458686,127.0525155,204641.5639,448344.1238,33.28722836,-1.3479072982436975,34.81321119041961,1.725222177249026,43.0,83.0
성동구,옥수동,Hannam guest house,0,중위험군,37.53816993,127.0089856,200794.1502,448740.5426,36.5204789,5.1946125971569685,32.25224293722643,2.859828994534076,43.0,83.0
성동구,용답동,용답스테이,0,중위험군,37.55987237,127.0522577,204617.2149,451150.4977,32.78419457,1.5971750315041966,31.099667727438153,0.768372691558602,43.0,83.0
성동구,성동,포레리움,0,중위험군,37.54553266,127.0422072,203729.9231,449558.5152,35.84050268,2.9490696593570362,34.563698666067125,1.5412719036632723,43.0,83.0
성동구,성동,아워 스테이,0,중위험군,37.53900161,127.0490565,204335.5857,448833.9418,27.77890156,-5.325083149913091,34.71264133447034,1.6505196043611234,43.0,83.0
성동구,성동,Greenbnb,0,중위험군,37.53478943,127.0523989,204631.2413,448366.6008,37.82892714,3.2012659081703276,34.8067550405789,1.7350873917756249,43.0,83.0
성동구,성동,미야오엔퍼얼,0,중위험군,37.53841605,127.0491474,204343.6525,448768.956,24.39505448,-8.869681919828366,34.73396175025117,1.6924851073502518,43.0,83.0
성동구,성동,어반리브 인 성수(URBAN LIVE IN SEONGSU),0,중위험군,37.53460493,127.046222,204085.3096,448345.8373,35.39564942,1.3900758434453877,34.832574672247674,1.9211310106514092,43.0,83.0
마포구,연남동,와이즈하우스,0,중위험군,37.55779652,126.9216946,193081.1466,450921.7014,33.267893,-1.034954717672285,33.84280853871738,2.755408588255006,43.0,83.0
마포구,연남동,트윈래빗1 게스트하우스,0,중위험군,37.55789361,126.9218322,193093.3162,450932.4671,35.55621481,3.7769533760372873,34.02138169953507,2.751698602476056,43.0,83.0
마포구,동교동,오하나 하우스,0,중위험군,37.55422456,126.927554,193598.5669,450524.8411,27.82469851,-0.26926009189117295,29.71361493024114,1.4927836371613274,43.0,83.0
마포구,연남동,훤게스트하우스,0,중위험군,37.55870775,126.9198925,192922.0112,451022.9713,38.71075694,8.809452062169324,33.23127304958912,3.83598168724058,43.0,83.0
마포구,서교동,KK-하우스,0,중위험군,37.55193913,126.9253322,193402.0439,450271.3393,32.74695425,3.3523263146207434,30.206860588395593,2.1533111063380823,43.0,83.0
마포구,성산동,게스트하우스 성산,0,중위험군,37.55595163,126.9128343,192298.0919,450717.6296,38.14555038,8.209497948779909,30.577730185605763,3.004487847935478,43.0,83.0
마포구,연남동,연남 끝자락,0,중위험군,37.56360512,126.9199508,192927.6209,451566.5173,36.21115663,5.355201426777654,34.913217096400764,3.1164309011121043,43.0,83.0
마포구,연남동,포근하우스,0,중위험군,37.55913646,126.9193057,192870.2002,451070.5974,36.82256692,1.6699036170549846,33.1010991941711,4.151149829489443,43.0,83.0
마포구,서교동,코지 스테이,0,중위험군,37.55151743,126.9253299,193401.7999,450224.5358,32.00167776,0.8781136014481667,30.356544672739474,2.32017271434451,43.0,83.0
마포구,연남동,스튜디오호퓨,0,중위험군,37.56059168,126.9255391,193421.081,451231.6551,40.93780333,5.457296643338616,36.59583399076795,2.305583321713073,43.0,83.0
마포구,성산동,NANI HOUSE RoofTop 33,0,중위험군,37.56535053,126.9065646,191745.1355,451761.329,22.48437175,-4.769567058304432,32.64392864392362,5.530256585021808,43.0,83.0
마포구,서교동,테디하우스,0,중위험군,37.55267949,126.9287785,193706.6347,450353.2741,31.31296706,4.632127090042104,27.494568607868764,2.5120719435342718,43.0,83.0
마포구,동교동,티오피 하우스,0,중위험군,37.55482194,126.926535,193508.5748,450591.2131,41.0454164,9.927055720533648,30.83550175213103,0.8556256749032829,43.0,83.0
마포구,서교동,RM,0,중위험군,37.55090549,126.9147261,192464.7387,450157.4149,33.76621815,3.672630892460141,29.82607252298598,2.3531397246600183,43.0,83.0
마포구,동교동,아우어하우스,0,중위험군,37.55336243,126.9292649,193749.6664,450429.0399,25.33308272,-3.110878531630732,28.012069905336656,2.5868169043236127,43.0,83.0
마포구,동교동,루프탑하우스,0,중위험군,37.55418272,126.9254038,193408.5639,450520.346,23.46196552,-7.621485677465838,30.60079513063757,0.9766098173327872,43.0,83.0
마포구,동교동,돌마,0,중위험군,37.55469129,126.9193174,192870.8123,450577.2354,34.59104969,2.8095793134727067,32.06956064222974,1.7972095264927948,43.0,83.0
마포구,연남동,DW STAY3,0,중위험군,37.55843309,126.9212721,193043.8739,450992.3843,33.83190683,3.2547569019325593,33.99347792189664,3.14871645243402,43.0,83.0
마포구,연남동,한스,0,중위험군,37.55852504,126.9185585,192804.1256,451002.794,28.54744467,-2.712591127171148,32.25944917796856,3.6926025344802254,43.0,83.0
마포구,연남동,Ssol Guest House,0,중위험군,37.55851995,126.9245155,193330.4643,451001.7897,37.80270192,2.8536240827802857,35.361300588428676,1.9301249547533417,43.0,83.0
마포구,동교동,구 하우스,0,중위험군,37.55634351,126.9211748,193035.0841,450760.4729,23.99391221,-9.738047997909515,32.842448720483915,2.0173007788998856,43.0,83.0
마포구,합정동,합정해날,0,중위험군,37.54426265,126.913765,192379.1336,449420.2171,41.99386895,10.269183085385166,33.212652660301195,2.7512634903418465,43.0,83.0
마포구,상수동,스프링 라이트 게스트 하우스,0,중위험군,37.54764523,126.9232193,193214.9456,449794.9183,39.15014904,3.5613254587768566,34.373261549279476,2.7567426261554475,43.0,83.0
마포구,동교동,SSU HOME,0,중위험군,37.55460824,126.9287221,193701.8125,450567.3461,34.04567459,4.421554721691667,29.71157804442116,1.7511086344404951,43.0,83.0
마포구,합정동,스테이코리아,0,중위험군,37.54869116,126.9084629,191911.0465,449912.1713,22.941797,-7.720084370098679,34.2442410279361,2.585401233890251,43.0,83.0
마포구,연남동,라온 하우스 연남,0,중위험군,37.55695425,126.9202395,192952.503,450828.3275,29.36748283,-3.2405702927948496,32.450670062456894,2.6052600498875242,43.0,83.0
마포구,연남동,민스테이2,0,중위험군,37.55680926,126.9176728,192725.698,450812.4309,27.15213555,-0.5913719996926439,30.709859888300162,2.60602938797239,43.0,83.0
마포구,성산동,Choi's Stay HongDae,0,중위험군,37.55676672,126.9147572,192468.0768,450807.9391,25.01274552,-1.8420731071044436,30.685912660632315,2.8510419901910637,43.0,83.0
마포구,서교동,더퍼스트홍대스테이101,0,중위험군,37.55146122,126.9266748,193520.6385,450218.2036,28.40707068,-0.29872230924534193,29.074531853512717,2.3003241641421277,43.0,83.0
마포구,동교동,연지아트,0,중위험군,37.5526605,126.9317221,193966.7376,450350.9735,24.51116093,-5.751133334778128,28.545022281748324,3.8945580331684346,43.0,83.0
마포구,신수동,스테이 다하세,0,중위험군,37.54614185,126.9371346,194444.5194,449627.148,35.57648115,9.240719536008474,26.650690631511026,0.6510152559190494,43.0,83.0
마포구,연남동,연남내일,0,중위험군,37.55791318,126.9202118,192950.1485,450934.7595,33.9142008,-0.48530402813074147,32.97979112283626,3.2197330826994586,43.0,83.0
마포구,서교동,Lucy Stay,0,중위험군,37.55111052,126.913632,192368.0825,450180.259,22.04434461,-8.304133064642048,29.912771896220203,2.609663478104665,43.0,83.0
마포구,서교동,서교휴스테이,0,중위험군,37.55279818,126.9286534,193695.5931,450366.4557,25.93416033,-1.3527588888657718,27.538111203608636,2.4335852181954434,43.0,83.0
마포구,창전동,아이린 홈,0,중위험군,37.55061658,126.931945,193986.2731,450124.1085,34.51662387,5.984320681758351,27.128801801538657,3.182965572234752,43.0,83.0
마포구,서교동,서교 게스트하우스 다날,0,중위험군,37.54725613,126.9184787,192795.9831,449752.0856,30.68283529,-2.0091431145901524,32.39863644354652,2.5803237440082247,43.0,83.0
마포구,상수동,슈기 BNB,0,중위험군,37.54765558,126.9226917,193168.3255,449796.1053,40.16823128,5.370242004375143,34.484477774152715,2.757741062308942,43.0,83.0
마포구,성산동,머무름,0,중위험군,37.56182415,126.9141894,192418.4166,451369.2997,37.3043128,8.847573515257622,34.15857634535347,4.379648560195422,43.0,83.0
마포구,연남동,라벤더하우스,0,중위험군,37.5600351,126.9234491,193236.3744,451170.0296,32.93403465,-3.4981812110686192,36.13684557568621,2.5981654923666593,43.0,83.0
마포구,연남동,익스테이 맨션 연남,0,중위험군,37.56165068,126.9204902,192975.0909,451349.557,29.38357537,-0.6872903301026447,34.33272744516392,3.413259528994001,43.0,83.0
마포구,서교동,디자인 스테이 합정,0,중위험군,37.54887719,126.914836,192474.2461,449932.2891,28.40657473,-1.5091045322475196,30.781190033492525,2.6719292205977867,43.0,83.0
마포구,동교동,뮤즈,0,중위험군,37.5558765,126.923548,193244.7381,450708.4672,30.51335378,-2.0288726872596605,32.58588621425776,0.8741659538753244,43.0,83.0
마포구,성산동,JY House 2,0,중위험군,37.56103633,126.9146356,192457.7654,451281.8251,40.69309482,5.46954188360008,34.041411267564314,4.322154774270345,43.0,83.0
마포구,서교동,YONG HOUSE,0,중위험군,37.55098903,126.9245619,193333.8861,450165.9439,29.67906713,-3.0639734333070905,31.69491593242641,2.3770155463412075,43.0,83.0
마포구,성산동,JY HOUSE,0,중위험군,37.55726808,126.914478,192443.4568,450863.6065,25.61974775,-4.668460694072177,30.781504118412066,3.0773538395671416,43.0,83.0
마포구,동교동,모노홈1,0,중위험군,37.55378382,126.9295017,193770.6301,450475.7934,26.27219165,-2.3430079699335096,28.45436951602633,2.6623211140315606,43.0,83.0
마포구,서교동,새롬,0,중위험군,37.55128859,126.9239814,193282.6187,450199.2328,32.35519934,-0.7537755498268481,32.300323141369404,2.1066227838634095,43.0,83.0
마포구,동교동,준하우스3,0,중위험군,37.55723082,126.9218378,193093.7533,450858.9049,43.71208381,9.805569791306645,33.4961647769002,2.457790285578299,43.0,83.0
마포구,망원동,함성 파라다이스,0,중위험군,37.55732145,126.9040559,191522.5916,450870.4189,31.17133177,-1.989862962970161,34.09365763720602,4.366013073196593,43.0,83.0
마포구,성산동,성산아뜰리에,0,중위험군,37.56019029,126.9096289,192015.3097,451188.3382,24.03977298,-3.3614472052527695,32.693465455453676,5.148544642563244,43.0,83.0
마포구,동교동,바이브스테이,0,중위험군,37.55319291,126.9308158,193886.6939,450410.1232,30.8128126,4.557822696965655,28.227452678217336,3.6471007519466156,43.0,83.0
마포구,신공덕동,데이오프모드홈,0,중위험군,37.53990855,126.9562045,196129.4227,448934.3715,16.71965706,-10.60066722940499,27.812730943176895,0.37822338121876203,43.0,83.0
마포구,연남동,바닐라하우스,0,중위험군,37.5582193,126.9207099,192994.1878,450968.6979,39.39225521,5.622388953288365,33.56465862248693,3.396930077668798,43.0,83.0
마포구,서교동,스텔라,0,중위험군,37.54959647,126.912166,192238.3813,450012.3377,30.068261,-0.7651732565899287,31.532736818987523,3.2743009032083643,43.0,83.0
마포구,창전동,유유당,0,중위험군,37.55037236,126.9278371,193623.2521,450097.2738,26.62969059,0.44887172159040034,29.280724823629257,2.5933151482432084,43.0,83.0
마포구,서교동,시즈 스페이스,0,중위험군,37.55117729,126.9133849,192346.2482,450187.6898,25.27037924,-1.266749131755624,30.01629566032592,2.672389590247748,43.0,83.0
마포구,연남동,La Lune,0,중위험군,37.55925439,126.9225821,193159.7005,451083.4428,29.54518489,-3.5027505851777434,34.66188385550802,2.7166055799979416,43.0,83.0
마포구,창전동,홍시하우스,0,중위험군,37.54946987,126.9265325,193507.8941,449997.1975,29.11612454,-1.1133238141767556,30.077461109793017,2.5159397398625707,43.0,83.0
마포구,서교동,서교로운,0,중위험군,37.55049276,126.9160363,192580.4697,450111.5026,26.88859193,-2.877449328419061,30.232482881552343,2.183990607274422,43.0,83.0
마포구,동교동,다우하우스2,0,중위험군,37.55457568,126.927105,193558.921,450563.842,40.71434358,10.074494323262968,30.30766445131831,1.2145364473065128,43.0,83.0
마포구,서교동,타일러 하우스,0,중위험군,37.5467538,126.916954,192661.1965,449696.451,29.57551963,-2.253572395807385,32.26020389808667,2.689429168858943,43.0,83.0
마포구,동교동,스테이 조은,0,중위험군,37.55756505,126.9239548,193280.8362,450895.847,22.61313565,-11.888291169569687,34.29965228644945,1.7748692239392154,43.0,83.0
마포구,망원동,톨망스테이 마포,0,중위험군,37.5569266,126.899778,191144.5553,450826.9896,34.69890026,-0.42785497465370526,34.557583308547784,3.4090601086383225,43.0,83.0
마포구,서교동,홈 스윗 402 마포,0,중위험군,37.55090715,126.9129594,192308.6202,450157.7422,22.06168508,-4.310321604559906,30.387638796642715,2.89809544798625,43.0,83.0
마포구,서교동,부티크서울,0,중위험군,37.55142189,126.9271918,193566.317,450213.803,30.73164498,1.658392643362113,28.687034648547936,2.3132541387379315,43.0,83.0
마포구,서교동,스테이 해움,0,중위험군,37.54660575,126.9156218,192543.4619,449680.124,37.10582542,5.231905134105151,32.17727268510603,2.938923052740542,43.0,83.0
마포구,연남동,휘게,0,중위험군,37.55851835,126.9243834,193318.7905,451001.6215,42.38424742,8.870699130482265,35.3201097800465,1.9607509304932629,43.0,83.0
마포구,합정동,결,0,중위험군,37.54861729,126.9042444,191538.2568,449904.3439,34.30626323,0.3238863836563013,34.33555536308571,2.2032531827955926,43.0,83.0
마포구,성산동,캉스하우스,0,중위험군,37.55750175,126.9077471,191848.7506,450890.1035,41.89491356,8.587428093079438,33.291025357668076,4.943009840679358,43.0,83.0
마포구,성산동,제이와이스테이 2,0,중위험군,37.56307978,126.9145847,192453.469,451508.6281,33.73385391,-1.5225416042769666,34.56279517302358,4.15432516301727,43.0,83.0
마포구,창전동,카사코요,0,중위험군,37.54439269,126.9314306,193940.3069,449433.3648,35.00590587,5.1672067470598435,29.36184706821577,-0.5852287019215576,43.0,83.0
마포구,동교동,메모리 조선,0,중위험군,37.55775829,126.9240385,193288.2437,450917.2884,25.64662774,-9.14027802830774,34.484635819828284,1.810448435943579,43.0,83.0
마포구,상암동,STAY PUZZLE,0,중위험군,37.57386298,126.8955523,190773.2687,452707.1364,30.9205535,2.103366234982161,29.958299781777125,5.342960179463732,43.0,83.0
마포구,아현동,마포온탑,0,중위험군,37.55067626,126.9595336,196424.1593,450129.3252,32.95100231,5.094520586632502,29.15391910214474,1.4945926713475985,43.0,83.0
마포구,노고산동,B.B.Stay (Sinchon),0,중위험군,37.55289838,126.9389669,194606.9329,450376.935,36.78137629,9.367166680746859,27.754002802671074,2.1197507758865495,43.0,83.0
마포구,서교동,이프스테이,0,중위험군,37.55546359,126.9129239,192305.9552,450663.4556,23.88584963,-6.939460829135374,30.502937149225232,2.8356921834034625,43.0,83.0
마포구,성산동,도메인,0,중위험군,37.55976615,126.9161614,192592.4449,451140.7287,28.52777175,-0.6197740245599448,32.92443178020082,3.875174043101456,43.0,83.0
마포구,노고산동,포시즌,0,중위험군,37.55171722,126.9399304,194691.9807,450245.7855,34.10111243,4.920812541612246,28.091279481493,1.8013138292908626,43.0,83.0
마포구,서교동,OMG HOUSE,0,중위험군,37.55234514,126.9280798,193644.8678,450316.2123,26.65922893,-0.8359035060322739,27.732403129096447,2.2987136788741207,43.0,83.0
마포구,망원동,리버레스트,0,중위험군,37.5511509,126.90009,191171.4409,450185.9263,37.87598507,1.8916941447085804,34.57983630896059,2.3230634678571365,43.0,83.0
마포구,합정동,망원 다날하우스,0,중위험군,37.54926971,126.9050766,191611.8698,449976.6801,36.26360009,2.8206241415251654,34.308365273656435,2.294234833209154,43.0,83.0
마포구,서교동,제니수빈하우스,0,중위험군,37.55278146,126.9279665,193634.8933,450364.6463,23.63023311,-4.488246146886926,27.749417909446493,2.2104960900080237,43.0,83.0
마포구,연남동,Sang Oh's House,0,중위험군,37.55605432,126.9184987,192798.6024,450728.5779,32.49833447,1.636908527356752,30.605489803829588,2.2512909287889618,43.0,83.0
마포구,동교동,코지듀플렉스 하우스,0,중위험군,37.55465313,126.9247605,193351.7689,450572.6012,30.97562203,-0.47907287127346265,31.324464777676635,0.5913287171899051,43.0,83.0
마포구,망원동,망원루,0,중위험군,37.55113694,126.9063357,191723.3458,450183.8087,23.9631614,-6.767151583783235,34.31157562065208,2.5846095101001643,43.0,83.0
마포구,합정동,THE MORUVIA,0,중위험군,37.55076621,126.9094035,191994.3865,450142.3964,42.99204982,10.590536171423778,33.70654919701598,3.031609359609131,43.0,83.0
마포구,공덕동,위시 스테이,0,중위험군,37.54369658,126.9538131,195918.2874,449354.8979,28.20674077,1.0398270638288132,27.302796256908515,0.2287181548407632,43.0,83.0
마포구,성산동,풀하우스1,0,중위험군,37.56104176,126.9093305,191989.0395,451282.8667,23.65384853,-2.527159744602397,32.765992254681905,5.273812400020987,43.0,83.0
마포구,서교동,위리브홍대501,0,중위험군,37.5499898,126.9196882,192903.1298,450055.3981,32.98019543,0.8353604496695368,32.45280561628405,1.9212303458649398,43.0,83.0
마포구,서교동,누비스테이 홍대,0,중위험군,37.55315463,126.927343,193579.8291,450406.1061,23.57534656,-4.084277710257524,28.063781825543856,1.8923617894025884,43.0,83.0
마포구,합정동,스테이 서온,0,중위험군,37.54896244,126.9081269,191881.3861,449942.3091,40.05799576,5.437418880346996,34.327166136345404,2.5809287734020723,43.0,83.0
마포구,연남동,포레스트 연남,0,중위험군,37.5636183,126.9197142,192906.7193,451567.998,31.62598176,0.7970427132084019,34.896701586765474,3.1244965722510676,43.0,83.0
마포구,동교동,센테니얼,0,중위험군,37.55685321,126.9217056,193082.0331,450817.0044,27.59019674,-3.364404143416788,33.232607160960214,2.2161514474793775,43.0,83.0
마포구,동교동,Ogada,0,중위험군,37.55493531,126.9279649,193634.9368,450603.698,30.96974865,0.5380084810216275,30.277944794083634,1.352830178634145,43.0,83.0
마포구,성산동,수니하우스,0,중위험군,37.55794477,126.9164707,192619.5987,450938.5528,31.19970535,2.653995385859826,31.09208549118181,3.1251035400418306,43.0,83.0
마포구,대흥동,서강제이스테이,0,중위험군,37.54967635,126.9440976,195060.0801,450019.0463,42.33524994,12.719201904591397,29.543046214242995,0.43724503085785693,43.0,83.0
마포구,망원동,대상101,0,중위험군,37.55340663,126.9044787,191559.5042,450435.8823,41.55074877,7.245178990407929,34.44862917494864,2.864369617353386,43.0,83.0
마포구,상암동,플레이스공백,0,중위험군,37.57368571,126.8950498,190728.8612,452687.5109,25.45795547,0.6202323555932132,30.02497953470364,5.3222473235420935,43.0,83.0
마포구,창전동,4U STAY 2호점,0,중위험군,37.55152012,126.9295253,193772.5227,450224.5482,27.06025953,0.10418288132326126,27.805292140004546,3.137655884790062,43.0,83.0
마포구,창전동,Meet seoul,0,중위험군,37.54384404,126.9310365,193905.4371,449372.4967,25.3817539,-4.688130614922557,29.736957361121476,-0.7733927836203843,43.0,83.0
마포구,동교동,NG HOUSE,0,중위험군,37.55405638,126.9283128,193665.6013,450506.1238,32.39205576,2.9474853991483805,29.053280546943455,1.7767080097697472,43.0,83.0
마포구,서교동,스테이 패스포트 삿포로 료칸 서울 홍대 2,0,중위험군,37.55016087,126.9224061,193143.3168,450074.1831,37.4126863,5.793601724442841,33.58440773192419,2.016467870749898,43.0,83.0
마포구,서교동,LaLa House,0,중위험군,37.55298572,126.926104,193470.3338,450387.4444,30.68509449,1.438787599754999,29.136863989290813,1.8116766632157124,43.0,83.0
마포구,연남동,파크애비뉴2,0,중위험군,37.55972368,126.9222049,193126.4132,451135.5559,29.18723315,-2.8406154925337326,34.39495894609853,2.905095776636744,43.0,83.0
강서구,공항동,다산하우스,0,중위험군,37.55819835,126.8091533,183137.394,450980.5368,36.66551807,3.5308102890947595,32.61694184564645,0.4986303988455474,43.0,83.0
마포구,연남동,게스트하우스 미야,0,중위험군,37.55831432,126.9248872,193363.2837,450978.9409,33.26936542,-0.2726175163712483,35.27019296640634,1.7731842156255917,43.0,83.0
마포구,연남동,써니힐게스트하우스,0,중위험군,37.55782876,126.9202923,192957.2453,450925.3838,25.18874332,-4.857914015201619,32.996087294445374,3.2011628540356156,43.0,83.0
마포구,서교동,해피트리 게스트하우스 2호점,0,중위험군,37.55203802,126.9268585,193536.9191,450282.2089,23.74382047,-4.1326844843578385,28.583276890618006,2.1818845605763606,43.0,83.0
마포구,서교동,에이블게스트하우스2,0,중위험군,37.55280968,126.9261264,193472.2995,450367.9045,31.58223256,2.307721785790278,29.060083336576152,1.8861679615295597,43.0,83.0
마포구,서교동,홍대게스트하우스 마마스앤파파스,0,중위험군,37.54670433,126.9198148,192914.0087,449690.7409,39.34662083,5.3452758849998006,32.95763575210944,2.7189721281942756,43.0,83.0
마포구,서교동,Dream House,0,중위험군,37.55175436,126.9156247,192544.2258,450251.5577,30.00158181,-1.4154591729025832,29.831457322554858,2.0743032583293255,43.0,83.0
마포구,서교동,코코아2,0,중위험군,37.54705335,126.9209993,193018.7097,449729.3893,26.36162214,-7.956584390353001,33.52020556791656,2.917656792408219,43.0,83.0
마포구,서교동,오리 게스트하우스,0,중위험군,37.55317553,126.927908,193629.7549,450408.3873,24.42336585,-4.3432666679166445,27.85285052538325,2.0723432483343722,43.0,83.0
마포구,동교동,패밀리하우스텔＃,0,중위험군,37.55684199,126.9226019,193161.2268,450815.6935,32.9948693,-0.6087382594852002,33.385149430180064,1.921623132647647,43.0,83.0
마포구,연남동,Kassy's House,0,중위험군,37.56079124,126.9253162,193401.4053,451253.8195,40.16257635,5.913061482903487,36.56119888424347,2.3718422758116375,43.0,83.0
마포구,신수동,The house Maxminium,0,중위험군,37.54674616,126.9326125,194044.9467,449694.496,35.03725006,8.407808811999203,26.977891908295803,0.3575185886097869,43.0,83.0
마포구,연남동,서울크라운88게스트하우스,0,중위험군,37.56035396,126.9256121,193427.5108,451205.2659,31.7595665,-2.9139512732779664,36.62670253955183,2.2499857682625706,43.0,83.0
마포구,성산동,이강게스트하우스,0,중위험군,37.55755256,126.9146392,192457.7252,450895.1675,28.62220364,0.29024211444020764,30.900910719475444,3.152807641620935,43.0,83.0
마포구,동교동,Seoulwise,0,중위험군,37.55706685,126.9220143,193109.3334,450840.6932,36.05495544,4.008358424294002,33.39614909318395,2.2715724671591837,43.0,83.0
마포구,연남동,스튜디오41,0,중위험군,37.55876326,126.9207348,192996.4309,451029.0692,22.27170157,-9.240009751895894,33.7483214207532,3.4548685110989372,43.0,83.0
마포구,서교동,LikeU,0,중위험군,37.5536952,126.9271158,193559.7951,450466.1184,31.80733007,2.874012339433186,29.10036644234507,1.618392705158599,43.0,83.0
마포구,서교동,홀리데이 게스트하우스,0,중위험군,37.55039705,126.9196745,192901.9552,450100.599,24.25475427,-7.720872851486114,32.362534882303834,1.8115941494055425,43.0,83.0
마포구,신수동,이안,0,중위험군,37.54369213,126.9389939,194608.6504,449355.1505,29.24049188,0.781659900655697,28.169788961007004,-0.28119461732247153,43.0,83.0
마포구,서교동,호 홈텔,0,중위험군,37.55201076,126.9110999,192144.4214,450280.3835,26.70511878,-2.747158519102534,31.74717114892339,3.257668532500088,43.0,83.0
마포구,연남동,SARA HOME,0,중위험군,37.55742324,126.9197339,192907.8691,450880.4179,29.64589898,-3.7763817390070358,32.25586073272616,3.0386466403371,43.0,83.0
마포구,연남동,Kw 홍대 Line,0,중위험군,37.55875522,126.9241949,193302.1521,451027.9247,31.49584106,-2.2747730668799697,35.49358523692854,2.114559717614868,43.0,83.0
마포구,연남동,로이하우스,0,중위험군,37.56033744,126.9232228,193216.4063,451203.6021,28.34226138,-5.8130694507834555,36.04833331046527,2.687172049585417,43.0,83.0
마포구,대흥동,Yellow moon,0,중위험군,37.54668374,126.9429083,194954.7881,449686.9658,23.80997655,-5.605058092256851,29.382036501478524,-0.0338568700309709,43.0,83.0
마포구,연남동,라이크 하우스,0,중위험군,37.55803089,126.9249115,193365.4091,450947.4818,36.18848268,2.022221096305884,34.95928007158652,1.63931268674487,43.0,83.0
마포구,연남동,리앤노게스트하우스,0,중위험군,37.55866884,126.9202696,192955.3267,451018.6245,27.35316031,-2.874827571559944,33.45172647668225,3.7136097336358924,43.0,83.0
마포구,동교동,우와 게스트하우스,0,중위험군,37.55753315,126.9222792,193132.7814,450892.4276,40.07178591,2.6733547668026887,33.95095833310095,2.4296663894379966,43.0,83.0
마포구,연남동,Super 7,0,중위험군,37.55559792,126.9179905,192753.6557,450677.962,28.99010107,-1.3985584864077225,30.732307029055907,2.143795140361946,43.0,83.0
마포구,서교동,룩스 게스트하우스,0,중위험군,37.55209813,126.9296242,193781.3126,450288.6938,28.89382901,-0.02991865952825279,27.557914850069587,3.0975379739224094,43.0,83.0
마포구,연남동,써니힐게스트하우스 홍대,0,중위험군,37.55976759,126.920493,192975.1624,451140.556,32.52134,2.100242596579985,33.746797721946415,3.6095477670033613,43.0,83.0
마포구,연남동,아트하우스,0,중위험군,37.55751216,126.9209742,193017.4684,450890.1941,40.73077658,7.133523162460364,33.426076610785344,2.8335965455662575,43.0,83.0
마포구,합정동,스테이민,0,중위험군,37.54890658,126.9064695,191734.9157,449936.2537,33.96804287,1.1934578180743287,34.31553828035897,2.380294530866334,43.0,83.0
마포구,서교동,홍대 센트럴 스테이,0,중위험군,37.55273594,126.9273541,193580.7766,450359.6357,31.42582019,2.3664554495856827,28.06306903269614,2.015912025136301,43.0,83.0
마포구,동교동,JS house2,0,중위험군,37.5576649,126.9250506,193377.669,450906.8514,25.14515607,-9.580587726835589,34.557987729988085,1.4756326062184328,43.0,83.0
마포구,연남동,스윗 멜로디,0,중위험군,37.55806102,126.9244259,193322.5004,450950.8602,40.81468876,5.875340416591079,34.83153500981937,1.7847014173120697,43.0,83.0
마포구,연남동,맞이,0,중위험군,37.55876481,126.9210109,193020.8261,451029.2207,35.77006471,1.4949809389610422,33.89819123671526,3.3152596096206746,43.0,83.0
마포구,합정동,haven stay,0,중위험군,37.55036823,126.908171,191885.4355,450098.3311,38.17786029,3.4074790858547956,34.15690818083706,2.7855630163300527,43.0,83.0
마포구,신공덕동,송희,0,중위험군,37.54064205,126.9533211,195874.6391,449015.9037,25.82337604,-1.6469572424718386,27.556897051204878,0.13371415918698845,43.0,83.0
마포구,도화동,리틀포레스트,0,중위험군,37.53795091,126.9514522,195709.3091,448717.3037,29.33889992,1.2761119968621735,28.057839351790598,-0.010229592266294246,43.0,83.0
마포구,창전동,고요 홍대,0,중위험군,37.54996029,126.9257236,193436.4579,450051.6844,26.39344157,-1.3252458586899323,30.63525088327232,2.4399347260343243,43.0,83.0
마포구,연남동,Steady 게스트하우스,0,중위험군,37.55833333,126.9202425,192952.8962,450981.3888,27.7291516,-5.9751472939056995,33.29829113774345,3.571365820797614,43.0,83.0
마포구,창전동,웰컴하우스,0,중위험군,37.55015445,126.9256913,193433.618,450073.2361,29.01780701,-1.6644728576437977,30.53502935774086,2.437529616922625,43.0,83.0
마포구,서교동,+82 Capsule Hotel,0,중위험군,37.5468202,126.9198665,192918.5875,449703.5972,36.97728226,3.2851331021786194,32.95897806074003,2.6806253777760185,43.0,83.0
마포구,서교동,로터스로터스,0,중위험군,37.55181873,126.9262993,193487.4895,450257.9089,22.83674666,-6.591788921784545,29.17435719535104,2.2358292124137127,43.0,83.0
마포구,노고산동,마포자이,0,중위험군,37.55296342,126.9404764,194740.3144,450384.0682,21.00371472,-7.261338276720711,28.65735478038977,1.8368502471860364,43.0,83.0
마포구,대흥동,루트9,0,중위험군,37.54983429,126.9438568,195038.8118,450036.5884,41.57305109,12.27448785002705,29.386729680229465,0.5500136075740429,43.0,83.0
마포구,연남동,연남 로망,0,중위험군,37.56062507,126.9244771,193327.2565,451235.4358,48.52961673,11.904096995794866,36.47581098334447,2.4782224141424374,43.0,83.0
마포구,성산동,라이터스 룸,0,중위험군,37.55856936,126.9062053,191712.6399,451008.7304,27.10731695,-5.552522890796698,33.48096387505157,5.122463729195432,43.0,83.0
마포구,서교동,블루스테이,0,중위험군,37.55533263,126.9118343,192209.6627,450649.0104,35.30757303,4.9138259636717265,30.88116279602614,3.0406726538973206,43.0,83.0
마포구,서교동,서교 도우너,0,중위험군,37.55321396,126.9180289,192756.8109,450413.3679,28.51137281,-3.6510939809777945,31.873004764206648,1.7337352795708347,43.0,83.0
마포구,연남동,Cozy Studio 202,0,중위험군,37.55650637,126.9182881,192780.0401,450778.7663,30.81049452,2.2153453863210792,30.587116595565735,2.4446922697308944,43.0,83.0
마포구,동교동,스페이스 코아,0,중위험군,37.55270699,126.9305703,193864.9654,450356.2079,23.86757789,-4.581588988125848,28.037677261476073,3.619585907439757,43.0,83.0
마포구,서교동,L&Y Stay,0,중위험군,37.55289856,126.9289348,193720.466,450377.5778,27.6736049,-0.35044786491212676,27.602956743744095,2.5221582123555053,43.0,83.0
마포구,합정동,골든트리,0,중위험군,37.54668998,126.906308,191720.4,449690.252,37.52472058,-0.3832304971829643,34.507444906048576,2.223625505918599,43.0,83.0
마포구,도화동,하안 하우스,0,중위험군,37.53890888,126.9516033,195722.7235,448823.6197,32.53226493,4.579444878593733,27.956041702236213,-0.005843780920002387,43.0,83.0
마포구,합정동,하얀 딸기,0,중위험군,37.54541282,126.9143001,192426.5429,449547.8288,36.51783848,4.26327721052639,32.72266324423137,2.9201865823319784,43.0,83.0
마포구,망원동,아우픈,0,중위험군,37.55453031,126.9045442,191565.4159,450560.5915,36.24302856,0.1931571082729704,34.464659296822404,3.2075298736190296,43.0,83.0
마포구,염리동,초록스테이 공덕,0,중위험군,37.54514616,126.9489945,195492.5309,449516.0038,19.78585128,-8.860625818513348,28.711684980613033,-0.1698733853982438,43.0,83.0
마포구,상암동,스테이 디어,0,중위험군,37.57413025,126.8955269,190771.0579,452736.8028,20.53888739,-8.24575380561577,29.925693766375176,5.34267949803612,43.0,83.0
마포구,망원동,STAY WOL,0,중위험군,37.55393329,126.9037089,191491.5462,450494.4047,29.01706952,-4.718734301634093,34.528066302804,2.9272276138702185,43.0,83.0
마포구,서교동,풀문스테이,0,중위험군,37.54997981,126.9223443,193137.8383,450054.0922,42.6935332,8.865046856152802,33.593886584804935,2.0636097421647674,43.0,83.0
마포구,아현동,Stay On Seoul,0,중위험군,37.55149333,126.960066,196471.2428,450219.9901,32.08604884,0.43687715602789723,29.149339132000893,1.6346658830601137,43.0,83.0
마포구,성산동,써니 스프링,0,중위험군,37.56259425,126.9137567,192380.2658,451454.8068,29.50420272,-3.982899135368239,34.20784610283606,4.49625892272227,43.0,83.0
마포구,서교동,BTS Guest house,0,중위험군,37.55464626,126.9126246,192279.4212,450572.7663,23.99903008,-4.640074317689525,30.544489335686766,2.7047493091228545,43.0,83.0
마포구,상수동,상수 아뜰리에,0,중위험군,37.54566293,126.9245223,193329.9176,449574.8137,36.73465065,3.1399980064766595,33.862708563231834,2.596965522288291,43.0,83.0
마포구,서교동,정원스테이 1,0,중위험군,37.55230664,126.9266384,193517.4988,450312.0377,30.32865026,1.4198653291730672,28.669915111335136,2.1011704727438225,43.0,83.0
마포구,서교동,KING HOUSE,0,중위험군,37.55209038,126.9231987,193213.5344,450288.2781,42.21776619,8.835775104925816,32.941624112736655,1.6100728551379095,43.0,83.0
마포구,창전동,초록이네,0,중위험군,37.54627008,126.9305852,193865.7501,449641.7872,22.24778781,-6.706583273380161,29.111676044499482,0.125983124187629,43.0,83.0
마포구,노고산동,스테이하이 신촌,0,중위험군,37.55230764,126.9322726,194015.3534,450311.775,32.05220032,6.070359430171862,28.01823505555258,3.7653104466746163,43.0,83.0
마포구,망원동,쥐에이치302,0,중위험군,37.5517225,126.8990535,191079.9203,450249.4649,35.3914195,2.421688745195958,34.626406344403705,2.3516991590792578,43.0,83.0
마포구,서교동,딥 서울,0,중위험군,37.55011629,126.9193083,192869.5723,450069.4657,31.66683114,-0.8326277439578504,32.180327171239,1.9114421167511608,43.0,83.0
마포구,연남동,민트하우스,0,중위험군,37.55935718,126.9250912,193381.4042,451094.6716,39.92167612,5.8785086176332015,36.201042162877854,2.099281770868376,43.0,83.0
마포구,연남동,헬로 연남 스테이,0,중위험군,37.56024134,126.9173929,192701.2977,451193.3729,31.81894065,-0.7582304831945983,33.21497791569925,3.978865522526945,43.0,83.0
마포구,동교동,메종513,0,중위험군,37.55457418,126.9284655,193679.1379,450563.5831,31.08881327,2.898721446527599,29.776618564484316,1.6278138223587955,43.0,83.0
마포구,서교동,유스스페이스,0,중위험군,37.54940196,126.9197132,192905.2806,449990.1531,27.15666719,-5.000358682610226,32.60647722276818,2.104438108627569,43.0,83.0
마포구,서교동,apple house 101호,0,중위험군,37.55290289,126.9279042,193629.3942,450378.1278,23.57576336,-4.519047826560133,27.851025556910674,2.1444114111548545,43.0,83.0
마포구,망원동,행복이 가득한 집,0,중위험군,37.55246365,126.902778,191409.1197,450331.3768,23.68320137,-10.42117162575974,34.514191684572076,2.5565947182298783,43.0,83.0
마포구,연남동,JS Yeonnam guest,0,중위험군,37.56165342,126.9230161,193198.2649,451349.6753,31.27147034,-2.5135920764676243,35.76910283743727,2.8164030537210283,43.0,83.0
마포구,상암동,Stay Iris,0,중위험군,37.5753065,126.8933182,190576.0958,452867.5723,30.66388628,1.5439336380890367,29.955260150972517,5.2109452888871,43.0,83.0
마포구,상암동,스테이 네버랜드 DMC,0,중위험군,37.57513805,126.893324,190576.5869,452848.8757,23.86274041,-5.250922581036164,29.949307851854094,5.213049809110496,43.0,83.0
마포구,서교동,시티 오아시스 홍대점,0,중위험군,37.55287535,126.9260075,193461.7953,450375.2014,30.89315707,1.4888603867821573,29.194921482600506,1.8417269716113136,43.0,83.0
마포구,합정동,희우스테이,0,중위험군,37.54739762,126.9043256,191545.2998,449768.9679,35.04256106,0.4375297090383796,34.36069239335107,2.1492786496199456,43.0,83.0
마포구,상암동,스테이 하루,0,중위험군,37.57474949,126.893449,190587.5766,452805.7374,26.75574957,-3.791052938950582,29.95299812539641,5.223281199627359,43.0,83.0
마포구,연남동,그린하우스102,0,중위험군,37.5578824,126.917783,192735.5402,450931.5282,38.8693751,7.066998413889102,31.43632873388611,3.2198674175725084,43.0,83.0
마포구,연남동,예하우스 연남,0,중위험군,37.55996888,126.9229258,193190.1298,451162.7178,40.85664227,7.269816414029208,35.503104188637366,2.720212799527502,43.0,83.0
마포구,성산동,브라우니 포레스트,0,중위험군,37.56220648,126.9133615,192345.3069,451411.801,33.71841733,0.948526723645621,34.03166594926532,4.661969630084457,43.0,83.0
마포구,합정동,Y's STAY,0,중위험군,37.54883563,126.9070973,191790.3914,449928.3241,42.45819566,8.237521634786724,34.34256155939826,2.4404615214777077,43.0,83.0
마포구,연남동,올해피하우스,0,중위험군,37.5589573,126.9200435,192935.3686,451050.6571,39.99342163,8.434235396869326,33.428158018744895,3.8635028137468868,43.0,83.0
마포구,연남동,두부,0,중위험군,37.56257625,126.9234464,193236.3656,451452.0675,34.08966944,1.0823133334321327,36.021282365729036,2.777836090616931,43.0,83.0
마포구,망원동,온더집,0,중위험군,37.55051294,126.9064,191728.9561,450114.5465,33.46466143,2.3145954003957137,34.29095750014499,2.5154916753886654,43.0,83.0
마포구,동교동,kyoobee guesthouse,0,중위험군,37.55501325,126.9269668,193546.7508,450612.4165,37.08827618,6.413818579550114,30.829036759954604,0.9643197675622488,43.0,83.0
마포구,서교동,볼 게스트하우스,0,중위험군,37.54708647,126.9150678,192494.5538,449733.5222,22.80732285,-8.622852737712002,31.913200273990697,3.0132797635303747,43.0,83.0
마포구,망원동,다온하우스M,0,중위험군,37.55389926,126.9053715,191638.4466,450490.4786,31.12135511,-5.160258709044935,34.39983494792066,3.112590253371713,43.0,83.0
마포구,망원동,린덴스튜디오,0,중위험군,37.5516092,126.9052807,191630.1716,450236.3173,33.41491595,2.1221691736434387,34.361902099894905,2.5675898262143515,43.0,83.0
마포구,서교동,써니빌,0,중위험군,37.55242914,126.9279967,193637.5328,450325.5409,32.77585344,4.266814801600933,27.75922748804596,2.268118873300879,43.0,83.0
마포구,서교동,하모니 스테이,0,중위험군,37.55054647,126.9198745,192919.6408,450117.1678,30.68323792,-1.32604382917118,32.48637843265189,1.7627624929409431,43.0,83.0
마포구,서교동,Comfy & Cozy,0,중위험군,37.55105539,126.9207869,193000.3151,450173.5835,31.51898508,-0.6485530412590634,32.95823640489936,1.634516404786268,43.0,83.0
마포구,서교동,어반 오아시스,0,중위험군,37.55267504,126.9266128,193515.265,450352.9274,30.79370271,2.46413671560844,28.64823796962836,1.9879891058637498,43.0,83.0
마포구,연남동,JUST MANSION 1,0,중위험군,37.55874771,126.9249481,193368.7004,451027.0377,31.73490856,-1.7343447067076951,35.673860808231154,1.9368137653036435,43.0,83.0
마포구,합정동,몽키하우스,0,중위험군,37.54610257,126.9151674,192503.2516,449624.3132,39.11971898,6.078541228934824,32.36427855137358,3.073558746359463,43.0,83.0
마포구,서교동,샬루스테이,0,중위험군,37.54846762,126.9174357,192703.9395,449886.6268,33.52278603,2.283545552308045,31.615382160703252,2.346505580015495,43.0,83.0
마포구,성산동,Onul,0,중위험군,37.56028967,126.9055058,191651.0266,451199.7264,23.88553162,-2.7558028922114026,33.2680627649957,5.307244746050432,43.0,83.0
마포구,합정동,YG Stay House,0,중위험군,37.54640733,126.9051248,191615.8121,449658.9861,31.75355595,0.16472892113291948,34.478009695812695,2.150085857644407,43.0,83.0
마포구,서교동,굿데이하우스,0,중위험군,37.54600767,126.9175288,192711.9191,449613.5948,22.06565094,-9.665463313793822,32.6353990629245,2.791629042101168,43.0,83.0
마포구,성산동,블루스프링 하우스,0,중위험군,37.56385593,126.9095673,192010.2603,451595.1863,27.42669595,1.2194604734108232,32.905856236667226,5.364822349516342,43.0,83.0
마포구,성산동,베이스캠프 하우스,0,중위험군,37.56114282,126.9089216,191952.9226,451294.1181,23.6638318,-1.669725737493767,32.76296632892942,5.361829768942911,43.0,83.0
마포구,서교동,스테이 시오,0,중위험군,37.55274182,126.9278376,193623.4981,450360.2554,22.62545372,-4.268740395548775,27.833059400306627,2.180992531649325,43.0,83.0
마포구,연남동,소소연남,0,중위험군,37.56120277,126.9166027,192631.581,451300.1419,27.93528747,-2.802195406609396,34.237081567360235,3.7982883091537114,43.0,83.0
마포구,연남동,연남 베통부르트2,0,중위험군,37.56263081,126.9222676,193132.2252,451458.2085,30.3705705,-2.240168337946976,35.486738427108,2.9508433506444014,43.0,83.0
마포구,창전동,시크릿 온 하우스,0,중위험군,37.55016429,126.9280507,193642.1111,450074.166,29.68410825,1.0995142103820434,29.31689210136826,2.705672878480556,43.0,83.0
마포구,서교동,Check in H,0,중위험군,37.55318919,126.928484,193680.6565,450409.8645,26.24392256,1.670275920144931,27.618368715896473,2.265835923443039,43.0,83.0
마포구,서교동,코지데이즈,0,중위험군,37.55253459,126.9277373,193614.6211,450337.2622,31.96039936,3.8442173456184,27.86703843170492,2.191541570666407,43.0,83.0
마포구,동교동,화이트그린 게스트하우스,0,중위험군,37.55394319,126.9302668,193838.2525,450493.4311,37.0364581,8.19408466422686,28.490049167273078,3.099149785344963,43.0,83.0
마포구,망원동,MANGWON ATELIER,0,중위험군,37.55443326,126.9049301,191599.5098,450549.7856,40.9956845,6.3677803235693915,34.4328932067579,3.2281383236999184,43.0,83.0
마포구,성산동,제이선 하우스,0,중위험군,37.55665905,126.9103047,192074.651,450796.3551,23.03603287,-6.997194029634837,31.970811462494737,4.005337837682555,43.0,83.0
마포구,합정동,리버사이드 스테이,0,중위험군,37.54766936,126.9033077,191455.3812,449799.2198,37.06684634,-5.2729175056238375,34.387738084858334,2.113223859079527,43.0,83.0
마포구,서교동,글로리 데이즈,0,중위험군,37.54659986,126.9166466,192634.0208,449679.3895,33.11392292,1.2882101031661222,32.270195512960036,2.7728411228729475,43.0,83.0
마포구,창전동,수 하우스,0,중위험군,37.5498158,126.9273501,193580.1727,450035.5354,31.09879714,1.8910768192158578,29.62926283804763,2.629732129270155,43.0,83.0
마포구,노고산동,Home Sweet Home,0,중위험군,37.55281226,126.9389285,194603.5318,450367.3789,35.4579583,8.20796806327617,27.702734645079154,2.119856990252994,43.0,83.0
마포구,동교동,온하루 게스트 하우스,0,중위험군,37.55664652,126.9209554,193015.7264,450794.1197,34.95459312,2.5502611016004906,32.879250487040615,2.2236812138803357,43.0,83.0
마포구,서교동,유락,0,중위험군,37.5503917,126.9216833,193079.4643,450099.8555,34.30032908,2.148268412051891,33.36560679039026,1.874552157004766,43.0,83.0
마포구,서교동,사랑이네,0,중위험군,37.54749813,126.9157605,192555.8077,449779.1564,31.58564063,0.1292771214126347,31.743506083648402,2.7818798712802866,43.0,83.0
마포구,동교동,Haoguesthouse,0,중위험군,37.55264313,126.9307969,193884.9816,450349.1054,16.79140741,-7.1021311722686775,28.188177951263537,3.7729693336421373,43.0,83.0
마포구,연남동,중전 하우스,0,중위험군,37.5575546,126.9177931,192736.4016,450895.1455,25.42636995,-3.842775750099932,31.065457162381207,3.023559985759248,43.0,83.0
마포구,망원동,인 스테이,0,중위험군,37.55166977,126.9044573,191557.4217,450243.1135,23.87696958,-8.296089722796161,34.36757823269528,2.527992459144282,43.0,83.0
마포구,망원동,수지 케이원스테이,0,중위험군,37.55713406,126.9051883,191622.627,450849.5193,42.68450554,11.677382670619565,33.97235694345175,4.580366437485254,43.0,83.0
마포구,연남동,KeKeKe,0,중위험군,37.55965822,126.9220764,193115.0536,451128.3001,21.87344993,-8.974769703662922,34.364928336058725,2.942003429015486,43.0,83.0
마포구,서교동,스테이 서교드레곤,0,중위험군,37.55121526,126.9129189,192305.0757,450191.9421,31.12642349,1.5362333130151633,30.354546882988544,2.8241221941457777,43.0,83.0
마포구,서교동,dou dou,0,중위험군,37.54873272,126.9198101,192913.7827,449915.8681,38.81549789,6.52019347590533,32.79063335937681,2.319247919472713,43.0,83.0
마포구,서교동,트랭퀼 해븐 홍대,0,중위험군,37.55253691,126.9281922,193654.8117,450337.4889,26.00375615,-1.0459074587373145,27.67744664098276,2.3195138873602064,43.0,83.0
마포구,노고산동,멜로우 스테이 2호점,0,중위험군,37.55139021,126.9373861,194467.1327,450209.6381,25.38253696,-0.996612225849745,26.371543158005693,2.284108197881643,43.0,83.0
마포구,서교동,비나인 게스트하우스,0,중위험군,37.55202404,126.9303693,193847.1518,450280.4217,27.97971066,-0.36788340831782307,27.932860269423763,3.648122706079246,43.0,83.0
마포구,연남동,비스타스테이,0,중위험군,37.55740282,126.917767,192734.079,450878.3017,23.11500448,-4.1788962634018105,30.96592094576145,2.9408645085417526,43.0,83.0
마포구,망원동,JSM Studio,0,중위험군,37.55285681,126.898384,191020.8982,450375.4235,34.80654346,2.8083844147255377,34.67180107883505,2.464207381199205,43.0,83.0
마포구,연남동,블루 스테이,0,중위험군,37.5610275,126.9262094,193480.3444,451279.9793,33.25568755,-2.2325662906424313,36.59279539632624,2.2832872283742494,43.0,83.0
마포구,동교동,우드사이드,0,중위험군,37.55482251,126.9276038,193603.0193,450591.2031,25.64313331,-5.207839187655992,30.214948968331836,1.2869346631742047,43.0,83.0
마포구,창전동,VERVE STAY,0,중위험군,37.55005907,126.9268709,193537.8493,450062.5683,30.97216399,0.7367935689166103,29.685387787859007,2.4972757147042923,43.0,83.0
마포구,염리동,지안네이쳐,0,중위험군,37.55298988,126.9465876,195280.326,450386.6805,29.171108,-0.4438086860491488,30.546229301047052,0.7791162529164265,43.0,83.0
마포구,연남동,소풍 게스트하우스,0,중위험군,37.55958254,126.9232542,193219.1104,451119.8149,38.67684091,2.8391986229458723,35.681950318793334,2.5772663470083974,43.0,83.0
마포구,서교동,우디하우스,0,중위험군,37.55260324,126.9267013,193523.0807,450344.9524,30.37088121,2.1093789603820454,28.5834709482702,2.008555238891533,43.0,83.0
마포구,성산동,seaven 하우스,0,중위험군,37.56227653,126.9059323,191688.9357,451420.2067,32.2755314,-1.2173552901290776,32.86538611120376,5.519683025978984,43.0,83.0
마포구,창전동,코리하우스,0,중위험군,37.55181818,126.9304978,193858.4888,450257.5653,28.74953165,-0.5978765918305697,28.087654599147626,3.810654204506227,43.0,83.0
마포구,동교동,도우 하우스,0,중위험군,37.55400495,126.9252355,193393.6761,450500.6275,30.72945564,0.29212473156760055,30.611752398086445,1.0881032792516667,43.0,83.0
마포구,서교동,GROG STUDIO,0,중위험군,37.55183504,126.9254802,193415.1091,450259.7762,33.65734025,3.32536598137888,30.07985322328519,2.2177322239545147,43.0,83.0
마포구,연남동,달 하우스,0,중위험군,37.55841366,126.9248547,193360.4235,450989.9687,41.41296388,5.753501100133413,35.35452614133848,1.8264205987471085,43.0,83.0
마포구,상암동,Via Stay,0,중위험군,37.57462768,126.8944528,190676.2335,452792.1178,30.51205888,-0.3203817244374676,29.951241705367387,5.277948325997997,43.0,83.0
마포구,서교동,다다하우스,0,중위험군,37.55298757,126.9288081,193709.2753,450387.4653,32.31160952,4.301337178419185,27.59977952095999,2.4586502521918665,43.0,83.0
마포구,성산동,포테이토 앨리,0,중위험군,37.56073424,126.9099892,192047.2025,451248.6797,23.21368799,-3.4348777004262523,32.79062790951578,5.138318137489591,43.0,83.0
마포구,연남동,온하우스,0,중위험군,37.55661624,126.9201559,192945.0844,450790.8187,28.80088208,-2.759865236279399,32.20291623529485,2.372666429609818,43.0,83.0
마포구,구수동,헤이포레스트,0,중위험군,37.54236636,126.9324919,194033.9438,449208.3988,31.84433256,1.629106269746874,29.41638764259726,-0.8670192683265747,43.0,83.0
마포구,서교동,벨 하우스,0,중위험군,37.5528088,126.9280929,193646.062,450367.6721,24.15956058,-4.507678875031896,27.687214501814818,2.22257399641677,43.0,83.0
마포구,연남동,복합문화공간 봄날,0,중위험군,37.55990228,126.9172449,192688.1952,451155.7527,30.43825896,-0.7416370613870242,32.90574441472101,4.009161396984903,43.0,83.0
종로구,연건동,더 모멘트 종로(The Momonet-Jongno),0,중위험군,37.57423456,126.9987163,199886.6043,452743.25,26.54252768,-4.533718378884011,31.45562216368647,1.4017074346123497,43.0,83.0
마포구,동교동,해피나인스,0,중위험군,37.55436431,126.9272422,193571.0269,450540.373,23.86706517,-5.1324073784764614,30.021395889105865,1.3486581397125383,43.0,83.0
마포구,연남동,마이 딥 포레스트,0,중위험군,37.55739223,126.918265,192778.0784,450877.088,19.96635202,-9.597285324731285,30.980504011204296,2.9289197379850487,43.0,83.0
마포구,망원동,해온스테이,0,중위험군,37.554256,126.9068165,191766.1723,450529.9449,33.93535407,-0.69893208339235,34.237657084738466,3.4888680765970452,43.0,83.0
마포구,서교동,오즈 305,0,중위험군,37.55097676,126.9237328,193260.6258,450164.6412,36.91130012,3.724978302365031,32.83794770993623,2.0865896910333954,43.0,83.0
마포구,성산동,로앤쿡드 더스테이,0,중위험군,37.56202672,126.9136903,192374.3467,451391.823,40.50944483,5.939242199449659,34.05271089833417,4.552012263144133,43.0,83.0
마포구,연남동,연남동 진영이네,0,중위험군,37.56280602,126.923179,193212.7594,451477.5886,28.53430499,-3.859806241017427,35.90990329299405,2.8157437935215452,43.0,83.0
마포구,연남동,무야스튜디오,0,중위험군,37.55946985,126.9181048,192764.1279,451107.6915,39.64028168,6.690209823014122,32.70354790307362,4.080864910675789,43.0,83.0
마포구,서교동,온스테이,0,중위험군,37.55247711,126.9267982,193531.6287,450330.9468,30.67167391,2.361028478873589,28.522897826425172,2.056332698093064,43.0,83.0
마포구,연남동,루하 하우스,0,중위험군,37.55919599,126.9197496,192909.4243,451077.171,31.40623758,-3.299776473018344,33.37410043153171,4.028932379943546,43.0,83.0
마포구,서교동,나인게스트하우스,0,중위험군,37.55278799,126.928838,193711.8979,450365.3124,25.96261061,0.4579936871532446,27.55028861179136,2.5106021358567685,43.0,83.0
마포구,연남동,크래프트맨스하우스,0,중위험군,37.55950426,126.9241199,193295.5978,451111.0646,36.52224377,2.5593490053282935,36.116537188576224,2.3374551094768323,43.0,83.0
마포구,연남동,캐리즈 홈2,0,중위험군,37.55850027,126.925375,193406.4031,450999.5448,30.62687923,-4.571079157836678,35.5643021530926,1.7153086317167068,43.0,83.0
마포구,연남동,아리아 하우스,0,중위험군,37.561434,126.9169165,192659.3271,451325.7812,34.29737212,-0.5155251461974686,34.39210496028236,3.701415148333475,43.0,83.0
마포구,성산동,Bang's House,0,중위험군,37.55876634,126.9163218,192606.5174,451029.749,23.87726737,-3.369418478896179,31.772037325085844,3.47597605234762,43.0,83.0
마포구,창전동,Dave's 93,0,중위험군,37.55160016,126.9310755,193909.5183,450233.3301,31.75813991,4.115971586393272,28.48000221937213,3.92293755114756,43.0,83.0
마포구,서교동,다다스테이,0,중위험군,37.55487185,126.9140081,192401.6977,450597.6913,31.37293487,1.1435201494774745,30.353395375220977,2.482370483760779,43.0,83.0
마포구,상암동,엠마하우스,0,중위험군,37.57499578,126.8944726,190678.0337,452832.9707,32.95278994,2.4455342361798955,29.907689943930784,5.27395999137901,43.0,83.0
마포구,노고산동,시니 하우스,0,중위험군,37.5521011,126.9319731,193988.8684,450288.8707,30.70296119,1.0176266058985028,28.22564217768091,3.8026521140451597,43.0,83.0
마포구,성산동,라라 하우스,0,중위험군,37.55721625,126.9161138,192587.9849,450857.7238,36.6999007,3.479044576993701,30.748774574870744,2.826051368390716,43.0,83.0
마포구,연남동,수림,0,중위험군,37.55939966,126.922284,193133.3732,451099.5878,34.60662346,0.67132254915186,34.3910303619783,2.8430023800957276,43.0,83.0
강서구,방화동,스카이빌하우스,0,중위험군,37.5674918,126.8088323,183111.1286,452012.0594,35.04752387,2.4784772986405272,32.643578936686836,0.46495939969290107,43.0,83.0
강서구,화곡동,서울 메이트(Seoul Mate),0,중위험군,37.52953479,126.8423549,186065.648,447793.7881,31.13328893,5.172107364074826,27.510504936179466,1.4279600772735725,43.0,83.0
강서구,방화동,STAY HARI(스테이 하리),0,중위험군,37.56551779,126.8152159,183674.6593,451791.8391,35.01459023,2.8958669149745973,32.62623551386665,0.5207194754010671,43.0,83.0
강서구,가양동,온더하우스,0,중위험군,37.55597212,126.8627488,187872.5653,450725.1866,24.98031601,-5.797397927867976,29.791634976949002,2.982810139289058,43.0,83.0
강서구,화곡동,서울의 밤,0,중위험군,37.53308137,126.8515273,186877.0233,448186.0956,28.38064628,-1.9717712521174882,32.340681544594744,1.5923700703356034,43.0,83.0
강서구,방화동,컴포홈,0,중위험군,37.56748202,126.8124535,183431.0465,452010.3293,32.69966703,0.5620669091179025,32.64398855047367,0.49263843664046986,43.0,83.0
강서구,화곡동,Dana Stay,0,중위험군,37.54287256,126.8414946,185992.1032,449274.2461,26.0999262,-3.466646691989965,29.7493872370305,1.7711324993914823,43.0,83.0
강서구,화곡동,WON STAY,0,중위험군,37.52982443,126.8364163,185540.7887,447826.831,12.49135168,-12.63437836957433,26.75070203575601,1.3594168752571725,43.0,83.0
강서구,등촌동,어반 아뜰리에(Urban Atelier),0,중위험군,37.54240912,126.8610881,187723.6008,449220.0712,29.70617775,2.5779497419697996,29.82278637113529,2.15803035374314,43.0,83.0
강서구,마곡동,트라세움,0,중위험군,37.56965891,126.8224524,184314.8615,452250.2231,32.70634673,0.7002244897270415,32.618176396595786,0.5954350160673567,43.0,83.0
강서구,방화동,문문스테이,0,중위험군,37.56198222,126.8086221,183091.3113,451400.5977,20.24005342,-12.307816617124491,32.62467555891422,0.47914015807227617,43.0,83.0
강서구,등촌동,정담가,0,중위험군,37.55264571,126.8563065,187302.7619,450356.8452,30.43649922,3.004924301535212,29.937527953502016,2.571166866064781,43.0,83.0
강서구,화곡동,까치,0,중위험군,37.53407531,126.8447126,186274.8841,448297.3835,39.93263183,7.99073653682521,31.676173726682944,1.5915415901304386,43.0,83.0
강서구,방화동,스테이 홀리,0,중위험군,37.56498705,126.814004,183567.4744,451733.1443,33.96442152,1.1085467544611731,32.630806319986746,0.5104270792860063,43.0,83.0
강서구,내발산동,투마운틴스테이,0,중위험군,37.55121011,126.8370222,185598.4574,450200.2901,33.92152398,4.493346651134434,28.933372237864386,2.246734101447853,43.0,83.0
강서구,화곡동,가치스테이,0,중위험군,37.5298184,126.8367007,185565.9275,447826.1181,19.08152692,-5.988411914782656,26.774311799041353,1.365006095741407,43.0,83.0
강서구,화곡동,어반하우징,0,중위험군,37.52782705,126.8381079,185689.9292,447604.8877,14.12891186,-10.903518642827683,26.63889002495519,1.3439297430162234,43.0,83.0
강서구,공항동,온유,0,중위험군,37.55901235,126.8121922,183406.085,451070.3405,34.76217051,2.1115788938059055,32.591476134120185,0.519997485157305,43.0,83.0
강서구,화곡동,온담,0,중위험군,37.5372785,126.8442462,186234.2474,448652.9667,32.42905877,0.8536677295235293,31.027941528558536,1.6559910713193282,43.0,83.0
강서구,방화동,K컬쳐Stay 도경하우스,0,중위험군,37.56575535,126.8137794,183547.8046,451818.456,40.35735934,7.8023377444935065,32.636203946504594,0.5064443751374833,43.0,83.0
강서구,방화동,아리아하우스,0,중위험군,37.56762493,126.8135239,183525.6408,452026.0025,24.06866528,-8.741953526094566,32.645012131367935,0.5009469708675162,43.0,83.0
강서구,등촌동,샤론,0,중위험군,37.55459497,126.8595707,187591.5182,450572.754,33.05007459,2.0524257095323115,29.86656591397105,2.9465899903226695,43.0,83.0
강서구,방화동,허쉬 하우스,0,중위험군,37.56597516,126.8098687,183202.3533,451843.5441,40.20728087,7.513527215474959,32.6397531534285,0.47500458056533035,43.0,83.0
강서구,화곡동,여우와달,0,중위험군,37.53136306,126.8429936,186122.4463,447996.6092,32.67152742,4.49336892582107,28.331586471619403,1.4864330099504763,43.0,83.0
강서구,화곡동,Damon's house,0,중위험군,37.53877684,126.8453888,186335.5064,448819.0976,33.76667331,3.320467806368171,30.25039301783697,1.7224252700574423,43.0,83.0
강서구,공항동,김포공항앞 아파트 복층,0,중위험군,37.55744321,126.8101914,183228.9516,450896.5394,32.77005868,0.27209884264228634,32.60713747806684,0.5111956781030684,43.0,83.0
강서구,방화동,그린하우스,0,중위험군,37.56599278,126.8092216,183145.1813,451845.6156,31.08625906,-3.5198149167536066,32.63971444696698,0.4698169974147788,43.0,83.0
강서구,화곡동,라움하우스,0,중위험군,37.52895832,126.8394741,185810.9064,447730.2377,39.06245205,13.624824503940605,26.93894134933525,1.3837112482114107,43.0,83.0
강서구,내발산동,코너스톤,0,중위험군,37.55150336,126.8354043,185455.5459,450233.0865,27.81149142,-0.6385098983011517,28.66301806269565,2.0637378255409926,43.0,83.0
강서구,등촌동,보아트래블홈(BoA travel home),0,중위험군,37.55100642,126.8620755,187812.2652,450174.1399,22.39404595,-3.9094688434559046,29.717709374237867,2.7343759332873843,43.0,83.0
강서구,내발산동,Cornerstay in Ujangsan,0,중위험군,37.54773545,126.832452,185193.9221,449815.3542,36.26766294,5.998437302544843,29.61650292232256,1.7004112658712445,43.0,83.0
강서구,화곡동,스테이 쿠,0,중위험군,37.54526889,126.8493382,186685.7027,449539.0703,26.3972517,-0.3592323552100538,29.277477411101188,2.01902480869948,43.0,83.0
강서구,마곡동,하니하우스,0,중위험군,37.57298497,126.8370528,185605.3532,452617.0406,36.13581892,3.841130232502273,32.29156796413039,0.9371606274409117,43.0,83.0
강서구,화곡동,이도트라움,0,중위험군,37.53152766,126.8403627,185889.935,448015.2692,23.22459113,-3.0193613901251553,27.731736725970034,1.4473863192667313,43.0,83.0
강서구,화곡동,헤나스테이,0,중위험군,37.54322275,126.8432758,186149.5824,449312.8491,30.97695534,1.6366278254368467,29.528713225023026,1.8251087142119402,43.0,83.0
강서구,등촌동,브리즈스테이,0,중위험군,37.53400674,126.8605343,187673.2762,448287.5817,27.23929533,-2.478016012443014,31.36596608535143,1.4483925778878501,43.0,83.0
강서구,등촌동,서울로와 스테이,0,중위험군,37.54988505,126.8632009,187911.5277,450049.5359,23.44861266,-3.042247654073279,29.704233744830645,2.6882396160804953,43.0,83.0
강서구,개화동,럭키비키하우스,0,중위험군,37.57627585,126.7995523,182293.3573,452988.6968,27.58311222,-4.69235449689393,32.64116655552952,0.42127065835953253,43.0,83.0
강서구,방화동,연담스테이,0,중위험군,37.5695928,126.8120742,183398.0001,452244.6686,34.9953594,2.2654748676685372,32.6484670279808,0.4876508371129037,43.0,83.0
강서구,내발산동,브라보스테이,0,중위험군,37.55137651,126.8369821,185594.9443,450218.7647,33.34969786,4.182473296079046,28.913224307311367,2.2342623291334154,43.0,83.0
강서구,화곡동,컴피화곡,0,중위험군,37.54176816,126.8419891,186035.6004,449151.5974,33.54100961,5.542300501715022,29.881429895219043,1.7352414428200797,43.0,83.0
강서구,화곡동,행복감스테이,0,중위험군,37.53873628,126.8477643,186545.4418,448814.2534,32.06027015,2.8425776144287305,30.08995674426447,1.8031279287126099,43.0,83.0
강서구,화곡동,Happy our sweet home,0,중위험군,37.53483932,126.8474673,186518.4896,448381.7808,29.13063949,-3.35282111108544,32.20304242899667,1.67956703477186,43.0,83.0
강서구,내발산동,스텔라하우스,0,중위험군,37.55155149,126.8390605,185778.6334,450237.8689,21.44087469,-7.35413833937303,28.917854567328437,2.4595628143919956,43.0,83.0
강서구,화곡동,승희하우스,0,중위험군,37.54097548,126.8325965,185205.3618,449065.0559,26.75166287,-3.645428949609908,32.2155980056927,1.4564136378601316,43.0,83.0
강서구,화곡동,오르카 스테이 402,0,중위험군,37.52995082,126.8446145,186265.4537,447839.63,32.45918833,5.890472273191094,28.154104138378916,1.4611997281727802,43.0,83.0
강서구,화곡동,포우스테이,0,중위험군,37.54935107,126.8468729,186468.5778,449992.4953,29.0083722,1.1595542016504972,29.313916375964986,2.2631223265386877,43.0,83.0
강서구,화곡동,은율하우스,0,중위험군,37.54607088,126.8513746,186865.8062,449627.7951,25.12712092,-1.7940464516900398,29.456799371858388,2.1212556030400123,43.0,83.0
강서구,내발산동,감성아지트,0,중위험군,37.55272323,126.8361465,185521.3679,450368.363,13.10751804,-13.41432777745518,28.70048886983544,2.1194862374479824,43.0,83.0
강서구,등촌동,스테이 미야,0,중위험군,37.55259612,126.8588205,187524.8983,450351.0047,33.0807682,2.964682570590533,29.80147878055081,2.767376065972601,43.0,83.0
강서구,등촌동,플랜트리,0,중위험군,37.55583703,126.8448183,186288.2111,450712.6576,30.8726294,1.9861251005265643,29.338335941442715,2.8186864604331463,43.0,83.0
강서구,화곡동,스테이진,0,중위험군,37.5332692,126.853607,187060.8793,448206.6543,35.30141779,3.963186013827521,32.11950555398487,1.6150342461659217,43.0,83.0
강서구,화곡동,달보드레126,0,중위험군,37.54300421,126.8419518,186032.5275,449288.7896,26.94433327,-2.550439845425643,29.679254124187132,1.7872793848072521,43.0,83.0
강서구,화곡동,컴포트하우스,0,중위험군,37.53992554,126.8368112,185577.6359,448947.8705,40.16540532,8.881525348593996,31.108286750864465,1.5445705573053508,43.0,83.0
강서구,화곡동,Chill&Cozy,0,중위험군,37.54007381,126.8396905,185832.1329,448963.8889,40.73908381,9.972969021800811,30.58193548853805,1.6200962807354888,43.0,83.0
강서구,화곡동,haus.grove(하우스 그로브),0,중위험군,37.53538056,126.8370184,185595.0781,448443.4011,34.14848675,4.910995094087433,29.54808870767531,1.4542892616234815,43.0,83.0
강서구,화곡동,달온재,0,중위험군,37.54293876,126.8420651,186042.5361,449281.5086,26.71136175,-2.7924382183856054,29.688223667539766,1.7867241608283198,43.0,83.0
영등포구,(영등포동,kelly homestay,0,중위험군,37.52670733,126.9043022,191540.8907,447472.6008,36.71600374,4.367061094054996,32.34308030712695,1.7604742485324378,43.0,83.0
영등포구,신길동,보나,0,중위험군,37.51294457,126.9177036,192724.1609,445943.9864,21.69705205,-8.917940289669922,30.605367667106826,2.890311993860078,43.0,83.0
영등포구,(당산동,소울 스테이 아틀리에 영등포,0,중위험군,37.52351734,126.8968506,190881.8294,447119.2478,34.2078846,2.1980007185034793,31.32516130152704,1.552865155120668,43.0,83.0
영등포구,신길동,슈롱하우스,0,중위험군,37.50431016,126.9089913,191952.9796,444986.3865,15.44384157,-9.223155347576519,27.82926097054849,2.5326086479716583,43.0,83.0
영등포구,(당산동,휴휴휴스테이,0,중위험군,37.52002329,126.8993344,191100.9776,446731.2141,26.96643061,-3.0194427565322712,29.663386639736792,1.9315370021943408,43.0,83.0
영등포구,(양평동,호미그라운드 선유도점,0,중위험군,37.53466489,126.8974632,190937.3316,448356.4287,32.01117132,-1.8186717180200134,33.5311266926939,0.9035930984469359,43.0,83.0
영등포구,(영등포동,소피아하우스,0,중위험군,37.51792672,126.9069862,191777.1747,446497.8249,30.00041541,-0.14693689642427188,31.052981426695663,2.400914609455322,43.0,83.0
영등포구,(양평동,로그인 양평,0,중위험군,37.52238808,126.8836673,189716.2951,446995.2736,32.29788452,0.2565402414693736,32.200544253489184,0.9931460575917468,43.0,83.0
영등포구,신길동,미카 BNB,0,중위험군,37.50963183,126.9131508,192321.3076,445576.6762,32.34570867,1.5158430694482945,30.512509315686,2.79156092853497,43.0,83.0
영등포구,(영등포동,부띠끄 영등포,0,중위험군,37.51868022,126.9021933,191353.553,446581.8836,28.24139823,-1.4677245701456698,29.239483814638383,2.1324637585551374,43.0,83.0
영등포구,신길동,신길당,0,중위험군,37.51407405,126.9149341,192479.424,446069.5622,31.10096576,0.4976276484629629,31.210470388003646,2.842737704815249,43.0,83.0
영등포구,신길동,페퍼하우스,0,중위험군,37.50834849,126.9154608,192525.4127,445434.0559,23.23517398,-3.121072731554385,29.552523447121608,2.808024858196977,43.0,83.0
영등포구,도림동,스테이 수,0,중위험군,37.50792055,126.8970426,190896.9102,445388.1823,31.88416012,0.02071904462678731,32.31382736396244,2.1088157127070772,43.0,83.0
영등포구,(양평동,서울집 선유,0,중위험군,37.53494527,126.8960762,190814.7739,448387.6821,32.35132788,-1.108676429292828,33.4568974847609,0.9329867742082247,43.0,83.0
영등포구,(양평동,유어홈,0,중위험군,37.53428972,126.8954625,190760.4551,448314.9842,30.51953008,-2.425457883641098,33.25308584329659,0.8167987135676467,43.0,83.0
영등포구,(당산동,당삼만실,0,중위험군,37.52205367,126.8965624,190856.171,446956.8267,29.66404774,-1.3298325795295831,30.71572407828898,1.6660191806537847,43.0,83.0
영등포구,(당산동,이가빌 BNB,0,중위험군,37.52622906,126.8988035,191054.7869,447420.0274,37.05249147,5.025497028767724,32.17826152927969,1.4654979928937135,43.0,83.0
영등포구,대림동,Jinee House,0,중위험군,37.48928255,126.895435,190752.4743,443319.7623,34.02010313,5.097678455229424,28.698009250071266,1.9740252871194433,43.0,83.0
영등포구,신길동,a.Hidden House,0,중위험군,37.51202771,126.9137291,192372.6786,445842.5414,26.58679109,-4.70424734231527,31.119069086738953,2.8467159354584846,43.0,83.0
영등포구,대림동,staygyogyo,0,중위험군,37.49019949,126.897698,190952.7203,443421.3107,29.30789582,3.2575604191313055,28.5916597183038,2.035307563132796,43.0,83.0
서초구,방배동,로얄 홈스테이,0,중위험군,37.47229702,126.9896807,199087.1699,441429.5091,32.14042839,1.6860392722673865,31.366324022364893,2.8152457484325177,43.0,83.0
서초구,양재동,알하우스,0,중위험군,37.47123375,127.0409486,203622.2877,441312.2379,31.32380718,1.5420274107206673,28.71071513281294,2.16720002266798,43.0,83.0
서초구,양재동,양재블루,0,중위험군,37.46216111,127.0338684,202996.3354,440305.0493,35.77243163,5.622571163344876,30.477139424315332,0.5055444244587911,43.0,83.0
서초구,서초동,우담바라 게스트하우스,0,중위험군,37.49389433,127.0164251,201452.515,443826.6003,19.61599044,-8.027956668840321,29.705105955163518,3.4693523605989647,43.0,83.0
서초구,방배동,Suho's stay,0,중위험군,37.48470672,126.9891961,199044.4647,442806.8247,23.57525744,-4.867478365958139,30.940821905064215,3.06583912260402,43.0,83.0
서초구,방배동,모라하우스,0,중위험군,37.48457925,126.9855429,198721.3625,442792.7205,31.4865799,3.4177321502427667,30.850191579539747,3.018730627691812,43.0,83.0
서초구,잠원동,Choice Guesthouse(초이스 게스트하우스),0,중위험군,37.50860686,127.0189716,201677.3822,445459.5432,29.97514592,-4.725023516214915,35.048962886992044,1.2887115632993682,43.0,83.0
서초구,반포동,Say house,0,중위험군,37.50522366,127.0211525,201870.2863,445084.0925,34.46745039,-0.6656630881133623,35.271174121527835,1.337551997815273,43.0,83.0
서초구,양재동,Sandy Blue House,0,중위험군,37.48134607,127.038656,203419.0268,442434.4842,29.20745076,-0.250590487552234,28.69374754113788,3.470386147904437,43.0,83.0
서초구,반포동,서래마을 컴포트존:몽마르트 공원 인근 도심 속 숲 여행,0,중위험군,37.49156267,126.9988038,199894.2154,443567.6906,34.31815628,4.143604913545609,31.03206217415741,3.1683051705210525,43.0,83.0
서초구,방배동,Amy's Wine House,0,중위험군,37.49092806,126.9953826,199591.6567,443497.2665,22.6623945,-4.616588968274591,30.88675152304869,3.1695323085398566,43.0,83.0
서초구,방배동,온스테이인방배,0,중위험군,37.47819409,126.9866924,198822.931,442084.0378,24.52796018,-6.723899900835221,31.072973705586712,2.9612178458302636,43.0,83.0
서초구,반포동,알레드반포,0,중위험군,37.50435327,127.0190548,201684.8278,444987.4508,31.22220184,-4.172288634261218,34.98260181676551,1.8702400392096523,43.0,83.0
서초구,방배동,서진빌딩,0,중위험군,37.49285057,126.9937297,199445.4904,443710.6484,23.89630186,-5.823526140433007,30.727709234049478,3.1114428710323567,43.0,83.0
서초구,양재동,슬로우 포레스트,0,중위험군,37.46967317,127.0475292,204204.4855,441139.308,23.0694479,-6.019422296194765,28.589049822760998,1.5119167295812468,43.0,83.0
종로구,평창동,Cozy House,0,중위험군,37.60187469,126.9666111,197051.5857,455811.5154,33.16659741,-2.0197755333201073,35.530496399914234,1.2714570090903687,43.0,83.0
강남구,논현동,정호하우스,0,중위험군,37.5090821,127.0258297,202283.7234,445512.4331,42.18519787,5.838500023904174,36.50342186657609,0.7338191355306426,43.0,83.0
강남구,삼성동,어퍼하우스,0,중위험군,37.51043084,127.04562,204033.4103,445662.7903,34.99717861,1.8791414878110615,32.90399711099339,1.8827600425481807,43.0,83.0
강남구,역삼동,엠티티 도미토리,0,중위험군,37.49295383,127.0343637,203038.9145,443722.6451,31.72139305,1.7855598960065642,28.360454891889425,3.572760824485908,43.0,83.0
강남구,삼성동,강남하우스,0,중위험군,37.50922544,127.0445853,203941.9891,445528.9624,31.87918992,-0.4884151878503715,32.93948705721915,2.1129722457565077,43.0,83.0
강남구,역삼동,지니 홈,0,중위험군,37.49985292,127.0273115,202415.0336,444488.1499,32.45033756,-0.32425303905156966,33.03234193554573,2.4971331911900267,43.0,83.0
강남구,역삼동,카일룸 블랙 701,0,중위험군,37.50558602,127.0375299,203318.3465,445124.7613,32.72768139,1.8365841523535984,33.01781549948445,1.5826714282507341,43.0,83.0
강남구,삼성동,더 헤이븐,0,중위험군,37.50335065,127.0512278,204529.6396,444877.2351,27.8475887,-3.113394693394941,33.381624453482175,1.8593230604216457,43.0,83.0
강남구,대치동,온유 스테이 Ⅲ,0,중위험군,37.49976088,127.0528319,204671.6949,444478.8954,34.89794073,1.6468026203367074,33.7004343193593,1.6600461375973277,43.0,83.0
강남구,논현동,스테이 강남,0,중위험군,37.50668776,127.0299194,202645.3959,445246.7991,26.59824048,-9.079318148381823,35.69574510025446,0.3641339133930668,43.0,83.0
강남구,역삼동,스테이 라온,0,중위험군,37.49373646,127.0434077,203838.6658,443809.8372,29.01981765,0.8500989655509379,27.870441583890155,2.6325310087336318,43.0,83.0
강남구,역삼동,강남스테이,0,중위험군,37.49340357,127.0411789,203641.5829,443772.8022,28.54701688,1.0179464882943563,27.999942177933324,2.9374656512661232,43.0,83.0
강남구,역삼동,강남스테이,0,중위험군,37.49033739,127.035811,203167.0099,443432.3023,28.34711281,-0.5257105144041212,28.472127748651147,3.524638290942187,43.0,83.0
강남구,역삼동,강남 코지,0,중위험군,37.50561615,127.0433248,203830.7314,445128.3254,33.57522628,2.793101140219754,31.343150288038608,3.4998743834453503,43.0,83.0
강남구,논현동,강남구 스테이,0,중위험군,37.51310491,127.0399731,203534.0214,445959.3509,26.69849919,-6.33267334733798,32.90551037544561,0.5705872262025172,43.0,83.0
강남구,역삼동,시연 스테이,0,중위험군,37.48881443,127.0327461,202896.023,443263.1751,35.1993127,6.161822122013497,28.387488349390345,3.893193895197123,43.0,83.0
강남구,역삼동,디모라 강남,0,중위험군,37.49239084,127.0329888,202917.3471,443660.1171,23.14233856,-2.633688098523823,28.216863604167383,3.7703356112624107,43.0,83.0
강남구,논현동,B.B House,0,중위험군,37.51138335,127.020135,201780.176,445767.7195,34.47605521,-0.8821246185769382,35.24060525035732,1.0342212031054,43.0,83.0
강남구,논현동,코지 스테이 신사,0,중위험군,37.51460092,127.0242561,202144.4343,446124.9148,34.00571848,-0.7160212169311961,34.62814547837703,0.8232827774724498,43.0,83.0
강남구,역삼동,힐링스테이 인 역삼,0,중위험군,37.49294738,127.0438504,203877.855,443722.2778,28.65470962,0.48959210314579593,27.876845242450525,2.5357292619736524,43.0,83.0
강남구,논현동,레드 비 하우스,0,중위험군,37.50644002,127.0272716,202411.2962,445219.232,35.5573339,-0.4299426308961998,36.01047541218475,0.46449358012370967,43.0,83.0
강남구,논현동,반 스테이,0,중위험군,37.51570214,127.0372404,203292.3066,446247.5114,26.66274028,-4.751860059431252,31.67918072552356,0.4892114250308489,43.0,83.0
강남구,논현동,강남스타일 빌리지,0,중위험군,37.50555946,127.0246144,202176.3788,445121.4364,34.12646647,-1.9296546480306702,35.69383602215051,0.8216172769370648,43.0,83.0
강남구,역삼동,우리하우스,0,중위험군,37.50410281,127.0442755,203914.8622,444960.4033,19.41809462,-5.154328206974128,29.890240165729715,3.837886985786738,43.0,83.0
강남구,대치동,스테이인대치,0,중위험군,37.49757216,127.0552374,204884.5455,444236.098,33.12079577,-0.658142849479475,33.5577131616847,1.3250317673663146,43.0,83.0
강남구,역삼동,포그네 스테이,0,중위험군,37.50425687,127.0382452,203381.6533,444977.2682,31.6562999,0.056210825777661455,31.337157916292206,2.3128212119158715,43.0,83.0
강남구,도곡동,스테이럭스702,0,중위험군,37.48702457,127.0340386,203010.3973,443064.5647,35.60460167,8.064044948873402,28.57691737454767,3.8291142073811795,43.0,83.0
강남구,논현동,안느스테이,0,중위험군,37.50478463,127.0290582,202569.3212,445035.5523,33.03497739,-2.604317294493569,35.47014097286674,0.5116764743349597,43.0,83.0
강남구,논현동,슬로우 논현,0,중위험군,37.50494989,127.0278057,202458.5709,445053.8606,37.28830696,1.3913520136060527,35.657801435696136,0.5423702450472202,43.0,83.0
강남구,삼성동,강남 스테이2,0,중위험군,37.50353936,127.0509903,204508.6299,444898.1681,29.2237893,-1.7375425474477098,33.35174183216756,1.9144425949533308,43.0,83.0
강남구,삼성동,코엑스 민박,0,중위험군,37.50892838,127.054201,204792.1779,445496.4388,31.77313903,-0.11962245276925998,32.26998666807676,1.0000622088961326,43.0,83.0
강남구,대치동,대치 스테이,0,중위험군,37.49827346,127.0573963,205075.4095,444314.0475,33.74714862,0.3547703973060763,33.26759233639344,1.0976540287407093,43.0,83.0
강남구,논현동,네스트,0,중위험군,37.51052077,127.0407097,203599.2665,445672.5722,41.2322839,7.799879637527241,33.328369252361945,0.9151231069773277,43.0,83.0
강남구,역삼동,윰스테이,0,중위험군,37.49529588,127.0367426,203249.1872,443982.6615,20.04791008,-8.684969136688498,29.240120063212856,3.164348782757592,43.0,83.0
강남구,역삼동,리마 오아시스,0,중위험군,37.50276638,127.0347393,203071.7265,444811.7228,30.07454456,-1.7612649507425324,31.431774206397872,1.8345807530461227,43.0,83.0
강남구,역삼동,어반팀버선릉,0,중위험군,37.5048467,127.0427473,203779.7065,445042.903,33.7450922,2.921827969187621,30.403369724060866,3.693517838003459,43.0,83.0
강남구,대치동,수하우스,0,중위험군,37.49689863,127.0561327,204963.7644,444161.3918,30.52017559,-3.108999432757784,33.48912977053803,1.231879981481797,43.0,83.0
강남구,삼성동,케이트 하우스,0,중위험군,37.51017237,127.0453773,204011.9619,445634.093,35.91388745,1.9761162394137628,32.884943351341605,1.909733760936123,43.0,83.0
강남구,역삼동,스테이 수,0,중위험군,37.50080062,127.0393793,203482.0976,444593.7104,25.87922304,1.7822454840088682,28.05815860106341,3.172448980502765,43.0,83.0
강남구,역삼동,스테이 오하2,0,중위험군,37.50400476,127.0444354,203929.0111,444949.5277,17.22508287,-7.337126423744795,29.903256720061762,3.854652219537953,43.0,83.0
강남구,삼성동,길동박스,0,중위험군,37.50610203,127.0526915,204658.8938,445182.6744,24.14881345,-8.416367631017614,32.863084578898295,1.3948550236042931,43.0,83.0
강남구,논현동,웰컴서울,0,중위험군,37.50576745,127.033287,202943.1914,445144.7565,31.80044091,-2.9651729386769574,34.67442977138037,0.546147809119013,43.0,83.0
강남구,역삼동,더밤스테이 강남,0,중위험군,37.49794255,127.0305883,202704.8574,444276.2128,34.08532717,3.31247421062627,30.021277503024358,3.41263709347592,43.0,83.0
강남구,대치동,가온재,0,중위험군,37.49961469,127.05203,204600.7988,444462.6308,31.97914074,-1.372184211959535,33.75190544877269,1.8756131509457319,43.0,83.0
강남구,논현동,가든스테이 인 서울,0,중위험군,37.51343313,127.0281106,202485.2487,445995.3997,30.79048293,-3.413194857400196,34.092638930839556,0.6650681789586921,43.0,83.0
강남구,청담동,호스테이 청담,0,중위험군,37.51884999,127.0434973,203845.3011,446597.1203,33.3193399,-0.2875575368169834,33.550905752243274,0.492519626781546,43.0,83.0
강남구,논현동,진스테이,0,중위험군,37.50760589,127.0254401,202249.3213,445348.5833,34.90766854,-1.102741292813569,36.12784254458293,0.7325870167781331,43.0,83.0
강남구,삼성동,아몰프 펜트하우스 삼성,0,중위험군,37.51105138,127.0476376,204211.7543,445731.7507,29.79204152,-2.491667659559834,32.73176196737306,1.6554519797803573,43.0,83.0
강남구,대치동,Stay 여운 ; 청월,0,중위험군,37.4974769,127.0582499,205150.9459,444225.686,31.04538424,-2.2361767301217164,33.21860476049254,1.042153440700882,43.0,83.0
강남구,대치동,하이 서울,0,중위험군,37.501816,127.0579172,205121.2286,444707.2517,33.32584445,0.19845940634113646,32.911666541362756,0.979501068675862,43.0,83.0
강남구,역삼동,스노어랙스,0,중위험군,37.49205457,127.0424317,203752.4413,443623.1301,26.17513653,-1.175809679557581,27.94507772795569,2.781865063736804,43.0,83.0
강남구,대치동,메종 서울,0,중위험군,37.50207006,127.0582631,205151.7958,444735.468,30.58631409,-2.0312081975306846,32.866077081546564,0.9183527857190954,43.0,83.0
강남구,논현동,베이트 샬롬,0,중위험군,37.50953104,127.0285218,202521.7287,445562.3284,29.62687629,-5.950067764265889,35.818147879185375,0.5603186626400136,43.0,83.0
강남구,대치동,강남아이빌,0,중위험군,37.50293703,127.0532138,204705.2733,444831.4261,35.34688444,2.3154438625540195,33.4197181532233,1.4345963221477012,43.0,83.0
강남구,신사동,제이지 하우스(JG House),0,중위험군,37.51693973,127.0228527,202020.3018,446384.462,36.16102078,1.50023580161713,34.516842660140966,0.8621437434918093,43.0,83.0
강남구,신사동,강남 가로수,0,중위험군,37.51928396,127.0202834,201793.1073,446644.5899,35.59389941,1.2176494128275195,34.54132013129353,1.029766197960346,43.0,83.0
강남구,신사동,그린빌라트,0,중위험군,37.51952449,127.0243587,202153.3697,446671.3711,35.28081558,0.9227908513750265,34.17346233754495,0.8380322381995419,43.0,83.0
강남구,역삼동,하루게스트하우스(Haru Guest House),0,중위험군,37.4985488,127.0337612,202985.4087,444343.5945,31.6949345,0.220361943700901,30.21949464394806,2.8463596996295775,43.0,83.0
강남구,역삼동,해피투게더,0,중위험군,37.48972239,127.0360837,203191.1528,443364.0546,23.9742128,-4.763112237951688,28.524662930701847,3.520328623380391,43.0,83.0
강남구,역삼동,강남비앤비,0,중위험군,37.49958615,127.0280264,202478.2597,444458.5605,34.00436785,2.02693660415871,32.402405663181774,2.6511415423834634,43.0,83.0
강남구,청담동,민트스타 하우스 청담,0,중위험군,37.51946375,127.0434881,203844.4572,446665.2396,32.62434094,-1.0218215601164857,33.5915273207974,0.4805874002943116,43.0,83.0
강남구,역삼동,SM HOUSE(SMILE MAKE),0,중위험군,37.49900378,127.0332971,202944.3482,444394.0768,26.13758151,-3.596892406874556,30.47678389917038,2.742664621728891,43.0,83.0
강남구,대치동,스테이대치,0,중위험군,37.49703997,127.0564148,204988.7,444177.0936,32.70546839,-0.9488999134301821,33.454398930202714,1.1977182674542037,43.0,83.0
강남구,역삼동,지제이(GJ),0,중위험군,37.49163749,127.0312362,202762.3855,443576.4522,25.75006413,-3.313906436718092,28.16164617407928,4.09713444824882,43.0,83.0
강남구,역삼동,더엔케이,0,중위험군,37.49442339,127.0354926,203138.6797,443885.7841,27.4790372,-1.2888934607224627,29.113744084455274,3.3502917583584937,43.0,83.0
강남구,논현동,스테이 희,0,중위험군,37.50495477,127.0311714,202756.1601,445054.4954,28.5225796,-6.484093798324274,35.032912247872254,0.5253605556783304,43.0,83.0
강남구,역삼동,어반 스페이스,0,중위험군,37.50619716,127.0402086,203555.1695,445192.6878,31.20131755,0.5026655145857646,32.6073505432312,2.1987394908291114,43.0,83.0
강남구,역삼동,여니 하우스,0,중위험군,37.48945708,127.0328623,202906.2676,443334.5043,28.4041064,-0.5895244842386944,28.347686593345028,3.8688888426982135,43.0,83.0
송파구,송파동,해모로 하우스,0,중위험군,37.50860969,127.108004,209549.2083,445465.1682,35.15474997,-0.7836885894886763,36.28461712862535,1.0686922279320579,43.0,83.0
송파구,석촌동,편안,0,중위험군,37.49736931,127.0987876,208735.6476,444216.7353,34.73842044,1.2151590268782186,33.04462399542693,2.173322441747848,43.0,83.0
송파구,잠실동,도담e하우스,0,중위험군,37.50186656,127.0847911,207497.5065,444714.6649,35.93473666,3.003713201712692,31.640800823169982,2.3403462434736038,43.0,83.0
송파구,석촌동,그린스테이,0,중위험군,37.50216831,127.1028438,209093.7443,444749.7465,39.61353822,5.070264914374086,32.244783727406315,3.232215414113595,43.0,83.0
송파구,방이동,늘푸른 인더바인,0,중위험군,37.51059523,127.11756,210393.829,445686.5506,37.01467713,1.7028450962102895,36.219607129419884,0.7270231135333508,43.0,83.0
송파구,방이동,더골든아워스테이,0,중위험군,37.50866577,127.1228713,210863.6913,445473.005,32.82451337,-2.391170235053764,34.762004868676,0.9179768748650242,43.0,83.0
송파구,방이동,Belle's house,0,중위험군,37.51038031,127.1108641,209801.8525,445661.9786,30.34548068,-6.565632500769759,36.79078691809446,0.7206951771397785,43.0,83.0
송파구,방이동,원스테이,0,중위험군,37.50661475,127.1153898,210202.4977,445244.5305,36.41443725,2.2462983909336103,34.00496734744521,0.9773171613359867,43.0,83.0
송파구,삼전동,부의유전자,0,중위험군,37.49858114,127.0886558,207839.5776,444350.3406,34.39234506,2.7142029961068204,32.186963305549476,1.8799774374026368,43.0,83.0
송파구,잠실동,금하우스,0,중위험군,37.50560203,127.0818788,207239.6245,445129.026,27.43537687,-5.187221233990286,33.01224477535356,2.4307544999231783,43.0,83.0
송파구,삼전동,라이프스테이 송파,0,중위험군,37.50154317,127.091626,208101.903,444679.3392,23.15592039,-8.555252118510104,31.576428848244035,2.2304959270266904,43.0,83.0
송파구,잠실동,조이스하우스(Joy's house),0,중위험군,37.50581047,127.0940291,208313.9234,445153.1642,22.99578664,-5.901847093734393,30.43958519567859,4.087869646841087,43.0,83.0
송파구,방이동,봉봉피아,0,중위험군,37.51009597,127.1106873,209786.26,445630.4021,30.44626838,-5.669055078575539,35.99126692740327,0.7430376521359597,43.0,83.0
송파구,오금동,수정스테이,0,중위험군,37.50651661,127.1300273,211496.7233,445235.3258,30.12884102,-2.4394545872184743,33.97611417333414,1.127500238940738,43.0,83.0
송파구,석촌동,현스테이,0,중위험군,37.49768219,127.0982757,208690.3404,444251.4135,38.7114177,6.166202067061924,33.12827071379022,2.1542543962923393,43.0,83.0
송파구,풍납동,다니엘스테이,0,중위험군,37.5250348,127.1153131,210193.2051,447288.9155,30.60062874,-5.2023898035480975,35.58387017478995,1.3125910248558865,43.0,83.0
송파구,잠실동,로맨스828,0,중위험군,37.50327782,127.0855312,207562.8054,444871.3558,33.82565912,1.8053773546415144,31.486038592189306,2.4258084192226357,43.0,83.0
송파구,송파동,스테이온기,0,중위험군,37.50401206,127.1120548,209907.9678,444955.3089,30.9590127,-2.820355608532683,33.06012316146121,1.8737091917432325,43.0,83.0
송파구,석촌동,로므스테이,0,중위험군,37.50115544,127.0993728,208786.9462,444637.0012,38.59557648,5.271788107786023,32.71742350051074,2.7532874255985633,43.0,83.0
송파구,잠실동,Puerto Varas,0,중위험군,37.50285075,127.0856539,207573.7005,444823.9664,22.4912895,-9.377970142719416,31.468374866265616,2.4011027896599226,43.0,83.0
송파구,방이동,혀니스테이 잠실,0,중위험군,37.50911748,127.1138039,210061.9411,445522.1308,36.23470366,0.9007631904915101,35.24765006650795,0.7590362284010599,43.0,83.0
송파구,삼전동,안녕스테이,0,중위험군,37.49758798,127.0907663,208026.3103,444240.2906,35.37213079,2.701066013574085,32.58424387363626,1.4372006049910806,43.0,83.0
송파구,송파동,THE 718,0,중위험군,37.50473663,127.1067158,209435.7982,445035.1782,23.26710927,-9.900361754934302,33.15704575154643,3.1307343200199376,43.0,83.0
송파구,석촌동,로렐스테이,0,중위험군,37.49738873,127.0989186,208747.2224,444218.9028,33.62581686,0.23331494398935604,33.02612519139333,2.1944165186988136,43.0,83.0
송파구,석촌동,윤스테이,0,중위험군,37.4993143,127.0987854,208735.2248,444432.6038,24.21350793,-9.19309829765914,32.87648714476715,2.4070823906677323,43.0,83.0
송파구,석촌동,지니스테이,0,중위험군,37.49799753,127.09891,208746.3954,444286.4709,26.92337878,-6.940553968881467,32.99816651526682,2.2554120197122365,43.0,83.0
송파구,삼전동,AROME SONGPA,0,중위험군,37.50116237,127.0953203,208428.6085,444637.3997,32.4236752,0.5261311583595081,32.41495299638612,2.422631774783189,43.0,83.0
송파구,송파동,스테이 노브(Stay NOV),0,중위험군,37.50520235,127.1106109,209780.1392,445087.2648,31.40989031,-2.1087247290020557,33.32377748470848,1.713849480584309,43.0,83.0
송파구,석촌동,레이크 하우스,0,중위험군,37.50407351,127.1011869,208947.0091,444961.0404,20.13088153,-10.378591315370254,32.5020270771946,3.6842500292593794,43.0,83.0
송파구,삼전동,크래프트 샘,0,중위험군,37.49993452,127.0864101,207640.8571,444500.3636,33.11996274,3.6716087605653485,31.80369576541323,2.1708405767865133,43.0,83.0
송파구,석촌동,Leo's Nest,0,중위험군,37.50178424,127.0976242,208632.2625,444706.6281,36.00709378,2.5322594935879863,32.41523557421461,2.7603659957767817,43.0,83.0
송파구,석촌동,꿈꾸는다락방,0,중위험군,37.49827302,127.0993835,208788.2346,444317.0909,31.57338954,-1.264103192369717,32.95286824585883,2.310076277066994,43.0,83.0
송파구,삼전동,순수게스트하우스,0,중위험군,37.50329838,127.0936889,208284.1147,444874.3245,24.36411631,-7.237937504681813,31.111358249039824,2.939025277934226,43.0,83.0
송파구,삼전동,삼전가(Samjeonga),0,중위험군,37.50211183,127.0890232,207871.6978,444742.2322,39.44708104,6.677523899447493,31.235528561038958,2.3454689395257136,43.0,83.0
송파구,삼전동,소예,0,중위험군,37.49636647,127.09183,208120.4994,444104.8101,35.43313098,2.790417924134111,32.96328491362486,1.1844392692634491,43.0,83.0
송파구,방이동,웰럭팜,0,중위험군,37.51093925,127.1114596,209854.4292,445724.076,33.80403195,-3.1697043701568646,37.37380868512367,0.6734037050487273,43.0,83.0
송파구,송파동,Kim's Family,0,중위험군,37.50556314,127.1045467,209243.9003,445126.6949,41.53234517,9.078806713403239,33.401153142913834,3.5012182742772504,43.0,83.0
송파구,방이동,Jamsil Cozy Mood,0,중위험군,37.50776511,127.1134865,210034.0584,445372.0011,37.19962075,2.7397365919983727,34.35946228042241,0.8833409111115652,43.0,83.0
송파구,석촌동,스테이 플러스,0,중위험군,37.50060211,127.1047546,209262.9025,444576.1048,27.7049976,-3.7405627384910503,31.75557086441731,3.0034279722397854,43.0,83.0
송파구,석촌동,소담스테이,0,중위험군,37.49918828,127.105236,209305.6421,444419.2354,26.56184282,-5.549914492387256,31.79520347839964,2.7845023302806475,43.0,83.0
송파구,삼전동,소평(小平) 1,0,중위험군,37.50004058,127.090418,207995.2448,444512.4678,30.88498361,-0.9701593181955097,31.95386750058179,1.9766871300177817,43.0,83.0
송파구,삼전동,리네스 하우스,0,중위험군,37.49980984,127.0906405,208014.9441,444486.8776,30.85122496,-1.5257686521859988,32.05649803352145,1.9196110034719855,43.0,83.0
송파구,석촌동,타야 스테이,0,중위험군,37.49994472,127.1079784,209548.0474,444503.4652,32.49566923,1.2952275453047655,31.69083908458318,3.0592733728678585,43.0,83.0
송파구,삼전동,초록3,0,중위험군,37.50176728,127.0894624,207910.566,444704.0284,37.41045973,5.892853141035992,31.379015012972808,2.2941928782264576,43.0,83.0
송파구,방이동,더윤스테이,0,중위험군,37.51112252,127.1092003,209654.6568,445744.1825,30.6559554,-7.8270785844276425,38.063251919951966,0.6943480886500745,43.0,83.0
송파구,석촌동,JR스테이,0,중위험군,37.5028353,127.1010324,208933.4938,444823.6003,33.05009473,1.4625625269132456,32.47112022080556,3.2646544626624387,43.0,83.0
송파구,잠실동,류스테이,0,중위험군,37.50535361,127.0815276,207208.5966,445101.4276,35.14675086,1.8837297738497725,32.99542412169342,2.353863043513691,43.0,83.0
송파구,잠실동,다온스테이,0,중위험군,37.49977165,127.0844985,207471.8364,444482.1336,35.84538982,3.727613284705079,31.867458584300017,2.2018716661118396,43.0,83.0
송파구,잠실동,잠실 스테이,0,중위험군,37.50550057,127.0801108,207083.314,445117.6307,35.40227873,1.9567307678293773,33.096519376058524,2.0905096950754283,43.0,83.0
송파구,잠실동,Houston Family 2,0,중위험군,37.50445413,127.0810937,207170.3185,445001.5637,35.24417121,2.746684976244296,32.860835897440495,2.2667044144307615,43.0,83.0
송파구,잠실동,애플망고하우스,0,중위험군,37.50552622,127.0802835,207098.5842,445120.4905,35.24362027,1.7918990491126792,33.091906915916354,2.1551108502243017,43.0,83.0
송파구,송파동,for:rest 잠실,0,중위험군,37.50393033,127.1110586,209819.8947,444946.1335,36.21212562,2.9002937212009314,32.94748505765236,2.182258514328894,43.0,83.0
송파구,석촌동,라 튤립,0,중위험군,37.49910744,127.1032239,209127.7291,444410.0662,37.08008165,3.1654898993840703,32.30852926474672,2.656536597648032,43.0,83.0
송파구,삼전동,오닉스맨숀,0,중위험군,37.49976916,127.0907832,208027.5721,444482.3748,31.12904532,-1.174068875217369,32.08756783136037,1.8960103717045185,43.0,83.0
송파구,송파동,주디피아,0,중위험군,37.50401204,127.110609,209780.1264,444955.1554,27.09457602,-3.008089781936043,32.94404683508744,2.2756183722162002,43.0,83.0
송파구,석촌동,미까사,0,중위험군,37.4975661,127.098618,208720.6264,444238.5607,35.77907325,5.079729007348625,33.06342514243926,2.1788951287735396,43.0,83.0
송파구,잠실동,이안,0,중위험군,37.50735899,127.0827814,207319.2669,445324.0958,33.25977223,0.8499042279551716,33.2313787290975,2.5360961290973867,43.0,83.0
송파구,삼전동,매그놀리아 잠실점,0,중위험군,37.50392123,127.0901327,207969.6081,444943.1457,27.1313143,-3.6937500182060923,30.526713915420686,2.6243794975758914,43.0,83.0
송파구,석촌동,윤슬 하우스,0,중위험군,37.50164097,127.1001785,208858.1321,444690.9643,30.79022669,-2.272137489873156,32.573166331679076,2.930054686498702,43.0,83.0
송파구,송파동,메이빌투,0,중위험군,37.50500576,127.1061441,209385.214,445064.991,36.55040626,2.9358259275067766,33.252902663622635,3.1814250963077737,43.0,83.0
송파구,거여동,위례스테이,0,중위험군,37.48155593,127.1378417,212191.714,442465.998,36.12207753,2.4333623591066385,34.67546005194855,0.7902688002140342,43.0,83.0
송파구,송파동,스테이올로지,0,중위험군,37.50658303,127.1078781,209538.3311,445240.2221,40.33456185,8.259335257001709,34.21419649950537,1.7130681031774588,43.0,83.0
송파구,송파동,아로와 웨스트,0,중위험군,37.50682691,127.1078156,209532.7758,445267.2833,35.96778084,1.396415335133149,34.38805473677218,1.612456416955333,43.0,83.0
송파구,석촌동,Stay MiMi,0,중위험군,37.49829867,127.1027325,209084.3743,444320.2556,30.56035186,-2.352669693323346,32.49272746538851,2.517355026411707,43.0,83.0
송파구,송파동,무드 인,0,중위험군,37.5014156,127.1129004,209983.0795,444667.2246,35.00914488,1.9924429571294269,32.41760428823351,2.720289484314577,43.0,83.0
송파구,풍납동,시온스테이,0,중위험군,37.53122013,127.1165666,210303.1631,447975.5472,22.48606592,-9.79766572707478,33.88255658124385,1.7352841261164447,43.0,83.0
송파구,삼전동,비앤비코리아,0,중위험군,37.50037773,127.0878556,207768.6356,444549.6725,27.37879125,-4.812073863171129,31.71444442547213,2.163257058497022,43.0,83.0
송파구,송파동,Twin Stay,0,중위험군,37.50571407,127.1096694,209696.8253,445143.9617,22.90596435,-10.23919955860418,33.509060276134456,1.7038493335323783,43.0,83.0
송파구,삼전동,Black B,0,중위험군,37.49884104,127.0935388,208271.3414,444379.6041,31.75105621,-1.4529682167156253,32.80718223471399,1.8019193857915492,43.0,83.0
송파구,송파동,더 잠실 까사,0,중위험군,37.50467923,127.1112851,209839.8193,445029.2754,42.37774706,8.89846139876424,33.18236014305159,1.7784379250814204,43.0,83.0
송파구,잠실동,윤스스테이,0,중위험군,37.50435679,127.0803582,207105.2999,444990.7044,23.33713517,-10.03453935460561,32.90919378538226,2.0999607056860783,43.0,83.0
송파구,삼전동,봄하우스,0,중위험군,37.49995832,127.0907069,208020.8059,444503.3626,30.15251263,-1.3431437214967765,32.021600193550974,1.943241506946833,43.0,83.0
송파구,방이동,은&채 하우스,0,중위험군,37.50778442,127.113199,210008.6343,445374.1137,34.8860988,1.327384032812617,34.331988213872364,0.8907781179021336,43.0,83.0
송파구,석촌동,룰루 하우스,0,중위험군,37.5021032,127.1012043,208948.781,444742.3629,31.8251381,1.6718153710534516,32.487759082608456,3.080814836921047,43.0,83.0
송파구,석촌동,하늘둥지,0,중위험군,37.50327974,127.1030707,209113.6786,444873.1229,34.05989161,2.215842614547956,32.419978749682926,3.5928546157941375,43.0,83.0
송파구,송파동,Page1 Stay,0,중위험군,37.50408338,127.1111956,209831.9847,444963.1344,30.07250703,-3.286525950585389,33.014299314253826,2.0647852363977255,43.0,83.0
송파구,석촌동,더 머뭄,0,중위험군,37.50267641,127.0975111,208622.1548,444805.6371,27.37843505,-5.407383413493051,32.12934423954165,2.980816189034703,43.0,83.0
송파구,송파동,레스트 인 잠실,0,중위험군,37.50457526,127.1068887,209451.109,445017.2855,29.46150623,-3.8333869646115666,33.102828431946236,3.1793679198297395,43.0,83.0
송파구,석촌동,스테이 서울라이트,0,중위험군,37.50055814,127.0984308,208703.7244,444570.6211,42.05231174,8.768339280243914,32.71667797984516,2.5758826591700448,43.0,83.0
송파구,송파동,소호가,0,중위험군,37.50243318,127.108807,209620.994,444779.7365,25.39868168,-7.397781812647931,32.418251830897404,3.3268630495401696,43.0,83.0
송파구,잠실동,잠실 해븐,0,중위험군,37.50489778,127.0822854,207275.644,445050.8946,34.87464572,1.4990057140925472,32.83086617951492,2.4736243737019294,43.0,83.0
송파구,삼전동,시인의 집 민박,0,중위험군,37.5018759,127.0883866,207815.4323,444715.994,26.70324136,-4.36355090396718,31.30632317835952,2.320611038456319,43.0,83.0
송파구,잠실동,마음이 머무는 김여사의 사랑채,0,중위험군,37.50248997,127.0863304,207633.5495,444783.9791,27.11505408,-4.071948131124028,31.432641115774558,2.379786154336001,43.0,83.0
송파구,잠실동,Goldlady's House,0,중위험군,37.5113183,127.0805905,207125.1783,445763.3606,32.61551284,0.0980179468250526,33.49916579384449,2.0292913547990095,43.0,83.0
송파구,잠실동,스윗 서울,0,중위험군,37.50455734,127.0826174,207305.0378,445013.1359,26.85054307,-6.781049798146356,32.687490300483155,2.459486402072504,43.0,83.0
송파구,방이동,Songpa lovely room,0,중위험군,37.50698768,127.1153159,210195.9121,445285.913,24.87069859,-9.419509592813636,34.183482413516195,0.9387918306538429,43.0,83.0
송파구,송파동,202 stay,0,중위험군,37.50381406,127.1070859,209468.6389,444932.8219,36.72084798,4.8483679505906245,32.800767199488874,3.429807547929819,43.0,83.0
송파구,석촌동,Heidi house,0,중위험군,37.50407351,127.1011869,208947.0091,444961.0404,19.36878287,-11.140689975370254,32.5020270771946,3.6842500292593794,43.0,83.0
송파구,송파동,Studio GREEN,0,중위험군,37.50837073,127.1077746,209528.9553,445438.6235,42.16308106,5.620961878399406,36.041185347056874,1.1360552717840942,43.0,83.0
송파구,풍납동,Groove City guest house,0,중위험군,37.53292763,127.1181468,210442.5959,448165.233,32.63279019,0.2618543796266053,33.45175027455925,1.8192320399670645,43.0,83.0
송파구,송파동,블루문,0,중위험군,37.50788116,127.1078234,209533.3313,445384.2924,38.49861454,2.35993243186541,35.387224631397714,1.2429617814324039,43.0,83.0
송파구,송파동,Going house,0,중위험군,37.50475432,127.1071183,209471.3859,445037.182,26.06797771,-7.151779371215682,33.20966452287614,3.0308192020340865,43.0,83.0
송파구,방이동,아 파트 아파트(a part apart),0,중위험군,37.51082338,127.1143413,210109.2216,445711.5216,45.19896866,8.572862030358444,36.729120909470325,0.6426397109310216,43.0,83.0
강남구,논현동,히즈플랜,0,중위험군,37.50742692,127.0290562,202569.0547,445328.8125,42.89082889,7.1075298439169,35.85044030812189,0.41885106899614766,43.0,83.0
강남구,논현동,네스트 스테이 강남,0,중위험군,37.50686725,127.0270685,202393.3267,445266.6439,50.16453392,14.119804444209187,36.099100589201974,0.5267554139105453,43.0,83.0
강남구,논현동,위드셀렉트,0,중위험군,37.50377032,127.0234941,202077.3674,444922.8396,27.89128438,-8.189081909356293,35.441390525233416,1.292908236668164,43.0,83.0
강남구,청담동,토끼 마루 하우스,0,중위험군,37.52277748,127.0488367,204317.0958,447033.254,42.91727818,8.083805961059568,34.660058288054046,0.7874110417906366,43.0,83.0
강남구,논현동,강남 루미,0,중위험군,37.50948935,127.028895,202554.7325,445557.7114,34.12598666,-1.612058282777447,35.67762508814221,0.5314711368608246,43.0,83.0
강남구,논현동,스테이 강남 2026,0,중위험군,37.50994983,127.0334585,202958.1884,445608.9525,25.90679196,-8.647129358336315,34.57250696776115,0.37212634233905345,43.0,83.0
강남구,논현동,체리하우스,0,중위험군,37.50626148,127.0334416,202956.8397,445199.5923,38.07479358,3.430606025175379,34.74977000371537,0.494362135011558,43.0,83.0
마포구,창전동,마레온,0,중위험군,37.54992437,126.9250568,193377.5292,450047.7445,32.93522628,0.397684366517538,31.577506376436446,2.5009934616695104,43.0,83.0
강남구,신사동,노아 스테이,0,중위험군,37.51843729,127.0226522,202002.5391,446550.668,37.50372817,2.8887529056875962,34.421685814572164,0.877658710630475,43.0,83.0
마포구,망원동,르시엘 마포,0,중위험군,37.55725734,126.9012357,191273.3982,450863.5615,39.19261248,5.352668710383462,34.43575111280373,3.7168580844600623,43.0,83.0
마포구,연남동,다솜 하우스,0,중위험군,37.55860946,126.9184793,192797.1368,451012.1697,29.03806599,-2.017133400237867,32.28032247014555,3.7820929152913507,43.0,83.0
중구,(장충동,까사 보니따,0,중위험군,37.5558776,127.0010942,200096.6794,450705.8427,32.7797928,2.1637595910843253,30.645249433847443,0.5849742816242837,43.0,83.0
송파구,풍납동,이유스테이,0,중위험군,37.53422358,127.11938,210551.4126,448309.2052,29.80861771,-3.581717166141992,33.17729339704691,1.8739766551363308,43.0,83.0
강남구,논현동,언주스테이,0,중위험군,37.50725161,127.0354123,203131.0473,445309.5478,41.75522293,7.3250881660554725,34.56267033143949,0.6205630462272661,43.0,83.0
중구,(인현동,"쉼,-IN SEOUL",0,중위험군,37.56063038,126.9925919,199345.4664,451233.3701,28.10230723,0.6159112046392785,28.818924213301713,1.1706659296265374,43.0,83.0
중구,(인현동,"쉼,-IN SEOUL",0,중위험군,37.56063038,126.9925919,199345.4664,451233.3701,28.10230723,0.6159112046392785,28.818924213301713,1.1706659296265374,43.0,83.0
용산구,서계동,"서울, 집",0,중위험군,37.54938952,126.9652204,196926.6242,449986.3114,27.69714426,0.24527070055034272,29.196308804489735,1.5325386181613507,43.0,83.0
마포구,망원동,"정톤, 망원",0,중위험군,37.55217273,126.9092894,191984.4617,450298.5131,37.80279403,4.015501988150916,33.25026254642754,3.2165427457556004,43.0,83.0
마포구,성산동,"위썸스테이, 망원",0,중위험군,37.55666135,126.9073259,191811.4503,450796.8657,32.46854489,1.20255986827107,33.520152838430775,4.65977269936322,43.0,83.0
송파구,잠실동,"잠실, 쉼",0,중위험군,37.50445961,127.0825736,207301.1719,445002.2857,32.76503996,-0.1778879574927572,32.66369717430615,2.456197245488227,43.0,83.0
송파구,석촌동,"Zen House, Jamsil",0,중위험군,37.50460138,127.1032287,209127.4857,445019.8232,33.40855776,-0.10101648109389316,32.858616656735286,3.8989160066891593,43.0,83.0
송파구,잠실동,"머물다, 잠실",0,중위험군,37.50653766,127.0823606,207282.1401,445232.9061,42.24135084,6.260460594112864,33.121882397758114,2.4971135034527907,43.0,83.0
종로구,관훈동,호텔 썬비,1,저위험군,37.57030354,126.9840039,198586.865,452307.0719,13.42087742,-4.512925619415412,21.13908868243711,4.744057667504469,44.0,140.0
종로구,관훈동,나인트리 바이 파르나스 서울 인사동,1,저위험군,37.57180204,126.983008,198498.9183,452473.4034,19.21733253,1.5603990012605031,21.500723717364437,4.537956894691213,44.0,140.0
종로구,인의동,이스트 아뜰리에,1,저위험군,37.57093161,126.9958843,199636.4111,452376.668,29.45535909,-0.4261874957521563,21.55998015522392,5.350093799594548,44.0,140.0
종로구,숭인동,U-STAY HOSTEL,1,저위험군,37.56976898,127.0154556,201365.3966,452247.734,25.62588219,1.452260615035339,26.555870155589776,3.9651277782446126,44.0,140.0
종로구,이화동,글루호텔,1,저위험군,37.57304815,127.0031721,200280.2191,452611.5762,15.4508699,-3.4170176441712385,22.61923268601099,4.428816796805441,44.0,140.0
종로구,창신동,호스텔 메가 동대문역,1,저위험군,37.56790086,127.0094303,200833.121,452040.324,21.70793886,-1.3162540146487274,25.397279723104777,4.2517781169327025,44.0,140.0
종로구,봉익동,포레스트 스테이 종로,1,저위험군,37.57018563,126.991442,199243.9613,452293.8994,15.92274082,-0.4651232635269853,20.11283393489151,5.185796851610756,44.0,140.0
종로구,관철동,MOMENTO HOSTEL,1,저위험군,37.56655742,126.9838,198568.7776,451891.2994,23.18591932,1.0226281911725543,23.169058636551433,4.908951860926273,44.0,140.0
종로구,창신동,247 HOSTEL SEOUL,1,저위험군,37.56817447,127.0131481,201161.5696,452070.7309,28.46176098,4.589722961003218,26.032038423363268,4.112647186313543,44.0,140.0
종로구,관철동,찰나 호스텔,1,저위험군,37.56664615,126.9833293,198527.2006,451901.1547,21.17200955,-0.3321446441069398,23.33781110545437,4.873206811693317,44.0,140.0
종로구,종로5가,편안정 종로5가점,1,저위험군,37.56810507,127.0045472,200401.7227,452062.9568,24.42589099,-0.7000110331440084,26.449287523190897,4.560181744541344,44.0,140.0
종로구,종로5가,고유리(Goyu;re),1,저위험군,37.56730221,127.0037223,200328.8504,451973.8455,23.67381825,-0.5233370113700779,25.97145947092565,4.715468475325938,44.0,140.0
종로구,창신동,이온호텔,1,저위험군,37.56975326,127.0119696,201057.431,452245.9443,25.0569827,3.748789107438263,24.83858790718184,4.015401951777944,44.0,140.0
종로구,관철동,오아시스 트레블러스 종로,1,저위험군,37.56702341,126.9866387,198819.5744,451942.9794,34.79954247,14.377517295797002,21.996352080233244,5.047394819528451,44.0,140.0
종로구,창신동,동대문인순,1,저위험군,37.56877711,127.0102192,200902.8069,452137.5848,28.05798271,2.8268419624284142,24.969650829292974,4.147280272635395,44.0,140.0
종로구,종로6가,편안정,1,저위험군,37.56925877,127.006942,200613.282,452191.017,21.08551939,-2.094441544921441,25.00147742030488,4.241893627901643,44.0,140.0
종로구,낙원동,소락방 주식회사,1,저위험군,37.57009871,126.9876943,198912.8819,452284.2891,14.86759141,-3.1197385114620815,19.64953012115027,4.993621984405,44.0,140.0
종로구,연지동,스테이누아 종로,1,저위험군,37.56957912,126.9996604,199969.9995,452226.5495,31.17951278,-0.503501653306877,24.25215574336363,5.080577118056014,44.0,140.0
종로구,관철동,1996 종로인,1,저위험군,37.56632523,126.986269,198786.9014,451865.4943,19.26915095,0.5865726944485026,21.72982960579492,5.071989999034022,44.0,140.0
종로구,관철동,먼슬리브 종로 종각역 호텔 스테이,1,저위험군,37.56594442,126.9857743,198743.1897,451823.2353,14.39556882,-4.657200272181919,21.88462855631327,5.073745239309744,44.0,140.0
종로구,견지동,더프리마호텔 종로,1,저위험군,37.57038151,126.9826794,198469.8543,452315.7464,15.15989744,-5.079131122056479,21.775128068611565,4.614787236583228,44.0,140.0
종로구,효제동,하우스 오손 종묘점,1,저위험군,37.56890164,127.0020354,200179.8148,452151.359,33.0946072,0.017407358118425975,25.96470155599501,4.8185277677748415,44.0,140.0
종로구,관수동,HELLO HOSTEL,1,저위험군,37.56619998,126.9911883,199221.509,451851.5409,18.00246441,-0.6532548475228168,20.06339865037864,5.228174918744456,44.0,140.0
종로구,청진동,하나데이즈 종로광화문(Hana Days Jongno-Gwanghwamun,1,저위험군,37.56915801,126.9800544,198237.9294,452179.9981,21.85697839,-0.07694068066622606,23.400715430360794,4.406585049015181,44.0,140.0
종로구,숭인동,호텔 DM,1,저위험군,37.57059843,127.0186013,201643.2775,452339.8436,28.05377359,4.865313391104255,26.493574752683717,3.8543208927204007,44.0,140.0
종로구,원남동,오라카이 대학로 호텔,1,저위험군,37.57297519,126.9979778,199821.3638,452603.4757,17.49537536,-0.2123200416734612,22.095454598011266,5.180163619801776,44.0,140.0
종로구,창신동,D-STAY HOSTEL,1,저위험군,37.56798355,127.0095215,200841.1772,452049.5024,22.90804819,-1.194359168473703,25.380777237755254,4.241004868152899,44.0,140.0
종로구,명륜4가,호스텔 데이,1,저위험군,37.57929506,126.9971361,199747.0246,453304.9103,27.63239309,6.627292697614848,24.064119518036847,4.919968886646517,44.0,140.0
종로구,숭인동,루미아호텔,1,저위험군,37.57109607,127.0214556,201895.4198,452395.1296,26.92374553,3.693853577780107,26.374260785275414,3.809847240194647,44.0,140.0
종로구,창신동,24guesthouse동대문마켓점,1,저위험군,37.56790086,127.0094303,200833.121,452040.324,21.70793886,-1.3162540146487274,25.397279723104777,4.2517781169327025,44.0,140.0
종로구,관철동,호스텔 클로이,1,저위험군,37.56597443,126.9878264,198924.4936,451826.5406,17.48344907,-0.6796826055736531,20.661995563727352,5.170445514750821,44.0,140.0
종로구,원남동,메이플레이스 호텔 서울 동대문,1,저위험군,37.57336561,126.9979485,199818.7693,452646.8078,14.95589031,-2.9118696515185665,21.970502647370548,5.167878673054553,44.0,140.0
종로구,수송동,신라스테이 광화문,1,저위험군,37.56990125,126.9803048,198260.0635,452262.4845,19.90447402,0.617373320479139,22.748110831424473,4.3027539569364555,44.0,140.0
종로구,인의동,호텔 아트리움,1,저위험군,37.56913495,126.9973365,199764.6917,452177.2551,20.4974136,1.1072092325338794,23.014302544241723,5.276261575397271,44.0,140.0
종로구,관철동,호스텔 하루,1,저위험군,37.56622871,126.9835334,198545.2223,451854.8205,20.84757253,-1.1983311206942382,23.469097220158062,4.9041049143938835,44.0,140.0
종로구,낙원동,오라카이 인사동 스위츠,1,저위험군,37.57025733,126.9865467,198811.497,452301.9079,15.44674591,-1.1306949549058274,19.867155325670655,4.945717108213213,44.0,140.0
종로구,관수동,호텔베뉴지,1,저위험군,37.56598513,126.9900523,199121.1448,451827.7051,13.84635558,-3.3432541302634142,20.224971358706092,5.234789063423892,44.0,140.0
종로구,관훈동,아미드 호텔 서울,1,저위험군,37.56984481,126.9834118,198534.5493,452256.1673,18.68581043,-0.6227096003234358,21.590386957969173,4.7214530880356795,44.0,140.0
종로구,창신동,케이스테이,1,저위험군,37.56874973,127.0101841,200899.709,452134.5456,24.7643374,1.1242532791202535,24.97853786451822,4.151702398816889,44.0,140.0
종로구,창신동,오리지날 백패커스,1,저위험군,37.56968368,127.0117502,201038.0539,452238.2193,31.80805952,8.107102882823163,24.825756794558828,4.0210692057642845,44.0,140.0
중구,(장충동,앰배서더 서울 풀만 호텔,1,저위험군,37.55742965,127.0016071,200141.9987,450878.1024,33.10607195,6.59532899859618,27.758112186157597,5.0389704970970115,44.0,140.0
중구,(회현동,루미아 호텔,1,저위험군,37.55527178,126.9789824,198142.881,450638.811,19.18754948,-3.1219538178466912,26.694611573868904,5.451599754743173,44.0,140.0
중구,명동,호텔 크레토,1,저위험군,37.55924412,126.9872993,198877.8237,451079.5617,7.095617712,-9.562507188775843,21.402695192335145,5.898485649546917,44.0,140.0
중구,태평로2가,24게스트하우스 서울시청점,1,저위험군,37.56195615,126.9755355,197838.5061,451380.7705,37.75795798,13.29589067346867,25.741869035190145,5.921972733267289,44.0,140.0
중구,장교동,롯데시티호텔명동,1,저위험군,37.56418691,126.9872883,198876.9251,451628.1532,16.07173597,-0.2578817694283373,20.63779320183791,5.355956299343067,44.0,140.0
중구,명동,서울 라이트 인 명동,1,저위험군,37.56145726,126.9845635,198636.1419,451325.2302,34.19667612,10.783175875040364,25.25179004481645,5.893677086410033,44.0,140.0
중구,(남산동,오요5,1,저위험군,37.55618747,126.9840552,198591.1338,450740.3535,24.66420989,1.8247514043414483,25.411088307789313,5.571202189526013,44.0,140.0
중구,(회현동,제이오너 호스텔,1,저위험군,37.55530397,126.9828408,198483.8116,450642.3144,20.46007534,-2.2269601298576838,26.57508698589647,5.4929606296262135,44.0,140.0
중구,(회현동,호텔 블리스 I,1,저위험군,37.55681031,126.9831084,198507.4825,450809.496,21.11462608,0.8549721819733271,25.335297096137474,5.601288287132508,44.0,140.0
중구,(회현동,호텔블리스Ⅱ,1,저위험군,37.55663789,126.9831709,198513.0041,450790.3584,20.37654026,0.0030697395577696795,25.439823901050723,5.591036395119169,44.0,140.0
중구,(회현동,보코 언 아이에이치지 호텔,1,저위험군,37.5557044,126.9778591,198043.6355,450686.8494,23.5381471,-0.663320845614809,26.48307246658252,5.45597157595088,44.0,140.0
중구,남대문로2가,스탠포드호텔 명동,1,저위험군,37.56189911,126.98191,198401.7016,451374.3122,21.72224023,0.19769432388352115,26.58832018024438,5.828903806354182,44.0,140.0
중구,을지로5가,미리네 스테이,1,저위험군,37.56263589,127.0024066,200212.625,451455.935,9.876165929,-9.52960225630334,23.789440813874347,4.985904139893135,44.0,140.0
중구,태평로1가,글로카로카호스텔,1,저위험군,37.56555219,126.9758586,197867.1571,451779.8812,33.59953673,6.4196636374219835,28.791499325107626,4.841686450833881,44.0,140.0
중구,서소문동,ENA 스위트 호텔,1,저위험군,37.55956061,126.9731035,197623.558,451114.9525,11.80515737,-8.760082184764638,25.066410680668586,5.453804977135838,44.0,140.0
중구,남대문로4가,호텔 그레이스리 서울,1,저위험군,37.55884724,126.9761815,197895.4908,451035.7035,17.0760832,-2.3452355946166605,24.148961122070105,5.656396194980507,44.0,140.0
중구,을지로5가,머큐어 앰배서더 서울 동대문(MERCURE AMBASSADOR SEOUL DONGDAEMUN),1,저위험군,37.56466188,127.0010782,200095.2616,451680.7939,23.61681882,5.043624968654889,22.92965631386679,5.014718124339193,44.0,140.0
중구,(남산동,어반 스위트 스테이 (Urban Suite Stay),1,저위험군,37.55599413,126.9847381,198651.4646,450718.8851,15.95493728,-5.676504942189258,25.269417248703846,5.563180676160324,44.0,140.0
중구,을지로5가,안온 스테이,1,저위험군,37.56281707,127.001911,200168.8394,451476.0428,22.00564794,0.031157190380714184,23.474595443473678,4.976612334570136,44.0,140.0
중구,명동,하이 서울 호스텔 명동 명동 웨스트,1,저위험군,37.55926806,126.9876751,198911.029,451082.2143,17.67306268,-2.2090352975501233,21.587441856413008,5.87635124026998,44.0,140.0
중구,중림동,라서울 스테이,1,저위험군,37.55608468,126.9681435,197185.1786,450729.3025,26.24805979,-3.1704116510274787,25.415622455915397,5.011388981097873,44.0,140.0
중구,충무로3가,트레블로지 명동 남산,1,저위험군,37.55981918,126.9899828,199114.9326,451143.3579,11.82885025,-7.463338628461861,22.462008840713125,5.909040966464217,44.0,140.0
중구,남대문로5가,스테이 한가온 명동,1,저위험군,37.55543671,126.9749461,197786.2331,450657.2036,35.03459486,-0.5483903009973545,25.978010317037665,5.357958535304686,44.0,140.0
중구,다동,호텔 미드시티 명동,1,저위험군,37.56491356,126.9803153,198260.8805,451708.909,29.88759052,4.720701595123899,26.752816682262118,4.919333302315656,44.0,140.0
중구,명동,헨나호텔서울명동,1,저위험군,37.55927368,126.9875309,198898.282,451082.8398,12.62878381,-3.792463704536816,21.532724383574205,5.883814199667237,44.0,140.0
중구,(필동,라임스테이 명동 호스텔,1,저위험군,37.55847797,126.9942617,199492.9807,450994.4678,28.29292059,4.169881349538656,25.682855137321322,5.374884323165265,44.0,140.0
중구,충무로2가,호스텔 고울,1,저위험군,37.56006354,126.98896,199024.5629,451170.4891,18.44214096,-0.5685429460705116,22.139533376353242,5.957338685837397,44.0,140.0
중구,(명동,HISTAY HOSTEL,1,저위험군,37.56027363,126.9814079,198357.3094,451193.9118,26.39627143,2.6312139458414023,25.556637603581322,5.943584975913149,44.0,140.0
중구,명동,MOK HOSTEL,1,저위험군,37.55934315,126.9833265,198526.8095,451090.6077,33.98173341,9.756482975383982,25.10450960334699,5.822987890460568,44.0,140.0
중구,(회현동,남산스토리 나인,1,저위험군,37.5530029,126.9799588,198229.1005,450386.9735,31.95824836,-2.378318058631706,26.44064861898688,5.303558926423233,44.0,140.0
중구,(저동,(주)조선호텔앤리조트 포포인츠 조선 명동,1,저위험군,37.56283151,126.9886404,198996.3664,451477.7044,7.805893001,-8.657285458842559,21.334878523984315,5.681223762356003,44.0,140.0
중구,을지로4가,코스모하버 인 명동2,1,저위험군,37.56414615,126.9967554,199713.3386,451623.5583,17.2235547,-3.741031438236604,22.978972021341306,5.208481678022572,44.0,140.0
중구,(필동,G3호텔,1,저위험군,37.55907589,126.9921215,199303.8894,451060.8435,18.76137306,-0.4344207499779529,24.116316347443686,5.738158998912694,44.0,140.0
중구,을지로6가,노보텔 앰배서더 서울 동대문 호텔,1,저위험군,37.56352003,127.0035614,200314.647,451554.0674,19.02164494,0.13308216914133197,23.02839964617567,4.953115300919236,44.0,140.0
중구,(광희동,케이 게스트하우스 동대문프리미엄점,1,저위험군,37.56094517,127.0059608,200526.6559,451268.299,20.97980309,-0.5754123892718717,25.256605308785645,5.078883452044239,44.0,140.0
중구,남대문로4가,코트야드 메리어트 서울 명동,1,저위험군,37.55844079,126.9761372,197891.5651,450990.5934,15.04853869,-4.677581809115502,24.28292268587588,5.592205589803186,44.0,140.0
중구,(남산동,원투쓰리호스텔,1,저위험군,37.55587082,126.9839836,198584.7968,450705.2102,26.38587737,4.065356651535211,25.65399494105352,5.548392953425768,44.0,140.0
중구,을지로6가,호텔 스카이파크 킹스타운 동대문지점,1,저위험군,37.56589354,127.0069443,200613.5102,451817.5158,25.80159582,3.6565544081445402,24.897913806423468,4.58201167184664,44.0,140.0
중구,초동,나인트리 바이 파르나스 서울 명동Ⅱ,1,저위험군,37.5615963,126.9901367,199128.5529,451340.5958,19.01522831,1.6447590076163934,22.217954458530418,5.873413369920767,44.0,140.0
중구,(남산동,남산호스텔,1,저위험군,37.5553408,126.9837925,198567.9047,450646.3872,28.7644162,5.35704654759747,26.18592961943451,5.502078755557739,44.0,140.0
중구,(저동,G2 호텔,1,저위험군,37.56060529,126.9896815,199088.3227,451230.6097,17.83843873,-2.2447104224419796,22.382953398478833,5.946471517194835,44.0,140.0
중구,(남산동,오요5 롯지A(OYO 5 Lodge A),1,저위험군,37.55634977,126.9841795,198602.119,450758.365,33.749347,-1.817849276889703,25.265999432296496,5.5831675202198685,44.0,140.0
중구,명동,사보이호텔,1,저위험군,37.55897352,126.9835172,198543.6446,451049.5802,23.05564515,-0.6650125238671336,24.780336188449347,5.784899346419605,44.0,140.0
중구,명동,메트로호텔,1,저위험군,37.56237712,126.982941,198492.8016,451427.3486,27.68771304,2.406215122595313,26.509327264739614,5.681483118203598,44.0,140.0
중구,충무로4가,호텔 도마,1,저위험군,37.55857874,126.9950248,199560.4114,451005.6482,30.87499209,6.55796365413277,26.338830868623784,5.227658223737976,44.0,140.0
중구,을지로2가,트레블로지 명동 을지로 호텔,1,저위험군,37.56386051,126.988585,198991.4803,451591.9119,13.5787579,-2.358658710237769,20.32606541953824,5.456001372476754,44.0,140.0
중구,남대문로4가,프레이저플레이스남대문,1,저위험군,37.55862664,126.9756413,197847.7545,451011.2318,26.25592304,4.276435840626746,24.312160737399942,5.578092260287249,44.0,140.0
중구,충무로2가,세종호텔,1,저위험군,37.55871693,126.9871697,198866.3649,451021.0514,23.60860474,4.591553047246126,20.785967299683673,5.868395228896558,44.0,140.0
중구,소공동,호텔롯데,1,저위험군,37.56206001,126.9803022,198259.6532,451392.1987,23.90521275,0.709055022200797,26.33349146502978,5.973492755309081,44.0,140.0
중구,명동,로얄호텔서울,1,저위험군,37.5615652,126.984857,198662.0736,451337.2061,37.01093094,13.878402197500662,25.09128972271109,5.884557043619012,44.0,140.0
중구,(장충동,써미트호텔,1,저위험군,37.5594974,127.0060987,200538.8503,451107.6144,24.70233306,1.4504292264469605,25.746409211506794,5.161427240637876,44.0,140.0
중구,충무로1가,데이즈 호텔 명동,1,저위험군,37.55820209,126.9828434,198484.0966,450963.9712,17.02598948,-4.741844237774025,24.950612864611333,5.702475969793074,44.0,140.0
중구,태평로1가,코리아나호텔,1,저위험군,37.56555219,126.9758586,197867.1571,451779.8812,34.58046702,7.400593927421987,28.791499325107626,4.841686450833881,44.0,140.0
중구,(장충동,반얀트리 클럽 앤 스파 서울,1,저위험군,37.54780376,127.0021867,200193.2322,449809.7449,37.20624082,11.321210140594058,27.558387529099356,4.583951348486313,44.0,140.0
중구,을지로4가,호텔 국도,1,저위험군,37.56342608,126.995507,199603.0408,451543.6435,22.72211873,3.1718254413362885,23.36225533774627,5.306904909673461,44.0,140.0
중구,(명동,이비스 앰배서더 명동,1,저위험군,37.56143879,126.9822745,198433.9034,451323.216,26.30835335,2.1332769062758175,26.401505829162435,5.917056118692902,44.0,140.0
중구,순화동,디에스디엘(주) 프레이저 플레이스 센트럴 서울,1,저위험군,37.55986298,126.9690892,197268.8858,451148.6211,31.57007755,9.38833584898773,25.79244236598251,5.101124950693387,44.0,140.0
중구,태평로1가,뉴서울호텔,1,저위험군,37.56523844,126.9773733,198000.9669,451745.0254,28.83956587,1.958593793347294,28.44975740664067,5.029628165029505,44.0,140.0
중구,(인현동,호텔 PJ,1,저위험군,37.56206173,126.9949125,199550.5064,451392.2194,21.96251601,-0.47081832899134923,24.80077715776204,5.381908562709851,44.0,140.0
중구,주교동,포레스트 스테이 을지로,1,저위험군,37.56440216,126.9995208,199957.6594,451651.9676,16.72552358,-3.7426031115352743,23.12529268098194,5.059251937163859,44.0,140.0
중구,(남산동,JEJARI STAY,1,저위험군,37.55589221,126.9842567,198608.9273,450707.5802,27.37212124,4.657372947431412,25.51866077120676,5.552281564625586,44.0,140.0
중구,(남산동,다두하우스,1,저위험군,37.55602148,126.9840079,198586.9477,450721.9313,37.3094595,2.097003471340571,25.54045331562074,5.560163501765075,44.0,140.0
용산구,이태원동,호스텔 펠라즈(Hostel Fellaz),1,저위험군,37.5309905,126.992871,199369.8721,447943.7002,25.32889192,-1.2215993048616092,28.92059767011165,3.9449178309475537,44.0,140.0
용산구,이촌동,스카이 스위트,1,저위험군,37.51842522,126.9593935,196410.2337,446549.862,21.76826798,-1.7520855200764949,25.44624407164169,2.602531735373945,44.0,140.0
용산구,이태원동,와이낫슬립(Why Not Sleep),1,저위험군,37.53117208,126.9904651,199157.222,447963.8721,27.201146,-7.748238584647865,28.079273204444362,3.949434639609119,44.0,140.0
용산구,이태원동,스테이 파키라(Stay Pachira),1,저위험군,37.53120965,126.9912185,199223.8153,447968.0355,33.62207791,7.933396503597013,28.69688650014102,3.953158650176825,44.0,140.0
용산구,한강로3가,나인트리 프리미어 로카우스호텔 서울 용산(Nine Tree Premier ROKAUS Hotel Seoul Yongsan),1,저위험군,37.52489689,126.9636342,196785.405,447267.9828,18.5557279,-7.094353971080377,25.426166259162574,2.7386434394467285,44.0,140.0
용산구,이태원동,해밀톤관광호텔,1,저위험군,37.53213283,126.9927876,199362.5155,448070.4852,31.13571848,4.851137083265222,29.36177517063065,3.9850280322265377,44.0,140.0
용산구,한강로3가,(주)서부티엔디 노보텔 앰배서더 서울 용산,1,저위험군,37.52917031,126.9616552,196610.6634,447742.3486,26.3910764,3.070504075807179,25.618895537364647,2.7847433986518526,44.0,140.0
용산구,이태원동,몬드리안 서울 이태원,1,저위험군,37.52621325,126.9925067,199337.6289,447413.4873,23.99215979,-1.7959011111813687,27.7496909818698,3.81097846523845,44.0,140.0
용산구,동자동,(주)조선호텔앤리조트 포포인츠 조선 서울역,1,저위험군,37.54811198,126.971997,197525.4075,449844.3199,12.56557322,-5.739030950381144,21.96823400323286,4.554652300709349,44.0,140.0
용산구,이태원동,에이원호텔,1,저위험군,37.5312925,126.9908435,199190.6722,447977.234,21.60803378,-3.7239574094876033,28.553387033894268,3.953366222567392,44.0,140.0
용산구,동자동,케이 그랜드 호텔 서울(K-Grand Hotel Seoul),1,저위험군,37.55008607,126.9714675,197478.6854,450063.4342,24.96694122,4.5582963346798095,22.48624400859952,4.723006791463518,44.0,140.0
용산구,갈월동,호텔 더 디자이너스,1,저위험군,37.5428,126.970798,197419.2712,449254.7867,18.2793578,-1.4801590650346448,22.91032797228893,3.866743115949949,44.0,140.0
용산구,한강로3가,(주)서부티엔디 그랜드 머큐어 앰버서더 서울 용산,1,저위험군,37.52917031,126.9616552,196610.6634,447742.3486,26.91491916,3.5943468358071797,25.618895537364647,2.7847433986518526,44.0,140.0
성동구,행당동,소노체호스텔 한양,1,저위험군,37.55719846,127.0352887,203118.0364,450853.0272,14.15373922,-6.54856145618116,23.336551609890783,4.632726998115966,44.0,140.0
성동구,성동,청화스테이,1,저위험군,37.5369324,127.0615424,205439.2365,448604.9338,12.02835363,-9.083671829637394,23.381372103285553,3.77720842752451,44.0,140.0
성동구,도선동,컬리넌 호텔 앤 스파,1,저위험군,37.55988082,127.0340262,203006.3802,451150.6962,19.08783436,-0.056123130005101274,22.693745798753078,4.535504710427192,44.0,140.0
마포구,도화동,로이넷 호텔 서울 마포,1,저위험군,37.53906401,126.9474969,195359.8078,448841.032,21.94319787,-1.309696103327056,26.054141570224722,3.224512368871225,44.0,140.0
마포구,합정동,써클호텔,1,저위험군,37.54610662,126.9099711,192044.052,449625.1897,22.64169702,0.15627296233369847,25.637902408987756,4.520677262267142,44.0,140.0
마포구,공덕동,(주)호텔롯데 롯데시티 호텔마포,1,저위험군,37.54218159,126.9498095,195564.3759,449186.9337,15.46468841,-7.474905799656675,25.387957615679955,3.3085698419122926,44.0,140.0
마포구,서교동,나인브릭,1,저위험군,37.55103429,126.9197834,192911.643,450171.3168,20.41757129,-0.312191801764957,23.813335382810894,3.784226195433944,44.0,140.0
마포구,합정동,주니비노호텔,1,저위험군,37.54519815,126.909966,192043.5074,449524.361,22.88208923,0.883615008089528,25.896437569766768,4.486940405585461,44.0,140.0
마포구,동교동,클레오,1,저위험군,37.55864002,126.9258681,193449.9848,451015.0209,16.64834244,-5.2857266870372825,25.625722492332798,4.416885331486653,44.0,140.0
마포구,동교동,홀리데이 인 익스프레스 서울 홍대,1,저위험군,37.55677874,126.924009,193285.5493,450808.5721,22.1037906,2.8006668412764526,22.910713002445434,4.316306661513625,44.0,140.0
강서구,마곡동,머큐어 서울 마곡,1,저위험군,37.56319062,126.8248225,184522.9076,451531.9248,26.72142156,5.312302272655618,24.889506420918163,3.87603864155041,44.0,140.0
강서구,염창동,나이아가라관광호텔,1,저위험군,37.54634585,126.8777893,189200.1477,449654.9513,12.86757963,-4.950764868406013,21.029891127807417,4.5372081935487145,44.0,140.0
강서구,외발산동,메이필드호텔,1,저위험군,37.54436374,126.8174071,183863.6927,449443.6103,24.94677628,3.048356286516597,24.515157635030572,3.8729634905569554,44.0,140.0
강서구,화곡동,이지갤러리관광호텔,1,저위험군,37.55053248,126.8497258,186720.8948,450123.211,32.9525523,10.109524021643939,25.29293766839195,3.5667805195476356,44.0,140.0
강서구,방화동,(주)호텔롯데 롯데시티호텔 김포공항,1,저위험군,37.56231091,126.8022095,182524.8237,451438.2514,28.13513597,2.375368704751729,25.338786616127866,3.9543754488120837,44.0,140.0
강서구,화곡동,드 어반 관광호텔,1,저위험군,37.52625242,126.8466018,186440.4438,447428.8648,17.14052944,-2.459134760482719,22.36860165568991,3.585829879186564,44.0,140.0
강서구,화곡동,볼(Voll) 관광호텔,1,저위험군,37.52600423,126.8458538,186374.2778,447401.4269,17.87903661,-1.742606819001871,22.389819133413276,3.584843396534565,44.0,140.0
강서구,염창동,제이케이블라썸호텔,1,저위험군,37.55404528,126.8669032,188239.3369,450510.8023,19.27163268,-1.1013880421930509,23.443599042700594,3.7204396053052418,44.0,140.0
강서구,마곡동,호텔 엠펠리체,1,저위험군,37.55708314,126.8344677,185373.8757,450852.5214,22.74883735,1.4688764883177434,24.409402918665254,3.7917613413563664,44.0,140.0
강서구,등촌동,에스알호텔,1,저위험군,37.55838302,126.8386825,185746.5354,450996.1453,11.08948682,-10.745715030077763,24.810159374320744,3.747302894669799,44.0,140.0
강서구,등촌동,(주)컴앤스테이 강서,1,저위험군,37.55407382,126.8591551,187554.7131,450514.9675,19.50717414,-2.0246424953613804,24.299335794303254,3.4860102945489864,44.0,140.0
강서구,염창동,골든서울호텔,1,저위험군,37.54517029,126.8772495,189152.2695,449524.5405,13.85979895,-4.420828137435846,20.971881350071506,4.479451524028483,44.0,140.0
영등포구,(영등포동,라스베가스 관광호텔,1,저위험군,37.51802179,126.9113836,192165.9348,446508.0012,18.00256991,-2.3939797374552185,25.080260972903098,5.529563024787007,44.0,140.0
영등포구,여의도동,컴포트 인 여의도,1,저위험군,37.52757056,126.9196663,192899.0645,447567.1378,33.03476385,5.646885783445512,30.411801292465327,4.402477291059505,44.0,140.0
영등포구,(영등포동,토요코인 서울영등포,1,저위험군,37.51494198,126.9111738,192147.071,446166.1986,22.65307423,2.1160525967442254,25.183735824512787,5.485884418009217,44.0,140.0
영등포구,(양평동,가예,1,저위험군,37.52009318,126.8889497,190182.9564,446740.004,20.85640134,0.3369102534804185,24.916788133575743,5.191423952261125,44.0,140.0
영등포구,(양평동,ROJIN(로진),1,저위험군,37.52027441,126.8888237,190171.8451,446760.1314,27.89292437,7.465645310924781,24.933552407236895,5.187165234788378,44.0,140.0
영등포구,(당산동,따담,1,저위험군,37.51953795,126.891167,190378.8957,446678.1514,30.52518016,10.116613900274931,24.752088563775047,5.262791148685999,44.0,140.0
영등포구,(당산동,SH호스텔,1,저위험군,37.5200043,126.8977171,190957.9995,446729.2606,15.154335,-3.4564461585066617,23.232649043879526,5.389877314106823,44.0,140.0
영등포구,(당산동,SD Firstier,1,저위험군,37.51986208,126.8984186,191019.9937,446713.4088,15.23062396,-3.0035638574831527,22.98111983348,5.399068314566454,44.0,140.0
영등포구,여의도동,페어몬트 앰배서더 서울(Fairmont Ambassador Seoul),1,저위험군,37.5233003,126.9275097,193592.0005,447092.6289,24.80866729,-0.7726489557810332,29.34575893354115,4.389974950869175,44.0,140.0
영등포구,(영등포동,오베르,1,저위험군,37.5158422,126.9019589,191332.5056,446266.9207,11.46062883,-8.127944310169879,24.340813115379113,5.405105484322,44.0,140.0
영등포구,(양평동,Chateau 관광호텔,1,저위험군,37.52003452,126.8895927,190239.7893,446733.4266,16.40669168,-4.212461701454355,24.865382089890087,5.211063141579757,44.0,140.0
영등포구,선유동,가온누리,1,저위험군,37.51956845,126.8917188,190427.6845,446681.4802,18.75750306,-1.5672125169258386,24.67975357108555,5.276744034785832,44.0,140.0
영등포구,(당산동,다담,1,저위험군,37.51987588,126.8967936,190876.3447,446715.0968,10.2356634,-8.868944725828847,23.544306345501493,5.3793218631671476,44.0,140.0
영등포구,(당산동,베스트웨이,1,저위험군,37.5206932,126.8960286,190808.8165,446805.8835,16.27711625,-3.0580820211497795,23.764190576148756,5.366350134455033,44.0,140.0
영등포구,(양평동,유니언호텔,1,저위험군,37.53591594,126.8922478,190476.5261,448495.7953,21.78932749,4.978152539851596,21.03182570332084,5.113914899154434,44.0,140.0
영등포구,(영등포동,호텔 씨엘,1,저위험군,37.51633265,126.9010632,191253.3778,446321.4373,21.48025574,1.8594152804243116,23.91736011114372,5.41196316119623,44.0,140.0
영등포구,여의도동,켄싱턴호텔 여의도,1,저위험군,37.52750863,126.9210305,193019.6461,447560.1622,24.70628605,-2.4037647864388063,30.360279452387466,4.330840530912638,44.0,140.0
영등포구,여의도동,콘래드 서울 호텔,1,저위험군,37.5222288,126.9245121,193326.9312,446973.9142,21.81550966,-2.9942949350339667,28.466120387335586,4.7350027322288435,44.0,140.0
영등포구,여의도동,글래드호텔앤리조트(주) 글래드 여의도,1,저위험군,37.52469423,126.9165374,192622.2094,447248.1417,26.84285664,2.2163216521874887,28.618412159878517,5.028230742842518,44.0,140.0
영등포구,(양평동,위브 스위트 - 선유 파크사이드,1,저위험군,37.53575162,126.8925996,190507.5976,448477.5223,13.97273206,-2.8424813343247006,21.04168526250472,5.1209680026941236,44.0,140.0
영등포구,(당산동,더 리베라,1,저위험군,37.52084471,126.8961637,190820.7807,446822.6861,17.55283714,-1.69442286666429,23.73347742254237,5.367542923810143,44.0,140.0
영등포구,(양평동,가온,1,저위험군,37.52035777,126.8898952,190266.5791,446769.2719,24.2542534,4.020558379879908,24.82025526105927,5.216664571191416,44.0,140.0
서초구,양재동,더케이호텔앤리조트(주) 더케이호텔서울,1,저위험군,37.46402232,127.0320259,202833.2617,440511.5612,27.95503456,4.599536063497922,24.84218485541152,2.7714162645503126,44.0,140.0
서초구,잠원동,호텔티롤,1,저위험군,37.51230507,127.0161577,201428.5173,445869.9508,19.91377057,-5.0228830841747545,27.708896577132478,3.746240981542221,44.0,140.0
서초구,서초동,유원관광호텔,1,저위험군,37.48242337,127.0120618,201066.8182,442553.4166,15.34877743,-7.307873829282032,24.32783188836088,3.384494743559388,44.0,140.0
서초구,서초동,호텔 페이토,1,저위험군,37.48399045,127.0317868,202811.3575,442727.748,20.21077562,0.35809099527120836,22.037995055609073,2.7167944459130826,44.0,140.0
서초구,서초동,신라스테이 서초,1,저위험군,37.48670619,127.0293371,202594.6051,443029.0888,10.06212717,-8.75393786553736,21.141827773285744,2.817990260750617,44.0,140.0
서초구,서초동,업플로 호스텔,1,저위험군,37.49101095,127.0162155,201434.032,443506.5797,33.28282815,4.307014221575827,23.92204347442305,3.334195023804543,44.0,140.0
서초구,반포동,JW메리어트호텔 서울,1,저위험군,37.50161364,127.0028324,200250.4482,444683.2204,22.66606463,0.9551767747200834,24.303556612583645,3.717906165737925,44.0,140.0
서초구,서초동,힐튼 가든 인 서울 강남,1,저위험군,37.48316337,127.0319656,202827.2061,442635.9584,24.68332194,4.76009698294687,22.27761767136535,2.7101383101186016,44.0,140.0
강남구,삼성동,호텔 인 나인,1,저위험군,37.51294098,127.0591658,205230.8602,445942.0507,8.301884613,-15.806723857920103,25.53558746001154,1.684683300688566,44.0,140.0
강남구,청담동,호텔리베라 아노블리,1,저위험군,37.52111727,127.0408383,203610.1233,446848.6545,16.15922012,-5.469094461922708,24.098847001850444,2.9558729725610458,44.0,140.0
강남구,신사동,안다즈 서울 강남,1,저위험군,37.52266861,127.0280798,202482.2162,447020.4206,18.9667094,-5.2430076871695235,27.276621824863504,3.620770337820738,44.0,140.0
강남구,삼성동,신라스테이 삼성,1,저위험군,37.50730567,127.0623526,205513.023,445316.7851,22.88038151,-1.8373144195980942,25.894183171960947,1.3719825090664757,44.0,140.0
강남구,논현동,하로스테이 신사,1,저위험군,37.51197371,127.0203569,201799.7769,445833.2461,29.78300762,4.040761986705814,27.915681555326714,3.6817800996324808,44.0,140.0
강남구,신사동,단델리온 신사1호점,1,저위험군,37.51859556,127.0253689,202242.7016,446568.2952,16.77295275,-9.135515436542917,28.019563127079095,3.5138067703392712,44.0,140.0
강남구,삼성동,기와 호스텔,1,저위험군,37.50575751,127.0561695,204966.4353,445144.6149,29.18604503,3.324929554280832,26.66778990771393,1.174423291472806,44.0,140.0
강남구,역삼동,willow leaf,1,저위험군,37.49772977,127.0321048,202838.9628,444252.6416,24.42375404,5.412917482074498,20.910044653090637,2.6060093669706186,44.0,140.0
강남구,역삼동,리치웰 호텔(Richwell Hotel),1,저위험군,37.50022148,127.0390336,203451.5506,444529.4206,22.92740091,3.149295438514745,21.16051137750286,1.7186174716391234,44.0,140.0
강남구,역삼동,인더시티호스텔,1,저위험군,37.50027939,127.0392159,203467.6679,444535.8546,21.55567109,1.6977327696912958,21.18870170788607,1.700293957796598,44.0,140.0
강남구,역삼동,베니키아 강남 노블레스 호텔,1,저위험군,37.49864607,127.0350027,203095.187,444354.4304,26.54142134,7.129331154527698,20.953781303317292,2.281815845167894,44.0,140.0
강남구,삼성동,호텔 페이토 삼성,1,저위험군,37.50570328,127.057925,205121.6554,445138.6902,29.96271154,4.223275990641223,26.424438626649607,1.204681076259059,44.0,140.0
강남구,논현동,호텔 더 디자이너스 리즈 강남 프리미어,1,저위험군,37.50271388,127.0251084,202220.1402,444805.6252,21.26865533,0.41758484688835296,23.549946004861198,3.355262448798347,44.0,140.0
강남구,신사동,어바웃스테이 신사점,1,저위험군,37.51443018,127.0190559,201684.7048,446105.859,37.85252092,10.976407709199108,28.313702218500744,3.7170911839348606,44.0,140.0
강남구,역삼동,호텔 디 아티스트 역삼,1,저위험군,37.49966232,127.0376996,203333.6172,444467.313,20.15987183,0.6426085376304975,21.060602075026573,1.894018527381111,44.0,140.0
강남구,삼성동,호텔 유리앤,1,저위험군,37.50617632,127.0567785,205020.249,445191.1298,26.03322109,0.5226685580729082,26.49210735628296,1.2045851784853467,44.0,140.0
강남구,역삼동,호텔 뉴브,1,저위험군,37.50027135,127.0483211,204272.8029,444535.3367,23.30072545,0.4527951895237834,23.9148212622006,1.2764836645041597,44.0,140.0
강남구,역삼동,호텔 신라스테이 역삼(Hotel Shilla Stay Yeoksam),1,저위험군,37.50189663,127.0404735,203578.7994,444715.3944,14.53540694,-5.905607592734073,21.648307677154857,1.520725273532845,44.0,140.0
강남구,신사동,다도,1,저위험군,37.51870635,127.0191906,201696.5175,446580.4622,29.69951855,3.7285345278606137,28.289042638089093,3.7921520331896716,44.0,140.0
강남구,논현동,GAM,1,저위험군,37.51012645,127.0324871,202872.3001,445628.525,17.98482454,-4.756077498307086,24.469297877916425,2.8275125366688827,44.0,140.0
강남구,대치동,이비스 스타일 앰배서더 강남,1,저위험군,37.50236069,127.0562784,204976.2843,444767.6174,27.12415563,0.9157465279201382,26.992427446671037,1.1604046108088943,44.0,140.0
강남구,논현동,렉스 관광 호텔,1,저위험군,37.51162065,127.0197507,201746.1946,445794.0495,31.70536659,6.538058125450885,27.699781163966286,3.6869830073328003,44.0,140.0
강남구,역삼동,트리아관광호텔,1,저위험군,37.50009682,127.0386187,203414.8687,444515.5698,26.94400361,6.744365303656231,21.12705708319741,1.7658081060777115,44.0,140.0
강남구,신사동,라까사호텔,1,저위험군,37.51923895,127.0187598,201658.4162,446639.5664,29.75805099,3.187506649829807,28.31465234122022,3.778451404863846,44.0,140.0
강남구,삼성동,웨스틴 서울 파르나스,1,저위험군,37.50977042,127.0580292,205130.592,445590.0963,30.52689456,4.111368601865056,25.958533193555493,1.3713971857874827,44.0,140.0
강남구,역삼동,와사비 하우스,1,저위험군,37.49195128,127.0298059,202635.8846,443611.2378,13.65377502,-4.014787155652014,19.743725809002253,2.8042502993816028,44.0,140.0
강남구,삼성동,호텔 크레센도 서울,1,저위험군,37.50806468,127.0461159,204077.3787,445400.1981,24.54886561,0.5264205559509882,25.148895162089,1.347743264745851,44.0,140.0
송파구,잠실동,호텔롯데 롯데호텔월드,1,저위험군,37.50853565,127.0971478,208589.3632,445455.9044,27.80877573,5.930221669921227,23.790251362380577,3.639877342384393,44.0,140.0
송파구,문정동,메리제인호텔,1,저위험군,37.4828826,127.1227537,210857.0255,442611.3941,30.7790056,7.003085725200048,27.454280198398635,4.34265133436033,44.0,140.0
송파구,가락동,부티크 호텔 XYM,1,저위험군,37.49414553,127.1205935,210664.3701,443861.1847,28.93241283,4.159088008140312,28.425049068057742,4.311204932461129,44.0,140.0
송파구,신천동,시그니엘 서울(SIGNIEL SEOUL),1,저위험군,37.51035018,127.1026419,209074.9004,445657.8098,22.07869221,1.4158075944463135,23.787364161063426,3.785748557346397,44.0,140.0
송파구,문정동,호텔 파크하비오,1,저위험군,37.47785335,127.122874,210868.3975,442053.2279,19.85078138,-3.9538820909725274,27.358870002770566,4.3617986517353176,44.0,140.0
송파구,가락동,가락관광호텔,1,저위험군,37.49113403,127.117929,210429.1572,443526.649,35.92362085,10.11775823110516,28.0542480428522,4.2809325261671205,44.0,140.0
송파구,가락동,캘리포니아호텔,1,저위험군,37.49134308,127.1183152,210463.2829,443549.8936,36.3346945,11.095975185632955,28.136326047331792,4.28867033078991,44.0,140.0
종로구,관철동,스테이 묘미 종로,1,저위험군,37.56620399,126.985129,198686.1906,451852.0534,15.70536045,-5.111657669572118,22.381614291569008,5.016197451077181,44.0,140.0
종로구,숭인동,호텔 인스피룸 종로,1,저위험군,37.57110935,127.0207528,201833.3295,452396.5896,30.02159386,5.497905021729384,26.370346651395813,3.820953855236736,44.0,140.0
종로구,숭인동,안한스테이 동묘,1,저위험군,37.57088635,127.016036,201416.6445,452371.7576,18.5396282,-4.3954083073160355,26.222343012432937,3.8809754143201802,44.0,140.0
서초구,반포동,호텔 앳 강남 서울,1,저위험군,37.50289453,127.020478,201810.7081,444825.5759,16.31124027,-5.310919146282352,23.718817408692942,3.5517190058098147,44.0,140.0
강남구,역삼동,스테이아른,1,저위험군,37.50366871,127.0453887,204013.3162,444912.2707,21.31644372,-4.20825523637059,23.576784862904866,1.231609431911874,44.0,140.0
종로구,효제동,백제장,1,저위험군,37.56884357,127.0041212,200364.0797,452144.9199,24.18525931,0.22252340957706807,26.40820072683595,4.558729521994344,44.0,140.0
종로구,효제동,더원 호텔,1,저위험군,37.5692221,127.003393,200299.7503,452186.9298,24.79858537,1.169722983347171,26.36086470467759,4.62798634396677,44.0,140.0
종로구,관수동,더포스트 호텔,1,저위험군,37.56668503,126.9897635,199095.6394,451905.3885,15.94133796,-0.04342313373502371,20.37043615728498,5.177703104453656,44.0,140.0
종로구,연지동,더스테이종로(TheStayJongro),1,저위험군,37.57028888,126.9982792,199847.9811,452305.3259,15.40107587,-3.245056746482746,23.290764307638593,5.2204992405355615,44.0,140.0
종로구,관철동,(주)서울큐브 종로,1,저위험군,37.56636189,126.9838774,198575.6146,451869.5967,19.8904306,0.693366660888973,23.20613787670926,4.9200217092833975,44.0,140.0
종로구,연지동,주식회사 파이브호텔 종로,1,저위험군,37.57145411,126.9987318,199887.9614,452434.6523,21.93919877,3.1978435837231842,23.04386642770757,5.147747339845566,44.0,140.0
종로구,원남동,오라카이 대학로 호텔,1,저위험군,37.57297519,126.9979778,199821.3638,452603.4757,17.49537536,-0.2123200416734612,22.095454598011266,5.180163619801776,44.0,140.0
종로구,효제동,청원 NEST,1,저위험군,37.56941664,127.0034373,200303.6641,452208.5216,25.69593258,2.8184223154088492,26.18706137171017,4.607462716847411,44.0,140.0
종로구,관철동,핑크빌,1,저위험군,37.5663255,126.9841608,198600.6532,451865.5536,19.95846592,0.8410954673619067,23.040623523189478,4.941790754320234,44.0,140.0
종로구,충신동,이에스드림타워,1,저위험군,37.57251594,127.0027139,200239.7455,452552.5058,21.68286087,2.4221873465649075,23.13839606213456,4.522078358812903,44.0,140.0
종로구,창신동,만소호스텔,1,저위험군,37.56851942,127.0099225,200876.6026,452108.9814,25.84870906,2.9600389390471804,25.087670791278793,4.186903808552837,44.0,140.0
종로구,관철동,유에이치 스위트 종각 5F,1,저위험군,37.5663269,126.9852019,198692.628,451865.6939,14.33050933,-5.896684286188192,22.38058453852866,5.0147529847551375,44.0,140.0
종로구,장사동,알게스트하우스 종묘점,1,저위험군,37.56669372,126.9940096,199470.7659,451906.3206,18.06818819,-0.6742168544301315,20.213199321004083,5.25797008004629,44.0,140.0
종로구,돈의동,엠앤럭키호텔,1,저위험군,37.5685956,126.9901221,199127.3384,452117.4361,10.77021425,-5.16503673674997,20.327085080342812,5.121619123578062,44.0,140.0
종로구,관수동,호텔케이월드(청계),1,저위험군,37.56645547,126.9904873,199159.5848,451879.9033,12.14639805,-3.5987564758065265,20.20266609799272,5.1982101384442245,44.0,140.0
종로구,관철동,더 스테이 코리아(The Stay Korea),1,저위험군,37.56616924,126.9863907,198797.6543,451848.1797,23.78195396,6.2699939135158935,21.60560116600952,5.089245582655315,44.0,140.0
종로구,낙원동,오라카이 인사동 스위츠,1,저위험군,37.57025733,126.9865467,198811.497,452301.9079,15.44674591,-1.1306949549058274,19.867155325670655,4.945717108213213,44.0,140.0
종로구,관훈동,아미드 호텔 서울,1,저위험군,37.56984481,126.9834118,198534.5493,452256.1673,18.68581043,-0.6227096003234358,21.590386957969173,4.7214530880356795,44.0,140.0
종로구,창신동,대구,1,저위험군,37.56869433,127.0105724,200934.0121,452128.4006,34.30395,2.5339286262487697,25.10150533550782,4.147615102217183,44.0,140.0
종로구,관철동,호텔 프렌즈,1,저위험군,37.56577941,126.987643,198908.2843,451804.8978,23.88574147,-6.566611521307756,20.692742555157785,5.178304230999183,44.0,140.0
종로구,관훈동,호텔썬비,1,저위험군,37.57030354,126.9840039,198586.865,452307.0719,13.4208505,-4.512952539415412,21.13908868243711,4.744057667504469,44.0,140.0
종로구,낙원동,(주)탑호텔 앤 레지던스,1,저위험군,37.57058279,126.988025,198942.1046,452338.0125,18.43119385,2.754377602756195,19.697197832113833,4.998168775420311,44.0,140.0
종로구,낙원동,호텔누누,1,저위험군,37.56823244,126.9888801,199017.6124,452077.1418,20.71736838,-2.9534468213406697,20.709014069773268,5.071984556033293,44.0,140.0
종로구,관철동,르몽호텔,1,저위험군,37.56611346,126.9877015,198913.461,451841.9728,17.1935316,-0.02512200861041336,20.758937863429598,5.154238342490418,44.0,140.0
종로구,효제동,블루덕호텔,1,저위험군,37.56889448,127.003309,200292.329,452150.5675,23.67672872,0.3654629722179621,26.461669139569292,4.66282791334964,44.0,140.0
종로구,창신동,BM,1,저위험군,37.56785863,127.0107003,200945.3175,452035.6489,26.73716083,2.697916085057919,25.443658021016404,4.219172282562932,44.0,140.0
종로구,낙원동,호텔 트래디업 B동,1,저위험군,37.57052737,126.9879043,198931.4365,452331.8629,17.80721927,-3.4760917375211022,19.678392979956065,4.9957487427380975,44.0,140.0
종로구,종로5가,동대문 당근 여관,1,저위험군,37.5678409,127.0040228,200355.3949,452033.6349,34.54604797,-0.5175428490620391,26.36910162387457,4.644520650759792,44.0,140.0
종로구,낙원동,케이브 료칸&호텔 종로,1,저위험군,37.56833357,126.9891105,199037.9658,452088.3637,12.21183715,-4.445657255177343,20.58000919064159,5.079735800033194,44.0,140.0
종로구,숭인동,리치하우스,1,저위험군,37.57503345,127.021474,201896.9454,452832.1336,30.30742429,-1.7985596391617236,25.720450752509066,3.6426538499882497,44.0,140.0
종로구,낙원동,시네마모텔,1,저위험군,37.57043679,126.9884015,198975.3581,452321.8041,13.02213867,-3.2183862433135637,19.68880498573496,5.02029105169346,44.0,140.0
종로구,창신동,더 베이지,1,저위험군,37.56996845,127.0114042,201007.4789,452269.8217,31.9767233,0.2615226992191033,24.52374692212253,4.01162014943197,44.0,140.0
종로구,교북동,독립문호텔,1,저위험군,37.56995527,126.9593036,196404.7661,452269.0762,27.17721169,-2.002385213942688,24.83051348477831,2.4444257722347533,44.0,140.0
종로구,숭인동,호스텔 바닐라 2,1,저위험군,37.57215126,127.0155335,201372.2339,452512.1405,31.94163398,0.06559722465959439,25.22192322024759,3.7958666279408195,44.0,140.0
종로구,창신동,글로벌인 동대문 시티데이즈 인,1,저위험군,37.56878727,127.0109196,200964.6849,452138.7194,20.44571112,-2.8457483228143516,25.107040209920264,4.127360373524224,44.0,140.0
종로구,낙원동,알게호(Rgeho),1,저위험군,37.57028623,126.9884427,198979.0002,452305.0932,28.17160591,0.9094059281689191,19.720699623111102,5.0200775558001425,44.0,140.0
종로구,명륜3가,브릭스,1,저위험군,37.58068099,126.9972756,199759.3487,453458.7323,25.4660468,2.6228746104834144,24.256929787597784,4.871590016475218,44.0,140.0
종로구,낙원동,어반 골드 호텔,1,저위험군,37.56821148,126.989594,199080.6834,452074.8083,30.13445299,1.2197421762298646,20.51949443869643,5.09584921355869,44.0,140.0
종로구,숭인동,동성,1,저위험군,37.57028181,127.0166221,201468.4361,452304.6697,31.34957852,-2.138196191930156,26.57981941114314,3.88265350263939,44.0,140.0
종로구,숭인동,캐슬장,1,저위험군,37.57097192,127.0188333,201663.7628,452381.3008,31.13513818,5.932324307691584,26.39730152809196,3.829605390531711,44.0,140.0
종로구,낙원동,호텔 라와,1,저위험군,37.56947719,126.988412,198976.2779,452215.2995,16.36162914,-1.083795845221882,20.08158359653276,5.019253826789749,44.0,140.0
종로구,숭인동,삼오여관,1,저위험군,37.57050629,127.0178338,201575.4786,452329.604,35.97716569,2.5253305421981196,26.531873593081123,3.8601732621312403,44.0,140.0
종로구,낙원동,호텔 야자(종로점),1,저위험군,37.5703237,126.9881809,198955.8717,452309.2548,12.76870153,-3.6524446930835754,19.6944774860211,5.005568508833878,44.0,140.0
종로구,낙원동,헤르츠,1,저위험군,37.56998988,126.9881421,198952.4394,452272.2051,11.77229195,-3.9678460482788225,19.770048474263184,5.0100151648802775,44.0,140.0
종로구,관철동,MG HOTEL(엠지호텔),1,저위험군,37.56620274,126.984042,198590.1517,451851.9304,22.15106071,3.1335454779587053,23.144189296611472,4.937366632245374,44.0,140.0
종로구,낙원동,호텔 트래디업 A동,1,저위험군,37.57053501,126.9877845,198920.8532,452332.7122,16.41080117,-1.037434173993411,19.699413109384,4.990247850399852,44.0,140.0
종로구,낙원동,호텔팝 리즈 프리미어,1,저위험군,37.56830703,126.989418,199065.1323,452085.4149,19.34174296,2.2246406893620225,20.502593020198297,5.089706027527169,44.0,140.0
종로구,수송동,신라스테이 광화문,1,저위험군,37.56990125,126.9803048,198260.0635,452262.4845,19.90447402,0.617373320479139,22.748110831424473,4.3027539569364555,44.0,140.0
종로구,돈의동,티(T),1,저위험군,37.56838036,126.9898391,199102.3405,452093.5496,20.05910925,2.973634311237312,20.426091717625713,5.108461321251244,44.0,140.0
종로구,관훈동,호텔 작(鵲) 인사동 by 아늑(HOTEL JAK(鵲) INSADONG by AANK),1,저위험군,37.57219408,126.9838622,198574.3837,452516.902,20.82481309,1.0702954855066373,21.205857605739915,4.653090775243044,44.0,140.0
종로구,낙원동,호텔 스타,1,저위험군,37.56878558,126.9892885,199053.6995,452138.5297,22.07065528,5.619594056056897,20.36883595008456,5.07359732756,44.0,140.0
종로구,종로5가,트래블몬스터,1,저위험군,37.56870307,127.0022365,200197.5795,452129.3205,24.14569735,0.21423351317563188,26.148785059475532,4.803624823529725,44.0,140.0
종로구,창신동,엘로호스텔,1,저위험군,37.56817166,127.0102944,200909.4551,452070.3876,30.3082539,6.4321141681819505,25.27699762978955,4.208491129798988,44.0,140.0
종로구,낙원동,에비뉴162,1,저위험군,37.56847519,126.9890521,199032.8083,452104.0824,16.47670349,-2.528767613792116,20.53644751546547,5.079029567391702,44.0,140.0
종로구,낙원동,구월호텔 익선점,1,저위험군,37.56834527,126.9893008,199054.7832,452089.6603,18.30250129,1.708836005645992,20.52102976800863,5.086016257052323,44.0,140.0
종로구,숭인동,브라운,1,저위험군,37.56977342,127.0156421,201381.869,452248.2295,38.54734483,4.898098577768984,26.6561283749268,3.960507719341159,44.0,140.0
종로구,종로5가,벤허모텔2,1,저위험군,37.56906562,126.999559,199961.0394,452169.557,26.09524827,4.595888237834274,24.411713288005544,5.121811815163742,44.0,140.0
종로구,관수동,온도 호텔 앤 스파 서울종로점,1,저위험군,37.56648067,126.9893888,199062.5307,451882.7106,20.61410807,3.7224956839748877,20.43989685172113,5.16588571052118,44.0,140.0
종로구,종로5가,엘케이 호스텔,1,저위험군,37.56787315,127.0027884,200246.3448,452037.2103,36.5657773,1.1609200977422205,26.080545404410856,4.78029401180954,44.0,140.0
종로구,관수동,종로아이엠티호텔,1,저위험군,37.56632573,126.9894738,199070.0373,451865.5132,17.42811312,1.0865142961003755,20.400011691527332,5.185365739309676,44.0,140.0
종로구,관수동,(주)호텔리안,1,저위험군,37.5663946,126.9901754,199132.0252,451873.1503,12.51989791,-3.615450601465744,20.262098504244065,5.1981186512744735,44.0,140.0
종로구,숭인동,와이키키,1,저위험군,37.57136659,127.0214445,201894.4368,452425.154,20.9832185,-1.9601607760690385,26.327082695444908,3.8032339926297434,44.0,140.0
종로구,숭인동,올리브,1,저위험군,37.57106161,127.0193217,201706.9121,452391.2641,25.54696045,1.8258821293266791,26.377210615525364,3.8089133477721644,44.0,140.0
종로구,낙원동,알리앙스,1,저위험군,37.56853459,126.9893871,199062.4045,452110.6717,23.05278772,6.048740726153753,20.43770930130885,5.082071868634639,44.0,140.0
종로구,숭인동,Gaga House 동대문,1,저위험군,37.57095095,127.0189937,201677.9386,452378.9762,29.10775644,4.508212208385508,26.40416772397964,3.8227777440627664,44.0,140.0
종로구,인사동,파이프 호스텔,1,저위험군,37.56812071,126.9838419,198572.5109,452064.8057,27.60929002,7.087540288437367,22.39466062488684,4.8426779368672666,44.0,140.0
종로구,창신동,동명,1,저위험군,37.56827627,127.0100783,200890.3617,452081.996,28.29342125,4.261585475422866,25.2082497951567,4.205584574589764,44.0,140.0
종로구,관철동,스카이호텔,1,저위험군,37.56647897,126.9873609,198883.3762,451882.5441,28.67964125,-0.4943371163758492,21.092032177592507,5.1099795353911155,44.0,140.0
종로구,숭인동,하나장,1,저위험군,37.57127618,127.021448,201894.7412,452415.1196,24.40003305,0.015627447461646682,26.34313636054723,3.805345774139174,44.0,140.0
종로구,낙원동,종로 KS Stay,1,저위험군,37.57031895,126.9879488,198935.37,452308.7302,14.16613774,-2.9587868251896587,19.65065562318817,5.001429287599766,44.0,140.0
종로구,관훈동,준오 호텔,1,저위험군,37.57226294,126.9834525,198538.1877,452524.551,21.76317754,2.52885676345635,21.34605889642578,4.574888631305754,44.0,140.0
종로구,종로6가,HAH (JUST4U 2.0),1,저위험군,37.56879123,127.0072539,200640.8369,452139.1276,28.05294735,4.70462684712524,25.27474319771992,4.270354327280145,44.0,140.0
종로구,관훈동,H.H 모텔,1,저위험군,37.57208885,126.9837625,198565.5689,452505.2242,27.47629724,7.58094404916379,21.243064404379624,4.644004390781504,44.0,140.0
종로구,낙원동,미정,1,저위험군,37.56798466,126.9892256,199048.1333,452049.6375,23.38965557,4.476392956948565,20.65949992903583,5.085991421415071,44.0,140.0
종로구,원남동,메이플레이스 호텔 서울 동대문,1,저위험군,37.57336561,126.9979485,199818.7693,452646.8078,14.95589031,-2.9118696515185665,21.970502647370548,5.167878673054553,44.0,140.0
종로구,관철동,부티크호텔케이(BHK 01),1,저위험군,37.56652738,126.9874728,198893.2603,451887.9157,17.53837107,0.2256502298909382,21.036374600867852,5.109433034008324,44.0,140.0
종로구,창신동,호텔가온골든파크,1,저위험군,37.56815462,127.0138059,201219.6806,452068.5361,23.85338247,-0.21292119792350306,26.211242936961046,4.083970739907307,44.0,140.0
종로구,돈의동,비욘드 레지던스 종로(Beyond Residence Jongno),1,저위험군,37.56934241,126.9892523,199050.5059,452200.3317,25.68830734,8.103488845154175,20.19230450207432,5.06572218675958,44.0,140.0
종로구,숭인동,HOTEL 동양장,1,저위험군,37.5700908,127.016993,201501.2097,452283.4757,33.33837737,8.00081674416979,26.630396088537086,3.8839675208813613,44.0,140.0
종로구,관수동,나포레 호텔,1,저위험군,37.56620995,126.9899735,199114.1892,451852.6582,11.70907686,-4.439481991294219,20.28642893380916,5.212125689734499,44.0,140.0
종로구,숭인동,와이키키,1,저위험군,37.57145727,127.0214405,201894.0758,452435.2183,20.99536939,-1.9339817283865628,26.311244107296375,3.801199094816189,44.0,140.0
종로구,숭인동,아라호텔,1,저위험군,37.57099939,127.0191614,201692.7462,452384.3555,36.52327095,4.203286753248669,26.392161340271592,3.8111103930145394,44.0,140.0
종로구,효제동,오요호스텔 동대문1,1,저위험군,37.56894927,127.0027517,200243.0982,452156.647,35.80277165,2.1910466649478906,26.314031363231223,4.730522007390664,44.0,140.0
종로구,창신동,Han stay,1,저위험군,37.56784218,127.0124682,201101.5088,452033.8424,17.33658883,-6.163720495395271,25.833024764319347,4.179446050489599,44.0,140.0
중구,(장충동,웰빙텔,1,저위험군,37.55843966,127.0040854,200360.9716,450990.2082,26.57386875,1.5986562731104037,26.573862042666324,5.125374854253964,44.0,140.0
중구,을지로5가,(주)동대문레지던스 웨스턴코업,1,저위험군,37.56377738,127.0025446,200224.815,451582.6273,16.74437072,-2.6335811439572545,22.83887559255909,4.962990213643427,44.0,140.0
중구,신당동,8모텔,1,저위험군,37.5610921,127.0136239,201203.7155,451284.677,23.49177552,1.4832918785685187,23.64902659403907,4.928558759672097,44.0,140.0
중구,(장충동,봉우물산(주)써미트호텔,1,저위험군,37.5594974,127.0060987,200538.8503,451107.6144,24.61641575,1.3645119164469612,25.746409211506794,5.161427240637876,44.0,140.0
중구,(장충동,케이게스트하우스 동대문 프리미엄점2,1,저위험군,37.56070031,127.0057753,200510.2733,451241.1214,37.3479289,2.995835001336964,25.41915822104551,5.095830158199623,44.0,140.0
중구,명동,지요크 명동,1,저위험군,37.56079146,126.9848381,198660.3855,451251.3304,14.36334194,-7.382693359359964,24.947594683309916,5.968208220536344,44.0,140.0
중구,명동,칼리스타,1,저위험군,37.56196056,126.9830807,198505.1405,451381.1131,21.75860098,-0.3799840067482485,26.361141359224728,5.794005136798014,44.0,140.0
중구,태평로1가,유에이치스위트 센트럴 서울,1,저위험군,37.56450897,126.9775004,198012.1783,451664.0601,17.83334135,-9.201217637598479,28.410283457639643,5.331802927479225,44.0,140.0
중구,충무로4가,하우하우스(How House),1,저위험군,37.55948054,126.9946966,199531.4159,451105.7389,27.03755835,3.918814218968869,25.86504640496013,5.33540901927122,44.0,140.0
중구,순화동,라마다 호텔&스위트 서울남대문,1,저위험군,37.55742715,126.9712781,197462.1986,450878.2115,25.21365402,3.67652859449824,25.32556452931211,5.274156935756695,44.0,140.0
중구,명동,소테츠 프레사인 서울 명동,1,저위험군,37.56092608,126.9842292,198606.5947,451266.2804,22.25125029,-1.261654283478169,25.38236853282292,5.993623476514827,44.0,140.0
중구,(장충동,동림여관,1,저위험군,37.55859878,127.0038475,200339.9491,451007.8677,26.83168419,1.7489660596880547,26.5669106191725,5.114297755905194,44.0,140.0
중구,(필동,빌리브 인더시티 남산,1,저위험군,37.55875759,126.9920535,199297.8764,451025.5165,18.06731881,-0.9613746708234387,24.1059773824821,5.706794104485014,44.0,140.0
중구,명동,무무네 스테이(MUMUNE STAY),1,저위험군,37.55992254,126.981668,198380.2837,451154.9404,12.04523986,-11.853452780418207,25.485773318786478,5.894478131014864,44.0,140.0
중구,명동,(주)라인호텔명동,1,저위험군,37.56259453,126.9829506,198493.6595,451451.4784,18.91760295,-2.798155550478935,26.402676289227884,5.607671247149161,44.0,140.0
중구,(회현동,보코 언 아이에이치지 호텔,1,저위험군,37.5557044,126.9778591,198043.6355,450686.8494,23.5381471,-0.663320845614809,26.48307246658252,5.45597157595088,44.0,140.0
중구,명동,HOTEL DRIP&DROP,1,저위험군,37.56290669,126.9829366,198492.4306,451486.1247,17.68387672,-3.677695596227487,26.239236066303945,5.482423924236959,44.0,140.0
중구,명동,에잇레스트 호스텔 명동,1,저위험군,37.56065304,126.9849517,198670.4218,451235.9658,16.98168538,-5.4547538402676246,24.745790095181903,5.971155686207343,44.0,140.0
중구,오장동,글로리인(Glory inn),1,저위험군,37.56224265,127.001297,200114.589,451412.2881,22.65125809,2.3520290628397085,24.085764493909174,4.975982344335211,44.0,140.0
중구,을지로3가,라움 레지던스,1,저위험군,37.56397563,126.9893042,199055.0293,451604.6814,27.10213641,8.643268278769487,20.101604387135325,5.449793969096776,44.0,140.0
중구,명동,유에이치스위트 더명동3,1,저위험군,37.55922076,126.9871775,198867.0599,451076.9705,19.86367205,-0.15225044457100623,21.349670619214077,5.90571608396372,44.0,140.0
중구,태평로2가,유에이치스위트 서울덕수궁,1,저위험군,37.56051208,126.9762082,197897.9002,451220.4805,21.02905628,2.1234172615656917,24.136817334952358,5.879769214099396,44.0,140.0
중구,충무로5가,구도 레지던스 충무로,1,저위험군,37.56105877,127.000605,200053.4529,451280.8907,22.25356811,1.3287553727359338,25.3465005585757,4.9699135363084626,44.0,140.0
중구,북창동,예신라,1,저위험군,37.55888808,126.9768577,197955.2364,451040.2214,14.18441414,-4.954076375320403,24.044356740240882,5.721067267072822,44.0,140.0
중구,충무로2가,에스엘호텔,1,저위험군,37.55947776,126.9889533,199023.9677,451105.4745,16.71530968,0.037719079152090274,22.01331517516077,5.888304278872063,44.0,140.0
중구,충무로3가,호텔 꼬모쉐 명동,1,저위험군,37.56000992,126.9910453,199208.8143,451164.5183,25.61584971,4.308253222509151,23.28612382067007,5.943939598589469,44.0,140.0
중구,북창동,르서울호텔,1,저위험군,37.56068492,126.9769684,197965.0734,451239.6469,12.68960383,-6.852615255274781,24.33882276930737,5.963173956377768,44.0,140.0
중구,오장동,제이디타워 레지던스,1,저위험군,37.56260302,127.0012691,200112.127,451452.2848,15.0994362,-5.914853756102058,23.79017568235458,4.973459017593512,44.0,140.0
중구,(인현동,호스텔 케이팝,1,저위험군,37.56169553,126.9931658,199396.183,451351.5853,16.86501337,-5.6289441718884135,24.25445149906192,5.644258536910238,44.0,140.0
중구,태평로2가,유에이치스위트 서울스퀘어,1,저위험군,37.56031367,126.9764151,197916.1733,451198.4547,27.09831392,-1.9043187239498245,24.03593879728787,5.866293081505592,44.0,140.0
중구,중림동,랑 호텔(RANG Hotel),1,저위험군,37.55536217,126.9683113,197199.9836,450649.1075,32.60807343,-1.4318996327979434,25.307934208949632,4.981227732950467,44.0,140.0
중구,오장동,더바오컴퍼니,1,저위험군,37.5620177,127.0013564,200119.8392,451387.3213,28.69552585,5.211750791866084,24.34348328327361,4.97798086456258,44.0,140.0
중구,충무로3가,가가하우스 을지로,1,저위험군,37.5601926,126.9914579,199245.2651,451184.7902,36.53126237,1.5784690693974213,23.52930469382582,5.936197651261399,44.0,140.0
중구,황학동,빅 스테이,1,저위험군,37.56760688,127.0195623,201728.2425,452007.8337,14.68928805,-9.019373451963565,27.094159571301567,4.050585275098924,44.0,140.0
중구,북창동,스테이모먼트,1,저위험군,37.5596575,126.9764613,197920.2371,451125.6266,27.51246355,4.482150880223443,24.02978503108902,5.787259146513554,44.0,140.0
중구,다동,요기는 호텔,1,저위험군,37.5640592,126.9812369,198342.2794,451614.0684,26.51064355,1.333093789340392,26.364319539282754,5.021916107918973,44.0,140.0
중구,충무로3가,명동 K STAY 블루보트,1,저위험군,37.56034502,126.989833,199101.7051,451201.7213,29.93375085,3.5412930882992626,22.442126386667134,5.922287008393926,44.0,140.0
중구,을지로6가,허브모텔,1,저위험군,37.56400886,127.0055099,200486.7965,451608.33,19.65168373,-0.8637850802342264,22.65406145455406,4.86166338352777,44.0,140.0
중구,(광희동,화신여관,1,저위험군,37.56258859,127.0026857,200237.285,451450.6859,31.75290695,-1.3040351932102574,23.914828984031026,4.991398014624432,44.0,140.0
중구,신당동,세포장모텔,1,저위험군,37.54686459,127.0069701,200615.9461,449705.529,21.2665356,-4.365544899868265,27.224626880928913,4.784366300245231,44.0,140.0
중구,중림동,대영장여관,1,저위험군,37.55445273,126.9672114,197102.7611,450548.2038,18.89849828,-4.644586004007149,25.100538453804653,4.831012086542606,44.0,140.0
중구,(회현동,호텔 경동,1,저위험군,37.55443196,126.9809373,198315.5949,450545.5641,20.96058342,-0.9794024492874129,26.237550638997604,5.413279608307649,44.0,140.0
중구,순화동,프레이저 플레이스 센트럴 서울,1,저위험군,37.55986298,126.9690892,197268.8858,451148.6211,31.57007906,9.38833735898773,25.79244236598251,5.101124950693387,44.0,140.0
중구,남대문로4가,프레이저플레이스남대문서울(Fraser Place Namdaemun-Seoul),1,저위험군,37.55862664,126.9756413,197847.7545,451011.2318,26.11530651,4.135819310626747,24.312160737399942,5.578092260287249,44.0,140.0
중구,다동,스몰 하우스 빅도어,1,저위험군,37.56419873,126.9811758,198336.8888,451629.5557,32.53907464,7.265467651993298,26.353461305073093,4.99676448184651,44.0,140.0
중구,북창동,24게스트하우스 명동에비뉴,1,저위험군,37.55861319,126.9769228,197960.988,451009.7104,20.20716746,-2.282827326348226,24.078130367615806,5.67745571380187,44.0,140.0
중구,(회현동,힐하우스 호텔,1,저위험군,37.55405845,126.9811766,198336.7332,450504.1047,26.18860999,0.9634559317073901,26.272670576567855,5.3882806080123,44.0,140.0
영등포구,(당산동,포켓서울 문래점,1,저위험군,37.51813948,126.8997971,191141.6541,446522.0912,23.98483588,5.732026026576722,23.01126766538369,5.4121775311251366,44.0,140.0
중구,(남산동,우주 남산점,1,저위험군,37.55587082,126.9839836,198584.7968,450705.2102,26.72210081,4.401580091535212,25.65399494105352,5.548392953425768,44.0,140.0
중구,(회현동,대영호텔,1,저위험군,37.55561992,126.9795108,198189.5763,450677.44,28.37012142,3.6462267333204217,26.549038319719056,5.483140582194881,44.0,140.0
중구,(남산동,오요5롯지A(oYo5LodgeA),1,저위험군,37.55634977,126.9841795,198602.119,450758.365,33.74993089,-1.8172653868897015,25.265999432296496,5.5831675202198685,44.0,140.0
중구,(저동,이화호텔,1,저위험군,37.56100128,126.9869874,198850.2918,451274.5894,24.22852529,4.7141737221736335,22.777072903023747,5.965698792963172,44.0,140.0
중구,(남산동,호텔 마흐리트,1,저위험군,37.55766837,126.9864202,198800.1269,450904.683,18.60251874,-1.8863933843016234,22.147612287345197,5.715624209960769,44.0,140.0
중구,중림동,WO모텔 충정로,1,저위험군,37.55465607,126.9670047,197084.5065,450570.7786,24.94524697,1.401654130086662,25.151323768534773,4.8299840847558,44.0,140.0
중구,을지로4가,국도관광개발 주식회사 호텔국도,1,저위험군,37.56342608,126.995507,199603.0408,451543.6435,22.71431679,3.164023501336292,23.36225533774627,5.306904909673461,44.0,140.0
중구,흥인동,레인보우호텔,1,저위험군,37.56318521,127.0151159,201335.5066,451517.0077,31.31350716,4.358682791056438,24.552871659717752,4.576649892593206,44.0,140.0
중구,(장충동,파이프 호스텔,1,저위험군,37.55841902,127.0048897,200432.0333,450987.9208,33.72672717,8.946404980475457,26.386994858907933,5.151097448097531,44.0,140.0
중구,(회현동,뉴코리아호텔,1,저위험군,37.5553878,126.9789975,198144.2146,450651.6875,24.52262535,-0.4564471414505,26.682072537977124,5.45992930665828,44.0,140.0
중구,(회현동,서울씨티호텔(SEOUL CITY HOTEL),1,저위험군,37.55549628,126.9801253,198243.8758,450663.7058,39.43811091,3.0210526144545895,26.38602030624252,5.476731936330989,44.0,140.0
중구,(회현동,뉴오리엔탈호텔,1,저위험군,37.55758838,126.9829243,198491.2349,450895.8554,26.63721237,2.8830332627409874,25.090830278524926,5.656151823681217,44.0,140.0
중구,(회현동,HOTEL PARK HILL,1,저위험군,37.55502777,126.9809653,198318.0815,450611.6914,30.73726858,7.089404501868092,26.107436379349892,5.452201766450232,44.0,140.0
중구,남대문로5가,안전장,1,저위험군,37.55569993,126.973826,197687.2691,450686.4449,26.05654034,1.968458286707989,25.522015896691777,5.325684948752626,44.0,140.0
중구,초동,나인트리 바이 파르나스 서울 명동 Ⅱ,1,저위험군,37.5615963,126.9901367,199128.5529,451340.5958,19.01522984,1.644760537616392,22.217954458530418,5.873413369920767,44.0,140.0
중구,서소문동,ENA 스위트 호텔,1,저위험군,37.55956061,126.9731035,197623.558,451114.9525,11.80515737,-8.760082184764638,25.066410680668586,5.453804977135838,44.0,140.0
중구,장교동,(주)호텔롯데 롯데시티호텔명동,1,저위험군,37.56418691,126.9872883,198876.9251,451628.1532,15.84516789,-0.48444984942833536,20.63779320183791,5.355956299343067,44.0,140.0
중구,남대문로5가,르코지,1,저위험군,37.55578736,126.9736727,197673.7263,450696.1523,21.3269863,0.2014124847120513,25.407240108392926,5.322999899687073,44.0,140.0
중구,(광희동,필스테이 동대문이코노미,1,저위험군,37.563312,127.0030718,200271.3984,451530.9769,16.39230409,-5.277686310236568,23.271218539978392,4.966793017999769,44.0,140.0
중구,무학동,에이(A)모텔,1,저위험군,37.5612303,127.0144147,201273.5838,451300.026,16.33665309,-5.2541135477431204,23.74117843746314,4.88853187350688,44.0,140.0
중구,명동,명동K-stay 게스트하우스,1,저위험군,37.55926806,126.9876751,198911.029,451082.2143,18.43571655,-1.4463814275501257,21.587441856413008,5.87635124026998,44.0,140.0
중구,(장충동,조이 게스트하우스,1,저위험군,37.55896433,127.0046902,200414.4049,451048.4428,29.54641678,4.882880435956743,26.211874844297423,5.1366284700143945,44.0,140.0
중구,을지로5가,뉴천지호텔,1,저위험군,37.56313439,127.0025578,200225.9832,451511.263,32.25720169,-0.3303724451878125,23.26942430499941,4.977674747947141,44.0,140.0
중구,(인현동,호텔 피제이 명동,1,저위험군,37.56206173,126.9949125,199550.5064,451392.2194,21.96252345,-0.4708108889913518,24.80077715776204,5.381908562709851,44.0,140.0
중구,(장충동,더 스테이(THE STAY),1,저위험군,37.5588474,127.0049281,200435.4237,451035.4661,30.78820069,-4.480020848674524,26.247088239663,5.146142856645124,44.0,140.0
중구,(장충동,아르뎁(arrdep),1,저위험군,37.55893603,127.0043918,200388.0397,451045.3006,37.50835106,1.9790727775974304,26.336410227926205,5.1280723434051065,44.0,140.0
중구,충무로4가,스테이락 호텔,1,저위험군,37.55917934,126.994239,199490.9824,451072.3117,24.70472092,3.666270750791348,25.574548986636664,5.427223616718933,44.0,140.0
중구,을지로6가,호텔 DDK,1,저위험군,37.56419834,127.0057101,200504.4846,451629.3612,12.29656057,-6.1227049874293975,22.569006077588917,4.8392971940679415,44.0,140.0
중구,오장동,글로리 인(Glory Inn),1,저위험군,37.56233361,127.0012908,200114.0473,451422.3835,28.22478216,5.580410720739785,23.984861480038163,4.978631104206121,44.0,140.0
중구,신당동,대천여관,1,저위험군,37.55695173,127.0117467,201037.9195,450825.1226,25.54960259,3.5879088034773403,24.77192793341326,5.459613370283987,44.0,140.0
중구,을지로6가,호텔 밀리오레,1,저위험군,37.56557232,127.0075223,200664.5833,451781.8681,17.87224222,-4.0715595776287685,24.799972889899887,4.593718552158251,44.0,140.0
중구,북창동,스타힐스호텔,1,저위험군,37.55874491,126.9769095,197959.8103,451024.3301,21.05480436,1.2890278081187105,24.042869823353826,5.6991095345397635,44.0,140.0
중구,(회현동,신세계,1,저위험군,37.55494665,126.9815004,198365.3667,450602.6786,20.26336869,-1.6034844399920907,26.01718456178134,5.4540558537154205,44.0,140.0
중구,(회현동,남산힐호텔,1,저위험군,37.55382358,126.9816432,198377.9576,450478.0288,24.77039052,0.15339150774095245,26.239511856124135,5.382702597263674,44.0,140.0
중구,충무로3가,레인보우호텔(Rainbow Hotel),1,저위험군,37.55975714,126.9913741,199237.8592,451136.46,23.86744223,2.1972161282989298,23.56278219739112,5.8704529160734324,44.0,140.0
중구,중림동,우리텔,1,저위험군,37.55608254,126.9680154,197173.8597,450729.0689,27.4692115,3.613157444937926,25.4161101609608,5.001641702829203,44.0,140.0
중구,(남산동,서울뷰,1,저위험군,37.55707965,126.9851856,198691.0297,450839.3585,22.52779148,-0.0618572633810075,24.111842169988517,5.6534844047988075,44.0,140.0
중구,중림동,해성장여관,1,저위험군,37.55548515,126.9681619,197186.7898,450662.7613,25.49709571,1.774573908053064,25.327591515148576,4.978709059046503,44.0,140.0
용산구,이태원동,스테이 패스포트 이태원 호텔 앤 스파,1,저위험군,37.53200884,126.9906821,199176.4124,448056.7402,44.01016169,12.036091365788284,28.602989306471258,3.9816726905477915,44.0,140.0
용산구,관철동,스카이호텔,1,저위험군,37.52128153,126.9613988,196587.6406,446866.8018,24.6571815,0.6193837184809929,25.38642532530133,2.620061028620712,44.0,140.0
용산구,동자동,(주)조선호텔앤리조트포포인츠조선서울역,1,저위험군,37.54811198,126.971997,197525.4075,449844.3199,13.13131118,-5.173292990381142,21.96823400323286,4.554652300709349,44.0,140.0
용산구,한강로2가,노블호텔,1,저위험군,37.52804337,126.9666585,197052.8633,447617.1038,22.2773114,-7.896256383495672,25.430195345537904,2.9502340620142995,44.0,140.0
용산구,원효로2가,원효,1,저위험군,37.53343113,126.9611322,196564.6268,448215.266,32.29964006,6.530019565640028,26.23004750479352,2.8513675186021645,44.0,140.0
용산구,남영동,달고나모텔,1,저위험군,37.54187455,126.9726897,197586.422,449152.0227,33.36703208,3.591608485350534,22.7868477723637,3.8984484691480317,44.0,140.0
용산구,이촌동,스카이스위트,1,저위험군,37.51842522,126.9593935,196410.2337,446549.862,21.76841337,-1.7519401300764947,25.44624407164169,2.602531735373945,44.0,140.0
용산구,남영동,부킹용산닷컴1(Booking Yongsan.com1),1,저위험군,37.54125605,126.9726225,197580.4605,449083.3785,24.17532137,-5.861789612197995,22.87702336313599,3.824856649012832,44.0,140.0
용산구,갈월동,코스테이,1,저위험군,37.54337721,126.9717258,197501.2856,449318.8249,36.67548423,6.834896644138055,22.66420618079304,4.003212358861246,44.0,140.0
용산구,한강로3가,WO모텔 용산역,1,저위험군,37.52142243,126.961568,196602.6008,446882.4338,24.48002879,0.4694533724686849,25.38541656466024,2.6177016281745624,44.0,140.0
용산구,보광동,통일여관,1,저위험군,37.52380562,127.0013182,200116.5236,447146.2449,34.90880885,2.0773429379215145,26.14046712540886,3.760711924736829,44.0,140.0
용산구,원효로3가,플라워하우스(Flower house),1,저위험군,37.53199358,126.9571601,196213.4796,448055.8681,26.53614113,-4.668026380852204,26.192831170535072,2.8381383823737134,44.0,140.0
용산구,동빙고동,치커리(chicory),1,저위험군,37.51836719,126.9952549,199580.5161,446542.6572,20.64625172,-1.2722643128845839,23.56993130829697,3.6607377946513613,44.0,140.0
용산구,한강로3가,애플여관,1,저위험군,37.52136614,126.9614742,196594.3055,446876.1897,32.71693082,3.4326053365078444,25.385975844486644,2.618457733589438,44.0,140.0
용산구,갈월동,호텔 더 디자이너스,1,저위험군,37.5428,126.970798,197419.2712,449254.7867,18.2793578,-1.4801590650346448,22.91032797228893,3.866743115949949,44.0,140.0
용산구,갈월동,레인보우호텔(용산),1,저위험군,37.53867965,126.9713163,197464.9426,448797.4639,22.53113283,0.9202826095014949,23.43246570117229,3.4683612864116506,44.0,140.0
용산구,(청파동,진양모텔,1,저위험군,37.54408752,126.9628267,196714.8662,449397.9344,30.7001341,7.134767344463011,24.67650045612561,3.446586385271516,44.0,140.0
용산구,원효로3가,평안,1,저위험군,37.53278784,126.9591492,196389.3263,448143.943,30.80674727,-0.3964426777663377,26.21251817218397,2.826435137900389,44.0,140.0
용산구,이촌동,문화,1,저위험군,37.52717601,126.9533485,195876.3158,447521.3379,25.44145967,0.4535077093296316,25.91272245529202,2.778217854466647,44.0,140.0
용산구,한강로3가,메이호텔(MAY HOTEL),1,저위험군,37.52134758,126.9636113,196783.231,446874.0546,29.69546535,5.038047033827997,25.370519383382405,2.6484845434554027,44.0,140.0
용산구,남영동,뉴월드,1,저위험군,37.54153717,126.9727286,197589.8543,449114.5767,16.56069097,-4.967192182141147,22.813900050978205,3.8634830266256404,44.0,140.0
용산구,남영동,스프링라이트 모텔(SPRING LIGHT MOTEL),1,저위험군,37.53985478,126.9730037,197614.1122,448927.8449,32.55426766,2.837252645163737,23.01268923158544,3.7398848135892933,44.0,140.0
성동구,성동,서울숲 스테이,1,저위험군,37.54456913,127.0440244,203890.5614,449451.6487,31.62660721,4.476574558690221,28.865296893374747,4.309953737338603,44.0,140.0
성동구,송정동,호텔드가자,1,저위험군,37.54857989,127.0680791,206016.0211,449898.0619,22.05005644,0.7806245553130857,23.08632363798924,3.9361307864063844,44.0,140.0
성동구,송정동,쁠랑호텔,1,저위험군,37.54875799,127.0680478,206013.2461,449917.8269,23.52945771,2.269321127268377,23.077850418113226,3.937911752485028,44.0,140.0
성동구,도선동,세성여관,1,저위험군,37.56134209,127.03495,203087.9359,451312.9099,29.99494356,-0.9683006419043068,22.838906025806153,4.466743287674221,44.0,140.0
성동구,송정동,라스테이,1,저위험군,37.54597257,127.0658114,205815.8294,449608.5382,29.41638984,-0.9287452743417504,23.50978318921081,3.929452402303172,44.0,140.0
성동구,도선동,미르,1,저위험군,37.56148846,127.034877,203081.4818,451329.1528,18.88068369,-1.6759880092638575,22.85321370199878,4.46163229402907,44.0,140.0
성동구,성동,파루스셀라 성수,1,저위험군,37.54588143,127.0522895,204620.8945,449597.6722,37.58226959,3.345085496016708,27.524734356094754,4.140249662245506,44.0,140.0
성동구,성동,리버 STAY,1,저위험군,37.53191832,127.055507,204906.1387,448048.1006,32.25518014,2.3718215140060153,23.35271035658518,3.6985910057712568,44.0,140.0
성동구,성동,팰리스모텔,1,저위험군,37.53345205,127.0594271,205252.5202,448218.5374,22.30476958,1.2021582708332375,22.766723685401764,3.6888838082894257,44.0,140.0
성동구,도선동,더 스테이 모텔,1,저위험군,37.55997834,127.0341467,203017.0177,451161.5236,20.29537855,-0.07238546809836066,22.69995689825035,4.530893429164001,44.0,140.0
성동구,송정동,성수스테이,1,저위험군,37.54585354,127.0655097,205789.1779,449595.3086,26.6623094,-3.734060405796818,23.55701440187933,3.9317538901428177,44.0,140.0
마포구,노고산동,지 스테이(G Stay),1,저위험군,37.5503579,126.9352522,194278.493,450095.1917,20.11210291,-1.520217638416053,23.442893126654216,3.51750983702051,44.0,140.0
마포구,합정동,써클호텔,1,저위험군,37.54610662,126.9099711,192044.052,449625.1897,22.64169702,0.15627296233369847,25.637902408987756,4.520677262267142,44.0,140.0
마포구,노고산동,루디(Ludi),1,저위험군,37.55037268,126.9356007,194309.2906,450096.811,26.07493851,4.56590583393308,23.438188764357058,3.5273512399592706,44.0,140.0
마포구,합정동,준희빈,1,저위험군,37.54537042,126.9101307,192058.0788,449543.4669,27.46659594,3.632646093312786,25.858249477571455,4.4873208312949835,44.0,140.0
마포구,공덕동,쉼’스테이,1,저위험군,37.54573449,126.9562332,196132.2646,449580.9789,16.74587759,-7.1253926250121715,24.892273730545693,3.387189380754511,44.0,140.0
마포구,합정동,남경호텔,1,저위험군,37.54628443,126.9096536,192016.0158,449644.9514,22.71443534,0.2771091010002067,25.65376472660448,4.544119311985672,44.0,140.0
마포구,공덕동,(주)호텔롯데롯데시티호텔마포,1,저위험군,37.54218159,126.9498095,195564.3759,449186.9337,15.46468921,-7.474904999656676,25.387957615679955,3.3085698419122926,44.0,140.0
마포구,도화동,마포레지던스,1,저위험군,37.5346475,126.9457632,195206.3062,448350.9404,29.86982611,4.489253720713041,26.387938636362524,3.1247137858508163,44.0,140.0
마포구,공덕동,록수,1,저위험군,37.54439084,126.9539806,195933.1251,449431.9451,26.63355764,-4.243874010633252,25.05122665904581,3.349322090693296,44.0,140.0
마포구,노고산동,한도여관,1,저위험군,37.55071831,126.9342075,194186.2094,450135.257,24.91917219,2.815619444119335,23.527110776942944,3.485223286897279,44.0,140.0
마포구,합정동,남경장호텔,1,저위험군,37.54604022,126.9093585,191989.9044,449617.8722,25.48019969,1.3363913287453606,25.75640968731449,4.5480619591481,44.0,140.0
마포구,서교동,동경모텔,1,저위험군,37.55064465,126.9201933,192947.8281,450128.0406,37.58180619,14.427682862891295,24.318405210210116,3.7327637117344605,44.0,140.0
마포구,상수동,에이레이 모텔,1,저위험군,37.54319116,126.9202748,192954.3293,449300.7869,35.48682959,2.243066745451131,25.97449778831701,4.085729597725857,44.0,140.0
마포구,동교동,홀리데이 인 익스프레스 서울 홍대,1,저위험군,37.55677874,126.924009,193285.5493,450808.5721,22.1037906,2.8006668412764526,22.910713002445434,4.316306661513625,44.0,140.0
마포구,노고산동,G-House 신촌01,1,저위험군,37.55042405,126.9354013,194291.6708,450102.5245,19.36818295,-1.9611125939196192,23.445764029917093,3.5227507548375874,44.0,140.0
마포구,노고산동,G-House 신촌02,1,저위험군,37.55025477,126.9353206,194284.5293,450083.7414,23.87237109,2.291460674964444,23.432398303441385,3.5252384394710856,44.0,140.0
강서구,화곡동,프롬에이치 어스 호텔 위드 아늑 서울 강서화곡점,1,저위험군,37.52648178,126.8456644,186357.6219,447454.4565,16.53433341,-2.647626529920977,22.400504643735722,3.5844298817222104,44.0,140.0
강서구,화곡동,아늑 호텔 앤 스파 서울 까치산,1,저위험군,37.52761144,126.845279,186323.7645,447579.8908,27.15497642,6.879829219234594,22.427473967434743,3.58243498171822,44.0,140.0
강서구,마곡동,인터시티365호텔,1,저위험군,37.55702444,126.8350396,185424.3946,450845.9175,22.88106281,1.4201924049190353,24.506168896827973,3.7859381036281716,44.0,140.0
강서구,화곡동,하임 A,1,저위험군,37.52682269,126.8384916,185723.6487,447493.3578,23.78860591,3.2617047374585653,22.63590200445227,3.6371858672270534,44.0,140.0
강서구,화곡동,하임 B,1,저위험군,37.52679585,126.838623,185735.2656,447490.359,23.55661442,3.1483251837199226,22.63057441138389,3.6354746110009613,44.0,140.0
강서구,내발산동,스테이쉼 발산,1,저위험군,37.55315254,126.8362819,185533.4171,450415.9904,26.02945829,2.7266193252146955,24.840762657384012,3.765218803842052,44.0,140.0
강서구,화곡동,씨네마,1,저위험군,37.55007567,126.8491545,186670.3274,450072.5914,21.39512871,-2.1403787787706605,25.302226169067758,3.57797953301408,44.0,140.0
강서구,화곡동,테르모 호텔,1,저위험군,37.52622853,126.8461776,186402.9425,447426.2746,11.35272795,-8.376959625230507,22.381757381012836,3.5838463181042073,44.0,140.0
강서구,공항동,썸모텔,1,저위험군,37.5585145,126.8080801,183042.6402,451015.8189,28.32951136,4.871807954828835,25.188683277179504,3.935037130010787,44.0,140.0
강서구,화곡동,디오스,1,저위험군,37.52644935,126.8453213,186327.2914,447450.907,18.0930593,-1.780752043829498,22.411120130317464,3.584658591042193,44.0,140.0
강서구,화곡동,러쉬,1,저위험군,37.52610021,126.8466444,186444.1837,447411.9653,18.30119795,-1.8341844729878432,22.366103290711607,3.587776608508752,44.0,140.0
강서구,방화동,한성여관,1,저위험군,37.55946195,126.8070952,182955.8363,451121.1529,27.47101757,3.6809294045871255,25.228024525218128,3.939046424421931,44.0,140.0
강서구,화곡동,킴스테이9,1,저위험군,37.52942952,126.8597536,187603.5109,447779.6691,25.08714138,-2.578784196145321,21.769813985475338,3.7279398876128376,44.0,140.0
강서구,화곡동,스타모텔,1,저위험군,37.55025321,126.8493128,186684.35,450092.2737,20.73198076,-2.6806132596063215,25.28882751415993,3.5723541470846447,44.0,140.0
강서구,화곡동,MS호텔,1,저위험군,37.52652784,126.8461964,186404.6569,447459.4916,32.37798284,1.2873458647102147,22.383872442236935,3.582571001299302,44.0,140.0
강서구,화곡동,리베모텔,1,저위험군,37.52626092,126.8422142,186052.5992,447430.4498,30.85500881,-0.1927085493971319,22.50595025818589,3.60118120775084,44.0,140.0
강서구,방화동,(주)호텔롯데 롯데시티호텔 김포공항,1,저위험군,37.56231091,126.8022095,182524.8237,451438.2514,28.13513597,2.375368704751729,25.338786616127866,3.9543754488120837,44.0,140.0
강서구,화곡동,드림호텔,1,저위험군,37.55041843,126.8505947,186797.6558,450110.4304,33.15038343,10.172274938117674,25.29887927140422,3.54891582826592,44.0,140.0
강서구,화곡동,리버풀,1,저위험군,37.5262038,126.8457271,186363.1154,447423.5951,30.59648765,0.05688835172490769,22.395669552219765,3.585034412326244,44.0,140.0
강서구,화곡동,딘(DEAN),1,저위험군,37.5505894,126.8506929,186806.3609,450129.3922,33.77131845,10.708153376229838,25.27004056902869,3.5494249389700805,44.0,140.0
강서구,염창동,대림장,1,저위험군,37.54565154,126.875844,189028.1347,449578.1165,23.67136521,-4.619883986131633,21.111506190306834,4.358063701421228,44.0,140.0
강서구,화곡동,오슬로호텔,1,저위험군,37.52699399,126.8379971,185679.9733,447512.4452,24.14926263,3.7175488197573188,22.659253078444483,3.6440698724352583,44.0,140.0
강서구,화곡동,씨엘호텔(CL HOTEL),1,저위험군,37.52573455,126.8398154,185840.4607,447372.3876,24.34302206,3.9887554384782717,22.567107131952657,3.620023921317951,44.0,140.0
강서구,화곡동,일쏠레,1,저위험군,37.52590617,126.8397998,185839.1203,447391.4376,24.66964934,4.310680917459251,22.57138591859721,3.619331904813636,44.0,140.0
강서구,화곡동,여우잠,1,저위험군,37.52650228,126.8465161,186432.9128,447456.6086,17.90170226,-1.9356508321901913,22.37335757107432,3.5828158916110624,44.0,140.0
강서구,화곡동,N호텔,1,저위험군,37.52623504,126.8463155,186415.1316,447426.9772,11.06177632,-8.548504066973113,22.377477014089113,3.5835754716801094,44.0,140.0
강서구,공항동,서울여관,1,저위험군,37.55784427,126.8085117,183080.6277,450941.3534,39.86880531,7.552899347668607,25.1625923832233,3.9328760966786125,44.0,140.0
강서구,화곡동,보보모텔,1,저위험군,37.52591513,126.8442326,186230.9539,447391.774,26.42374726,5.870710220338523,22.43858031464689,3.590079996682017,44.0,140.0
강서구,마곡동,더퍼스트스테이 호텔,1,저위험군,37.55690548,126.8354242,185458.3593,450832.6548,22.24694437,0.7975047231319259,24.570613673011604,3.7817434534596104,44.0,140.0
강서구,마곡동,인터시티 서울호텔,1,저위험군,37.55702444,126.8350396,185424.3946,450845.9175,22.88106281,1.4201924049190353,24.506168896827973,3.7859381036281716,44.0,140.0
강서구,화곡동,거기모텔,1,저위험군,37.52646425,126.8454931,186342.4768,447452.5358,19.51676748,-0.660749648052029,22.405798942416673,3.5838537606458174,44.0,140.0
강서구,마곡동,골든호텔,1,저위험군,37.55743549,126.8365089,185554.2996,450891.3124,18.32733057,-3.246445026445908,24.686544312170703,3.7715592319506204,44.0,140.0
강서구,화곡동,알프스,1,저위험군,37.53946339,126.8402722,185883.4292,448896.0522,28.16595928,4.82858766501376,24.958952858684448,3.6863411911763686,44.0,140.0
강서구,화곡동,HOTEL Voll One(호텔 볼 원),1,저위험군,37.52621423,126.8458648,186375.2919,447424.7327,31.98958606,0.9374004899413464,22.39145110557289,3.5846049471994044,44.0,140.0
강서구,염창동,(주)나이아가라관광호텔,1,저위험군,37.54634585,126.8777893,189200.1477,449654.9513,12.84415556,-4.974188938406012,21.029891127807417,4.5372081935487145,44.0,140.0
강서구,화곡동,호텔에스,1,저위험군,37.5274941,126.8439038,186202.1778,447567.0683,14.75208778,-5.373812672177827,22.473495678193352,3.5899356926944597,44.0,140.0
강서구,화곡동,뉴테르모 호텔,1,저위험군,37.52608084,126.846272,186411.254,447409.8692,19.43000618,-1.0650468136610662,22.377539848986103,3.5842605645693975,44.0,140.0
강서구,화곡동,리치,1,저위험군,37.52695482,126.8405119,185902.2558,447507.7179,25.17871103,4.738584966545428,22.574550475849726,3.615694967614796,44.0,140.0
강서구,화곡동,앨리스 넥스트 도어,1,저위험군,37.52628531,126.8399562,185853.0116,447433.494,17.54428445,-2.8575478740859026,22.575496672780673,3.617950267527486,44.0,140.0
강서구,화곡동,아리아모텔,1,저위험군,37.52662172,126.8386361,185736.386,447471.0307,23.67440591,3.1566882529443916,22.625133813686915,3.634452933961393,44.0,140.0
강서구,화곡동,호텔초콜렛,1,저위험군,37.52651538,126.8459385,186381.8542,447458.146,20.55375606,0.04370252836890032,22.392052728977582,3.5833320623296068,44.0,140.0
강서구,화곡동,리치모텔,1,저위험군,37.52666668,126.8462648,186410.7309,447474.8912,11.81414899,-7.958416012846854,22.382953177555883,3.5818592243992997,44.0,140.0
강서구,공항동,티파니,1,저위험군,37.55733168,126.8089428,183118.5994,450884.3844,26.10758449,2.2346466461920507,25.140117132212524,3.930618683241814,44.0,140.0
강서구,공항동,제일여관,1,저위험군,37.55739897,126.8090956,183132.1165,450891.8254,22.11818773,-1.6278685315540393,25.13962512324426,3.930318935550331,44.0,140.0
영등포구,(양평동,스타장,1,저위험군,37.53421449,126.8968762,190885.3968,448306.4966,33.66557221,3.5641415428597156,20.847394884540726,5.240964158632681,44.0,140.0
영등포구,(양평동,팔레스,1,저위험군,37.51896298,126.8896168,190241.7838,446614.4966,33.72515379,0.42180373803518734,24.97807823026374,5.219370196941632,44.0,140.0
영등포구,대림동,티파니 모텔,1,저위험군,37.4864738,126.9045947,191562.2241,443007.1676,20.75666813,-7.893120220009113,21.29473413962313,4.1957211395116865,44.0,140.0
영등포구,(영등포동,그곳에 호텔,1,저위험군,37.51493902,126.9071251,191789.1312,446166.2157,33.58467782,1.044910566370035,25.01541779352079,5.436602220022664,44.0,140.0
영등포구,대림동,충남여인숙,1,저위험군,37.48734907,126.9056744,191657.8099,443104.2148,25.81151618,-2.8784328961266787,21.368408621916576,4.2089485722865145,44.0,140.0
영등포구,신길동,1971 신풍인,1,저위험군,37.49490242,126.9067297,191751.9698,443942.4448,30.24566894,0.2875919251043335,22.367934710693902,4.3633602538317335,44.0,140.0
영등포구,(영등포동,데쟈트,1,저위험군,37.5150525,126.9067546,191756.3912,446178.843,19.77337579,-0.6147266492544361,24.992860370817098,5.436351095790207,44.0,140.0
영등포구,(영등포동,홈,1,저위험군,37.51577496,126.9077618,191845.5097,446258.9391,23.20351017,1.8831534043647054,24.960527908839047,5.472589464673861,44.0,140.0
영등포구,(영등포동,프라임레지던스,1,저위험군,37.5131442,126.9036083,191478.0144,445967.3261,34.65225833,11.516067807289883,25.114021956620302,5.256371329045226,44.0,140.0
영등포구,여의도동,호텔 코보스,1,저위험군,37.52740183,126.9198328,192913.7668,447548.3983,29.1775547,1.8124245353090913,30.349807811221382,4.417541664306591,44.0,140.0
영등포구,(영등포동,라움,1,저위험군,37.51537413,126.9074705,191819.7183,446214.4773,27.35315821,5.010890566029506,24.98155172157261,5.460991527343149,44.0,140.0
영등포구,(영등포동,아이리스 호텔,1,저위험군,37.51599326,126.905664,191660.0776,446283.3515,8.119504761,-12.154982723208066,24.834271522922535,5.455561842473448,44.0,140.0
영등포구,여의도동,라다 호텔,1,저위험군,37.51759315,126.9295207,193769.2951,446459.0718,22.89020405,-3.308995780623121,28.441221423459485,4.9699511101294505,44.0,140.0
영등포구,선유동,스위트 하우스,1,저위험군,37.52093563,126.8912436,190385.8547,446833.2685,30.30227406,7.739563299248214,24.654738342145933,5.256649017640765,44.0,140.0
영등포구,(영등포동,미림게스트하우스(guesthouse),1,저위험군,37.5156048,126.9039259,191506.3713,446240.3929,12.05758382,-10.217012673763717,24.719535868712203,5.419764555145083,44.0,140.0
영등포구,대림동,서광여관,1,저위험군,37.48742525,126.9054578,191638.6622,443112.689,20.00046397,-8.583489118633075,21.36967087840477,4.21069622408576,44.0,140.0
영등포구,신길동,엔엠다다름 호텔(N.M.Dadareum  Hotel),1,저위험군,37.50461228,126.9095234,192000.0542,445019.8726,46.25771583,11.421833500221844,26.49954161436865,4.721233408861798,44.0,140.0
영등포구,(양평동,양남여관,1,저위험군,37.51988672,126.8900107,190276.7257,446716.9793,19.640565,-3.0667694692912697,24.8406006219563,5.222764868159186,44.0,140.0
영등포구,(영등포동,금화장여관,1,저위험군,37.51824016,126.9015992,191300.9849,446533.0972,21.36898715,0.4444869536543088,23.37550319309325,5.4332059528497325,44.0,140.0
영등포구,(영등포동,넘버25영등포점(영등포테마),1,저위험군,37.5152363,126.9075592,191827.5415,446199.1722,25.59987291,4.110282971966473,25.00008038767933,5.455646367726219,44.0,140.0
영등포구,(당산동,조이빌,1,저위험군,37.52431897,126.8953845,190752.3258,447208.3618,21.84263845,0.5759579042327658,23.55364979528792,5.3258262357733726,44.0,140.0
영등포구,(양평동,선유도,1,저위험군,37.53437913,126.8970572,190901.4065,448324.7521,18.84294556,0.3988996250039989,20.852640872573467,5.218001935750813,44.0,140.0
영등포구,선유동,영포장모텔,1,저위험군,37.51966906,126.8911281,190375.4764,446692.7069,28.10142632,5.617977352626053,24.742903413699985,5.261750577232303,44.0,140.0
영등포구,(당산동,S L  모텔,1,저위험군,37.52429217,126.8955426,190766.3016,447205.3718,21.46216372,0.2818012182965255,23.52422314197572,5.328299188332634,44.0,140.0
영등포구,(양평동,해피트리,1,저위험군,37.53419453,126.8970155,190897.6984,448304.2678,34.72004682,4.5478885024428735,20.845243678076585,5.242242634325096,44.0,140.0
영등포구,신길동,민모텔,1,저위험군,37.49583854,126.9172973,192686.5714,444045.4684,29.4805868,-0.5917787509779124,22.802400461087743,4.377036142630142,44.0,140.0
영등포구,대림동,미도여관,1,저위험군,37.48605527,126.9045317,191556.6025,442960.7219,19.64389834,-9.135720653377756,21.269555313086286,4.189350878082143,44.0,140.0
영등포구,신길동,모텔봄 보라매역점,1,저위험군,37.49635627,126.9180871,192756.4593,444102.8686,20.73476945,-0.2565432025845702,22.97198915276904,4.390620234145793,44.0,140.0
영등포구,(영등포동,신영 모텔,1,저위험군,37.5149358,126.9061171,191700.0175,446165.9468,21.12474793,-0.18812734260901465,24.97615490650498,5.4219223404419346,44.0,140.0
영등포구,(당산동,호텔 K,1,저위험군,37.53135296,126.9001856,191177.5596,447988.5864,14.48374951,-3.914756106375359,20.774592987617627,5.401560226774847,44.0,140.0
영등포구,신길동,스테이 나야,1,저위험군,37.50405878,126.9099037,192033.6215,444958.4089,25.19000237,0.20715713078903875,26.496295479024663,4.694517850160185,44.0,140.0
영등포구,(영등포동,아랑여인숙,1,저위험군,37.51808483,126.9076495,191835.8359,446515.3153,30.62943109,7.583308730264939,24.76010419423291,5.495137635692608,44.0,140.0
영등포구,(영등포동,코모도,1,저위험군,37.5151741,126.9060944,191698.0326,446192.3971,22.92446824,2.225994101608226,24.951235753326472,5.433681859091866,44.0,140.0
영등포구,(영등포동,뉴욕호텔,1,저위험군,37.51586735,126.9073772,191811.5238,446269.2266,21.67907297,1.1406136482290954,24.939097697029776,5.470906891502521,44.0,140.0
영등포구,(영등포동,호텔 베이직,1,저위험군,37.51505344,126.9071562,191791.8888,446178.9122,21.94997676,1.3787601118299655,25.00634986052687,5.442890809200691,44.0,140.0
영등포구,(양평동,유니언호텔,1,저위험군,37.53591594,126.8922478,190476.5261,448495.7953,21.78932749,4.978152539851596,21.03182570332084,5.113914899154434,44.0,140.0
영등포구,(영등포동,호텔 갤럭시,1,저위험군,37.51526909,126.9070867,191785.7699,446202.8527,20.13435686,-0.5784569532929709,24.979674521143973,5.451696032550339,44.0,140.0
영등포구,(문래동,문래 스테이,1,저위험군,37.5116848,126.895498,190760.7995,445806.1167,26.8017619,3.6396055589895404,26.57690564865092,5.054079242761475,44.0,140.0
영등포구,(영등포동,영등포여관 오성장,1,저위험군,37.51970176,126.9051584,191615.7941,446694.9933,16.11548201,-6.235011539351618,24.119638514658845,5.48764828910274,44.0,140.0
영등포구,(문래동,문래 여관,1,저위험군,37.51342952,126.8878207,190082.2742,446000.5401,26.19477246,2.574111511773186,25.802261110009823,5.080445825857305,44.0,140.0
영등포구,(당산동,G모텔,1,저위험군,37.53210628,126.9002508,191183.4051,448072.1895,12.29332561,-5.907080056602677,20.684848504581844,5.382319515657706,44.0,140.0
영등포구,영등포동,대성장모텔,1,저위험군,37.51293549,126.9046277,191568.1178,445944.0701,34.26243511,5.449242699386623,25.176386598224095,5.257581737614716,44.0,140.0
영등포구,여의도동,컴포트 인 여의도,1,저위험군,37.52757056,126.9196663,192899.0645,447567.1378,33.03476385,5.646885783445512,30.411801292465327,4.402477291059505,44.0,140.0
영등포구,(양평동,스테이 패스포트 익스프레스 당산점,1,저위험군,37.53389046,126.8962099,190826.4608,448270.598,27.44770876,-2.5513040887441925,20.977192513370316,5.265685998071976,44.0,140.0
영등포구,(영등포동,포유(for you),1,저위험군,37.51808813,126.903145,191437.6224,446516.082,24.4790589,2.140328465287414,23.86317607739222,5.449769356281189,44.0,140.0
영등포구,신길동,주식회사 스테이리,1,저위험군,37.50362029,126.9100904,192050.0893,444909.7264,19.38531359,-5.5348951723972135,26.276304338574462,4.67289560760463,44.0,140.0
영등포구,(영등포동,보보스모텔,1,저위험군,37.51939555,126.9098146,192027.38,446660.6031,23.18790752,0.6692368133384718,24.895171254251327,5.534324070311052,44.0,140.0
영등포구,(영등포동,하트장,1,저위험군,37.51495786,126.9062502,191711.787,446168.3834,33.77425817,-1.3622027753189627,24.980128753522067,5.425424489214065,44.0,140.0
영등포구,(영등포동,레이크,1,저위험군,37.51474971,126.906267,191713.2466,446145.2799,20.05675962,-0.706277001794632,25.00014652314392,5.413683928365138,44.0,140.0
영등포구,(영등포동,비오스샵,1,저위험군,37.51590036,126.9055028,191645.8161,446273.0551,12.29502207,-9.84628614116964,24.83342894185877,5.452114692752783,44.0,140.0
영등포구,(당산동,달모텔,1,저위험군,37.52265122,126.896166,190821.2071,447023.1859,20.71903328,-1.8773502067995445,23.692747258653277,5.351134269859998,44.0,140.0
영등포구,(영등포동,호텔 하라스,1,저위험군,37.51497375,126.9073367,191807.843,446170.0519,24.267648,3.681383013683643,25.020067793454434,5.441258107319823,44.0,140.0
영등포구,(영등포동,스테이비앤비(STAY BnB),1,저위험군,37.51786715,126.9029054,191416.4084,446491.5778,29.44915253,7.935525519801747,23.85174945256443,5.444950275835205,44.0,140.0
영등포구,대림동,본관여관,1,저위험군,37.48593865,126.9046214,191564.5182,442947.7706,18.32825356,-1.7209910962780164,21.264501759759106,4.187588014242481,44.0,140.0
영등포구,(문래동,수정여관,1,저위험군,37.51079272,126.8910349,190366.1016,445707.5548,21.73362238,-1.3094357303567392,26.329913121869897,4.941418246639444,44.0,140.0
영등포구,대림동,화성장여관,1,저위험군,37.49092389,126.9033886,191456.0609,443501.1779,34.75350923,5.771710361548639,21.657476389232812,4.274922453616632,44.0,140.0
영등포구,(영등포동,별빛호텔(빛),1,저위험군,37.51569671,126.9074974,191822.1272,446250.2773,23.54097272,2.9812650069789655,24.957384812595144,5.467225411187645,44.0,140.0
영등포구,(영등포동,호텔 르오,1,저위험군,37.51491025,126.9075682,191828.3051,446162.984,21.67110706,0.2569333093329149,25.032193680294064,5.43928759690967,44.0,140.0
영등포구,(영등포동,영풍장여관,1,저위험군,37.51510284,126.9076108,191832.0879,446184.3554,32.12667822,-2.513811026863742,25.017973997271447,5.449650155215087,44.0,140.0
영등포구,대림동,캐슬론,1,저위험군,37.48707508,126.9042229,191529.4059,443073.9352,24.23419211,4.849779330219544,21.325553596177414,4.205305084511948,44.0,140.0
영등포구,대림동,행복 여관,1,저위험군,37.48657112,126.9044921,191553.1601,443017.978,26.65628244,-1.8338415873977922,21.298839451382143,4.197273398540505,44.0,140.0
영등포구,대림동,대림장,1,저위험군,37.48819692,126.9063882,191721.0286,443198.252,19.08636802,-1.0385508428395482,21.441850723910804,4.222169504810155,44.0,140.0
영등포구,(당산동,STAY 10?7 Yeongdeungpo,1,저위험군,37.51913794,126.8958977,190797.052,446633.282,28.13931997,6.597821043592443,23.847549984732417,5.370263386809213,44.0,140.0
영등포구,(당산동,대지여인숙,1,저위험군,37.51896424,126.8954808,190760.179,446614.0443,22.39785793,-2.5325066742522573,23.977910780205175,5.364135733067776,44.0,140.0
영등포구,(영등포동,코코,1,저위험군,37.51789339,126.9027313,191401.0193,446494.506,27.8927463,6.461661630968809,23.768533667937938,5.4433819806579535,44.0,140.0
영등포구,여의도동,여의도파크호텔,1,저위험군,37.52553582,126.9193041,192866.8557,447341.3343,25.85191878,-0.17730277643438086,29.003287060004098,4.698498392251515,44.0,140.0
영등포구,(영등포동,아늑호텔 영등포점,1,저위험군,37.51627922,126.9055997,191654.4196,446315.0952,15.11406082,-5.703070507642339,24.794308846301735,5.457307124014835,44.0,140.0
서초구,서초동,호텔 브릭(HOTEL BRICK),1,저위험군,37.48467845,127.0131057,201159.1132,442803.7129,22.75219563,0.7805992521634408,24.285048515300815,3.368114776151978,44.0,140.0
서초구,반포동,봄 호텔,1,저위험군,37.50227147,127.0226088,201999.1326,444756.4674,26.73877501,4.744877742130548,23.566957725030605,3.4870465076468258,44.0,140.0
서초구,서초동,Hotel Peyto(호텔 페이토),1,저위험군,37.48380782,127.0318532,202817.238,442707.4804,20.47074655,0.5587977703707487,22.09511171823612,2.7141246672863892,44.0,140.0
서초구,서초동,강남아르누보씨티호텔,1,저위험군,37.49076504,127.0273034,202414.6082,443479.5136,23.5498139,5.637114902831357,20.069688440614,2.914824737352995,44.0,140.0
서초구,방배동,서울여인숙,1,저위험군,37.48515342,126.9819903,198407.1717,442856.5,38.17027336,5.615660860475614,25.31208676778745,4.1017582673908235,44.0,140.0
서초구,서초동,오클라우드 호텔,1,저위험군,37.50029363,127.0230204,202035.5803,444536.9616,21.94705098,1.3511400181437914,23.29272387321627,3.396947602367534,44.0,140.0
서초구,양재동,30Month hotel,1,저위험군,37.48133045,127.0378915,203351.4103,442432.7231,31.76248161,10.322150760807464,23.022429984005253,2.4994372963130034,44.0,140.0
서초구,서초동,르컬렉티브 강남 예술의전당 로이움,1,저위험군,37.48346166,127.0117207,201036.6322,442668.6492,20.79238511,-0.5620215327721745,24.38185847825264,3.4028123345019443,44.0,140.0
서초구,서초동,루트인(몽헤브케빈즈),1,저위험군,37.48942109,127.0286795,202536.3526,443330.389,14.04993991,-3.590132339792211,20.198995700827872,2.849822676708697,44.0,140.0
서초구,서초동,주식회사 르호텔드서초,1,저위험군,37.48437074,127.0123939,201096.1663,442769.5527,22.62099475,1.234316115102228,24.3663469555761,3.3890168984679336,44.0,140.0
서초구,서초동,준타워,1,저위험군,37.48316337,127.0319656,202827.2061,442635.9584,24.50364258,4.580417622946872,22.27761767136535,2.7101383101186016,44.0,140.0
서초구,서초동,센트럴 스테이 강남,1,저위험군,37.48889818,127.0281659,202490.9509,443272.3392,16.45209518,-1.6578140195214637,20.38411024781697,2.8646191086400177,44.0,140.0
서초구,서초동,에이치 호텔,1,저위험군,37.48436111,127.0132129,201168.6011,442768.4937,29.2085416,7.282941115283418,24.23465268213169,3.3617089798730153,44.0,140.0
서초구,반포동,JW메리어트호텔서울,1,저위험군,37.50161364,127.0028324,200250.4482,444683.2204,23.2979213,1.5870334447200811,24.303556612583645,3.717906165737925,44.0,140.0
서초구,서초동,토요코인 서울강남,1,저위험군,37.48909739,127.0291231,202575.5957,443294.4746,19.69685973,1.7924633613464955,20.271117334071764,2.831667570457563,44.0,140.0
강남구,역삼동,유에이치스위트 더강남,1,저위험군,37.49190396,127.0296459,202621.7376,443605.9814,14.06689591,-3.1963299244510672,19.764036792261276,2.8108755600214783,44.0,140.0
강남구,역삼동,역삼아르누보씨티호텔앤레지던스,1,저위험군,37.50066747,127.0420351,203716.9385,444579.034,29.42944719,8.847072436932436,21.658148017148857,1.4761285032794875,44.0,140.0
강남구,역삼동,서울인바이더디자이너스,1,저위험군,37.49808884,127.0381866,203376.7488,444292.6945,11.13887097,-8.447848838326191,21.075996225990885,1.957095932471762,44.0,140.0
강남구,신사동,프린세스호텔,1,저위험군,37.52465722,127.0358532,203169.2933,447241.365,25.02580647,1.3667170194619516,25.30592601886581,3.650588048355038,44.0,140.0
강남구,신사동,신사애인호텔,1,저위험군,37.51856693,127.0183575,201622.8645,446564.9736,22.2276471,-4.376163149452566,28.313067467202316,3.78895762377797,44.0,140.0
강남구,청담동,펜타리움,1,저위험군,37.51971041,127.0543304,204802.9269,446693.114,31.65186883,8.455504399551195,24.269178837654632,2.3781372896191457,44.0,140.0
강남구,역삼동,몰타 1호점(Malta 1호점),1,저위험군,37.50134128,127.0432388,203823.34,444653.8665,12.80108204,-8.59196730956344,22.11988439536121,1.41206679821294,44.0,140.0
강남구,역삼동,펠리스,1,저위험군,37.49818392,127.0384943,203403.9581,444303.2583,14.04931896,-6.190734370519284,21.104821670384027,1.9169558332747363,44.0,140.0
강남구,역삼동,화이트모텔,1,저위험군,37.49986402,127.0377402,203337.1965,444489.7005,17.80608865,-2.4447158042157895,21.055432340906034,1.8737935850549503,44.0,140.0
강남구,삼성동,웨스틴 서울 파르나스,1,저위험군,37.50977042,127.0580292,205130.592,445590.0963,30.52689456,4.111368601865056,25.958533193555493,1.3713971857874827,44.0,140.0
강남구,역삼동,리치웰호텔,1,저위험군,37.50022148,127.0390336,203451.5506,444529.4206,22.80237442,3.024268948514745,21.16051137750286,1.7186174716391234,44.0,140.0
강남구,역삼동,루미에르 호텔,1,저위험군,37.49813685,127.03834,203390.3167,444298.0285,17.47764632,-2.1573384504104958,21.089588248567377,1.9382192590072937,44.0,140.0
강남구,역삼동,에이치 에비뉴호텔역삼,1,저위험군,37.49974313,127.0379485,203355.6263,444476.2907,24.34516677,4.738322233846645,21.08298866055614,1.85937416089057,44.0,140.0
강남구,역삼동,호텔 린,1,저위험군,37.49794784,127.0383478,203391.0123,444277.0512,12.36209624,-7.427655946905574,21.088576899865934,1.95263743406008,44.0,140.0
강남구,삼성동,호텔페이토삼성,1,저위험군,37.50570328,127.057925,205121.6554,445138.6902,29.96271154,4.223275990641223,26.424438626649607,1.204681076259059,44.0,140.0
강남구,논현동,왈츠호텔,1,저위험군,37.50276476,127.0252795,202235.266,444811.2763,21.45784942,-0.29858964665637444,23.553443201590092,3.349897210782732,44.0,140.0
강남구,역삼동,더뮤즈,1,저위험군,37.49978072,127.0374861,203314.7366,444480.4464,17.21113521,-2.8177898429132036,21.034164370422562,1.9139786466563846,44.0,140.0
강남구,신사동,(주)라까사호텔,1,저위험군,37.51923895,127.0187598,201658.4162,446639.5664,29.76184239,3.1912980498298076,28.31465234122022,3.778451404863846,44.0,140.0
강남구,역삼동,호텔뉴브(HOTEL NEWV),1,저위험군,37.50027135,127.0483211,204272.8029,444535.3367,23.30072262,0.45279235952378016,23.9148212622006,1.2764836645041597,44.0,140.0
강남구,신사동,짝호텔,1,저위험군,37.51455044,127.0188323,201664.9295,446119.2023,39.00672523,11.963220946143203,28.320715110172753,3.7199315617187514,44.0,140.0
강남구,도곡동,뉴데이호텔 강남도곡,1,저위험군,37.48993754,127.0422872,203739.7618,443388.1618,24.64866074,4.020382812626007,21.617839052550895,2.096211349192908,44.0,140.0
강남구,삼성동,어반 네스트(urban nest),1,저위험군,37.50360643,127.0511534,204523.0483,444905.6198,31.85693438,5.991413769232437,26.61424493033841,1.108166867074788,44.0,140.0
강남구,삼성동,호텔스타 선릉,1,저위험군,37.50255446,127.0486034,204297.6301,444788.7452,27.00591403,2.509652964078004,25.001499263052082,1.1765837455637913,44.0,140.0
강남구,역삼동,아마레호텔,1,저위험군,37.49188162,127.039446,203488.4069,443603.82,23.16926601,3.215118269336031,20.964080584695957,2.18792768054124,44.0,140.0
강남구,삼성동,호텔오크우드프리미어,1,저위험군,37.50771397,127.0594859,205259.528,445361.9371,21.1415845,-5.35758371037338,26.067743727021433,1.294668905520094,44.0,140.0
송파구,방이동,IM HOTEL(아이엠 호텔),1,저위험군,37.51265214,127.1080013,209548.4546,445913.8285,24.7111529,2.5625862388918996,24.237898576039342,3.8948419862626937,44.0,140.0
송파구,가락동,왕실장,1,저위험군,37.49075481,127.1182425,210456.9321,443484.5953,25.83791997,0.015487441689938208,28.12221628546485,4.287157187749273,44.0,140.0
송파구,방이동,타임모텔,1,저위험군,37.5128035,127.107937,209542.747,445930.6211,19.01560427,-3.43502373320484,24.247039170625825,3.891761459249351,44.0,140.0
송파구,방이동,쿠키,1,저위험군,37.51255038,127.1080445,209552.2834,445902.5388,25.22810271,2.920912757066265,24.231382038242618,3.896896532313285,44.0,140.0
송파구,잠실동,칸,1,저위험군,37.50808205,127.0790026,206985.0893,445404.059,23.83115558,1.5610059358243795,23.73823498938363,2.973183776484915,44.0,140.0
송파구,가락동,가락관광호텔,1,저위험군,37.49113403,127.117929,210429.1572,443526.649,35.92362085,10.11775823110516,28.0542480428522,4.2809325261671205,44.0,140.0
송파구,삼전동,줌,1,저위험군,37.50269545,127.0961657,208503.1919,444807.6279,22.22446215,-0.0390165049709843,23.959457445055328,3.6741838453556124,44.0,140.0
송파구,거여동,대영,1,저위험군,37.49547781,127.1449869,212821.3069,444012.0936,42.19396884,7.3829030775541895,27.066001526048645,4.520493069880497,44.0,140.0
송파구,잠실동,상주호텔,1,저위험군,37.50731552,127.0797943,207055.1613,445319.0431,18.71596289,-3.771680984680419,23.88344001299766,3.0238654237886458,44.0,140.0
송파구,방이동,스테이(STAY)509,1,저위험군,37.51263276,127.1135319,210037.4189,445912.2532,20.3800823,-2.192748428136806,24.604326197525378,4.022748544842183,44.0,140.0
송파구,신천동,시그니엘서울 호텔,1,저위험군,37.51035018,127.1026419,209074.9004,445657.8098,21.76099672,1.0981121044463151,23.787364161063426,3.785748557346397,44.0,140.0
중구,(필동,호텔 트래블러즈 명동(Hotel Traveluz Myeongdong),1,저위험군,37.55931197,126.99131,199232.1867,451087.0519,20.37928909,2.0695887093252345,23.585222279425654,5.821866878070363,44.0,140.0
종로구,누상동,비바 라 비다_서촌소요,1,저위험군,37.57717984,126.9662773,197021.1289,453070.6759,23.32839126,-0.30117443007013023,25.467576938563617,2.8106813778709894,44.0,140.0
종로구,원남동,이스트 아뜰리에,1,저위험군,37.5714802,126.9956594,199616.544,452437.5561,22.9470034,-0.3909459078690034,21.293843770705372,5.363268433140439,44.0,140.0
종로구,체부동,체부하우스,1,저위험군,37.57401604,126.9711021,197447.213,452719.3886,28.13260975,-1.4923056390971148,25.631387463102225,2.83186410207966,44.0,140.0
종로구,창신동,대두의 게스트하우스 에어비앤비 홍대을지로 동대문역점,1,저위험군,37.567321,127.0111661,200986.4802,451975.9831,23.839003,-0.5715245120025365,25.69045760321774,4.246180886857042,44.0,140.0
종로구,연지동,종로마루(Jongnomaru),1,저위험군,37.56925244,126.9996895,199972.5657,452190.2918,24.10862537,2.7237797584725882,24.394409158751717,5.09817246711723,44.0,140.0
종로구,창신동,DASONI(다소니),1,저위험군,37.5673191,127.0098529,200870.4661,451975.7592,23.28475604,-0.9642888586989535,25.539639865498422,4.281561718339496,44.0,140.0
종로구,숭인동,썬라이즈하우스,1,저위험군,37.56855503,127.0156966,201386.7089,452113.0032,21.9631934,-2.6876053507137705,26.759112652958752,4.014235932736605,44.0,140.0
종로구,연지동,킹하우스,1,저위험군,37.56953847,126.9988739,199900.5183,452222.0384,33.08746069,-0.5958396144247615,23.851444973682348,5.179613278075772,44.0,140.0
종로구,누하동,숲니스,1,저위험군,37.5758455,126.9679272,197166.8168,452922.5285,35.26549607,4.474259308271375,25.60099766690698,2.813068692264941,44.0,140.0
종로구,창신동,흐흐 스테이,1,저위험군,37.57171558,127.0106531,200941.1034,452463.725,22.91125246,-8.173348928921992,22.77745992126273,3.879266547795029,44.0,140.0
종로구,통인동,서촌 가온재,1,저위험군,37.57711555,126.9695264,197308.1337,453063.4424,23.11530369,-0.47574843519399224,25.615708918824765,2.947662652203734,44.0,140.0
종로구,청운동,Stella's Home,1,저위험군,37.58310604,126.9697305,197326.3744,453728.3124,26.57163894,3.266963051270036,25.45265081979936,3.1791603233653434,44.0,140.0
종로구,체부동,가화 DUMBO,1,저위험군,37.57588085,126.9693211,197289.9522,452926.4109,24.72548953,-5.194472544670411,25.681175330758542,2.87166489273457,44.0,140.0
종로구,숭인동,히든 잼 동묘,1,저위험군,37.57280128,127.0153061,201352.1362,452584.2819,20.83378443,-9.24602762361306,24.667929951059282,3.732646249710588,44.0,140.0
종로구,창신동,헬로월드종로,1,저위험군,37.56998391,127.0121433,201072.7729,452271.5457,32.16664986,-0.08140372927812933,24.7526028463397,4.004004718483035,44.0,140.0
종로구,누상동,원라이트,1,저위험군,37.57673475,126.9652515,196930.4937,453021.3091,28.48366446,4.866757357530481,25.421616295467086,2.759755972869293,44.0,140.0
종로구,필운동,온기스테이,1,저위험군,37.57492917,126.9691281,197272.8704,452820.7909,29.27701115,-0.38154717187186904,25.701427205703574,2.806054637093267,44.0,140.0
종로구,숭인동,더그린,1,저위험군,37.57340306,127.0160287,201415.9554,452651.0831,24.50099189,-5.975002156222775,24.889738087444705,3.7185489392957365,44.0,140.0
종로구,내수동,비어스,1,저위험군,37.57020452,126.9697672,197329.1534,452296.3912,25.46413546,1.109565252014015,25.843701293150772,2.5225741138835285,44.0,140.0
종로구,신교동,다온,1,저위험군,37.58034308,126.9685645,197223.2821,453421.6892,36.92159724,7.207427329720467,25.457150093579596,3.0187097283790756,44.0,140.0
종로구,원남동,원남스테이,1,저위험군,37.57196107,126.9975888,199786.996,452490.9209,7.918507006,-10.40329981309565,22.267952938989662,5.258131527450247,44.0,140.0
종로구,청운동,SEOUL MARU1,1,저위험군,37.58358195,126.9686512,197231.0612,453781.1643,12.397593,-10.767839975599479,25.502573421507957,3.1582698780022174,44.0,140.0
종로구,명륜3가,혜화네스트스테이,1,저위험군,37.58038198,126.9969051,199726.6248,453425.5466,35.45207892,4.079752093712365,24.26301253331225,4.903387551840105,44.0,140.0
종로구,명륜3가,Stay Hyehwa,1,저위험군,37.58019539,126.9965778,199697.7126,453404.8383,35.87324168,4.342247000142937,24.253241391770324,4.930483621380503,44.0,140.0
종로구,명륜4가,더파더스,1,저위험군,37.57990788,126.9972379,199756.0215,453372.926,29.40835311,7.992956979992595,24.14904153710843,4.897778490040371,44.0,140.0
종로구,명륜4가,JOY하우스,1,저위험군,37.57934965,126.9984385,199862.0726,453310.9665,18.02905031,-1.9464647211412291,23.853264067051597,4.820846912428088,44.0,140.0
종로구,행촌동,아리스테이,1,저위험군,37.5698123,126.963913,196811.9642,452253.0418,15.94991465,-7.508851813742087,25.00634600264317,2.405090346001364,44.0,140.0
종로구,연건동,모리안(Morian),1,저위험군,37.57598296,127.0002004,200017.7007,452937.3015,12.28207468,-7.3989103119026485,22.485249510970974,4.750397835863454,44.0,140.0
종로구,신교동,소누 리프레(SONU REFRE),1,저위험군,37.58048384,126.9681648,197187.9842,453437.3239,29.81799797,0.1610170064645473,25.45525455686422,3.0082378183525047,44.0,140.0
종로구,신영동,메종드보네르,1,저위험군,37.59986728,126.9594368,196417.966,455588.9646,17.78686364,-4.9873479772446,25.921008314422927,3.4726860801509516,44.0,140.0
종로구,청운동,경복궁청운스테이,1,저위험군,37.5836495,126.9685187,197219.363,453788.6655,29.81622357,-0.3508621248168069,25.507777123457434,3.15655720779242,44.0,140.0
종로구,무악동,유창 스테이,1,저위험군,37.57080719,126.9597635,196445.4346,452363.6119,21.12645048,-7.289092786109848,24.845930471979145,2.440591839907394,44.0,140.0
종로구,행촌동,주빈 하우스,1,저위험군,37.57056519,126.9601932,196483.3837,452336.7366,29.66926729,1.2795469016861318,24.892423260077003,2.4347544475845964,44.0,140.0
종로구,누상동,리슬로우 스테이,1,저위험군,37.57764971,126.9641374,196832.1168,453122.8961,28.5857028,4.928522950389503,25.375729228753134,2.76402635231846,44.0,140.0
종로구,숭인동,나무플래닛,1,저위험군,37.57358318,127.0186523,201647.7207,452671.1171,9.553621562,-13.39903974169832,25.674816657238914,3.6785556774650088,44.0,140.0
종로구,행촌동,시도스테이,1,저위험군,37.57088639,126.9605293,196513.0861,452372.3735,29.28072811,0.7922198023929354,24.88819323094638,2.4391173779334663,44.0,140.0
종로구,청운동,스테이청운,1,저위험군,37.5848927,126.967393,197119.9798,453926.6804,16.11936411,-6.98864757550983,25.559983552874062,3.1753530468464954,44.0,140.0
종로구,홍지동,조이하슬라2,1,저위험군,37.59826187,126.9571249,196213.7273,455410.8726,34.84291985,3.0701425628239747,25.922169091736492,3.3881322959122295,44.0,140.0
종로구,연건동,Irum Stay(이룸 스테이),1,저위험군,37.57595765,127.0006747,200059.6019,452934.4925,28.64483831,-0.28416184160714764,22.25981325605124,4.684459527670315,44.0,140.0
종로구,명륜3가,더누아 혜화(The Nua Hyewha),1,저위험군,37.58171848,126.9944082,199506.0811,453573.893,22.13160291,0.3768578470109105,24.797876769938124,4.978311596768144,44.0,140.0
종로구,숭인동,해피 스테이,1,저위험군,37.5701523,127.0168265,201486.4941,452290.2988,29.21253909,-3.0870412356307284,26.61661435791639,3.885519569539954,44.0,140.0
종로구,명륜2가,트리니엘 혜화,1,저위험군,37.58147071,126.9981092,199832.9835,453546.3804,14.62896758,-5.378181314837056,24.209241772849758,4.779378856930905,44.0,140.0
종로구,명륜2가,서울 소울,1,저위험군,37.58115436,126.9978257,199807.9484,453511.2697,21.53596102,-11.0482890524416,24.218317410712146,4.809340404884805,44.0,140.0
종로구,창신동,무띠코지,1,저위험군,37.57000739,127.0126335,201116.0791,452274.1574,12.23155644,-9.376686067265771,24.951047553038244,3.99950513000293,44.0,140.0
종로구,내수동,The Loft Gyeongbok,1,저위험군,37.5698882,126.970206,197367.9115,452261.271,25.44963446,1.3311932327207003,26.046816171727116,2.5341264491230224,44.0,140.0
종로구,옥인동,종묘 01,1,저위험군,37.57960235,126.969332,197291.0525,453339.4543,21.01604163,-1.7487797675238532,25.483179332585234,3.0273817232061457,44.0,140.0
종로구,체부동,힙피어 궁중모란,1,저위험군,37.57622145,126.9691468,197274.565,452964.2186,26.61548014,-3.3729264099431795,25.656451296697377,2.8836107279905843,44.0,140.0
종로구,종로6가,타이디스테이(tidy stay),1,저위험군,37.56883002,127.007075,200625.0318,452143.4316,26.34936545,3.674310665187786,25.28915044295197,4.276444131636253,44.0,140.0
종로구,충신동,낙산힐링하우스,1,저위험군,37.57309501,127.0074192,200655.4034,452616.7983,25.00649659,-2.348832544024834,20.699422409753737,4.040098019045887,44.0,140.0
종로구,창성동,소누스테이(Sonu stay),1,저위험군,37.57838497,126.9710332,197441.2795,453204.2914,20.12331255,-3.3366785973392403,25.507864784920653,3.0787485678895354,44.0,140.0
종로구,누상동,류진스(Ryujeans),1,저위험군,37.57692592,126.9644135,196856.478,453042.5545,28.5225906,4.841965555767665,25.385480172217974,2.74200122372303,44.0,140.0
종로구,청운동,스테이 조이(stay joy),1,저위험군,37.5830075,126.969757,197328.7089,453717.3748,36.47321497,6.33671028174399,25.448669778596827,3.175883040669362,44.0,140.0
종로구,효제동,오아시스 스테이,1,저위험군,37.56923288,127.003902,200344.7137,452188.128,25.34326263,1.3791550540391917,26.16777614219712,4.559651411310911,44.0,140.0
종로구,누하동,쁘띠 서촌,1,저위험군,37.57685475,126.9673134,197112.6343,453034.5623,25.91994696,2.884337081806226,25.531221144185757,2.8384598023072547,44.0,140.0
종로구,효자동,서촌홈,1,저위험군,37.57948937,126.9715048,197482.9745,453326.8543,25.13993879,-4.699730820990251,25.414183255974226,3.138171605471147,44.0,140.0
종로구,창신동,보니토 스테이,1,저위험군,37.570783,127.0094979,200839.06,452360.2085,17.25275885,-10.972973619416226,23.148054410020187,3.9716233491560358,44.0,140.0
종로구,행촌동,Sunrise Inwang House,1,저위험군,37.57140704,126.9606164,196520.804,452430.1564,24.5729291,-3.7349693329916676,24.881985979513704,2.4527916402538903,44.0,140.0
종로구,통인동,다원,1,저위험군,37.57721877,126.9692399,197282.8235,453074.9069,23.77671722,-0.030177808424909358,25.602187487730326,2.936949869551031,44.0,140.0
종로구,체부동,봄 하우스(Pom House),1,저위험군,37.57593696,126.9691579,197275.536,452932.6431,31.12985767,0.6591439005171793,25.67132535751423,2.8676066153871385,44.0,140.0
종로구,신교동,서촌 168 B&B(CHANG YEUN HO),1,저위험군,37.58069595,126.9691136,197271.7982,453460.8377,21.95205943,-1.6599945438543422,25.446041741279352,3.0525764190693785,44.0,140.0
종로구,부암동,게스트하우스 더 김스(Guesthouse The Kims),1,저위험군,37.59237563,126.9679306,197167.7487,454757.1848,27.45511768,4.484224559830718,25.774563051884023,3.48554365138314,44.0,140.0
종로구,이화동,페퍼베리힐 게스트하우스,1,저위험군,37.57494122,127.0058287,200514.8916,452821.6963,24.2890062,-1.9922309175806383,19.414031515414262,4.103115339631069,44.0,140.0
종로구,통인동,럭키엠,1,저위험군,37.57694906,126.9692021,197279.4799,453044.9733,30.8169176,6.676012298974392,25.617230834475652,2.923406170916534,44.0,140.0
종로구,누상동,가치,1,저위험군,37.57684458,126.9653539,196939.5455,453033.4956,30.74196545,4.855954660955302,25.425813100108922,2.7667206991077733,44.0,140.0
종로구,명륜2가,봉하우스(Bong House),1,저위험군,37.58186939,126.9969686,199732.2374,453590.6319,33.79957014,2.546116974097071,24.410776546261594,4.8522335740208105,44.0,140.0
종로구,체부동,헬로우 서촌,1,저위험군,37.57617953,126.9696168,197316.0847,452959.5524,31.55561401,1.4795660943463247,25.675347665777217,2.903335837656989,44.0,140.0
종로구,창신동,그루잠 게스트하우스,1,저위험군,37.57063738,127.0084943,200750.4024,452344.0379,7.687776884,-12.811619265232475,23.092914204869068,4.030581356885268,44.0,140.0
종로구,부암동,지 하우스(G. HOUSE),1,저위험군,37.59370438,126.9668648,197073.6732,454904.6939,28.26043007,5.107161063445393,25.81193723054706,3.49382337976364,44.0,140.0
종로구,관훈동,예하도예 게스트하우스(YEHADOYE guesthouse),1,저위험군,37.57167964,126.9842664,198610.084,452459.7991,26.25423494,7.464684821877405,21.022848693314653,4.730850576428066,44.0,140.0
종로구,통인동,Gyeongbokgung 155,1,저위험군,37.57591638,126.9703356,197379.5666,452930.3255,28.22655832,-1.764484064526311,25.67311279523309,2.9252820582877,44.0,140.0
종로구,누하동,스테이 트리니티,1,저위험군,37.57687743,126.967819,197157.2998,453037.0641,15.49033137,-7.859324640578812,25.55788553893189,2.8597017993236014,44.0,140.0
종로구,명륜3가,블리쓰 혜화,1,저위험군,37.58122639,126.9964533,199686.7206,453519.2679,28.47778938,6.730985226440652,24.381325184784583,4.911159903689022,44.0,140.0
종로구,창신동,디디피하우스,1,저위험군,37.56769912,127.0105996,200936.4293,452017.9442,23.80521983,-0.33638170722030836,25.50617485388273,4.2327217799460435,44.0,140.0
종로구,효자동,네모하다,1,저위험군,37.58002549,126.9710162,197439.8358,453386.3707,18.92973675,-4.536035433661116,25.409118404512988,3.1255780202212278,44.0,140.0
종로구,창신동,뚜뚜집,1,저위험군,37.57180237,127.0085489,200755.2123,452473.3387,10.35423352,-8.927338649140351,22.048372645727664,3.9676123385574216,44.0,140.0
종로구,명륜3가,해솔스테이,1,저위험군,37.58027648,126.9968089,199718.1306,453413.8376,36.55068912,5.113097694341622,24.2525656180077,4.9124979001949995,44.0,140.0
종로구,관수동,SERENDIPITY,1,저위험군,37.56631775,126.9890832,199035.5306,451864.6315,12.80847297,-4.597238839082415,20.459152333897592,5.172499656287368,44.0,140.0
종로구,행촌동,하늘 스테이,1,저위험군,37.57197814,126.9615538,196603.6436,452493.5076,26.49091559,3.5748186532335424,25.022343878576276,2.4866231928562694,44.0,140.0
종로구,창신동,동묘스테이,1,저위험군,37.5681,127.0143915,201271.4164,452062.4817,27.6760352,3.47360952466126,26.34866976119229,4.0864551150010096,44.0,140.0
중구,(필동,더붓메인,1,저위험군,37.55796716,126.9941198,199480.4429,450937.7747,25.80656169,2.9789785921909058,25.645502364119434,5.365326653838731,44.0,140.0
중구,남창동,드림하우스1,1,저위험군,37.55443543,126.9776558,198025.6376,450546.0131,23.88159925,1.3896192278273851,26.760977177629307,5.377295395856351,44.0,140.0
중구,(남산동,두두하우스,1,저위험군,37.55557505,126.9834242,198535.3645,450672.3918,25.5002233,2.5379204894115865,26.214618087101492,5.509391623378793,44.0,140.0
중구,(남산동,Logan,1,저위험군,37.55523004,126.9839747,198583.9983,450634.0914,35.69619967,1.1048924378510492,26.182639770686936,5.498696995782163,44.0,140.0
중구,(회현동,뉴진스하우스,1,저위험군,37.55547098,126.983063,198503.4477,450660.847,20.78830523,-2.3959984767525704,26.43263199450051,5.502637701745243,44.0,140.0
중구,(장충동,메종 마리 서울,1,저위험군,37.55729653,127.0040754,200360.09,450863.3343,19.26816273,-3.048848037773446,26.972975341691722,5.138146795444432,44.0,140.0
중구,예장동,에이치 스테이,1,저위험군,37.55348791,126.9923492,199323.9601,450440.6426,20.27632986,-1.577677519335115,24.938641759305995,5.319764887066257,44.0,140.0
중구,주교동,빡하우스,1,저위험군,37.56575916,126.998356,199854.7553,451802.5798,14.463949,-5.5942738833263945,23.290073360329618,5.197941934986136,44.0,140.0
중구,(남산동,별채,1,저위험군,37.55659625,126.9853795,198708.1557,450785.7042,32.10280369,-1.7180296525784016,24.49214068239343,5.6165365902376045,44.0,140.0
중구,중림동,만리재 레지던스,1,저위험군,37.55449219,126.966788,197065.3487,450552.5966,19.22524823,-1.9352431351481059,25.118274686218445,4.795413853665435,44.0,140.0
중구,(남산동,마루스테이,1,저위험군,37.55605869,126.9845459,198634.4831,450726.0532,13.69649671,-6.83067928583012,25.300518255113957,5.5665219763645,44.0,140.0
중구,(장충동,호호스테이,1,저위험군,37.55789604,127.0073795,200652.0341,450929.8906,36.67753868,3.2133136440561714,25.95498382214943,5.227796716399892,44.0,140.0
중구,(회현동,뉴썬홈,1,저위험군,37.55351514,126.9797505,198210.7085,450443.83,25.06292251,2.328993852524068,26.570489704565546,5.3411509335361895,44.0,140.0
중구,(남산동,욜로게스트하우스2,1,저위험군,37.55629987,126.9847075,198648.7689,450752.819,9.218862256,-11.04901933267879,25.12071902409874,5.586094692937127,44.0,140.0
중구,(회현동,운 스테이,1,저위험군,37.55347515,126.9817323,198385.8258,450439.3557,23.11088373,-1.1443413546460022,26.27144609168009,5.358397137738054,44.0,140.0
중구,신당동,플라워니,1,저위험군,37.56006699,127.0134863,201191.5735,451170.9002,21.55693759,1.0822179622610513,23.840403923776286,5.059929243794131,44.0,140.0
중구,(회현동,명동재미하우스,1,저위험군,37.55430366,126.9835253,198544.2765,450531.2811,23.73914184,-0.15872588494982764,26.861709256678076,5.419214217782926,44.0,140.0
중구,(회현동,남산 데이지,1,저위험군,37.55426515,126.9834154,198534.5622,450527.0087,29.125951,-3.977880015828255,26.82761876979368,5.412907029826552,44.0,140.0
중구,신당동,서울 별장,1,저위험군,37.5482818,127.0043967,200388.527,449862.8084,22.48231872,-1.801013094978039,27.41279261146181,4.785562216043986,44.0,140.0
중구,신당동,스테이 단아,1,저위험군,37.5600535,127.013782,201217.701,451169.4067,14.57922279,-5.890664100080308,23.79309961310809,5.081847090421244,44.0,140.0
중구,(남산동,318 스테이 2,1,저위험군,37.55633528,126.9858649,198751.0362,450756.7331,18.32284645,-1.1890635821594344,24.43524704946597,5.599707938199694,44.0,140.0
중구,(회현동,에이비팰리스,1,저위험군,37.55556583,126.9829405,198492.6211,450671.3762,19.89931813,-2.8701564867799227,26.37342634571244,5.511152349888615,44.0,140.0
중구,(장충동,남산맨션,1,저위험군,37.55915152,127.0043734,200386.4181,451069.2174,28.71945004,-4.882911534281487,26.241849708262404,5.124254058254385,44.0,140.0
중구,(회현동,남산인2,1,저위험군,37.5547375,126.9832888,198523.3849,450579.4359,32.13577859,8.719890610127699,26.749146156491104,5.452934487781452,44.0,140.0
중구,(남산동,스페이스 게스트하우스,1,저위험군,37.55553044,126.9840557,198591.1585,450667.431,36.8543345,2.2830520064578224,25.834387822198014,5.52408441365251,44.0,140.0
중구,신당동,체크인서울,1,저위험군,37.55954155,127.017044,201505.9222,451112.6336,21.83536123,1.3808604945285268,23.253824395884116,5.118402727772855,44.0,140.0
중구,(장충동,담온정,1,저위험군,37.55895524,127.0035034,200309.5477,451047.4294,35.52341399,-0.547682474772877,26.52962246619463,5.096972580012366,44.0,140.0
중구,신당동,로얄 202,1,저위험군,37.54774673,127.0042897,200379.0734,449803.4217,22.95622497,-1.4442255704209046,27.42129639198729,4.694690651906436,44.0,140.0
중구,(회현동,서울 스테이 남산,1,저위험군,37.55405218,126.9789666,198141.4555,450503.4502,40.35077425,6.048193498724672,26.654029710773827,5.372368229540131,44.0,140.0
중구,신당동,후즈홈,1,저위험군,37.5476378,127.0060999,200539.0417,449791.3406,35.93322264,0.03965012167719095,27.276374484397586,4.806945411763971,44.0,140.0
중구,신당동,스테이 아우어,1,저위험군,37.55716023,127.0091639,200809.7047,450848.2383,9.193036663,-11.60493758035203,25.476321935488393,5.321061836154027,44.0,140.0
중구,(회현동,모데르노,1,저위험군,37.55570914,126.9829951,198497.4502,450687.281,27.90597352,-6.2101380266902275,26.255636610486803,5.521224293691431,44.0,140.0
중구,(회현동,모던하우스,1,저위험군,37.55680325,126.983299,198524.3252,450808.7094,35.72691081,-0.09047083772321685,25.255545912237523,5.603953050585011,44.0,140.0
중구,(남산동,올리브 호스텔 R1,1,저위험군,37.55502744,126.9836432,198554.703,450611.6103,28.00224232,4.25805801471731,26.73868813177181,5.47527846478775,44.0,140.0
중구,(회현동,미미스테이,1,저위험군,37.55695778,126.9830644,198503.5994,450825.8641,21.5450842,1.03492025706867,25.264274708860547,5.6126762049132495,44.0,140.0
중구,(회현동,부원 게스트하우스,1,저위험군,37.55411022,126.9817271,198385.3774,450509.841,17.90552541,-3.976030718990547,26.1714631088534,5.403633736785837,44.0,140.0
중구,신당동,리마인드 스테이,1,저위험군,37.55594051,127.0113057,200998.9662,450712.8845,16.46465515,-4.636842320880557,24.9591686845046,5.450039952162985,44.0,140.0
중구,(회현동,명동스테이,1,저위험군,37.55402509,126.9817517,198387.5448,450500.3921,18.41703766,-3.427380310107651,26.186273284855712,5.397827346348282,44.0,140.0
중구,예장동,오프투남산,1,저위험군,37.5532905,126.9938832,199459.503,450418.7225,31.45039322,-2.015557415560192,25.729230643044538,5.150027520058382,44.0,140.0
중구,(회현동,로지월드,1,저위험군,37.55435848,126.9806218,198287.7152,450537.4144,19.61140854,-2.8885865585167565,26.377621730404684,5.398321270170895,44.0,140.0
중구,(회현동,코코앤벨 명동,1,저위험군,37.5538982,126.9803521,198263.8708,450486.3338,29.56960495,-4.918152958176428,26.499140933252544,5.365823447280509,44.0,140.0
중구,(남산동,레드2,1,저위험군,37.55566706,126.9840224,198588.2196,450682.5947,35.25850078,1.4726433358237472,25.76291305158618,5.533530245329346,44.0,140.0
중구,(남산동,24 게스트하우스 남산가든 2,1,저위험군,37.55610674,126.9843092,198613.572,450731.3897,31.483564,-4.44542248799474,25.36107572458148,5.567381645714461,44.0,140.0
중구,(장충동,남산까미노,1,저위험군,37.55584198,127.0015998,200141.3541,450701.8899,31.65904538,1.5185551056546842,28.28091656126081,5.037368210610916,44.0,140.0
중구,순화동,제이덥하우스,1,저위험군,37.55742715,126.9712781,197462.1986,450878.2115,22.73664626,1.1995208344982409,25.32556452931211,5.274156935756695,44.0,140.0
중구,(회현동,서울 타이완 게스트하우스2,1,저위험군,37.55540888,126.9794086,198180.5408,450654.0191,18.12509687,-3.6061614330110743,26.594461377884123,5.466170333223317,44.0,140.0
중구,묵정동,펠리스 까사,1,저위험군,37.55934393,126.9999488,199995.4718,451090.5636,34.60945779,9.113999565232945,27.428788056271742,4.998899709050052,44.0,140.0
중구,필동,레인보우게스트하우스,1,저위험군,37.55134369,126.9957385,199623.434,450202.6409,22.81301518,-1.8301241634984642,27.30119189556885,4.860096610291634,44.0,140.0
중구,(회현동,1012 하우스 남산,1,저위험군,37.5548967,126.9832748,198522.1519,450597.1054,32.09503484,8.700437858115787,26.733043618662997,5.461422379161516,44.0,140.0
중구,(회현동,서울 타이완 게스트하우스,1,저위험군,37.55540888,126.9794086,198180.5408,450654.0191,18.14092312,-3.5903351830110743,26.594461377884123,5.466170333223317,44.0,140.0
중구,(남산동,그랜드필드게스트하우스,1,저위험군,37.55645228,126.9832,198515.5716,450769.7574,22.1395959,0.5222329270742243,25.564623437405217,5.576609835755418,44.0,140.0
중구,(회현동,IU게스트하우스,1,저위험군,37.55505357,126.9829111,198490.0157,450614.5219,21.97458873,-0.9433144793067463,26.677644916092454,5.473742634252117,44.0,140.0
중구,(장충동,USB하우스,1,저위험군,37.55785413,127.002724,200240.6858,450925.217,26.89529489,2.9897171935161033,27.28849157485986,5.08583199041723,44.0,140.0
중구,(남산동,제이가든,1,저위험군,37.55631897,126.9857705,198742.6922,450754.9241,18.4814873,-1.1048834140006427,24.508108429218467,5.597888923054018,44.0,140.0
중구,(회현동,엔포시즌,1,저위험군,37.55429276,126.9788286,198129.265,450530.1545,29.81729986,7.280520086817358,26.696508912655194,5.386933175248468,44.0,140.0
중구,(회현동,B my guesthouse,1,저위험군,37.55570832,126.9831067,198507.3156,450687.1882,19.58957264,-3.269601981624536,26.233345107974852,5.519863640246943,44.0,140.0
중구,(남산동,게스트하우스(수),1,저위험군,37.55627607,126.9856969,198736.1909,450750.1637,34.12694385,-1.1033113980281541,24.61154058280794,5.594146132733969,44.0,140.0
중구,(회현동,남산 스테이,1,저위험군,37.55346464,126.9794584,198184.8966,450438.2307,26.99258162,3.880144797345917,26.54495278888355,5.3344663749794545,44.0,140.0
중구,중림동,오성 매니지먼트,1,저위험군,37.5560557,126.9675761,197135.0478,450726.1032,17.59138735,-4.837540200125915,25.413767113678517,4.9681088545093335,44.0,140.0
중구,(회현동,남산루프탑,1,저위험군,37.55445981,126.9804108,198269.0769,450548.6647,22.29167437,-1.4777862746922636,26.436827082673567,5.401982006858532,44.0,140.0
용산구,이태원동,Guest house Itawon hills,1,저위험군,37.52719777,126.9940189,199471.3096,447522.7472,29.47517637,2.943465706620831,28.257241839837874,3.825032556958894,44.0,140.0
용산구,이태원동,이태원G 게스트하우스,1,저위험군,37.53047012,126.9941757,199485.1913,447885.9365,27.96016622,0.43794976558505994,28.82889120448794,3.925543842225178,44.0,140.0
용산구,이태원동,RTR E,1,저위험군,37.53214143,126.9875495,198899.5311,448071.4881,29.35134199,-0.9753891053442416,24.5533707402331,3.981962553760057,44.0,140.0
용산구,이태원동,제이바이 하우스,1,저위험군,37.53056717,126.990431,199154.2028,447896.7349,32.44909542,-2.2586125359725884,27.820846037296697,3.928638907417388,44.0,140.0
용산구,이태원동,OHOO house(오후 하우스),1,저위험군,37.53233323,126.9868026,198833.5201,448092.7846,29.77558791,-0.5438471180776432,24.434324633886384,3.9870052281209363,44.0,140.0
용산구,보광동,이정표(milestone),1,저위험군,37.52378498,127.0014206,200125.5782,447143.9542,31.24713313,-0.34409172124571796,26.137694378391032,3.7613716783626425,44.0,140.0
용산구,동빙고동,House Bong,1,저위험군,37.52012951,126.9939,199460.7505,446738.2595,21.73664058,-7.340401003865374,23.704810875449176,3.6730657315602424,44.0,140.0
용산구,이태원동,MINGOO HOUSE,1,저위험군,37.53222403,126.9903962,199151.1413,448080.6262,35.97828826,2.3929485569637663,27.799999257574015,3.9902253796074687,44.0,140.0
용산구,이태원동,세리 하우스,1,저위험군,37.53197978,126.9877729,198919.271,448053.5444,29.11162761,-1.306305007730728,24.653793226228675,3.975602733907747,44.0,140.0
용산구,후암동,Casa de Abuela,1,저위험군,37.54552204,126.9779489,198051.3087,449556.7278,18.39708947,-1.1064411664753564,22.528647901261134,4.4773952631497105,44.0,140.0
용산구,이태원동,랑드하우스,1,저위험군,37.53061665,126.9904544,199156.2682,447902.2264,34.4098952,-0.3373865962202913,27.85705423714537,3.930558850923757,44.0,140.0
용산구,이태원동,꿀잠,1,저위험군,37.53197478,126.987266,198874.4742,448052.9954,20.40682349,-1.6071410552326846,24.570249629906307,3.9727176692588606,44.0,140.0
용산구,이태원동,WYW STAY,1,저위험군,37.53100024,126.9906236,199171.2297,447944.7986,22.042114,-3.4995414192965164,28.164559210196604,3.9432419763373465,44.0,140.0
용산구,이태원동,잠인서울,1,저위험군,37.53090392,126.9940942,199477.9941,447934.0834,27.35177701,1.019083807194459,28.95221397719674,3.938155990053459,44.0,140.0
용산구,이태원동,스테이 미드센트리,1,저위험군,37.53083297,126.9921333,199304.6653,447926.2215,29.20551961,2.822497304214405,28.79143332362378,3.9399610843359447,44.0,140.0
용산구,이태원동,메종 이태원,1,저위험군,37.53371292,126.9885745,198990.1477,448245.8926,29.58524553,-1.436933657760953,24.82437659034617,4.052941643732232,44.0,140.0
용산구,이태원동,이루다 이태원,1,저위험군,37.53015695,126.9927666,199360.6407,447851.1872,25.51331304,-0.8858431861162188,28.67076252788332,3.917615494350137,44.0,140.0
용산구,(용산동,우주민박 003,1,저위험군,37.53763298,126.9857569,198741.1781,448681.0051,30.68335164,-0.5975683020195142,24.905256375392245,4.2063061491980935,44.0,140.0
용산구,이태원동,Antron,1,저위험군,37.53466996,126.9865553,198811.6972,448352.1359,24.57647522,3.4030102078437743,24.429677946222938,4.1015765953143815,44.0,140.0
용산구,갈월동,JJ house,1,저위험군,37.54351403,126.9720818,197532.7558,449334.0009,21.7333349,0.178109282506572,22.59710026991116,4.037923612466564,44.0,140.0
용산구,이태원동,윤스테이,1,저위험군,37.53200106,126.9875924,198903.3164,448055.9083,28.89911451,-1.4218238313720057,24.610163058951475,3.9757375505121364,44.0,140.0
용산구,원효로3가,Cozy Yongsan Castle,1,저위험군,37.53198592,126.9553534,196053.7909,448055.0923,23.51190613,-6.953965490874506,26.335011902359465,2.849108266626819,44.0,140.0
용산구,이태원동,S.J. HOUSE,1,저위험군,37.53362503,126.9878004,198921.7262,448236.1465,28.64199097,-1.5669189098662208,24.55340472483757,4.049074795120499,44.0,140.0
용산구,갈월동,스테이오,1,저위험군,37.54538654,126.9717642,197504.7462,449541.8351,29.40133386,-0.5208912813163948,22.412010362488992,4.22115668774901,44.0,140.0
용산구,원효로2가,올라,1,저위험군,37.5342264,126.9624134,196677.9093,448303.4851,32.95207552,2.600565755436822,26.316064561142234,2.861588204527295,44.0,140.0
용산구,후암동,남산 슬로우 스테이,1,저위험군,37.54961122,126.9778138,198039.4706,450010.5803,21.92766579,1.0886514158366722,24.22723702527024,4.9328544953579545,44.0,140.0
용산구,이태원동,Comfy Stay,1,저위험군,37.53052295,126.9913163,199232.4518,447891.8195,27.47784635,1.5610186984243342,28.319209906835418,3.9300985277499603,44.0,140.0
용산구,이태원동,Your House Modern&Bright,1,저위험군,37.53209466,126.9882259,198959.3149,448066.2895,18.72851871,-3.0859716418105663,24.759660220856347,3.9799239704618428,44.0,140.0
용산구,이태원동,이태원 스테이,1,저위험군,37.53202163,126.988515,198984.8703,448058.181,20.35893908,-2.230281703060868,24.937162813987143,3.9773918140042883,44.0,140.0
용산구,이태원동,Solip house,1,저위험군,37.53254143,126.98831,198966.7527,448115.8746,28.50430267,-1.908692395523321,24.82520280156758,4.000595560634388,44.0,140.0
용산구,원효로1가,코지하우스,1,저위험군,37.53778672,126.9660989,197003.7914,448698.5131,27.873504,-1.6095602546962873,25.129995345236168,3.0576103874243175,44.0,140.0
용산구,이태원동,이태원 루프탑 BBQ STAY,1,저위험군,37.53035648,126.9960721,199652.8179,447873.3152,22.04370977,-4.253972458409574,28.854951833432686,3.910569134397461,44.0,140.0
용산구,이태원동,루미하우스,1,저위험군,37.53043673,126.9913832,199238.3677,447882.2496,33.33062586,7.374602685460125,28.35641678265597,3.9268452656205137,44.0,140.0
용산구,이태원동,코코치요,1,저위험군,37.5300038,126.990955,199200.5146,447834.2033,30.49796875,-3.2854158479888227,28.00999400772738,3.9113180425768093,44.0,140.0
용산구,이태원동,Nine House,1,저위험군,37.53389463,126.9886718,198998.7518,448266.0592,11.36265032,-10.158661959144084,24.78857251361262,4.061882619935693,44.0,140.0
용산구,신창동,마이룸인서울,1,저위험군,37.53244176,126.9534896,195889.0727,448105.7647,31.15370284,0.3600351698413178,26.484172463895618,2.919567988884621,44.0,140.0
용산구,이태원동,아르못,1,저위험군,37.52950823,126.9915067,199249.2692,447779.1966,23.24560971,-2.584557501981209,28.211248288767983,3.8952515628372364,44.0,140.0
용산구,이태원동,Sunlit Stay,1,저위험군,37.53174794,126.9888373,199013.3549,448027.8013,19.94523257,-2.9913804692676393,25.40403896004494,3.9684808305156287,44.0,140.0
용산구,갈월동,갈월 스테이(Galwol Stay),1,저위험군,37.54624897,126.971949,197521.1058,449637.5496,16.97821835,-2.4642311018543275,22.276161376676075,4.333303914149399,44.0,140.0
용산구,이태원동,나이브 하우스,1,저위험군,37.53258983,126.9901728,199131.3989,448121.2275,36.61259436,3.8933692896303,26.758730712112317,4.003566635540871,44.0,140.0
용산구,이태원동,Stunning house,1,저위험군,37.53183346,126.9874456,198890.3466,448037.3085,20.96809498,-1.3571499766430826,24.625517369535157,3.967053110815015,44.0,140.0
용산구,이태원동,아이보리,1,저위험군,37.53126467,126.9927197,199356.5065,447974.1307,29.99367715,3.003929102781594,29.025895473517377,3.955747859939424,44.0,140.0
용산구,한남동,한남스테이,1,저위험군,37.54111269,127.0027569,200243.642,449067.1186,31.84428073,-3.2443315462601845,28.13056144037173,4.223497798727347,44.0,140.0
용산구,이태원동,사운즈 인(SOUNDS INN),1,저위험군,37.53093633,126.9886229,198994.3892,447937.7249,21.82257045,-1.8565253204505225,25.62134316789144,3.933462363642888,44.0,140.0
용산구,(청파동,mila house 2,1,저위험군,37.54757952,126.9645972,196871.4764,449785.4438,24.24423195,3.1949919701623095,24.008132367643558,3.888355571947503,44.0,140.0
용산구,동빙고동,이스트빙고,1,저위험군,37.51935551,126.9940935,199477.8473,446652.3541,24.84955727,-3.2463903403165304,23.555621183994457,3.6628197583724798,44.0,140.0
용산구,(용산동,매버릭스 게스트하우스,1,저위험군,37.54071299,126.9873864,198885.2444,449022.828,27.54175872,5.009994226707931,25.537707031558938,4.184787521261931,44.0,140.0
용산구,후암동,serene seoul,1,저위험군,37.54454759,126.9747256,197766.4283,449448.6474,24.35754396,4.976502200408525,22.311571234208913,4.2665069510479015,44.0,140.0
용산구,효창동,소요 서울,1,저위험군,37.54030523,126.9577779,196268.4988,448978.3346,25.85355141,2.2601110735291634,26.202169942569686,3.1212192453693675,44.0,140.0
용산구,이태원동,Starts of Itaewon,1,저위험군,37.53166891,126.9874533,198891.023,448019.0454,21.37089193,-1.1262812980917474,24.662628538031996,3.95941081126523,44.0,140.0
용산구,이태원동,투서울,1,저위험군,37.52983145,126.9911583,199218.4799,447815.0728,24.53829233,-0.9841962120111987,28.160956563473153,3.9051260454534185,44.0,140.0
용산구,(청파동,스테이 오로라(Stay Aurora),1,저위험군,37.53898594,126.9674435,197122.67,448831.5698,28.89354236,0.5424881071065535,24.312945292127566,3.190248838022473,44.0,140.0
용산구,원효로2가,STAY CHARM,1,저위험군,37.53455276,126.9622298,196661.691,448339.7135,24.38013639,-5.683717855028288,26.422466050077293,2.876825407783907,44.0,140.0
용산구,이태원동,찰리애니홈,1,저위험군,37.52910989,126.9911222,199215.2788,447734.9889,20.30966451,-5.318025863219454,27.959604736228016,3.88134911379674,44.0,140.0
용산구,동빙고동,니나노 인테리어,1,저위험군,37.52083551,126.9937082,199443.803,446816.6177,23.11218379,-7.080052003725893,23.876456669055607,3.6862748832731422,44.0,140.0
용산구,남영동,NY room,1,저위험군,37.5398956,126.9732156,197632.8373,448932.37,20.24304271,-0.6210652411826416,23.004712406864247,3.7645753209085306,44.0,140.0
용산구,이태원동,이태원 561,1,저위험군,37.53480122,126.9861959,198779.9313,448366.7087,23.60897176,2.8916292629780997,24.405363607675532,4.107276514687211,44.0,140.0
용산구,문배동,88하우스 용산,1,저위험군,37.53333448,126.9683834,197205.534,448204.2988,25.20935344,2.438344416786144,24.998408353489754,3.100921858466415,44.0,140.0
용산구,갈월동,장하우스(Jang House),1,저위험군,37.5445589,126.9720923,197533.7199,449449.9685,27.33146443,-1.8168263046821735,22.46456635246271,4.157074231773599,44.0,140.0
용산구,한강로3가,한강뷰(Han river View),1,저위험군,37.52878416,126.9548128,196005.8368,447699.7594,19.25882653,-4.689229931816943,25.927129458250203,2.7959943451674776,44.0,140.0
용산구,한남동,UN게스트하우스,1,저위험군,37.53312813,127.0108903,200962.5523,448180.9825,29.48363999,1.7582215639351766,29.11145312385328,3.9090701348195735,44.0,140.0
용산구,이태원동,아보카도 게스트하우스,1,저위험군,37.53096713,126.9902497,199138.1798,447941.1272,35.118778,1.3986912520700656,27.799553592457702,3.941064005624655,44.0,140.0
용산구,이태원동,Maji's house,1,저위험군,37.53267679,126.9891827,199043.8942,448130.8886,32.42775273,1.5612915964443843,25.214305776992163,4.0080190123227375,44.0,140.0
용산구,이태원동,카메 게스트하우스,1,저위험군,37.53055405,126.9911972,199221.9222,447895.2722,36.79271371,2.770588510139646,28.27240811884593,3.931158195301492,44.0,140.0
용산구,이태원동,Good Stay,1,저위험군,37.52951501,126.9907408,199181.5753,447779.9555,31.48122241,-2.953697079303531,27.868986713824086,3.8917808308378166,44.0,140.0
용산구,이태원동,알리바바,1,저위험군,37.53016797,126.9962007,199664.184,447852.3924,35.87484373,1.5458038226958664,28.824180957857983,3.9035691586067705,44.0,140.0
용산구,이태원동,Parched Mansion,1,저위험군,37.5324492,126.9877944,198921.1816,448105.644,20.32589522,-1.8570194778083113,24.624111492295803,3.9935959013008424,44.0,140.0
용산구,후암동,그린 어바니스트,1,저위험군,37.55080241,126.9771944,197984.7743,450142.8012,25.41295299,-6.907350309862146,25.007920886720864,5.043446304564103,44.0,140.0
용산구,이태원동,DON'S HOUSE,1,저위험군,37.53206541,126.9905106,199161.2545,448063.0203,40.67229586,5.331487930808578,28.410966226649958,3.9837719292135216,44.0,140.0
용산구,갈월동,SI스테이,1,저위험군,37.54397707,126.9720811,197532.7092,449385.3927,24.29774097,-4.396106970183915,22.55122494634633,4.088900398904151,44.0,140.0
용산구,후암동,서울 비앤비(Seoul B&B),1,저위험군,37.55077832,126.9770456,197971.6187,450140.1307,16.62248961,-5.150650212423233,24.904632689230752,5.036531921050418,44.0,140.0
용산구,한강로3가,딩딩네,1,저위험군,37.53123905,126.9629067,196721.378,447971.9088,25.66261234,1.4748939556476586,25.782943685678365,2.8054439411827867,44.0,140.0
용산구,이태원동,보리하우스,1,저위험군,37.5301663,126.9912521,199226.7717,447852.2363,36.62190702,2.6411613647440646,28.24977026730481,3.918344249981837,44.0,140.0
용산구,이태원동,구초이스,1,저위험군,37.53361877,126.9884383,198978.1092,448235.4446,36.35820315,2.506276481411973,24.771124643084242,4.048135357326388,44.0,140.0
용산구,이태원동,Naun Stay,1,저위험군,37.53037537,126.9926227,199347.9215,447875.4301,22.23595441,-3.034743188292225,28.721225817714167,3.9245638056786483,44.0,140.0
용산구,이태원동,에어181,1,저위험군,37.53249243,126.9897664,199095.4799,448110.4212,17.65228408,-5.016208702672596,26.144181717998702,4.000860893096303,44.0,140.0
용산구,후암동,라오테아로아 남산맨숀,1,저위험군,37.54647167,126.9789649,198141.1117,449662.1047,23.45770181,3.613665269442535,22.914305872563027,4.615805944018609,44.0,140.0
용산구,이태원동,GNTD stay(지앤티디 스테이),1,저위험군,37.53386553,126.9884442,198978.6367,448262.8319,19.44705212,-2.556743161303629,24.704542585123725,4.060270976332202,44.0,140.0
성동구,옥수동,River View (리버뷰),1,저위험군,37.54051578,127.010763,200951.2068,449000.9197,29.12278957,3.3141230860216737,28.017193347433523,4.472734682482464,44.0,140.0
성동구,성동,서울숲 휴,1,저위험군,37.54377511,127.0415632,203673.1006,449363.4231,23.83074501,-1.046507179925868,28.672554147559374,4.368767016362201,44.0,140.0
성동구,성동,cozy house,1,저위험군,37.53687774,127.0478318,204227.4709,448598.1625,36.96690177,4.217279810899257,26.929794707490295,4.051657541655943,44.0,140.0
성동구,마장동,Move stay,1,저위험군,37.56407313,127.0361667,203195.3202,451616.0638,26.6480829,-4.511543081898541,23.13634655043202,4.3485542314361005,44.0,140.0
성동구,성동,히어앳홈,1,저위험군,37.54297218,127.0457442,204042.6295,449274.4792,26.95904816,-7.934860177794217,28.807687878367016,4.237115632220057,44.0,140.0
성동구,성동,랑가네집,1,저위험군,37.53933326,127.0536334,204740.0668,448870.9718,38.81691996,7.349510265305909,25.578434582435598,3.9896234714685006,44.0,140.0
성동구,홍익동,소울 스테이,1,저위험군,37.56265294,127.0326866,202887.9096,451458.3268,34.74568015,5.324995837286728,22.889188419032784,4.4249141530561085,44.0,140.0
성동구,성동,모나크,1,저위험군,37.54389376,127.0404783,203577.2181,449376.55,33.87478782,-0.947217651367751,28.433999594974274,4.405891652073802,44.0,140.0
성동구,송정동,퀘보 스페이스 성수,1,저위험군,37.54664887,127.0665446,205880.5745,449683.6449,21.04471833,-5.036247180343004,23.362548750729534,3.929904165320256,44.0,140.0
성동구,성동,단잠성수 1호점,1,저위험군,37.53658526,127.0610563,205396.2946,448566.3775,20.32439148,-8.585706539091014,23.338698536473295,3.774474457959542,44.0,140.0
성동구,성동,스테이성수,1,저위험군,37.54750301,127.0479806,204240.015,449777.445,37.20949941,2.0522443908858676,28.989870435527834,4.253726245363551,44.0,140.0
성동구,성동,오늘 성수 스테이,1,저위험군,37.54388005,127.0583276,205154.6263,449375.8572,33.04298168,2.0383241341639966,24.826342991679258,4.004916413540532,44.0,140.0
성동구,성동,벨르하우스,1,저위험군,37.54256253,127.0451981,203994.3899,449228.9897,28.77788976,2.273875789864249,28.780250328157,4.243261147030624,44.0,140.0
성동구,하왕십리동,공간의 의미,1,저위험군,37.55751168,127.0283782,202507.43,450887.5841,33.95034703,4.377773666018083,22.357958452696263,4.845938912278999,44.0,140.0
성동구,성동,더 코지 성수,1,저위험군,37.53704838,127.0610444,205395.2139,448617.7774,14.0780194,-7.361664250034925,23.472597422455976,3.789669730641028,44.0,140.0
성동구,행당동,도심속 캠핑장,1,저위험군,37.55717261,127.0341822,203020.2693,450850.122,26.72060881,-4.620795425320814,23.023838747840145,4.6398009074046245,44.0,140.0
성동구,행당동,로망((Rom an),1,저위험군,37.55618117,127.0392658,203469.4964,450740.2594,13.05571276,-8.493547242453277,24.671596636870348,4.621287055425204,44.0,140.0
성동구,성동,그린 리추얼 하우스,1,저위험군,37.53686231,127.0606821,205363.1986,448597.1052,26.61025058,-2.3987197394346396,23.46497266338876,3.790505082808672,44.0,140.0
성동구,성동,빌라드 성수,1,저위험군,37.54398633,127.0432141,203818.979,449386.9317,38.22013668,3.0240111279752284,28.87479251383958,4.321979643197936,44.0,140.0
성동구,행당동,노엘의 휴일,1,저위험군,37.55342491,127.0331536,202929.5301,450434.1394,17.22842076,-3.142202430780305,24.002052570801762,4.772153499780043,44.0,140.0
성동구,행당동,메종드양(Maison de Yong),1,저위험군,37.55698293,127.0342564,203026.8305,450829.0722,28.01388029,-1.721911628494972,23.060637040740332,4.647121028324698,44.0,140.0
성동구,마장동,유얼스테이,1,저위험군,37.5596896,127.0415603,203672.0643,451129.7407,29.00481329,7.899949498246144,23.908363149261444,4.509004045449477,44.0,140.0
성동구,성동,성수스테이,1,저위험군,37.54406168,127.0418493,203698.3666,449395.2401,35.04463421,0.17665991106466095,28.654544964886366,4.364333868464144,44.0,140.0
성동구,성동,ATOZ Seongsu forest(아토즈 성수포레스트),1,저위험군,37.53940387,127.0518522,204582.6435,448878.7204,38.02732974,5.863177641392426,26.16273143566068,4.031056165456101,44.0,140.0
성동구,성동,STAY YEON 성수,1,저위험군,37.5372255,127.0615219,205437.4025,448637.4631,22.4550145,-6.646036943963978,23.463775636156615,3.786466018244435,44.0,140.0
성동구,행당동,소담 스테이,1,저위험군,37.55702579,127.0344986,203048.2318,450833.8369,28.79176005,-1.2445774477357787,23.12321145654306,4.643433766104531,44.0,140.0
성동구,성동,성쉼당,1,저위험군,37.53354749,127.0593703,205247.4949,448229.1269,22.60861314,1.4261429629302889,22.769321409969336,3.695412139982822,44.0,140.0
성동구,성동,초이 인 서울,1,저위험군,37.53538366,127.0524301,204633.9692,448432.5546,24.14500168,1.4764625267992457,25.058792231615925,3.910256198347411,44.0,140.0
성동구,성동,Happy 101,1,저위험군,37.54788162,127.0446543,203946.0528,449819.3213,29.37942155,-4.951913300156495,28.079017418611137,4.352749313536374,44.0,140.0
성동구,성동,모노성수,1,저위험군,37.53295666,127.0586998,205188.2766,448163.5149,28.47342561,0.16290643535572968,22.83575854919698,3.6773072265807416,44.0,140.0
성동구,행당동,한양 스테이,1,저위험군,37.55387875,127.0418048,203693.946,450484.815,32.85502502,0.565050633167985,25.59090527276677,4.538440537612387,44.0,140.0
성동구,성동,메종 아미,1,저위험군,37.54470296,127.0401487,203548.0465,449466.3489,33.27161475,-1.3550631674807008,28.188701739576054,4.44035682611086,44.0,140.0
성동구,성동,오늘도 성수,1,저위험군,37.53647605,127.0610843,205398.7754,448554.2581,22.1206161,-7.294598801403552,23.30208601215326,3.770587610678068,44.0,140.0
성동구,마장동,Joony stay,1,저위험군,37.56032254,127.0384639,203398.4478,451199.8731,20.45941434,0.10439804214060544,23.110991165448443,4.508546775149451,44.0,140.0
성동구,송정동,루프하우스,1,저위험군,37.54816492,127.067404,205956.3994,449851.9623,17.98744218,-1.7605614876346358,23.17119545683686,3.9404314982815216,44.0,140.0
성동구,성동,제이드하우스,1,저위험군,37.55333507,127.0236551,202090.2205,450423.9146,11.52159054,-7.485043424087893,22.208479041107605,5.42389557804547,44.0,140.0
성동구,행당동,코지네스트,1,저위험군,37.5582965,127.0391251,203456.9594,450975.0308,24.7547898,3.943602784960788,23.904221048067036,4.577917057777368,44.0,140.0
성동구,사근동,사근마을호텔,1,저위험군,37.55790398,127.0445062,203932.4405,450931.6772,32.72346023,0.12172384494226662,24.85221602731527,4.454982233536592,44.0,140.0
성동구,성동,메종 아미 포레스트 하우스,1,저위험군,37.54482069,127.0395361,203493.9066,449479.3926,33.30587023,-1.2221820192490327,27.99447239557834,4.4670956195783305,44.0,140.0
성동구,성동,트리앤브리즈,1,저위험군,37.54374138,127.0424997,203755.8599,449359.7165,39.58316341,4.359801321636553,28.81896463217943,4.3388083537010775,44.0,140.0
성동구,성동,내러티브 스테이,1,저위험군,37.54397631,127.0405192,203580.8243,449385.7136,22.71026889,-1.7866108994169885,28.417644051700638,4.40688265821936,44.0,140.0
성동구,성동,J&J House,1,저위험군,37.54342548,127.0425909,203763.9408,449324.6591,31.02576522,5.02121421194769,28.92916956163001,4.328649804997184,44.0,140.0
성동구,성동,성수 비스타,1,저위험군,37.5440746,127.0428985,203791.0865,449396.7159,38.81169317,3.818123017199298,28.823743334102193,4.333707313583821,44.0,140.0
성동구,성동,금향 게스트 하우스,1,저위험군,37.54451743,127.0400558,203539.8499,449445.7538,33.33814195,-1.3394835111972867,28.24327643866818,4.437855129353052,44.0,140.0
성동구,행당동,Seras House,1,저위험군,37.55162087,127.032048,202831.9058,450233.8787,22.07394064,0.6243327784508423,24.29899324982448,4.826832165783376,44.0,140.0
마포구,연남동,더에이치하우스,1,저위험군,37.55853746,126.9181086,192764.3708,451004.207,18.79631231,-1.3098902532430685,24.1838055296844,4.813994933993865,44.0,140.0
마포구,합정동,스티치스 게스트하우스,1,저위험군,37.54758308,126.9090558,191963.3254,449789.1369,33.82989945,0.4902833921757903,25.319754670206184,4.644363537676059,44.0,140.0
마포구,당인동,콤마,1,저위험군,37.54346057,126.9200801,192937.1482,449330.7028,32.82927435,0.3359184697361215,25.977747452703383,4.084836287639961,44.0,140.0
마포구,당인동,편안한 숙소,1,저위험군,37.54354839,126.9194189,192878.7218,449340.4996,31.95268296,0.04732803934696861,25.96587542713337,4.096537107905115,44.0,140.0
마포구,서교동,스테이온 3,1,저위험군,37.55347564,126.9267082,193523.7668,450441.7779,16.60893395,-5.032623135541659,24.0381968784768,3.603079406286272,44.0,140.0
마포구,합정동,빌라드소앙,1,저위험군,37.54506383,126.9162096,192595.2509,449508.943,20.65644199,-1.9926815999375336,26.15332972167982,4.192613750603074,44.0,140.0
마포구,합정동,모던하우스,1,저위험군,37.54260262,126.9116767,192194.4071,449236.1452,32.19541149,-0.3777870900639755,26.254676718265344,4.357967613527229,44.0,140.0
마포구,합정동,오손도손 스테이,1,저위험군,37.54797387,126.9098183,192030.7468,449832.445,31.5460016,-0.12059473472765703,24.89436747638872,4.6302631245673975,44.0,140.0
마포구,연남동,챨리하우스,1,저위험군,37.55662292,126.9199454,192926.4864,450791.5759,36.04931534,5.978765094283769,23.25263216325929,4.53841754491878,44.0,140.0
마포구,연남동,봉봉하우스,1,저위험군,37.56153185,126.9227788,193177.2903,451336.1997,24.76105218,-2.3092293630273915,30.185464628447225,4.763728782413516,44.0,140.0
마포구,서교동,OBJECT APARTMENT HAUS,1,저위험군,37.55422988,126.9121681,192239.0421,450526.5906,26.11848895,2.6939897819801253,21.307112441261488,5.076998161375664,44.0,140.0
마포구,창전동,신촌연트럴2,1,저위험군,37.55086054,126.9321552,194004.8654,450151.1717,33.11000715,4.273697756206694,23.863598517292253,3.429744080217103,44.0,140.0
마포구,망원동,아이엠하우스,1,저위험군,37.55346886,126.9026851,191401.0209,450442.9517,21.55006001,-1.207797732127549,26.100557154574666,5.0253740465701116,44.0,140.0
마포구,합정동,스테이 휴가,1,저위험군,37.54646263,126.9094982,192002.3011,449664.7427,32.0576487,-0.6578903049236118,25.622814058990997,4.560048167885004,44.0,140.0
마포구,성산동,성산스테이,1,저위험군,37.55746845,126.9090032,191959.733,450886.2994,31.23537446,0.6676308895447072,22.759695238132018,5.338466703392529,44.0,140.0
마포구,노고산동,스테이 올리브,1,저위험군,37.55124925,126.9397075,194672.2554,450193.8591,33.4144223,1.080288810154748,23.524651971717613,3.6026469985151697,44.0,140.0
마포구,동교동,듀이하우스,1,저위험군,37.55807387,126.9253232,193401.7869,450952.2231,25.06343946,-6.35680362584775,24.76176563219338,4.392890930476004,44.0,140.0
마포구,합정동,K-WAVE 게스트하우스,1,저위험군,37.54461991,126.9171261,192676.1963,449459.6015,22.53846679,-0.7176051267501364,26.01899595930391,4.153746736662034,44.0,140.0
마포구,신수동,독막스테이,1,저위험군,37.54730719,126.9359036,194335.822,449756.5602,16.43800162,-4.3602877285361785,23.14269575504358,3.6434374283589555,44.0,140.0
마포구,상암동,트리 하우스,1,저위험군,37.57511896,126.8937197,190611.535,452846.7173,31.7061433,10.51796493498226,24.025748949585843,4.642030614562595,44.0,140.0
마포구,성산동,소프트서울1,1,저위험군,37.56069441,126.9160215,192580.1814,451243.7657,28.18350152,-5.836750537688786,25.370708167814318,5.048402701175439,44.0,140.0
마포구,연남동,체리쉬,1,저위험군,37.557447,126.919423,192880.4071,450883.0785,36.36507584,5.631210732181106,23.860738113151818,4.6563601064007845,44.0,140.0
마포구,동교동,블루밍,1,저위험군,37.55626175,126.9249582,193369.3742,450751.1249,28.00141816,7.62014647376666,23.122316682347872,4.191597920197861,44.0,140.0
마포구,연남동,디어스유,1,저위험군,37.56212272,126.9245244,193331.57,451401.654,41.7187429,4.083913712527433,29.36570919166357,4.71715375293663,44.0,140.0
마포구,합정동,쥬쥬하우스,1,저위험군,37.54410147,126.9158666,192564.8392,449402.1598,31.04891812,-1.217254871821222,26.052455810945908,4.20962755612323,44.0,140.0
마포구,망원동,캐럿 하우스,1,저위험군,37.55179084,126.9007444,191229.3473,450256.8907,36.40772619,1.4297153010354577,26.71361341252605,4.975755179586301,44.0,140.0
마포구,합정동,이즈와이합정,1,저위험군,37.54805079,126.9083459,191900.6426,449841.108,21.16896533,-1.0278889871721653,25.331473304487954,4.712548440965115,44.0,140.0
마포구,연남동,시와 하우스,1,저위험군,37.55817241,126.9183776,192788.1088,450963.6701,36.20734806,5.083008196022632,24.075705738013404,4.775261503856958,44.0,140.0
마포구,도화동,칼로달,1,저위험군,37.53663316,126.9478625,195391.9679,448571.2194,35.14543248,4.342982605551928,26.49147097357426,3.114831067750719,44.0,140.0
마포구,합정동,스테이 헤리티지 합정,1,저위험군,37.54785015,126.9098314,192031.8922,449818.7124,31.1388611,-0.33830567008694246,24.960377569560865,4.621142443418043,44.0,140.0
마포구,합정동,Artravel Hongdae Apartment,1,저위험군,37.54422132,126.9185974,192806.1818,449415.2492,32.15945479,0.22209951450694376,25.978795835518497,4.1096967978669365,44.0,140.0
마포구,창전동,나리스테이 창전,1,저위험군,37.5508026,126.9322169,194010.3147,450144.7372,33.86028091,5.050147901351245,23.83319319579858,3.4326608332255177,44.0,140.0
마포구,연남동,씨유 하우스,1,저위험군,37.56055478,126.924005,193285.5418,451227.6681,36.59843141,10.809978849895494,28.637549850540164,4.6608873513124145,44.0,140.0
마포구,동교동,루다 게스트하우스,1,저위험군,37.55445803,126.9203636,192963.2344,450551.2675,35.81796352,6.198149363818281,22.281648940340492,4.186086742618123,44.0,140.0
마포구,노고산동,스테이 위드 신촌,1,저위험군,37.55212789,126.9327811,194060.2686,450291.7927,15.81319408,-5.902343272637447,24.02570368905304,3.4730762529987267,44.0,140.0
마포구,합정동,YS 하우스,1,저위험군,37.54382768,126.9160224,192578.5869,449371.7601,31.13260649,-1.0940353743567997,26.020502536888863,4.204493762680207,44.0,140.0
마포구,연남동,홍대 애비뉴,1,저위험군,37.55655572,126.9198066,192914.2115,450784.128,27.01869658,6.530861933609685,23.26351586272553,4.540784730630962,44.0,140.0
마포구,동교동,라니규방,1,저위험군,37.55451078,126.9208334,193004.7506,450557.087,18.66559114,-9.341645857322707,22.131449214780236,4.166599758702068,44.0,140.0
마포구,상암동,JUNI STAY DMC,1,저위험군,37.57304016,126.8956362,190780.5807,452615.8046,26.6366165,5.810477412737349,24.011571164204998,4.714672934636406,44.0,140.0
마포구,연남동,보니따하우스,1,저위험군,37.55968955,126.9238645,193273.0467,451131.6478,21.74980745,-3.462766117727476,27.73376441936239,4.609852842218999,44.0,140.0
마포구,합정동,파라솔스테이,1,저위험군,37.54478171,126.9113434,192165.1868,449478.0255,33.20195598,0.6323221358814592,26.11684957025178,4.411854604896216,44.0,140.0
마포구,상수동,송버드 스테이,1,저위험군,37.54458626,126.9193821,192875.5666,449455.6934,34.68475694,1.8819792747214024,26.02859285051347,4.078541149023757,44.0,140.0
마포구,동교동,로브그리에 연남,1,저위험군,37.55674531,126.9245896,193336.8473,450804.8204,27.17492282,6.721050820921665,23.07030920788085,4.280274714713617,44.0,140.0
마포구,동교동,가온,1,저위험군,37.55408436,126.9204607,192971.7775,450509.7873,27.75838751,-0.5066115383297713,22.311594127891325,4.106141657963493,44.0,140.0
마포구,동교동,몬데이크래커 홍대,1,저위험군,37.55771848,126.9253749,193406.3218,450912.7754,26.03277513,-4.631093628622693,24.24004114094583,4.3519717695533435,44.0,140.0
마포구,도화동,휘스테이 101,1,저위험군,37.53642473,126.9476436,195372.6144,448548.097,29.69490727,5.0372048409494745,26.494871001588994,3.1121463584336153,44.0,140.0
마포구,상수동,홍대 라라스테이,1,저위험군,37.54324251,126.9230776,193202.023,449306.2798,32.4536408,0.6569035796466203,25.929944689948513,4.046403953647143,44.0,140.0
마포구,당인동,럭키하우스,1,저위험군,37.5431696,126.9195277,192888.3018,449298.4503,23.40562037,-0.3111503999517602,25.959299594254944,4.100335310898165,44.0,140.0
마포구,용강동,노렐스테이,1,저위험군,37.53848667,126.9387275,194584.7355,448777.4231,22.32941638,-0.7048235184006373,25.1805690816067,3.701562395544911,44.0,140.0
마포구,상수동,스테이문 상수,1,저위험군,37.5425231,126.9225727,193157.3396,449226.4707,33.37795912,1.2826758590192355,25.93217419850984,4.066074578236207,44.0,140.0
마포구,상수동,스테이지,1,저위험군,37.54378003,126.920578,192981.1744,449366.1217,23.07964404,-0.6176324019470698,26.011116014049485,4.069235363197771,44.0,140.0
마포구,당인동,스페이스랩 상수,1,저위험군,37.54367045,126.9193908,192876.2439,449354.0489,31.85303367,-0.05326316044289925,25.968881207341013,4.095113629339097,44.0,140.0
마포구,연남동,제이케이하우스,1,저위험군,37.55913364,126.9173238,192695.0852,451070.4366,31.80592949,-0.866828731360922,24.34691379000195,4.89582846732025,44.0,140.0
마포구,중동,THE COTILDA MAPO,1,저위험군,37.57060824,126.9023112,191369.9621,452345.2557,28.95427543,-2.3867363118984137,23.953261196952283,5.005003827256371,44.0,140.0
마포구,연남동,Contact house,1,저위험군,37.56079474,126.9169616,192663.2483,451254.8273,16.14477191,-5.20342796228762,25.513483151662626,4.983560696979298,44.0,140.0
마포구,연남동,호연 홈스테이,1,저위험군,37.56022198,126.9233146,193224.512,451190.7808,34.5141282,-1.0416992990975942,28.904621200278154,4.671829895450609,44.0,140.0
마포구,동교동,로하 하우스,1,저위험군,37.55642533,126.9218482,193094.597,450769.5043,26.73406361,-2.132756393780987,22.664516393593658,4.398136502203856,44.0,140.0
마포구,상암동,스테이 서울하루,1,저위험군,37.57183846,126.8963921,190847.2101,452482.3559,19.65592597,-1.182573517152651,24.004303645724303,4.759431851924381,44.0,140.0
마포구,성산동,은하수와 토끼,1,저위험군,37.56217726,126.9144994,192445.8424,451408.4658,40.75718823,5.540585344822539,25.996470851509876,5.221762986606755,44.0,140.0
마포구,상수동,메리썸머 하우스,1,저위험군,37.54425668,126.9204283,192967.994,449419.0353,31.37042984,-0.6632006887097361,26.039390849482487,4.0609374062511945,44.0,140.0
마포구,합정동,오션하우스2,1,저위험군,37.54788434,126.9061914,191710.2319,449822.8218,32.00011519,-0.8157717350338558,25.950087277970386,4.779844438136159,44.0,140.0
마포구,망원동,망원 스테이올,1,저위험군,37.54982953,126.903783,191497.6258,450038.9296,37.49652476,3.4692367687329693,26.50154850566553,4.921322110806977,44.0,140.0
마포구,성산동,모던 아파트먼트,1,저위험군,37.56015323,126.9164002,192613.584,451183.6713,25.67665799,-1.7530831567145562,24.9917626150462,4.994271291494065,44.0,140.0
마포구,연남동,HOI HOUSE,1,저위험군,37.55773893,126.9244218,193322.112,450915.1124,34.44263719,3.9650415775505294,23.972176974407567,4.40724750832015,44.0,140.0
마포구,연남동,갤러리 하우스,1,저위험군,37.561575,126.9241351,193297.1254,451340.8912,38.41041619,0.8722384766029094,29.282683576591765,4.709380825228633,44.0,140.0
마포구,연남동,소솜 하우스,1,저위험군,37.55854827,126.9236683,193255.6068,451004.9933,30.69928945,-1.2893896801655735,25.248628541086134,4.527181813856317,44.0,140.0
마포구,합정동,파라다이스,1,저위험군,37.54236177,126.9124396,192261.809,449209.3507,32.16674939,-0.3171845542380609,26.214120444676873,4.324372815601136,44.0,140.0
마포구,동교동,아린 하우스,1,저위험군,37.5563295,126.920883,193009.3041,450758.9396,24.66560766,-4.60882002100961,22.82567028557672,4.447792773607782,44.0,140.0
마포구,신공덕동,르샤르망,1,저위험군,37.54248206,126.9542689,195958.4956,449220.0812,25.8902319,-4.242104541882686,25.48851078327974,3.2618389155922944,44.0,140.0
마포구,서교동,블루밍 서교,1,저위험군,37.55204027,126.916758,192644.3981,450283.201,26.36651615,-2.34641115871187,22.257268238843878,4.336160678810968,44.0,140.0
마포구,동교동,체크인서울,1,저위험군,37.55479986,126.921012,193020.5571,450589.1582,25.78511047,-2.5072421576718433,22.205368485402012,4.198273003761453,44.0,140.0
마포구,동교동,스텔라 마리스,1,저위험군,37.55530782,126.9210888,193027.3896,450645.53,17.00506661,-2.3669398042099417,22.31397057937743,4.283154518368904,44.0,140.0
마포구,연남동,K1 HOUSE,1,저위험군,37.56026546,126.9267857,193531.1992,451195.362,24.47405997,-0.6315946264411494,27.229085081717887,4.49811433494175,44.0,140.0
마포구,망원동,망원스테이 아띠,1,저위험군,37.55084052,126.9033358,191458.2245,450151.178,33.336145,-0.6218614065375903,26.5761914353154,4.958244459635985,44.0,140.0
마포구,망원동,스테이 망원,1,저위험군,37.55328001,126.9082826,191895.6124,450421.4943,32.55706816,2.1359626394074347,22.950494057263995,5.061139888038474,44.0,140.0
마포구,노고산동,코지M,1,저위험군,37.55097672,126.9385416,194569.21,450163.6782,19.30095878,-1.7712011672112524,23.495907859183248,3.5873245465414754,44.0,140.0
마포구,상수동,남키빌라,1,저위험군,37.54432824,126.9207093,192992.83,449426.9566,33.05164383,0.9072034585348021,26.05524363293285,4.053336660603968,44.0,140.0
마포구,서교동,몽이하우스,1,저위험군,37.55046159,126.9128607,192299.8571,450108.2985,23.43153435,-5.495874205651564,21.18269000067547,4.627424216630855,44.0,140.0
마포구,연남동,더블라썸1,1,저위험군,37.56023771,126.9236108,193250.677,451192.5053,26.66714541,1.2104773016216548,28.657081763513137,4.659426640861117,44.0,140.0
마포구,연남동,올리브 스테이,1,저위험군,37.5568182,126.9198003,192913.6832,450813.2606,33.62416062,3.852725200320478,23.388534244946115,4.56985601779142,44.0,140.0
마포구,망원동,데이오프 스테이 망원,1,저위험군,37.55291482,126.9004174,191200.579,450381.6697,18.01262965,-4.400428721510096,26.53750324885919,4.997347883655843,44.0,140.0
마포구,상수동,서강채,1,저위험군,37.54261941,126.9224613,193147.5043,449237.168,23.29237362,0.0978330309141704,25.941536106320473,4.065754693192319,44.0,140.0
마포구,염리동,스테이모모,1,저위험군,37.54484319,126.9449149,195131.9924,449482.5812,22.98822895,-4.7040615907656615,22.62402519725347,3.5284338545396294,44.0,140.0
마포구,합정동,루프탑 풀 스테이,1,저위험군,37.54336191,126.9147365,192464.9011,449320.1675,20.08986872,-2.251385240618877,26.078883248467243,4.251106986915629,44.0,140.0
마포구,상암동,해온스스테이,1,저위험군,37.57526313,126.8957036,190786.8095,452862.5221,13.09871135,-7.736785480687976,24.003587579988217,4.68900649877776,44.0,140.0
마포구,공덕동,리스테이,1,저위험군,37.54461901,126.9580433,196292.1679,449457.1012,26.35310972,3.131531627469485,25.26222293260765,3.338326057016502,44.0,140.0
마포구,상수동,리본 스테이,1,저위험군,37.54260058,126.9226708,193166.0172,449235.0629,31.56148946,0.16855036164911752,25.92934977413474,4.064110695037669,44.0,140.0
마포구,도화동,헤이븐 스테이,1,저위험군,37.53873689,126.952679,195817.7829,448804.4825,30.16387404,5.707524041582886,26.24462482590285,3.1449506071457547,44.0,140.0
마포구,서교동,매종드웨이브,1,저위험군,37.5535603,126.9273069,193576.6775,450451.1331,27.67130199,6.546894516079874,24.261701152333465,3.6113345646521466,44.0,140.0
마포구,당인동,레인보우플래닛,1,저위험군,37.54356393,126.919016,192843.1112,449342.255,31.87199014,-0.3647936915392975,25.958763354809392,4.105398684520161,44.0,140.0
마포구,망원동,오브스테이,1,저위험군,37.55474097,126.9008877,191242.3516,450584.3067,24.74626083,1.5144735414884565,25.99275493961605,5.048270965074033,44.0,140.0
마포구,상암동,조선캄,1,저위험군,37.57561109,126.8952131,190743.5199,452901.1899,13.80792913,-6.991804346790682,24.0078123114207,4.6705862425237745,44.0,140.0
마포구,성산동,한스테이1,1,저위험군,37.5567045,126.9146257,192456.454,450801.044,30.31998886,0.05358299466247729,23.18079146852175,5.024504003317463,44.0,140.0
마포구,합정동,하루자기 게스트하우스,1,저위험군,37.54716717,126.9093433,191988.6817,449742.9513,29.77438546,-2.2635656061266225,25.423305340599313,4.604995660618426,44.0,140.0
마포구,상암동,더 씬 서울 상암(DMC),1,저위험군,37.57380901,126.896324,190841.4328,452701.0709,22.6170918,1.7552916324167853,23.998464372747137,4.715623196851122,44.0,140.0
마포구,상수동,예원,1,저위험군,37.54320378,126.9216751,193078.0804,449302.0836,32.53409905,0.5455901297673833,25.992168821226972,4.0623603845943,44.0,140.0
마포구,동교동,MAMA HOUSE,1,저위험군,37.55611798,126.9208943,193010.2775,450735.4626,15.60978049,-4.440524634212499,22.70562815948468,4.419645881206785,44.0,140.0
마포구,동교동,MJ 하우스,1,저위험군,37.55620485,126.920996,193019.2761,450745.0966,24.48442461,-4.664587391742177,22.73356051751948,4.424821248689819,44.0,140.0
마포구,합정동,세컨드 홈,1,저위험군,37.54466303,126.9112247,192154.6845,449464.8633,22.63452213,-0.699678063610726,26.12805245781677,4.413793292650868,44.0,140.0
마포구,상수동,페퍼 하우스,1,저위험군,37.54291957,126.9219816,193105.1366,449270.5172,21.64808775,-1.0978921253586726,25.97276704869804,4.064511448181064,44.0,140.0
마포구,동교동,Little Forest,1,저위험군,37.55701656,126.9243382,193314.6573,450834.9438,19.62841739,-0.8994407271350617,23.174015734974393,4.328894843980717,44.0,140.0
마포구,노고산동,파크 스테이,1,저위험군,37.55143937,126.9380468,194525.5181,450215.0555,29.7173345,0.9499968247900625,23.53424813790599,3.577933058523527,44.0,140.0
마포구,연남동,THE ONSIL,1,저위험군,37.56198661,126.922076,193115.2351,451386.7239,40.51330325,3.4379574155632113,30.044155072318524,4.807318829390594,44.0,140.0
마포구,망원동,엔에이치엠 컴퍼니,1,저위험군,37.55329905,126.8985675,191037.1667,450424.4894,31.33371744,7.17958522518607,26.623210675521513,5.000406853869924,44.0,140.0
마포구,서교동,홈어웨이프럼홈 망원,1,저위험군,37.55540253,126.9111683,192150.8204,450656.8238,29.91701091,-0.7050328253133671,21.807802269939145,5.2244056018094716,44.0,140.0
마포구,망원동,호시간,1,저위험군,37.55089001,126.9026141,191394.4507,450156.7366,34.40468712,-0.012010876081831157,26.6314242597129,4.962321566977039,44.0,140.0
마포구,당인동,스테이 상수,1,저위험군,37.5431798,126.9194051,192877.4636,449299.5916,23.3891009,-0.32354952708705653,25.95651105372373,4.1027704350651195,44.0,140.0
마포구,연남동,옐로우 하우스,1,저위험군,37.55912011,126.9172113,192685.143,451068.9437,31.52490609,-1.4149901610865925,24.344205087706555,4.903447628160282,44.0,140.0
마포구,대흥동,관숙,1,저위험군,37.54607987,126.9423903,194908.9694,449619.9714,24.31636209,4.7417859771202835,22.838434423468843,3.634894753618567,44.0,140.0
마포구,상암동,Janet's House,1,저위험군,37.57272948,126.8968475,190887.5446,452581.2046,19.04072551,-1.5475641831129323,23.992699580592657,4.739522407038459,44.0,140.0
마포구,동교동,DW Design Residence 3,1,저위험군,37.55563064,126.919847,192917.6918,450681.452,31.62301679,2.1195221581486123,22.85998049357828,4.422323759306487,44.0,140.0
마포구,동교동,바로아토 2호점,1,저위험군,37.55592673,126.9208634,193007.5355,450714.2384,25.89072135,-4.2074915408005396,22.623473128040153,4.3953552120790365,44.0,140.0
마포구,동교동,감자 게스트하우스,1,저위험군,37.55391652,126.9285444,193686.0497,450490.5854,24.26572661,1.707335759591178,24.67324387946713,3.6472785748424115,44.0,140.0
마포구,동교동,JJ게스트하우스,1,저위험군,37.55779436,126.9251377,193385.3755,450921.2138,26.30138273,-4.517023491456278,24.30636001889617,4.37403499418671,44.0,140.0
마포구,마포동,한강 게스트하우스,1,저위험군,37.53330588,126.9446088,195104.1802,448202.0966,22.26356548,-2.041045273461151,26.435079905882763,3.1532504879656624,44.0,140.0
마포구,창전동,아트하우스,1,저위험군,37.5482083,126.931095,193910.9602,449856.8731,21.02002662,0.020478703072743798,23.49652763950456,3.580687382505137,44.0,140.0
마포구,서교동,나모하우스,1,저위험군,37.55306493,126.9242411,193305.7313,450396.3668,26.46924073,-2.1830188123718663,23.296344386139396,3.62848957775677,44.0,140.0
마포구,서교동,마이게스트하우스,1,저위험군,37.55402287,126.9107795,192116.3215,450503.7305,14.71915083,-3.9057978459177605,21.588042825219567,5.110156430492749,44.0,140.0
마포구,합정동,KS guest house,1,저위험군,37.54525628,126.9156598,192546.6821,449530.3461,30.78174199,6.761467701411835,26.236762388916862,4.220199927225391,44.0,140.0
마포구,당인동,홍대 하우스,1,저위험군,37.54434588,126.9193062,192868.8336,449429.0199,24.4400658,0.8924224524125357,26.001911783533416,4.085001048918518,44.0,140.0
마포구,서교동,Mark's Guest House,1,저위험군,37.55311872,126.9181888,192770.9389,450402.7851,27.92955903,-0.8448296248558549,22.726420629625835,4.210484985501324,44.0,140.0
마포구,서교동,Mei House,1,저위험군,37.55358297,126.9173253,192694.6812,450454.378,20.79823095,1.1730820045218664,22.545546507009554,4.39049052892333,44.0,140.0
마포구,연남동,MINT HOUSE(박하집),1,저위험군,37.56315011,126.9197024,192905.6289,451516.0353,31.24763505,4.308944730142258,28.529613519565732,4.934828488436109,44.0,140.0
마포구,성산동,애플트리(Apple tree),1,저위험군,37.55542606,126.9104449,192086.9032,450659.496,31.02884821,-0.01882167396573564,21.942653776420798,5.234218780347021,44.0,140.0
마포구,서교동,해피 네스트,1,저위험군,37.55188301,126.9170249,192667.968,450265.7262,25.30837248,-3.671770965869019,22.435230887593207,4.279927965612622,44.0,140.0
마포구,동교동,딸기핑크게스트하우스,1,저위험군,37.55729396,126.9241101,193294.5356,450865.7482,20.8502196,0.37164329150196096,23.388152512554118,4.374221830397002,44.0,140.0
마포구,망원동,우먼하우스,1,저위험군,37.55297041,126.8999137,191156.0762,450387.8868,23.43524754,0.8375802928220324,26.56789631226896,5.000962449675132,44.0,140.0
마포구,연남동,로운하우스,1,저위험군,37.56011826,126.9235666,193246.7618,451179.251,26.73944292,1.2652371959073818,28.56970399871981,4.6537348325692935,44.0,140.0
마포구,합정동,ATTY Stay 2,1,저위험군,37.54248908,126.9128059,192294.1887,449223.4505,31.39327036,-0.882330826001688,26.192797795765664,4.3133972968341,44.0,140.0
마포구,상암동,제이시 스테이,1,저위험군,37.57593507,126.8945803,190687.6628,452937.2105,21.17144585,0.00411207008751191,24.01197664832054,4.653600285561605,44.0,140.0
마포구,연남동,blossom Yeonnam 11,1,저위험군,37.5583029,126.918541,192802.5589,450978.1404,20.3436952,-0.624128135308375,24.193363788103504,4.774036270446992,44.0,140.0
마포구,도화동,피올라 스테이 마포,1,저위험군,37.53591455,126.9496329,195548.4042,448491.3772,21.32986595,-3.032733756445314,26.56189004570007,3.061789322377305,44.0,140.0
마포구,도화동,스테이도화 301,1,저위험군,37.53687049,126.9481754,195419.6417,448597.5448,33.85886692,2.966025327837606,26.493066472225,3.1199394245552803,44.0,140.0
마포구,도화동,까사데컴,1,저위험군,37.53820576,126.9526977,195819.405,448745.5328,25.67320055,2.0552639409135622,26.331013210293904,3.1230188534484475,44.0,140.0
마포구,연남동,트윈 캣츠 게스트하우스,1,저위험군,37.55672701,126.9198866,192921.2946,450803.1331,35.09799174,5.417157924485011,23.32081846861619,4.553470845095012,44.0,140.0
마포구,도화동,제로워터스테이 마포역점,1,저위험군,37.53550027,126.9481019,195413.0617,448445.4708,14.17026329,-10.339427612458033,26.549069906544798,3.0659778381792426,44.0,140.0
마포구,신수동,SG Stay,1,저위험군,37.54743382,126.9357116,194318.8708,449770.6262,24.10569603,-4.166977679080791,23.145558010702118,3.6357063635233073,44.0,140.0
마포구,신수동,페타,1,저위험군,37.54346829,126.9382828,194545.7914,449330.348,30.73302697,2.4988421946006945,22.951878491646646,3.7457540846975217,44.0,140.0
마포구,망원동,홍홍스테이,1,저위험군,37.55162805,126.9033178,191456.7194,450238.586,18.65359512,-3.8621777974640743,26.52754147050838,4.987460989150711,44.0,140.0
마포구,상암동,더 다올,1,저위험군,37.57267982,126.8959707,190810.0832,452575.7783,19.82626129,-0.9863129942069762,24.0076704349283,4.728976472110605,44.0,140.0
마포구,연남동,더 코너하우스,1,저위험군,37.56124789,126.9225271,193155.0206,451304.7018,30.74478185,3.5432597892377977,30.214618360443833,4.7601601587997,44.0,140.0
마포구,서교동,마포 파노라마스테이,1,저위험군,37.55349893,126.9119346,192218.3381,450445.4832,22.80751373,4.762400342039875,21.27753175465855,5.023495085431463,44.0,140.0
마포구,서교동,서울스테이 홍대,1,저위험군,37.55333034,126.9271033,193558.6636,450425.6242,28.61285696,6.51042215228799,24.359692216323168,3.5660681624286656,44.0,140.0
마포구,도화동,네버랜드 테라스,1,저위험군,37.53564868,126.9478092,195387.2018,448461.9568,25.13975896,0.513671807557909,26.540062972420312,3.078340179413049,44.0,140.0
마포구,동교동,Fave stay,1,저위험군,37.55334205,126.9233017,193222.7483,450427.1911,22.55478055,2.225877840352009,22.519036836327246,3.7100667019402285,44.0,140.0
마포구,동교동,조이스테이,1,저위험군,37.55647455,126.9217505,193085.9636,450774.9743,26.63325655,-2.39768043514848,22.69500384670915,4.410961042990047,44.0,140.0
마포구,서교동,홍대 율 게스트하우스,1,저위험군,37.55118382,126.9165485,192625.8041,450188.1617,28.60530642,0.03900630155829532,22.2198893572423,4.262780375553253,44.0,140.0
마포구,연남동,Parkside house,1,저위험군,37.56270749,126.9203046,192958.7921,451466.8644,20.281272,-5.6220376311103095,28.896425169501512,4.896489284776593,44.0,140.0
마포구,연남동,아로마 하우스,1,저위험군,37.55983706,126.9240527,193289.6848,451148.0063,36.82530411,2.142379643858348,27.81800004131953,4.611057528248837,44.0,140.0
마포구,동교동,다올2,1,저위험군,37.55659421,126.9236591,193254.616,450788.1165,22.35748213,-6.712986378858513,22.75410361609255,4.318582855963875,44.0,140.0
마포구,서교동,H.Studio,1,저위험군,37.54917142,126.9210564,193023.9531,449964.4654,30.33916158,5.307400041146309,27.31050498432291,3.727835668345858,44.0,140.0
마포구,도화동,IN_Ja house2,1,저위험군,37.53670464,126.9488208,195476.6734,448579.1063,30.00940477,4.641622537940023,26.60237150325971,3.1021591385124316,44.0,140.0
마포구,연남동,Luna Guest House,1,저위험군,37.55738006,126.9195353,192890.3234,450875.6404,24.77245443,4.850217265189794,23.803430944491872,4.64366130235549,44.0,140.0
마포구,망원동,STAY 1977,1,저위험군,37.55054982,126.9027528,191406.6679,450118.9669,35.16529385,0.32008170227832267,26.63763369373104,4.941546086176896,44.0,140.0
마포구,합정동,하우스 386,1,저위험군,37.54827327,126.9101068,192056.2713,449865.6503,35.42696024,2.876966670845256,24.60889230366766,4.6349122669836555,44.0,140.0
마포구,연남동,레드스톤 스테이,1,저위험군,37.55702093,126.9191346,192854.8832,450835.8116,10.77507251,-9.134918046639195,23.734941875730286,4.634469109896806,44.0,140.0
마포구,망원동,망원도우너,1,저위험군,37.55202823,126.905483,191648.0937,450282.8067,34.27999251,0.6308043360790947,25.993643022845447,5.006206193338297,44.0,140.0
마포구,도화동,피스오브도화,1,저위험군,37.53641988,126.9475298,195362.5553,448547.5643,29.67890891,5.036223848846252,26.48182378915001,3.1154837833303697,44.0,140.0
마포구,용강동,스페이스 용강,1,저위험군,37.53926469,126.9384258,194558.126,448863.7913,30.30104535,0.22425076334883798,24.81677441481148,3.7299507044605926,44.0,140.0
마포구,성산동,미스 미,1,저위험군,37.56272168,126.9043229,191546.7932,451469.7567,19.35611598,-11.506253979478753,23.343118987869726,5.332001502336423,44.0,140.0
마포구,신공덕동,더모먼트 공덕,1,저위험군,37.54088689,126.9565741,196162.1357,449042.9402,35.8131496,5.224446115319779,25.96412700057035,3.161884574344935,44.0,140.0
마포구,신수동,모터사이클 다이어리,1,저위험군,37.54323324,126.9346695,194226.4491,449304.4761,16.13244187,-3.7573617728214046,23.037642285158185,3.8140514045328913,44.0,140.0
마포구,상수동,Stay Ju,1,저위험군,37.54304281,126.9225357,193154.1137,449284.1549,31.93559144,0.263368325514886,25.950273514780267,4.057511044267072,44.0,140.0
마포구,성산동,성산동스테이,1,저위험군,37.55892185,126.907579,191834.057,451047.7324,23.37664026,4.168692336971553,23.006762583597393,5.36688860311488,44.0,140.0
마포구,성산동,제청당,1,저위험군,37.55643619,126.914584,192452.7424,450771.2681,15.72991855,-4.3028376107661686,23.09376633197966,5.007559284529043,44.0,140.0
마포구,동교동,와이하우스,1,저위험군,37.55583645,126.9207068,192993.6891,450704.2301,13.98343899,-5.993729732562212,22.662287246881657,4.392631662241865,44.0,140.0
마포구,동교동,그로브 하우스,1,저위험군,37.5557562,126.9220229,193109.9673,450695.226,24.20891425,4.800801134115304,22.309179767094207,4.293791263370044,44.0,140.0
마포구,서교동,라미하우스,1,저위험군,37.55352464,126.918689,192815.1725,450447.799,23.31181116,4.127194393784794,22.734019731273133,4.19040500831397,44.0,140.0
마포구,연남동,레스트 연남,1,저위험군,37.5604589,126.9240837,193292.4805,451217.0209,36.55302861,10.93862020635223,28.506354520325083,4.65125725975296,44.0,140.0
마포구,망원동,주나하우스,1,저위험군,37.55076046,126.9016656,191310.6272,450142.4453,28.17190924,4.7307888046005075,26.680744364255823,4.954023353015408,44.0,140.0
마포구,상암동,GlobeNest,1,저위험군,37.57392704,126.8959873,190811.702,452714.2037,19.99973455,-0.47549856692706527,24.002707582498154,4.700263025281284,44.0,140.0
마포구,성산동,마포테라스하우스,1,저위험군,37.56061517,126.9059164,191687.3428,451235.8167,19.51948536,0.8348420391363796,23.183556667449235,5.382732993018385,44.0,140.0
마포구,서교동,Park's cozy place,1,저위험군,37.5502364,126.9132802,192336.9053,450083.2708,27.53181221,-0.20433567303639677,20.883587354673733,4.561477646609057,44.0,140.0
마포구,서교동,와이제이그린하우스,1,저위험군,37.55298533,126.9243484,193315.2002,450387.5245,18.38412321,-2.709367966520986,23.412393220941098,3.603801148933461,44.0,140.0
마포구,서교동,Calm&Jay,1,저위험군,37.54976964,126.9148403,192474.7123,450031.34,17.38025287,-1.42969822498506,21.428090057157803,4.3577549423878965,44.0,140.0
마포구,당인동,스테이 여백,1,저위험군,37.54347928,126.9199572,192926.2835,449332.7886,31.4925515,-0.3525229243856671,25.97512620021749,4.086550848223158,44.0,140.0
마포구,용강동,희담스테이,1,저위험군,37.53906797,126.9386199,194575.2679,448841.9465,31.07664821,0.6353406550428211,24.95511303767608,3.7167503679247513,44.0,140.0
마포구,용강동,마포 BNB 트립,1,저위험군,37.53956824,126.9365011,194388.0446,448897.5947,19.90197113,-0.7637666262068166,23.94469717216677,3.82381959161815,44.0,140.0
마포구,상암동,PNP House,1,저위험군,37.57282212,126.8968022,190883.5594,452591.491,18.95366429,-1.588023226637823,23.99325574110087,4.736089292472582,44.0,140.0
마포구,서교동,Bari stay,1,저위험군,37.55510514,126.9105786,192098.6848,450623.8665,14.42592235,-4.335624650610164,21.83439105538988,5.205369054350528,44.0,140.0
마포구,성산동,Dear You Stay,1,저위험군,37.56196252,126.9144194,192438.7508,451384.6386,37.14318296,3.8310789502763285,25.87251551887244,5.225592224913873,44.0,140.0
마포구,서교동,오크하우스,1,저위험군,37.54876241,126.9166302,192632.7817,449919.4078,26.43914154,6.006928135426179,23.2451685876688,4.163379832858734,44.0,140.0
마포구,동교동,파크뷰 스테이,1,저위험군,37.55374108,126.9285871,193689.8141,450471.1108,20.76993914,-0.9013222812085502,24.731375700895743,3.6127535616134363,44.0,140.0
마포구,도화동,페이보 마포,1,저위험군,37.5366893,126.9472992,195342.1857,448577.478,27.56704402,3.165360238891193,26.450128803758105,3.132476084393945,44.0,140.0
마포구,합정동,스테이 로뎀 (안),1,저위험군,37.54405815,126.9125784,192274.2452,449397.6169,30.73277218,7.297600550732472,26.322445188114187,4.340692302139706,44.0,140.0
마포구,합정동,하우스 제이제이,1,저위험군,37.54973871,126.9077308,191846.4699,450028.5,38.26245015,6.187333363712668,25.294264459726392,4.8547702622990565,44.0,140.0
마포구,상수동,Anne stay,1,저위험군,37.54358569,126.9216146,193072.77,449344.4754,21.19208022,-1.3846072121227095,26.011272065976165,4.054851137744187,44.0,140.0
마포구,상암동,영 스테이,1,저위험군,37.57642101,126.893897,190627.3594,452991.2122,21.29378715,0.5975954226803459,24.016719659441446,4.622744339736042,44.0,140.0
마포구,상수동,Hongdae Han River,1,저위험군,37.54234465,126.9248655,193359.9507,449206.5005,25.98415937,-0.4080294749738087,25.76560382627423,4.059284106489634,44.0,140.0
마포구,합정동,CHOI & HAUS,1,저위험군,37.54636516,126.9083444,191900.3259,449654.0235,33.44824194,0.03290310938776031,25.821992473104004,4.609118614152145,44.0,140.0
마포구,망원동,럭스리움,1,저위험군,37.55544104,126.8998035,191146.6362,450662.1077,24.78581413,-1.9053234434385296,25.9095279646039,5.063599300868703,44.0,140.0
마포구,합정동,K-Wave 홍대 부띠크,1,저위험군,37.54488594,126.9171641,192679.5884,449489.1247,23.16533373,0.04734342248854162,26.0549540097458,4.149282981582165,44.0,140.0
마포구,성산동,홍대 스카이 하우스,1,저위험군,37.55768597,126.9136374,192369.2258,450910.0553,20.85447132,2.2986756812509306,23.210577688295853,5.183939142285094,44.0,140.0
마포구,합정동,에이치 스테이,1,저위험군,37.54351819,126.9154426,192527.3107,449337.4564,31.4440909,-0.8239790997544532,26.02758376510908,4.227762875630304,44.0,140.0
마포구,합정동,K&Min's Riverside stay in Hongdae,1,저위험군,37.54407094,126.9172655,192688.4672,449398.6616,21.5822368,-1.6075449342259773,25.95209861899328,4.152833942956761,44.0,140.0
마포구,연남동,YN Stay,1,저위험군,37.55952624,126.9173807,192700.1553,451114.0062,18.60089267,-2.110599967926749,24.553898067662487,4.909376675502128,44.0,140.0
마포구,중동,다올 하우스,1,저위험군,37.5654964,126.9104681,192090.0249,451777.1831,38.33927137,3.772700919059659,25.360665286269857,5.542609783288098,44.0,140.0
마포구,서교동,아르떼 스테이,1,저위험군,37.55460718,126.9109587,192132.2182,450568.567,12.5523166,-5.258577118618264,21.623573464432397,5.1522242134632386,44.0,140.0
마포구,노고산동,Stay Wood,1,저위험군,37.55137091,126.9390334,194612.7,450207.4003,17.19501881,-11.50254007698707,23.53505868357108,3.594038444557395,44.0,140.0
마포구,공덕동,유성스테이,1,저위험군,37.54688979,126.9625785,196693.0539,449708.9612,24.48086608,2.3406293887275105,24.445145618286528,3.707096863948825,44.0,140.0
마포구,동교동,윤이네,1,저위험군,37.55746684,126.9242267,193304.8465,450884.9275,19.9508693,-0.47092610917644606,23.61901869855256,4.387088419442678,44.0,140.0
마포구,공덕동,스테이 디아츠,1,저위험군,37.54544059,126.9588364,196362.2981,449548.2557,23.77191044,1.1557662283800099,25.133664152603753,3.4020237897120804,44.0,140.0
마포구,합정동,Zen's House,1,저위험군,37.54769777,126.9089212,191951.4414,449801.8776,30.14614272,-1.9644900045732214,25.29645133344892,4.658946630338036,44.0,140.0
마포구,연남동,연남민박 1971,1,저위험군,37.56105059,126.9230431,193200.5974,451282.7663,42.60627067,4.566306406344275,29.811551389835547,4.7302841299653595,44.0,140.0
마포구,신수동,제이비 스테이,1,저위험군,37.54722267,126.9356561,194313.945,449747.1944,26.08411334,-2.1753588407868953,23.120171937293755,3.6443465875430823,44.0,140.0
마포구,당인동,비비르 스테이 홍대,1,저위험군,37.54363907,126.9191746,192857.1398,449350.5825,31.186834,-0.721127609778339,25.96279891466452,4.100456886775902,44.0,140.0
마포구,연남동,세미콜론 하우스,1,저위험군,37.56311652,126.9205908,192984.1167,451512.2405,42.39064608,5.620161693027008,29.15094122857576,4.898749646212509,44.0,140.0
마포구,연남동,홍대 HK 스테이,1,저위험군,37.55750071,126.91914,192855.4017,450889.0611,38.38176335,6.226035470062648,23.955293796783884,4.677971589559981,44.0,140.0
마포구,동교동,서교스테이,1,저위험군,37.55681929,126.923472,193238.1036,450813.1111,26.7971344,-2.2497498189707095,22.78889308587489,4.356699241031164,44.0,140.0
마포구,창전동,마포 아라 스테이,1,저위험군,37.54458151,126.9300076,193814.5685,449454.4142,30.08817185,0.7734243552528319,23.313253309599865,3.8253432104667167,44.0,140.0
마포구,서교동,서교 짱구하우스,1,저위험군,37.55005794,126.9130636,192317.7416,450063.4816,5.720826547,-12.2389390045162,21.14024478555472,4.560830735095717,44.0,140.0
마포구,성산동,코지인서울,1,저위험군,37.56197617,126.9145398,192449.3951,451386.1439,37.03676217,3.781730374461887,25.902343682545485,5.213889549998432,44.0,140.0
마포구,연남동,영미하우스,1,저위험군,37.55770396,126.9245633,193334.6106,450911.2211,18.86658404,-2.4304002518014016,23.983594075376253,4.395071238954246,44.0,140.0
마포구,상암동,Roommate in DMC,1,저위험군,37.57397809,126.893773,190616.1064,452720.0885,31.2058324,6.0104058438566135,24.032062507461564,4.6644983690810475,44.0,140.0
마포구,노고산동,신촌 힐링 스테이,1,저위험군,37.55162244,126.9401348,194710.0419,450235.2546,29.5788145,0.8401601264757019,23.556814695628592,3.6075022338143214,44.0,140.0
마포구,서교동,365 Stay,1,저위험군,37.55067906,126.9152516,192511.1556,450132.2419,14.04344111,-4.819043822506178,21.496985003941226,4.384987150372609,44.0,140.0
마포구,노고산동,코지하우스,1,저위험군,37.55127482,126.9398439,194684.3129,450196.6893,32.99693563,2.915324757607749,23.525996903167158,3.604262163749913,44.0,140.0
마포구,망원동,어반 오아시스,1,저위험군,37.55114662,126.9034784,191470.8586,450185.1385,35.44690511,-1.9888085466487482,26.569290448773934,4.97358027780807,44.0,140.0
마포구,서교동,바이 리틀 클라우드,1,저위험군,37.55111615,126.915764,192556.4723,450180.713,21.12490948,2.526339727452651,21.833891059066133,4.372017028726396,44.0,140.0
마포구,상수동,Ella House,1,저위험군,37.54363872,126.9214664,193059.6734,449350.3721,21.12409776,-1.4563940133884898,26.016295049186926,4.056289859512287,44.0,140.0
마포구,상수동,상수하우스,1,저위험군,37.5435241,126.9232158,193214.268,449337.5229,32.32957744,0.48644203988949286,25.935216002343832,4.039323227641931,44.0,140.0
마포구,망원동,스테이 마포,1,저위험군,37.55080616,126.9031387,191440.8055,450147.3823,33.17195657,-0.8040005528096685,26.597291017366775,4.95612941796057,44.0,140.0
마포구,상암동,J-Park Story DMC,1,저위험군,37.57356624,126.8956935,190785.71,452674.1878,26.90119131,5.969581480719576,24.006768949282005,4.7025242525925774,44.0,140.0
마포구,연남동,연남숲길스테이,1,저위험군,37.56160664,126.9192207,192862.923,451344.7647,24.61012158,0.46040233295772737,27.51437195216849,4.898539420476952,44.0,140.0
마포구,망원동,밍글스,1,저위험군,37.55243772,126.9003296,191192.7655,450328.7255,36.08140022,2.242607918283369,26.670717952620336,4.990282570265282,44.0,140.0
마포구,망원동,굿스테이,1,저위험군,37.55706457,126.9037609,191496.4915,450841.9349,21.79772496,0.6005406573616945,24.58003749121478,5.173049114360247,44.0,140.0
마포구,노고산동,ISM,1,저위험군,37.55124052,126.938071,194527.6481,450192.9842,31.17556579,2.380150316666004,23.513183495383558,3.578571190953865,44.0,140.0
마포구,도화동,레스팅 스테이,1,저위험군,37.535708,126.9495876,195544.3846,448468.4548,19.74164375,-4.649629913000055,26.58784272016762,3.0580008310221465,44.0,140.0
마포구,서교동,윤스테이,1,저위험군,37.55028336,126.9135435,192360.1716,450088.4614,27.54153734,-0.16513473191499628,20.947187683542694,4.540235179193862,44.0,140.0
마포구,성산동,메종 서울,1,저위험군,37.55765594,126.906788,191764.0255,450907.3004,16.62925958,-1.6909719147610893,23.014775661097453,5.276600144998941,44.0,140.0
마포구,도화동,온화당,1,저위험군,37.53559198,126.947431,195353.7699,448455.6824,30.64633672,6.154188915267746,26.510375092317293,3.0862672130955926,44.0,140.0
마포구,합정동,세레노아 합정,1,저위험군,37.5430541,126.9124777,192265.2494,449286.1878,22.08403434,-1.2661898594218854,26.277002106180788,4.331845805964655,44.0,140.0
마포구,당인동,히든 홍대,1,저위험군,37.5437997,126.919366,192874.0645,449368.396,32.27343123,0.3672508175777409,25.971212613528607,4.093425332794996,44.0,140.0
마포구,염리동,스테이 이화 202,1,저위험군,37.5529098,126.9461834,195244.6011,450377.813,38.59147188,9.716734301923463,23.48210369601114,3.622144035421292,44.0,140.0
마포구,노고산동,스테이 업 데즐링,1,저위험군,37.55075789,126.9376585,194491.1541,450139.4421,26.60237932,-2.2350105582294155,23.473434923781454,3.570571981212182,44.0,140.0
마포구,합정동,고즈넉,1,저위험군,37.54357228,126.9163496,192607.4731,449343.388,22.18981829,-1.083820382138839,25.97053303748627,4.191238278381737,44.0,140.0
마포구,망원동,코지스테이 망원점,1,저위험군,37.55122548,126.9019431,191335.1989,450194.0314,33.35849099,-0.5092451629063248,26.669696895997035,4.964582326154815,44.0,140.0
마포구,도화동,에이치스테이,1,저위험군,37.53542613,126.9497177,195555.8657,448437.1646,26.30749309,1.761933222104659,26.63715863701148,3.0451223113537185,44.0,140.0
마포구,당인동,민트컨디션,1,저위험군,37.54346019,126.9193624,192873.7158,449330.7148,31.33260655,-0.5740131301390967,25.963216283229606,4.099243475670473,44.0,140.0
마포구,합정동,더마포,1,저위험군,37.54237489,126.9122201,192242.4092,449210.8249,22.07706862,-1.0410931551394675,26.231441715295652,4.334219592658107,44.0,140.0
마포구,연남동,마루_연남,1,저위험군,37.56297014,126.9212497,193042.322,451495.945,16.99938855,-8.322382125119589,29.606400898960533,4.8732552316352304,44.0,140.0
마포구,연남동,수리르스테이,1,저위험군,37.55732438,126.9188253,192827.5805,450869.5145,18.92007636,-2.3019376311801167,23.937005310551726,4.682277933250271,44.0,140.0
마포구,도화동,CNI Company,1,저위험군,37.53515511,126.9477836,195384.9106,448407.1778,20.3977127,-4.075756684869262,26.512994805240904,3.066197958658898,44.0,140.0
강서구,등촌동,HOmestay in Seoul,1,저위험군,37.55889289,126.840328,185892.0277,451052.4866,16.08038742,-6.583854351764828,24.863342089996536,3.725255346469692,44.0,140.0
강서구,염창동,블랙션샤인,1,저위험군,37.54838569,126.8646689,188041.0087,449882.9371,17.85442485,-2.6623355066169196,23.661760671872166,3.667600691421653,44.0,140.0
강서구,공항동,THANK YOU STAY,1,저위험군,37.55444927,126.81041,183247.5902,450564.2083,30.27317236,-0.5856656174792327,25.017313371396636,3.923656597578044,44.0,140.0
강서구,공항동,센티멘탈 버스,1,저위험군,37.55765102,126.8089697,183121.0456,450919.8226,19.51888209,-3.0156861683730583,25.14945688807598,3.931192079505664,44.0,140.0
강서구,공항동,온기,1,저위험군,37.55195845,126.8144999,183608.4399,450287.0356,19.26592712,-2.9665472640031787,24.82901091577932,3.903601756463776,44.0,140.0
강서구,등촌동,스테이 등촌,1,저위험군,37.55246999,126.8587784,187521.1554,450337.0113,19.66462203,-2.6581012568556304,24.426771405167433,3.5020777044569478,44.0,140.0
강서구,방화동,제니스하우스,1,저위험군,37.5748683,126.8178945,183913.3236,452829.1762,27.38746269,4.9111572179519065,25.59528470597615,3.9287148863369783,44.0,140.0
강서구,공항동,드림하우스,1,저위험군,37.5553957,126.8097598,183190.3529,450669.3669,19.29602462,-2.3560808346068356,25.063458486640247,3.926803920710307,44.0,140.0
강서구,공항동,하우스공감 스테이,1,저위험군,37.55474504,126.8098202,183195.5464,450597.1405,18.32285068,-3.2651205777594683,25.03990926022759,3.926167265544807,44.0,140.0
강서구,화곡동,화곡동 하우스(Hwagok-dong House),1,저위험군,37.52763269,126.8577205,187423.5054,447580.513,18.84265243,-0.5422550232432428,21.891688285105147,3.7102193534728296,44.0,140.0
강서구,염창동,유오스테이,1,저위험군,37.54834791,126.8693837,188457.6449,449878.1547,15.38552534,-4.341665555243425,22.93471662950156,3.837649953593792,44.0,140.0
강서구,공항동,플라이 서울,1,저위험군,37.55381292,126.8102038,183229.2337,450493.6177,30.06912257,-0.566395840249303,25.000273421119036,3.9231547384796497,44.0,140.0
강서구,화곡동,Stay #101,1,저위험군,37.54275653,126.834733,185394.521,449262.397,30.33644322,-0.2791176243465472,25.12016421503128,3.7572759131225686,44.0,140.0
강서구,화곡동,라곰스테이,1,저위험군,37.52957349,126.8594079,187572.9825,447795.6936,29.06284152,1.7847433284602907,21.784835083783236,3.7215391493227328,44.0,140.0
강서구,가양동,미리내Stay,1,저위험군,37.56869584,126.8396489,185833.8761,452140.602,25.79873468,3.3673277009381195,24.878245351384756,3.7416980191960163,44.0,140.0
강서구,등촌동,공항에서 가까운 아파트,1,저위험군,37.55298103,126.8595117,187586.039,450393.6336,20.84896834,-1.1311009823763882,24.317690474686216,3.514351492625267,44.0,140.0
강서구,염창동,안밤,1,저위험군,37.54714287,126.8678301,188320.1694,449744.6016,35.81447133,7.128331528357329,23.174776037935068,3.7681928557020905,44.0,140.0
강서구,공항동,에어리인(Airy Inn),1,저위험군,37.55659423,126.8083139,183062.8642,450802.6492,20.974373,-0.6231675731022435,25.128079244614987,3.9318914221532935,44.0,140.0
강서구,등촌동,등촌 Stay 48,1,저위험군,37.55270133,126.8582166,187471.5488,450362.7621,16.95651985,-4.488685041220535,24.468253127244125,3.4798267884452585,44.0,140.0
강서구,염창동,Dawn Stay,1,저위험군,37.54736153,126.8680874,188342.9402,449768.8383,26.725849,5.891335797560135,23.143236165759124,3.7768796781853062,44.0,140.0
강서구,화곡동,소담스레,1,저위험군,37.52736614,126.8614165,187750.1665,447550.4415,22.9649706,-4.408422055387774,21.711653725410425,3.7687949581962683,44.0,140.0
강서구,등촌동,디렉터 하우스,1,저위험군,37.54931594,126.8642955,188008.1645,449986.2313,23.13738875,-6.085744903230321,23.739347365668145,3.650338944977252,44.0,140.0
강서구,화곡동,호호집,1,저위험군,37.5287975,126.8527734,186986.4192,447710.4655,8.752704142,-10.13545358948855,22.15492464099657,3.6381340029806952,44.0,140.0
강서구,화곡동,안나 스테이,1,저위험군,37.52551906,126.8444709,186251.9484,447347.7803,27.63808245,-0.2306207801590432,22.426589086109246,3.590402465490195,44.0,140.0
강서구,등촌동,회랑정,1,저위험군,37.55227847,126.8587615,187519.6284,450315.7571,17.31349994,-4.273356350762256,24.44200982422147,3.5039057863752148,44.0,140.0
강서구,화곡동,Romg Stay,1,저위험군,37.53609871,126.8444631,186253.2007,448521.9927,25.45575666,4.635226929936888,23.184098001607346,3.6143616267861196,44.0,140.0
강서구,공항동,수 코지 스테이(Soo Cozy Stay),1,저위험군,37.55607372,126.8101848,183228.0589,450744.5433,18.58816963,-3.1642309776308366,25.077388725006887,3.925462112023019,44.0,140.0
강서구,화곡동,혜성,1,저위험군,37.53025651,126.8491553,186666.8676,447872.9044,29.19412761,9.731711820349663,22.30215468711151,3.5769794035195583,44.0,140.0
강서구,공항동,사랑방스테이,1,저위험군,37.5564618,126.8103309,183241.056,450787.5895,25.90643119,3.471247664184034,25.087103793432437,3.9250363556791057,44.0,140.0
강서구,공항동,라인스테이,1,저위험군,37.55197601,126.8160621,183746.4819,450288.7134,18.09659602,-3.2545737688892267,24.777795788534746,3.897377884960216,44.0,140.0
강서구,방화동,Cozy Room(코지룸),1,저위험군,37.57800431,126.811759,183372.0254,453178.3059,25.93493303,2.5939377634111587,25.634371099426833,3.9551592589372175,44.0,140.0
강서구,화곡동,미소스테이,1,저위험군,37.53000695,126.8604525,187665.3859,447843.6648,30.43307594,10.992435569727796,21.722324828644325,3.732646922031435,44.0,140.0
강서구,공항동,스테이 하루담,1,저위험군,37.55205856,126.818436,183956.2683,450297.4676,24.02078419,1.921146501187792,24.685362135423063,3.8873469978167314,44.0,140.0
강서구,화곡동,Stay in Seoul,1,저위험군,37.541487,126.8388389,185757.1405,449120.8646,18.39381066,-4.739899976555531,25.401755487672744,3.7103336534938234,44.0,140.0
강서구,공항동,The Nest Stay,1,저위험군,37.55579463,126.8091062,183132.6906,450713.7606,21.27165258,-1.163062321211605,25.08939996023152,3.929128449588145,44.0,140.0
강서구,공항동,공감나눔NO.1,1,저위험군,37.55246778,126.8132482,183497.9457,450343.7842,31.19721742,0.3861366442037877,24.884633665065135,3.9099382619953036,44.0,140.0
강서구,화곡동,스테이진25,1,저위험군,37.55093993,126.851404,186869.2637,450168.1973,28.32132069,5.562807894600088,25.182458388353446,3.528980278435262,44.0,140.0
강서구,등촌동,솔온스테이,1,저위험군,37.54933962,126.8637457,187959.5786,449988.9298,27.67367935,6.731431669494462,23.82699753851145,3.6336759114080475,44.0,140.0
강서구,화곡동,오동나무,1,저위험군,37.53049314,126.8467547,186454.7218,447899.5105,18.16170511,-1.995060183939298,22.417354889214728,3.571332429024667,44.0,140.0
강서구,화곡동,인터하우징,1,저위험군,37.52754144,126.859258,187559.3926,447570.1809,18.8238496,-0.41848646124214284,21.808124686590247,3.735487085109902,44.0,140.0
강서구,공항동,마실(Masil),1,저위험군,37.55422875,126.8106866,183271.987,450539.6839,31.49671706,0.6536055511209327,25.003649064280285,3.9222714774156118,44.0,140.0
강서구,공항동,공항 STAY,1,저위험군,37.55265579,126.8166372,183797.4482,450364.0616,21.39849997,-0.9551585562717442,24.77665757334741,3.8970269339021417,44.0,140.0
강서구,공항동,스테이솔라,1,저위험군,37.55435617,126.8117715,183367.8752,450553.6335,29.10015988,-1.2536461512951043,24.98264987990549,3.9189920268256078,44.0,140.0
강서구,화곡동,쏘스테이,1,저위험군,37.52852779,126.8436331,186178.4441,447681.8349,21.37621806,1.4921282561776223,22.50467104826396,3.595845703958246,44.0,140.0
강서구,공항동,스테이 현재,1,저위험군,37.5526725,126.8171306,183841.0494,450365.8313,20.84713162,-1.404606718427921,24.758031050151054,3.8950246198649046,44.0,140.0
강서구,공항동,DADA STAY,1,저위험군,37.55101942,126.8167005,183802.6893,450182.433,19.1858636,-2.954827542262695,24.729611913550983,3.8921523138492096,44.0,140.0
강서구,방화동,지구플레이스,1,저위험군,37.56466815,126.8064238,182897.7028,451699.1025,20.31484759,-1.8694022979418996,25.359443683545127,3.947424927229987,44.0,140.0
강서구,화곡동,화곡 Song.Stay,1,저위험군,37.54071243,126.8361979,185523.5891,449035.3,20.46156761,-2.093920859711389,24.83966975778413,3.736731528762508,44.0,140.0
강서구,공항동,Sarangbang Stay,1,저위험군,37.55716239,126.8082455,183056.9526,450865.7206,19.89314003,-2.0902339686363334,25.1463517772883,3.9322378826182036,44.0,140.0
영등포구,여의도동,63House,1,저위험군,37.51794347,126.936319,194370.3267,446497.5244,30.87715754,3.783253540361841,28.375617727804396,3.850555337368668,44.0,140.0
영등포구,(당산동,스테이 로라,1,저위험군,37.52027213,126.8966903,190867.2655,446759.0856,19.80211378,-0.08527080471203874,23.58084882949422,5.377250428735987,44.0,140.0
영등포구,신길동,웨스트 서울 모던스테이,1,저위험군,37.49441931,126.9145775,192445.9173,443888.1672,30.90470433,2.1033898372506243,22.392817825101297,4.341585460066755,44.0,140.0
영등포구,도림동,지니 숙박,1,저위험군,37.50592267,126.9023018,191361.6746,445165.9474,39.94464066,5.892450415351959,26.89604853309641,4.763559594709482,44.0,140.0
영등포구,(당산동,다온 영등포,1,저위험군,37.5207155,126.895808,190789.3224,446808.3801,16.50052585,-3.4663991861040913,23.82030019402167,5.36455905936635,44.0,140.0
영등포구,(양평동,YR HOUSE,1,저위험군,37.53772987,126.8941701,190646.6569,448696.9265,24.14167297,-4.462726997283948,21.01248738244567,5.053634974461771,44.0,140.0
영등포구,(당산동,안온(anon),1,저위험군,37.52047952,126.8961085,190815.8598,446782.1599,19.57330509,-1.1788122668714571,23.748178848846912,5.367940367144087,44.0,140.0
영등포구,도림동,Son,1,저위험군,37.50577721,126.9002935,191184.0901,445149.9895,28.75800821,-4.369342535733061,27.058967259924263,4.746526515061856,44.0,140.0
영등포구,(당산동,소담스테이,1,저위험군,37.51921779,126.8973514,190925.5748,446642.0031,25.09407896,6.484268018853971,23.3449876419106,5.385698047247591,44.0,140.0
영등포구,신길동,오늘스테이,1,저위험군,37.49701707,126.9134118,192343.0955,444176.5789,31.7121684,0.6768571695559942,23.117267433100636,4.416935081675087,44.0,140.0
영등포구,(당산동,느릿스테이,1,저위험군,37.52065164,126.8990555,191076.3972,446800.9795,12.1252119,-7.934330605391381,22.83958413772646,5.400956529774027,44.0,140.0
영등포구,(당산동,한리버파크 비앤스테이,1,저위험군,37.5321911,126.9028386,191412.1451,448081.364,20.51939107,2.04751757490979,20.55087825310289,5.375562984953649,44.0,140.0
영등포구,도림동,정담,1,저위험군,37.50493209,126.8974919,190936.2716,445056.4581,32.48793199,-1.628747681754831,27.013656598954675,4.686177260890263,44.0,140.0
영등포구,(양평동,선앤유1002,1,저위험군,37.53359476,126.895767,190787.282,448237.8223,12.1760875,-4.13645127927178,21.094327793603544,5.277001899480391,44.0,140.0
영등포구,신길동,글랜하우스,1,저위험군,37.50517759,126.9159306,192566.6359,445082.0893,24.33248465,2.54088973432491,25.995935260861266,4.781935082460034,44.0,140.0
영등포구,신길동,바오 스테이,1,저위험군,37.50031817,126.9069656,191773.4267,444543.5022,22.17142393,1.011129853821906,25.09345756213422,4.527459237556821,44.0,140.0
영등포구,(당산동,당산스테이,1,저위험군,37.5207481,126.8984325,191021.3366,446811.7446,13.60711064,-4.549678236248861,23.045985522630037,5.395532908825363,44.0,140.0
영등포구,대림동,북스테이 북적북적,1,저위험군,37.48987675,126.9069773,191773.316,443384.6394,18.87220557,1.0172182659748508,21.594249259802385,4.252963951720111,44.0,140.0
영등포구,신길동,파사드하우스,1,저위험군,37.49540574,126.9169686,192657.4602,443997.4588,15.39683198,-3.4428257574114998,22.677567623658085,4.365164192612492,44.0,140.0
영등포구,(당산동,Yeongdeungpo Cozy Stay,1,저위험군,37.51865166,126.8989293,191064.9998,446579.0188,21.79645817,2.1855236336061914,22.914003620666115,5.403547631411982,44.0,140.0
영등포구,신길동,오르빗스테이,1,저위험군,37.49473621,126.906812,191759.2259,443923.9905,23.7986007,-4.618642020878664,22.32858025137474,4.359194990626722,44.0,140.0
서초구,서초동,서초맘 게스트하우스,1,저위험군,37.48340679,127.0065427,200578.6647,442662.515,29.98272619,7.663630523304128,24.840451187398383,3.5621201394522433,44.0,140.0
서초구,반포동,더웨이홈(The Way Home),1,저위험군,37.50260728,127.0217859,201926.3583,444793.7208,31.85360761,2.866386553031628,23.65157628812087,3.520159927919852,44.0,140.0
서초구,서초동,초이스,1,저위험군,37.48304857,127.0070971,200627.7061,442622.7609,19.95154257,-2.3533339599055125,24.77707453362916,3.5451502144561795,44.0,140.0
서초구,방배동,서초그린해피하우스,1,저위험군,37.48115716,126.9975347,199781.9473,442412.8187,18.33460746,-3.961817339031711,25.11111512598136,3.7504977004097064,44.0,140.0
서초구,잠원동,KW신사,1,저위험군,37.50990054,127.0178734,201580.2538,445603.1061,18.07440535,-6.459526554855213,26.650166883345655,3.7217179251043757,44.0,140.0
서초구,반포동,강남교보하우스,1,저위험군,37.50180565,127.0202526,201790.7985,444704.7199,21.46378718,0.2007357969463719,23.55165952213564,3.4997328134058963,44.0,140.0
서초구,반포동,엘스테이,1,저위험군,37.50213292,127.0212759,201881.2809,444741.0626,24.39405674,3.3389375351382604,23.57115112576332,3.502747924035946,44.0,140.0
서초구,서초동,해치스테이,1,저위험군,37.490188,127.0141662,201252.8164,443415.2139,27.67477767,-2.347847161463953,24.43228059267172,3.393307571839881,44.0,140.0
서초구,잠원동,스틸 신사,1,저위험군,37.51096302,127.0151812,201342.2063,445720.986,25.92619902,0.9364891651686982,27.116762429399742,3.7407422969908763,44.0,140.0
서초구,반포동,달고나 스위트,1,저위험군,37.50328188,127.0190271,201682.4017,444868.5398,22.0242686,0.6406608208246212,23.86929151386503,3.6188637664340697,44.0,140.0
서초구,양재동,지원하우스,1,저위험군,37.48037737,127.0384214,203398.3174,442326.9629,22.42076443,0.805356123630272,23.21553681334684,2.4867565948984915,44.0,140.0
서초구,방배동,순꿈하우스,1,저위험군,37.48455785,126.9959742,199643.9462,442790.2549,27.71399807,-3.2108994702172353,25.138308118714686,3.817667982664078,44.0,140.0
서초구,방배동,달빛채,1,저위험군,37.48178547,126.9926725,199351.9087,442482.5751,20.80428509,-2.0953222940748653,25.219020361757952,3.8605412138052206,44.0,140.0
서초구,잠원동,온스테이 잠원,1,저위험군,37.51095866,127.0168459,201489.3858,445720.5271,28.7370928,3.783302048644078,27.1332786894571,3.692032158181037,44.0,140.0
서초구,반포동,더 문,1,저위험군,37.50437864,127.0180299,201594.2079,444990.2487,15.58277067,-6.078593694940894,24.19780604756186,3.754119586444131,44.0,140.0
서초구,반포동,스테이 공유 논현,1,저위험군,37.50264458,127.0199345,201762.6566,444797.8243,12.24082051,-9.411853608599133,23.708332211503425,3.5451909028353215,44.0,140.0
서초구,방배동,천지윤의 서재,1,저위험군,37.49287769,126.9898236,199100.0645,443713.6885,19.87113577,-1.9681761058099063,25.126842076368032,3.9833074701614635,44.0,140.0
서초구,양재동,Sandy black house,1,저위험군,37.47899263,127.0382195,203380.5185,442173.2679,36.18585369,9.047067829720056,23.431232088672516,2.5117687317350126,44.0,140.0
서초구,반포동,더캡슐 반포,1,저위험군,37.50139648,127.0190482,201684.3115,444659.2851,29.46446419,0.17129282151816128,23.557727903037616,3.5376306412542626,44.0,140.0
서초구,우면동,까사드록,1,저위험군,37.47046022,127.0245021,202167.4658,441225.881,21.69434467,-0.23901681612016645,24.541088633978475,2.965978229641848,44.0,140.0
서초구,반포동,제이스테이,1,저위험군,37.50274922,127.0223429,201975.6058,444809.4858,20.81586573,-0.4275061276073657,23.659049171860556,3.5169426351173008,44.0,140.0
서초구,우면동,행복스테이,1,저위험군,37.47011272,127.0244266,202160.7909,441187.3115,25.16258175,3.045255216125252,24.598813775960597,2.968979889303034,44.0,140.0
서초구,서초동,날아오름 스테이,1,저위험군,37.49072234,127.0146512,201295.7,443474.5251,24.56290309,2.55665526733366,24.293730442883792,3.38564192784249,44.0,140.0
서초구,방배동,행복드림,1,저위험군,37.48366818,126.9958925,199636.7116,442691.5136,35.45889838,4.775230226764791,25.160657563195297,3.80929302881455,44.0,140.0
서초구,서초동,다올(DAOL STAY),1,저위험군,37.48700314,127.0101386,200896.6629,443061.6904,28.93949975,-1.050535384278664,24.974344009376857,3.4918326428334745,44.0,140.0
성동구,성동,아이필앳홈,1,저위험군,37.54760491,127.0479523,204237.512,449788.7534,38.60325734,3.1440777640718593,28.950962350170236,4.255931712270436,44.0,140.0
강남구,신사동,문석하우스,1,저위험군,37.51781045,127.0248841,202199.8622,446481.1465,25.64906419,0.48872103794087707,28.083877797394333,3.4978683027138575,44.0,140.0
강남구,역삼동,여운,1,저위험군,37.4889495,127.0323251,202858.7843,443278.1532,11.7748856,-7.1549676685342884,20.53692596450863,2.674888187694589,44.0,140.0
강남구,신사동,핵스,1,저위험군,37.51918378,127.0291096,202573.3707,446633.676,25.46360066,0.40139718517364287,27.293518642986864,3.3545323561064997,44.0,140.0
강남구,일원동,신비하우스,1,저위험군,37.48756492,127.0822744,207276.3538,443127.1717,33.95856939,3.44806516906608,25.77055283239057,3.099606041003452,44.0,140.0
강남구,논현동,르본하우스,1,저위험군,37.50522732,127.0244695,202163.5791,445084.5698,30.01136169,1.0225713589000662,24.003458276392276,3.4384490727884645,44.0,140.0
강남구,삼성동,멜로우 파크사이드,1,저위험군,37.5082253,127.0472843,204180.6793,445418.0762,25.13831622,0.3754195542535115,25.653472061593654,1.3181168562489272,44.0,140.0
강남구,역삼동,어반엑시트(Urban Exit),1,저위험군,37.49935671,127.0331292,202929.4912,444433.2422,12.77567152,-6.573440475722851,21.05776232408113,2.487594329281586,44.0,140.0
강남구,논현동,몽 하우스,1,저위험군,37.50862076,127.0389364,203442.5727,445461.629,12.19042811,-10.219352541673786,23.440360215767654,1.7153456152789652,44.0,140.0
강남구,신사동,더 헤세드 강남,1,저위험군,37.52016566,127.0312254,202760.3754,446742.7123,25.13540938,0.4058984460317703,26.659066218676486,3.327713818498326,44.0,140.0
강남구,역삼동,타쿠네 하우스,1,저위험군,37.49448236,127.0344967,203050.6123,443892.2962,23.82586176,4.784708424310288,20.54072838023265,2.453180655120839,44.0,140.0
강남구,삼성동,스테이 서울풀,1,저위험군,37.51209946,127.0493623,204364.1799,445848.1528,18.56409987,-6.778124985611683,26.235025243609716,1.4605475389120737,44.0,140.0
강남구,논현동,프리시 하우스,1,저위험군,37.51281808,127.020367,201800.6514,445926.9606,16.59946571,-9.2354604780808,28.051982893004798,3.6901745678995517,44.0,140.0
강남구,역삼동,라이언 스테이,1,저위험군,37.50507993,127.0414852,203668.097,445068.7386,17.85443635,-3.9964826359183867,22.70203494198953,1.4166378552482308,44.0,140.0
강남구,역삼동,역삼 스테이,1,저위험군,37.50449677,127.0436122,203856.1979,445004.1004,35.45470369,13.177209303940547,23.06426931975202,1.3095455991382485,44.0,140.0
강남구,역삼동,애플 스테이,1,저위험군,37.4920257,127.0311052,202750.7872,443619.5346,24.44530119,0.377497959134768,19.97127914152748,2.7268935436568142,44.0,140.0
강남구,대치동,퓨어하우스,1,저위험군,37.49544082,127.0549678,204860.8487,443999.5331,27.37992191,2.505150618026768,25.7560468095074,1.4668368629879391,44.0,140.0
강남구,신사동,로데오 원 스테이,1,저위험군,37.52074019,127.0311668,202755.1775,446806.4762,31.61926323,0.08209722338253655,26.66821164256489,3.3896771873483584,44.0,140.0
강남구,신사동,강남 인 하우스,1,저위험군,37.51506078,127.0201613,201782.412,446175.8679,17.182461,-8.740251033851976,28.29263336970764,3.683090130344144,44.0,140.0
강남구,삼성동,고래별,1,저위험군,37.50851652,127.0507584,204487.8218,445450.5579,29.64874106,3.4667856259356284,26.89749230126174,1.2121127526672104,44.0,140.0
강남구,삼성동,업 인 디 에어,1,저위험군,37.51213515,127.0596223,205271.2753,445852.6393,12.89214004,-11.633736935567756,25.616998633143528,1.6149400216707888,44.0,140.0
강남구,논현동,버즈게스트하우스,1,저위험군,37.5079169,127.0338187,202990.1161,445383.3346,23.39880067,1.0320644922417017,23.971275762002996,2.534889244311794,44.0,140.0
강남구,논현동,스테이 지수,1,저위험군,37.5047485,127.0244071,202158.0747,445031.4255,16.58162941,-5.434939456698043,23.902361129497926,3.448062972648557,44.0,140.0
강남구,논현동,메종 184 강남,1,저위험군,37.50371116,127.0254089,202246.6856,444916.3176,22.98726711,1.2656646353733052,23.69487115319732,3.342698663595876,44.0,140.0
강남구,논현동,머뭄,1,저위험군,37.50627772,127.0312039,202758.9877,445201.3268,19.8665333,-2.6486317880858685,24.235875934937184,2.8149405245929766,44.0,140.0
강남구,논현동,조브스테이,1,저위험군,37.50863018,127.0331603,202931.8724,445462.4789,31.2342587,8.950621702122532,24.085595840623654,2.6670311530795643,44.0,140.0
강남구,신사동,더 그레이스,1,저위험군,37.51954018,127.0286078,202528.9946,446673.2183,30.54048966,-1.7976166521414356,27.39460123482074,3.4096004564805606,44.0,140.0
강남구,역삼동,서울스테이2,1,저위험군,37.50389942,127.0423471,203744.3665,444937.7511,18.04563378,-3.585996603633056,22.52964688430455,1.350067193915733,44.0,140.0
강남구,역삼동,헥사 스테이 역삼,1,저위험군,37.49957541,127.0325402,202877.4015,444457.4969,21.13813952,-3.8129295773770373,21.181768428880737,2.553600606453821,44.0,140.0
강남구,역삼동,행복한 하루,1,저위험군,37.49933142,127.0268668,202375.7264,444430.2589,23.03256584,1.8814898734702474,23.04242702274579,3.148054603708316,44.0,140.0
강남구,역삼동,역삼 게하,1,저위험군,37.50255735,127.0417013,203687.3321,444788.7732,23.46453532,2.226522635868175,22.06684181341294,1.4576208495970224,44.0,140.0
강남구,역삼동,여니하우스,1,저위험군,37.49204242,127.0401063,203546.7955,443621.6914,21.98987534,2.160713344687359,21.117868323157637,2.1449840709725336,44.0,140.0
강남구,일원동,까사 레만소,1,저위험군,37.48092916,127.0780795,206905.9661,442390.3742,31.86189055,7.012179356478519,26.532750091254197,2.9025713030565816,44.0,140.0
강남구,일원동,젠 스테이,1,저위험군,37.48820312,127.085375,207550.5061,443198.2477,29.97329291,-0.7047926200044223,25.61949068650261,3.2522671221603203,44.0,140.0
강남구,역삼동,선릉 게스트 하우스 해날,1,저위험군,37.50317601,127.0442466,203912.3588,444857.5392,22.42252516,0.3632453881049571,22.83303936770344,1.2878822520772055,44.0,140.0
강남구,논현동,청화스테이,1,저위험군,37.50729724,127.0399656,203533.6294,445314.7734,21.02884484,-1.311583840162129,23.21535598621087,1.4821186635320054,44.0,140.0
강남구,삼성동,율 스테이,1,저위험군,37.5103692,127.0440541,203894.9683,445655.8831,23.09804432,-0.7444242488685973,24.77755172037477,1.5563968467273528,44.0,140.0
강남구,역삼동,와이 하우스,1,저위험군,37.50323243,127.0433064,203829.2244,444863.7624,12.77586103,-8.745979362448379,22.58531875674142,1.3051235076022445,44.0,140.0
강남구,역삼동,서울스테이 강남,1,저위험군,37.48891081,127.0321964,202847.3976,443273.8552,21.28583763,-3.466794357587755,20.54665019209616,2.680886360691439,44.0,140.0
강남구,역삼동,코맘하우스,1,저위험군,37.49440836,127.0356946,203156.548,443884.1227,19.36221776,0.7683921788070407,20.669671975751285,2.3610273871624603,44.0,140.0
강남구,청담동,미미미 펜트하우스,1,저위험군,37.52108305,127.0403236,203564.6304,446844.8369,16.27622315,-5.362500470650296,24.190682933306377,2.9760148811997027,44.0,140.0
강남구,논현동,에스엔제이,1,저위험군,37.50479472,127.0239581,202118.372,445036.5451,12.24066001,-8.806621840857552,23.917258262979573,3.4773820418903,44.0,140.0
강남구,삼성동,더 레이지 소울,1,저위험군,37.50825042,127.0512902,204534.8634,445421.0497,28.22151448,2.1113821171751965,26.95864506436447,1.2167734871160438,44.0,140.0
강남구,역삼동,다움스테이,1,저위험군,37.49670349,127.0413446,203656.079,444139.0567,22.32968258,1.9838688209566477,21.40164882408103,1.8208946713398744,44.0,140.0
강남구,청담동,청담A하우스,1,저위험군,37.52350713,127.0403411,203566.0568,447113.88,19.94598928,-2.0524443650410724,24.246183267602596,3.379239716962485,44.0,140.0
강남구,논현동,클로버스테이,1,저위험군,37.50534447,127.0278596,202463.3202,445097.6553,26.22072989,4.246121773956261,24.06172753108636,3.137750197158571,44.0,140.0
강남구,삼성동,라라하우스,1,저위험군,37.50834406,127.0509686,204506.4223,445431.4271,29.34332007,3.1191026888831566,26.951549903330022,1.2106068238653012,44.0,140.0
강남구,역삼동,강남미인,1,저위험군,37.50155579,127.0255227,202256.8119,444677.102,16.66897808,-4.560641182378134,23.420650333176614,3.29396972920119,44.0,140.0
강남구,청담동,서울 몽샹,1,저위험군,37.52436708,127.049007,204332.06,447209.6875,24.79988357,-3.75602262880194,23.614319888988682,3.2314615747028226,44.0,140.0
강남구,삼성동,위드하우스,1,저위험군,37.50796554,127.0506587,204479.0414,445389.4014,26.27635205,0.22448352530851423,27.12251285514222,1.2177300751784363,44.0,140.0
강남구,신사동,더 케이스타일,1,저위험군,37.51758003,127.0226668,202003.8545,446455.5232,24.63305914,-1.0881270541965016,28.138734101855093,3.634512414202774,44.0,140.0
강남구,역삼동,잼잼스테이,1,저위험군,37.49201445,127.0412374,203646.8273,443618.6303,13.10129412,-6.306671083297067,21.268139438444294,2.0908090947967635,44.0,140.0
강남구,신사동,가로수길홈스테이,1,저위험군,37.52094846,127.0230574,202038.2947,446829.3849,27.99761213,2.4814692755471377,28.073197469391395,3.722771391087464,44.0,140.0
강남구,논현동,성모의 집,1,저위험군,37.50778742,127.0383407,203389.9449,445369.1173,36.37663186,14.17608293101732,23.294498979535604,1.672865189443379,44.0,140.0
강남구,역삼동,야코리아 강남,1,저위험군,37.50187444,127.0428223,203786.4837,444713.0235,23.86325905,2.6007977609441397,22.137237386858445,1.4069448431623852,44.0,140.0
강남구,청담동,한강,1,저위험군,37.52470414,127.0514467,204547.7001,447247.2121,20.6131051,-0.9309944859086272,23.413673309965468,3.224269532751939,44.0,140.0
강남구,논현동,썬시티 게스트하우스,1,저위험군,37.5128639,127.0200238,201770.3132,445932.0396,22.92856055,-2.391716493723205,28.05283016301384,3.69260658759511,44.0,140.0
강남구,일원동,로즈하우스,1,저위험군,37.48871079,127.0863893,207640.1585,443254.6742,29.88752381,-0.7941018052430202,25.557867322097344,3.2941619469881136,44.0,140.0
강남구,청담동,앤하우스,1,저위험군,37.51883204,127.0467914,204136.512,446595.2678,25.96571345,3.443019067911848,23.99310986788585,2.3229968498238427,44.0,140.0
성동구,성동,루엔성수,1,저위험군,37.5377045,127.0595606,205264.0261,448690.5146,28.66892229,-0.7024216026433301,23.859854628700667,3.8369982607009123,44.0,140.0
강남구,역삼동,강남게스트하우스 마루,1,저위험군,37.50059352,127.0361245,203194.298,444570.6095,19.61607973,-0.22736334132429548,21.010327688192135,2.090667049211439,44.0,140.0
강남구,신사동,세계여행자의집,1,저위험군,37.51602118,127.0198797,201757.4939,446282.4549,26.22565023,-0.7039707475478423,28.290121218127304,3.726919881771059,44.0,140.0
강남구,대치동,서울의 휴일 게스트하우스,1,저위험군,37.49687758,127.0545368,204822.6373,444158.9726,21.28620923,-3.9180433717986816,26.039801709976764,1.3907276536418633,44.0,140.0
강남구,역삼동,홀리하우스,1,저위험군,37.49314893,127.0408985,203616.7976,443744.5297,24.4887755,4.3830954393612025,21.250386837718338,2.0509317761622943,44.0,140.0
강남구,삼성동,이끌라쎄(마가렛 앤드 컴퍼니) [ECLASSE(MarGaret & Company)],1,저위험군,37.50850572,127.0509754,204507.0147,445449.3696,29.61412326,3.4580901986035393,26.88528264952582,1.213797679504296,44.0,140.0
강남구,신사동,빌라서울가로수길,1,저위험군,37.51836479,127.0242154,202140.7303,446542.6558,40.54932813,6.910989574401633,28.13916059002377,3.5355264158625466,44.0,140.0
강남구,논현동,슬로우 아뜰리에,1,저위험군,37.50583714,127.0236642,202092.3527,445152.2338,31.32994727,9.072279480302662,24.24384560232141,3.492992811677497,44.0,140.0
강남구,논현동,시스테이,1,저위험군,37.50841084,127.0390133,203449.377,445438.3334,22.29136273,-3.686485771900923,23.40500056177277,1.6677753867404945,44.0,140.0
강남구,신사동,마이룸 신구,1,저위험군,37.52095387,127.0257248,202274.092,446830.0465,32.60656992,7.591591245276078,27.742221653569313,3.6339765062905065,44.0,140.0
강남구,삼성동,버브,1,저위험군,37.50770744,127.0458103,204050.3825,445360.5359,29.0618394,5.073599065192823,24.947814846034717,1.3556674827024382,44.0,140.0
강남구,삼성동,서프라이즈미 게스트하우스,1,저위험군,37.51048565,127.0551817,204878.7868,445669.3263,26.2815134,1.1013109188502703,26.102625071158858,1.3429390238742804,44.0,140.0
강남구,신사동,로로맨숀,1,저위험군,37.51889711,127.0190425,201683.4144,446601.6315,28.93828122,-5.623701928365868,28.31243216879636,3.793442363068888,44.0,140.0
강남구,삼성동,스위트 삼성,1,저위험군,37.50783384,127.0525769,204648.6475,445374.8774,25.714447,-0.1410808791185687,26.927742605437217,1.2051539361228838,44.0,140.0
송파구,송파동,베러임팩트(BETTER IMPACT),1,저위험군,37.49992597,127.1192142,210541.5801,444502.5833,28.60150286,4.576364812579698,27.315362377854232,4.260906901710339,44.0,140.0
송파구,오금동,블루브릭스 송파,1,저위험군,37.50038009,127.1346045,211902.4026,444554.8198,21.42283411,-1.8408412956409599,27.199477428578454,4.423784884981975,44.0,140.0
송파구,석촌동,호제하우스,1,저위험군,37.50361834,127.1028825,209096.9957,444910.6849,31.01797964,1.6149765385909447,23.939681109602034,3.87411474601028,44.0,140.0
송파구,송파동,온유스테이 Ⅱ,1,저위험군,37.5014519,127.108903,209629.6068,444670.8369,23.04143936,0.5324243960188291,24.943986714184494,4.052882727896755,44.0,140.0
송파구,오금동,메트로하우스,1,저위험군,37.50343875,127.1296404,211462.9859,444893.6755,19.85823397,-3.968630747663063,27.002863866819183,4.357965592744538,44.0,140.0
송파구,문정동,정스테이서울,1,저위험군,37.47791622,127.126368,211177.4389,442060.6147,19.78789596,-4.948847402394122,27.286020154813613,4.396486421789193,44.0,140.0
송파구,풍납동,순스테이,1,저위험군,37.52664323,127.1165356,210301.0516,447467.5645,16.46901788,-6.764246017123874,25.32364494698258,3.8967977381159704,44.0,140.0
송파구,가락동,블리스주주,1,저위험군,37.49396828,127.1339686,211847.1851,443843.1116,14.9079337,-9.177602299896167,27.38402793755021,4.457381989072768,44.0,140.0
송파구,석촌동,번영 101호,1,저위험군,37.49696909,127.0986272,208721.5102,444172.3012,23.24688666,0.9917865580910359,24.530543341938746,3.787355892344979,44.0,140.0
송파구,오금동,애플 하우스,1,저위험군,37.50595758,127.1267985,211211.3287,445172.8911,32.91929364,8.522180407506017,26.654142746590264,4.29739089946937,44.0,140.0
송파구,잠실동,Stay on,1,저위험군,37.5012854,127.0832864,207364.5096,444650.0448,25.27200211,2.8021873827235844,24.412872567659292,3.1786818026576307,44.0,140.0
송파구,가락동,Atelier7419,1,저위험군,37.49376392,127.1200868,210619.6137,443818.7737,18.86616092,-7.2729829757969,28.401304042881506,4.307159639919971,44.0,140.0
송파구,문정동,더아늑하우스(The Anuk House),1,저위험군,37.47739622,127.1258594,211132.5331,442002.8414,34.75816385,0.7552611144284285,27.28301514284892,4.394349745360639,44.0,140.0
송파구,거여동,제이투어스,1,저위험군,37.4933976,127.1445596,212783.8714,443781.1592,15.14018387,-9.659304936374534,27.08600886554914,4.527745879524655,44.0,140.0
송파구,가락동,가락스테이,1,저위험군,37.48944959,127.122639,210845.9385,443340.2304,20.51006313,-5.079054751742575,27.87573119973475,4.353718549967465,44.0,140.0
송파구,석촌동,Yuri Stay,1,저위험군,37.49633185,127.1006177,208897.5995,444101.7621,31.54666832,0.9023772097512897,24.798463942945624,3.8567497334217093,44.0,140.0
송파구,송파동,하우두유두,1,저위험군,37.50579683,127.1065117,209417.615,445152.8263,11.9978392,-8.92053395918377,24.22388984089011,3.9548913995191506,44.0,140.0
송파구,방이동,하루재 잠실,1,저위험군,37.51096815,127.1109062,209805.4987,445727.2258,17.19822348,-4.691818197967351,24.285509805467196,3.9871310204566566,44.0,140.0
송파구,석촌동,라움스테이,1,저위험군,37.4969482,127.0984867,208709.0822,444169.9697,23.25807744,0.9963697784687824,24.53425144752271,3.782529903217536,44.0,140.0
송파구,문정동,체커하우스,1,저위험군,37.48242591,127.1240739,210973.8618,442560.8606,21.02266927,-4.056001351977258,27.416958989939573,4.358935814096817,44.0,140.0
송파구,풍납동,슬로우송파,1,저위험군,37.52541943,127.114364,210109.2575,447331.5022,28.94834132,6.103613271326253,25.20872913901271,3.8673101186954617,44.0,140.0
송파구,석촌동,세렌홈,1,저위험군,37.49648779,127.0980945,208674.4553,444118.8339,32.94555477,2.5688446394687645,24.613805051549853,3.768548225982889,44.0,140.0
송파구,방이동,방이동 파크빌,1,저위험군,37.51024396,127.1124945,209946.0178,445647.0166,13.96863682,-6.963252468597343,24.34498797653209,4.029484951860966,44.0,140.0
송파구,송파동,송파스테이,1,저위험군,37.50587144,127.108059,209554.4148,445161.2631,18.58605829,-3.3402545141630746,24.32469340993924,3.9919786877449823,44.0,140.0
송파구,문정동,아마란스,1,저위험군,37.48038036,127.1289805,211408.1404,442334.4148,24.46873961,1.074742467898865,27.275627269645202,4.414890746247339,44.0,140.0
송파구,송파동,호수빌 스테이,1,저위험군,37.50458482,127.1075446,209509.0972,445018.4126,19.0418479,-2.605061349367954,24.345843880879364,3.994621059932905,44.0,140.0
송파구,송파동,애프터 글로우 서울,1,저위험군,37.49978637,127.1117293,209879.7445,444486.2775,21.76451239,-10.231566992149602,25.798859365037643,4.125243470987451,44.0,140.0
송파구,석촌동,온유,1,저위험군,37.49689946,127.0990468,208758.617,444164.6121,22.7074879,0.4468727079330499,24.58477526809729,3.802133516872176,44.0,140.0
송파구,잠실동,One Stay,1,저위험군,37.5059266,127.0827962,207320.7127,445165.12,15.66764894,-6.337876232105781,23.984167026314196,3.2368943040366234,44.0,140.0
송파구,문정동,주식회사 연당,1,저위험군,37.48576863,127.1135854,210045.7479,442930.6876,25.55710231,0.11300784835517419,27.607708828715843,4.203385664382971,44.0,140.0
송파구,석촌동,잠실하루스테이,1,저위험군,37.49798859,127.0974438,208616.7417,444285.3435,31.36620924,9.328745792647279,24.36381296703562,3.7415808094585072,44.0,140.0
송파구,방이동,잠실 코코네2,1,저위험군,37.50965257,127.1183312,210462.1465,445582.0128,30.07885591,7.480225423742819,25.17223843904028,4.139258544655669,44.0,140.0
송파구,잠실동,더하리 하우스,1,저위험군,37.502375,127.086732,207669.0735,444771.2515,18.94562195,-3.4755711002641725,24.275004716937534,3.3895882872219913,44.0,140.0
송파구,송파동,문경,1,저위험군,37.50661247,127.1099077,209717.7825,445243.6972,30.86866091,0.057599213541191574,24.503232953295328,4.020600389010457,44.0,140.0
송파구,석촌동,Moonlight Stay,1,저위험군,37.49831959,127.0967326,208553.8194,444322.0153,12.62085627,-9.437182691686896,24.32874827008274,3.714692485068222,44.0,140.0
송파구,방이동,All-stay,1,저위험군,37.5097433,127.1183877,210467.1274,445592.0889,29.62157133,7.197270813729677,25.177794318324743,4.139569426646694,44.0,140.0
송파구,석촌동,CITY LAKE,1,저위험군,37.49716668,127.0968463,208564.0,444194.0676,29.59990516,-0.1911124765459391,24.492332467853984,3.721814459742385,44.0,140.0
송파구,방이동,Space Hue,1,저위험군,37.50394558,127.1211289,210710.3108,444948.9245,40.23395823,7.246158694753973,26.496481147765017,4.244881020625027,44.0,140.0
송파구,잠실동,Jamsil Stay,1,저위험군,37.51249423,127.0940771,208317.4196,445894.9806,23.20650335,0.9067924217425904,23.743742970910294,3.5353487474789875,44.0,140.0
송파구,신천동,나루홈스테이,1,저위험군,37.51778563,127.1053596,209314.2597,446483.3163,18.67092917,-2.965823442915209,24.36431895270024,3.742645921007149,44.0,140.0
송파구,문정동,102stay,1,저위험군,37.47732883,127.125678,211116.4935,441995.3405,33.97529523,0.3220556109466628,27.283649005384703,4.393190403220858,44.0,140.0
송파구,잠실동,Stay agio seoul,1,저위험군,37.50252774,127.0810872,207169.9297,444787.7587,25.72071051,3.225359696588857,24.35148086488055,3.089431089170673,44.0,140.0
송파구,문정동,코지,1,저위험군,37.48586194,127.122181,210805.9436,442941.9957,16.07570363,-7.672022471962826,27.604665858063193,4.335144830935475,44.0,140.0
송파구,방이동,스테이 쉼,1,저위험군,37.51087884,127.111174,209829.1882,445717.3414,17.11883623,-4.684171810602269,24.33166568123175,3.99483261037516,44.0,140.0
강남구,논현동,달고나 스위트 강남,1,저위험군,37.50589337,127.0238059,202104.8792,445158.4777,36.65255895,7.273531418900667,24.247983810941598,3.47614518126593,44.0,140.0
강남구,논현동,하나,1,저위험군,37.50556308,127.0289889,202563.1636,445121.9483,20.64016345,-1.7172050826657888,24.1517603136083,3.039682874036603,44.0,140.0
강남구,삼성동,히든 스테이 강남 (코엑스),1,저위험군,37.5132008,127.0598533,205291.6204,445970.9259,23.68820118,-4.42939796921852,25.44964422931573,1.7294257771508457,44.0,140.0
강남구,논현동,강남 옥토 게스트하우스,1,저위험군,37.50635882,127.0240457,202126.0714,445210.1421,23.00762864,0.9799155160098714,24.38707145394438,3.434948804286183,44.0,140.0
강남구,역삼동,센트럴 강남,1,저위험군,37.50520739,127.0414339,203663.5584,445082.883,19.73634464,-2.146871257644367,22.72933292113527,1.4083173942364469,44.0,140.0
마포구,서교동,스테이 정,1,저위험군,37.55405869,126.9120884,192231.9819,450507.5972,33.98315135,5.353627371206883,21.28311674908538,5.066913667959534,44.0,140.0
마포구,당인동,상수르르,1,저위험군,37.54445335,126.919013,192842.9372,449440.97,24.81210065,1.0091141551192884,25.998047713409065,4.091937970814232,44.0,140.0
강서구,내발산동,인 웨스트,1,저위험군,37.55160503,126.8365762,185559.1263,450244.1899,26.71932243,-4.162539433347128,24.936617147518096,3.7590053337576044,44.0,140.0
종로구,체부동,깐부스테이 서울,1,저위험군,37.57441728,126.9704929,197393.4105,452763.9383,31.865692,2.115934422015819,25.67974438381345,2.8334689226794296,44.0,140.0
강남구,역삼동,더 화이트 하우스,1,저위험군,37.50437903,127.0421906,203730.5056,444990.9755,22.40732687,0.692070436772859,22.626532074937163,1.393520022448807,44.0,140.0
용산구,이태원동,남산뜰,1,저위험군,37.54219602,126.9891027,199036.943,449187.4073,22.61466207,0.42034343526638196,25.87978086190759,4.1424065539190735,44.0,140.0
종로구,행촌동,"스테이 종로, 209",1,저위험군,37.5705938,126.9603658,196498.6267,452339.9055,23.53562266,-4.888866720332711,24.899483830257125,2.4312426799707616,44.0,140.0
용산구,용문동,"머물다, 효창",1,저위험군,37.53520596,126.960994,196552.4935,448412.2553,36.14097656,5.329024544372174,26.738398151970305,2.888611565550975,44.0,140.0
성동구,응봉동,"헤이, 월드 스테이",1,저위험군,37.54961579,127.0301211,202661.7048,450011.2826,34.30919693,2.760169936095508,24.538815621716783,4.88038124617307,44.0,140.0
마포구,창전동,"쉬다, 가게",1,저위험군,37.54425563,126.9292727,193749.6014,449418.294,24.3901292,-4.891581899819169,23.680816754230214,3.863010479149681,44.0,140.0
마포구,중동,"안녕,서울",1,저위험군,37.57023396,126.9026097,191396.29,452303.6876,32.48833827,0.9872735269598181,23.949008308964988,5.027104316318264,44.0,140.0
마포구,상암동,"Haru Stay, DMC",1,저위험군,37.57568157,126.8950305,190727.3984,452909.0303,23.01408296,-7.508028693800124,24.008914730708618,4.6631416246693576,44.0,140.0
마포구,공덕동,"Hey, SEOUL Stay",1,저위험군,37.54492318,126.9551612,196037.483,449490.978,29.02944055,-1.2668633435228749,25.074608889156856,3.357127326863039,44.0,140.0
서초구,서초동,"오롯, 쉼 in 서초",1,저위험군,37.48365895,127.007311,200646.6202,442690.5064,23.29274963,1.6943993279943044,24.810814488323032,3.545154242983328,44.0,140.0
서초구,서초동,"쉼,102",1,저위험군,37.4837826,127.0264725,202341.347,442704.5339,27.90345115,1.6893953755071998,22.114907748533295,2.9067607285940076,44.0,140.0
송파구,풍납동,"팡파르, 송파",1,저위험군,37.52718567,127.116866,210330.1777,447527.8048,33.64920108,10.602056204276547,25.348379785871327,3.898270388776241,44.0,140.0
종로구,당주동,SOUNDS INN GWANGHWAMUN,2,고위험군,37.56859605,126.9747495,197769.2539,452117.7398,43.75873477,3.6509717121015655,40.61913983744114,3.9886606910197537,43.0,435.0
종로구,묘동,킴스텔코리아 종로점,2,고위험군,37.57078678,126.9906847,199177.0643,452360.6264,42.95410306,6.5394135094465256,37.03585874322483,4.061879982168867,43.0,435.0
종로구,창신동,동대문 스테이가든,2,고위험군,37.56946846,127.0134964,201192.3196,452214.3531,43.18296159,4.8962260787994865,38.61819516181539,4.246019506775606,43.0,435.0
종로구,낙원동,하프레스트 호스텔,2,고위험군,37.56953983,126.9876225,198906.5254,452222.2607,27.46548794,-10.479433982390407,36.52227224445149,4.00096954023383,43.0,435.0
종로구,관철동,스테이 마루 종로,2,고위험군,37.56669767,126.9847978,198656.9335,451906.8508,41.77586694,6.4066885073590285,35.98078814961028,3.999369729805589,43.0,435.0
종로구,숭인동,루나하우스,2,고위험군,37.57353634,127.0219178,201936.189,452665.9807,35.49600889,-0.12132785493649578,36.52192022189482,4.205861410434705,43.0,435.0
중구,충무로5가,머룸스테이,2,고위험군,37.56119377,127.0008458,200074.73,451295.8743,37.71343046,-3.634429011583336,41.4700265410109,4.2677183185792895,43.0,435.0
중구,신당동,케이그랜드호텔 DDP,2,고위험군,37.56571746,127.0106231,200938.5285,451798.0034,42.58601421,4.481324905721387,39.07745667418129,4.270467523192831,43.0,435.0
중구,명동,무드온 명동,2,고위험군,37.56042879,126.9831765,198513.5724,451211.1032,36.88846481,-0.3047484392960129,37.36317112512369,4.182840623153511,43.0,435.0
중구,황학동,SINDANG GRAND JOY 호스텔,2,고위험군,37.56332856,127.018601,201643.4107,451532.9731,53.20401401,2.3974448225906,38.18239953624643,4.262541965875643,43.0,435.0
중구,충무로3가,MOREN SEOUL MYEONGDONG,2,고위험군,37.55945274,126.9901255,199127.5348,451102.686,38.45181873,-0.32646568630403294,38.89715518705513,4.152567203708156,43.0,435.0
중구,(인현동,이랑 스테이,2,고위험군,37.5614873,126.9924598,199333.8016,451328.479,37.18727609,0.08481986820154219,38.04688099434636,4.146042973941576,43.0,435.0
중구,을지로6가,하이 동대문 호스텔,2,고위험군,37.5646535,127.0066663,200588.9601,451679.8841,47.47456513,5.095009473672015,42.81910738758789,4.2765229141347305,43.0,435.0
중구,명동,하이 서울 호스텔,2,고위험군,37.5583226,126.9816113,198375.2321,450977.367,34.53618313,-7.871723591333904,38.625413371509,4.265910055441978,43.0,435.0
중구,충무로2가,올스테이인,2,고위험군,37.55898959,126.9891113,199037.9163,451051.2918,35.16750905,-4.5345452265351085,39.821183011032325,4.16157876967286,43.0,435.0
중구,을지로3가,아르보 스테이,2,고위험군,37.56344317,126.9931766,199397.1478,451545.5527,34.04461661,-8.444061163942266,37.11220173557696,4.149795998027662,43.0,435.0
중구,(남산동,올리브 호스텔,2,고위험군,37.55561712,126.9843204,198614.5499,450677.0475,45.54906612,4.207329708195395,43.489596316976936,4.286207307131274,43.0,435.0
중구,(남산동,보로인 명동,2,고위험군,37.55514884,126.984327,198615.1244,450625.0739,45.03249828,3.346516776314367,43.460007800049596,4.289914455200152,43.0,435.0
중구,명동,호텔 28,2,고위험군,37.56160377,126.9831825,198514.1268,451341.5121,35.59843851,-0.28052546586749116,36.8736084900125,4.147882218793012,43.0,435.0
중구,(남산동,오요 5 롯지B (OYO 5 Lodge B),2,고위험군,37.55646209,126.9842423,198607.6709,450770.8303,41.77523918,-0.8074728786312235,43.131091623521385,4.277276759011,43.0,435.0
용산구,서계동,스테이터울,2,고위험군,37.55142339,126.9655309,196954.1424,450212.0365,42.95662447,3.1511357887081175,41.504609592226736,4.509236657731093,43.0,435.0
용산구,이태원동,H호스텔,2,고위험군,37.52931063,126.9937982,199451.814,447757.2496,44.34334328,6.241300478211329,40.408554260457066,4.488928872572534,43.0,435.0
용산구,한남동,서울미라마(유)그랜드하얏트서울,2,고위험군,37.5367936,126.9970254,199737.097,448587.753,39.17078529,-3.935473952757235,40.84574778647982,4.467340673673465,43.0,435.0
성동구,성동,스윗스팟성수,2,고위험군,37.54745731,127.052317,204623.2283,449772.5772,40.61094366,-2.485529854737429,45.15649096994005,4.11091144633991,43.0,435.0
마포구,동교동,비아르떼 서울,2,고위험군,37.554874,126.9280682,193644.0584,450596.8864,46.83425488,-1.7909742192641858,42.853235297225254,4.544251030666677,43.0,435.0
마포구,노고산동,코코스테이,2,고위험군,37.55210431,126.9334754,194121.6196,450289.132,38.7656671,2.5037350736415718,38.75752313248624,5.102379916098274,43.0,435.0
강서구,화곡동,해담채스테이,2,고위험군,37.52728435,126.8398255,185841.6526,447544.3947,31.96512779,-9.504583048908817,40.7702000406934,3.6351140106972246,43.0,435.0
종로구,홍지동,씨케이 인 종로점,2,고위험군,37.5978767,126.958618,196345.5571,455368.0638,46.79405893,2.496803616930933,45.07947047251338,3.636909845873123,43.0,435.0
종로구,숭인동,서울 게스트하우스,2,고위험군,37.57188149,127.0156094,201378.9422,452482.2003,50.03752853,-2.0495004256881657,38.4765756434121,4.230374046441826,43.0,435.0
종로구,관철동,어 베터 플레이스 (A BETTER PLACE),2,고위험군,37.56691314,126.9855653,198724.7407,451930.7547,42.10691938,-4.473098471722729,36.0021498448433,4.002019737871241,43.0,435.0
종로구,숭인동,동미,2,고위험군,37.5726296,127.0200052,201767.2557,452565.3054,34.93091504,-1.2586950865782072,36.72990594417152,4.214224766099012,43.0,435.0
종로구,익선동,SAE WHA HOSTEL,2,고위험군,37.57198435,126.9895391,199075.8816,452493.5534,39.77307222,3.1759336636465036,37.36369759693413,4.026934128840051,43.0,435.0
종로구,창신동,순안,2,고위험군,37.5681032,127.010761,200950.6822,452062.794,36.75775525,-0.43259899217705566,38.05479415793141,4.25684534890227,43.0,435.0
종로구,효제동,스타호스텔 동대문 스위트,2,고위험군,37.56891882,127.0021479,200189.7543,452153.266,27.00323146,-8.687963344628567,37.289221949806034,4.240947502152113,43.0,435.0
종로구,명륜4가,호텔 달스테어(Hotel DALSTAIR),2,고위험군,37.58004227,126.9969759,199732.8774,453387.8425,58.33196648,7.854644631047634,39.39528829286289,4.117942901350527,43.0,435.0
종로구,관철동,한평,2,고위험군,37.56696198,126.9842319,198606.9413,451936.1943,34.17025885,-0.409768547396375,36.08467038311208,3.9931185969892073,43.0,435.0
종로구,창신동,현대,2,고위험군,37.56819149,127.0107164,200946.7409,452072.5927,35.54286008,-1.7351456922939406,38.08823096286878,4.256323778401189,43.0,435.0
종로구,종로6가,저스트포유(JUST4U),2,고위험군,37.56882658,127.0066505,200587.535,452143.0471,48.90870587,-2.698972639430515,37.65655013865798,4.252252462632027,43.0,435.0
종로구,창신동,동해,2,고위험군,37.56823753,127.0108347,200957.188,452077.7038,46.8412654,-4.940035873874862,38.08748606349579,4.256284425920441,43.0,435.0
종로구,창신동,NOOK INN 누크인,2,고위험군,37.56817138,127.010478,200925.6806,452070.3583,33.12462701,-3.9759244325451277,38.070162406463794,4.256610840020931,43.0,435.0
종로구,숭인동,만남모텔,2,고위험군,37.57340694,127.0214372,201893.7385,452651.609,35.8959241,0.298701853607227,36.555690248705446,4.207693023569765,43.0,435.0
종로구,숭인동,스테이 42 동묘,2,고위험군,37.57221599,127.0184885,201633.279,452519.372,56.48822658,6.745918684715846,37.04072308651088,4.220246901326409,43.0,435.0
종로구,창신동,디디엠 스테이,2,고위험군,37.56858682,127.0114738,201013.6489,452116.4776,34.56898523,-3.017227507175093,38.185621673923414,4.2535342176361395,43.0,435.0
종로구,창신동,대진,2,고위험군,37.56943843,127.0101945,200900.6186,452210.9833,43.95079617,5.870543773628668,38.252958386755296,4.250474589200372,43.0,435.0
종로구,관수동,풀리 미니호텔,2,고위험군,37.56718956,126.9905287,199163.2427,451961.3783,41.5548098,5.991462378866949,36.18829808828439,4.086607376370895,43.0,435.0
종로구,관수동,브레드 힐 호텔(Bread Hill Hotel),2,고위험군,37.56708795,126.9905269,199163.0834,451950.1008,35.63344025,0.1386194206311302,36.17183649868873,4.087293953787722,43.0,435.0
종로구,숭인동,메종호텔,2,고위험군,37.57469579,127.0218552,201930.6264,452794.665,41.66958079,-7.04988917235849,36.470475068221035,4.203017040716683,43.0,435.0
종로구,숭인동,가야,2,고위험군,37.57401858,127.0216359,201911.2775,452719.498,58.72604468,10.103588693820654,36.49995235621989,4.205475485427633,43.0,435.0
종로구,숭인동,메트로 21(Metro 21),2,고위험군,37.57022964,127.0193705,201711.2396,452298.926,36.32694724,-0.6754476447242439,37.38579456231625,4.223571011538538,43.0,435.0
종로구,효제동,어바웃스테이 동대문,2,고위험군,37.56951008,127.0033108,200292.4909,452218.892,35.15587756,-1.8049813303967568,37.66351392552384,4.242084499401084,43.0,435.0
종로구,효제동,구월호텔,2,고위험군,37.56884387,127.0025535,200225.5843,452144.9483,32.29166394,-4.117672391973876,37.11220633900122,4.243382332506012,43.0,435.0
종로구,종로6가,디하이브,2,고위험군,37.56884393,127.0068372,200604.0252,452144.9739,32.48426828,-4.72639485062119,37.64772618083954,4.252309833527148,43.0,435.0
종로구,숭인동,호스텔 서울,2,고위험군,37.57569436,127.0215682,201905.2535,452905.4889,33.95162918,-1.8151441205020973,36.46264435706932,4.201128114184559,43.0,435.0
종로구,창신동,창신기지,2,고위험군,37.56848774,127.0114066,201007.7117,452105.4801,58.70687078,6.357070389095625,38.18801099274012,4.254188683483208,43.0,435.0
종로구,창신동,이지스테이,2,고위험군,37.56959298,127.0093634,200827.1964,452228.1289,44.6088199,-7.678751595508189,38.274620690292224,4.250053434798955,43.0,435.0
종로구,효제동,제이오 호스텔 동대문,2,고위험군,37.56986057,127.0034356,200303.5112,452257.7927,33.50913576,-3.7586495382907046,37.970100156105374,4.240030773416272,43.0,435.0
종로구,종로5가,라임모텔,2,고위험군,37.56856888,127.0004601,200040.6508,452114.4247,41.27516171,4.310501231108127,37.50726730863191,4.2322503074901405,43.0,435.0
종로구,숭인동,덕흥,2,고위험군,37.57367008,127.0214717,201896.7751,452680.8152,38.53511017,2.86385546627627,36.52554959226809,4.206887207097049,43.0,435.0
종로구,돈의동,Z 호텔,2,고위험군,37.56858936,126.9898379,199102.2361,452116.7462,29.43029865,-6.1636324794081325,36.36691343314894,4.060677201804962,43.0,435.0
종로구,필운동,수모텔,2,고위험군,37.57395332,126.9675412,197132.6501,452712.5301,41.02907176,-0.5372127963477169,42.31360790888612,3.9258840536751927,43.0,435.0
종로구,창신동,한도,2,고위험군,37.56828544,127.0156007,201378.2407,452083.0805,30.77747565,-6.959741071454786,38.49126197131847,4.244664984945559,43.0,435.0
종로구,숭인동,영진,2,고위험군,37.57332819,127.0214249,201892.6486,452642.8684,36.0576003,0.2931375320964662,36.565476037572154,4.207931160578419,43.0,435.0
종로구,명륜4가,소풍모텔,2,고위험군,37.58042554,126.9997149,199974.8179,453430.3768,39.1525801,0.5370318230009588,38.99148921518405,4.141404756887909,43.0,435.0
종로구,종로5가,대동장(大同莊),2,고위험군,37.56872917,127.0019131,200169.0098,452132.2166,35.65537389,-0.4969389107879394,37.1183537328735,4.240938331390671,43.0,435.0
종로구,관철동,우미관호텔,2,고위험군,37.56707898,126.9858974,198754.086,451949.1566,45.38043697,-2.328476024313332,36.04662573424454,4.001699119922268,43.0,435.0
종로구,창신동,토이 게스트하우스,2,고위험군,37.56855581,127.012486,201103.0655,452113.0472,41.68499332,-7.279684717240023,38.269304911102275,4.252125477853039,43.0,435.0
종로구,숭인동,선라이즈(Sunrise),2,고위험군,37.57299352,127.0212126,201873.9088,452605.7197,35.00397822,-0.7867026211337489,36.5919819556993,4.209443284730522,43.0,435.0
종로구,명륜4가,혜화여관,2,고위험군,37.5794505,126.9987863,199892.7874,453322.1592,43.00543775,4.762341685930608,39.1857170992502,4.138124532097316,43.0,435.0
종로구,홍지동,종로 238,2,고위험군,37.59779306,126.9583077,196318.1531,455358.7928,47.32919591,3.0221847956206105,45.0441525861792,3.6299772702833826,43.0,435.0
종로구,관철동,엠제이 스테이,2,고위험군,37.566705,126.9841567,198600.2981,451907.6737,36.87224453,1.477445130323673,36.00576151351149,3.995134995955252,43.0,435.0
중구,신당동,세화장여관,2,고위험군,37.54757845,127.0070693,200624.71,449784.7595,63.73001112,7.182443610616048,43.03740499779008,4.611179278165712,43.0,435.0
중구,(회현동,동원여관,2,고위험군,37.55490708,126.9809224,198314.2907,450598.297,54.41302238,-0.03310196056155945,41.996308048310105,4.319025080408753,43.0,435.0
중구,주교동,라이프인 청계,2,고위험군,37.56574695,126.9967838,199715.8574,451801.2282,39.97448974,4.0238479207564595,36.646656894190954,4.201997585130694,43.0,435.0
중구,황학동,크리스티2,2,고위험군,37.56329068,127.0216644,201914.0679,451528.8269,37.95439684,-0.6209066373173684,39.329958404952514,4.248096977772351,43.0,435.0
중구,(필동,한일장모텔,2,고위험군,37.55791958,126.9942743,199494.0929,450932.493,36.9432646,-3.033228286081929,40.88091511263893,4.2051116765985395,43.0,435.0
중구,(광희동,그리다 DDP,2,고위험군,37.56298903,127.0053967,200476.8053,451495.1403,50.2522974,8.722145631117115,42.66428721099399,4.287609492179024,43.0,435.0
중구,산림동,광신장여관,2,고위험군,37.56514549,126.9966723,199706.0016,451734.4736,55.19424843,4.905294209606069,36.97151068984768,4.202025449900494,43.0,435.0
중구,명동,아트래블홈(ARTRAVEL HOME),2,고위험군,37.55881514,126.9832162,198517.0534,451032.0066,42.67144237,3.9086987984749584,39.09325805049664,4.233911797052233,43.0,435.0
중구,을지로3가,지요크 을지로,2,고위험군,37.56285139,126.9899303,199110.3283,451479.8979,33.02704275,-2.206489822504494,36.31920101210126,4.104379542455277,43.0,435.0
중구,(남산동,(주)더로드서울,2,고위험군,37.55615138,126.9832058,198516.0737,450736.361,51.80667462,-6.474840773179068,42.704186867995126,4.289044587056815,43.0,435.0
중구,명동,하이 서울 호스텔 명동 센트럴,2,고위험군,37.5583226,126.9816113,198375.2321,450977.367,34.93704142,-7.470865301333902,38.625413371509,4.265910055441978,43.0,435.0
중구,남대문로5가,한블레싱(Hanblessing),2,고위험군,37.55159894,126.9741552,197716.2329,450231.2759,46.25973879,7.251321900350625,39.901571583632986,4.398248317370346,43.0,435.0
중구,(광희동,넘버25호텔 동대문점,2,고위험군,37.56249772,127.0061175,200540.4915,451440.6146,48.62374821,3.3262380416782307,42.5996088081058,4.294720466009754,43.0,435.0
중구,명동,슬립박스(SLEEP BOX),2,고위험군,37.55921779,126.9847031,198648.4373,451076.6735,27.17299352,-10.077390951488319,39.513983771480554,4.203206081458418,43.0,435.0
중구,황학동,인득여관,2,고위험군,37.56523964,127.0204086,201803.0656,451745.1137,36.33265081,-0.5145949603610092,38.55025139988162,4.2413135902240695,43.0,435.0
중구,신당동,한일여관,2,고위험군,37.56128515,127.0096517,200852.7596,451306.0598,49.06440075,-5.669500347018179,41.96117300786071,4.312702617533088,43.0,435.0
중구,주교동,트래블러스 A 코리아 호스텔,2,고위험군,37.56562443,126.9981173,199833.6663,451787.6267,26.98081157,-9.25968510685717,36.99004271083075,4.219338037853337,43.0,435.0
중구,신당동,J모텔,2,고위험군,37.56126414,127.0133052,201175.5546,451303.7674,51.3624778,-2.6691712603503674,39.96721167858408,4.30718659848675,43.0,435.0
중구,신당동,조이풀스테이(Joyful Stay),2,고위험군,37.56245881,127.0165259,201460.0902,451436.4068,32.59265257,-5.823454654564266,38.21820723143241,4.2801167441912025,43.0,435.0
중구,신당동,타임스테이,2,고위험군,37.56254877,127.0182782,201614.907,451446.42,37.1456537,-0.5906276539436419,38.1752675463484,4.271020626916073,43.0,435.0
중구,(광희동,트리쉐이도호텔,2,고위험군,37.56259916,127.0051718,200456.9375,451451.8682,37.68394494,-2.768639029950293,42.5511612606023,4.290662277931011,43.0,435.0
중구,신당동,재화여관,2,고위험군,37.56191425,127.0171769,201517.6227,451375.9774,31.38874892,-6.1298067912649294,38.17350764771511,4.282788314901579,43.0,435.0
중구,신당동,S(에스)모텔,2,고위험군,37.5592684,127.0167706,201481.7731,451082.3129,35.56436047,-2.1911264473180694,38.521991787695896,4.314802572751661,43.0,435.0
중구,을지로7가,백금여관,2,고위험군,37.56224445,127.00925,200817.2577,451412.5273,40.09465915,-1.8342115639142378,42.15827290720054,4.300371763451251,43.0,435.0
중구,남학동,진포레스트인(JIN FOREST Inn),2,고위험군,37.55791929,126.9904146,199153.0654,450932.4886,54.48620758,2.6091096725410594,40.136744889816775,4.188875491136561,43.0,435.0
중구,신당동,은성여관,2,고위험군,37.56201847,127.01763,201557.6539,451387.552,44.83448931,7.5950110340695005,38.15989087794554,4.279458936735825,43.0,435.0
중구,초동,호텔베네,2,고위험군,37.56229779,126.9916416,199261.5166,451418.44,36.83462921,0.5415326966392229,37.13133505128473,4.127819361879386,43.0,435.0
중구,(광희동,호텔 아라,2,고위험군,37.56264071,127.0047345,200418.3012,451456.4778,37.89811068,-3.952459327684913,42.4549988373572,4.289156453161711,43.0,435.0
중구,북창동,피넛호텔,2,고위험군,37.55942482,126.9770407,197971.4237,451099.7892,40.49299842,2.2440394000872814,37.253066464254964,4.27994684403435,43.0,435.0
중구,신당동,청구 리빙텔,2,고위험군,37.55972529,127.0140647,201242.6817,451132.983,36.44685439,-2.9253357171102508,39.76469883351426,4.323917247473634,43.0,435.0
중구,신당동,야코리아 게스트하우스,2,고위험군,37.55703059,127.0123014,201086.9289,450833.8814,44.50329156,3.7206934259996274,40.852185980336564,4.3729411341566955,43.0,435.0
중구,산림동,화성여관,2,고위험군,37.56537071,126.9960702,199652.8115,451759.4724,34.62094554,0.13024379413822373,36.69544798674325,4.1928994673733895,43.0,435.0
중구,신당동,성도여관,2,고위험군,37.56123239,127.0132212,201168.1343,451300.2425,55.29117997,1.1856034456856293,40.03849328658589,4.307996882967569,43.0,435.0
중구,황학동,대림,2,고위험군,37.5634477,127.0221786,201959.4955,451546.2648,40.59147195,1.3587663867393616,39.61803260185146,4.244803022203,43.0,435.0
중구,남창동,황금장여관,2,고위험군,37.55485434,126.9769752,197965.5104,450592.5216,58.11570833,8.067835892615008,37.51239922752936,4.348740729761202,43.0,435.0
중구,산림동,상원장,2,고위험군,37.56530472,126.9962994,199673.0571,451752.1475,44.70278919,8.829901386040163,36.77542335701653,4.196339587044436,43.0,435.0
중구,산림동,H2O,2,고위험군,37.56416937,126.9942189,199489.2406,451626.1462,27.36606951,-8.595777998509778,36.91096316871251,4.166636061255864,43.0,435.0
중구,황학동,중앙여관,2,고위험군,37.56691122,127.0177256,201565.9953,451930.5914,39.75988958,2.1528021139722213,38.41475100274999,4.24286674407074,43.0,435.0
중구,북창동,호텔 문(hotel moon),2,고위험군,37.55959687,126.9775768,198018.7937,451118.8733,35.50166098,-1.059111385636598,37.2683860373485,4.272020889725056,43.0,435.0
중구,남창동,노마드호스텔,2,고위험군,37.55419408,126.9758113,197862.6529,450519.2665,31.90686691,-4.790129043136449,38.449671342709536,4.3650154880228635,43.0,435.0
중구,중림동,다림여인숙,2,고위험군,37.55551958,126.9675696,197134.4538,450666.6005,44.35497193,-9.091947816246325,40.84124854683309,4.448294907009303,43.0,435.0
중구,명동,57 명동 호스텔,2,고위험군,37.55824724,126.9826565,198467.5818,450968.9854,37.44411815,-1.565296970933261,39.714630922351766,4.257544414221851,43.0,435.0
중구,신당동,쉐어하우스 다함,2,고위험군,37.55482988,127.0106132,200937.7867,450589.6106,34.56352014,-7.937181994828279,41.630893358471134,4.438640793030995,43.0,435.0
중구,신당동,그리네 스테이,2,고위험군,37.56247269,127.0181304,201601.8512,451437.9735,50.58848177,-0.314370345009948,38.17963183224441,4.272552585057503,43.0,435.0
중구,황학동,창덕여인숙,2,고위험군,37.56373275,127.0179396,201584.967,451577.8221,50.63477071,-0.08900270600422289,38.09971592776766,4.2625040941427645,43.0,435.0
중구,(만리동,천안 여인숙,2,고위험군,37.55375612,126.9669521,197079.8183,450470.8965,40.94413181,-0.07094089365293144,41.42118607611218,4.4737874535781605,43.0,435.0
중구,(장충동,장충인(J C INN),2,고위험군,37.55828977,127.0044674,200394.7263,450973.5737,41.81657639,0.4676471137754561,42.06760836311509,4.338825258671557,43.0,435.0
중구,을지로7가,박포루,2,고위험군,37.56219798,127.009432,200833.3321,451407.3712,45.70415764,4.029198137665176,42.11708655741666,4.301578966818808,43.0,435.0
중구,(광희동,왕도여관,2,고위험군,37.56253871,127.0053044,200468.6489,451445.1597,38.48646871,-3.2964205358296397,42.545303027215844,4.291773050059004,43.0,435.0
용산구,서계동,금강,2,고위험군,37.55085442,126.9662031,197013.5185,450148.8661,37.57168604,-2.639407252652113,41.23529763021483,4.496276803684734,43.0,435.0
용산구,(청파동,한글게스트하우스,2,고위험군,37.54166996,126.9694399,197299.2119,449129.4041,42.59103974,1.834019255941655,41.656576831663855,4.429772601417202,43.0,435.0
용산구,서계동,계림모텔,2,고위험군,37.55143152,126.9661315,197007.2137,450212.9195,43.53947443,2.799274078441208,41.59628056955785,4.497212170733791,43.0,435.0
용산구,(청파동,신진장,2,고위험군,37.54626035,126.9696446,197317.4662,449638.8759,64.26579662,7.03862824121417,44.129120098754356,4.445870919901011,43.0,435.0
용산구,후암동,스위트75서울역점,2,고위험군,37.54972353,126.9757675,197858.6521,450023.09,57.05694425,4.465804839746944,39.99751231600494,4.393674525331207,43.0,435.0
용산구,이태원동,뷰 모텔,2,고위험군,37.531191,126.9958013,199628.8782,447965.9376,42.05678898,2.6623661066172346,40.24971061912844,4.493049107754483,43.0,435.0
용산구,동자동,광주여인숙,2,고위험군,37.55051278,126.9741946,197719.6876,450110.7243,44.56725223,5.046904507237706,40.30245697264999,4.402642610639734,43.0,435.0
용산구,남영동,로망스모텔,2,고위험군,37.54136675,126.9725538,197574.3988,449095.6666,42.11372007,-13.233656151751028,40.520519156293645,4.411853950234359,43.0,435.0
용산구,동자동,서울네스트,2,고위험군,37.55022009,126.9753306,197820.0591,450078.2122,43.23672609,3.7874555562410563,40.06861547602707,4.395004383398952,43.0,435.0
용산구,(용산동,스테이코,2,고위험군,37.5314273,126.9740431,197705.711,447992.4723,38.87550836,3.894032334180096,35.8764163983099,4.407041707293735,43.0,435.0
용산구,원효로2가,크래쉬인 용산,2,고위험군,37.5333324,126.9607882,196534.2236,448204.3208,47.846509,-0.5573988227655917,35.45938851503516,4.441673435615248,43.0,435.0
용산구,남영동,지용산인,2,고위험군,37.53912265,126.9726027,197578.6496,448846.5976,44.46064439,-6.491631590465424,38.87785366671454,4.408037977823029,43.0,435.0
용산구,이태원동,현대,2,고위험군,37.52919726,126.9961934,199663.5282,447744.6557,43.4161129,2.845026266534944,41.3173119710922,4.505128092102742,43.0,435.0
용산구,(청파동,동산장,2,고위험군,37.54393815,126.9688855,197250.2985,449381.1617,48.02565565,3.090440056614611,45.1723098113974,4.444566400216933,43.0,435.0
용산구,남영동,코지 모텔,2,고위험군,37.54191116,126.9726015,197578.6329,449156.0883,46.81847571,-6.532535556194333,41.05500280638903,4.412704103236229,43.0,435.0
용산구,이태원동,KAZI FAMILY HOTEL(카지패밀리호텔),2,고위험군,37.52867881,126.9957038,199620.2475,447687.116,46.66331313,5.898768438362829,41.28478434590741,4.504431603025212,43.0,435.0
용산구,이태원동,이태원모텔,2,고위험군,37.53110489,126.9936781,199441.2134,447956.3909,55.66755603,2.9133583812771917,39.69722620281685,4.480259316097816,43.0,435.0
용산구,갈월동,더메종컴퍼니,2,고위험군,37.54016648,126.9714266,197474.7366,448962.4809,49.46843396,-3.057417955362098,39.73444982684816,4.413735243839688,43.0,435.0
용산구,동자동,경기,2,고위험군,37.55029277,126.9734347,197652.5306,450086.3245,40.78256731,0.26372957717502743,40.698025192992965,4.409990322015756,43.0,435.0
용산구,후암동,서광,2,고위험군,37.55193238,126.9765224,197925.4214,450268.2289,32.70554029,-5.550875722202633,38.9813902985929,4.3768307761493634,43.0,435.0
용산구,동자동,나나장,2,고위험군,37.55044744,126.9745591,197751.895,450103.4635,43.06447744,3.5010400022348804,40.236283927318496,4.399802371453787,43.0,435.0
용산구,동자동,서정여인숙,2,고위험군,37.55041744,126.9737056,197676.4711,450100.1546,40.17836539,0.03674526128592959,40.54168922294883,4.407203051486432,43.0,435.0
용산구,동자동,성남여인숙,2,고위험군,37.55028632,126.9737328,197678.8732,450085.6012,39.20245565,-0.988111030057425,40.5906595140909,4.4074645715960346,43.0,435.0
용산구,동자동,광신여인숙,2,고위험군,37.55032361,126.9738668,197690.7154,450089.7367,39.5687293,-0.5314837064298388,40.500173692212734,4.4060088126243615,43.0,435.0
용산구,동자동,미경여인숙,2,고위험군,37.55026667,126.9738536,197689.5428,450083.4173,33.17587756,-6.895103761397067,40.523885788965494,4.40643545622866,43.0,435.0
용산구,동자동,송림여인숙,2,고위험군,37.5502854,126.973681,197674.2932,450085.5004,58.94523885,5.500330447607588,40.59844048688832,4.408028905924853,43.0,435.0
성동구,송정동,건대스테이,2,고위험군,37.54594785,127.0631179,205577.8078,449605.6313,40.70060303,-1.4541007592249997,43.17713357508209,4.049093523526092,43.0,435.0
용산구,서계동,MK 리버티하우스,2,고위험군,37.55183526,126.9678297,197157.2945,450257.6771,40.6847221,-0.19852887260364582,41.844586133730324,4.469728399497419,43.0,435.0
용산구,동자동,덕성,2,고위험군,37.55051627,126.9743702,197735.2012,450111.1074,44.43159593,4.521675579393438,40.25350038876779,4.401282453128121,43.0,435.0
용산구,동자동,명신,2,고위험군,37.55014919,126.9737769,197682.7624,450070.3803,52.60761495,-0.694486294781079,40.59657997775496,4.407732911376861,43.0,435.0
용산구,동자동,24게스트 하우스 모텔 서울역,2,고위험군,37.54890816,126.9733025,197640.8014,449932.6527,37.36896655,-2.809488694373897,40.9628941244157,4.415756544511416,43.0,435.0
용산구,보광동,삼성장,2,고위험군,37.52394807,127.0015803,200139.6906,447162.0554,45.58448818,3.2977695633962654,43.09854346800984,4.569917417151086,43.0,435.0
용산구,(용산동,수정여관,2,고위험군,37.53137311,126.973614,197667.7801,447986.4684,35.80130093,1.0232053849242675,35.78178036857949,4.406195741046675,43.0,435.0
성동구,성동,복래여관,2,고위험군,37.54590134,127.0231574,202046.4475,449598.8491,62.00238696,4.682324769429108,44.26034819759267,4.53060759729794,43.0,435.0
성동구,마장동,제이하우스,2,고위험군,37.56687292,127.0360577,203185.5726,451926.804,49.09968426,6.969474103127382,42.765828925635894,4.156367031061609,43.0,435.0
성동구,행당동,모텔로,2,고위험군,37.55763832,127.0324228,202864.7962,450901.7552,35.42208879,-6.102231481656929,42.79534010092986,4.20942644042844,43.0,435.0
성동구,성동,천일장여관,2,고위험군,37.53247613,127.0555995,204914.2771,448110.0155,45.84143812,1.6952453351036993,44.95746578345369,4.261828186414203,43.0,435.0
성동구,성동,크리스호스텔,2,고위험군,37.55120472,127.0190163,201680.3776,450187.3783,35.77931754,-6.208841865940244,42.728382847475686,4.468893312438771,43.0,435.0
성동구,홍익동,대우장여관,2,고위험군,37.56270306,127.035107,203101.7571,451463.9667,42.1027565,0.18448799728985676,42.71214370497681,4.17043303491138,43.0,435.0
성동구,성동,조이게스트하우스,2,고위험군,37.54562637,127.0228753,202021.5298,449568.3246,48.10291382,4.766208124554943,44.258786541165826,4.540692172911793,43.0,435.0
성동구,마장동,동원장모텔,2,고위험군,37.56420552,127.0356442,203149.1509,451630.7399,36.74203689,-5.293685811777969,42.725371642197985,4.16356381713683,43.0,435.0
성동구,도선동,스테이나라,2,고위험군,37.56172032,127.0294848,202605.0564,451354.7234,43.650679,1.1342574924277855,43.31838975960401,4.212947931455973,43.0,435.0
성동구,홍익동,동신모텔,2,고위험군,37.56262655,127.0347484,203070.0729,451455.4632,40.94693746,-0.8295356967915595,42.72702961756984,4.1729612035824335,43.0,435.0
성동구,성동,제일,2,고위험군,37.53473267,127.0526024,204649.2363,448360.3112,49.97819144,5.665507926016701,45.2297983568487,4.264126003621656,43.0,435.0
성동구,하왕십리동,신도,2,고위험군,37.5617234,127.027207,202403.8129,451355.0046,44.44295334,1.516057077190311,43.52275565934417,4.228345919913475,43.0,435.0
성동구,하왕십리동,현대모텔,2,고위험군,37.55842931,127.0314669,202780.3024,450989.517,50.8666755,8.796549686886067,42.87233120018608,4.214193663534743,43.0,435.0
성동구,성동,솔 스테이,2,고위험군,37.54565722,127.0233463,202063.1493,449571.7588,50.35639762,7.225247184004964,44.27507265976326,4.530235847730772,43.0,435.0
성동구,송정동,스테이온,2,고위험군,37.54577776,127.0644083,205691.855,449586.8307,47.21299928,5.193048518470292,42.98982470083041,4.044583577434395,43.0,435.0
성동구,성동,별장여관,2,고위험군,37.54554836,127.0245214,202167.0006,449559.7031,35.93977914,-7.39184686828191,44.30108193879239,4.507485921544186,43.0,435.0
성동구,성동,중앙여관,2,고위험군,37.54429402,127.0183856,201624.7905,449420.3628,44.79477782,2.5167141770646992,43.97330775141404,4.656030683820242,43.0,435.0
성동구,마장동,태양장,2,고위험군,37.56218111,127.0393524,203476.8695,451406.1849,44.65470187,0.019117248254666208,42.20191725422779,4.144334878212254,43.0,435.0
성동구,성동,동명여인숙,2,고위험군,37.53230656,127.0555696,204911.649,448091.1937,59.12953397,2.1683827019833046,44.944530958694926,4.26380844142202,43.0,435.0
성동구,성동,명성,2,고위험군,37.53439019,127.048611,204296.479,448322.1103,48.32562601,3.563888354041161,45.420355260552554,4.306758441284455,43.0,435.0
성동구,성동,유성장,2,고위험군,37.53463035,127.052844,204670.599,448348.9669,50.15538602,5.804381324898856,45.21673366620774,4.263193169243093,43.0,435.0
성동구,성동,로얄장,2,고위험군,37.53380845,127.0544569,204813.2021,448257.8275,45.66509387,1.3106377778943141,45.110865694135086,4.257974375664095,43.0,435.0
마포구,노고산동,지 하우스 글로벌(G House Global),2,고위험군,37.5505068,126.9355912,194308.4577,450111.6973,40.43776725,-0.6564431824805155,38.32594516906234,5.329458447842073,43.0,435.0
마포구,도화동,가나모텔,2,고위험군,37.53638047,126.9468898,195305.9836,448543.222,47.32918203,7.838046616850789,40.53200610929789,4.5694424394506505,43.0,435.0
마포구,아현동,대명,2,고위험군,37.55359223,126.952867,195835.2195,450453.2374,57.73055337,2.956572305155966,40.211550342827636,5.080552283420139,43.0,435.0
마포구,서교동,니도나도(Nido Nado),2,고위험군,37.55183851,126.9209181,193011.9826,450260.4907,50.33673033,4.638580735108171,43.32185363522483,3.554952143855163,43.0,435.0
마포구,신수동,일육육삼,2,고위험군,37.54878014,126.9361703,194359.4994,449920.0239,32.67784652,-3.9496185266693686,37.97604988734858,5.340754171927982,43.0,435.0
마포구,염리동,국제여인숙,2,고위험군,37.55347723,126.9458468,195214.8944,450440.808,34.99767094,-4.318597495765218,40.212616280444976,5.411451007819081,43.0,435.0
마포구,공덕동,나루호스텔,2,고위험군,37.54468753,126.9540917,195942.9594,449464.8693,34.33305106,-3.4380055584218,38.78921603736744,4.7339328197914625,43.0,435.0
마포구,노고산동,모텔산타페,2,고위험군,37.55084724,126.9348696,194244.7209,450149.526,37.76048267,1.044609678527948,38.500178781617635,5.25758365138703,43.0,435.0
마포구,염리동,호성여관,2,고위험군,37.55368716,126.946585,195280.1394,450464.0704,38.49533736,-0.7482676508828021,40.13533045647465,5.383544557938838,43.0,435.0
마포구,합정동,포근 합정,2,고위험군,37.54961986,126.9106574,192105.0734,450015.0593,39.25722592,-4.179425644077398,43.97196561090237,2.3500389943216247,43.0,435.0
마포구,망원동,남양,2,고위험군,37.55218651,126.9096264,192014.241,450300.0138,37.60647679,-6.705459742102171,44.815457565488614,2.4795374785245583,43.0,435.0
마포구,노고산동,1965 신촌인,2,고위험군,37.5514384,126.9353109,194283.7608,450215.1107,58.09072899,4.775387813243547,38.52562651344064,5.276866307254245,43.0,435.0
강서구,화곡동,유휴,2,고위험군,37.5271913,126.8416551,186003.3552,447533.7935,43.49177904,4.517644402073323,40.847071410582146,3.6451065194923467,43.0,435.0
강서구,방화동,대우장,2,고위험군,37.57017485,126.809119,183137.0632,452309.7956,44.22899048,2.8903405688649784,42.43435857808625,3.009391478393484,43.0,435.0
강서구,화곡동,금성여관,2,고위험군,37.53978025,126.8423106,186063.639,448930.9158,49.39818887,8.720127715595197,41.34843659337998,3.3011948169116243,43.0,435.0
강서구,화곡동,진리스테이,2,고위험군,37.52662515,126.8387362,185745.2358,447471.3962,32.06073962,-6.771472064748494,40.705509959600775,3.645810074483434,43.0,435.0
강서구,방화동,뱅크모텔,2,고위험군,37.56069828,126.807269,182971.4712,451258.3396,46.57773803,-1.129458908909534,42.40860831621166,3.0653661422664324,43.0,435.0
강서구,화곡동,쟈스민모텔,2,고위험군,37.54352172,126.8465063,186435.1269,449345.5602,38.09572469,-5.053641239611153,41.590312765145235,3.169559547656211,43.0,435.0
강서구,화곡동,제일여관,2,고위험군,37.53914304,126.8416655,186006.5095,448860.289,45.27344965,4.67776459293173,41.30999387105149,3.321179252541012,43.0,435.0
강서구,화곡동,랑뷰티크호텔(RANG BEAUTIQUE HOTEL),2,고위험군,37.54416568,126.8453143,186329.9034,449417.2046,51.819899,8.575495120834127,41.60480962309079,3.156543404472395,43.0,435.0
강서구,화곡동,케이투(K2),2,고위험군,37.52702441,126.8382612,185703.3239,447515.7812,26.78951372,-12.036307127019132,40.6933770157946,3.6346347969183976,43.0,435.0
강서구,화곡동,빅토리아여관,2,고위험군,37.5266304,126.8388304,185753.5618,447471.9646,32.16138093,-6.675306669585709,40.71013339179243,3.6460971725202045,43.0,435.0
강서구,화곡동,러브레터,2,고위험군,37.55072259,126.8507671,186812.9437,450144.1643,47.77112333,4.132451119919978,42.051970145837956,2.904639212247108,43.0,435.0
강서구,화곡동,보성장,2,고위험군,37.52926828,126.8385501,185729.291,447764.7793,37.50695166,-2.399253000977339,40.81081707331911,3.58250543047695,43.0,435.0
강서구,화곡동,오프 스테이,2,고위험군,37.54380947,126.8451199,186312.6558,449377.6979,42.38123224,1.9918133683803063,41.58354413729883,3.1690466448091934,43.0,435.0
강서구,방화동,대성여인숙,2,고위험군,37.57037515,126.8076512,183007.441,452332.291,29.97668648,-11.696838742880797,42.434177086950434,3.0123834214009513,43.0,435.0
영등포구,신길동,은하수여관,2,고위험군,37.51149962,126.9195208,192884.6801,445783.4764,41.97676521,0.4631475373125795,42.244195664928135,4.410661592893015,43.0,435.0
영등포구,(양평동,호텔 리버트리,2,고위험군,37.53378131,126.8981776,191000.3682,448258.2936,33.23440284,-10.651523054703738,44.604604985942785,3.539061178386851,43.0,435.0
영등포구,(당산동,당산 KS Stay,2,고위험군,37.53108375,126.9022621,191361.0673,447958.5146,52.16075079,9.532024513334775,43.165503537791494,3.809086430768825,43.0,435.0
영등포구,대림동,파나마모텔,2,고위험군,37.48740718,126.902949,191416.7793,443110.9093,43.86986944,3.3119224633190427,41.71156723298343,4.361272011820173,43.0,435.0
영등포구,대림동,보성장여관,2,고위험군,37.48659256,126.9036107,191475.2103,443020.437,39.98700454,-0.7768129345602759,41.702370274191836,4.363801796268849,43.0,435.0
영등포구,신길동,신길하우스,2,고위험군,37.50873312,126.9156566,192542.7671,445476.7293,41.73931683,0.43159205021228075,42.30819166470715,4.392068928572118,43.0,435.0
영등포구,(영등포동,Q모텔,2,고위험군,37.5153198,126.9089882,191953.8803,446208.3165,47.61313824,7.573541386369513,40.87117289003388,4.368485327864506,43.0,435.0
영등포구,대림동,행운여인숙,2,고위험군,37.48671561,126.903718,191484.7141,443034.0843,45.89993233,5.029175152669296,41.701468321309875,4.363941822881187,43.0,435.0
영등포구,신길동,파크여관,2,고위험군,37.50920872,126.9096699,192013.5045,445530.0061,53.1796202,11.15142261134833,42.96827243628223,4.370878559339204,43.0,435.0
영등포구,신길동,삼성장여관,2,고위험군,37.50441709,126.9091691,191968.706,444998.2392,30.96093562,-9.540822231881279,41.38866931449661,4.367504167397844,43.0,435.0
영등포구,(영등포동,은성장모텔,2,고위험군,37.51592269,126.9036664,191483.4632,446275.6981,40.32445922,2.4697412217302315,38.405792490846984,4.298296782916053,43.0,435.0
영등포구,신길동,스테이플라츠,2,고위험군,37.51066101,126.9195249,192884.9665,445690.401,44.40153166,2.5712179641025728,42.23055020921801,4.4090473576738765,43.0,435.0
영등포구,신길동,동원여관,2,고위험군,37.50789505,126.9125001,192263.5929,445383.9691,49.09064347,7.447198762411183,42.36896630373859,4.38013500671925,43.0,435.0
영등포구,신길동,엔엠다다름 호텔(N.M.Dadareum Hotel),2,고위험군,37.50471213,126.9095027,191998.2416,445030.9564,36.78014242,-3.8867009252479505,41.39044916590706,4.368569044608447,43.0,435.0
영등포구,신길동,플라워하우스,2,고위험군,37.49712203,126.9072053,191794.2707,444188.7511,40.9211515,0.378963195948657,41.64481341477179,4.366688310975578,43.0,435.0
영등포구,(영등포동,자매여인숙,2,고위험군,37.51799546,126.9062536,191712.4235,446505.5184,61.94283657,9.259704346982858,38.54533026237594,4.30914988419761,43.0,435.0
영등포구,(당산동,향도여관,2,고위험군,37.51960274,126.8976129,190948.7395,446684.7025,25.60721237,-12.279508344911925,38.84173135039933,4.192515116497753,43.0,435.0
영등포구,신길동,로체모텔,2,고위험군,37.50965931,126.9232469,193213.9469,445578.9502,44.86106513,3.4765758120395205,42.116106271913985,4.416934035495693,43.0,435.0
영등포구,(당산동,수경여관,2,고위험군,37.51920985,126.8979333,190977.0154,446641.0659,30.79141449,-6.798087345199903,38.597089197153934,4.20185668657935,43.0,435.0
영등포구,신길동,성원여인숙,2,고위험군,37.50884384,126.9099462,192037.8947,445489.4857,47.42182048,5.37998042315715,42.92944047051091,4.370896835911841,43.0,435.0
영등포구,신길동,미화여관,2,고위험군,37.50932383,126.9170005,192661.6452,445542.185,44.28060089,2.887604581153468,42.286159106168775,4.398288221426994,43.0,435.0
영등포구,(영등포동,경화장,2,고위험군,37.51553369,126.9091914,191971.8676,446232.0383,47.7639538,7.8518299548619055,40.79919375349513,4.368284417136816,43.0,435.0
영등포구,(영등포동,대지여인숙,2,고위험군,37.51792497,126.9052886,191627.1073,446497.7803,24.52205611,-13.207333934233063,38.38682620880541,4.29903290107811,43.0,435.0
영등포구,신길동,수정장여관,2,고위험군,37.49862932,126.9161197,192582.7083,444355.3009,47.48366481,6.792100917582836,41.637492086425404,4.398093696779691,43.0,435.0
영등포구,(영등포동,유토피아모텔,2,고위험군,37.51541218,126.9088895,191945.168,446218.578,43.28420513,5.075328638572316,40.777501548722725,4.368566831185161,43.0,435.0
영등포구,신길동,아로마 여인숙,2,고위험군,37.51155879,126.9191102,192848.3829,445790.0746,46.47175286,0.2925551588341406,42.269024575720636,4.409907780836662,43.0,435.0
영등포구,(영등포동,헬로호텔,2,고위험군,37.5149741,126.9063477,191720.4077,446170.1773,35.99276125,-6.489040888603853,39.933751313893865,4.339120475233544,43.0,435.0
영등포구,(당산동,스테이앤유,2,고위험군,37.51869207,126.895863,190793.9332,446583.7994,43.09597904,3.4545351103468747,39.137346164006246,4.18707735752894,43.0,435.0
영등포구,(당산동,남선여인숙,2,고위험군,37.51864741,126.8980153,190984.2021,446578.6343,32.76152802,-5.017074740217275,38.63387322957634,4.211691354358014,43.0,435.0
영등포구,(영등포동,코코빌,2,고위험군,37.52219975,126.9048615,191589.8287,446972.2654,34.36703318,-3.046888720578714,38.48381565542233,4.2370634478012414,43.0,435.0
영등포구,(당산동,아폴로 스테이,2,고위험군,37.51991087,126.8919494,190448.1094,446719.4611,55.07311762,15.619179703507868,40.54423435749979,4.12187574444524,43.0,435.0
영등포구,(영등포동,대성 여인숙,2,고위험군,37.51724897,126.9074611,191819.0902,446422.5617,34.80797381,-3.6252377161263425,39.04418499729229,4.335598631162001,43.0,435.0
영등포구,신길동,세일장,2,고위험군,37.49525284,126.9064822,191730.1181,443981.3586,34.99653058,-5.629331948717478,41.672678404548236,4.365448053007213,43.0,435.0
영등포구,신길동,스마일 여관,2,고위험군,37.5033311,126.9111448,192143.2842,444877.5415,31.78445698,-8.647632982501634,41.320454414194714,4.374659262488776,43.0,435.0
영등포구,(양평동,세종,2,고위험군,37.51885231,126.8903577,190307.2709,446602.137,51.26900389,11.455398661966967,40.700071100664346,4.121623598414634,43.0,435.0
영등포구,(영등포동,아너스빌,2,고위험군,37.51930327,126.9037364,191490.0417,446650.8936,34.38712194,-2.0154675709832546,37.85006142928339,4.265078741282194,43.0,435.0
영등포구,(당산동,남영모텔,2,고위험군,37.53189077,126.9033313,191455.6594,448047.9862,41.11259538,-1.6912844080861191,44.35288172309129,3.7457651026545755,43.0,435.0
영등포구,(영등포동,대우장여인숙,2,고위험군,37.51809093,126.904862,191589.4082,446516.2379,27.76935226,-9.883362898362844,38.257751669573736,4.293468691534211,43.0,435.0
영등포구,(영등포동,은성장여관,2,고위험군,37.5180854,126.9050187,191603.2623,446515.6101,26.94936898,-10.549777785124224,38.26219090991089,4.2953214862492795,43.0,435.0
영등포구,(당산동,포켓서울,2,고위험군,37.51966086,126.8967011,190868.1395,446691.2413,41.96906074,3.808231105367817,39.11340320685754,4.181816361754763,43.0,435.0
영등포구,(영등포동,플로렌스,2,고위험군,37.51560513,126.9089205,191947.9338,446239.9903,46.77924573,7.225165545105611,40.657124315102294,4.368347739443313,43.0,435.0
영등포구,신길동,슬로우서울(영등포),2,고위험군,37.49497212,126.9068495,191762.5716,443950.1701,40.0091974,-0.7100445212024056,41.65849244097191,4.367045846462363,43.0,435.0
영등포구,신길동,제일여인숙,2,고위험군,37.49535984,126.9078097,191847.5238,443993.1184,46.39387997,5.706667782331586,41.62707306276084,4.3698836938968,43.0,435.0
영등포구,신길동,수원여인숙,2,고위험군,37.5097972,126.9238009,193262.9362,445594.2144,43.40146219,2.0220700165458183,42.111306474800564,4.418729187744231,43.0,435.0
영등포구,신길동,신길스테이,2,고위험군,37.51081671,126.918208,192768.5444,445707.7821,50.22853987,-4.488475764145271,42.30738085091867,4.403260166474574,43.0,435.0
영등포구,신길동,테마모텔,2,고위험군,37.50959552,126.9234415,193231.1429,445571.8563,56.76860324,2.4215618733149213,42.11034898931972,4.417166925228444,43.0,435.0
영등포구,(당산동,리비니하우스,2,고위험군,37.51943218,126.8977271,190958.8189,446665.7615,46.00940168,-4.826764051856159,38.74122302751688,4.195914193421509,43.0,435.0
영등포구,(당산동,성심여인숙,2,고위험군,37.51874802,126.8983984,191018.0806,446589.7641,29.43365768,-8.682987391723554,38.54984267083243,4.214701768156304,43.0,435.0
영등포구,(영등포동,제일여인숙,2,고위험군,37.51903649,126.9030905,191432.9119,446621.343,36.4793173,-0.8500947701084272,37.93016043657619,4.263039097851457,43.0,435.0
영등포구,신길동,금산여관,2,고위험군,37.51157915,126.9187933,192820.3734,445792.3584,44.20411714,2.480417503694241,42.28883083539118,4.407936944412291,43.0,435.0
영등포구,신길동,옥성여관,2,고위험군,37.49345278,126.9079467,191859.4301,443781.4477,48.52918424,7.839794999342345,41.629604407979606,4.371530975827255,43.0,435.0
영등포구,(영등포동,백송여인숙,2,고위험군,37.51790548,126.9077354,191843.4085,446495.4023,60.24121045,7.51610480423993,38.85968902305894,4.33149040015627,43.0,435.0
영등포구,대림동,대흥장 여관,2,고위험군,37.48564409,126.9028456,191407.4291,442915.2389,42.43450728,1.8278536752339605,41.70826504249679,4.3626738966908025,43.0,435.0
영등포구,신길동,경남여인숙,2,고위험군,37.50425695,126.9092527,191976.0808,444980.4586,31.52402527,-8.99598025086031,41.35141398853072,4.36760504570219,43.0,435.0
영등포구,(당산동,서울스테이,2,고위험군,37.52369543,126.8974721,190936.7857,447138.9535,48.17239464,8.829210147693118,40.279022380475496,4.108346385834551,43.0,435.0
영등포구,(영등포동,에덴여인숙,2,고위험군,37.51773847,126.9020827,191343.6624,446477.3713,51.9713941,2.045110215207586,38.10496151417417,4.267227824125511,43.0,435.0
영등포구,(영등포동,하나장여관,2,고위험군,37.51512537,126.9074189,191815.1275,446186.8726,41.37330111,-0.20647551171771283,40.348665404758464,4.352798947116305,43.0,435.0
영등포구,신길동,모아여인숙,2,고위험군,37.49571698,126.9079211,191857.4182,444032.7466,38.42266229,-2.150888100535205,41.62138408280353,4.369692567146041,43.0,435.0
영등포구,(영등포동,삼일여관,2,고위험군,37.51429313,126.9065718,191740.1422,446094.5785,35.34595885,-4.296517067007883,40.57801993054417,4.349812443541638,43.0,435.0
영등포구,(당산동,삼성여인숙,2,고위험군,37.51898252,126.900284,191184.8007,446615.6123,32.50609722,-4.923492156724414,38.23475450160234,4.22974193646812,43.0,435.0
영등포구,(영등포동,대진여인숙,2,고위험군,37.51811386,126.9071551,191792.1267,446518.5803,37.39044122,-0.4583257359114512,38.6713320627634,4.321148569934136,43.0,435.0
영등포구,신길동,삼화여관,2,고위험군,37.49716012,126.9074689,191817.5821,444192.9556,41.57385389,0.8782128304204022,41.63507339912513,4.367891217618398,43.0,435.0
영등포구,신길동,대성장여관,2,고위험군,37.50887033,126.9154404,192523.6628,445491.9751,43.04772582,1.483813836841911,42.34374361874521,4.389821483959872,43.0,435.0
강남구,역삼동,뉴성심장,2,고위험군,37.49803822,127.0393026,203475.44,444287.117,35.77918864,-6.719715583388634,44.0265439231533,4.676472377757635,43.0,435.0
강남구,역삼동,강남648호텔,2,고위험군,37.49724076,127.0310653,202747.0605,444198.337,40.55707327,-5.1549732835520174,44.28162530823144,4.749158274819743,43.0,435.0
강남구,삼성동,호텔라엠 HOTEL La M,2,고위험군,37.51409315,127.0650082,205747.2943,446070.2678,35.01639888,-4.508083822733887,41.14742670633454,4.307073468040866,43.0,435.0
강남구,논현동,휴호텔,2,고위험군,37.51389224,127.0366518,203240.3512,446046.615,48.4151719,5.933095373036693,44.23320912700097,4.647268632750386,43.0,435.0
송파구,잠실동,wynn(윈),2,고위험군,37.50846893,127.083407,207374.4678,445447.3338,34.91356048,-5.863086705617789,42.61788482410067,4.1945518053590325,43.0,435.0
송파구,잠실동,마쯔&2060,2,고위험군,37.50826138,127.083844,207413.1303,445424.3328,39.55418134,-1.366869860360417,42.655062620833256,4.193151292861345,43.0,435.0
송파구,마천동,해강,2,고위험군,37.49249331,127.1543075,213646.0785,443682.1632,43.9749055,1.9753365045498796,42.921094304706145,4.045513888250401,43.0,435.0
송파구,마천동,한양여인숙,2,고위험군,37.49239026,127.1535927,213582.8878,443670.6226,25.46312478,-16.539439707460545,42.924462860871145,4.047151647087164,43.0,435.0
송파구,잠실동,라몬 모텔,2,고위험군,37.50848708,127.0829276,207332.0778,445449.3108,50.2765275,5.687037982272443,42.58121770349211,4.197327565307692,43.0,435.0
중구,(남산동,오요5롯지B(oYo5LodgeB),2,고위험군,37.55646209,126.9842423,198607.6709,450770.8303,41.86795209,-0.7147599686312205,43.131091623521385,4.277276759011,43.0,435.0
종로구,누상동,경복궁 서촌 크리스천 홈(Christian Home),2,고위험군,37.57905551,126.9634431,196770.8518,453278.9474,40.53988204,-0.15402590156333673,42.71209753769536,3.7475125496050916,43.0,435.0
종로구,누상동,게스트하우스 포테이토(Guest house Potato),2,고위험군,37.57729245,126.9657549,196974.9814,453083.191,44.19771534,-6.810327990455583,42.532844359189994,3.8309143046081284,43.0,435.0
종로구,명륜1가,혜화 갤러리 아트,2,고위험군,37.58538272,126.9964746,199688.6167,453980.5731,23.69443007,-13.326854857824177,38.97088524727366,4.09243923291388,43.0,435.0
종로구,누하동,외가스테이,2,고위험군,37.57707922,126.9669566,197081.1287,453059.487,51.29423278,-2.32046846279097,42.53859233419777,3.8424657076527615,43.0,435.0
종로구,동숭동,달빛스테이,2,고위험군,37.58122877,127.0048812,200431.1508,453519.5373,33.04972912,-3.0722206909726992,38.36647538645218,4.1677886845417635,43.0,435.0
종로구,사직동,디자이너의 집,2,고위험군,37.57065189,126.9652333,196928.6362,452346.1826,41.72423496,1.308100450603277,42.239165951690765,4.036185243486803,43.0,435.0
종로구,숭인동,Lucia BNB,2,고위험군,37.57185478,127.0174885,201544.9462,452479.265,43.17949075,7.601709618451878,37.48600515804902,4.224801327254139,43.0,435.0
종로구,동숭동,스튜디오 나인,2,고위험군,37.5765103,127.0056418,200498.3719,452995.8451,48.17283085,9.220023322988894,39.59458976084319,4.196670471217951,43.0,435.0
종로구,명륜1가,서유니스테이,2,고위험군,37.58392029,126.9972026,199752.9193,453818.2578,34.462287,-2.3692237460002232,38.6851273132255,4.103900603218773,43.0,435.0
종로구,숭인동,스콧스테이,2,고위험군,37.57421651,127.0154501,201364.8242,452741.3581,37.33031203,1.2722353370641883,37.75335013843633,4.222056685491608,43.0,435.0
종로구,명륜4가,Summer Stay,2,고위험군,37.57907379,126.9999585,199996.3378,453280.348,39.99555999,2.501824117373033,39.368702186937185,4.151168868667894,43.0,435.0
종로구,혜화동,스테이늘,2,고위험군,37.58756109,126.999238,199932.7012,454222.3419,40.24175262,3.441295523103136,38.91062398696792,4.10680339054339,43.0,435.0
종로구,충신동,매니스테이(Manny stay),2,고위험군,37.57207588,127.0036243,200320.1729,452503.6669,40.27820291,2.9766627193017783,39.784827473447315,4.223429349842839,43.0,435.0
종로구,동숭동,Leafful House,2,고위험군,37.5783436,127.0051508,200454.989,453199.3178,35.30888226,-1.1186921693457705,38.68013466761816,4.182707996238738,43.0,435.0
종로구,연건동,스테이 우연 종로,2,고위험군,37.57397464,126.9991629,199926.0495,452714.4015,46.07565852,8.404800375005713,39.97459461351092,4.179085827952965,43.0,435.0
종로구,창신동,스텀프 서울(Stump Seoul),2,고위험군,37.57637446,127.0114388,201010.4525,452980.8149,38.58824191,0.6673582552957456,39.82272822632985,4.210677236450309,43.0,435.0
종로구,창신동,행복하우스,2,고위험군,37.57289625,127.0099206,200876.3773,452594.7586,33.89851878,-4.871741063910044,40.41558785154737,4.23164413968246,43.0,435.0
종로구,동숭동,동숭스테이,2,고위험군,37.57696114,127.0048398,200427.5174,453045.8792,35.44823614,-1.7236811847132003,39.16828071399347,4.190600389186693,43.0,435.0
종로구,연건동,종로 사랑채,2,고위험군,37.57380993,126.9984984,199867.3538,452696.1213,38.76461806,-2.969073659949345,39.90479383055412,4.173584634984389,43.0,435.0
종로구,동숭동,studio-2H,2,고위험군,37.57798974,127.004034,200356.3378,453160.0386,38.15147466,1.6698081962483045,38.67988359404974,4.180482662309824,43.0,435.0
종로구,부암동,레이지마운틴,2,고위험군,37.5881634,126.9633709,196764.8684,454289.822,45.95627697,2.6263633892640357,43.98408283491088,3.6824438956762857,43.0,435.0
종로구,명륜3가,쉼표스테이-종로점,2,고위험군,37.5818896,126.9946863,199530.6429,453592.884,34.66726879,-5.905534035498292,38.78343989990399,4.083364990453688,43.0,435.0
종로구,이화동,씨엘 드 서울,2,고위험군,37.57447432,127.0069088,200610.3091,452769.8823,36.60831945,-3.6809664655095844,40.67206035539452,4.216683327460441,43.0,435.0
종로구,창신동,서경,2,고위험군,37.57040647,127.0111472,200984.7708,452318.4341,57.61500754,5.29903309293973,38.7976299940757,4.244605944594355,43.0,435.0
종로구,충신동,우주하우스,2,고위험군,37.57241142,127.0054482,200481.2904,452540.9158,48.26134114,1.7265123930300632,40.72684586515262,4.2270794422323,43.0,435.0
종로구,누하동,서촌 스테이,2,고위험군,37.57705277,126.9683159,197201.2043,453056.5099,42.32151399,1.8259905475909335,42.60171378397233,3.8207279034246344,43.0,435.0
종로구,사간동,행복한 결정,2,고위험군,37.57507311,126.97972,198208.5271,452836.5119,59.18872553,6.181778153059895,42.41091565727901,3.8249258384017466,43.0,435.0
종로구,효자동,온세나라의 한옥집,2,고위험군,37.57925252,126.9705241,197396.3359,453300.5934,50.4213698,-3.0381480708026913,42.84273957039002,3.7671082028687857,43.0,435.0
종로구,연건동,코지드림,2,고위험군,37.57625892,126.9998652,199988.0915,452967.9298,39.57873283,1.951624738636589,39.97511329492271,4.168599220766728,43.0,435.0
종로구,창신동,홍스 게스트하우스(Hong's guest house),2,고위험군,37.57337487,127.0093892,200829.4276,452647.875,33.40063133,-4.831085588241635,40.50904408488311,4.228696923669627,43.0,435.0
종로구,삼청동,슬로우스테이,2,고위험군,37.58182825,126.9818294,198395.009,453586.2168,56.07902177,9.956651932703167,48.19767646659796,3.8535713653911254,43.0,435.0
종로구,옥인동,더 모닝,2,고위험군,37.57960508,126.9691711,197276.8339,453339.7619,51.97864139,-2.380548598336361,42.837890768605405,3.7688289188947373,43.0,435.0
종로구,누하동,킴자 하우스,2,고위험군,37.57727948,126.9666425,197053.3925,453081.7233,46.52187423,4.829942508081082,42.5184297839439,3.8428032275788593,43.0,435.0
종로구,누하동,누하킴바이초이,2,고위험군,37.57706234,126.96847,197214.817,453057.5675,38.73543532,-1.8187442446742637,42.60960602084421,3.8166564994933787,43.0,435.0
종로구,동숭동,루미혜화하우스,2,고위험군,37.580752,127.0044494,200393.0196,453466.6194,35.19597455,-1.4300409885568897,38.50860282461634,4.168041673492663,43.0,435.0
종로구,숭인동,어바웃플레이스(종로),2,고위험군,37.57284724,127.0198415,201752.7849,452589.4578,31.04724852,-3.676810156406159,36.731627777712085,4.214122490136846,43.0,435.0
종로구,삼청동,아복화도,2,고위험군,37.58473252,126.9805974,198286.2597,453908.5794,60.83428478,13.601019004103591,48.060540990890225,3.846416600766522,43.0,435.0
종로구,명륜1가,다즐데이,2,고위험군,37.58513783,126.9965269,199693.2342,453953.3929,34.38354022,-6.513563313421656,38.938394354871534,4.093740682547745,43.0,435.0
종로구,창신동,Ocher75,2,고위험군,37.57186853,127.0145496,201285.3208,452480.7468,40.08983536,2.866533259144603,39.2399663597371,4.233214290297799,43.0,435.0
종로구,원서동,한옥 살롱 115,2,고위험군,37.58073136,126.9883187,198968.1898,453464.3834,43.08616066,-6.890346497182186,42.37450126292021,3.9814947293615077,43.0,435.0
종로구,연건동,생추어리 종로,2,고위험군,37.57388942,126.9995166,199957.2938,452704.9428,39.26422403,1.3546006359474418,39.95570846926191,4.1833389166766475,43.0,435.0
종로구,명륜1가,사브리나 인 혜화,2,고위험군,37.58464025,126.9967044,199708.9126,453898.1666,35.19767749,-1.5540110274362817,38.85683142398394,4.097025721931034,43.0,435.0
종로구,충신동,낙산의 야경,2,고위험군,37.57281384,127.0065969,200582.7651,452585.5862,37.17979395,-2.245154698569891,40.75499660719121,4.226954976092848,43.0,435.0
종로구,동숭동,슬로우스테이 혜화,2,고위험군,37.57838047,127.0045106,200398.4354,453203.407,25.6581223,-9.507237679273725,38.61203847510952,4.179950900316507,43.0,435.0
종로구,숭인동,밤비 라 벨르,2,고위험군,37.57283677,127.0189944,201677.9572,452588.2803,34.80309151,-0.19858383544113423,36.85266073177531,4.216758299780636,43.0,435.0
종로구,명륜2가,창경궁로 하우스,2,고위험군,37.58134152,126.9984553,199863.5593,453532.0412,42.74601658,6.575692750770521,38.44455362419909,4.125559340468122,43.0,435.0
종로구,숭인동,그린하우스3,2,고위험군,37.57413541,127.018058,201595.2067,452732.398,39.63411954,5.042258604401752,36.75780345348718,4.215353827245789,43.0,435.0
종로구,명륜1가,거북이집2,2,고위험군,37.58644628,126.9968187,199719.0203,454098.6151,33.83276553,-2.9985696007223765,39.035129089002524,4.092155430405097,43.0,435.0
종로구,숭인동,종로테라스 스테이,2,고위험군,37.5740131,127.0179431,201585.0557,452718.8211,33.80362259,-0.8679228689855591,36.78428267950087,4.216117490164879,43.0,435.0
종로구,숭인동,다 올,2,고위험군,37.57326645,127.0183138,201617.8214,452635.9579,29.40901059,-5.160041848168952,36.89376007087039,4.2171285017735585,43.0,435.0
종로구,창신동,창신맨션,2,고위험군,37.57072247,127.0120566,201065.1074,452353.5163,33.79043054,-3.1122707665729337,39.082266058356005,4.24186539683132,43.0,435.0
종로구,창신동,소윤재,2,고위험군,37.57433739,127.0136425,201205.1454,452754.7497,41.04417387,4.233840095600293,38.926875504034115,4.223709658884561,43.0,435.0
종로구,충신동,에피소드 스테이,2,고위험군,37.57233013,127.0074883,200661.517,452531.9059,43.09397537,3.8796760383467443,40.54621990280464,4.232906226798461,43.0,435.0
종로구,홍지동,엘리의 기억,2,고위험군,37.597632,126.9580216,196292.8752,455340.9282,45.59881177,1.6308780473633462,45.01821921973771,3.622426483499217,43.0,435.0
종로구,창신동,힐제이,2,고위험군,37.5755572,127.0082476,200728.5613,452890.079,36.71266944,-1.5688523547723108,40.39208116592508,4.211771436761168,43.0,435.0
종로구,익선동,SOUL STAY,2,고위험군,37.57202034,126.9883332,198969.3506,452497.5605,36.67221877,0.2839048372782713,37.34679027499941,3.9970531388138935,43.0,435.0
종로구,이화동,덕덕 스테이,2,고위험군,37.57430912,127.0072709,200642.2905,452751.5494,41.30293322,2.2500018854099224,40.74700704173223,4.21907373353372,43.0,435.0
종로구,체부동,스테이오구당당,2,고위험군,37.57487244,126.969823,197334.2546,452814.4746,29.6897594,-12.17712114348376,42.35999032552062,3.8461809034946484,43.0,435.0
종로구,홍지동,스테이도호,2,고위험군,37.59442514,126.9590077,196379.8105,454984.964,52.69061378,1.277304244316106,44.70485024938338,3.6192674990434517,43.0,435.0
종로구,동숭동,영스테이,2,고위험군,37.57685429,127.0054421,200480.7256,453034.023,43.22420812,1.7650201149788671,39.33714603333638,4.193690054091076,43.0,435.0
종로구,누상동,누상 스튜디오,2,고위험군,37.57702556,126.9645801,196871.2031,453053.6078,40.88230727,0.5485653264862407,42.53245834543763,3.8173977624454865,43.0,435.0
종로구,동숭동,아늑히 혜화,2,고위험군,37.5788742,127.0052147,200460.6285,453258.2086,41.37641307,1.0309570096785095,38.57285874179155,4.179837262009417,43.0,435.0
종로구,청운동,옥연재,2,고위험군,37.58293415,126.9659934,196996.2837,453709.3475,41.37225948,-0.7851737440414936,43.289417782890965,3.7489625436476697,43.0,435.0
종로구,명륜1가,스테이 자두,2,고위험군,37.58428494,126.9959294,199640.4595,453858.7339,34.86457159,-1.8438716802608823,38.911423839130585,4.090645073286436,43.0,435.0
종로구,명륜3가,메종 프롬네르,2,고위험군,37.58761522,126.9927879,199363.0092,454228.3739,45.41359904,6.483772433772273,40.103313561250914,4.047347350458403,43.0,435.0
종로구,명륜3가,Ivon Stay,2,고위험군,37.58488032,126.9950924,199566.5332,453924.8179,34.55417227,-2.3830023818996864,39.082463897617245,4.079826498370504,43.0,435.0
종로구,충신동,낙산성곽 게스트,2,고위험군,37.57382496,127.0074861,200661.313,452697.8147,38.0131833,-1.466478355683293,40.808151158286186,4.222002129558708,43.0,435.0
종로구,창신동,blessing[축복],2,고위험군,37.57154433,127.01198,201058.3288,452444.7323,32.5935272,-4.709573962876895,39.63903344874497,4.237490548220034,43.0,435.0
종로구,명륜3가,명문가,2,고위험군,37.58689804,126.9933154,199409.5952,454148.7716,48.9345883,10.681956336011822,39.82919678553584,4.054791055013915,43.0,435.0
종로구,숭인동,아뜰리에8 동묘3,2,고위험군,37.57146892,127.0163964,201448.4777,452436.4216,41.64684799,5.537136320143439,38.12466804232926,4.229629236850777,43.0,435.0
종로구,행촌동,서담재,2,고위험군,37.5730728,126.9619549,196639.1297,452614.9877,50.51994086,10.486462252713437,42.26942653636532,3.8820389086747684,43.0,435.0
종로구,누하동,여인숙 깔마,2,고위험군,37.57768546,126.9683244,197201.9771,453126.731,35.82858009,-4.666968831783521,42.598527694081724,3.814901966393846,43.0,435.0
종로구,창신동,스테리 하우스,2,고위험군,37.57250631,127.0115171,201017.4218,452551.4959,48.8998127,9.741637465891941,40.22708161146313,4.233153170685448,43.0,435.0
종로구,동숭동,모드의집,2,고위험군,37.58046511,127.004045,200357.295,453434.7763,32.23794208,-4.381535044558817,38.5548918737094,4.16769916820658,43.0,435.0
종로구,충신동,오하이서울,2,고위험군,37.57285097,127.0072964,200644.5574,452589.7118,42.14006162,2.7102643301922313,40.76039035767942,4.228687358931588,43.0,435.0
종로구,동숭동,플라워니 스테이,2,고위험군,37.57730218,127.0054439,200480.8817,453083.7336,38.33716347,2.0106906589580333,39.1044034110838,4.190940635434416,43.0,435.0
종로구,명륜3가,제이스테이,2,고위험군,37.5879836,126.9937221,199445.5294,454269.254,46.95778089,8.298140826693754,39.836143319043515,4.057750548083261,43.0,435.0
종로구,동숭동,스테이 대학로,2,고위험군,37.57760901,127.0054704,200483.2241,453117.7883,41.4194828,4.130837250074698,38.9706848205251,4.189097143321679,43.0,435.0
종로구,연건동,종로 인사이드,2,고위험군,37.57351439,126.998769,199891.2577,452663.3194,50.97011135,7.566395901464148,39.813610797761974,4.178742284610645,43.0,435.0
종로구,연건동,바우하우스#3,2,고위험군,37.5741174,126.9984071,199859.2847,452730.247,29.02528386,-8.916527434073604,40.03150457556935,4.1701316697801865,43.0,435.0
종로구,사직동,솔라하우스,2,고위험군,37.57022261,126.966697,197057.9256,452298.4907,47.33542371,7.276244342840712,42.23184186609035,4.034348406316872,43.0,435.0
종로구,명륜1가,스테이 혜래,2,고위험군,37.58625433,126.9969301,199728.8526,454077.3105,38.93060945,-1.7575865479548796,39.0070423278545,4.093744616589932,43.0,435.0
종로구,연건동,리리하우스(LI LI HOUSE),2,고위험군,37.57378848,126.9993475,199942.3557,452693.7397,47.47162666,-2.6154087654767366,39.900382710759494,4.182582133556034,43.0,435.0
종로구,필운동,윤스테이,2,고위험군,37.57371059,126.969278,197286.0626,452685.5383,40.11114409,-0.1248488549304767,42.23732318981927,3.8949856876152427,43.0,435.0
종로구,창신동,창신동숙,2,고위험군,37.57372994,127.0113029,200998.4839,452687.3023,37.21380932,-1.6307083540160079,40.016291178449116,4.226762399777109,43.0,435.0
종로구,숭인동,부엉이 게스트하우스(OWL Guesthouse),2,고위험군,37.57264698,127.01936,201710.2576,452567.2224,31.76487435,-3.1147226105240478,36.83756410589474,4.216263230771929,43.0,435.0
종로구,체부동,한스하우스(Hans house),2,고위험군,37.57471511,126.969672,197320.911,452797.0171,34.96165997,-6.589227842558195,42.33421861150302,3.8574318554347515,43.0,435.0
종로구,필운동,게스트하우스 필운,2,고위험군,37.57419892,126.9675447,197132.9705,452739.7888,34.54451635,-6.802054710590376,42.33618924112711,3.9191508512400217,43.0,435.0
종로구,소격동,쥘리앵,2,고위험군,37.57798512,126.9802125,198252.1046,453159.7022,51.18970741,6.711190435979873,44.967819961157325,3.8164884853355123,43.0,435.0
종로구,숭인동,킴스패밀리하우스,2,고위험군,37.5734284,127.0213203,201883.4058,452653.9885,31.35018283,-2.7819511852370766,36.555835178203765,4.208014907356789,43.0,435.0
종로구,창신동,코비게스트하우스,2,고위험군,37.57042698,127.013348,201179.189,452320.7358,44.48160852,6.018223425160755,39.00722740271491,4.241886848043637,43.0,435.0
종로구,창신동,낙산발코니,2,고위험군,37.57637942,127.0092453,200816.6837,452981.3441,36.3936514,-2.8205568934397007,40.32729707833031,4.208042410570794,43.0,435.0
종로구,창신동,하이얀(Haiyan),2,고위험군,37.57476996,127.0128206,201132.5394,452802.7497,37.27620449,-0.29126201946642993,39.262151084624385,4.220590111486518,43.0,435.0
종로구,팔판동,팔판동 레지던스,2,고위험군,37.58023347,126.9796263,198200.3715,453409.2543,64.41075129,6.2519895085550985,45.94445270434759,3.8156922328152816,43.0,435.0
종로구,옥인동,디 하우스,2,고위험군,37.58024857,126.9647079,196882.6187,453411.3207,45.1733403,-5.102547149263515,42.872876995779194,3.7523543047710386,43.0,435.0
종로구,창신동,종로랑,2,고위험군,37.57412784,127.0088992,200786.1354,452731.4418,41.69800265,2.0554809245162886,40.60441624447632,4.2227354979085145,43.0,435.0
종로구,숭인동,종로03,2,고위험군,37.5770678,127.0164702,201454.8875,453057.8337,42.85265611,6.56209991203292,37.145013845332045,4.207688696148925,43.0,435.0
종로구,숭인동,우드 브릿지,2,고위험군,37.5776089,127.0160414,201416.9959,453117.883,33.78967505,-1.3985322227451675,37.34940972960877,4.206128728140221,43.0,435.0
종로구,누상동,서로 우리 하우스,2,고위험군,37.57821014,126.9651853,196924.7075,453185.0626,42.59248438,1.9528104323613817,42.63824298221695,3.8007997860298546,43.0,435.0
종로구,동숭동,루나,2,고위험군,37.57716262,127.0050959,200450.1458,453068.2423,36.15249321,-1.5302760575971206,39.104876580607616,4.190340131548798,43.0,435.0
종로구,동숭동,자갈자갈집,2,고위험군,37.58075611,127.0036716,200324.3085,453467.0726,30.26264809,-6.310011150681319,38.55653555389392,4.1643885551539075,43.0,435.0
종로구,동숭동,혜화비앤비,2,고위험군,37.57826684,127.0048888,200431.84,453190.7971,41.75313856,5.227138244996297,38.674852929653575,4.182093485186365,43.0,435.0
종로구,충신동,무이하우스,2,고위험군,37.57259223,127.0051718,200456.873,452560.9822,45.96679891,6.10559578365536,40.87441318522271,4.225304545850878,43.0,435.0
종로구,동숭동,혜화디어홈,2,고위험군,37.5770991,127.0040568,200358.3534,453061.1879,36.70825939,-0.292759356873745,38.995367737690636,4.186371931066327,43.0,435.0
종로구,숭인동,더모던한옥,2,고위험군,37.57338388,127.0156867,201385.7439,452648.9493,43.90240384,-8.108876951877996,37.81398600019493,4.224522488670554,43.0,435.0
종로구,누하동,호랑주택,2,고위험군,37.575989,126.9687868,197242.7592,452938.4298,38.47912658,-9.360974679185219,42.51048505702113,3.8374985645260486,43.0,435.0
종로구,사직동,지니크 인,2,고위험군,37.57199422,126.9649162,196900.6794,452495.1761,49.41784938,8.937006069641647,42.22941962069543,3.983458607426583,43.0,435.0
종로구,동숭동,Hyehwa the hill,2,고위험군,37.58081972,127.0052234,200461.3832,453474.1391,35.44910295,-0.7329002589272591,38.53162749989717,4.171473714617081,43.0,435.0
종로구,숭인동,토토스테이,2,고위험군,37.57483903,127.0153908,201359.5789,452810.4498,35.94240913,0.14980394598543967,37.644699588764865,4.219284771704918,43.0,435.0
종로구,숭인동,스테이별빛숭인,2,고위험군,37.57231353,127.0185069,201634.8996,452530.1982,35.59002371,-3.2803836990254567,37.02123783764775,4.219845052768206,43.0,435.0
종로구,숭인동,Today Sinseol,2,고위험군,37.57315713,127.0212725,201879.1962,452623.8797,31.2441916,-3.2362199210721343,36.58948548328687,4.208807197506593,43.0,435.0
종로구,동숭동,스테이 릴리헤이븐,2,고위험군,37.57796653,127.0038134,200336.8489,453157.4617,29.20497017,-6.254494657206731,38.69931399808859,4.179716256040828,43.0,435.0
종로구,누상동,seochon visit,2,고위험군,37.57824488,126.9653134,196936.0209,453188.9141,42.58194229,1.9418765338237094,42.6411398301134,3.805563771108244,43.0,435.0
종로구,연건동,노마드 컴퍼니,2,고위험군,37.57377342,126.9995655,199961.6205,452692.0681,34.52245346,-3.339356685782718,39.90865862899706,4.18489974836214,43.0,435.0
종로구,창신동,낙산별화,2,고위험군,37.57584109,127.0086944,200768.0297,452921.591,37.29374739,-0.9175687297605393,40.374847900909295,4.210662055298814,43.0,435.0
종로구,창신동,STAY-JUN,2,고위험군,37.57468047,127.0096493,200852.3931,452792.7839,41.78732154,2.4100392434701945,40.49356414552165,4.220113818835867,43.0,435.0
종로구,통인동,오렌지,2,고위험군,37.57754872,126.9700155,197351.3499,453111.5054,53.30065427,4.279606201089813,42.69163088997804,3.790263962128014,43.0,435.0
종로구,창신동,white house,2,고위험군,37.57061763,127.0128817,201138.0,452341.89,36.41708504,-0.6603323409329676,39.046993776630316,4.241262452748047,43.0,435.0
종로구,숭인동,스테이지니,2,고위험군,37.57532974,127.0216079,201908.7635,452865.021,34.84774418,-3.7341755695750862,36.45567888031604,4.201988134539255,43.0,435.0
종로구,창신동,낙산 네스트(Naksan Nest),2,고위험군,37.57452089,127.0098405,200869.2886,452775.0741,34.99955458,-3.9709345062893036,40.45671898638598,4.221163488954804,43.0,435.0
종로구,동숭동,고은,2,고위험군,37.58044549,127.0047395,200418.6424,453432.6016,39.91231704,3.5103084855047086,38.544822917961056,4.170341850492206,43.0,435.0
종로구,충신동,램파트 게스트하우스,2,고위험군,37.57211599,127.0072916,200644.1406,452508.1375,42.05940877,3.7763326919373625,40.45850335107791,4.233813042341341,43.0,435.0
종로구,행촌동,잔잔스테이,2,고위험군,37.57102423,126.9628053,196714.1624,452387.5901,54.42816398,0.5985789491880098,42.28133168488742,3.984780749208589,43.0,435.0
종로구,충신동,테이블 노트,2,고위험군,37.57321044,127.0069916,200617.6295,452629.6067,36.71474352,-2.8660764763185114,40.91031365622603,4.22519338870696,43.0,435.0
종로구,숭인동,헬로서울,2,고위험군,37.57545495,127.0153898,201359.4829,452878.8098,27.10943643,-12.130221669780756,37.62420864791069,4.216561111377065,43.0,435.0
종로구,부암동,라오테아로아 로그 하우스,2,고위험군,37.59531576,126.966535,197044.6115,455083.5494,61.45568017,5.560351908641955,45.611114058611555,3.733305868449626,43.0,435.0
종로구,동숭동,J-Park Story 동숭동,2,고위험군,37.57760907,127.004499,200397.4095,453117.7904,34.96233492,-1.6657513972618787,38.828564011893775,4.184781714425469,43.0,435.0
중구,(회현동,제이하우스,2,고위험군,37.55421386,126.9800582,198237.9105,450521.3737,51.64901113,-1.789895980169014,40.676299959988796,4.3320121271510965,43.0,435.0
중구,(회현동,88 게스트하우스,2,고위험군,37.55741988,126.9832419,198519.2921,450877.1489,38.17329224,-7.372383941342299,41.642560701881905,4.26932534040473,43.0,435.0
중구,(남산동,숨2nd,2,고위험군,37.55543636,126.9859744,198760.694,450656.9622,40.49656198,-2.091880983115466,43.93352206148709,4.274724645263075,43.0,435.0
중구,(남산동,제이나인 게스트하우스,2,고위험군,37.55556946,126.9842,198603.9158,450671.7596,46.78088892,4.8856012826643465,43.45639576222238,4.287622823096703,43.0,435.0
중구,신당동,마르코의 다락방,2,고위험군,37.5489861,127.0082689,200730.7041,449941.0003,37.09025641,-3.706324909814022,42.93555013566027,4.606030081425536,43.0,435.0
중구,(회현동,라온,2,고위험군,37.5550507,126.9831565,198511.7028,450614.1994,59.61864305,2.4174924920437064,43.164416005430084,4.2987027002969995,43.0,435.0
중구,(남산동,엔드 서울,2,고위험군,37.55488937,126.9843849,198620.2357,450596.275,47.31192821,0.18079401789199068,43.50196053292653,4.2912419494215115,43.0,435.0
중구,필동,명동 위 스테이,2,고위험군,37.5557537,126.9956652,199616.9777,450692.0995,40.51388138,-0.541419135472033,41.80969115373183,4.246609242311346,43.0,435.0
중구,(만리동,서울 삼월,2,고위험군,37.55401687,126.9670078,197084.7555,450499.8349,59.5545475,5.718706534918752,41.3082877946844,4.469742976257151,43.0,435.0
중구,황학동,쉼 스테이,2,고위험군,37.56474665,127.0201533,201780.5246,451690.3927,39.015828,1.1290967413860997,38.48498729325671,4.245352977326335,43.0,435.0
중구,신당동,일상고요,2,고위험군,37.56070631,127.010882,200961.4617,451241.8273,35.86591188,-3.045365853088285,41.55677434776353,4.317783979774552,43.0,435.0
중구,신당동,스테이 신당,2,고위험군,37.55270014,127.0057008,200503.7439,450353.1973,41.09614645,-0.20211232928562595,42.88720066615813,4.5128842304282175,43.0,435.0
중구,신당동,원웨이하우스,2,고위험군,37.56091005,127.0096196,200849.9295,451264.4279,59.11993,4.648684031934721,41.957049213153574,4.318084200878635,43.0,435.0
중구,(광희동,스테이오얏,2,고위험군,37.56135165,127.0075562,200667.6142,451313.4236,47.07123659,6.883689415005485,42.40225274016169,4.310256391037216,43.0,435.0
중구,(광희동,메종 드 린,2,고위험군,37.56077622,127.0084615,200747.605,451249.5645,41.38415878,1.550351413737566,42.21515312444096,4.31987271350865,43.0,435.0
중구,중림동,서울로 스테이,2,고위험군,37.55472963,126.9667115,197058.6011,450578.952,41.07758266,2.134272371812628,41.019487546134386,4.470815485307633,43.0,435.0
중구,(남산동,그린네이비 게스트하우스,2,고위험군,37.55597835,126.9858585,198750.4613,450717.1182,38.43651312,-2.971814614218225,43.601505576465094,4.268359171487516,43.0,435.0
중구,신당동,서울 나침반,2,고위험군,37.56041504,127.0175305,201548.8951,451209.5886,34.91884579,-1.2959882979365673,38.261854275122545,4.296934936373092,43.0,435.0
중구,남창동,소시 스테이,2,고위험군,37.55367274,126.9766149,197933.6431,450461.386,33.13097855,-4.712306751341366,38.45811519926551,4.362964661543119,43.0,435.0
중구,(광희동,하나 스테이,2,고위험군,37.56150091,127.0088191,200779.191,451329.9994,35.17793373,-4.8897241715724675,42.17548417876324,4.3095723642203,43.0,435.0
중구,신당동,소당 스테이,2,고위험군,37.56159957,127.0121655,201074.8572,451340.9825,36.09486543,-2.7137259104594733,40.8602237677186,4.306616568058667,43.0,435.0
중구,(광희동,호야,2,고위험군,37.56123206,127.0089903,200794.3234,451300.1617,45.14853056,-3.2284736248567967,42.13028750899424,4.313581292776128,43.0,435.0
중구,(필동,나미스 하우스,2,고위험군,37.55760098,126.9967439,199712.3019,450897.1218,54.444493,7.1350910908929635,41.359746197857206,4.2386822812439995,43.0,435.0
중구,(광희동,스테이 이비비,2,고위험군,37.56096498,127.0079841,200705.4188,451270.5109,42.19562817,1.9740544540957217,42.33230747856967,4.315516885923236,43.0,435.0
중구,(남산동,명동힐,2,고위험군,37.55618754,126.9858278,198747.7601,450740.3362,41.50493717,-1.184862391742044,43.55580772865716,4.264568040251815,43.0,435.0
중구,(회현동,남산 네스트,2,고위험군,37.554501,126.9835012,198542.1455,450553.1839,60.04891782,4.335519872859557,43.385887764200504,4.30083144801724,43.0,435.0
중구,필동,충무맨션,2,고위험군,37.55679475,126.9950393,199561.6804,450807.6464,31.73977033,-7.53551037458994,41.447141083875664,4.22687115953049,43.0,435.0
중구,(남산동,하우스 사라,2,고위험군,37.55471617,126.9847442,198651.9832,450577.0466,38.32964899,-0.6821811541788634,43.702403250616655,4.2916615550376,43.0,435.0
중구,(광희동,지안,2,고위험군,37.56101811,127.0089864,200793.9749,451276.4157,39.55814524,-1.8570613429264853,42.13027379189743,4.317019549510585,43.0,435.0
중구,신당동,단이랑체리의집,2,고위험군,37.55998923,127.0134705,201190.1805,451162.2695,39.75158107,0.30459062861946506,40.16304104625315,4.322956528970927,43.0,435.0
중구,신당동,스테이 109,2,고위험군,37.5603757,127.0188196,201662.7907,451205.2443,32.32799509,-4.181724265917509,38.447428728897066,4.290081781334782,43.0,435.0
중구,(회현동,제이나인 롯지,2,고위험군,37.55368801,126.9812494,198343.1612,450462.989,51.36199141,-5.582705452629135,42.47192408829143,4.327409725479106,43.0,435.0
중구,신당동,유에 하우스,2,고위험군,37.55940725,127.0129652,201145.5411,451097.6704,46.08807564,7.584447131783001,40.62236440595521,4.331877712495039,43.0,435.0
중구,(만리동,더 파인 하우스,2,고위험군,37.55237109,126.9660433,196999.462,450317.2033,41.35634153,1.9173742651565107,41.86097077752824,4.497341863405364,43.0,435.0
중구,(남산동,봉스 비앤비(Bong's BNB),2,고위험군,37.55451805,126.9843521,198617.3315,450555.0634,54.46960679,-0.6463047107233209,43.48901714566276,4.295605279922772,43.0,435.0
중구,(남산동,Juny's Cozy Home,2,고위험군,37.55581166,126.9859932,198762.3632,450698.6158,38.30371759,-3.2284679163364842,43.726061484531286,4.269717882540904,43.0,435.0
중구,(남산동,남산 하이드아웃,2,고위험군,37.55534782,126.9839547,198582.236,450647.1639,57.20054365,-0.6381705111622793,43.35020890998372,4.290436793046698,43.0,435.0
중구,신당동,랜디모어,2,고위험군,37.55887898,127.0088564,200782.5175,451038.9965,32.43703662,-7.765437896219275,42.05486617218871,4.34581992726798,43.0,435.0
중구,(필동,섭 스테이,2,고위험군,37.55767439,126.9970922,199743.0717,450905.2684,49.93309602,6.403658267307961,41.44254319258725,4.2426626164463705,43.0,435.0
중구,예장동,태라 인 명동,2,고위험군,37.55480677,126.9849211,198667.615,450587.0996,42.9253076,1.1663554512936471,43.80269428149661,4.290053916564676,43.0,435.0
중구,(남산동,보로하우스,2,고위험군,37.5548131,126.9847312,198650.8398,450587.8049,39.89904003,-2.1817097576788242,43.69736704354104,4.290283136850898,43.0,435.0
중구,중림동,서울로 드림 하우스,2,고위험군,37.55441998,126.9665703,197046.1105,450544.5889,44.46249585,-11.567492399287936,41.1308815938124,4.475678118469237,43.0,435.0
중구,(남산동,케이브 명동,2,고위험군,37.55568395,126.9842106,198604.8492,450684.4665,46.57411602,4.7380631050685125,43.451134406342995,4.286207426102955,43.0,435.0
중구,(광희동,동대문 도도,2,고위험군,37.56099125,127.0076842,200678.9284,451273.4244,36.24904379,-3.790373714565135,42.36316671604744,4.314896553254857,43.0,435.0
중구,신당동,신당동 스마일 스테이,2,고위험군,37.56102698,127.0135953,201201.1878,451277.4491,29.67571921,-6.783247791472828,39.798450123309536,4.308253611483883,43.0,435.0
중구,(광희동,DDP NEST,2,고위험군,37.56041505,127.0074279,200656.2858,451209.4712,37.75792958,-2.1403519768714645,42.33262696870615,4.321885816721469,43.0,435.0
중구,묵정동,모노블룸 스테이,2,고위험군,37.55861369,127.000778,200068.7394,451009.5159,34.36070964,-6.177277009660052,42.474560292955594,4.287567279782669,43.0,435.0
중구,신당동,스틸 하우스 신당,2,고위험군,37.56150693,127.0118869,201050.2443,451330.6974,42.73245199,3.4638038075299704,41.04966381972873,4.306815937775739,43.0,435.0
중구,황학동,고유홈,2,고위험군,37.56586802,127.0206896,201827.8744,451814.8619,40.40560456,3.890641707257707,38.58717863041207,4.236764644593476,43.0,435.0
중구,(남산동,동동 스테이,2,고위험군,37.55539114,126.9844476,198625.7869,450651.9646,47.47970872,5.5818585184707885,43.51341610265505,4.287492983844695,43.0,435.0
중구,중림동,시스앤브로 JL,2,고위험군,37.55580362,126.9628839,196720.4354,450698.2787,34.31496082,-4.646180058417833,40.84553002012005,4.556791652287905,43.0,435.0
중구,(필동,남산벚꽃스테이,2,고위험군,37.55784545,126.9968497,199721.6519,450924.2548,51.39342502,7.6948812031520575,41.26705911541304,4.237448545414188,43.0,435.0
중구,황학동,홍스테이 신당,2,고위험군,37.56450034,127.0210405,201858.9132,451663.0724,34.87490551,-3.414991313361078,38.887804666704966,4.242882137281359,43.0,435.0
중구,필동,블루브릭스 남산,2,고위험군,37.55351364,126.9957371,199623.3159,450443.4793,52.96110765,-1.6943218219035074,42.18526282686784,4.278908054304685,43.0,435.0
중구,신당동,와유,2,고위험군,37.5537573,127.0092099,200813.8071,450470.554,40.57221977,0.6251251451114612,42.14072020385209,4.484993984014406,43.0,435.0
중구,예장동,남산 하나 하우스,2,고위험군,37.55235723,126.9937912,199451.3703,450315.1412,43.81273322,2.641501136623468,42.0904814764398,4.274050596027473,43.0,435.0
중구,(장충동,글림스,2,고위험군,37.55957821,127.0078024,200689.3821,451116.5945,47.01206448,-1.5422351070736298,42.22365674473003,4.329307804312585,43.0,435.0
중구,남학동,해마루,2,고위험군,37.55778377,126.9896856,199088.6488,450917.4543,42.42446275,2.1766394532387565,40.67854019717377,4.190566350039184,43.0,435.0
중구,신당동,뽀키 하우스,2,고위험군,37.55998632,127.0128996,201139.7433,451161.9395,34.47588615,-2.5588919300128836,40.600611762140716,4.324456060522341,43.0,435.0
중구,신당동,더 情(정) 스테이,2,고위험군,37.56112752,127.0119906,201059.4101,451288.5886,32.09606862,-6.662920501516005,41.0259138523095,4.311148067779208,43.0,435.0
중구,(광희동,웨어하우스,2,고위험군,37.56093266,127.0089999,200795.1704,451266.9319,44.52550809,3.3261035710283693,42.1282137845635,4.318499228995994,43.0,435.0
중구,필동,무지개 하우스,2,고위험군,37.55598648,126.9974478,199774.4857,450717.9296,45.88263655,4.919049903425389,42.041241285507056,4.267798610191465,43.0,435.0
중구,(장충동,중구 마루,2,고위험군,37.55578529,127.0006057,200053.5168,450695.597,48.73679139,0.223025941553054,42.76328824523491,4.325292252663959,43.0,435.0
중구,신당동,포코라 스테이,2,고위험군,37.55589487,127.0092648,200818.6295,450707.7992,43.94323832,-4.003202195866983,41.955952275512445,4.4074835465914015,43.0,435.0
중구,(장충동,서울우리집(SEOUL WOORIJIB),2,고위험군,37.56003474,127.0074591,200659.0414,451167.2615,46.42467188,5.016162634255679,42.28642751637177,4.323218119532991,43.0,435.0
중구,(회현동,남대문 하우스,2,고위험군,37.55509097,126.9792975,198170.7162,450618.737,50.51111132,-3.5679584493262126,39.60036098436274,4.329184613436861,43.0,435.0
중구,남창동,케이팝 하우스,2,고위험군,37.55394624,126.9764108,197915.6152,450491.7457,32.31059695,-5.252025367964073,38.39301293093796,4.362257990095695,43.0,435.0
중구,예장동,태은 하우스,2,고위험군,37.5563119,126.9920602,199298.4508,450754.0739,41.19362209,2.102614809269106,41.09624568930602,4.209230093333145,43.0,435.0
중구,(필동,린앤힐,2,고위험군,37.55756004,126.9968038,199717.5917,450892.5778,45.84329277,6.637927450756344,41.383930912199915,4.239920835537646,43.0,435.0
중구,황학동,티아모스테이,2,고위험군,37.56441455,127.0200994,201775.7688,451653.5325,35.22993492,-0.9301463212138614,38.50157626395617,4.247581613388915,43.0,435.0
중구,필동,미야,2,고위험군,37.55667372,126.9951559,199571.9849,450794.213,28.72798585,-10.846216644660917,41.48462336895155,4.229665140584729,43.0,435.0
중구,(남산동,스테이720,2,고위험군,37.55431315,126.9849806,198672.8637,450532.3129,43.15912087,-0.21374824258346337,43.81423537149516,4.294176966045684,43.0,435.0
중구,남창동,샤이닝 데이지,2,고위험군,37.55434273,126.9766158,197933.7438,450535.7469,34.39493308,-3.3722325124733175,38.107272673522026,4.356793648476998,43.0,435.0
중구,(광희동,라르고 스테이 동대문,2,고위험군,37.56149707,127.0086864,200767.4711,451329.5721,39.87344976,-2.049205715340328,42.20420590840345,4.3082770869010725,43.0,435.0
중구,신당동,메트로썬 스테이,2,고위험군,37.55985101,127.0113559,201003.3494,451146.9041,47.30802481,7.931972425556893,41.38520627447185,4.326488159680923,43.0,435.0
중구,(장충동,서울N하우스,2,고위험군,37.55958688,127.0083747,200739.9495,451117.5611,60.94241412,4.6376184869983135,42.157307547453854,4.332620596919315,43.0,435.0
중구,(만리동,메이하우스,2,고위험군,37.55242898,126.9659875,196994.5354,450323.6302,41.84667285,2.4182976589547422,41.850946928363356,4.49839698178898,43.0,435.0
중구,(남산동,해피가든,2,고위험군,37.55527576,126.9851366,198686.6649,450639.1489,44.88985847,1.7302721448894403,43.920454071402666,4.283070122707351,43.0,435.0
중구,예장동,마마 게스트하우스2,2,고위험군,37.5557369,126.9875998,198904.3179,450690.2984,43.60656834,0.9934933957950491,43.476727291856484,4.252967050880232,43.0,435.0
중구,중림동,J Stay Seoul,2,고위험군,37.55513081,126.9671369,197096.2009,450623.4649,44.84525576,4.717755978706414,40.91962382044465,4.459017775559203,43.0,435.0
중구,(남산동,아리하우스,2,고위험군,37.55760349,126.9860718,198769.3421,450897.4866,47.68913019,3.8836074844742967,42.183912385597544,4.232641884833647,43.0,435.0
중구,(회현동,선물플러스,2,고위험군,37.5547866,126.9821223,198420.3157,450584.9044,46.21601223,1.834479796351431,43.11073846777502,4.31013718119419,43.0,435.0
중구,신당동,77게스트하우스,2,고위험군,37.56177346,127.0108538,200958.9591,451360.2681,60.49631632,6.362494888520686,41.586707281849286,4.305311173568413,43.0,435.0
중구,(남산동,명동 루프탑호스텔 2,2,고위험군,37.55556134,126.9857794,198743.4677,450670.8361,40.86116656,-1.0513307741025812,43.89796472993549,4.275481943984236,43.0,435.0
중구,(남산동,남산 마이,2,고위험군,37.55466166,126.9840442,198590.1278,450571.007,46.68851568,3.8652721217276778,43.42857852354034,4.2955865854569355,43.0,435.0
중구,(장충동,타오,2,고위험군,37.55489488,127.0062429,200551.6224,450596.7903,53.23646908,11.696587601804112,42.4416491240209,4.4406619117893475,43.0,435.0
중구,예장동,더힐,2,고위험군,37.55500894,126.9846466,198643.3689,450609.542,45.1925667,3.534597522703649,43.64992666917512,4.289457639841578,43.0,435.0
중구,(만리동,콩 포레스트,2,고위험군,37.55234747,126.9659384,196990.1899,450314.5851,41.07725287,1.6502724464444967,41.85035810030288,4.499893505272802,43.0,435.0
중구,(회현동,남산스튜디오,2,고위험군,37.55515938,126.9793328,198173.8388,450626.329,50.53107218,-3.5869594726421425,39.709042434387115,4.3284472851063605,43.0,435.0
중구,(회현동,브루니하우스,2,고위험군,37.55358333,126.9802825,198257.7179,450451.3883,40.3849747,-1.1343040582377668,40.83199600371807,4.335309554814359,43.0,435.0
중구,(광희동,까사데루나,2,고위험군,37.56089279,127.007935,200701.0813,451262.4983,42.12728201,2.1266967017403857,42.32494084513537,4.316022419737114,43.0,435.0
중구,(회현동,스테이모어,2,고위험군,37.55454397,126.9835361,198545.2302,450557.9525,44.80164547,2.9468707389965303,43.368981063613404,4.300621650487226,43.0,435.0
용산구,서계동,유어홈,2,고위험군,37.5485797,126.9677056,197146.2052,449896.3528,37.88505541,-3.3046590090804884,43.03813517033516,4.469813619083182,43.0,435.0
용산구,(용산동,지미집2,2,고위험군,37.54356367,126.9817095,198383.5909,449339.3012,44.6726979,1.999671603217294,44.98270681940864,4.392459346817678,43.0,435.0
용산구,한강로1가,하우재,2,고위험군,37.53166385,126.9734744,197655.4528,448018.7404,28.40368529,-5.8179594057233075,35.71692789827801,4.40595808373398,43.0,435.0
용산구,동자동,서울채(seoulchae),2,고위험군,37.54730923,126.9726644,197584.3668,449755.207,45.72897854,4.563059781998184,41.5674036981425,4.422800158303638,43.0,435.0
용산구,서계동,BRO & SIS,2,고위험군,37.54783273,126.9670404,197087.3955,449813.4685,38.09581755,-3.535735978754232,43.09427792764095,4.477751035613745,43.0,435.0
용산구,서계동,블루문 하우스,2,고위험군,37.55188791,126.9674986,197128.0409,450263.5307,60.56342405,5.37091271916006,41.86535432917873,4.475359054817688,43.0,435.0
용산구,이태원동,요트(Yacht),2,고위험군,37.53264065,126.9915404,199252.2836,448126.8562,40.2934605,3.3646734929238633,39.2210474648896,4.4611935977442485,43.0,435.0
용산구,이태원동,Noel's Guest House,2,고위험군,37.53050834,126.992442,199331.9498,447890.1893,51.54204645,-1.3409394592378732,39.62867467014246,4.475308827952635,43.0,435.0
용산구,이태원동,Tree House Itaewon,2,고위험군,37.53263443,126.9903676,199148.6251,448126.1758,44.9280938,2.2970880837520014,39.712681384567155,4.455267509081969,43.0,435.0
용산구,이태원동,제로미네,2,고위험군,37.53262332,126.9916275,199259.9828,448124.9321,36.59435691,-3.764713014992793,39.197989844495346,4.461711982928652,43.0,435.0
용산구,이태원동,소안하우스,2,고위험군,37.53578494,126.9885245,198985.7591,448475.8619,33.0359577,-9.152802522408763,42.976487358112934,4.434266764785562,43.0,435.0
용산구,(용산동,Seoul Best Stay,2,고위험군,37.5417635,126.9870837,198858.5068,449139.4254,50.27019102,4.791380624556879,47.35493883386544,4.4015078169540205,43.0,435.0
용산구,서계동,casa bella(까사벨라),2,고위험군,37.55060085,126.9658074,196978.5438,450120.7355,52.52908728,-1.841570047269947,41.029206818478336,4.504731340816409,43.0,435.0
용산구,서계동,Crystal House,2,고위험군,37.55095205,126.9659247,196988.9232,450159.7107,54.51468679,-1.5243222698637524,41.266783740414596,4.502519783616938,43.0,435.0
용산구,한강로3가,모모하우스,2,고위험군,37.51980161,126.9624592,196681.3184,446702.5113,63.15776777,10.552555378755514,39.856218519968344,4.399102083084078,43.0,435.0
용산구,갈월동,Maison,2,고위험군,37.54380345,126.9733704,197646.6455,449366.0899,53.60717891,-1.459714822605953,42.209103155416315,4.4119140687828615,43.0,435.0
용산구,(용산동,플랫트먼트,2,고위험군,37.53987272,126.9848266,198658.9947,448929.6017,45.57682562,0.5483800592403796,46.90722051863181,4.4077167074584045,43.0,435.0
용산구,한강로3가,땡스땡스,2,고위험군,37.5231306,126.9612601,196575.4605,447072.0304,47.00006405,-4.41000478230503,39.07644002458369,4.40055212580103,43.0,435.0
용산구,원효로3가,모먼트 원효,2,고위험군,37.53174584,126.9562139,196129.8308,448028.4106,34.19663316,-16.06594471993148,37.889986516373256,4.440187631304134,43.0,435.0
용산구,갈월동,리브하우스,2,고위험군,37.54386709,126.9732637,197637.2119,449373.1559,54.97057222,-0.5064215851651426,42.26808153606436,4.412628096761118,43.0,435.0
용산구,이태원동,나나씨네 스튜디오(NANACINE),2,고위험군,37.53680849,126.9901621,199130.5101,448589.447,46.87007105,6.017067313802187,43.07484178461845,4.433835957116924,43.0,435.0
용산구,동자동,클라라 하우스(Clara House),2,고위험군,37.54691324,126.973684,197674.4553,449711.2312,50.37411653,-3.6535346789350527,41.44754725901063,4.413971254768933,43.0,435.0
용산구,갈월동,로지칙스,2,고위험군,37.543979,126.9738171,197686.1196,449385.5628,33.79805287,-6.289421091062096,42.079393723711036,4.41010339464931,43.0,435.0
용산구,이태원동,스위트 이태원,2,고위험군,37.5309003,126.9924521,199332.8443,447933.692,33.89918198,-3.4055599001503722,39.492938863537724,4.4738949073376935,43.0,435.0
용산구,이태원동,RTR,2,고위험군,37.53218534,126.9905266,199162.6692,448076.3309,38.06926683,0.9691612741808129,39.333916941530376,4.457729603840321,43.0,435.0
용산구,후암동,진호하우스(Jinho's House),2,고위험군,37.54354563,126.9756162,197845.1,449337.4212,61.42623133,4.687239452936275,42.01421666915315,4.402759335321753,43.0,435.0
용산구,이태원동,이태원 마인스테이(Itaewon Minestay),2,고위험군,37.52900389,126.9939066,199461.3995,447723.2047,44.04581991,4.623919516190618,40.5558726592898,4.490831370064157,43.0,435.0
용산구,이태원동,쥬앤,2,고위험군,37.52927449,126.993104,199390.4598,447753.2428,36.70529582,-2.3094701171858034,40.25796627406096,4.484409674236777,43.0,435.0
용산구,후암동,스마일홈,2,고위험군,37.54954053,126.9757895,197860.5883,450002.7787,42.69090814,3.904991180379696,40.00407190227506,4.394067188954535,43.0,435.0
용산구,이태원동,베이스캠프,2,고위험군,37.53912139,126.9903992,199151.4881,448846.1484,44.29865668,1.981919577774896,44.47981088672246,4.42252907856482,43.0,435.0
용산구,산천동,S&J House,2,고위험군,37.5340101,126.95316,195860.0322,448279.8456,36.76682325,-0.0715348179709494,39.08467543497058,4.482686179570541,43.0,435.0
용산구,한강로1가,에이미하우스,2,고위험군,37.53040258,126.9734968,197657.3897,447878.7545,51.32175585,3.15273908116464,35.888855774807666,4.4070168773782346,43.0,435.0
용산구,서계동,DOMO,2,고위험군,37.54761991,126.9679016,197163.4873,449789.8218,39.43192641,-3.0206604763124787,43.470354671933066,4.468020216467012,43.0,435.0
용산구,(청파동,Clean Cosy House,2,고위험군,37.54583457,126.9652925,196932.8472,449591.7525,45.98372176,4.8701110577846904,43.20034243948827,4.49354337591964,43.0,435.0
용산구,남영동,서울하우스,2,고위험군,37.53873825,126.9734111,197650.0798,448803.9134,47.05116165,-4.874893464396635,38.38226489699776,4.405993077625061,43.0,435.0
용산구,이태원동,서울큐브 이태원,2,고위험군,37.53118332,126.9953179,199586.1563,447965.0872,33.61672986,-6.008457737403809,40.03276956584873,4.489965660799761,43.0,435.0
용산구,서계동,Via SEOUL,2,고위험군,37.54973422,126.9636203,196785.2392,450024.6225,39.99050407,1.8087201125829893,40.74143578490378,4.544352200463933,43.0,435.0
용산구,서계동,루실라하우스,2,고위험군,37.55033384,126.9648423,196893.2536,450091.132,39.79914377,1.618633002063028,40.72813548504259,4.522999520799115,43.0,435.0
용산구,갈월동,Paul's house,2,고위험군,37.54360891,126.9730367,197617.1481,449344.5068,60.61377405,5.191949139977588,42.278935606918594,4.4134805826764465,43.0,435.0
용산구,후암동,후암3쉐어하우스,2,고위험군,37.54521554,126.9745652,197752.2742,449522.7856,52.87806809,-1.8872490055752849,41.84996528868132,4.408163304554024,43.0,435.0
용산구,후암동,후암3쉐어하우스,2,고위험군,37.54539096,126.9736288,197669.5307,449542.2779,59.65528374,4.516710852319413,42.066643700277744,4.413727657020696,43.0,435.0
용산구,(용산동,Maggies Doremi House,2,고위험군,37.53879298,126.9850305,198677.0039,448809.7609,44.48357039,0.5183608782900393,46.06710152180792,4.412117314333477,43.0,435.0
용산구,후암동,후암별장3030,2,고위험군,37.54894256,126.9778127,198039.3585,449936.3671,25.72060729,-11.639262450017913,39.12000525279231,4.383594828789558,43.0,435.0
용산구,서계동,GIO & Sabina,2,고위험군,37.54982823,126.9672382,197104.9512,450034.9389,39.92973155,-2.0678910063722284,42.62881938839027,4.479107931918593,43.0,435.0
용산구,서계동,KONG STAY,2,고위험군,37.55045612,126.9647761,196887.4097,450104.7058,44.10873939,4.321962467773616,40.75992948301196,4.524673406191744,43.0,435.0
용산구,(청파동,Andy's House,2,고위험군,37.54714029,126.9677561,197150.6086,449736.5941,40.67966478,-1.070371639773576,43.82497380810848,4.468145564788867,43.0,435.0
용산구,한남동,바나홈스(VANA HOMES),2,고위험군,37.52842159,127.0076124,200672.872,447658.5864,47.12751881,4.834424137732469,43.81053896555409,4.645261787471055,43.0,435.0
용산구,이태원동,Today Seoul,2,고위험군,37.53017165,126.9924778,199335.113,447852.8207,36.09505967,-2.3911164305974424,39.78417956596722,4.476803822967419,43.0,435.0
용산구,서계동,알(R)게스트하우스_2(알게호),2,고위험군,37.5509019,126.9658361,196981.0938,450154.1475,37.60831796,-2.750879519766656,41.21659416826351,4.504127932855879,43.0,435.0
용산구,서계동,케이에이하우스,2,고위험군,37.55022518,126.966387,197029.7492,450079.0221,43.08253924,3.6663761577592666,41.44525315888963,4.492398339970489,43.0,435.0
용산구,이태원동,로우 하우스,2,고위험군,37.52923706,126.9936657,199440.1025,447749.085,35.73412102,-2.862194946278386,40.39854264643783,4.488422339141856,43.0,435.0
용산구,이태원동,시크릿가든 이태원,2,고위험군,37.52933619,126.993219,199400.6173,447760.09,37.35313026,-1.6133695396372758,40.26689702633338,4.485059887101963,43.0,435.0
용산구,서계동,서계스테이,2,고위험군,37.54915325,126.9675493,197132.41,449960.0147,43.30277792,2.1553456651815566,42.99744289940827,4.473658266941389,43.0,435.0
용산구,서계동,서울스테이션15,2,고위험군,37.54962409,126.9666029,197048.7993,450012.3016,44.2193941,2.6237412160891367,42.338974035180435,4.4875948740726415,43.0,435.0
용산구,이태원동,게스트하우스 몽자,2,고위험군,37.52914578,126.9944424,199508.7587,447738.9498,46.60814375,7.969617798897836,40.668198885171336,4.493688784262447,43.0,435.0
용산구,(용산동,해방촌 루프탑 스테이,2,고위험군,37.54272485,126.9855427,198722.3312,449246.1434,42.20835389,-3.062099976887346,47.08818672910362,4.39560478742424,43.0,435.0
용산구,후암동,도란도란,2,고위험군,37.54840168,126.9790415,198147.9349,449876.311,42.30231611,4.66664903021924,39.39426083652305,4.379755105245253,43.0,435.0
용산구,한남동,원보이,2,고위험군,37.53352161,127.0000738,200006.522,448224.5982,39.45117899,-0.0590800656417656,41.65940487815841,4.511308596730048,43.0,435.0
용산구,후암동,이태원 서울역 사이,2,고위험군,37.5451218,126.980573,198283.1966,449512.2549,41.1572754,0.18888936229595998,43.22340573932603,4.388715698241056,43.0,435.0
용산구,(청파동,포엠 스테이,2,고위험군,37.54535149,126.967653,197141.4294,449538.0621,63.86449546,5.464531274942303,45.11385037574567,4.46157644368047,43.0,435.0
용산구,한남동,OK Hannam House 201,2,고위험군,37.54043839,127.0017348,200153.315,448992.2774,35.9500847,-3.104055799087625,41.425791260916,4.510311904235369,43.0,435.0
용산구,이태원동,아늑단스테이,2,고위험군,37.53763728,126.9905786,199167.3242,448681.4287,34.50487578,-6.596548073552391,43.48717681257676,4.43002935469323,43.0,435.0
용산구,(용산동,담다 스테이,2,고위험군,37.5426867,126.9814429,198360.0156,449241.9728,42.7091482,-0.4464330307428881,45.305233602466295,4.39508822624918,43.0,435.0
용산구,후암동,서울모먼트,2,고위험군,37.54728255,126.9795171,198189.9331,449752.0918,42.92312548,3.1943898864480857,40.72717564156894,4.383171075463196,43.0,435.0
용산구,이태원동,은월당,2,고위험군,37.53566435,126.9879654,198936.3371,448462.484,47.43547052,6.053553003362289,43.10546610518871,4.432820842011386,43.0,435.0
용산구,(청파동,서울 플로우 스테이,2,고위험군,37.54648304,126.9662074,197013.7302,449663.6954,48.56567298,6.692755055435107,43.61618664465955,4.483539348408362,43.0,435.0
용산구,이태원동,마노아,2,고위험군,37.53047704,126.9925783,199344.0024,447886.7145,33.79352228,-3.584879096280865,39.678433084308004,4.476317992348522,43.0,435.0
용산구,서계동,오브제니,2,고위험군,37.55181274,126.9670498,197088.3801,450255.2015,34.72585451,-4.750146090251796,41.832797783341896,4.48206395387017,43.0,435.0
용산구,서계동,모스마라,2,고위험군,37.55002114,126.9651399,196919.5358,450056.4163,30.31500605,-8.022534376898804,40.77039126862213,4.517483926261931,43.0,435.0
용산구,서계동,휴스테이,2,고위험군,37.55031408,126.9644317,196856.967,450088.9525,36.80987067,-0.9258749938990007,40.74024859049051,4.532760251153991,43.0,435.0
용산구,서계동,코코지 하우스,2,고위험군,37.54910356,126.9673355,197113.5195,449954.5063,60.20255319,4.331858375646547,42.96661075655955,4.476617275067901,43.0,435.0
용산구,후암동,까사 드 엘린,2,고위험군,37.54460651,126.9792145,198163.1242,449455.0896,46.17698373,5.16818565885896,43.04870360592975,4.392708386814853,43.0,435.0
용산구,서계동,지니하우스,2,고위험군,37.54943783,126.9671668,197098.6249,449991.6114,35.66230248,-4.924352112331825,42.83137585823967,4.479501046245008,43.0,435.0
용산구,후암동,까사 서울,2,고위험군,37.54988996,126.9761354,197891.1634,450041.5534,34.78450849,-3.053806548683106,39.82138231998603,4.390504031880189,43.0,435.0
용산구,후암동,스테이자락,2,고위험군,37.54792551,126.9771717,197982.6839,449823.5004,37.60870928,0.6393584890789157,39.06131726917044,4.3912824613948676,43.0,435.0
용산구,서계동,??스 네스트(Syun's Nest),2,고위험군,37.54918316,126.9679172,197164.9241,449963.3232,44.58621164,3.739331116487236,43.03269457204695,4.469022859626697,43.0,435.0
용산구,서계동,R&B House,2,고위험군,37.54903711,126.9676607,197142.2532,449947.1212,45.88492039,3.611407498932259,43.01420292400474,4.471710228355065,43.0,435.0
용산구,서계동,쉐어 스테이션 서울,2,고위험군,37.55027974,126.9663487,197026.3616,450085.0789,42.72022847,3.381654615085374,41.36793286417549,4.492993755833734,43.0,435.0
용산구,한남동,안세원 게스트하우스(ASW guesthouse),2,고위험군,37.5315315,126.9994315,199949.7522,448003.7208,55.56263322,1.1535465072862792,41.8211534094624,4.517468015746684,43.0,435.0
용산구,서계동,롬우드스테이,2,고위험군,37.55041496,126.9662806,197020.3502,450100.0888,35.43561976,-3.682501847582728,41.20522782033506,4.49434976697593,43.0,435.0
용산구,후암동,지안하우스,2,고위험군,37.54676247,126.9750782,197797.6573,449694.4639,58.74104652,5.138309891997622,40.90420335064191,4.405308674591428,43.0,435.0
용산구,(용산동,남산뷰스테이,2,고위험군,37.54170275,126.9804996,198276.6314,449132.7832,43.95068111,0.5120284239512358,45.257222585644875,4.397628894261147,43.0,435.0
용산구,서계동,정스테이,2,고위험군,37.54926172,126.9674668,197125.1256,449972.0561,37.27975309,-3.8274874879820118,42.95796056600119,4.475373586853778,43.0,435.0
용산구,서계동,스타하우스,2,고위험군,37.55000463,126.9648755,196896.1755,450054.5926,35.96791909,-2.5206600067593,40.75474414393825,4.522293637957062,43.0,435.0
용산구,이촌동,Hangang 204,2,고위험군,37.5230973,126.9547101,195996.4534,447068.5932,44.23936623,6.260726726615609,39.509753489482975,4.348642464484791,43.0,435.0
용산구,(청파동,정홈,2,고위험군,37.54350907,126.9672773,197108.156,449333.5873,37.25965439,-5.679935098015193,44.952697254030625,4.457013560070908,43.0,435.0
용산구,이태원동,가온,2,고위험군,37.53663986,126.991724,199268.5443,448570.7178,41.98277105,1.6674342262056783,42.32123396453929,4.441049260916345,43.0,435.0
용산구,후암동,풀문스테이,2,고위험군,37.54411478,126.9784434,198094.9656,449400.5289,41.35524172,0.6405676703678793,43.02574953936794,4.395112240263468,43.0,435.0
용산구,한남동,메이시맨숀,2,고위험군,37.53439446,127.0008025,200070.9324,448321.4741,41.38226121,1.8657114017430985,41.66686012798109,4.513753012650177,43.0,435.0
용산구,(용산동,라온힐조,2,고위험군,37.5430262,126.9811216,198331.6239,449279.6588,43.09087217,0.1550775759520917,44.92054220553569,4.3942242770383215,43.0,435.0
용산구,한남동,Stay Carpediem hannam(스테이 카르페디엠 한남),2,고위험군,37.53026068,127.0043576,200385.1707,447862.6842,49.39588336,7.244453727466741,43.36311012580971,4.580769272839052,43.0,435.0
용산구,갈월동,더 프리미어,2,고위험군,37.54305864,126.9730344,197616.9256,449283.4335,63.10738748,8.308047286430906,41.93929063173559,4.412689197765683,43.0,435.0
용산구,이태원동,모드 하우스(Maud House),2,고위험군,37.53765495,126.9930357,199384.4836,448683.371,31.8351998,-8.252713363662853,42.31405248127251,4.4424194459112885,43.0,435.0
용산구,(청파동,써프서울,2,고위험군,37.54618389,126.9636539,196788.0569,449630.5775,33.31342003,-7.078535234630401,42.207441337661834,4.521444686344507,43.0,435.0
용산구,한남동,Song's house,2,고위험군,37.53440339,127.0009792,200086.5438,448322.4654,39.68052388,0.23601013986841934,41.70739410711478,4.515738824850906,43.0,435.0
용산구,(청파동,THE SEOUL,2,고위험군,37.5477566,126.9667857,197064.8814,449805.0269,38.76983836,-2.438443013954469,43.061114050739036,4.480482448031622,43.0,435.0
용산구,한강로1가,하하하,2,고위험군,37.53008223,126.9737089,197676.1263,447843.1944,36.87995475,2.2323069320448,35.97845583634187,4.407435927207763,43.0,435.0
용산구,용문동,스테이별밤(Stay Starry Night),2,고위험군,37.53501431,126.958858,196363.6953,448391.0649,52.61490348,2.4304422627500557,37.16013274104415,4.4690584821440815,43.0,435.0
용산구,후암동,남산어반하우스,2,고위험군,37.55050836,126.9762883,197904.6946,450110.185,33.38811821,-4.171465621405844,39.59670314541784,4.386708572036822,43.0,435.0
용산구,동자동,스패로우스튜디오,2,고위험군,37.54701929,126.9733853,197648.0571,449723.0089,38.75626074,-0.5247373815013248,41.49381043813523,4.415824466961833,43.0,435.0
용산구,(청파동,서울46,2,고위험군,37.54275801,126.9684443,197211.2677,449250.1935,61.78438261,4.764529630328845,43.862289311033265,4.442642079123441,43.0,435.0
용산구,이태원동,Bora Bora,2,고위험군,37.53061747,126.9931696,199396.2655,447902.2965,50.88357329,-1.8922955418672416,39.79386206066432,4.479504312766127,43.0,435.0
용산구,서계동,퍼플 게스트하우스,2,고위험군,37.55171369,126.9677629,197151.3889,450244.1863,41.50374535,2.0720156961809906,41.78256236380435,4.470720954099761,43.0,435.0
용산구,서계동,에스제이하우스,2,고위험군,37.54977351,126.9649664,196904.1966,450028.938,34.15161823,-5.757130506659905,40.76908301443852,4.519559853828714,43.0,435.0
용산구,서계동,서울로스테이,2,고위험군,37.54973422,126.9636203,196785.2392,450024.6225,39.99050407,1.8087201125829893,40.74143578490378,4.544352200463933,43.0,435.0
용산구,한남동,아이필앳홈,2,고위험군,37.53348307,126.9998678,199988.3171,448220.3208,39.9607174,0.2892497415287778,41.593753580933445,4.509795993100119,43.0,435.0
용산구,이태원동,Stay KANU,2,고위험군,37.53250184,126.9914551,199244.7366,448111.4507,28.14397685,-8.696912805519588,39.18682413200217,4.461405686762425,43.0,435.0
용산구,후암동,서울바이브,2,고위험군,37.54456846,126.976907,197959.2011,449450.9141,50.02730689,-4.0627574951320256,41.903901043612784,4.3989270954590864,43.0,435.0
용산구,한남동,한남 STAY,2,고위험군,37.53160746,126.9982412,199844.5429,448012.1527,34.70221595,-4.502573956020846,41.29817917737802,4.507879630863063,43.0,435.0
용산구,서계동,디디 하우스,2,고위험군,37.5488117,126.9632609,196753.4446,449922.2462,45.2506991,5.202825712455038,41.13867568655857,4.548880927761747,43.0,435.0
용산구,서계동,서계스테이,2,고위험군,37.54834356,126.9622268,196662.0452,449870.3245,39.89141001,0.4442297975842777,41.90824505548085,4.569873614676546,43.0,435.0
용산구,(용산동,스테이 포인트,2,고위험군,37.54313034,126.9863529,198793.9391,449291.1372,45.56032007,1.3758205365106662,47.096434478774405,4.393107045133855,43.0,435.0
용산구,원효로2가,박시티오,2,고위험군,37.53442806,126.9647212,196881.891,448325.7879,25.43419514,-7.284486258475255,34.88701512349317,4.433283330255372,43.0,435.0
용산구,서계동,Sori House,2,고위험군,37.55185651,126.9671179,197094.3985,450260.0574,40.77663024,1.2781998949106281,41.854831347099804,4.48131051231433,43.0,435.0
용산구,이태원동,Nirvana,2,고위험군,37.52880188,126.9949686,199555.2689,447700.7785,44.63683979,5.852006616465118,41.09639039392336,4.498748925876092,43.0,435.0
용산구,후암동,Huam The Classy,2,고위험군,37.54737862,126.9784728,198097.6485,449762.7751,40.4633134,2.617857776073812,40.043801921469075,4.386956496297803,43.0,435.0
용산구,후암동,모던스테이,2,고위험군,37.54396132,126.9816293,198376.5164,449383.4369,45.46731024,3.006246040402978,44.66160415304815,4.391334092788411,43.0,435.0
용산구,이태원동,이태원 바이브,2,고위험군,37.53244808,126.9904296,199154.103,448105.4927,38.12737946,1.3208395556034347,39.48338473701635,4.456272537331117,43.0,435.0
용산구,이태원동,이태원재재스테이,2,고위험군,37.53672375,126.989714,199090.9024,448580.0461,35.40351489,-5.63720546560215,43.208918511836,4.433006152059248,43.0,435.0
용산구,한강로3가,이촌 야드,2,고위험군,37.52008371,126.9678188,197155.1263,446733.6453,57.46389818,7.222280902791795,39.23529782273424,4.4041897266308,43.0,435.0
용산구,(청파동,남산연가,2,고위험군,37.54622601,126.9684448,197211.4419,449635.0994,41.26286998,-0.41913224922030423,44.63690132507832,4.457925152720991,43.0,435.0
용산구,보광동,헬로 코지,2,고위험군,37.52583631,126.9973942,199769.663,447371.6285,37.21905647,-2.5065955250775005,41.88282034378581,4.528148818085339,43.0,435.0
용산구,이태원동,빈방,2,고위험군,37.53847138,126.9923266,199321.8218,448773.9896,47.38434165,5.844047171299749,43.26455635114683,4.434655347716421,43.0,435.0
용산구,(용산동,HBC[온김],2,고위험군,37.54097036,126.9862253,198782.631,449051.4073,47.22102732,1.740409025984917,47.19347596925164,4.405324719375103,43.0,435.0
용산구,서계동,달별정원,2,고위험군,37.54853858,126.964621,196873.6241,449891.8871,32.88890299,-4.658405318247382,39.982080887590946,4.521052340182364,43.0,435.0
용산구,효창동,블리크스틸(Blikstille),2,고위험군,37.53925952,126.9587811,196357.1068,448862.2342,37.61947111,-0.5910052022694359,39.01407040612145,4.523584908066609,43.0,435.0
용산구,후암동,남산스테이,2,고위험군,37.54587873,126.976517,197924.7755,449596.3468,33.97853343,-6.475249394296931,41.12647110833085,4.3987678516479685,43.0,435.0
용산구,한강로3가,Cozy Stay Seoul,2,고위험군,37.52227695,126.9604691,196505.4968,446977.3151,43.88487738,-6.521442891700396,39.49349623720801,4.394097212502378,43.0,435.0
용산구,서계동,스윗미 1949,2,고위험군,37.54897354,126.9669878,197082.7891,449940.0863,60.80523991,4.236228201717282,42.871518826842824,4.480701898577282,43.0,435.0
용산구,후암동,더 컬렉티브 후암,2,고위험군,37.54386235,126.9767252,197943.1164,449372.5484,52.22168465,-3.1327757800985907,42.2529495660723,4.399585393179033,43.0,435.0
용산구,서계동,현스네스트,2,고위험군,37.54906679,126.9670341,197086.8823,449950.4345,42.04289826,1.5087471497155818,42.89022193492385,4.480682594009118,43.0,435.0
용산구,동자동,아인하우스,2,고위험군,37.54694103,126.9729106,197606.1107,449714.3349,45.12553787,3.901158904527165,41.67868896196957,4.42011024406577,43.0,435.0
용산구,한강로1가,쓰리코너스,2,고위험군,37.53130671,126.9722335,197545.7639,447979.134,29.29366136,-4.510616007188176,35.57304334624138,4.405088893919912,43.0,435.0
용산구,서계동,엘하우스,2,고위험군,37.54921377,126.9667011,197057.467,449966.7579,59.03207988,3.1391756841431757,42.60753986355383,4.485793882940419,43.0,435.0
용산구,이태원동,이태원하우스,2,고위험군,37.5366537,126.9869127,198843.3174,448572.3022,42.86834524,0.8324656631497618,44.25354925685894,4.425517681281984,43.0,435.0
용산구,(청파동,스테이 서울스테이션(Stay SeoulStation),2,고위험군,37.54712594,126.9678539,197159.2577,449734.9985,41.00712519,-0.7257996361088175,43.8610716249149,4.467229188438688,43.0,435.0
용산구,이태원동,우드 그린 하우스,2,고위험군,37.5359855,126.9885287,198986.1304,448498.1215,40.32323775,0.12942646456465923,43.132437201093545,4.433374527818368,43.0,435.0
용산구,동자동,URin,2,고위험군,37.55008563,126.9738512,197689.3234,450063.3241,38.88252329,-1.237128640413573,40.572635648836524,4.407206510171242,43.0,435.0
용산구,갈월동,Give warm,2,고위험군,37.54401131,126.9734051,197649.7142,449389.159,43.26361098,2.8447418373212088,42.2433474680438,4.411916529774441,43.0,435.0
용산구,서계동,문스테이(MOON스테이),2,고위험군,37.54942177,126.9666968,197057.0882,449989.8435,35.37313769,-5.094886815006646,42.551368284287314,4.486247787357775,43.0,435.0
용산구,(용산동,잘예니컨설팅,2,고위험군,37.54224321,126.9812696,198344.686,449192.7539,40.89131904,-1.5784567195509993,45.43661566412914,4.39630766416121,43.0,435.0
용산구,이태원동,ONDO 이태원,2,고위험군,37.53105757,126.995808,199629.4715,447951.1285,36.98260252,-0.3295056351425032,40.34470277980678,4.493743990072611,43.0,435.0
용산구,이태원동,리원 알파,2,고위험군,37.53903073,126.991276,199228.9781,448836.0787,35.8039222,-5.900771474682557,44.08919526291651,4.427705723776539,43.0,435.0
용산구,이태원동,하하,2,고위험군,37.53588324,126.9903901,199150.6454,448486.7535,43.46356711,2.9663145648149722,42.3896530896322,4.439683136084577,43.0,435.0
용산구,서계동,마야,2,고위험군,37.54777809,126.9676629,197142.404,449807.3851,41.603808,0.49756753243222107,43.34639427657803,4.470386360933224,43.0,435.0
용산구,원효로1가,다미스테이,2,고위험군,37.53843888,126.9689127,197252.5041,448770.8089,50.5849749,-0.3011615299932302,37.718365142324046,4.421836139297604,43.0,435.0
용산구,한남동,메이시맨숀,2,고위험군,37.53347743,127.0004181,200036.9568,448219.6949,42.30945425,1.9518762873203386,41.77811636384456,4.514537859040094,43.0,435.0
용산구,후암동,Cozy Home,2,고위험군,37.54510642,126.9747657,197769.9843,449510.6698,37.89345341,-3.1237975034585688,41.85618331068609,4.407130205686696,43.0,435.0
용산구,이태원동,제임스하우스(James house),2,고위험군,37.53869709,126.9900035,199116.5105,448799.0599,36.92910463,-5.297620052309533,44.39000929629522,4.4229601316104725,43.0,435.0
용산구,보광동,도담도담,2,고위험군,37.52848677,126.9972193,199754.2044,447665.797,44.172029,3.5372059743594377,41.66331844466116,4.5151147340802495,43.0,435.0
용산구,후암동,소리 스테이,2,고위험군,37.54501193,126.9805157,198278.1295,449500.0617,41.08092152,0.10718752979233415,43.281689765607624,4.389179290550414,43.0,435.0
용산구,갈월동,게스트하우스,2,고위험군,37.54652196,126.972325,197554.3457,449667.8383,34.6955139,-5.1593765521450905,42.128762657593256,4.425406410714018,43.0,435.0
용산구,이태원동,쥴리네 집,2,고위험군,37.53042825,126.9938736,199458.4911,447881.2911,33.79988097,-4.219950627871107,40.04538861015858,4.484576147818997,43.0,435.0
용산구,이태원동,Luxe house,2,고위험군,37.53440973,126.9868753,198839.9745,448323.2496,35.6915247,-4.764352355752685,42.5675571901463,4.432663732737567,43.0,435.0
용산구,보광동,발코니 하우스,2,고위험군,37.52414312,126.9980326,199826.0852,447183.7041,43.36453692,2.3784902902526355,42.13168886812376,4.5370475624388815,43.0,435.0
용산구,서계동,CLAIR,2,고위험군,37.55159209,126.9665853,197047.32,450230.7265,38.33415025,-1.1794917981241326,41.70968700686104,4.48994054546618,43.0,435.0
용산구,후암동,남산가옥,2,고위험군,37.54734177,126.9776036,198020.8349,449758.7031,33.51964357,-4.180512425525727,39.683447790556606,4.39100110448943,43.0,435.0
용산구,서계동,송송송  서울 스테이,2,고위험군,37.5514146,126.9674529,197123.9835,450211.0003,34.84637507,-4.56154155765072,41.6510780746045,4.476388316507561,43.0,435.0
용산구,(용산동,두루미네,2,고위험군,37.54099769,126.9827779,198477.9576,449054.4908,40.24560263,-3.463677528473262,46.626252546047596,4.400706810796975,43.0,435.0
용산구,후암동,Cozy home in Namsan,2,고위험군,37.54724828,126.9796195,198198.984,449748.2863,44.11594129,-5.2185107144391765,40.82656458950031,4.382987438123286,43.0,435.0
용산구,(청파동,Good Stay,2,고위험군,37.54042514,126.9683472,197202.5993,448991.2762,31.64622151,-6.234540994136513,40.21141192351176,4.432337167848218,43.0,435.0
용산구,동자동,뜰 가든 홈스테이,2,고위험군,37.54723596,126.9727807,197594.6418,449747.0719,38.29509531,0.14632848722636993,41.57595736787535,4.4214046019963344,43.0,435.0
용산구,서계동,아로하 하우스,2,고위험군,37.54895241,126.9680025,197172.4585,449937.7102,44.72840384,3.835970281659499,43.020645697041736,4.467366344525364,43.0,435.0
용산구,이태원동,Itaewon 20,2,고위험군,37.5306584,126.9921452,199305.7199,447906.8463,39.64631685,0.7166093808116969,39.50317348573199,4.472947246194752,43.0,435.0
용산구,이태원동,윤싸롱,2,고위험군,37.53533488,126.9891537,199041.3588,448425.9042,45.70348021,5.644018487417746,42.44972173160529,4.438398353554407,43.0,435.0
용산구,서계동,J house(제이 하우스),2,고위험군,37.55024392,126.9645907,196871.0152,450081.1603,43.41777945,5.771997990939951,40.70200976028194,4.528764724835622,43.0,435.0
용산구,후암동,지월장,2,고위험군,37.54449387,126.978391,198090.3454,449442.6044,40.45522759,0.587698918014901,42.72462190014974,4.3946543670019045,43.0,435.0
용산구,서계동,haroo stay,2,고위험군,37.54943728,126.9644474,196858.3184,449991.6378,30.38539412,-7.572594502849391,40.50874783088774,4.528564430297556,43.0,435.0
용산구,서계동,서울역우리집,2,고위험군,37.55056089,126.9645829,196870.3383,450116.3404,37.69388273,-1.534408284018724,40.82308083529726,4.529493428775621,43.0,435.0
용산구,서계동,Woomook,2,고위험군,37.5496059,126.9667796,197064.4184,450010.2772,42.42310784,1.5843048887227127,42.52868662768631,4.484722288993777,43.0,435.0
용산구,이태원동,에코 하우스,2,고위험군,37.53575344,126.9886975,199001.0481,448472.3639,39.06868548,-2.754531709133154,42.88670231703893,4.434962430555447,43.0,435.0
용산구,서계동,어반네스트(Urbanest) 하우스,2,고위험군,37.54943644,126.9674497,197123.6274,449991.4484,37.73679896,-3.5646032490890462,42.931099968640055,4.476005983959307,43.0,435.0
용산구,후암동,Cozy Wooden House,2,고위험군,37.55058667,126.9760263,197881.5494,450118.8823,49.38984507,-2.649490005305857,39.67195336051476,4.388267682295679,43.0,435.0
용산구,이태원동,홈안젤라(Home_Angela),2,고위험군,37.53078397,126.9960919,199654.5673,447920.7612,26.02830722,-12.221227751496375,40.67129195387642,4.496884089065194,43.0,435.0
용산구,보광동,제이하우스(Jay house),2,고위험군,37.52383513,126.997644,199791.7385,447149.5219,35.99579762,-3.813699719407751,42.02705738836533,4.533929388015531,43.0,435.0
용산구,갈월동,Seoul Earl-Stay,2,고위험군,37.54655777,126.9713106,197464.7039,449671.8396,48.25186373,-7.2767078968907555,42.68269060503028,4.432533463651284,43.0,435.0
용산구,이태원동,체크인 플리즈,2,고위험군,37.53902104,126.9897786,199096.6387,448835.0165,43.31605946,0.6187787814540968,44.69390103257183,4.420510487533888,43.0,435.0
용산구,서계동,Top guesthouse,2,고위험군,37.55005538,126.9662543,197018.0136,450060.1806,48.1587257,0.6184341758083818,41.498120177376336,4.494554289917328,43.0,435.0
용산구,이태원동,조조(JoJo),2,고위험군,37.53255053,126.9909182,199197.2865,448116.8591,41.91634269,3.129041187171005,39.41557975241946,4.458397045807942,43.0,435.0
용산구,(용산동,Photo Park(포토박),2,고위험군,37.54135419,126.9812242,198340.6602,449094.0843,44.49671032,0.7681801228810414,45.823981334831764,4.39859716941955,43.0,435.0
용산구,보광동,무니하우스,2,고위험군,37.52713835,126.9973521,199765.9457,447516.1388,38.64021561,-0.6559187265903432,41.78926858649686,4.522662272077162,43.0,435.0
용산구,이태원동,Baraka Homestay,2,고위험군,37.52971584,126.9964651,199687.5523,447802.2107,45.74356607,4.977352471267757,41.22918535626491,4.50438296309419,43.0,435.0
용산구,후암동,N,2,고위험군,37.55045653,126.9761808,197895.192,450104.4349,47.68013697,-3.4990996248421524,39.65317614781941,4.387723424850898,43.0,435.0
용산구,(용산동,코코마통,2,고위험군,37.54182835,126.9830894,198505.5054,449146.679,43.06480161,-1.0152468471085285,46.44869633566874,4.398267470763037,43.0,435.0
용산구,보광동,이태원 마당,2,고위험군,37.52657152,126.9966197,199701.2032,447453.2298,38.57245864,-1.6521677884373176,41.70104469715765,4.5196712632900296,43.0,435.0
용산구,이태원동,트래블홀릭 게스트하우스,2,고위험군,37.52977112,126.9922109,199311.5207,447808.3687,34.95443645,-2.900043499704992,39.87640907544545,4.476544019679892,43.0,435.0
용산구,(청파동,정 story,2,고위험군,37.54599653,126.9635273,196776.8681,449609.7871,34.20880757,-6.487029267602367,42.17294418034182,4.521780684521489,43.0,435.0
용산구,원효로1가,Cozy House,2,고위험군,37.53665766,126.9648627,196894.4846,448573.2414,38.68498186,-9.711889348890232,35.52133993963072,4.442764425122757,43.0,435.0
용산구,한남동,스테이 카키,2,고위험군,37.53128673,126.9991686,199926.5102,447976.5545,42.75008896,2.2897615975688907,41.76992579929349,4.516794789162929,43.0,435.0
용산구,한남동,시온게스트하우스,2,고위험군,37.53522684,127.002162,200191.0833,448413.86,41.07423266,1.2248929386554792,41.77893864168062,4.526952716833965,43.0,435.0
용산구,서계동,Ari House,2,고위험군,37.5515055,126.9672965,197110.1659,450221.0939,38.87086142,0.21164254905293944,41.681192182295646,4.4780051694300935,43.0,435.0
용산구,후암동,엔투(N2),2,고위험군,37.55063881,126.9759979,197879.0333,450124.6699,50.91602416,-1.8196633666157354,39.66796178332863,4.388240096804168,43.0,435.0
용산구,서계동,영 게스트하우스,2,고위험군,37.54961594,126.9666968,197057.102,450011.3941,41.46948331,1.2175136452198316,42.446117120715485,4.486060991575397,43.0,435.0
용산구,(청파동,케이하우스,2,고위험군,37.54347141,126.9689461,197255.6342,449329.3575,68.94351614,9.616277116964334,44.893984725802355,4.442233966393298,43.0,435.0
용산구,(용산동,Namsan Fresh House,2,고위험군,37.54042841,126.986443,198801.8655,448991.2547,52.8619575,7.587495509312106,46.7705000536007,4.408182333355168,43.0,435.0
용산구,보광동,HEAVEN,2,고위험군,37.52931668,126.9988285,199896.4501,447757.9037,39.69132949,-1.4760408795399513,42.197943408435805,4.524235525419816,43.0,435.0
용산구,이태원동,Amazon,2,고위험군,37.52995248,126.9922611,199315.9533,447828.4971,40.99721492,-1.9927091763067324,39.81131230105213,4.47618886614983,43.0,435.0
용산구,이태원동,The Gracia,2,고위험군,37.53666751,126.9872078,198869.3974,448573.8313,42.74300301,0.806293808404746,44.154797166380696,4.426352398323905,43.0,435.0
용산구,보광동,시크릿가든,2,고위험군,37.52848677,126.9972193,199754.2044,447665.797,44.172029,3.5372059743594377,41.66331844466116,4.5151147340802495,43.0,435.0
용산구,효창동,옥상달빛,2,고위험군,37.53854393,126.9588113,196359.7473,448782.8113,39.8714492,3.352916321724315,38.66830401981178,4.512621214533176,43.0,435.0
용산구,이촌동,E&S Ville,2,고위험군,37.5179488,126.9669704,197080.043,446496.7232,50.03652006,11.596311430533227,39.71637923656179,4.401502465152548,43.0,435.0
용산구,한강로2가,AJ's Blue House,2,고위험군,37.53020276,126.9700755,197354.9798,447856.6677,53.44670686,5.104330764113911,35.63963964081288,4.406766818995538,43.0,435.0
용산구,이태원동,오두막 여기,2,고위험군,37.53601428,126.9888905,199018.1122,448501.3119,48.78438095,7.9996246964923685,43.006867155450806,4.434380455740545,43.0,435.0
용산구,후암동,토투 서울(totu_seoul),2,고위험군,37.54509586,126.9799914,198231.7935,449509.3867,45.1437824,2.7944066494510835,43.02071006095296,4.389914099001437,43.0,435.0
용산구,보광동,웜 헤이즐,2,고위험군,37.5291287,126.9965342,199693.6524,447737.0452,55.63130585,2.9467674997849755,41.48976671870573,4.5076246684760015,43.0,435.0
용산구,후암동,2디맨션,2,고위험군,37.54547741,126.9761458,197891.9643,449551.8134,55.12146218,-1.1510276806344777,41.48396148185247,4.400448932504068,43.0,435.0
용산구,이태원동,다니하우스,2,고위험군,37.53082714,126.9924316,199331.0352,447925.5723,36.85220578,-1.8705423982774647,39.51754241512376,4.474048829281654,43.0,435.0
용산구,후암동,남산아래(NAMSAN AREA),2,고위험군,37.5478582,126.9747138,197765.4879,449816.0854,50.21369375,-2.8976107870487056,40.69202311881984,4.4066830426822925,43.0,435.0
용산구,(청파동,더 소울(the soul),2,고위험군,37.5472954,126.9674108,197120.1076,449753.82,43.99598502,1.047345961860394,43.63258065117299,4.472354228914237,43.0,435.0
용산구,동자동,엘하우스,2,고위험군,37.54691332,126.9730534,197618.722,449711.2558,40.69542007,1.3152122656793708,41.65063942663174,4.418710353374112,43.0,435.0
용산구,서계동,정단재,2,고위험군,37.55078345,126.96524,196928.4152,450141.0203,62.87028158,6.957138784365043,41.02524081594565,4.515421471555898,43.0,435.0
용산구,(용산동,Park 520,2,고위험군,37.54078317,126.9835819,198549.0122,449030.669,42.9743719,-2.2470241799560497,46.9890626626576,4.402350861463375,43.0,435.0
용산구,한강로1가,채리스 플레이스,2,고위험군,37.531009,126.9731405,197625.9193,447946.0686,34.9454222,2.1951529127627083,35.72367618272914,4.406038729339286,43.0,435.0
용산구,갈월동,센트럴,2,고위험군,37.54469301,126.973499,197658.032,449464.8171,63.80662463,8.463330953628287,42.2014403742607,4.413132685790157,43.0,435.0
용산구,서계동,순(SooN) 게스트하우스,2,고위험군,37.55084062,126.965722,196971.0053,450147.3498,35.49185409,-3.831155868271324,41.13254153192419,4.506615082320002,43.0,435.0
용산구,(용산동,익스테이 맨션 해방촌,2,고위험군,37.54096005,126.9864671,198804.0048,449050.2599,55.71374427,10.506696919132409,47.084905026584195,4.405564709495231,43.0,435.0
용산구,원효로1가,남영스테이 517,2,고위험군,37.53865428,126.9677176,197146.8848,448794.7513,34.23150802,-2.5481135761224536,37.89827032348035,4.430146088954703,43.0,435.0
성동구,행당동,소울스타하우스,2,고위험군,37.555588,127.0299722,202648.3427,450674.1222,44.22723665,2.931874275035085,43.05223816531741,4.248441448963771,43.0,435.0
성동구,성동,스테이 얀(STAY YARN),2,고위험군,37.53520808,127.0553876,204895.3755,448413.2172,43.93913401,0.9240849216211444,45.085130289122844,4.2324003789857185,43.0,435.0
성동구,성동,디얼 성수,2,고위험군,37.53398708,127.0527861,204665.5199,448277.569,43.03294193,0.046068585033822274,45.181554534971184,4.271284984464374,43.0,435.0
성동구,하왕십리동,한옥 보문,2,고위험군,37.56097675,127.0264524,202337.1645,451272.1162,61.02605778,4.001813310841868,43.38803147387316,4.238380619914814,43.0,435.0
성동구,성동,The mellow,2,고위험군,37.54930702,127.0206249,201822.5669,449976.7863,43.04865697,1.5051643117544131,43.79546545440937,4.493971990972842,43.0,435.0
성동구,사근동,yun stay,2,고위험군,37.56068789,127.0458473,204050.782,451240.7152,43.40244994,3.0550708639974005,42.45448181014168,4.100839935221546,43.0,435.0
성동구,행당동,YUNS STAY,2,고위험군,37.55677727,127.0322677,202851.1204,450806.1842,30.79248976,-10.218602144891992,42.86158076087051,4.215627146334614,43.0,435.0
성동구,성동,헤븐성수,2,고위험군,37.54605763,127.0454494,204016.4093,449616.9141,51.30516412,7.8879898526841,45.509282606000255,4.174951088283241,43.0,435.0
성동구,하왕십리동,For*rest Stay,2,고위험군,37.55862165,127.0305659,202700.6872,451010.8382,34.94652816,-5.773299300995042,42.93971896133033,4.221702124622391,43.0,435.0
성동구,성동,성수 삼삼오오 271,2,고위험군,37.53861002,127.0577206,205101.3434,448790.9149,33.97468436,-8.8117375873384,44.82361104900405,4.165150585811062,43.0,435.0
성동구,하왕십리동,시티 타이거,2,고위험군,37.56035437,127.0277077,202448.0906,451203.0713,44.73772511,2.0301633897665567,43.40885366749351,4.2338552352203696,43.0,435.0
성동구,하왕십리동,레드레터데이,2,고위험군,37.56094969,127.0259302,202291.0227,451269.1,42.93838242,2.534507793916653,43.21569314699583,4.242065837995291,43.0,435.0
성동구,성동,더 성수 스테이,2,고위험군,37.54120882,127.0507901,204488.6636,449078.9966,39.93037118,-4.032722217397918,45.22887200426961,4.192068300415326,43.0,435.0
성동구,성동,스테이 린 인 성수,2,고위험군,37.53666687,127.0459624,204062.2576,448574.6761,64.46134555,5.457820544454009,45.515004134532,4.299116352876481,43.0,435.0
성동구,성동,스테이 성수 아지트,2,고위험군,37.53884043,127.0471999,204171.513,448815.9688,36.08003209,-7.012752588547549,45.43843082849895,4.255111952525633,43.0,435.0
성동구,성동,이안스테이,2,고위험군,37.54406033,127.0537229,204747.6805,449395.6236,48.33177639,5.389165760837081,44.96592482637083,4.13678254359887,43.0,435.0
성동구,성동,금호 그린 스테이,2,고위험군,37.54798745,127.0187955,201660.9389,449830.2961,37.18917778,-4.2705426136282725,43.69076282356579,4.561494893343826,43.0,435.0
성동구,성동,르뚜와 성수,2,고위험군,37.53425435,127.0518715,204584.6627,448307.1877,44.31075853,1.0081238048235122,45.23433370209677,4.276774785460145,43.0,435.0
성동구,하왕십리동,위시 스테이(Wish stay),2,고위험군,37.56095451,127.0279054,202465.5375,451269.6849,39.59993899,-2.0052266483750003,43.51505207341789,4.228481893957592,43.0,435.0
성동구,용답동,호호 하우스(hoho house),2,고위험군,37.56369963,127.0510713,204512.1643,451575.2209,41.11760331,-0.4756575216209882,42.7233327248448,4.076338447022831,43.0,435.0
성동구,송정동,송정 자미앤(ZAMI&),2,고위험군,37.55192258,127.0697913,206167.0487,450269.1714,40.94741809,-7.264967947736928,42.487366835672155,3.994237769801875,43.0,435.0
성동구,용답동,스튜디오 성동,2,고위험군,37.56358259,127.051868,204582.5584,451562.2694,45.66494904,5.117163523634865,42.74103635831512,4.0725782505232155,43.0,435.0
성동구,도선동,스테이인히어왕십리,2,고위험군,37.55980939,127.0336666,202974.6045,451142.7569,44.66595649,3.5781464696248406,42.71666955271786,4.189288617472604,43.0,435.0
성동구,하왕십리동,모아나스테이,2,고위험군,37.55938224,127.0287642,202541.4743,451095.2044,39.56438736,-1.643765673557965,43.119586212606876,4.23190637978252,43.0,435.0
성동구,행당동,정감,2,고위험군,37.55714507,127.0310469,202743.2389,450846.9693,39.59552649,-1.2621585493794782,42.924406347220696,4.22553088420942,43.0,435.0
성동구,하왕십리동,사월 House,2,고위험군,37.55900131,127.0298085,202633.7581,451052.9545,39.72133317,-1.3627595847405516,42.992660849707356,4.225563093635462,43.0,435.0
성동구,하왕십리동,둥지,2,고위험군,37.55946993,127.0306713,202709.9701,451104.9903,47.57530744,6.433868932932704,42.93825035958705,4.215426434829763,43.0,435.0
성동구,성동,상상스테이,2,고위험군,37.54410088,127.0539024,204763.541,449400.1332,51.19090696,7.132505501546213,44.94788076532718,4.13563456270312,43.0,435.0
성동구,하왕십리동,온유스테이,2,고위험군,37.56001544,127.0304577,202691.0804,451165.5293,48.19670363,7.119802020898682,42.98043431254967,4.21441475440748,43.0,435.0
성동구,성동,Monoplan House Seongsu - Studio A,2,고위험군,37.54572922,127.0419968,203711.3226,449580.3227,47.29155584,3.8721920136510164,45.53159705773433,4.215111743986385,43.0,435.0
성동구,성동,로컬 텍스처(Local Texture),2,고위험군,37.54535903,127.0483394,204271.8488,449539.5053,43.46735834,0.0965799009548789,45.35116289739312,4.157058743140139,43.0,435.0
성동구,행당동,Cozy Stay,2,고위험군,37.56288091,127.0361216,203191.39,451483.7399,38.92162558,-15.08333481384556,42.667860036053646,4.163552705834546,43.0,435.0
성동구,성동,예그리나,2,고위험군,37.54745146,127.0526581,204653.3714,449771.9448,41.6903834,-1.1798871884873137,45.13557360731143,4.109365750537697,43.0,435.0
성동구,성동,디에이치 성수포레,2,고위험군,37.54363214,127.0458092,204048.3408,449347.7295,49.92191103,6.45041313098131,45.47270964395272,4.200777655108655,43.0,435.0
성동구,성동,디엠큐케,2,고위험군,37.53550842,127.0462602,204088.6446,448446.1153,45.46797329,2.029223520349902,45.493595534970666,4.313361740707663,43.0,435.0
성동구,행당동,Kozy Stay,2,고위험군,37.55671475,127.0298226,202635.0791,450799.1738,43.93326282,2.7819760916870067,43.01289955023157,4.240968824367586,43.0,435.0
성동구,성동,유토리홈즈,2,고위험군,37.54380142,127.0456564,204034.8246,449366.511,49.06431418,5.584393796500443,45.4806761876091,4.199820581959151,43.0,435.0
성동구,도선동,스테이1853,2,고위험군,37.56094709,127.0320888,202835.1551,451268.9794,39.84894705,-0.9489953721869355,42.850954675811124,4.197501932377549,43.0,435.0
성동구,용답동,Noark House,2,고위험군,37.56058292,127.0517683,204573.9341,451229.3365,44.00016855,2.348274169928544,42.832169225993404,4.070758733198269,43.0,435.0
성동구,성동,위앤성수스테이,2,고위험군,37.54401223,127.0460641,204070.8493,449389.9259,45.33178032,1.8688660647834467,45.46023896923299,4.192618322312078,43.0,435.0
성동구,성동,COZY STAY,2,고위험군,37.53845494,127.0496404,204387.2261,448773.2952,41.9749161,-1.1353071271228856,45.33915480566019,4.238894188895103,43.0,435.0
성동구,성동,성수 포레스트 로프트,2,고위험군,37.54760885,127.04421,203906.8047,449789.0286,37.97836878,-5.494845606697929,45.514760360891366,4.174058462918089,43.0,435.0
성동구,성동,리틀포레 301,2,고위험군,37.54355488,127.0460468,204069.3453,449339.1649,44.96476048,1.7121922109884267,45.460776953599144,4.199484206288876,43.0,435.0
성동구,성동,AURI STAY,2,고위험군,37.5358664,127.0462389,204086.7389,448485.8457,46.38173797,2.7399799916491645,45.47817243754105,4.308336482597258,43.0,435.0
성동구,옥수동,정고운,2,고위험군,37.5413296,127.0154527,201365.6619,449091.3016,40.70327678,-0.7794841560029795,43.85628079044921,4.73652779645903,43.0,435.0
성동구,성동,리버 인 성수,2,고위험군,37.5350314,127.046539,204113.3068,448393.1841,46.02418599,2.2848398793512246,45.47299734591047,4.317636076689908,43.0,435.0
성동구,응봉동,예스위야응봉,2,고위험군,37.54942306,127.0292828,202587.6379,449989.8685,48.31381209,6.635072209492563,43.8532589471041,4.3394075611254035,43.0,435.0
성동구,용답동,양BnB House,2,고위험군,37.56192966,127.0516589,204564.1816,451378.8034,41.98250094,-3.663911226791228,42.75468541782118,4.072191230464681,43.0,435.0
성동구,도선동,나비원,2,고위험군,37.56127039,127.0321866,202843.7882,451304.8648,46.50080219,5.80031865585449,42.85621907811447,4.195489031101477,43.0,435.0
성동구,성동,SEOULMATE S (서울메이트 성수),2,고위험군,37.53706697,127.0472144,204172.888,448619.1371,36.1709565,-7.03504610688131,45.45717797777298,4.281196556117953,43.0,435.0
성동구,성동,성수 포레하우스,2,고위험군,37.54325531,127.0453026,204003.5872,449305.8843,29.49713814,-17.729640406020398,45.49775334346408,4.210315654541331,43.0,435.0
성동구,용답동,봄 스테이,2,고위험군,37.56107804,127.0508021,204488.5404,451284.2424,38.46811056,-2.4261009169858596,42.735643189498504,4.07692337745943,43.0,435.0
성동구,행당동,LTE Room,2,고위험군,37.55651877,127.0321946,202844.6703,450777.4915,37.29047014,-3.377778012918938,42.8862289161176,4.218068360076665,43.0,435.0
성동구,도선동,Urban Forest Stay Mu-hak,2,고위험군,37.5611673,127.032913,202907.9745,451293.4453,53.72455501,4.851955947320519,42.804424992327476,4.190291237686914,43.0,435.0
성동구,하왕십리동,헬로 서울,2,고위험군,37.55930372,127.0289688,202559.5536,451086.4952,44.20699926,-0.6358533257966741,43.10540350896883,4.230828467000561,43.0,435.0
성동구,성동,어반 성수,2,고위험군,37.53299683,127.0557905,204931.1239,448167.8167,42.0088006,-0.7362376530299173,44.98218730187179,4.254521849904016,43.0,435.0
성동구,행당동,앨리 하우스(Alley House),2,고위험군,37.55474963,127.0303512,202681.8541,450581.0839,41.11920241,0.2903168324655283,43.06443928244945,4.251487887728546,43.0,435.0
성동구,하왕십리동,다색,2,고위험군,37.56070015,127.029016,202563.6699,451241.4837,39.59804782,-8.773122526768319,43.25600592478262,4.22197978645707,43.0,435.0
성동구,도선동,Light house 왕십리,2,고위험군,37.55970399,127.0337849,202985.0672,451131.0625,45.25451407,4.5973748407396045,42.7058540661008,4.188715615967443,43.0,435.0
성동구,홍익동,서울 써니 스테이(Seoul Sunny Stay),2,고위험군,37.56368262,127.0303719,202683.3645,451572.5406,39.73024067,-1.4720021984335006,43.359204579193566,4.1978753949283325,43.0,435.0
성동구,도선동,코지서울,2,고위험군,37.56115698,127.0317607,202806.1637,451292.2648,44.34867597,3.6643171919937956,42.89243069680826,4.199224110510677,43.0,435.0
성동구,성동,리프레시 성수,2,고위험군,37.53664679,127.0462248,204085.4484,448572.4588,45.17788074,1.8182880375307704,45.512789459680036,4.296857375205688,43.0,435.0
성동구,성동,크림 하우스 성수,2,고위험군,37.53581902,127.051638,204563.9277,448480.8355,37.66467364,-5.556284377278786,45.30422089924878,4.259351086328303,43.0,435.0
성동구,성동,노스타노바(NOSTANOVA),2,고위험군,37.54742489,127.0257821,202278.3501,449768.0051,29.16972306,-12.831119311067528,44.173474216645054,4.442071085575734,43.0,435.0
성동구,하왕십리동,YH STAY,2,고위험군,37.56132099,127.026377,202330.4875,451310.3209,51.78142876,2.526248930751862,43.37142449866368,4.236496921855682,43.0,435.0
성동구,성동,성수리버,2,고위험군,37.53772154,127.0593995,205249.7823,448692.3969,36.75666209,-13.696097573284852,44.67004172892304,4.163746680888911,43.0,435.0
성동구,성동,린스테이(LYNN STAY),2,고위험군,37.54280248,127.0482425,204263.4293,449255.7549,46.24981546,3.2596188772638683,45.350507454377706,4.19044644593515,43.0,435.0
성동구,응봉동,캄스테이 응봉,2,고위험군,37.54950772,127.0291947,202579.8516,449999.2623,47.4611473,5.858708135508465,43.83216073445538,4.339480515300339,43.0,435.0
성동구,송정동,Laszlo & Co.,2,고위험군,37.54731654,127.0657349,205808.97,449757.6979,36.13748857,-4.754394731478179,42.76294335221037,4.029118523832434,43.0,435.0
성동구,성동,코지 뚝섬(Cozy Ttukseom),2,고위험군,37.54350544,127.0461728,204080.4761,449333.6831,38.33659794,-4.910190210898463,45.45475473764443,4.1990237941596735,43.0,435.0
성동구,성동,마이 리틀 서울,2,고위험군,37.54904299,127.0206984,201829.0649,449947.4836,47.04283799,5.431335719855021,43.86659367600089,4.500195398569539,43.0,435.0
성동구,하왕십리동,Wevvy Loft 왕십리,2,고위험군,37.55865523,127.0288537,202549.3998,451014.5174,38.23232365,-3.3262793798372385,43.05011148688223,4.236155551665409,43.0,435.0
마포구,연남동,주니스 게스트하우스,2,고위험군,37.56149159,126.919013,192844.5664,451332.0113,50.94914232,8.085168270802427,44.50823735668655,3.451501111114277,43.0,435.0
마포구,동교동,진스파라다이스,2,고위험군,37.55551437,126.9236287,193251.8379,450668.2692,30.61340226,-3.9053493560411496,36.666968229546946,3.988955613393475,43.0,435.0
마포구,연남동,헬로월드 게스트하우스,2,고위험군,37.56096556,126.9228864,193186.7429,451273.3403,36.62713848,-9.315642460329691,46.799703601025385,3.76190701457749,43.0,435.0
마포구,합정동,홍대 게스트하우스 Hi :Dear,2,고위험군,37.54562637,126.9174338,192703.4867,449571.2825,40.7850036,0.26507919577193206,41.97782222195863,2.83735837629415,43.0,435.0
마포구,연남동,스윗루나,2,고위험군,37.55818261,126.923767,193264.2929,450964.4023,42.64686994,-0.19491536939613496,44.97153653166248,3.9546678113277753,43.0,435.0
마포구,서교동,Lee House 2,2,고위험군,37.55310859,126.927478,193591.7559,450400.987,33.97208471,-4.1814686613453205,40.03131511597635,4.5407654149348895,43.0,435.0
마포구,염리동,브리지 스테이 마포,2,고위험군,37.54677382,126.9473364,195346.1066,449696.7352,32.75038715,-5.505909636132849,41.04351152305032,5.175491056470201,43.0,435.0
마포구,연남동,화이트브라운,2,고위험군,37.55609972,126.9192324,192863.4377,450733.5608,49.40263585,6.233313324950537,44.76985000109336,3.446556885818651,43.0,435.0
마포구,성산동,Calm and cozy house,2,고위험군,37.55679066,126.916712,192640.804,450810.4413,32.4486153,-7.977691925302722,42.068055829793444,3.195168480306949,43.0,435.0
마포구,성산동,스테이 순,2,고위험군,37.55690407,126.9112361,192156.9686,450823.4713,39.25681616,-3.001930927448896,42.87295376588922,2.855754314206292,43.0,435.0
마포구,상암동,스마일 하우스,2,고위험군,37.57474511,126.8944596,190676.855,452805.1505,39.33540194,-0.3879978385129945,41.486352084880146,3.4310549289829493,43.0,435.0
마포구,대흥동,낙원하우스,2,고위험군,37.54675942,126.943957,195047.4636,449695.3096,39.25542684,-0.24334958793470918,42.36177183472379,5.316205790063922,43.0,435.0
마포구,서교동,써니하우스,2,고위험군,37.55063756,126.9223728,193140.4134,450127.0925,27.76479498,-14.700485530155913,44.2104919064379,3.758117523813074,43.0,435.0
마포구,창전동,라파벨라 하우스,2,고위험군,37.55036615,126.9259633,193457.6704,450096.7133,38.12576774,-0.8685293867159203,41.23574203632606,4.362296459970133,43.0,435.0
마포구,합정동,포시즌하우스,2,고위험군,37.54859316,126.9093925,191993.1847,449901.2149,27.47385379,-18.963722649191283,45.509400753365405,2.260182566696873,43.0,435.0
마포구,망원동,스테이 선선,2,고위험군,37.55668401,126.9040414,191521.2328,450799.6719,48.90870976,4.961784476676044,45.250447221854934,2.6651257664056236,43.0,435.0
마포구,연남동,스테이우아,2,고위험군,37.55903315,126.920769,192999.4814,451059.0212,37.16385739,-5.075531005743066,44.17180422360357,3.5882419470608826,43.0,435.0
마포구,망원동,프라이빗 하우스,2,고위험군,37.55740113,126.9019853,191339.64,450879.4512,47.13305975,2.976516831845636,45.27573665288317,2.7064116189388714,43.0,435.0
마포구,연남동,솔로몬하우스,2,고위험군,37.56061592,126.9253273,193402.3706,451234.3603,52.1304351,4.315030371502175,49.441994850488015,4.051001752744196,43.0,435.0
마포구,망원동,비비에이비 스테이,2,고위험군,37.55172181,126.904924,191598.6611,450248.8475,33.4526944,-9.584507140581778,44.396306954863924,2.412927263673894,43.0,435.0
마포구,창전동,스테이 뤼느,2,고위험군,37.55086366,126.928749,193703.8761,450151.7407,37.03055702,-1.3565524636712922,40.527190042166694,4.738130878973021,43.0,435.0
마포구,서교동,어반우드,2,고위험군,37.55098756,126.9136726,192371.6514,450166.6087,38.38826751,0.3717295423318774,38.65381538005131,2.5237878227570865,43.0,435.0
마포구,연남동,Maru Stay,2,고위험군,37.55845119,126.9192223,192862.7625,450994.5469,43.67430502,1.2016904913331174,44.166754251704745,3.463766350451952,43.0,435.0
마포구,연남동,데일리 하우스,2,고위험군,37.5588598,126.9243205,193313.2642,451039.5229,42.46851253,-2.3422223228653962,46.81487070986981,3.9993957399595454,43.0,435.0
마포구,연남동,베인하우스,2,고위험군,37.55866919,126.9246619,193343.4067,451018.3432,41.26325584,-3.302519136498603,46.69195825174574,4.043491517081665,43.0,435.0
마포구,도화동,도레미 게스트하우스,2,고위험군,37.53880348,126.9502972,195607.2848,448811.9818,29.41224769,-8.334981308814307,39.951330391089165,4.626666769121593,43.0,435.0
마포구,연남동,위자드 하우스,2,고위험군,37.5572601,126.9177554,192733.0367,450862.4624,42.27265485,1.068304904094802,42.826923433777296,3.317445056036401,43.0,435.0
마포구,노고산동,노고산스테이,2,고위험군,37.55242607,126.9398451,194684.4963,450324.4642,55.59006803,1.597438840631689,40.396652911974336,5.474480416152355,43.0,435.0
마포구,서교동,JH HOUSE,2,고위험군,37.55340327,126.9166802,192637.661,450434.4838,40.56534319,3.5412598958718604,38.63911972302704,3.071412599307324,43.0,435.0
마포구,동교동,이레스테이,2,고위험군,37.55462383,126.9269901,193548.7725,450569.1939,48.90812702,8.85082226421617,42.280763802012174,4.437070773611001,43.0,435.0
마포구,서교동,어반포레스트,2,고위험군,37.55118684,126.9175119,192710.9309,450188.4217,32.45505985,-4.860699241022985,38.701200556277406,3.067362563279747,43.0,435.0
마포구,상수동,무드하우스 2호점,2,고위험군,37.54568008,126.9239713,193281.2229,449576.7564,55.84490496,13.318178428619461,44.47654714292047,3.9865206699475486,43.0,435.0
마포구,노고산동,헤이스 하우스1,2,고위험군,37.55082404,126.9377856,194502.3902,450146.7765,39.53113283,2.7649302238238604,39.209793862530645,5.410102503553339,43.0,435.0
마포구,서교동,문하우스,2,고위험군,37.5527925,126.9276317,193605.3058,450365.8943,45.37297648,2.6054467468207463,40.523296767346764,4.5625320458240815,43.0,435.0
마포구,연남동,연트럴,2,고위험군,37.56322788,126.9206454,192988.9502,451524.5961,50.25250944,6.842905970212897,45.13962175121327,3.5371221318896877,43.0,435.0
마포구,연남동,SeeU House,2,고위험군,37.55762156,126.9216893,193080.6692,450902.2833,35.08698913,-6.411355937184446,43.58073055294146,3.6970235415593713,43.0,435.0
마포구,서교동,cooKorean Home,2,고위험군,37.5549824,126.9134127,192349.0963,450610.0094,35.5991867,-5.094080372385726,41.22896759909757,2.814174277064859,43.0,435.0
마포구,연남동,모모하우스,2,고위험군,37.55789477,126.9244937,193328.4762,450932.4037,43.01149415,0.761857002173663,44.17592709524201,4.043508033994153,43.0,435.0
마포구,연남동,huayuan house2,2,고위험군,37.55737926,126.9207388,192996.6627,450875.4613,49.79388465,7.190601069619952,44.2756057524747,3.6011587328613657,43.0,435.0
마포구,서교동,Homi house,2,고위험군,37.55269953,126.9233619,193228.0105,450355.8747,51.75327173,9.855546296328477,43.98064496762344,3.9612142397834074,43.0,435.0
마포구,노고산동,마인힐 스테이,2,고위험군,37.55214457,126.9413936,194821.3096,450293.1347,46.39488079,6.447415510541276,40.790368269756414,5.51181678614235,43.0,435.0
마포구,동교동,연밤 게스트하우스,2,고위험군,37.55712309,126.9232575,193219.1835,450846.8448,31.83127004,-5.511662178435252,39.058827408078756,3.9090072433325167,43.0,435.0
마포구,동교동,거인,2,고위험군,37.55255355,126.9308814,193892.4392,450339.1576,28.08153853,-6.366878766421205,36.7694656469218,4.872152120779762,43.0,435.0
마포구,서교동,엔케 하우스,2,고위험군,37.5536264,126.9266455,193518.2369,450458.5148,33.99776315,-3.551865197315358,39.380411779687655,4.427163411823263,43.0,435.0
마포구,서교동,Mimi's house,2,고위험군,37.55108117,126.9173686,192698.257,450176.7048,37.45929743,0.28242744338796655,38.663758071776016,3.0400284263707387,43.0,435.0
마포구,망원동,스테이인 망원,2,고위험군,37.55455056,126.9077188,191845.9347,450562.5589,48.74363117,3.864635976813666,46.118539543394185,2.6019486553837736,43.0,435.0
마포구,서교동,더 포춘,2,고위험군,37.55225986,126.9271726,193564.696,450306.8089,41.73650629,3.0131933222253267,40.82255231869655,4.520477122820006,43.0,435.0
마포구,창전동,스테이 공유 홍대,2,고위험군,37.5502927,126.9283737,193670.6625,450088.3962,37.99232349,-0.00880792290669774,40.59618440519685,4.707547643177148,43.0,435.0
마포구,연남동,마이리틀,2,고위험군,37.55905795,126.9191744,192858.5961,451061.8937,45.3283094,2.472080730020558,44.42056025782783,3.4634246696528113,43.0,435.0
마포구,도화동,NANA STAY,2,고위험군,37.53848218,126.9526834,195818.1566,448776.2127,38.51382462,1.1891247410498949,39.62216524892672,4.58475565978998,43.0,435.0
마포구,연남동,사미스테이,2,고위험군,37.55698014,126.9182525,192776.9385,450831.3518,42.16327581,0.8488235575861864,42.99765278642301,3.358946461481908,43.0,435.0
마포구,서교동,Sue-perb house,2,고위험군,37.55191267,126.9180645,192759.8325,450268.9375,35.18263543,-1.9903519631362983,38.8028812260312,3.1720967429894404,43.0,435.0
마포구,서교동,모스트스테이,2,고위험군,37.55327394,126.9175679,192716.086,450420.0606,34.33398768,-4.044946209534224,39.05907075281308,3.162296747556499,43.0,435.0
마포구,연남동,블라썸,2,고위험군,37.55874676,126.9245255,193331.3636,451026.9622,43.25246252,-1.372077632530285,46.74105927099423,4.025112604770802,43.0,435.0
마포구,동교동,마포달빛,2,고위험군,37.55257976,126.9305018,193858.903,450342.0913,31.23806042,-2.80343075120037,36.34804595622489,4.841728430658568,43.0,435.0
마포구,동교동,Da Young House,2,고위험군,37.55341017,126.9295521,193775.056,450434.3194,35.748507,0.17687620851909713,37.82953504043678,4.739605261861695,43.0,435.0
마포구,노고산동,신촌의 여유,2,고위험군,37.55246431,126.9393936,194644.6028,450328.734,55.44345149,1.6275945003394838,40.24201777296136,5.465566830046263,43.0,435.0
마포구,서교동,세린홍대스위트,2,고위험군,37.5515933,126.9272488,193571.3712,450232.8235,35.24570861,-3.685008182337647,40.92424286224857,4.541482425085065,43.0,435.0
마포구,상수동,휴스테이,2,고위험군,37.54532898,126.9216635,193077.2518,449537.9559,54.59851084,6.351707665972867,43.38050770287103,3.503892433668756,43.0,435.0
마포구,망원동,보르카,2,고위험군,37.55145772,126.9058677,191682.0222,450219.4528,28.57369344,-15.30466498328503,44.9941355466856,2.4027012252238866,43.0,435.0
마포구,연남동,밀리언스테이1,2,고위험군,37.55975429,126.9255974,193426.1655,451138.7106,53.37099094,2.6639748465941864,48.741660618567174,4.107631572426904,43.0,435.0
마포구,동교동,스테이 홍대101,2,고위험군,37.55356227,126.9294632,193767.2115,450451.2066,34.97174243,-1.0215760231852187,38.245660033593126,4.727928569578514,43.0,435.0
마포구,연남동,원 하우스,2,고위험군,37.55918952,126.9256858,193433.9203,451076.0216,56.65465226,9.527171811322297,47.966918081628336,4.133724181860743,43.0,435.0
마포구,서교동,호영하우스,2,고위험군,37.55254638,126.9285959,193690.491,450338.5127,42.19509814,4.463610238353773,40.07611103983397,4.678862342543261,43.0,435.0
마포구,도화동,연 스테이,2,고위험군,37.53658544,126.9485049,195448.7488,448565.8918,48.55633371,-3.025518131651637,40.24592041696487,4.5644632880448714,43.0,435.0
마포구,서교동,코텔로,2,고위험군,37.54653057,126.9165105,192621.9849,449671.7098,51.34553002,9.759323688349326,42.207762826560554,2.7286450054423463,43.0,435.0
마포구,염리동,마므레인서울,2,고위험군,37.55242519,126.94738,195350.3097,450323.9672,28.1178571,-10.159763067859334,40.16179943871743,5.351412149812316,43.0,435.0
마포구,서교동,슬로우시네마 홍대,2,고위험군,37.55177137,126.913431,192350.3834,450253.6218,32.46961715,-5.2035879261807025,38.285055989716085,2.5515503164336315,43.0,435.0
마포구,연남동,헤이븐 연남,2,고위험군,37.56162667,126.9256372,193429.8394,451346.5199,52.86888807,5.118977640056713,49.37698449294769,4.052207001608257,43.0,435.0
마포구,동교동,KHC스테이,2,고위험군,37.55471946,126.9267626,193528.6742,450579.8233,46.94465105,7.057048756985331,42.15167642840204,4.406337422599489,43.0,435.0
마포구,연남동,스테이 무아,2,고위험군,37.56143002,126.9189274,192836.9957,451325.1843,49.09294766,6.300141789160691,44.43387115426706,3.4447880843439247,43.0,435.0
마포구,동교동,클라우스하우스3,2,고위험군,37.55376464,126.9297795,193795.1781,450473.6463,37.17188561,1.3049452993564117,38.07218018672128,4.748737396601258,43.0,435.0
마포구,동교동,양화스테이,2,고위험군,37.55661176,126.9251782,193388.8486,450789.9564,45.24730737,7.056072112687062,40.17415067121608,4.1623715150489735,43.0,435.0
마포구,성산동,휘게하우스,2,고위험군,37.55631513,126.9115941,192188.5429,450758.0761,41.28429086,-0.020844296300751353,42.79605816786703,2.8353785960381854,43.0,435.0
마포구,창전동,알로하하우스_블루,2,고위험군,37.55101092,126.9312881,193928.2585,450167.9178,43.77252135,6.991784107383545,39.137569257885204,4.947266220902596,43.0,435.0
마포구,동교동,동교의봄,2,고위험군,37.55473791,126.9195567,192891.9624,450582.3915,48.55820299,6.214371251913143,43.216551087741045,3.456200430994311,43.0,435.0
마포구,동교동,오리하우스,2,고위험군,37.55229526,126.931076,193909.6155,450310.4779,33.41751401,-1.5320177158682498,37.28120450902147,4.894454048298605,43.0,435.0
마포구,도화동,온안 스테이,2,고위험군,37.53837945,126.9530932,195854.3656,448764.7927,33.73334215,-8.276783163570371,39.57212466612857,4.575432488914577,43.0,435.0
마포구,합정동,아스트라 스테이,2,고위험군,37.54986386,126.9091758,191974.1716,450042.2658,48.12963374,4.131358693722795,45.10458358533209,2.322271095141336,43.0,435.0
마포구,동교동,노블스테이,2,고위험군,37.55253174,126.9305821,193865.9929,450336.7564,32.11744859,-2.130483540948454,36.4999150046462,4.849393213338236,43.0,435.0
마포구,서교동,에덴 게스트하우스,2,고위험군,37.5501497,126.9195541,192891.2951,450073.1552,39.94925052,0.8351776510806488,40.85525770910792,3.3113166738438027,43.0,435.0
마포구,염리동,썬데이 플라라,2,고위험군,37.54477282,126.9440247,195053.3141,449474.8175,45.06210871,5.973546573285901,41.81306295968235,5.181348237570742,43.0,435.0
마포구,동교동,구름,2,고위험군,37.55326407,126.9298923,193805.0977,450418.0815,30.83112884,-4.293536207858917,37.28027266006296,4.772507721631744,43.0,435.0
마포구,성산동,MW STAY,2,고위험군,37.56034197,126.9057104,191669.1088,451205.513,41.25552059,-1.4112966173793353,44.0733270040809,2.8756903808736265,43.0,435.0
마포구,공덕동,스테이인공덕엠,2,고위험군,37.54550616,126.958905,196368.36,449555.5305,40.08130478,1.864526108248846,40.763345788762024,4.619591995035656,43.0,435.0
마포구,대흥동,플러스 스테이,2,고위험군,37.54469077,126.9391548,194622.9423,449465.9783,41.11193838,2.6503901625026174,41.352562386239235,5.2444350758486395,43.0,435.0
마포구,연남동,연남 스테이션 2,2,고위험군,37.56173552,126.9206253,192987.0354,451358.9631,36.88884386,-7.265118024345796,45.09411029956503,3.554239749044142,43.0,435.0
마포구,서교동,마루 서교,2,고위험군,37.55321296,126.9161303,192589.0463,450413.4049,40.49718837,2.847045629286164,38.33077559604115,2.9879913675394794,43.0,435.0
마포구,망원동,더플래닛,2,고위험군,37.55123821,126.9078434,191856.5805,450194.9168,42.18626859,-1.9478307014376952,45.370451760594975,2.4061871770108496,43.0,435.0
마포구,연남동,더드 하우스,2,고위험군,37.55815851,126.9210094,193020.6388,450961.9287,43.23503898,1.0532986246111804,43.95251378357764,3.620448379450352,43.0,435.0
마포구,상수동,스테이 상수,2,고위험군,37.54374376,126.9217001,193080.3353,449362.013,36.35500276,-8.514129010641675,43.33852900028212,3.4928687061635664,43.0,435.0
마포구,서교동,성산하우스 다날,2,고위험군,37.5555066,126.9114407,192174.9005,450668.3517,47.59930885,6.130837030218117,42.853700853503334,2.7643231255862113,43.0,435.0
마포구,성산동,홍대 스테이,2,고위험군,37.55586956,126.9159724,192575.3645,450708.2683,41.93088503,2.689719686494442,40.90794336318698,3.0949874868711063,43.0,435.0
마포구,연남동,아르테,2,고위험군,37.55988072,126.9204466,192971.0796,451153.1156,44.70694138,1.8671702419326976,44.57831850828505,3.55456034572443,43.0,435.0
마포구,동교동,플레이 마포,2,고위험군,37.55216009,126.9314476,193942.4449,450295.4516,33.57658687,-1.5161100323653969,37.75565934520006,4.9447708940608,43.0,435.0
마포구,동교동,제일,2,고위험군,37.55272523,126.931557,193952.1532,450358.1683,33.82804275,-0.944626079486369,37.124717790021556,4.937226029254323,43.0,435.0
마포구,동교동,머뭄,2,고위험군,37.55362667,126.9288388,193712.0452,450458.3958,30.82154108,-6.301344292954315,39.4634619748262,4.670787191327011,43.0,435.0
마포구,도화동,숑?N하우스,2,고위험군,37.53862766,126.9525846,195809.4355,448792.3636,39.41896813,1.9210170705806675,39.62914881676426,4.589295976207893,43.0,435.0
마포구,망원동,온마음스테이,2,고위험군,37.5530852,126.9070792,191789.2555,450399.9771,44.93347781,0.631099668718548,45.49877387988292,2.5113746699252655,43.0,435.0
마포구,대흥동,스테이 소도,2,고위험군,37.54740564,126.9439619,195047.9403,449767.032,35.1006392,-4.5967908432262305,42.580778934893694,5.353999533603237,43.0,435.0
마포구,망원동,우리 함께 즐겨요 서울 스테이 2,2,고위험군,37.55358052,126.9037336,191493.6895,450455.2492,49.20445456,5.403421774304128,44.771784656984984,2.4966915096310984,43.0,435.0
마포구,망원동,Mapo;rest Stay,2,고위험군,37.55747481,126.9008818,191242.1458,450887.731,52.32760638,8.45901298630151,45.329359404987784,2.7124502920017552,43.0,435.0
마포구,망원동,헬로 스트레엔젤,2,고위험군,37.55773662,126.9034193,191466.3903,450916.5554,35.71649757,-8.198737985596658,45.07724570502307,2.726144250753548,43.0,435.0
마포구,서교동,one way house 2,2,고위험군,37.55204423,126.9278899,193628.0583,450282.8277,35.39049272,-3.2133039562457384,40.91536717424296,4.6129034466378975,43.0,435.0
마포구,동교동,클라우스 하우스2,2,고위험군,37.55433995,126.9283817,193671.7073,450537.592,47.31640074,7.972264651730725,41.705827318905335,4.5963196555824,43.0,435.0
마포구,연남동,스테이 고래,2,고위험군,37.56076207,126.9165295,192625.0718,451251.2352,37.94445233,-3.6228170692653165,42.969944492775106,3.290758384283026,43.0,435.0
마포구,서교동,어울림,2,고위험군,37.5463058,126.9196529,192899.6611,449646.5211,36.85655117,-4.085615696075678,42.485125260390944,3.154667406530752,43.0,435.0
마포구,망원동,체리하우스,2,고위험군,37.55621009,126.9054971,191649.8071,450746.9421,46.87284008,-0.1171947921757166,45.36397693422271,2.6449798516846292,43.0,435.0
마포구,서교동,스테이 이브,2,고위험군,37.55368749,126.9260552,193466.082,450465.3359,36.52239173,-0.5508394830349772,39.463840920734306,4.336677951730269,43.0,435.0
마포구,망원동,다나 하우스,2,고위험군,37.55521731,126.9011929,191269.3732,450637.1463,44.35412084,0.46492895042919,45.21143449091478,2.573346413438175,43.0,435.0
마포구,동교동,루비 스테이,2,고위험군,37.55263061,126.9313943,193937.7706,450347.6771,33.89485713,-0.6539289826392078,37.08093525706023,4.9280645718593705,43.0,435.0
마포구,서교동,프라이빗 하우스,2,고위험군,37.55240642,126.9288545,193713.33,450322.9615,52.75698546,5.8290868951028045,40.110467557967326,4.707679951280006,43.0,435.0
마포구,노고산동,썬스 하우스,2,고위험군,37.55229819,126.9395073,194654.6397,450310.2902,55.37861633,1.5403516863152618,40.264328964273645,5.4656056711869505,43.0,435.0
마포구,도화동,한스 하우스,2,고위험군,37.5347838,126.9461072,195236.7174,448366.0506,39.53713549,1.3513988518736113,40.50202583969793,4.50795830000572,43.0,435.0
마포구,연남동,란 스테이,2,고위험군,37.55970759,126.9240994,193293.7994,451133.6333,50.41578958,3.7856912806824496,47.48133199619355,3.957811576429472,43.0,435.0
마포구,합정동,S HOUSE,2,고위험군,37.5440966,126.9132566,192334.192,449401.8289,41.32785633,-1.0578574024483345,43.461569196041665,2.4509228916475574,43.0,435.0
마포구,서교동,앤드류 게스트하우스,2,고위험군,37.55364634,126.926408,193497.2509,450460.7443,38.66452787,1.3223762218061381,39.43374149108814,4.390491859706815,43.0,435.0
마포구,대흥동,1978 Stay,2,고위험군,37.54655983,126.9429587,194959.231,449673.2106,41.5660089,1.363176754728613,42.484233644412235,5.352302287216173,43.0,435.0
마포구,연남동,시담,2,고위험군,37.5631198,126.9223502,193139.567,451512.4746,41.91149724,-2.195000410912378,45.941911116373895,3.6626981994140335,43.0,435.0
마포구,연남동,연남재 게스트하우스,2,고위험군,37.55910294,126.9237061,193258.9958,451066.5524,45.09868069,-4.661696873909726,46.87163898147219,3.919839390465518,43.0,435.0
마포구,연남동,도란도란3,2,고위험군,37.55911332,126.9253471,193403.9911,451067.588,44.81696758,-0.5705042466525825,47.59823627141687,4.105098706708909,43.0,435.0
마포구,연남동,찬스하우스,2,고위험군,37.55735274,126.92095,193015.3179,450872.5022,45.05106814,2.681695578354912,44.0949073751589,3.622099513492431,43.0,435.0
마포구,서교동,Moonlight house,2,고위험군,37.55338757,126.915606,192542.7387,450432.826,41.04240256,3.2313204642082383,38.403675929758776,2.9181673126573795,43.0,435.0
마포구,망원동,힐링하우스2,2,고위험군,37.55917139,126.9022812,191365.9911,451075.9019,50.36786768,6.709360102418131,45.10349994135468,2.812241802662179,43.0,435.0
마포구,연남동,홍대 스테이유,2,고위험군,37.55805283,126.9241003,193293.7315,450949.9744,46.32841379,2.608425960406265,44.57902765871735,3.9941061929256607,43.0,435.0
마포구,연남동,홍홈,2,고위험군,37.55730089,126.9211929,193036.7743,450866.7294,48.70051316,6.780488920648658,43.88302160694069,3.645027842766465,43.0,435.0
마포구,망원동,Dalgonastay M,2,고위험군,37.55511389,126.9044761,191559.4714,450625.3681,52.63829197,7.732468975167691,45.55457277821171,2.5692214591229208,43.0,435.0
마포구,연남동,작전명 행복,2,고위험군,37.55860056,126.9252831,193398.2929,451010.6822,46.23106452,-2.70940536632353,46.9165487829636,4.114637398561657,43.0,435.0
마포구,성산동,우주정복연구소,2,고위험군,37.55878614,126.9160694,192584.2174,451031.9665,44.65165392,2.4677601752838214,42.87580759445434,3.2170538530554587,43.0,435.0
마포구,동교동,이안 뱃 스테이,2,고위험군,37.55344782,126.9298732,193803.4279,450438.4769,31.12635021,-4.0108842099440665,37.407297095488694,4.76512722217629,43.0,435.0
마포구,합정동,망원경,2,고위험군,37.54918998,126.9088675,191946.8601,449967.4996,48.34358202,3.643975390605952,45.35597916904109,2.263823767177379,43.0,435.0
마포구,연남동,오아시스 연남1,2,고위험군,37.55924617,126.9231501,193209.8874,451082.4893,53.6424831,7.425138867344167,47.09224969547726,3.8408518628834107,43.0,435.0
마포구,연남동,나로하우스,2,고위험군,37.55789278,126.9204125,192967.8719,450932.4803,38.25749148,-4.849317162547841,44.182840284747996,3.5636549022260273,43.0,435.0
마포구,연남동,Kim's Mansion,2,고위험군,37.56119245,126.9193497,192874.2802,451298.7847,44.27610292,0.2055433302091103,44.98955186370733,3.4742587618536698,43.0,435.0
마포구,대흥동,아라베스크,2,고위험군,37.54692596,126.9434928,195006.4532,449713.8181,58.56602619,0.4862181457174799,42.57421993283163,5.350278276798608,43.0,435.0
마포구,성산동,하이 홍대,2,고위험군,37.55896277,126.9161679,192592.9441,451051.5625,46.33000742,2.4988498804079597,42.99109880205063,3.228115096115166,43.0,435.0
마포구,합정동,낙낙스테이,2,고위험군,37.54943287,126.9075652,191831.8013,449994.5698,48.29025549,4.126945928596648,45.33577272886652,2.2818459213256217,43.0,435.0
마포구,합정동,쁘띠맨숀47,2,고위험군,37.54532948,126.9178278,192738.2772,449538.3008,37.85677665,-3.736362515591189,42.10785303844685,2.89742287186493,43.0,435.0
마포구,연남동,스테이콤마,2,고위험군,37.55880178,126.9205143,192976.9582,451033.3609,34.19111958,-7.995357258726912,44.06383523817419,3.57028617949445,43.0,435.0
마포구,중동,더 눅 마포,2,고위험군,37.56745481,126.9049959,191606.7813,451995.0184,39.18096702,-2.575709276543506,42.97401692519805,3.2306570723411876,43.0,435.0
마포구,상암동,올스테이,2,고위험군,37.57337671,126.8946398,190692.5969,452653.2561,36.68248417,-3.114009423393412,41.49992021417169,3.3993090571500586,43.0,435.0
마포구,망원동,한강스테이,2,고위험군,37.55052045,126.9011467,191264.7472,450115.8552,45.16347052,2.6874225538795713,43.61971142301476,2.3382858830136937,43.0,435.0
마포구,도화동,흐흐스테이,2,고위험군,37.53876108,126.9518076,195740.771,448807.2065,40.52542179,2.8759555180238223,39.72800086531119,4.6018683271522285,43.0,435.0
마포구,서교동,스테이스트 홍대,2,고위험군,37.54926167,126.9140419,192404.1131,449975.0257,44.12743019,5.184931195728595,39.918458294974926,2.5100845765831012,43.0,435.0
마포구,서교동,스테이온 328,2,고위험군,37.55308438,126.9270773,193556.3477,450398.3273,38.78574814,1.5582476914566854,39.704894426727094,4.49410868212293,43.0,435.0
마포구,동교동,스테이 온기,2,고위험군,37.55321696,126.9306614,193873.0562,450412.8025,42.04993419,7.607477290766205,36.568249524601285,4.842800900975077,43.0,435.0
마포구,성산동,하루안 스테이,2,고위험군,37.56041888,126.9056656,191665.16,451214.053,41.01316851,-1.7314368234657493,44.08196075598442,2.879845306786986,43.0,435.0
마포구,창전동,허브하우스,2,고위험군,37.54695341,126.9288941,193716.3697,449717.7402,47.42741959,5.911660583811326,42.54115948025602,4.767600109856982,43.0,435.0
마포구,공덕동,다도 하우스 신공덕,2,고위험군,37.54684029,126.9604459,196504.5988,449703.5444,53.68254786,10.332585878782055,41.52766549060372,4.595504340924941,43.0,435.0
마포구,상암동,조선힙,2,고위험군,37.57408294,126.8933823,190581.5988,452731.7647,42.38755113,1.783378024976038,41.46649593447292,3.4150274495216304,43.0,435.0
마포구,망원동,망원 데이데이,2,고위험군,37.55090791,126.9014883,191294.9709,450158.8269,37.97062489,-4.441081417083076,43.5920226967704,2.355405360480762,43.0,435.0
마포구,연남동,SSOL HOUSE,2,고위험군,37.56364481,126.9189287,192837.3226,451570.9998,41.94992791,-1.1549317306364841,44.49213232188952,3.4549847483483482,43.0,435.0
마포구,대흥동,스테이연 마포,2,고위험군,37.54561926,126.9419204,194867.4087,449568.8749,45.59930524,6.2121340709841135,42.117353151737625,5.313475761656253,43.0,435.0
마포구,도화동,공디스테이,2,고위험군,37.53915854,126.9513128,195697.0645,448851.3422,35.55869613,-2.5508070667353024,39.737491909439115,4.623784324382698,43.0,435.0
마포구,합정동,Piece Haus,2,고위험군,37.54910493,126.908141,191882.644,449958.1225,43.72708893,-0.3523824150483037,45.24026675407342,2.2591381487134456,43.0,435.0
마포구,성산동,번역가의 방,2,고위험군,37.5652737,126.9081558,191885.707,451752.6631,36.24997161,-5.226493048823812,43.093972314998936,3.147990785878653,43.0,435.0
마포구,창전동,스테이 에이치,2,고위험군,37.55122877,126.9314395,193941.6485,450192.0868,44.17996651,7.325902594950115,38.90686396512843,4.964039499593079,43.0,435.0
마포구,연남동,홍대온스테이,2,고위험군,37.55877584,126.9202131,192950.3393,451030.5044,47.01350271,4.014754622876076,43.89314208804183,3.5420378070866287,43.0,435.0
마포구,동교동,Hee's house,2,고위험군,37.55278435,126.931626,193958.2559,450364.7255,42.86069235,3.6446515134050017,37.120872601850245,4.940469088054028,43.0,435.0
마포구,연남동,사브리나 인 연남,2,고위험군,37.56090713,126.9166146,192632.5979,451267.3284,40.30608595,-2.1932987835539492,43.08535110602631,3.29851682513564,43.0,435.0
마포구,노고산동,레아스테이,2,고위험군,37.55209414,126.9324024,194026.806,450288.0708,43.07030471,7.5094403018985645,38.26526768123735,5.02172106361753,43.0,435.0
마포구,연남동,Project 202,2,고위험군,37.55800662,126.9245589,193334.2541,450944.813,42.81096944,0.22904103506275675,44.71080047322936,4.048604957675025,43.0,435.0
마포구,동교동,준하우스1,2,고위험군,37.55645178,126.9222266,193128.0345,450772.4122,38.4642407,-3.3891453671990206,40.4053034624799,3.779708978236328,43.0,435.0
마포구,연남동,어반리프연남,2,고위험군,37.56043788,126.9257333,193438.2267,451214.5715,50.94642774,3.5902804548991156,49.30652261596003,4.094066072562621,43.0,435.0
마포구,도화동,스텔라스테이,2,고위험군,37.53862228,126.9523933,195792.5281,448791.775,42.48178235,4.958830118142025,39.65522439790723,4.591609595170091,43.0,435.0
마포구,서교동,신화,2,고위험군,37.55124449,126.9238334,193269.535,450194.3488,40.66410876,-0.5012756181415625,43.23130282435755,4.020687140636662,43.0,435.0
마포구,서교동,스테이 로뎀,2,고위험군,37.54641613,126.9157121,192551.4229,449659.0713,47.78916984,6.40152904404475,42.75022646110588,2.651862019007427,43.0,435.0
마포구,서교동,코자요03,2,고위험군,37.54948675,126.9219025,193098.7498,449999.4008,45.81704151,3.7192741548612673,43.01905404954046,3.648540016354935,43.0,435.0
마포구,대흥동,Casa Luna,2,고위험군,37.55116109,126.9437627,195030.5881,450183.8523,43.98477435,5.20219124316327,41.19614434854355,5.498371015317495,43.0,435.0
마포구,연남동,엔조이연남,2,고위험군,37.5619481,126.9204545,192971.9665,451382.5698,44.3285228,1.1827336183925112,45.00955079944691,3.5444283563561347,43.0,435.0
마포구,연남동,바다민박,2,고위험군,37.56106961,126.9263398,193491.8711,451284.6439,51.59916256,2.7361578536146567,49.752402022723984,4.135253347663379,43.0,435.0
마포구,서교동,유월애,2,고위험군,37.54887439,126.9194584,192882.7172,449931.6184,46.34350791,6.815126104199791,41.15233490120774,3.2407139810246317,43.0,435.0
마포구,도화동,공덕 스테이,2,고위험군,37.53826824,126.9517284,195733.745,448752.5108,44.52035866,2.3722398772107667,39.76503979935566,4.5878986338370895,43.0,435.0
마포구,망원동,더 피크닉 스테이,2,고위험군,37.55345249,126.8968384,190884.3967,450441.6857,47.01434772,3.3992723297057594,44.84224285174456,2.5090146352976763,43.0,435.0
마포구,동교동,동교 네스트,2,고위험군,37.55429383,126.9296992,193788.1221,450532.3854,37.91379629,-0.36624644678973794,39.23927176440425,4.723624569290746,43.0,435.0
마포구,서교동,스테이담,2,고위험군,37.55557681,126.9163648,192610.0035,450675.7456,47.79445937,8.339654692671118,41.054606905998966,3.113532511487728,43.0,435.0
마포구,합정동,버터하우스,2,고위험군,37.54666495,126.9069015,191772.8478,449687.4218,43.19565546,-0.891010357880262,45.129867148354144,2.1898016788717136,43.0,435.0
마포구,합정동,스테이 쉼표,2,고위험군,37.54965774,126.9092616,191981.7349,450019.3816,52.39481819,8.442722319947961,45.05250537574334,2.309888333745282,43.0,435.0
마포구,공덕동,블루하우스,2,고위험군,37.54714898,126.9620284,196644.4558,449737.7476,44.94975854,4.2615770594425015,41.78196997881577,4.561334022885263,43.0,435.0
마포구,합정동,하울의 집,2,고위험군,37.54707,126.9105275,192093.3234,449732.0664,48.46415992,4.697738430195997,44.84552491587047,2.265164379155008,43.0,435.0
마포구,공덕동,벨라 스테이,2,고위험군,37.54466259,126.9591898,196393.4868,449461.8935,34.59263303,-3.7824916921907814,40.623541255750226,4.597017250016375,43.0,435.0
마포구,염리동,모먼트 하우스,2,고위험군,37.55289715,126.9467542,195295.0388,450376.3802,34.7657327,-2.821705461598434,40.150868192541786,5.3809396340397315,43.0,435.0
마포구,공덕동,뉴 웨이브 하우스 101,2,고위험군,37.54403611,126.9539222,195927.9395,449392.5769,41.69795548,5.290859808867353,38.83274988540432,4.720804310943076,43.0,435.0
마포구,연남동,CARRIE'S HOME,2,고위험군,37.56141201,126.9251507,193386.8386,451322.7293,54.32612623,6.064915819980875,49.12401764343579,4.011622741411498,43.0,435.0
마포구,공덕동,우당탕탕 태희네,2,고위험군,37.54733049,126.9602237,196484.9868,449757.959,36.36930637,-2.519122090914216,41.598406965827024,4.608972483611107,43.0,435.0
마포구,상수동,홍스 하우스,2,고위험군,37.54604513,126.9234423,193234.5117,449617.3105,54.87893526,12.140320641848447,44.339574339848056,3.87140836997491,43.0,435.0
마포구,서교동,홍대 안미당,2,고위험군,37.55226731,126.9230807,193203.1191,450307.9238,42.66095014,0.4364901740355265,44.13850835105133,3.913382290282671,43.0,435.0
마포구,성산동,파라다이스 인 마포,2,고위험군,37.56086449,126.9101334,192059.9605,451263.1237,34.32780129,-7.003731552877724,42.74175523272923,2.9602218351049325,43.0,435.0
마포구,당인동,상수 스테이,2,고위험군,37.54329958,126.9196483,192898.973,449312.8674,48.4506058,-3.3600968989971847,42.86661460970245,3.120420486977959,43.0,435.0
마포구,아현동,메리골든스테이,2,고위험군,37.55401904,126.9598616,196453.2981,450500.3214,43.11624985,2.9891369529979386,41.83234019789805,4.683449773486862,43.0,435.0
마포구,아현동,기다린보람 마포스테이,2,고위험군,37.55408576,126.9522983,195785.001,450508.0387,60.95870776,4.486464694811431,40.200714280860495,5.134121868338084,43.0,435.0
마포구,서교동,Tomy guest house,2,고위험군,37.5527082,126.9276907,193610.5156,450356.534,39.16044945,0.6519600136613235,40.631037826708436,4.570670531938795,43.0,435.0
마포구,아현동,머무룸,2,고위험군,37.55415387,126.954225,195955.2537,450515.5135,40.73471122,2.375091508131078,40.861467863375644,4.992616046557563,43.0,435.0
마포구,합정동,소소당 합정,2,고위험군,37.54724842,126.9046318,191572.3382,449752.381,44.18714234,0.3686993138681771,44.835689451097515,2.1905263877168006,43.0,435.0
마포구,망원동,굿바이브,2,고위험군,37.5595094,126.9030953,191437.9627,451113.3425,46.66383786,2.5328401917700276,44.91546124990788,2.829677543045995,43.0,435.0
마포구,서교동,조하 하우스,2,고위험군,37.55263083,126.9235036,193240.5227,450348.2397,51.2531941,5.652981395251658,43.91120551218492,3.9827292558094123,43.0,435.0
마포구,도화동,우리함께즐겨요 서울스테이,2,고위험군,37.53687991,126.9472655,195339.2182,448598.635,40.45180932,0.4905127696711489,40.49090019968697,4.585508612549919,43.0,435.0
마포구,공덕동,미담스테이,2,고위험군,37.54543146,126.9575945,196252.5513,449547.2911,43.62104579,6.306418435869311,40.39952787254963,4.654052530585168,43.0,435.0
마포구,망원동,레스트 휴,2,고위험군,37.55134398,126.9037998,191499.2771,450207.014,46.89687721,4.443265216080377,43.536145017361896,2.3967243314830915,43.0,435.0
마포구,합정동,로스터블록,2,고위험군,37.55019796,126.9077013,191843.9087,450079.4738,45.04334689,0.833403355497218,45.316081465770225,2.321912969429203,43.0,435.0
마포구,서교동,HAN HOME,2,고위험군,37.55236449,126.9259131,193453.4136,450318.5086,34.58552326,-3.826058130165464,40.53488474107428,4.341216133868704,43.0,435.0
마포구,망원동,럭키스테이,2,고위험군,37.55330759,126.9074366,191820.8589,450424.6286,39.47206009,-4.938819495764967,45.58460384016726,2.527483889912081,43.0,435.0
마포구,동교동,하이미쉬,2,고위험군,37.55454393,126.9282429,193659.4626,450560.2407,41.57988634,1.6346399914717225,42.35011309993409,4.57348076350138,43.0,435.0
마포구,동교동,빙고 연남 루프탑,2,고위험군,37.55720823,126.9250743,193379.7147,450856.1648,41.02438545,0.9871569522401273,42.006704792426646,4.1341612309871305,43.0,435.0
마포구,서교동,STAY AN,2,고위험군,37.55280385,126.9234984,193240.0762,450367.4432,51.97403842,10.005637524024038,43.86576794794555,3.9827954915965136,43.0,435.0
마포구,상수동,Hongdae Cozy Stay,2,고위험군,37.54686313,126.9218142,193090.7102,449708.217,37.9569572,-3.730684238264182,43.55407450491866,3.5495088123769043,43.0,435.0
마포구,노고산동,호미 게스트하우스,2,고위험군,37.55043029,126.9373534,194464.1731,450103.1004,26.17670955,-10.592531041114821,38.804669763916664,5.40175321317391,43.0,435.0
마포구,연남동,J HOUSE,2,고위험군,37.55962836,126.9229854,193195.3709,451124.9198,45.64369053,0.4973057960308793,47.14541102205539,3.80166937272167,43.0,435.0
마포구,도화동,요셉 게스트하우스,2,고위험군,37.53838834,126.9533994,195881.4351,448765.766,33.42675615,-3.978082312953326,39.527709520859304,4.571365360384675,43.0,435.0
마포구,창전동,Garden House,2,고위험군,37.54657553,126.9291723,193740.9174,449675.7816,34.54681795,-5.748849398948529,42.70231710833938,4.8026408796802595,43.0,435.0
마포구,동교동,Like House,2,고위험군,37.55418894,126.9261603,193475.4135,450520.9836,32.40412343,-6.200546202651331,40.62018964082081,4.34019688298765,43.0,435.0
마포구,연남동,시즈 더 데이,2,고위험군,37.55886588,126.9245163,193330.5587,451040.1838,38.86967166,-6.013254630960908,46.898084003083724,4.021390636290007,43.0,435.0
마포구,연남동,메모리스테이 연남2호점,2,고위험군,37.5609347,126.9180655,192760.7973,451270.2756,50.33765509,8.29575670215133,43.653749967464435,3.3834651011528574,43.0,435.0
마포구,합정동,호루스 스테이,2,고위험군,37.54465034,126.9117784,192203.6099,449463.4089,42.99279889,-0.10203504555553877,44.07081505559637,2.3600977750143746,43.0,435.0
마포구,연남동,여기연남스테이,2,고위험군,37.55833364,126.9173848,192700.403,450981.6413,47.46248039,4.419362159614565,43.83480290950338,3.301495918093818,43.0,435.0
마포구,합정동,한스테이,2,고위험군,37.5497112,126.9063113,191721.0267,450025.5708,42.35205135,-1.6253681941802682,45.042751583360406,2.2940733791056953,43.0,435.0
마포구,연남동,메모리 메종 연남점,2,고위험군,37.5585801,126.9216348,193075.9371,451008.6739,47.74167377,4.882517835115593,43.8750157152414,3.6643582627652243,43.0,435.0
마포구,합정동,픽토피아,2,고위험군,37.54538119,126.9133272,192340.5626,449544.3971,36.18517448,-6.183589950271681,43.62260788137317,2.4402280977979087,43.0,435.0
마포구,성산동,Stay 별의 순간 마포점,2,고위험군,37.56291777,126.9052212,191626.176,451491.4399,48.00743028,5.772109066252391,43.819882049599784,3.0134553181090955,43.0,435.0
마포구,망원동,아틀리에 망원,2,고위험군,37.55134046,126.9063371,191723.4858,450206.3969,44.35743409,0.3521228377036252,45.14623685135317,2.3949363553316894,43.0,435.0
마포구,동교동,마이스위레트로홈,2,고위험군,37.55397747,126.9287902,193707.7724,450497.3336,30.64792281,-7.015909809411607,40.054290739268446,4.652305728884549,43.0,435.0
마포구,성산동,헬로 홍대,2,고위험군,37.56216857,126.9136981,192375.0468,451407.566,49.15145031,7.314406388587322,43.49808435661973,3.1589012045580356,43.0,435.0
마포구,망원동,루다 스테이,2,고위험군,37.55512215,126.9012835,191277.3719,450626.5763,37.65805455,-6.240986419021347,45.185370500682474,2.5669621304012846,43.0,435.0
마포구,서교동,영가집,2,고위험군,37.54990223,126.9137261,192376.2702,450046.1457,33.951058,-4.060580565664665,39.29035522314066,2.551770098145353,43.0,435.0
마포구,서교동,라티에르 스테이,2,고위험군,37.54641973,126.9162102,192595.4372,449659.4315,40.50735016,-0.5156732276273246,42.40883942458988,2.697072931077774,43.0,435.0
마포구,공덕동,모이재 스테이,2,고위험군,37.54514579,126.9547393,196000.2088,449515.7029,45.5311271,-6.416439197627682,39.14088287131687,4.731483340640848,43.0,435.0
마포구,서교동,호호 하우스,2,고위험군,37.55544887,126.9152257,192509.3399,450661.636,27.01961036,-14.73413131694376,40.569831090608325,2.985609787865881,43.0,435.0
마포구,도화동,마포스테이4889,2,고위험군,37.53510683,126.9469731,195313.2714,448401.8594,44.07387865,6.190689214273725,40.37380707974407,4.518097031153208,43.0,435.0
마포구,연남동,연남 호토 레지던스,2,고위험군,37.55873632,126.919279,192867.8065,451026.1886,43.45090222,0.8453514595706153,44.21688283573771,3.4698233817399613,43.0,435.0
마포구,서교동,Crystal House,2,고위험군,37.55280378,126.9236755,193255.7227,450367.4227,55.04161081,9.443423616443098,43.73663805129269,4.009027556850919,43.0,435.0
마포구,연남동,밀리스테이,2,고위험군,37.55655551,126.9175438,192714.2733,450784.2777,31.84067063,-8.999043028383166,42.48651968720641,3.286318636132694,43.0,435.0
마포구,서교동,하우스32,2,고위험군,37.54976841,126.9185484,192802.392,450030.9131,35.82394152,-2.862191218248249,40.30341270483328,3.1475476567664598,43.0,435.0
마포구,서교동,Fave stay #2,2,고위험군,37.5527121,126.9235845,193247.6751,450357.2539,51.67837282,9.820695923773869,43.85972766677661,3.995234801542033,43.0,435.0
마포구,연남동,홍대 코지 그린하우스,2,고위험군,37.55713027,126.9177928,192736.3366,450848.0499,39.60070126,-1.844073820254117,42.77698859587411,3.3178606053520867,43.0,435.0
마포구,서교동,무드하우스,2,고위험군,37.54970282,126.9149446,192483.9249,450023.9155,38.97390807,1.339559809870579,38.905960280248635,2.669262447418058,43.0,435.0
마포구,연남동,말랑홈_핑크,2,고위험군,37.55797799,126.9205116,192976.644,450941.9302,37.77577894,-7.864721590144349,44.125266786885035,3.5729662876742734,43.0,435.0
마포구,연남동,컴피리피,2,고위험군,37.56137483,126.9258038,193444.5404,451318.557,46.5877638,-1.052578497974487,49.581599866339225,4.074926822032008,43.0,435.0
마포구,성산동,코너하우스,2,고위험군,37.5572897,126.9168578,192653.7348,450865.8174,44.69281158,2.7659558604316032,42.499249909559936,3.2221164131497457,43.0,435.0
마포구,서교동,코타로 하우스,2,고위험군,37.55221668,126.9300996,193823.3324,450301.8201,37.46907485,2.5223396059045697,37.18533320707567,4.820570305334502,43.0,435.0
마포구,동교동,야피,2,고위험군,37.55410694,126.9278142,193621.5485,450511.769,46.59697431,7.084058911302513,42.01985015571966,4.547697038203313,43.0,435.0
마포구,서교동,니트하우스 마포,2,고위험군,37.55152417,126.9182032,192772.0547,450225.808,38.85998759,1.3494494957288694,39.025416700293945,3.179907480801115,43.0,435.0
마포구,서교동,노스텔지아3,2,고위험군,37.55354575,126.9263015,193487.8351,450449.5874,40.54950396,3.2420492733357804,39.2842707090483,4.376663766476044,43.0,435.0
마포구,연남동,모노하우스 5호점,2,고위험군,37.56077809,126.9236462,193253.8587,451252.4786,54.10446143,7.656912472908111,47.23085904420052,3.85732986213021,43.0,435.0
마포구,동교동,모노홈 스튜디오,2,고위험군,37.55369271,126.9294729,193768.0794,450465.6832,38.94999251,0.9734179649418948,38.52230205199852,4.72511506711413,43.0,435.0
마포구,연남동,헬로인디아,2,고위험군,37.56106133,126.9182818,192779.9212,451284.3134,53.46915025,8.55966329613301,43.79213851372117,3.3988965170118717,43.0,435.0
마포구,공덕동,하루 스테이,2,고위험군,37.54779449,126.9607896,196535.0131,449809.4364,42.81249474,3.583680708372299,41.76438609398182,4.599646451037233,43.0,435.0
마포구,연남동,부영,2,고위험군,37.56131322,126.9257321,193438.1966,451311.724,40.53299014,-7.10507276480498,49.57746988082544,4.071042212125905,43.0,435.0
마포구,연남동,마리하우스2,2,고위험군,37.56124697,126.9181051,192764.3236,451304.9309,35.99859653,-6.090132631591615,43.57679714276961,3.389990572911666,43.0,435.0
마포구,서교동,지미스테이,2,고위험군,37.55261622,126.9281441,193650.5664,450346.2946,41.12596655,2.7489948435614977,40.696052385044254,4.627890546552848,43.0,435.0
마포구,서교동,서교한옥,2,고위험군,37.55264853,126.9159631,192574.2214,450350.7731,30.52683469,-6.003662097914123,37.975863332896864,2.9551352432743365,43.0,435.0
마포구,연남동,월넛하우스,2,고위험군,37.56188142,126.9166782,192638.3193,451375.4582,39.37426266,-2.8258823243358933,43.44850093340362,3.312967529977461,43.0,435.0
마포구,동교동,제이투 하우스,2,고위험군,37.55442785,126.9287148,193701.1514,450547.3255,45.98524688,7.3618732855036555,41.00265799577119,4.63055945584168,43.0,435.0
마포구,망원동,June Stay,2,고위험군,37.55431248,126.9072554,191804.9621,450536.1752,50.85318785,5.98621554345479,45.93471456592439,2.5819927034492256,43.0,435.0
마포구,연남동,스테이 유,2,고위험군,37.56272888,126.9237351,193261.8908,451468.9869,48.74055633,3.3408638496269063,47.27166549516916,3.8273567695926194,43.0,435.0
마포구,연남동,탠저린스테이 홍대,2,고위험군,37.56164484,126.9188471,192829.918,451349.0329,36.30092284,-6.339833211926383,44.32350614725601,3.440479599859025,43.0,435.0
마포구,연남동,JINI HOUSE,2,고위험군,37.56319218,126.9162468,192600.3337,451520.971,44.53484597,1.483135941345445,43.92739313272628,3.31052804607698,43.0,435.0
마포구,성산동,K-힐스테이,2,고위험군,37.56017585,126.9088709,191948.3417,451186.8002,38.84037582,-2.901908256283562,43.01299950025611,2.8948363667567776,43.0,435.0
마포구,도화동,57 Space,2,고위험군,37.53848737,126.9528834,195835.8329,448776.7798,39.05705017,1.5303060947720866,39.59627307759075,4.581929980205791,43.0,435.0
마포구,염리동,아느케,2,고위험군,37.55283256,126.9461848,195244.7208,450369.2402,42.61901094,4.94167204691513,40.181775217649104,5.393023480519431,43.0,435.0
마포구,동교동,RSJ 하우스,2,고위험군,37.55423106,126.9259998,193461.2299,450525.6695,31.35546032,-7.0198868079276835,40.48699317673985,4.317382107554154,43.0,435.0
마포구,동교동,hyuk House,2,고위험군,37.5528397,126.9307825,193883.7234,450370.9233,33.1340177,-0.7844450418661779,36.414371050300744,4.85753271544288,43.0,435.0
마포구,상수동,단밤스테이,2,고위험군,37.547419,126.9232874,193220.9483,449769.8046,44.63831467,2.8049839233409344,44.7700313154958,3.8517966103438472,43.0,435.0
마포구,신수동,레일파크 스테이,2,고위험군,37.54545072,126.9381402,194533.3384,449550.382,34.36502318,-3.8101575833877064,40.87916145417331,5.262482849642405,43.0,435.0
마포구,망원동,The Haru House,2,고위험군,37.55369338,126.9030948,191437.2566,450467.8333,42.86753311,-0.46532282662974467,44.69824944699364,2.4768877633016957,43.0,435.0
마포구,공덕동,Maple stay,2,고위험군,37.54367203,126.9536004,195899.4845,449352.1824,33.15737432,-3.34700007620566,38.81287518066408,4.719862965529619,43.0,435.0
마포구,망원동,카멜리아,2,고위험군,37.55776775,126.8980095,190988.3932,450920.5154,41.4128707,-3.165247536260722,45.40924322015402,2.752560897891262,43.0,435.0
마포구,연남동,TJ 하우스,2,고위험군,37.55704782,126.9177783,192735.0421,450838.9001,38.44095113,-2.566289333924402,42.7106841234247,3.3152392966415456,43.0,435.0
마포구,노고산동,스테이 헤리티지 신촌,2,고위험군,37.55191817,126.939617,194664.3008,450268.1063,57.20113294,2.2206781404596327,40.265518056448734,5.467883579159501,43.0,435.0
마포구,도화동,프로젝트 드라곤,2,고위험군,37.53904695,126.9518446,195744.0591,448838.9329,35.87048029,-2.028696700332212,39.69178943100812,4.61044721423119,43.0,435.0
마포구,염리동,희가공덕,2,고위험군,37.54292791,126.9451995,195157.0158,449269.9937,56.98463768,1.094010409480454,41.5087037500755,5.017576788969499,43.0,435.0
마포구,서교동,오키도키 하우스,2,고위험군,37.55200923,126.9129405,192307.0669,450280.0615,33.99808019,-4.215425137988824,38.76338778169281,2.556678793299808,43.0,435.0
마포구,동교동,서울맨션,2,고위험군,37.55672797,126.9252504,193395.2392,450802.8492,41.01306981,1.5240102823018589,40.5414383059881,4.16769948842806,43.0,435.0
마포구,연남동,하우스 홍시,2,고위험군,37.55748658,126.9211909,193036.6175,450887.3389,51.86454428,8.948161681910506,43.9264545526452,3.643480708885723,43.0,435.0
마포구,연남동,OH House,2,고위험군,37.55752743,126.9217888,193089.4494,450891.8287,36.18747273,-5.470512915378848,43.426924689361556,3.7132100728585167,43.0,435.0
마포구,연남동,Elly's Guest House,2,고위험군,37.56066686,126.9214487,193059.6867,451240.2934,54.21278288,7.526440519610361,45.547668028409475,3.6111733527465564,43.0,435.0
마포구,연남동,콜립 연남,2,고위험군,37.55911404,126.9209132,193012.2273,451067.9884,37.12814325,-5.01160760657141,44.165512718058196,3.596495145944214,43.0,435.0
마포구,서교동,하이데어,2,고위험군,37.55214106,126.9257166,193436.0235,450293.7242,42.95239326,4.26576950426815,40.84891486014952,4.3150057923151,43.0,435.0
마포구,동교동,올빛(ORBIT),2,고위험군,37.55681326,126.9232454,193218.0846,450812.4582,26.99113677,-13.684117349064426,38.69518885710367,3.9131082732277176,43.0,435.0
마포구,동교동,딥서울 게스트하우스,2,고위험군,37.55656829,126.9246742,193344.3102,450785.1673,30.80172148,-6.47745095387366,39.18464973075064,4.103232213517064,43.0,435.0
마포구,서교동,벙크2 게스트하우스,2,고위험군,37.55214693,126.9263077,193488.2612,450294.3346,40.52433514,1.5786753141108534,40.99087293608524,4.404137656753117,43.0,435.0
마포구,연남동,guesthouse pajamaparty,2,고위험군,37.56217134,126.9229118,193189.1003,451407.1659,45.17304001,-0.5973625391069888,46.531235510301585,3.746643570162381,43.0,435.0
마포구,연남동,아이하우스 친친,2,고위험군,37.56132637,126.9177439,192732.4199,451313.7712,53.76830199,1.232658310444151,43.41291042294029,3.370432374092102,43.0,435.0
마포구,동교동,다온하우스,2,고위험군,37.55665201,126.9247275,193349.0245,450794.4555,30.64308391,-6.89204144500885,39.44261774181829,4.1075714842801165,43.0,435.0
마포구,연남동,소쥬2,2,고위험군,37.55573509,126.9188773,192832.0193,450693.1183,46.87529653,3.285142619798684,44.28110194455276,3.402502444366435,43.0,435.0
마포구,연남동,만두 게스트하우스,2,고위험군,37.56013397,126.9225473,193156.7017,451181.0683,45.44885527,0.40093684373339045,46.92180916104964,3.739482328829163,43.0,435.0
마포구,서교동,Br. house,2,고위험군,37.55232736,126.9270845,193556.917,450314.3067,46.18543262,3.0604020070975437,40.782600637453655,4.509641249379167,43.0,435.0
마포구,동교동,더 퍼플 스테이 홍대,2,고위험군,37.55362244,126.9296458,193783.3505,450457.8726,42.90114764,1.0774164330267197,38.071490268899765,4.741660185718276,43.0,435.0
마포구,서교동,퀸 하우스,2,고위험군,37.55306813,126.9180496,192758.633,450397.1809,32.90504349,-5.562211371617586,39.2794779135086,3.216619023196396,43.0,435.0
마포구,연남동,Two Two House,2,고위험군,37.55876527,126.924045,193288.9137,451029.0508,53.56437238,7.801121994855869,46.570378846345434,3.9746209926379046,43.0,435.0
마포구,연남동,포토 하우스,2,고위험군,37.56100301,126.9227235,193172.3517,451277.5087,43.11554454,-2.6619229432879976,46.6301027648027,3.7430853372489206,43.0,435.0
마포구,연남동,더 어반 게스트하우스,2,고위험군,37.55960824,126.9256379,193429.7249,451122.4979,50.14692745,3.414374589466945,48.53946072616266,4.116344621403172,43.0,435.0
마포구,서교동,나루게스트하우스,2,고위험군,37.5486408,126.9171645,192679.983,449905.8688,39.745695,-0.20768409783852348,40.758510286930004,2.904228696130254,43.0,435.0
마포구,서교동,Stay&Garden,2,고위험군,37.55255238,126.9246374,193340.6968,450339.4517,38.24099168,-1.9609259530324081,42.281349226618076,4.149653741216151,43.0,435.0
마포구,서교동,벙크게스트하우스,2,고위험군,37.55214693,126.9263077,193488.2612,450294.3346,40.49744194,1.551782114110857,40.99087293608524,4.404137656753117,43.0,435.0
마포구,연남동,Cheshire,2,고위험군,37.55781106,126.9174385,192705.0977,450923.637,44.86501819,3.151625023354171,43.118222346901646,3.2958119986608247,43.0,435.0
마포구,서교동,이노게스트하우스,2,고위험군,37.55091491,126.9134668,192353.4593,450158.5621,32.09181768,-6.166104379878014,38.830071248313416,2.5117459767169157,43.0,435.0
마포구,서교동,에이블 게스트하우스(Able Guesthouse),2,고위험군,37.55260719,126.9261244,193472.106,450345.4307,41.61636836,3.7384271902604382,40.23099485013873,4.36931109648505,43.0,435.0
마포구,동교동,엣홈,2,고위험군,37.5537209,126.9289065,193718.0326,450468.8496,31.3831909,-5.939606217386338,39.49369559992671,4.674787047021986,43.0,435.0
마포구,연남동,하이 스트릿 게스트하우스,2,고위험군,37.55750443,126.9213599,193051.5498,450889.3076,50.88757528,8.961888950083605,43.715964018099264,3.660325963653795,43.0,435.0
마포구,연남동,마루지 게스트하우스,2,고위험군,37.5589785,126.9194611,192883.9166,451053.054,45.47392786,2.995103891834148,44.09685282035379,3.484244141653607,43.0,435.0
마포구,서교동,Bliss penthouse,2,고위험군,37.5526817,126.9231331,193207.7914,450353.9123,46.45071109,4.50545341101698,43.961924334203545,3.9248333846128114,43.0,435.0
마포구,합정동,오모,2,고위험군,37.5454445,126.9171385,192677.3798,449551.1201,31.00755426,-10.257803695526256,42.07609430442819,2.7962233407049,43.0,435.0
마포구,합정동,ZZZIP 게스트하우스,2,고위험군,37.54480446,126.9141033,192409.0834,449480.3241,49.71323267,7.024770526219719,43.34977841955904,2.500112275905516,43.0,435.0
마포구,서교동,벙크 백팩커스 게스트하우스,2,고위험군,37.55217281,126.9270973,193558.0329,450297.1526,39.70265295,-3.3063502427129663,40.84987065411561,4.512629444464701,43.0,435.0
마포구,합정동,언더 클라우드,2,고위험군,37.55020814,126.9090299,191961.3123,450080.4892,50.01125999,5.829928068581978,45.15074959830176,2.3442261897209704,43.0,435.0
마포구,서교동,준 게스트하우스,2,고위험군,37.55166438,126.9267696,193529.033,450240.7454,37.53278279,-1.0830576715379436,41.02723057413905,4.47763417584041,43.0,435.0
마포구,연남동,화이트테일,2,고위험군,37.55940438,126.9241078,193294.5171,451099.98,48.53771157,2.031813485446733,47.26089933346576,3.966218041417498,43.0,435.0
마포구,성산동,가든하우스,2,고위험군,37.56154003,126.9102938,192074.2013,451338.0871,49.53130266,7.470557933446507,42.817766061646324,2.9980055623339488,43.0,435.0
마포구,성산동,인 게스트하우스,2,고위험군,37.55805348,126.9059125,191686.7119,450951.4997,42.96601224,0.07323501940220467,44.134346227794225,2.7488294438360716,43.0,435.0
마포구,창전동,와우힐즈 게스트하우스,2,고위험군,37.54941414,126.9258357,193446.3115,449991.0605,39.25925253,-0.11901579461066802,41.394231907251424,4.341152070993626,43.0,435.0
마포구,연남동,바투 스테이,2,고위험군,37.5562321,126.919244,192864.4762,450748.2526,43.22214504,0.031076893001468875,44.749108520217476,3.4494959424450022,43.0,435.0
마포구,연남동,T HOUSE,2,고위험군,37.55869521,126.9186042,192808.1737,451021.6773,38.60681976,-4.511164183288855,44.82748718145972,3.4114353796388155,43.0,435.0
마포구,동교동,홍대스타일 게스트하우스,2,고위험군,37.5547335,126.919999,192931.0387,450581.8687,39.535681,-2.9572904169916825,43.42081849389983,3.507734426178191,43.0,435.0
마포구,연남동,19th st.Guest House,2,고위험군,37.56228586,126.9234974,193240.8497,451419.834,46.34507574,1.0725403645784226,47.18315119611851,3.812769851548941,43.0,435.0
마포구,합정동,Sogni d'oro,2,고위험군,37.54643106,126.9140763,192406.8614,449660.8592,49.9419388,7.417749171619292,43.279217887701606,2.500539995409891,43.0,435.0
마포구,연남동,버즈네스트,2,고위험군,37.55844158,126.9206879,192992.2648,450993.37,43.92499916,0.7013184521056743,43.995117849804195,3.586797446980423,43.0,435.0
마포구,서교동,홍대PH365,2,고위험군,37.5494618,126.9201872,192947.1776,449996.7589,45.34102475,5.701045588318159,41.40555368875765,3.3577000186762724,43.0,435.0
마포구,도화동,호유즈,2,고위험군,37.53863059,126.9526778,195817.67,448792.6846,39.04803942,1.56221235827325,39.61671703313916,4.588633193630928,43.0,435.0
마포구,연남동,케이북9,2,고위험군,37.55841935,126.9195732,192893.7708,450990.9864,49.89052716,7.216849246396173,44.07590384386489,3.4922256224455253,43.0,435.0
마포구,상암동,비나 하우스,2,고위험군,37.5727038,126.8951944,190741.5054,452578.516,39.31332202,-1.6134245782646772,41.52760231235306,3.3823317779091897,43.0,435.0
마포구,서교동,블랙 게스트하우스,2,고위험군,37.55264049,126.9291796,193742.0749,450348.9188,40.20432909,-0.7768718676826012,38.65498949285154,4.729194569030895,43.0,435.0
마포구,연남동,소울타운,2,고위험군,37.55774055,126.9207379,192996.617,450915.5603,45.32951247,0.25396233150127046,44.139270002361144,3.5978675140076253,43.0,435.0
마포구,서교동,LK,2,고위험군,37.55331923,126.9251563,193386.6243,450424.5263,33.90050439,-3.509593435684586,39.52372607124681,4.217895594061571,43.0,435.0
마포구,동교동,홍대 연트럴파크 게스트하우스,2,고위험군,37.55252296,126.931419,193939.9462,450335.7277,29.11215284,-5.637468417393727,37.221859759847135,4.93352788450925,43.0,435.0
마포구,연남동,썬하우스,2,고위험군,37.56233103,126.9229793,193195.0786,451424.8847,39.37215689,-5.194946489399214,46.588962540479436,3.754326448914321,43.0,435.0
마포구,연남동,정 스테이,2,고위험군,37.5609012,126.9167951,192648.5452,451266.6561,37.4506902,-3.8954563569173644,43.12723085666573,3.3072392098363546,43.0,435.0
마포구,망원동,조이 제이 스테이,2,고위험군,37.55703963,126.9053322,191635.332,450839.0258,52.16903,8.737103574594734,44.9135970136783,2.6878198273839837,43.0,435.0
마포구,연남동,하이네 하우스,2,고위험군,37.55943451,126.917617,192721.0239,451103.8069,48.0387601,5.086293934620933,44.74850838888,3.3350141062515357,43.0,435.0
마포구,연남동,단아,2,고위험군,37.55855091,126.9205852,192983.1938,451005.512,34.07992778,-10.652571453785619,44.04409427798408,3.5774008153294266,43.0,435.0
마포구,성산동,르하임,2,고위험군,37.55820131,126.9057763,191674.6959,450967.9191,41.9732284,-0.597666522377736,44.15863920612983,2.7566317651641707,43.0,435.0
마포구,염리동,해피스테이,2,고위험군,37.54665102,126.9472241,195336.1688,449683.1114,36.95798464,-1.370352090228515,41.11539362855121,5.175197970966315,43.0,435.0
마포구,공덕동,서울역 홍대 스테이,2,고위험군,37.54777494,126.9623193,196670.1904,449807.2113,42.13939309,2.7257502553626693,41.87090350116236,4.562809759351834,43.0,435.0
마포구,동교동,킴스 하우스,2,고위험군,37.55467152,126.926876,193538.6982,450574.4948,57.16952384,8.791518914409949,42.237881448002994,4.4210904007844665,43.0,435.0
마포구,망원동,케이바이브 망원,2,고위험군,37.55561041,126.8986783,191047.2284,450681.0123,46.43444197,2.533842588072204,45.246434248579995,2.6192616420460757,43.0,435.0
마포구,서교동,드림컴포트,2,고위험군,37.55123658,126.9144736,192442.4554,450194.1822,40.15052946,3.6241445029654074,37.9219621158866,2.6540536128500514,43.0,435.0
마포구,창전동,더 서울,2,고위험군,37.54602595,126.9277579,193615.8846,449614.8799,41.8471248,-0.06327300414319126,44.33977155000254,4.620087199237973,43.0,435.0
마포구,망원동,소소재101,2,고위험군,37.55842563,126.9017045,191314.9498,450993.1845,46.24829047,2.4933348342620434,45.21221994099497,2.771367795547982,43.0,435.0
마포구,서교동,더 홍대 스테이,2,고위험군,37.54905871,126.9194035,192877.8824,449952.0798,36.31743643,-3.025742322630059,41.049444678965465,3.2449092603368133,43.0,435.0
마포구,염리동,트리브 공덕,2,고위험군,37.54321482,126.9444601,195091.6938,449301.8755,40.68465747,1.7670503000366509,41.580966860907665,5.065072443493294,43.0,435.0
마포구,합정동,리버사이드망원정,2,고위험군,37.54703433,126.9040904,191524.4724,449728.6683,43.97737015,0.40280340428810746,44.75083589959341,2.1841770586533213,43.0,435.0
마포구,망원동,Bridge Stay,2,고위험군,37.55637449,126.9046011,191570.6558,450765.2685,32.33648831,-11.578807354704999,45.30811893554908,2.648816377222876,43.0,435.0
마포구,연남동,BS 하우스,2,고위험군,37.56096341,126.925345,193403.9651,451272.9263,46.08248855,-1.4743197659876799,49.48331404653735,4.0439609880455825,43.0,435.0
마포구,서교동,팀스테드,2,고위험군,37.55292307,126.9244608,193325.1302,450380.6064,27.83028731,-12.486251309754746,42.23120516356574,4.123020228886971,43.0,435.0
마포구,동교동,lan house,2,고위험군,37.55402173,126.9213741,193052.4785,450502.7682,32.70093089,-9.403126110824218,43.52998212146585,3.667358515980013,43.0,435.0
마포구,동교동,Your Dream House,2,고위험군,37.55392719,126.928221,193657.477,450491.7914,41.6387081,-1.0292443723457865,41.21916466546291,4.5946622094320695,43.0,435.0
마포구,상수동,다나카 하우스,2,고위험군,37.54557046,126.9217218,193082.42,449564.753,45.51560975,3.1059555493608926,43.43048919452763,3.52085192773896,43.0,435.0
마포구,성산동,라임하우스,2,고위험군,37.55562326,126.9132446,192334.3112,450681.1509,45.22137371,4.926230090708387,41.588497459365755,2.8634808828888234,43.0,435.0
마포구,연남동,아이브이 게스트하우스,2,고위험군,37.55973665,126.9229152,193189.1782,451136.9437,49.89031051,4.779858340940372,47.1035406989356,3.7903771782841917,43.0,435.0
마포구,망원동,카키하우스,2,고위험군,37.55546245,126.9040454,191521.4532,450664.0929,44.51184519,-0.236216635405313,45.49927950704131,2.5909439217642265,43.0,435.0
마포구,창전동,옐로우버터하우스,2,고위험군,37.54656631,126.9292558,193748.2991,449674.7527,34.8896469,-5.344703271012406,42.645696175498784,4.812012571007073,43.0,435.0
마포구,연남동,하모니 하우스,2,고위험군,37.56040988,126.9251068,193382.8748,451211.5078,46.42374973,-0.855076987299725,49.20243661242492,4.037882290589008,43.0,435.0
마포구,연남동,J-Park Story,2,고위험군,37.56134587,126.9166777,192638.2189,451316.0185,42.63752217,1.2311860752476775,43.18686685814675,3.3062113656551047,43.0,435.0
마포구,망원동,한강파크 하우스,2,고위험군,37.55065592,126.900944,191246.8468,450130.9096,45.77222239,3.1740454047613227,43.687494709704325,2.3457238693466946,43.0,435.0
마포구,노고산동,호스트 헬퍼,2,고위험군,37.55274478,126.9416416,194843.2625,450359.7372,43.19917409,5.019657042185514,40.67488323614839,5.524732022051822,43.0,435.0
마포구,연남동,로즈 하우스,2,고위험군,37.55913957,126.9203554,192962.9475,451070.8635,43.06673644,-0.2675120849194599,44.09861459987152,3.553920516983345,43.0,435.0
마포구,연남동,반달 하우스,2,고위험군,37.56340684,126.9200373,192935.2445,451544.5041,49.28203739,5.766112855772896,44.92456236657225,3.508194382018019,43.0,435.0
마포구,성산동,네스트 인 망원,2,고위험군,37.55686859,126.9078031,191853.6332,450819.8254,42.98541376,-0.3414176932449777,44.59292431564898,2.726389354958305,43.0,435.0
마포구,망원동,스테이 다담,2,고위험군,37.5534993,126.9069279,191775.9291,450445.9505,50.04610289,5.509914957190716,45.583730596500004,2.533146450318302,43.0,435.0
마포구,서교동,Forest House,2,고위험군,37.55002027,126.9134995,192356.2557,450059.2651,41.05480132,2.957613852331505,39.23902771455491,2.528030316966371,43.0,435.0
마포구,서교동,라라 스페이스,2,고위험군,37.54731757,126.9195794,192893.2583,449758.8209,35.69379727,-5.0823805562521684,42.08911030123261,3.1749067162445086,43.0,435.0
마포구,성산동,코너빌리지,2,고위험군,37.5573316,126.9167725,192646.1985,450870.4745,44.58011637,2.659988243750469,42.491664960731356,3.217290194945445,43.0,435.0
마포구,상암동,Wilson 202,2,고위험군,37.57485112,126.8945953,190688.8502,452816.903,45.70095891,5.931152610095218,41.49032495420689,3.43341742651213,43.0,435.0
마포구,노고산동,SG게스트하우스,2,고위험군,37.55295747,126.9401985,194715.7641,450383.4234,35.09972434,-8.146116531862639,40.469623827429565,5.486504962007748,43.0,435.0
마포구,동교동,미성 게스트하우스,2,고위험군,37.55563281,126.9232226,193215.9621,450681.4439,34.94877882,-0.5321292762206085,37.00840738594535,3.9285986670918067,43.0,435.0
마포구,서교동,온가 스테이,2,고위험군,37.55204906,126.9270933,193557.6697,450283.4181,40.01009263,1.3639125336906304,40.90743216623217,4.512489442178575,43.0,435.0
마포구,노고산동,써니즈 하우스,2,고위험군,37.55280859,126.9402987,194724.6076,450366.8938,34.9336296,-8.246534879920787,40.477822719383546,5.4938685372381855,43.0,435.0
마포구,서교동,아몬드 스태이,2,고위험군,37.54579254,126.9189879,192840.8427,449589.6059,41.4441388,0.4973808260730408,42.36346534255408,3.0507208464804454,43.0,435.0
마포구,동교동,스테이 에스제이,2,고위험군,37.5539854,126.9284308,193676.0211,450498.2379,43.40791434,4.662715432608437,40.77179973371332,4.616830536765661,43.0,435.0
마포구,신수동,다스숀스테 하우스,2,고위험군,37.54488791,126.9369195,194425.4183,449487.9886,37.65904701,-0.35653197975963025,40.37712249872829,5.228449077519503,43.0,435.0
마포구,연남동,형석하우스,2,고위험군,37.55872001,126.9254652,193414.3904,451023.927,42.39707974,-2.8771463251047464,47.19192599293886,4.129552282068636,43.0,435.0
마포구,망원동,머무르다(망원),2,고위험군,37.55598377,126.9031854,191445.5223,450722.0311,36.00082318,-8.177924971204128,45.42707596004143,2.6203861629781544,43.0,435.0
마포구,연남동,프라임스테이 홍대,2,고위험군,37.55921491,126.9255616,193422.9497,451078.8483,54.20590708,8.255998624702734,47.91370149104651,4.122231405405504,43.0,435.0
마포구,서교동,홍하우스,2,고위험군,37.55254107,126.9262422,193482.5024,450338.084,41.94313273,3.609373041891125,40.53337589498101,4.389490690745624,43.0,435.0
마포구,서교동,Hongdae Skylounge,2,고위험군,37.55212731,126.9279492,193633.3072,450292.0446,40.10208773,-2.5804268307968883,40.9130191833934,4.618643676212741,43.0,435.0
마포구,동교동,YAB Guest House,2,고위험군,37.55405158,126.925568,193423.0623,450505.7795,42.6760103,5.15380870319926,39.55359996406189,4.2641429081239615,43.0,435.0
마포구,연남동,빅베어하우스,2,고위험군,37.5567821,126.9173257,192695.0306,450809.4434,36.00552498,-5.511369533754653,42.423245693889434,3.269344352551055,43.0,435.0
마포구,동교동,Hongdae Oasis,2,고위험군,37.55437567,126.9280903,193645.9627,450541.5762,46.74655834,6.206839955910027,42.42730326648408,4.564519527696139,43.0,435.0
마포구,동교동,Julie's house,2,고위험군,37.55648743,126.9246229,193339.7737,450776.1964,36.10792699,-1.163647967998493,39.01874900246554,4.098973213565128,43.0,435.0
마포구,서교동,코지하우스 인 홍대,2,고위험군,37.55324125,126.9177795,192734.7768,450416.416,28.48931939,-10.000942927348468,39.17566197949111,3.1867661339822853,43.0,435.0
마포구,합정동,예성 게스트하우스,2,고위험군,37.55025616,126.9079377,191864.8093,450085.9128,43.13862506,-1.0638525644235202,45.309652430818076,2.324089491666871,43.0,435.0
마포구,서교동,27번가 게스트하우스,2,고위험군,37.55280967,126.9244262,193322.0583,450368.0228,27.49282822,-13.017421234449117,42.422676718184206,4.118198189727757,43.0,435.0
마포구,연남동,Yeonnam Happy House,2,고위험군,37.56165586,126.9244795,193327.5569,451349.8412,46.17253273,-1.464181812009322,48.48405736141579,3.939720939336621,43.0,435.0
마포구,동교동,서울 라이프 홍대,2,고위험군,37.55378905,126.9293483,193757.0784,450476.384,40.84707002,4.386499201586602,38.93811432948095,4.711694559368582,43.0,435.0
마포구,신공덕동,코지 네스트 공덕,2,고위험군,37.54027834,126.9565345,196158.6074,448975.4002,35.03686123,-1.8384244973242332,39.33713680042403,4.571333540407736,43.0,435.0
마포구,성산동,KOREA HOSUE BNB,2,고위험군,37.55884453,126.9060452,191698.5272,451039.2852,39.980066,-2.531385024352147,43.98050584758194,2.7937905377263874,43.0,435.0
마포구,염리동,품 스테이,2,고위험군,37.54645444,126.9442747,195075.5232,449661.4438,48.5283536,9.248362807617234,42.19049354957411,5.279788287862717,43.0,435.0
마포구,염리동,칠랙스 하우스,2,고위험군,37.54316868,126.9445862,195102.8322,449296.748,40.11990563,1.2652396580948206,41.57884096718816,5.05843455030652,43.0,435.0
마포구,서교동,제니하우스,2,고위험군,37.55506177,126.9103997,192082.8734,450619.068,40.57084187,-1.9876954556213562,43.973277909457764,2.690497858868137,43.0,435.0
마포구,망원동,망원 기니하우스,2,고위험군,37.55502434,126.9010841,191259.7379,450615.7391,46.65046957,2.8491987686136966,45.14924595645202,2.5635259990047397,43.0,435.0
마포구,망원동,영화같은 하루-망원,2,고위험군,37.55295883,126.8990294,191077.9364,450386.6851,37.86978805,-5.305490931857555,44.58862017633339,2.4538342046492367,43.0,435.0
마포구,동교동,플러하우스,2,고위험군,37.55263628,126.9304043,193850.2913,450348.3707,37.58009392,3.301471720970433,36.39987196258346,4.832451737551814,43.0,435.0
마포구,동교동,AT30,2,고위험군,37.55611834,126.9234654,193237.4597,450735.3145,34.6628118,-4.885861542106937,37.816227869901155,3.9534781278233644,43.0,435.0
마포구,서교동,스테이 한가,2,고위험군,37.5534261,126.9250483,193377.0871,450436.3952,40.43272563,-1.6293925685661819,39.8789412362968,4.203047684214335,43.0,435.0
마포구,성산동,Jamie House,2,고위험군,37.56347768,126.9083411,191901.888,451553.31,39.91541201,-1.7223237247949186,43.173940694635924,3.065606331337311,43.0,435.0
마포구,합정동,스테이55,2,고위험군,37.54344528,126.9121278,192234.3614,449329.6329,43.05078217,0.5069281984863352,43.73668041598316,2.38037006515765,43.0,435.0
마포구,서교동,차차스테이,2,고위험군,37.55316791,126.9271489,193562.6772,450407.5933,32.00569241,-5.424743858396134,39.574727453326105,4.50111814429573,43.0,435.0
마포구,연남동,디어민 하우스,2,고위험군,37.558396,126.9239173,193277.593,450988.0753,37.80698495,-6.008294389395239,45.80311925655823,3.9668760321998944,43.0,435.0
마포구,노고산동,신촌플레이스,2,고위험군,37.55187541,126.941741,194851.9852,450263.242,46.1388943,5.982592000652879,41.00020749931031,5.518370323288523,43.0,435.0
마포구,연남동,호핑하우스,2,고위험군,37.56037954,126.9216797,193080.076,451208.3872,48.72299246,0.4827638579694593,45.70661722427803,3.6402955026484896,43.0,435.0
마포구,합정동,Rich Stay,2,고위험군,37.5503173,126.9092701,191982.554,450092.5842,51.98523147,8.224898401860038,44.93862177900294,2.3513589830738946,43.0,435.0
마포구,대흥동,더 눅 하우스,2,고위험군,37.54697828,126.9432759,194987.2884,449719.6365,49.28266541,8.223903125896271,42.67891738714067,5.365709937208452,43.0,435.0
마포구,창전동,레드판다하우스,2,고위험군,37.55143681,126.9305026,193858.879,450215.2375,39.3930126,2.906842059923264,38.750675254883255,4.87635759748193,43.0,435.0
마포구,서교동,지니 스테이,2,고위험군,37.55222641,126.9284475,193677.3438,450303.0099,36.49869463,-1.6093445348196767,40.800816634340556,4.675183519765499,43.0,435.0
마포구,서교동,Saymi stay,2,고위험군,37.55552726,126.9116039,192189.3283,450670.6311,44.512851,3.2924348026536236,42.71383541195759,2.7730829944337994,43.0,435.0
마포구,도화동,두오방즈,2,고위험군,37.53821585,126.9530943,195854.4573,448746.6351,38.41829053,1.3668915295983695,39.570906650328126,4.570504854666223,43.0,435.0
마포구,서교동,오아시스 홍대,2,고위험군,37.55278449,126.9255146,193418.2376,450365.1514,46.84724424,9.336233340757488,39.75859880119481,4.274374049143586,43.0,435.0
마포구,동교동,한인빌리지,2,고위험군,37.5546881,126.9283755,193671.1889,450576.2329,35.75328782,-4.05052726612589,42.157827114182766,4.5813744039356,43.0,435.0
마포구,공덕동,Angela stay,2,고위험군,37.54589156,126.9594059,196412.6448,449598.286,34.85394187,-3.7366880891001273,41.01540754729381,4.6113464078167405,43.0,435.0
마포구,창전동,선자하우스 1F,2,고위험군,37.55146431,126.9308331,193888.0867,450218.2681,38.98944541,2.932726362752895,38.63355559062,4.900526133065003,43.0,435.0
마포구,연남동,스테이 정하집,2,고위험군,37.56324035,126.9167259,192642.6647,451526.2797,36.56319159,-5.664483887584737,43.97987826892184,3.3322701788983067,43.0,435.0
마포구,대흥동,Andy's homestay,2,고위험군,37.54175014,126.9395303,194655.9217,449139.5826,35.22429933,-3.310980278944818,41.25256193289785,5.045635766506017,43.0,435.0
마포구,망원동,웜업 에이프릴 게스트하우스,2,고위험군,37.55723561,126.9007906,191234.0649,450861.1911,40.86535345,-3.034913795234445,45.352458328045266,2.6965277780087016,43.0,435.0
마포구,창전동,휴고 하우스,2,고위험군,37.55154622,126.9290652,193731.8762,450227.4756,40.05087582,0.6477102560489385,40.19029284973766,4.752062237036529,43.0,435.0
마포구,서교동,Hongdae Uncle Guesthouse,2,고위험군,37.55116063,126.9172854,192690.9128,450185.5303,35.60230669,-4.401731982513368,38.59677501997464,3.0306794672744006,43.0,435.0
마포구,연남동,케이글로벌,2,고위험군,37.56157876,126.9189412,192838.231,451341.6916,36.17574086,-6.601986949836444,44.419199453291355,3.445641081597387,43.0,435.0
마포구,연남동,앨리스하우스,2,고위험군,37.55859933,126.9207345,192996.3926,451010.8749,37.36048376,-5.851038625966623,44.02946169835106,3.590769363316404,43.0,435.0
마포구,서교동,스테이유영,2,고위험군,37.5498263,126.9215876,193070.9536,450037.1099,41.25943248,-0.09378367827680023,43.0277643779267,3.605952277267528,43.0,435.0
마포구,연남동,스윗스토리,2,고위험군,37.56008275,126.9238696,193273.53,451175.288,34.72818298,-14.535177936105327,47.49960541476642,3.911455566850452,43.0,435.0
마포구,동교동,메이플라워,2,고위험군,37.55624657,126.9241101,193294.44,450749.5003,40.94353006,4.864433352404937,37.95510535359499,4.039774770195228,43.0,435.0
마포구,연남동,참새 나비 고양이,2,고위험군,37.55995805,126.9243375,193314.8582,451161.4144,46.59650178,0.6343242787839216,47.90284080180577,3.96779801968518,43.0,435.0
마포구,연남동,wave하우스,2,고위험군,37.55862898,126.9245199,193330.8636,451013.8904,40.81165154,-3.728844658519513,46.55811298013807,4.026297884484367,43.0,435.0
마포구,노고산동,ICOS,2,고위험군,37.55180929,126.9378652,194509.4982,450256.1228,55.10595235,-3.7510573094202826,39.42392496443204,5.422385684126634,43.0,435.0
마포구,서교동,헤이마 게스트하우스2,2,고위험군,37.5524961,126.9260272,193463.5012,450333.1078,35.40981698,-2.8050226599241697,40.34566052510834,4.356586166167256,43.0,435.0
마포구,염리동,서울큐브이화,2,고위험군,37.55325642,126.9460708,195234.6726,450416.2893,37.46832942,-2.0098650342425017,40.16991574252359,5.395320284537669,43.0,435.0
마포구,연남동,Roof 23,2,고위험군,37.55949572,126.9243134,193312.6937,451110.103,44.02714961,-1.0738779485365484,47.442619015594914,3.982441400873046,43.0,435.0
마포구,연남동,Plantenor house,2,고위험군,37.55866169,126.9253644,193405.4772,451017.4612,41.91216171,-3.2270467885302594,47.05296349356874,4.121057310570547,43.0,435.0
마포구,공덕동,올드타운앳홈,2,고위험군,37.54706042,126.9620163,196643.387,449727.919,41.68118927,2.368843725569505,41.76844919454422,4.560661332103088,43.0,435.0
마포구,노고산동,오마이갓 슬라이딩,2,고위험군,37.55198107,126.9396323,194665.6608,450275.0866,45.83201035,3.1568121499799346,40.27852114116287,5.469269009421647,43.0,435.0
마포구,성산동,홍대복층 하우스,2,고위험군,37.55678672,126.9152431,192511.0077,450810.12,37.9721697,-2.002520464340762,41.51554614705766,3.074887778506312,43.0,435.0
마포구,성산동,For fly,2,고위험군,37.565058,126.9056416,191663.5573,451728.943,38.62195457,-3.425705442258753,43.418980735215264,3.124026846932702,43.0,435.0
마포구,도화동,스테이 헤리티지 공덕,2,고위험군,37.53850982,126.9516579,195727.5227,448779.3265,39.3105392,1.7324244199441026,39.767346358137075,4.595453288909628,43.0,435.0
마포구,노고산동,다시 마포,2,고위험군,37.55201895,126.9414709,194828.1314,450279.1881,43.2750748,4.763284836926445,40.86012883300268,5.509341301569964,43.0,435.0
마포구,상암동,Red rose house,2,고위험군,37.57426445,126.8955872,190776.4039,452751.6915,33.55704714,-9.06959515138692,41.50172832668183,3.421910318391979,43.0,435.0
마포구,대흥동,에이비썸머홀리데이,2,고위험군,37.55270279,126.9456482,195197.2994,450354.8645,37.83020159,-1.0343622913089021,40.297002293719714,5.415346620842812,43.0,435.0
마포구,망원동,Mangwon Smile house,2,고위험군,37.55334342,126.9085146,191916.1212,450428.512,48.19341923,1.4153897850565187,45.561745912216466,2.5420564900416376,43.0,435.0
마포구,서교동,레아 게스트하우스,2,고위험군,37.55230312,126.9299053,193806.1722,450311.4267,40.90027979,1.37358645653228,37.36125792204225,4.80225540798908,43.0,435.0
마포구,공덕동,Ronnie,2,고위험군,37.5459992,126.9595034,196421.2697,449610.229,34.94579542,-3.7007251639208434,41.07082156707381,4.610440019142913,43.0,435.0
마포구,서교동,서교 451,2,고위험군,37.55383854,126.914809,192472.3583,450482.9418,39.71906593,2.070680749809256,39.13603702479323,2.8291576196891475,43.0,435.0
마포구,창전동,무네미로 아트스테이1,2,고위험군,37.55171685,126.9304696,193855.9842,450246.3207,36.69989863,0.911302459308331,38.22661667225987,4.865243428397197,43.0,435.0
마포구,서교동,디자인하우스 서교,2,고위험군,37.5517339,126.9165616,192627.0185,450249.213,32.81594983,-3.4701518974518635,37.9205994486376,2.9650554027245053,43.0,435.0
마포구,동교동,땡스땡스,2,고위험군,37.55257054,126.9309931,193902.3108,450341.036,29.10328138,-5.403451947631261,36.83169883586634,4.8803746932907535,43.0,435.0
마포구,동교동,엘라 게스트하우스,2,고위험군,37.55350596,126.9295934,193778.7116,450444.9482,36.20418233,0.4160343455888196,37.929290807533086,4.740482729144503,43.0,435.0
마포구,망원동,삼삼스테이,2,고위험군,37.55837261,126.9006307,191220.0725,450987.3996,37.86861638,-6.09937777276928,45.287604918501174,2.770017431768617,43.0,435.0
마포구,망원동,STARSTAY,2,고위험군,37.55593921,126.9000395,191167.5453,450717.3764,50.86238231,6.97858203398237,45.332228281600315,2.6275162257766187,43.0,435.0
마포구,노고산동,영미하우스 노고산,2,고위험군,37.55268466,126.9320462,193995.3755,450353.6342,38.50146524,3.5702843704097234,37.547084953315206,4.97482324086646,43.0,435.0
마포구,염리동,더 하이드아웃 빌라 홍대,2,고위험군,37.54428506,126.945511,195184.6345,449420.6048,35.23067238,-5.359617706459815,41.560743899088905,5.098046427811911,43.0,435.0
마포구,연남동,Sunny House,2,고위험군,37.55807066,126.9206644,192990.1537,450952.204,45.6313739,-0.1413202243573508,44.056283036281954,3.5873329109691827,43.0,435.0
마포구,서교동,Terrace stay hongdae,2,고위험군,37.55337789,126.9185228,192800.4726,450431.5242,50.09244412,10.971626814109271,39.87076080357112,3.2922664248022215,43.0,435.0
마포구,서교동,더원 게스트하우스,2,고위험군,37.5473975,126.9197115,192904.9431,449767.6822,29.75753065,-10.857649014252196,42.138364024985876,3.197342231964538,43.0,435.0
마포구,서교동,SH 하우스,2,고위험군,37.5512694,126.9260498,193465.392,450196.9572,37.77233869,-0.9696314399981816,41.096246476006755,4.371581425657304,43.0,435.0
마포구,상암동,디엠씨스테이,2,고위험군,37.57488101,126.8947148,190699.4111,452820.2086,53.98215517,7.820401392552789,41.49407044154963,3.434233851771972,43.0,435.0
마포구,노고산동,단밤신촌,2,고위험군,37.55204819,126.939707,194672.2672,450282.5319,50.3444453,2.270855089862991,40.31699053378507,5.47093960891459,43.0,435.0
마포구,서교동,Ho's stay,2,고위험군,37.55402172,126.9130909,192320.5624,450503.4115,46.04889269,6.828322795493264,40.54320969375997,2.704213335017518,43.0,435.0
마포구,염리동,스테이 윤슬,2,고위험군,37.55339312,126.9471322,195328.4701,450431.4081,29.0477934,-9.597946576779233,40.135259275074986,5.372919032526478,43.0,435.0
마포구,연남동,누크 하우스,2,고위험군,37.56266461,126.9206175,192986.4386,451462.0818,45.06494896,0.9394765585015676,45.06259437214452,3.5427982474407322,43.0,435.0
마포구,망원동,코지 브릭하우스,2,고위험군,37.55399205,126.9025085,191385.4834,450501.0357,44.46643773,0.37675930302854965,44.78098274459776,2.4936381352640953,43.0,435.0
마포구,노고산동,가끔_신촌,2,고위험군,37.55255441,126.941224,194806.3497,450338.6314,42.99669741,4.813410765043976,40.74530535690792,5.517020710634694,43.0,435.0
마포구,서교동,다우하우스1,2,고위험군,37.55210193,126.9272554,193571.9963,450289.2749,40.59740689,1.7595556948967115,40.88443269253176,4.5311242844606845,43.0,435.0
마포구,합정동,달리하우스,2,고위험군,37.54692938,126.9103978,192081.8417,449716.4702,43.71907845,0.08125059307307936,44.88474502258264,2.2619661262637507,43.0,435.0
마포구,동교동,TOMI HOUSE,2,고위험군,37.55346185,126.9294684,193767.6573,450440.0608,34.96179117,-0.9176510647823548,38.13329895088161,4.731109016711499,43.0,435.0
마포구,연남동,나무하우스,2,고위험군,37.55914467,126.9241766,193300.5753,451071.1503,46.90616287,1.801336396981931,47.050604652161525,3.9782556838200827,43.0,435.0
마포구,동교동,HAN 게스트 하우스,2,고위험군,37.55318196,126.9298387,193800.36,450408.9718,31.00845689,-4.0976667550847985,37.260290693139154,4.769318317637735,43.0,435.0
마포구,연남동,누비다,2,고위험군,37.56060135,126.9168891,192656.8254,451233.369,30.47845124,-12.04325098657634,43.10938953922744,3.308204326673839,43.0,435.0
마포구,연남동,미로 게스트하우스,2,고위험군,37.55897993,126.9247803,193353.8975,451052.8233,48.54036757,3.4978735660284457,47.17231127284873,4.050402502878266,43.0,435.0
마포구,연남동,케이하우스,2,고위험군,37.55679233,126.9186601,192812.9371,450810.4759,47.83008289,5.0756793881473925,43.48489908824846,3.396439660434757,43.0,435.0
마포구,상암동,어반 블룸 상암,2,고위험군,37.57254352,126.8941844,190652.2632,452560.8268,36.44636334,-3.3657010287677522,41.503585676686086,3.3755511580193613,43.0,435.0
마포구,동교동,스테이 블루,2,고위험군,37.55239122,126.9315147,193948.3911,450321.0999,27.8700435,-7.163189926264046,37.51082927146115,4.944218843244281,43.0,435.0
마포구,연남동,모노크롬하우스(아지트룸),2,고위험군,37.55977646,126.9263265,193490.5844,451141.1205,46.40770382,-0.4276921665303206,49.03483128124458,4.182799319364129,43.0,435.0
마포구,신수동,게스트하우스 하하네,2,고위험군,37.54347927,126.9348039,194238.3526,449331.7742,36.08132211,-1.3893488313606426,40.03890690797895,5.125097656531528,43.0,435.0
마포구,창전동,Pareto House,2,고위험군,37.55132252,126.9315346,193950.0631,450202.4858,46.66196119,8.60227668362716,38.81959972612968,4.969152455873421,43.0,435.0
마포구,서교동,바이어스 케이걸하우스,2,고위험군,37.55297285,126.917477,192708.0219,450386.6502,39.47005674,1.463300712342992,38.681278242431226,3.136191436017756,43.0,435.0
마포구,연남동,하우스 에이치,2,고위험군,37.55995523,126.9255947,193425.9455,451161.0128,43.00684048,-4.06260766313067,48.920851245493004,4.098999999746161,43.0,435.0
마포구,연남동,스테이. 노멀띵스,2,고위험군,37.56329824,126.9163882,192612.8308,451532.7313,46.86121587,4.47233612322507,43.96942389870452,3.317747146520639,43.0,435.0
마포구,서교동,드리미 하우스,2,고위험군,37.55231119,126.9256706,193431.9754,450312.6098,39.91949526,1.4002930444527806,40.570490449721476,4.305894066492488,43.0,435.0
마포구,서교동,클라우스 하우스,2,고위험군,37.55323653,126.9256866,193433.4722,450415.3104,32.03935496,-4.733198270208099,38.87293463979583,4.294350903123373,43.0,435.0
마포구,서교동,L3 게스트하우스,2,고위험군,37.55006497,126.9202625,192953.8849,450063.6979,51.60193113,10.854649521175439,41.6441380105693,3.390573893083202,43.0,435.0
마포구,연남동,연남정원,2,고위험군,37.56316618,126.9214456,193059.6446,451517.6887,30.18435955,-13.594201390555323,45.45022312920828,3.5997375323449505,43.0,435.0
마포구,상수동,이유 스테이,2,고위험군,37.54363576,126.9204646,192971.1366,449350.118,40.71538413,-7.051112060095413,43.00528230841886,3.256029589613187,43.0,435.0
마포구,합정동,시티 오아시스 합정점,2,고위험군,37.55049963,126.9089465,191953.9784,450112.8483,44.27544126,0.27124312403517337,45.12988489508205,2.3629482468918868,43.0,435.0
마포구,도화동,마포 게스트하우스 해날,2,고위험군,37.53517368,126.9456974,195200.518,448409.3433,39.88295072,1.5290445659765908,40.62286146403122,4.527861806019186,43.0,435.0
마포구,연남동,알마수아베,2,고위험군,37.56215485,126.9185399,192802.826,451405.6615,42.52565753,-0.11241446450976156,44.142051528890676,3.4262389271808105,43.0,435.0
마포구,서교동,Room Plus,2,고위험군,37.552834,126.9105654,192097.283,450371.7981,39.37700032,-3.4160117012030824,43.40172313492026,2.5384566737790886,43.0,435.0
마포구,공덕동,만리 848,2,고위험군,37.54499923,126.9583167,196316.3504,449499.2903,48.40182231,-3.5540377571515265,40.46444612583327,4.627069016018114,43.0,435.0
마포구,대흥동,블루버드 한옥,2,고위험군,37.54561751,126.9420925,194882.6165,449568.6712,62.68819811,5.6140957146082755,42.109249413400796,5.309917832699983,43.0,435.0
마포구,노고산동,블루브릭스 신촌,2,고위험군,37.55307725,126.9402458,194719.9468,450396.7148,33.35682011,-8.76304640548505,40.46671370175319,5.488651955191465,43.0,435.0
마포구,연남동,연남동끝집,2,고위험군,37.56393924,126.9177254,192731.0375,451603.7705,47.51013097,4.637413207156079,44.23276990897949,3.387192356165033,43.0,435.0
마포구,염리동,제이앤디,2,고위험군,37.55201392,126.9463939,195263.1466,450278.3704,35.20943773,-2.9257974430887614,40.229742422364765,5.386895066381765,43.0,435.0
마포구,노고산동,시리,2,고위험군,37.54964322,126.9350603,194261.4781,450015.8825,34.3542585,-1.534268405593238,38.34632995716452,5.292603943493181,43.0,435.0
마포구,합정동,서울의 밤,2,고위험군,37.54709924,126.9061599,191707.3577,449735.6879,43.46998454,-0.6181674041971306,45.10778082394866,2.1956567375984335,43.0,435.0
마포구,망원동,망원 담다,2,고위험군,37.55240858,126.9068095,191765.3487,450324.9039,53.06451095,6.462336278050664,45.42329807674648,2.4638752553646737,43.0,435.0
마포구,노고산동,신촌유랑,2,고위험군,37.55126633,126.9374105,194469.2779,450195.8874,30.30031157,-6.48483171524575,39.02650950036776,5.420026380305951,43.0,435.0
마포구,서교동,더포레스트,2,고위험군,37.5519298,126.9275169,193595.0888,450270.1527,39.97135378,1.2816447878543897,40.924405413730796,4.568965689962262,43.0,435.0
마포구,염리동,특별한 하루 스테이,2,고위험군,37.54662147,126.9475022,195360.7445,449679.818,29.04193529,-9.149564605935755,40.96745996634269,5.154592621521026,43.0,435.0
마포구,대흥동,피노 스테이,2,고위험군,37.54922039,126.9434657,195004.2115,449968.4736,35.60229471,-4.391207905657993,42.79685119773529,5.4558724790541975,43.0,435.0
마포구,상수동,Amy's sweet home,2,고위험군,37.54315186,126.9209982,193018.2549,449296.3712,49.37572917,4.521771479505368,43.06622573710585,3.355063449055545,43.0,435.0
마포구,동교동,Jin's House,2,고위험군,37.55467349,126.9281632,193652.4286,450574.6257,33.84543157,-6.786343319272994,42.69188040693665,4.561066418007854,43.0,435.0
마포구,대흥동,D.1881,2,고위험군,37.55119125,126.9436133,195017.3822,450187.2076,42.93021176,4.205263662409827,41.211816630486204,5.505918242603558,43.0,435.0
마포구,서교동,가자하우스,2,고위험군,37.55041295,126.9146111,192454.5244,450102.7581,37.02913524,0.4528389478301591,38.02150558813412,2.6216773358105003,43.0,435.0
마포구,망원동,Jolly house,2,고위험군,37.55223742,126.9016061,191305.5348,450306.3757,37.13179658,-5.516959401755685,43.884899563882996,2.405780641410764,43.0,435.0
마포구,신수동,스테이 헤리티지 경의선숲길,2,고위험군,37.54391637,126.9390634,194614.8094,449380.0345,35.95046545,-2.8260026190788565,41.25066641724468,5.19363188907547,43.0,435.0
마포구,연남동,진 하우스,2,고위험군,37.56088256,126.9169292,192660.3969,451264.5768,36.33522867,-6.246279921036134,43.130379975227754,3.3136584449622615,43.0,435.0
마포구,연남동,시스앤브로 하우스,2,고위험군,37.55834816,126.9215695,193070.1477,450982.9361,48.9170731,6.070704615444811,43.81557206778825,3.6640830795206765,43.0,435.0
마포구,신공덕동,효공 하우스,2,고위험군,37.54183019,126.9563319,196140.7865,449147.6449,38.24298657,0.9630231090360226,39.36108722632146,4.607600744963305,43.0,435.0
마포구,대흥동,휘진 서강,2,고위험군,37.55007405,126.9443051,195078.4397,450063.1754,33.12758394,-5.910195246780603,41.56955420104123,5.451894290694626,43.0,435.0
마포구,망원동,STUDIO ARCH,2,고위험군,37.55331557,126.903343,191459.145,450425.8783,43.26717579,-0.08110373285364147,44.55940634555401,2.476218624445511,43.0,435.0
마포구,합정동,MJ house 102,2,고위험군,37.54949733,126.9091197,191969.1723,450001.5902,51.36775224,7.397258941193378,45.119241187469456,2.2924081699095753,43.0,435.0
마포구,연남동,유일,2,고위험군,37.55896284,126.9243086,193312.2238,451050.9599,46.52101063,1.4308786195069203,46.94589586469937,3.996179875635353,43.0,435.0
마포구,성산동,솔루나 하우스,2,고위험군,37.55707604,126.9171992,192683.8802,450842.0771,41.37424595,0.3189822270760203,42.486269865508774,3.2599971200918527,43.0,435.0
마포구,서교동,게스 하우스,2,고위험군,37.55373445,126.9265509,193509.8863,450470.5136,33.64194634,-4.048872764616007,39.792010910850166,4.410647504478257,43.0,435.0
마포구,상수동,와우 하우스,2,고위험군,37.5444683,126.9215004,193062.7559,449442.4429,44.75259797,3.174087902453614,43.313394422908246,3.4620852054050153,43.0,435.0
마포구,성산동,Wish Stay,2,고위험군,37.56294553,126.905378,191640.0317,451494.507,47.89912384,5.669490984308823,43.779448934364545,3.0162495471626487,43.0,435.0
마포구,동교동,JJ하우스1,2,고위험군,37.55476769,126.9266497,193518.706,450585.1841,46.99570763,7.032708668558087,42.2181393508223,4.388950580561361,43.0,435.0
마포구,도화동,도화스테이,2,고위험군,37.538969,126.9515232,195715.6451,448830.296,34.4013166,-3.1970096949983926,39.74073422497089,4.613435828999609,43.0,435.0
마포구,연남동,아띠연남,2,고위험군,37.55937861,126.9195008,192887.4632,451097.4584,51.96116342,8.452922187430339,44.430735755561095,3.487499046761794,43.0,435.0
마포구,성산동,해법하우스,2,고위험군,37.55891793,126.9067295,191758.9965,451047.3715,34.52397117,-7.951100793137769,43.81026328578286,2.8027228441272927,43.0,435.0
마포구,창전동,258 Inn,2,고위험군,37.55054835,126.926845,193535.5993,450116.8743,38.54095663,-0.45402759536943194,41.027721419553124,4.500473045449351,43.0,435.0
마포구,연남동,까사드 연남,2,고위험군,37.56204924,126.9249103,193365.6568,451393.4713,43.64437207,-3.1681867835836783,48.75455786148902,3.970528950310942,43.0,435.0
마포구,동교동,헤이스테이,2,고위험군,37.55553867,126.9239535,193280.5411,450670.943,36.68380238,1.6917609478464612,37.16290414358626,4.031006437728005,43.0,435.0
마포구,동교동,YOUNGSTAY1,2,고위험군,37.55465323,126.9198855,192921.0056,450572.9683,42.29732735,0.8317188534609699,43.26002369190451,3.4922879526942916,43.0,435.0
마포구,대흥동,제로워터 스테이,2,고위험군,37.54443198,126.9395048,194653.8517,449437.2357,43.98004607,3.941487494425431,41.42121245608209,5.227135739120509,43.0,435.0
마포구,동교동,Stay U,2,고위험군,37.55236083,126.9309933,193902.3158,450317.7607,33.8457349,-0.937201782528426,37.11066919803246,4.886182965372104,43.0,435.0
마포구,대흥동,이화당,2,고위험군,37.55330268,126.9455243,195186.3881,450421.4515,49.45115055,10.355456517464077,40.26323316855862,5.428473902576485,43.0,435.0
마포구,성산동,이지멘션1,2,고위험군,37.56333218,126.9159332,192572.6372,451536.5341,42.68117533,0.3873427323563732,43.94495159940577,3.294925480592909,43.0,435.0
마포구,서교동,GLOW 스테이,2,고위험군,37.55372671,126.9267583,193528.2093,450469.6402,34.31060724,-3.391325469547837,39.87306145449394,4.438997909663687,43.0,435.0
마포구,성산동,아우라 스페이스,2,고위험군,37.55736614,126.9163762,192611.1892,450874.3391,34.60517923,-6.066969848440131,42.306562456698835,3.1808926748710036,43.0,435.0
마포구,도화동,스테이 차,2,고위험군,37.53837671,126.9529927,195845.4894,448764.4931,38.61206267,1.379150511503532,39.584447819480246,4.57655490234078,43.0,435.0
마포구,서교동,Stay CarpeDiem hongdae,2,고위험군,37.55043322,126.9194563,192882.6807,450104.63,37.14974149,-1.8366845026078522,40.68394475504476,3.303708271553911,43.0,435.0
마포구,합정동,King kong dae 7,2,고위험군,37.54530952,126.9130474,192315.8226,449536.4654,40.30855032,-2.3394149123752968,43.70769039815152,2.4141762119058425,43.0,435.0
마포구,연남동,seven house,2,고위험군,37.55805741,126.9208619,193007.6029,450950.7187,42.02518054,-0.16490174340027863,43.997964447388526,3.6077575278807537,43.0,435.0
마포구,서교동,Sunny Guest House,2,고위험군,37.55341385,126.9262345,193481.898,450434.9527,31.84622005,-5.371196449696114,39.247562909740935,4.371693203327491,43.0,435.0
마포구,신수동,벙커.K,2,고위험군,37.54651932,126.9374656,194473.7999,449669.0232,39.0713025,1.6475780042881638,40.14480492774204,5.2957623384123025,43.0,435.0
마포구,성산동,얼바닉 스테이,2,고위험군,37.55595572,126.9125404,192272.1155,450718.1077,44.14828235,0.8757843083055263,42.02232781587192,2.8529155596179128,43.0,435.0
마포구,공덕동,연스테이,2,고위험군,37.54663144,126.960726,196529.3434,449680.3542,35.40161129,-3.6626633332577256,41.534444574560126,4.586780602726684,43.0,435.0
강서구,공항동,Stay Serendipity,2,고위험군,37.5558778,126.812004,183388.7562,450722.4754,38.70807354,-1.9879347401507417,42.36364766421687,3.096586927204989,43.0,435.0
강서구,화곡동,더 화곡 스테이(The Hwagok Stay),2,고위험군,37.54281466,126.8411661,185963.0612,449267.8689,42.30082087,2.340003234729089,41.49384744495151,3.2180089815203514,43.0,435.0
강서구,공항동,고요하우스 공항동,2,고위험군,37.55668286,126.811193,183317.2751,450811.9712,40.96576469,0.17817108509372304,42.37526131006288,3.0899163214402607,43.0,435.0
강서구,방화동,에어포트 게스트하우스,2,고위험군,37.56569175,126.8146216,183622.1973,451811.25,46.37037626,5.262387305832519,42.42807763256692,3.0073143376413003,43.0,435.0
강서구,공항동,에어포트 스테이 서울,2,고위험군,37.5553479,126.8127287,183452.6732,450663.5349,32.94273602,-7.894845308256663,42.35417791653007,3.1007691740159213,43.0,435.0
강서구,등촌동,히트코지,2,고위험군,37.55293291,126.8538363,187084.5327,450389.0575,36.96115345,-4.489768532364515,42.3317291376553,2.7992465714498387,43.0,435.0
강서구,방화동,방화별채,2,고위험군,37.56298643,126.8102025,183231.1695,451511.7702,52.13033126,10.591320680815429,42.41955333237608,3.0369850843587654,43.0,435.0
강서구,공항동,두리현스테이,2,고위험군,37.55696025,126.8113822,183334.0552,450842.7247,40.89549984,-0.32005365272198105,42.378493256044095,3.086284547354535,43.0,435.0
강서구,화곡동,Lia Stay,2,고위험군,37.53195541,126.8478241,186549.5135,448061.651,48.20831224,8.629576806977283,41.221441395664996,3.5373835386533816,43.0,435.0
강서구,등촌동,온에어하우스,2,고위험군,37.55325852,126.855813,187259.2562,450424.9266,41.15507488,-0.26984851326299264,42.49730375366242,2.7580713672474526,43.0,435.0
강서구,화곡동,서울하우스,2,고위험군,37.53796787,126.8389054,185762.3458,448730.2737,41.19970637,1.7516867212557798,41.213467312195654,3.357458754437702,43.0,435.0
강서구,화곡동,에스더스테이,2,고위험군,37.52807793,126.8372725,185616.1323,447632.8597,25.50512768,-13.384190926724344,40.74231301264387,3.606294717586058,43.0,435.0
강서구,공항동,미미하우스(MIMI HOUSE),2,고위험군,37.55692417,126.812028,183391.1108,450838.6059,34.27807093,-6.514607546376617,42.37750049141519,3.0843780439323805,43.0,435.0
강서구,가양동,스테이240,2,고위험군,37.56917783,126.8384051,185724.0879,452194.2856,39.81652208,-1.3382135014702925,42.41277427690012,2.9514328755772525,43.0,435.0
강서구,개화동,Angel B&B,2,고위험군,37.5840424,126.8015852,182474.7534,453850.3151,41.56692354,0.15496556151721563,42.4389954877658,3.026238914870697,43.0,435.0
강서구,화곡동,스테이 화곡,2,고위험군,37.5393807,126.837677,185654.0531,448887.2674,39.03391647,-1.4006727822645573,41.27306638786652,3.320592168140518,43.0,435.0
강서구,등촌동,Birdhouse,2,고위험군,37.55276631,126.8564116,187312.0685,450370.2161,43.76732556,1.6220892753945435,42.53304261030638,2.7519567611605966,43.0,435.0
강서구,화곡동,정 스테이,2,고위험군,37.53343959,126.8481081,186574.8808,448226.3362,40.25969153,0.6847454425721011,41.2828444672417,3.491896717575675,43.0,435.0
강서구,화곡동,Pum Stay,2,고위험군,37.54256084,126.8417232,186012.2422,449239.6149,40.39092826,0.31738499774187545,41.48817832917535,3.222701920622836,43.0,435.0
강서구,공항동,홈스윗홈,2,고위험군,37.55791795,126.8113696,183333.1579,450949.0204,45.94521646,4.561307552630936,42.38865638612674,3.075773581791418,43.0,435.0
강서구,공항동,안식,2,고위험군,37.5576118,126.8123732,183421.7627,450914.8639,34.23209806,-6.763652657422277,42.38490025684823,3.075572226539357,43.0,435.0
강서구,화곡동,KELLY' GUEST HOUSE,2,고위험군,37.530948,126.841087,185953.8416,447950.8257,43.92501794,4.602698434795528,40.92481977361213,3.547929995047988,43.0,435.0
강서구,화곡동,모먼트 스테이,2,고위험군,37.53545237,126.841662,186005.5052,448450.67,49.23561435,9.763082452077626,41.14823822367637,3.4260782068070625,43.0,435.0
강서구,개화동,리버사이드,2,고위험군,37.57626056,126.8004967,182376.7804,452986.8222,39.79417341,-1.5044006358186124,42.43643407267346,3.019726325207631,43.0,435.0
강서구,방화동,오투게스트하우스,2,고위험군,37.56993891,126.8097568,183193.3516,452283.4947,44.92352438,4.1093811553008095,42.43425800585709,3.008339992350628,43.0,435.0
강서구,방화동,언니네,2,고위험군,37.56430943,126.810525,183259.9588,451658.5503,53.4331234,11.848421818758652,42.4238868508033,3.0270668609692644,43.0,435.0
강서구,개화동,RnR House,2,고위험군,37.57692174,126.7997887,182314.3952,453060.3388,40.28438398,-1.0139541941555734,42.436552995910894,3.0206679027968972,43.0,435.0
강서구,내발산동,구름닮은집,2,고위험군,37.55446676,126.8409309,185944.4591,450561.148,35.41425836,-8.189939030747198,42.113151243395535,2.946683186183663,43.0,435.0
강서구,방화동,수스테이(SUE STAY),2,고위험군,37.56444657,126.8142687,183590.7479,451673.111,41.63647045,0.4222923407799257,42.42473545384623,3.014877478093724,43.0,435.0
강서구,내발산동,올래마곡,2,고위험군,37.55157537,126.837037,185599.8346,450240.8274,42.20122337,-1.5939818472472922,41.972913861932966,3.0338841961196743,43.0,435.0
마포구,도화동,스테이 결,2,고위험군,37.53886159,126.9518765,195746.8652,448818.3587,41.34726744,3.6588348944239684,39.70953726294148,4.604309766353782,43.0,435.0
영등포구,신길동,Lodge 82,2,고위험군,37.51177423,126.920266,192950.5923,445813.8985,33.00413465,-7.8178003872953,42.210187545819295,4.411931773544124,43.0,435.0
영등포구,신길동,도담스테이,2,고위험군,37.49699241,126.9105582,192090.7519,444174.0779,38.20445786,-1.067451547116967,41.46550919471983,4.377484497896351,43.0,435.0
영등포구,(당산동,성심행,2,고위험군,37.52664465,126.8968678,190883.726,447466.3386,47.77962178,4.0059616247934855,41.74698912822965,4.005213017535009,43.0,435.0
영등포구,신길동,쿠쉬 스테이,2,고위험군,37.50595821,126.9204002,192961.9146,445168.3845,41.21990518,0.5989930035088875,42.00938387656991,4.412628374615752,43.0,435.0
영등포구,신길동,쉼길,2,고위험군,37.51229516,126.9154204,192522.2406,445872.0892,34.37966223,-6.086518834987949,42.66845438390148,4.394793146934804,43.0,435.0
영등포구,(당산동,YDP STAY,2,고위험군,37.52275078,126.8965546,190855.5684,447034.1979,49.86784946,11.782300599732437,40.04946263552021,4.122484851753326,43.0,435.0
영등포구,신길동,유어진,2,고위험군,37.49661929,126.9112242,192149.6057,444132.6107,42.80914056,2.349698370250117,41.45705862750617,4.379555410527182,43.0,435.0
영등포구,(당산동,호미 그라운드,2,고위험군,37.51946405,126.8961264,190817.3168,446669.4537,50.52703275,-0.8416167208598893,39.25922982065714,4.178413900422866,43.0,435.0
영등포구,(당산동,오롯이휴 당산,2,고위험군,37.53063018,126.9002011,191178.8437,447908.3653,47.24146988,6.4665048336324205,42.785524279329735,3.823602272540578,43.0,435.0
영등포구,(당산동,당산재,2,고위험군,37.51991684,126.8959242,190799.4983,446719.7275,37.74280528,-3.706660861241552,39.39908076550673,4.168439340079386,43.0,435.0
영등포구,(당산동,서울우드 포근채,2,고위험군,37.53343206,126.8993204,191101.3276,448219.4224,40.1057513,-2.870162478358239,44.63684935901183,3.5766389818888973,43.0,435.0
영등포구,(당산동,사계절 하우스,2,고위험군,37.53082118,126.9002179,191180.3475,447929.5623,46.86007493,6.017776711997492,42.894374633523,3.810435914767549,43.0,435.0
영등포구,(양평동,스테이 공간,2,고위험군,37.52221346,126.8831171,189667.6383,446975.9532,44.46920524,4.240322708451686,42.274867989972876,3.981893592017036,43.0,435.0
영등포구,영등포동,미케하우스,2,고위험군,37.51093449,126.9051604,191614.9918,445721.9369,41.62185705,1.513160271059654,42.343720582291745,4.349799713348568,43.0,435.0
영등포구,대림동,대림 코지아,2,고위험군,37.48906457,126.9010728,191251.0453,443295.0305,45.09917149,-3.1305258810219954,41.73123791159436,4.353654008425436,43.0,435.0
영등포구,영등포동,아라 하우스,2,고위험군,37.51010354,126.9086407,191922.5984,445629.4076,42.50071648,1.4692133414973085,43.21948282408214,4.366269184317682,43.0,435.0
영등포구,도림동,체리티,2,고위험군,37.50578482,126.8980199,190983.0579,445151.0495,48.49470685,7.633153813736321,42.96987399602263,4.310583771255103,43.0,435.0
영등포구,(양평동,모먼트 서울(Moment Seoul),2,고위험군,37.53489754,126.8955869,190771.5207,448382.4325,42.58498872,-0.5832007694714179,44.79949708703201,3.424305559763459,43.0,435.0
영등포구,(당산동,홍만스 홈,2,고위험군,37.52998346,126.9049903,191602.0827,447836.1489,46.47215553,5.607303752623309,42.827617166372036,3.9168380266501632,43.0,435.0
영등포구,선유동,킴스하우스,2,고위험군,37.52002909,126.891214,190383.1155,446732.6569,46.71579288,7.967879279344238,40.807632945563086,4.110316546028674,43.0,435.0
영등포구,영등포동,더서울하우스,2,고위험군,37.50998471,126.9077669,191845.3288,445616.2944,51.88725801,9.337937961864526,43.27221258512459,4.364262792679869,43.0,435.0
영등포구,도림동,메종 블랑 서울(Maison Blanc Seoul),2,고위험군,37.50597544,126.9034001,191458.7871,445171.704,42.4258648,2.1849580271635958,42.31153216331528,4.346485020609869,43.0,435.0
영등포구,신길동,봄봄스테이 여의도,2,고위험군,37.51154539,126.9193447,192869.1178,445788.5696,35.02175486,-3.8139414494983583,42.254385031452685,4.410436434485785,43.0,435.0
영등포구,신길동,스카이 게스트하우스,2,고위험군,37.51029604,126.911694,192192.5698,445650.5149,37.28912856,-4.453534387842623,43.44467142252444,4.37742149537686,43.0,435.0
영등포구,신길동,ynny stay,2,고위험군,37.51236004,126.9220482,193108.2141,445878.7839,38.52530387,-5.3602542900608015,42.13524052352766,4.4139866032307,43.0,435.0
영등포구,신길동,stay 올랑올랑,2,고위험군,37.50278421,126.9070884,191784.5511,444817.1901,33.68663409,-5.875053665648963,41.531288712508314,4.360689636614057,43.0,435.0
영등포구,신길동,다니숲 스테이,2,고위험군,37.51225752,126.9197781,192907.5029,445867.5742,37.34635763,-2.779938840890722,42.22862914960921,4.413042329339564,43.0,435.0
영등포구,대림동,cozy(코지),2,고위험군,37.48651284,126.9033811,191454.8969,443011.61,30.14552464,-9.209015678781906,41.70428265715677,4.363162370014605,43.0,435.0
서초구,방배동,로뎀,2,고위험군,37.47311165,126.9939049,199460.8405,441519.8895,42.53685784,1.6927286440726377,42.884590485323244,4.517574165260798,43.0,435.0
서초구,양재동,스타인 서울,2,고위험군,37.47099934,127.0393091,203477.2677,441286.1598,40.49430504,-1.1853150358198121,44.1286213106309,4.657413983811023,43.0,435.0
서초구,방배동,메종 방배,2,고위험군,37.47918098,126.9944381,199508.0482,442193.5008,44.76892989,3.6935029961860906,42.72185176238196,4.521947410592445,43.0,435.0
서초구,방배동,헤이븐스테이,2,고위험군,37.47813135,126.9917024,199266.0706,442077.0237,31.07035996,-9.855380645319446,42.62359540704993,4.505876575467214,43.0,435.0
서초구,방배동,몰리앤코,2,고위험군,37.48111882,126.9856629,198731.9191,442408.6572,43.50981684,2.6279703312904985,42.232709393216034,4.473854626397145,43.0,435.0
서초구,서초동,Salt House,2,고위험군,37.48652635,127.0091831,200812.162,443008.7643,35.34500216,-6.300631105941122,43.61922448669321,4.630161244673145,43.0,435.0
서초구,방배동,스마일 방배 도미토리,2,고위험군,37.47958025,126.9849707,198670.6612,442237.906,39.83739803,-0.2461906671927352,42.270746704765685,4.471770661376203,43.0,435.0
강남구,논현동,창범하우스,2,고위험군,37.51523852,127.0361143,203192.7713,446196.0166,40.24369844,-1.638629412872227,44.3274754845988,4.650085353413154,43.0,435.0
강남구,삼성동,하우스강남,2,고위험군,37.50772316,127.0520013,204597.7672,445362.5651,38.27301602,-1.7588052139013044,42.39253128872032,4.4895052990389805,43.0,435.0
강남구,논현동,윌라,2,고위험군,37.51586899,127.0285267,202521.9478,446265.7604,40.85677421,-1.5004021108587438,44.90257200930675,4.7264648992599465,43.0,435.0
강남구,일원동,덕스하우스,2,고위험군,37.49144409,127.0811592,207177.3612,443557.623,34.16721499,-6.7722275132956185,42.825846519084195,4.2974460247196795,43.0,435.0
강남구,도곡동,행복스테이,2,고위험군,37.48370802,127.0376268,203327.892,442696.5924,54.74004564,12.608087039450105,44.36657778622881,4.690727188984464,43.0,435.0
강남구,신사동,모레하우스,2,고위험군,37.522993,127.0342439,203027.1069,447056.6044,37.11332408,-5.058016455676842,44.661520922430284,4.623937348613972,43.0,435.0
강남구,청담동,헥사 스테이 청담,2,고위험군,37.51835146,127.0452273,203998.2635,446541.8619,40.03371983,-0.41771446866975737,42.827979047525126,4.519619095792531,43.0,435.0
강남구,삼성동,삼성 코지 스테이,2,고위험군,37.50946391,127.0472064,204173.7201,445555.5426,42.1883103,1.7090420866973588,42.926288068163544,4.543793919460975,43.0,435.0
강남구,일원동,제이스테이,2,고위험군,37.49133577,127.0817413,207228.8456,443545.6455,36.69268663,-4.322822456148316,42.84597926564815,4.294390852336807,43.0,435.0
강남구,대치동,티토스테이,2,고위험군,37.50350866,127.0614358,205432.2296,444895.3125,37.05847242,-2.6944007554146694,41.57129615196545,4.397273607928993,43.0,435.0
강남구,삼성동,코엑스 케이 레지던스,2,고위험군,37.50890835,127.0547953,204844.7259,445494.2462,41.95237416,2.2657502772347726,41.80625234074261,4.449348194134922,43.0,435.0
강남구,역삼동,더코지코너,2,고위험군,37.50277492,127.0317927,202811.1796,444812.5785,43.78532518,1.2708621571469578,44.24106899167977,4.742166823949895,43.0,435.0
강남구,역삼동,브릭맨션,2,고위험군,37.50081487,127.0322786,202854.2221,444595.0529,46.4170308,4.350571012995992,44.207586143321926,4.740446271698018,43.0,435.0
강남구,논현동,나비잠,2,고위험군,37.51634947,127.0309866,202739.4064,446319.1563,49.50786383,6.687557664986031,44.762148857307174,4.695724664548228,43.0,435.0
강남구,논현동,어반 팀버 강남,2,고위험군,37.50388033,127.025777,202279.2256,444935.1021,37.18581033,-4.947924702043899,44.523264888440835,4.768476894807126,43.0,435.0
강남구,역삼동,까사 도로,2,고위험군,37.50091623,127.0289478,202559.6882,444606.2068,36.3444898,-5.683444145128142,44.356050735731706,4.759969021182446,43.0,435.0
강남구,삼성동,한캄,2,고위험군,37.51053483,127.0486236,204298.9594,445674.4648,38.47315445,-1.6880578820895877,42.59527608431746,4.519736141487918,43.0,435.0
강남구,신사동,강남 신사동 가로수길,2,고위험군,37.51850406,127.0195112,201724.858,446558.0164,42.90510041,-0.42042104746678177,45.89746214418625,4.775755468561359,43.0,435.0
강남구,역삼동,스윗모먼츠,2,고위험군,37.49447966,127.0437116,203865.504,443892.3351,43.54671976,1.833381815315363,44.034456310405155,4.63195689621557,43.0,435.0
강남구,청담동,청담57스테이,2,고위험군,37.52073304,127.0507659,204487.7586,446806.4371,30.69111231,-10.706712656261828,43.22991897898628,4.430332630683723,43.0,435.0
송파구,오금동,오금 스테이,2,고위험군,37.50404851,127.1327622,211738.9254,444961.7359,44.10693099,2.6946848639815713,43.23704457059572,4.040097380367926,43.0,435.0
강남구,삼성동,루미 그레이프 하우스,2,고위험군,37.51114725,127.0484335,204282.1198,445742.427,38.47774207,-1.8829275366702873,42.571015848264125,4.519180342901133,43.0,435.0
강남구,역삼동,역삼동 제인,2,고위험군,37.49436382,127.0368915,203262.3952,443879.2202,38.50857477,-3.615893838931221,44.129572847497315,4.704092640521904,43.0,435.0
강남구,일원동,정게스트하우스,2,고위험군,37.49113755,127.0837889,207409.9452,443523.8048,45.07546803,3.935859662083928,42.910770849290486,4.282989235801834,43.0,435.0
강남구,일원동,예본의집,2,고위험군,37.49213551,127.0840129,207429.6586,443634.583,45.26935586,4.135746318976906,42.902160159743204,4.276673282437088,43.0,435.0
강남구,청담동,청담 게스트하우스,2,고위험군,37.52296261,127.0493685,204364.0963,447053.8257,36.05178379,-5.498918036255759,43.6608107527757,4.429365583531732,43.0,435.0
강남구,역삼동,빅 존스 플레이스,2,고위험군,37.50131644,127.0265212,202345.1077,444650.5617,39.26144409,-4.0179505812384235,44.48330249236929,4.767794746293509,43.0,435.0
강남구,신사동,게스트하우스강남(guesthousegangnam),2,고위험군,37.5232255,127.0299232,202645.1508,447082.2787,34.87364058,-8.36205558569462,45.05345334771346,4.675117357116845,43.0,435.0
강남구,역삼동,24게스트하우스 강남센터,2,고위험군,37.50115056,127.0325881,202881.5713,444632.3196,48.26607828,5.851698101863477,44.19953478954155,4.737558440756482,43.0,435.0
강남구,역삼동,강남스테이힐(Gangnam Stay Hill),2,고위험군,37.5006903,127.029349,202595.171,444581.1425,48.09380009,5.67238322440582,44.3323308611559,4.759106698553178,43.0,435.0
강남구,신사동,제나스위트 강남,2,고위험군,37.52131098,127.023355,202064.5848,446869.6266,42.07256495,-1.0788150391556215,45.76980200398876,4.749940144340856,43.0,435.0
송파구,석촌동,레이크 게스트하우스,2,고위험군,37.50065453,127.0990526,208758.6984,444581.3768,41.9795038,0.8649193886752613,43.353311323485016,4.1570213296800995,43.0,435.0
송파구,방이동,석촌별채,2,고위험군,37.50887846,127.1093053,209664.2223,445495.1311,56.52533671,14.506589160330606,43.606120626445794,4.082588971105167,43.0,435.0
송파구,잠실동,K 하우스,2,고위험군,37.50598335,127.0845234,207473.4208,445171.5543,35.07548487,-5.767858805014498,42.74117006218584,4.201780990108312,43.0,435.0
송파구,방이동,잠시스테이,2,고위험군,37.51120635,127.1081822,209564.629,445753.3826,37.22088099,-4.676884763644665,43.68563975528425,4.072983282869989,43.0,435.0
송파구,석촌동,단감나무 집,2,고위험군,37.49898095,127.1041456,209209.2509,444396.1172,39.04435232,-2.8203748335656513,43.373800663281685,4.144708440652439,43.0,435.0
송파구,송파동,레몬트리 스테이,2,고위험군,37.50014312,127.1141555,210094.2297,444526.1296,41.96043825,0.3073267666342119,43.34969467632016,4.102643111222154,43.0,435.0
송파구,방이동,어반스테이 송파(Urban Stay_Songpa),2,고위험군,37.50564537,127.1182985,210459.8135,445137.261,48.6514544,6.9042169377709754,43.43041412195452,4.070223704130765,43.0,435.0
송파구,석촌동,쁘띠또뗄,2,고위험군,37.49948276,127.1064924,209416.7033,444452.0439,36.55994148,-5.372296108916984,43.38748062849902,4.133155163840904,43.0,435.0
송파구,송파동,송파 스테이 110,2,고위험군,37.50222686,127.1114045,209850.6997,444757.1064,37.64199513,-4.082639117260165,43.42124125059593,4.10270068900416,43.0,435.0
송파구,잠실동,캄스테이 서울,2,고위험군,37.50558119,127.0852996,207542.0917,445126.9816,34.62693744,-6.267668254376787,42.79133245205627,4.199346414255484,43.0,435.0
송파구,삼전동,잠실 코지 비앤비,2,고위험군,37.50154392,127.091329,208075.6447,444679.3969,38.54799411,-2.3433992074616796,43.09315279416445,4.1872193570269856,43.0,435.0
송파구,삼전동,Tina`s Homestay,2,고위험군,37.50300268,127.0954957,208443.9117,444841.6661,48.69625644,7.423250939815858,43.25519805415993,4.160854147464922,43.0,435.0
송파구,삼전동,오잉 잠실,2,고위험군,37.49628202,127.092644,208192.4922,444095.5078,45.49628768,4.205742908541012,43.137439274971705,4.207438796656422,43.0,435.0
송파구,풍납동,잠실웰컴하우스,2,고위험군,37.53172743,127.1117037,209873.2719,448031.3296,47.2007468,4.703988000079441,44.327916076030284,3.9431923621783733,43.0,435.0
송파구,송파동,잠실 석촌역 게스트하우스,2,고위험군,37.50240178,127.1076416,209517.9493,444776.133,48.25574448,-0.9546636123014096,43.436961092476444,4.113146825216655,43.0,435.0
송파구,석촌동,JJ HOUSE,2,고위험군,37.49758924,127.0973088,208604.8471,444241.0084,50.46928426,9.283767190532622,43.279714835177025,4.179120688619806,43.0,435.0
송파구,잠실동,잠실앤스테이,2,고위험군,37.50209675,127.0778946,206887.6717,444739.6859,46.58351461,6.087834940673723,42.42200188613562,4.264870657361159,43.0,435.0
강남구,신사동,루비루 하우스,2,고위험군,37.51964228,127.0294846,202606.5014,446684.574,49.9014678,6.340519701176888,45.03812047101216,4.694523282937561,43.0,435.0
강남구,논현동,스테이 179 여성 전용 쉐어하우스,2,고위험군,37.50502069,127.0288121,202547.5548,445061.7452,48.44182146,6.151622783377803,44.378564558087376,4.757538459602488,43.0,435.0
강남구,신사동,포레 빌리지 하우스 1,2,고위험군,37.51870888,127.0245927,202174.0733,446580.8541,48.96774909,5.924246615925341,45.53882888336703,4.745513374029703,43.0,435.0
강남구,역삼동,서울미담2,2,고위험군,37.4999404,127.0280827,202483.2255,444497.8791,44.27268154,1.6800472941645097,44.38773521839602,4.76395473547851,43.0,435.0
마포구,동교동,사랑방,2,고위험군,37.55220139,126.9317312,193967.503,450300.0172,33.49700865,-1.8890998704795052,37.873949794978735,4.964664326599007,43.0,435.0
마포구,창전동,스테이 홍대,2,고위험군,37.54957786,126.9255049,193417.0985,450009.2545,42.92247476,3.6155585076146224,41.402411805099064,4.284361487018371,43.0,435.0
마포구,연남동,ELVA75,2,고위험군,37.55814763,126.9195089,192888.0566,450960.8336,40.88937711,-2.3937890096506678,44.032832674958186,3.485575091713407,43.0,435.0
중구,신당동,신당 스테이,2,고위험군,37.56007766,127.02172,201919.0591,451172.2207,35.48445507,-2.0196636685171896,39.540693522335665,4.275008812275592,43.0,435.0
성동구,행당동,성동 와이에스 하우스(YS House),2,고위험군,37.5563301,127.0295944,202614.9318,450756.4759,43.22246771,2.367700624343108,43.03658979226907,4.246259824869941,43.0,435.0
송파구,석촌동,하우슬로우,2,고위험군,37.49913876,127.1027543,209086.2038,444413.4969,36.8252771,-4.569057927496587,43.371028213248785,4.149310329970654,43.0,435.0
종로구,창신동,Seoul Wall Loft(서울 월 로프트),2,고위험군,37.57488194,127.0109059,200963.3952,452815.1568,45.25370906,6.319550838571239,40.10392449606984,4.219522021512418,43.0,435.0
종로구,창신동,스테이노을,2,고위험군,37.57361404,127.0108255,200956.31,452674.4338,36.33437025,-2.174941327640262,40.20661654029221,4.227116152796813,43.0,435.0
종로구,창신동,선셋남산뷰,2,고위험군,37.57522755,127.0102275,200903.4667,452853.5088,42.67526319,3.456207827207251,40.33449276825512,4.216921392289449,43.0,435.0
중구,(장충동,피올라 스테이 동대문,2,고위험군,37.55921747,127.0046707,200412.6859,451076.5383,50.55961867,-3.293379344523011,42.0709828263586,4.326947779301473,43.0,435.0
용산구,(용산동,심플스페이시스,2,고위험군,37.53870588,126.984957,198670.503,448800.0949,45.10421773,1.1715867410977694,46.0345876507358,4.41225302589272,43.0,435.0
종로구,명륜3가,스테이히어,2,고위험군,37.58794681,126.9947038,199532.2274,454265.1654,51.51163733,4.048704651421339,39.56600162922638,4.068242549644211,43.0,435.0
성동구,성동,Green Dot (그린도트),2,고위험군,37.53538989,127.0470223,204156.0056,448432.9933,45.363564,2.005964370907172,45.46456306535759,4.307808236194349,43.0,435.0
마포구,망원동,하늘온,2,고위험군,37.55691174,126.9041637,191532.0666,450824.9362,46.30199328,1.7817592035761791,45.16235547201343,2.6777847574640132,43.0,435.0
중구,충무로2가,"빅박 스테이(,Big Box Stay)",2,고위험군,37.55885343,126.9891979,199045.5715,451036.1788,35.200725,-3.8190600180297665,39.91533766950583,4.163872582020664,43.0,435.0
용산구,용산동2가,"해방촌, 당신의 쉼",2,고위험군,37.54027183,126.9851224,198685.1511,448973.8939,45.78832788,0.5326368753387811,47.07803242248068,4.406749103233007,43.0,435.0
용산구,서계동,"봄날, 하루",2,고위험군,37.54958774,126.9669416,197078.7331,450008.2566,41.31648526,1.018649762874567,42.600937855455065,4.4822940870037735,43.0,435.0
용산구,용산동2가,"Slow, HBC",2,고위험군,37.54281688,126.981472,198362.5867,449256.4207,44.63264553,0.6589892163747422,45.24785833935833,4.394712843397219,43.0,435.0
성동구,행당동,"다옴, 왕십리",2,고위험군,37.55834516,127.0327054,202889.7387,450980.2147,30.89077643,-9.911979245446634,42.755033858578855,4.204012686954555,43.0,435.0
마포구,상암동,"STAY, 쉼",2,고위험군,37.57212552,126.8938166,190619.7211,452514.4703,36.17985708,-3.460499705338975,41.493675405873255,3.3620067605837023,43.0,435.0
마포구,대흥동,"Lotus Stay, Mapo",2,고위험군,37.54349283,126.9416857,194846.5207,449332.8797,23.42742105,-15.741116367568601,41.56480689172091,5.160098267622747,43.0,435.0
마포구,연남동,"'Stay, C",2,고위험군,37.56263414,126.9236762,193256.6705,451458.4761,54.11923669,8.746553481770675,47.24277193887866,3.823504242003893,43.0,435.0
송파구,석촌동,"석촌애,꽃",2,고위험군,37.50336016,127.1036761,209167.1983,444882.1072,41.19551983,-0.5043561654139026,43.45738284556102,4.1232145842732955,43.0,435.0
