구,동,숙소명,cluster,cluster_label,위도,경도,x_5181,y_5181,최종위험점수_new,residual,coef_intercept,coef_단속위험도,bw_intercept,bw_단속위험도
종로구,종로2가,서울YMCA관광호텔,0,중위험군,37.56785597,126.9845017,198630.7961,452035.4128,22.91093724,-2.630514694675469,26.012440429067055,2.019729880567766,43.0,65.0
종로구,낙원동,목시 서울 인사동 호텔,0,중위험군,37.56954746,126.9885558,198988.9835,452223.0971,24.51774415,-4.102491819586881,26.651935681659396,1.6804314239314118,43.0,65.0
종로구,종로4가,진가,0,중위험군,37.56787973,126.9987935,199893.4096,452037.9377,32.43761249,2.8542031696649204,30.146999554499743,2.4168319394064794,43.0,65.0
종로구,숭인동,더온재,0,중위험군,37.57228397,127.0203905,201801.3004,452526.9518,22.83469509,-7.0575301133051696,30.333120597413437,2.0895506990509523,43.0,65.0
중구,남창동,케이팝 서울타워 호스텔,0,중위험군,37.55403706,126.9763763,197912.5692,450501.8264,16.99936585,-10.74932056297586,28.119859205942117,1.5916923443663835,43.0,65.0
종로구,종로2가,스테이울림,0,중위험군,37.56718514,126.9835802,198549.3773,451960.9723,24.04776165,-3.3044946907669157,26.050003508480255,2.52505564793422,43.0,65.0
종로구,충신동,온코리아 스테이,0,중위험군,37.57265524,127.0033667,200297.4115,452567.9683,39.79377633,8.613859472481465,31.184573886990314,0.049894593718029734,43.0,65.0
종로구,숭인동,엔조이스테이 호스텔,0,중위험군,37.57029351,127.0191229,201689.3601,452306.0103,21.14529386,-9.813790494849624,30.26928082728617,2.0927969119921057,43.0,65.0
종로구,권농동,스테이 종로 온당,0,중위험군,37.57416521,126.9904673,199157.9029,452735.5949,32.19474877,0.03300423805295338,29.01796650816768,1.755927921675989,43.0,65.0
종로구,관수동,THE EXTAY LOUNGE,0,중위험군,37.56665459,126.9885067,198984.6048,451902.0229,18.8161887,-7.111821744321134,26.05051496602927,1.6755678920847172,43.0,65.0
종로구,숭인동,서울앤호텔 동대문,0,중위험군,37.5705788,127.0200435,201770.6876,452337.6911,40.15268664,7.5978329967134215,30.409847788463246,2.038834717887524,43.0,65.0
종로구,와룡동,클래식 아파트먼트 익선,0,중위험군,37.57389547,126.9897488,199094.4271,452705.6636,31.16213307,1.6298032718411797,28.697889299229843,1.7705287120704725,43.0,65.0
종로구,숭인동,브릭 스테이 (BRIC STAY),0,중위험군,37.57248011,127.0197134,201741.4763,452548.7083,28.64444955,0.11062158768517705,30.095089562154207,2.1361136373167406,43.0,65.0
종로구,충신동,연경당,0,중위험군,37.57203715,127.0039527,200349.1823,452499.3695,30.80334323,-0.3164441711910939,31.145706399738916,0.11114788676324816,43.0,65.0
종로구,돈의동,더 메이 호텔,0,중위험군,37.56923344,126.9887906,199009.7162,452188.2421,16.14393547,-10.586473040943744,26.592620894636205,1.6557231637401078,43.0,65.0
종로구,익선동,엠제이호텔,0,중위험군,37.57227399,126.9880699,198946.0906,452525.7156,30.95267857,-0.551580284265377,27.457158770421138,1.763715870315274,43.0,65.0
종로구,익선동,킹스가든,0,중위험군,37.57179889,126.9889326,199022.3007,452472.9757,29.68497731,-1.2126610158472317,27.320031068422907,1.7232013905386059,43.0,65.0
종로구,관철동,수레지던스,0,중위험군,37.56655068,126.9841539,198600.0443,451890.546,25.97377645,0.9563108316573761,26.088503681399608,2.6526051044312835,43.0,65.0
종로구,창신동,동대문 서울달빛,0,중위험군,37.56916257,127.0137488,201214.6206,452180.4061,34.54718315,2.3738891858860143,28.289300591738087,2.704899083838554,43.0,65.0
종로구,연건동,브루클린,0,중위험군,37.57244418,127.0008332,200073.6066,452544.5381,36.98701582,5.341461248895332,31.647595305138033,-0.01046639588422249,43.0,65.0
종로구,숭인동,케이디 호스텔,0,중위험군,37.57044997,127.0186755,201649.8402,452323.3676,33.38826274,3.505746915830631,30.105586391958305,2.139142213945993,43.0,65.0
종로구,장사동,센추럴,0,중위험군,37.56604937,126.9921087,199302.819,451834.8177,38.31717841,5.917212689427927,29.65777492299022,1.263931415111488,43.0,65.0
종로구,창신동,VATICA HOTEL(바티카 호텔),0,중위험군,37.56737832,127.0147475,201302.8834,451982.3886,25.16109034,-0.027621583691409768,27.47492671230446,2.184686285402101,43.0,65.0
종로구,권농동,언플러그 안국,0,중위험군,37.57427525,126.9904528,199156.6242,452747.8082,34.38596742,2.1025133916433845,29.056448667464473,1.7569266494190838,43.0,65.0
종로구,낙원동,베스트웨스턴 종로(인사동),0,중위험군,37.5696394,126.9887561,199006.6737,452233.2992,24.1597545,-4.681996206473446,26.712720520551755,1.6664355952789616,43.0,65.0
종로구,숭인동,아이비씨호텔,0,중위험군,37.57050676,127.022065,201949.2705,452329.7355,39.68270504,8.832135190688096,30.553229478175005,1.911943656719457,43.0,65.0
종로구,익선동,ICON,0,중위험군,37.57209924,126.9881293,198951.3391,452506.3197,24.01764966,-7.569392072560621,27.31378519807464,1.7550853616528612,43.0,65.0
종로구,익선동,호텔 다다-인사,0,중위험군,37.57189895,126.9887524,199006.3786,452484.0831,28.99010129,-0.8122199256780256,27.34589534719376,1.7323585241788813,43.0,65.0
종로구,낙원동,종로크라운,0,중위험군,37.57131629,126.9874005,198886.9441,452419.4297,27.58183873,0.7355295357831722,26.608118844734165,1.7463410854571961,43.0,65.0
종로구,평창동,동화킴스관광호텔,0,중위험군,37.60669991,126.9743304,197733.3915,456346.8474,38.32306966,2.7017461189839054,36.90516312517706,1.147691080001069,43.0,65.0
종로구,당주동,포시즌스 호텔 서울,0,중위험군,37.56801651,126.9746335,197758.993,452053.4204,31.72027245,4.71200925980207,29.628330979847398,2.3747906043389193,43.0,65.0
종로구,와룡동,Hostel Tommy 호스텔 토미,0,중위험군,37.5716747,126.990417,199153.4252,452459.1776,32.68575111,1.791744968558909,28.094794350434817,1.6907688960371168,43.0,65.0
종로구,운니동,노블관광호텔,0,중위험군,37.57393452,126.9888707,199016.8561,452710.0065,33.81378816,0.3321744949755612,28.52618336487982,1.7845927337052498,43.0,65.0
종로구,와룡동,바운드 호스텔,0,중위험군,37.57338396,126.9895252,199074.671,452648.8941,29.84933743,1.1904000108769424,28.427912121812092,1.7598127250688385,43.0,65.0
종로구,익선동,호텔 이비스앰배서더 인사동,0,중위험군,37.57168791,126.9884302,198977.9106,452460.6635,30.06805753,-0.15720679261751158,26.96118167454815,1.7307725020772358,43.0,65.0
종로구,종로6가,(주) 동승 JW메리어트 동대문 스퀘어 서울,0,중위험군,37.56764454,127.0081243,200717.7489,452011.8647,34.13172046,2.752625009878944,28.86199738373601,1.90680625260388,43.0,65.0
종로구,인사동,도미인 익스프레스 서울 인사동,0,중위험군,37.56962018,126.9863919,198797.8158,452231.1937,40.74850581,8.095148571165247,26.378014386290296,1.752664746916871,43.0,65.0
종로구,효제동,더도아스테이,0,중위험군,37.57184081,127.0017557,200155.1023,452477.5722,24.44987108,-7.289714105123792,31.566733213547344,0.10177385008792461,43.0,65.0
성동구,성동,호텔 포코 성수,0,중위험군,37.54070199,127.0562547,204971.6457,449023.0195,43.2702304,9.34837010872858,34.39828066185994,-0.09984264896389217,43.0,65.0
중구,(광희동,소테츠호텔즈 더 스프라지르 서울 동대문,0,중위험군,37.5619628,127.0069577,200614.7245,451381.25,29.76813948,0.4720132963718662,29.695633659041125,-0.6070242645750884,43.0,65.0
중구,남창동,24게스트하우스 명동타운점,0,중위험군,37.55661038,126.9781102,198065.846,450787.3972,42.33502976,12.661168063548747,29.807038795562896,1.3809068550657033,43.0,65.0
중구,쌍림동,호텔 더 디자이너스 동대문,0,중위험군,37.56091185,127.004866,200429.9293,451264.5953,31.39745444,0.7193053782729386,30.734729174135175,0.17057391986449755,43.0,65.0
중구,명동,솔라리아 니시테츠 호텔 서울 명동,0,중위험군,37.55974994,126.9843743,198619.3878,451135.7407,27.40122378,-3.7827034229345777,27.827019125667775,3.1649787884321254,43.0,65.0
중구,명동,호텔 스카이파크 센트럴 명동점,0,중위험군,37.56189383,126.9844402,198625.2542,451373.6862,34.47167266,1.4073865221772834,27.717522464461013,3.6694992123290557,43.0,65.0
중구,을지로5가,에이큐브 호텔,0,중위험군,37.56347491,127.0012488,200110.3357,451549.0543,34.3849298,6.894257258642018,27.88995198661597,1.6647656293176936,43.0,65.0
중구,북창동,소테츠호텔즈 더 스프라지르 서울 명동,0,중위험군,37.55930346,126.9779712,198053.6387,451086.3,21.95857565,-3.760653188110016,28.918437499447542,3.327874134142989,43.0,65.0
중구,주교동,2U호스텔,0,중위험군,37.56586745,126.9974009,199770.3781,451814.6006,35.96093302,2.081396342040435,29.96622334959882,2.919282612844489,43.0,65.0
중구,충무로2가,호텔 스카이파크3,0,중위험군,37.55856041,126.9865871,198814.8843,451003.6867,35.85209991,7.378472782034223,28.751451354858865,2.268626730370945,43.0,65.0
중구,(남산동,자자백팩커스,0,중위험군,37.55605441,126.9856314,198730.397,450725.563,31.79717838,1.840311999664209,30.46227234451858,0.45180871818266244,43.0,65.0
중구,(남산동,오요6(OYO6),0,중위험군,37.55655506,126.98442,198623.3695,450781.1462,22.5027131,-8.37311368334339,30.143859127108154,0.5909313569293845,43.0,65.0
중구,을지로6가,케이스타호텔,0,중위험군,37.56374548,127.0058124,200513.5242,451579.0996,32.1453704,0.9666758924605112,31.210323245814926,0.13563284143933962,43.0,65.0
중구,주교동,엘림 호스텔,0,중위험군,37.56629135,127.0004515,200039.8861,451861.6455,25.4242058,-1.3263805756652545,29.210983765766755,2.541284592598186,43.0,65.0
중구,을지로3가,로스터블록,0,중위험군,37.56339033,126.9926879,199353.9731,451539.6914,32.72696791,2.1786113762873356,31.249992419317316,0.9530770423498374,43.0,65.0
중구,(광희동,STAY ON,0,중위험군,37.5618116,127.0067525,200596.5994,451364.4672,36.36215535,6.723997592143647,29.776264031821206,-0.5462737410596199,43.0,65.0
중구,을지로7가,라하 부티크 디디피,0,중위험군,37.56262124,127.0082658,200730.2962,451454.3384,23.15628176,-6.3720767634978515,29.066321909627597,-0.8836435062189345,43.0,65.0
중구,서소문동,정동스테이25(JEONGDONG STAY 25),0,중위험군,37.56106147,126.9745929,197755.1957,451281.4936,25.27582847,-5.194340389186099,28.523542775475416,3.359433513209628,43.0,65.0
중구,소공동,크라운파크 호텔 서울 명동,0,중위험군,37.56101578,126.9799895,198232.0034,451276.3074,29.1958747,-0.06819863518098401,27.124851434430145,3.737934188081893,43.0,65.0
중구,황학동,호스텔 소우재,0,중위험군,37.56418869,127.0203495,201797.8721,451628.4694,36.43836708,7.328420954516311,28.015767848540964,1.1129817983634664,43.0,65.0
중구,명동,유스테이호스텔(U-STAY HOSTEL),0,중위험군,37.56011013,126.9848633,198662.6016,451175.7104,32.39570051,0.751079571703702,27.973809677361523,3.2331197165424745,43.0,65.0
중구,을지로5가,나인트리 바이 파르나스 서울 동대문,0,중위험군,37.56386326,127.0021197,200187.2712,451592.158,29.13096002,0.3631904323304376,28.735068395994674,1.354115663899283,43.0,65.0
중구,주교동,zip 1972 hostel,0,중위험군,37.56535668,126.9974748,199776.9002,451757.911,35.13298823,3.8919566895348616,29.79049649796369,2.7288033604127975,43.0,65.0
중구,충무로3가,스테이모드,0,중위험군,37.55941767,126.9897586,199095.1133,451098.7972,22.80810164,-6.8266693253261685,28.723800535370852,0.9589318386414984,43.0,65.0
중구,을지로7가,스테이 쉼,0,중위험군,37.56263015,127.0080449,200710.7766,451455.3256,24.41990182,-5.306083343427048,29.24303215836716,-0.8123327767657884,43.0,65.0
중구,(남산동,더큐브 호텔,0,중위험군,37.55609169,126.9854119,198711.0046,450729.7036,29.89795809,-0.0758075707351118,30.441565662720816,0.43955340864369497,43.0,65.0
중구,(광희동,더 페이즈,0,중위험군,37.56088977,127.0077684,200686.3643,451262.1619,25.87779921,-3.747104251560767,29.325995223835868,-1.2818017987057122,43.0,65.0
중구,무학동,로밍 타이거,0,중위험군,37.56131454,127.0144614,201277.7058,451309.3763,22.3773573,-6.281259934270398,28.115741120619987,-1.9291716099139873,43.0,65.0
중구,황학동,유어모먼트,0,중위험군,37.56647742,127.0223181,201971.7344,451882.5311,29.05164303,1.3918566940845025,29.01619766473371,1.5100737991086377,43.0,65.0
중구,북창동,한 스위트 서울,0,중위험군,37.55960572,126.9768368,197953.4112,451119.8714,30.6122313,3.057702951211496,28.841650072423008,3.2793620536236574,43.0,65.0
중구,충무로4가,제이빌스,0,중위험군,37.55987697,126.9937168,199444.8474,451149.7433,28.94925022,-0.2383406203966132,29.051064655208314,0.5982212178497671,43.0,65.0
중구,주교동,먼슬리브 을지로 광장시장 호텔 스테이[Monthliv Euljiro Gwangjang Market Hotel Stay],0,중위험군,37.56590912,126.9983882,199857.6048,451819.2235,22.59554452,-6.275948607810271,29.55120796532939,2.914806590713064,43.0,65.0
중구,서소문동,THE VILLA 23,0,중위험군,37.56112681,126.97476,197769.9615,451288.7416,30.53976772,1.238008623251222,28.494562274896413,3.391407871715692,43.0,65.0
중구,황학동,FRGE (에프알지이),0,중위험군,37.56738069,127.020034,201769.9179,451982.738,28.47413329,1.4958527226165366,28.929795576770847,1.8024638817823733,43.0,65.0
중구,충무로2가,트래비스타 호스텔,0,중위험군,37.55986394,126.9889152,199020.6073,451148.3363,25.39347081,-1.5273226213527913,28.14554927827362,1.569415416369018,43.0,65.0
중구,명동,르메르디앙 서울 명동,0,중위험군,37.55896817,126.9819263,198403.0836,451049.0122,26.2215444,1.6382440920116643,25.91879508458924,2.875622824493342,43.0,65.0
중구,황학동,모먼트맨션,0,중위험군,37.56394721,127.0205806,201818.2983,451601.6724,29.39322227,0.6000088245120132,28.05177376108699,1.0434467665658804,43.0,65.0
중구,(만리동,유에이치 스위트 더 서울,0,중위험군,37.55355582,126.9673857,197118.1252,450448.6522,30.69696404,2.1265271807392487,29.097553740677785,1.4617118221525764,43.0,65.0
중구,남학동,홈즈레드 명동,0,중위험군,37.55807414,126.9905121,199161.6811,450949.6743,27.88206405,-1.147473716921052,29.13753474821845,0.46312114358386336,43.0,65.0
중구,(회현동,(주)조선호텔앤리조트 레스케이프,0,중위험군,37.55715446,126.9787036,198118.2962,450847.7716,28.39202443,-0.353154734991449,29.91430878197567,1.4169650830928726,43.0,65.0
중구,충무로2가,호텔롯데 엘세븐명동,0,중위험군,37.55861521,126.9861925,198780.0189,451009.7739,26.97788984,-1.6635997197121206,28.661023988720906,2.485222507158789,43.0,65.0
중구,을지로5가,라마다 바이 윈덤 서울 동대문 (RAMADA BY WYNDHAM SEOUL DONGDAEMUN),0,중위험군,37.56322588,127.0018245,200161.1926,451521.4158,24.5404592,-3.7156390780340516,28.424694967523877,1.3919355130863171,43.0,65.0
중구,(광희동,96번지,0,중위험군,37.56206664,127.0089649,200792.0687,451392.79,23.53454044,-4.976426327849417,28.56438752623201,-1.2612661058252883,43.0,65.0
중구,을지로5가,트레블로지 동대문 호텔,0,중위험군,37.563663,127.0010971,200096.9309,451569.9299,24.73112452,-2.6103109826950863,27.97105668819639,1.7444640746057383,43.0,65.0
중구,(필동,픽셀스테이 명동점,0,중위험군,37.55888617,126.9913853,199238.8373,451039.7925,28.63818624,-0.17176294277841464,29.1444463815431,0.45802676074293647,43.0,65.0
중구,명동,호텔스카이파크명동Ⅱ,0,중위험군,37.56217058,126.9842636,198609.6546,451404.4047,34.80159473,1.1275622078788743,27.729928482724894,3.694651309462354,43.0,65.0
중구,(명동,알로프트서울명동호텔,0,중위험군,37.55952462,126.9811368,198333.3355,451110.7853,17.42653706,-8.894763258803465,26.11117340223739,3.3671630741353953,43.0,65.0
중구,쌍림동,영빈호텔,0,중위험군,37.56030545,127.0047517,200419.8322,451197.2915,33.33498353,2.903136472847123,30.484684508117006,0.10098135568696875,43.0,65.0
중구,쌍림동,호텔더디자이너스 디디피,0,중위험군,37.56105995,127.0033124,200292.6582,451281.0267,24.63283303,-4.7423710207944545,29.55935843816399,0.7897053181487387,43.0,65.0
중구,북창동,호텔 토마스 명동,0,중위험군,37.56039746,126.9775753,198018.6798,451207.7293,27.35952845,2.031354945641347,28.39041380573071,3.57448076971465,43.0,65.0
중구,(남산동,호텔룩홈,0,중위험군,37.55558838,126.9850216,198676.5108,450673.8476,31.17777099,0.90247197469429,30.486422554394533,0.19252499080249402,43.0,65.0
중구,예장동,오리엔스 호텔 앤 레지던스,0,중위험군,37.55730627,126.9904925,199159.9336,450864.45,33.22216427,3.8634747880215734,29.30246906539489,0.19743635317560954,43.0,65.0
중구,충무로2가,이비스 스타일 앰배서더 서울 명동,0,중위험군,37.55893191,126.9885713,198990.2034,451044.8957,24.77247229,-4.499135304856171,28.453204753546203,1.5534215721826516,43.0,65.0
중구,충무로3가,홉인 서울 명동 (HOP INN SEOUL MYEONGDONG),0,중위험군,37.56058087,126.9920256,199295.4337,451227.8792,28.39292284,-0.9382179813359883,29.558764852622748,0.2162390766012968,43.0,65.0
중구,오장동,모닝스카이호텔,0,중위험군,37.5613481,126.9991104,199921.3976,451313.0031,31.89403129,0.7454642431261078,26.741702065435707,1.8780773857493178,43.0,65.0
중구,예장동,하센영인호텔,0,중위험군,37.55378191,126.9924151,199329.785,450473.2726,30.41615646,-0.019501869766497038,30.35598457756715,-0.07122451732874936,43.0,65.0
중구,남대문로5가,호텔마누,0,중위험군,37.55439108,126.9741021,197711.6305,450541.1714,38.22066044,2.6651525687293116,28.286680282261123,1.6622269054827146,43.0,65.0
중구,명동,나인트리 바이 파르나스 서울 명동Ⅰ,0,중위험군,37.55883796,126.9852377,198695.6585,451034.5094,33.18618211,4.821531700856042,28.368953117491483,2.772338957813923,43.0,65.0
중구,명동,더 그랜드호텔 명동,0,중위험군,37.55890463,126.986388,198797.299,451041.8936,30.20916083,2.0395639231533806,28.499047252289092,2.6901896510571714,43.0,65.0
중구,북창동,클라벤 호텔 명동 시티홀,0,중위험군,37.56046238,126.977322,197996.3031,451214.94,23.11147021,-4.006743401636264,28.408627445179206,3.555861901652255,43.0,65.0
중구,(남산동,퍼시픽호텔,0,중위험군,37.556976,126.9846542,198644.069,450827.8622,31.61153998,1.4237888155265033,29.962365234868773,0.8019593504264702,43.0,65.0
중구,태평로2가,플라자호텔,0,중위험군,37.56192055,126.9771259,197979.0216,451376.7839,39.03803173,-1.665654385448157,27.89706645200937,3.737138899377633,43.0,65.0
중구,(장충동,호텔신라,0,중위험군,37.55399997,127.0052469,200463.6251,450497.4605,43.22447024,5.084079488865569,30.73757970917304,1.933588396628698,43.0,65.0
중구,북창동,서울호텔신신,0,중위험군,37.55958613,126.9779037,198047.6741,451117.6744,20.72454379,-4.368937973101556,28.751420074197114,3.4287788850625702,43.0,65.0
중구,오장동,스카이파크호텔 동대문1호점,0,중위험군,37.56144741,127.0012903,200114.0,451324.0258,24.89395184,-2.595462351894202,27.746199898155147,1.4714398681787841,43.0,65.0
중구,예관동,뉴 블랑 센트럴 명동,0,중위험군,37.56140326,126.9978745,199812.2048,451319.127,31.78995525,5.457951483942281,26.51077811619462,1.8130345907061889,43.0,65.0
중구,오장동,베이튼호텔,0,중위험군,37.56253058,127.001946,200171.9359,451444.2459,24.93737925,-2.44165629427064,28.44107045151587,1.2575202633843137,43.0,65.0
중구,(광희동,맹그로브 동대문,0,중위험군,37.56137967,127.0079357,200701.1421,451316.5363,31.92199628,1.838022975615612,29.24857111242729,-1.2247977130009058,43.0,65.0
중구,을지로1가,프레지던트호텔,0,중위험군,37.56288054,126.9786463,198113.3706,451483.2999,42.77342793,4.130596412805296,27.337129278818775,3.817686740395031,43.0,65.0
중구,(남산동,서울프린스호텔,0,중위험군,37.55792308,126.9854887,198717.8246,450932.9651,34.54731476,5.755496768337732,29.071860103309152,1.5659888653717742,43.0,65.0
중구,소공동,(주)조선호텔앤리조트,0,중위험군,37.56168836,126.9793119,198172.1507,451350.9688,41.10594286,6.374774927561724,27.33588568326146,3.823464539985687,43.0,65.0
중구,(광희동,토요코인 서울 동대문 Ⅱ,0,중위험군,37.56177049,127.0070799,200625.5246,451359.9066,31.80221544,2.3535315153832066,29.618357855870176,-0.6933827769830021,43.0,65.0
중구,명동,호텔베르,0,중위험군,37.56182034,126.9823578,198441.2703,451365.5621,28.74690939,-7.404550755035679,27.116254102101784,3.850392806300526,43.0,65.0
중구,명동,호스텔아라,0,중위험군,37.56201257,126.9837489,198564.1794,451386.8752,27.77990965,2.4666859472812703,27.533671954323164,3.7541876723246714,43.0,65.0
중구,명동,블루닷 포쉬텔,0,중위험군,37.56041505,126.9850463,198678.7741,451209.5503,31.17914216,-0.9089660932091483,27.985740127722643,3.3750843688619336,43.0,65.0
용산구,서계동,mingle stay,0,중위험군,37.5517128,126.9665819,197047.0252,450244.124,34.0789909,6.317753827984333,29.056168585506562,1.527940241927477,43.0,65.0
용산구,한남동,임피리얼팰리스 부티크호텔(Imperial Palace Boutique Hotel),0,중위험군,37.53258975,126.99761,199788.756,448121.176,42.11096905,11.437633457686278,30.942885226904643,-0.5021279527537468,43.0,65.0
용산구,이태원동,누베르 서울호텔,0,중위험군,37.5315035,126.9955084,199602.9987,448000.6224,28.33787101,-1.4118743231559918,30.787337593802757,-0.526563531709977,43.0,65.0
성동구,도선동,밸류플레이스 호스텔 왕십리역점,0,중위험군,37.55948579,127.0341137,203014.1263,451106.8554,34.19609515,5.1946123607038,29.620988851702307,0.8928567836192683,43.0,65.0
성동구,도선동,아모렉스 관광호텔,0,중위험군,37.56086358,127.03451,203049.0853,451259.7865,33.2242042,2.088980554567172,29.601580553420263,0.9199322301289055,43.0,65.0
성동구,용답동,새턴호텔(SATURN HOTEL),0,중위험군,37.55868812,127.0600527,205306.029,451019.4715,37.03372228,4.36485049383554,32.66234386914134,-0.0058356450687869765,43.0,65.0
성동구,용답동,호텔 27,0,중위험군,37.55865215,127.0598598,205288.9876,451015.4684,32.73603114,0.08760502567439232,32.64336683281198,-0.004522755285039537,43.0,65.0
성동구,하왕십리동,케이그랜드 호스텔(K-Grand Hostel),0,중위험군,37.5602666,127.0312009,202756.7328,451193.4266,33.30381168,2.8512987167238286,29.602134105062095,0.9072771365468024,43.0,65.0
마포구,서교동,크리에이터타운 서교,0,중위험군,37.55351459,126.9160245,192579.7275,450446.8906,30.08826668,-1.922291017429739,30.844076111345462,2.385354981445375,43.0,65.0
마포구,서교동,코스모하버 홍대,0,중위험군,37.54951825,126.9176306,192721.2611,450003.2191,33.63470693,2.9154200235292826,30.700672622632773,1.8839858655577466,43.0,65.0
마포구,동교동,스테이히어어게인,0,중위험군,37.55360436,126.9211402,193031.771,450456.4624,35.42610033,3.3536251947991715,31.24538801742289,3.8832382595409327,43.0,65.0
마포구,노고산동,신촌스테이,0,중위험군,37.55176055,126.9346367,194224.211,450250.9067,23.780588,-2.5889261688215512,26.191492157636908,3.4332455519672633,43.0,65.0
마포구,동교동,머큐어 앰배서더 서울 홍대,0,중위험군,37.55257178,126.9216151,193073.6448,450341.8233,17.65556761,-12.943670197587608,31.440627338658864,3.580849977183226,43.0,65.0
마포구,서교동,호텔 더 디자이너스 홍대,0,중위험군,37.54915395,126.9167915,192647.0757,449962.8514,29.72396808,-3.1511974517339496,30.493426815101643,1.8093704249466578,43.0,65.0
마포구,동교동,필로소퍼,0,중위험군,37.55675094,126.9227385,193173.2918,450805.5781,30.32777709,-3.1814111333202,31.74591019075035,2.2478406904046926,43.0,65.0
마포구,서교동,더휴식 아늑 홍대점,0,중위험군,37.55279782,126.9195743,192893.3333,450367.0634,33.80585894,-0.09958560872346567,30.979467381220154,3.5447767529592076,43.0,65.0
마포구,도화동,신라스테이 마포,0,중위험군,37.54012376,126.9489118,195484.9196,448958.5824,25.67962444,-1.9553598801781646,27.782071455032167,-0.9337622312747909,43.0,65.0
마포구,서교동,아만티 호텔 서울,0,중위험군,37.55444695,126.9178026,192736.935,450550.2325,38.64463866,3.927805618671904,31.595513660116254,3.7943934985465466,43.0,65.0
마포구,도화동,(주)서울가든,0,중위험군,37.53794493,126.9475734,195366.5049,448716.824,30.4293613,2.4369800646569573,28.096928610456196,-1.14774409076791,43.0,65.0
마포구,상암동,스탠포드호텔코리아(주) 스탠포드호텔서울,0,중위험군,37.57957611,126.8858794,189919.5504,453342.2222,31.63721971,3.3297534428609303,27.901269612324008,-0.7401930092724314,43.0,65.0
마포구,노고산동,에이치에비뉴 호텔 이대점,0,중위험군,37.55348987,126.9417868,194856.1485,450442.4253,35.16767902,8.679832582915644,29.335507015799156,2.7810223238151126,43.0,65.0
마포구,도화동,글래드호텔 마포,0,중위험군,37.54026211,126.9504014,195616.5811,448973.8671,26.97711839,-1.456769295346053,27.636956558884684,-0.742996739594192,43.0,65.0
마포구,동교동,(주)호텔롯데 L7홍대,0,중위험군,37.55297852,126.9208479,193005.8833,450387.0234,36.32188451,1.9749288969824192,31.157246039539793,3.697064294131658,43.0,65.0
마포구,서교동,라이즈호텔,0,중위험군,37.55168271,126.9204652,192971.9478,450243.2325,27.29356649,-4.855738659230813,31.09906587386056,3.2317819154724834,43.0,65.0
마포구,동교동,나비호스텔,0,중위험군,37.55523533,126.9239408,193279.3864,450637.2768,34.73494169,2.4714590155376257,31.54712524889424,2.425427229573265,43.0,65.0
마포구,노고산동,골든(Golden) 신촌홍대점,0,중위험군,37.55117099,126.9357304,194320.8157,450185.406,33.443555,6.599814215364148,25.98561282953937,3.1987576120717636,43.0,65.0
마포구,노고산동,로프트13,0,중위험군,37.55111367,126.9346517,194225.4901,450179.1099,19.25125044,-3.7806603464018806,25.96100656506754,3.432317415194051,43.0,65.0
마포구,서교동,더 센트럴 홍대,0,중위험군,37.55152908,126.9200747,192937.4261,450226.2107,34.29916261,3.319276140970775,30.974126558190147,3.1057139401316416,43.0,65.0
마포구,서교동,슬로우온 호스텔,0,중위험군,37.55107515,126.9194317,192880.5635,450175.8784,30.18961702,1.6431231356959408,30.839437926262015,2.8465888877637453,43.0,65.0
마포구,노고산동,스테이플랜비,0,중위험군,37.55166088,126.9344668,194209.1902,450239.855,26.06912535,3.152030985403595,26.16461564950418,3.4702062377941334,43.0,65.0
마포구,동교동,비아르떼,0,중위험군,37.5547471,126.9275666,193599.7223,450582.836,25.61775498,-2.9276923959095633,31.25686734350613,3.4011706992400823,43.0,65.0
마포구,마포동,호텔 나루,0,중위험군,37.53446736,126.9434599,195002.7162,448331.067,33.6792989,3.279362092245769,28.678597088562285,-1.5387952402630112,43.0,65.0
마포구,서교동,보보호텔,0,중위험군,37.54956944,126.9174166,192702.3582,450008.9171,35.23783147,4.7862336943261,30.614920070287663,1.8763042857774326,43.0,65.0
강서구,화곡동,칼튼 관광호텔,0,중위험군,37.55178535,126.8516704,186892.947,450261.9917,37.85768362,7.582432420399712,29.783975156687937,0.6603247079222705,43.0,65.0
강서구,외발산동,티제이 관광호텔,0,중위험군,37.54519551,126.8192793,184029.3198,449535.6072,34.89945843,2.7087229308531064,32.54888253596593,0.3350256691545746,43.0,65.0
강서구,외발산동,호텔 디아망,0,중위험군,37.54576712,126.8185255,183962.829,449599.1774,29.14008249,-3.2799215118108798,32.572187475349274,0.17982369777274576,43.0,65.0
강서구,화곡동,필호스텔,0,중위험군,37.54473336,126.8456348,186358.3323,449480.1637,30.10659669,0.7017315238676396,29.286460969340318,0.21396314804950003,43.0,65.0
강서구,공항동,로얄스퀘어호텔,0,중위험군,37.55789598,126.8095356,183171.1013,450946.9088,33.03617273,0.6541871685183054,32.48258110326205,-1.5329594362451853,43.0,65.0
강서구,외발산동,시선호텔,0,중위험군,37.54582791,126.8188712,183993.393,449605.8654,33.69948901,1.3501396796919138,32.556825011900195,0.21945312714635334,43.0,65.0
영등포구,신길동,STOWER HOSTEL,0,중위험군,37.50278227,126.907842,191851.1929,444816.9092,25.97991148,-2.7571756576785624,29.08917672222724,0.33075817569177673,43.0,65.0
영등포구,(당산동,이도,0,중위험군,37.5243381,126.8972352,190915.9223,447210.3047,31.35350458,-0.2891186423045724,31.177519056477202,0.4678426447696032,43.0,65.0
영등포구,(양평동,CENTRAL TOWER,0,중위험군,37.52433768,126.8851853,189850.7517,447211.49,34.60617771,3.179636551564318,31.41259023323594,0.7095352046876009,43.0,65.0
영등포구,(양평동,서울H,0,중위험군,37.52384689,126.8841451,189758.736,447157.1311,30.53023606,-1.5001346061947132,31.411169161450996,0.7040490058468967,43.0,65.0
영등포구,(양평동,상상그린 G. HOUSE,0,중위험군,37.52407157,126.8847732,189814.2907,447181.9996,37.86889241,5.189554864429972,31.409440983659383,0.70567284397276,43.0,65.0
영등포구,(영등포동,호스텔 오닛,0,중위험군,37.51565734,126.9086677,191925.583,446245.8067,35.28739123,2.9790486535551466,31.518877389509647,-1.09752928901649,43.0,65.0
영등포구,도림동,스프링 플라워,0,중위험군,37.50714354,126.8948768,190705.3221,445302.1559,38.94509743,6.589721178076111,32.48434957545136,-0.17675249701317225,43.0,65.0
영등포구,(영등포동,호텔 바모스,0,중위험군,37.51723716,126.9079016,191858.0269,446421.2128,29.96174865,-0.842833479400543,31.277622701303244,-1.0414951930579317,43.0,65.0
영등포구,(양평동,가예2,0,중위험군,37.52399149,126.8843187,189774.0998,447173.1611,31.91296659,-0.6203077094194036,31.412681699380318,0.7065311524263838,43.0,65.0
영등포구,(영등포동,브이아이피(VIP),0,중위험군,37.51482896,126.9126511,192277.6572,446153.5325,28.01897779,-3.386846894540515,31.48991175938991,-1.1903909215323107,43.0,65.0
영등포구,(영등포동,호텔 지엠에스[HOTEL GMS],0,중위험군,37.51474767,126.9082193,191885.8455,446144.8834,33.73404899,3.0166173229956605,31.66690878949514,-1.208513757678353,43.0,65.0
영등포구,신길동,셀립 여의,0,중위험군,37.51114742,126.9208391,193001.2024,445744.2878,21.83600288,-7.411690297523641,29.090038901915353,-0.23918093650970784,43.0,65.0
영등포구,(영등포동,여울,0,중위험군,37.51767895,126.9077799,191847.3161,446470.2564,28.98679049,-0.8135663573574128,31.210178281962058,-1.0884743995270727,43.0,65.0
영등포구,(양평동,호텔AROZO 2,0,중위험군,37.52363735,126.8832634,189680.7699,447133.9712,23.86883375,-7.7999787285120235,31.430464580654778,0.704034406642348,43.0,65.0
영등포구,(영등포동,JARDIN HOTEL,0,중위험군,37.51642308,126.9038914,191503.4141,446331.2147,20.53278094,-9.178489084920542,30.5578141745657,-0.8964173470474408,43.0,65.0
영등포구,(양평동,노바루스관광호텔,0,중위험군,37.51890902,126.889922,190268.7539,446608.4761,30.81203895,-0.07718480404413341,31.03749643534655,0.37385577251456836,43.0,65.0
영등포구,(양평동,호텔 브릿지,0,중위험군,37.52105664,126.881811,189552.0222,446847.7049,38.90136509,7.278977687700699,31.424086873600128,0.6260549603999312,43.0,65.0
영등포구,여의도동,메리어트 이그제큐티브 아파트먼트 서울,0,중위험군,37.51842714,126.917869,192739.3143,446552.4696,36.01783872,4.329184650583464,30.78570006154154,-0.8818239336697975,43.0,65.0
영등포구,(영등포동,코트야드 바이 메리어트 서울 타임스퀘어,0,중위험군,37.51432572,126.9025553,191385.0571,446098.5558,28.40025683,-3.0992935340519097,30.57176742535613,-1.0580401446203145,43.0,65.0
영등포구,당산동,호텔 아벤트리 여의도,0,중위험군,37.52358074,126.9083096,191894.7851,447125.2354,32.34087669,0.6581940027804833,31.333084353115858,-0.4105873772790989,43.0,65.0
영등포구,(양평동,호텔AROZO,0,중위험군,37.5235963,126.8831496,189670.6984,447129.4276,24.51897661,-7.149904024827389,31.430656504256437,0.7036688215931348,43.0,65.0
영등포구,선유동,로프트 관광호텔(HOTEL LOFT),0,중위험군,37.53191873,126.8979658,190981.423,448051.5904,35.34773595,0.7043761431024578,32.17152818402087,1.0718478891164391,43.0,65.0
영등포구,(영등포동,베니키아 호텔 카카오,0,중위험군,37.51472287,126.9110949,192140.0736,446141.8868,28.95452415,-3.691087986683012,31.704553996844496,-1.2237333123906189,43.0,65.0
서초구,잠원동,더리버사이드호텔,0,중위험군,37.515894,127.0173118,201530.4755,446268.2946,31.55622745,-3.2117234938980133,34.921584206748435,0.9907066498971658,43.0,65.0
서초구,서초동,호텔 소설(小雪),0,중위험군,37.48359668,127.0130141,201151.0293,442683.6497,38.51461039,3.7459164007160695,30.486837349647963,2.4399739260916267,43.0,65.0
서초구,서초동,프로비스타 가족호텔,0,중위험군,37.49206508,127.0178397,201577.653,443623.6003,28.14891849,1.2679496197018345,27.19109965756127,1.214245793457387,43.0,65.0
서초구,신원동,오라카이 청계산 호텔,0,중위험군,37.44654849,127.0539502,204773.9655,438573.0923,40.37749379,10.314072827272785,30.384108562114704,0.28667934983832677,43.0,65.0
강남구,논현동,힐탑관광호텔,0,중위험군,37.50882475,127.03024,202673.6699,445483.9867,39.60751978,4.2559100921936945,35.226673705716735,1.1915186192405969,43.0,65.0
강남구,논현동,보코 서울 강남,0,중위험군,37.51492269,127.023849,202108.4343,446160.6179,33.97923445,-0.029390320115844304,34.68532562274021,1.1464894548383926,43.0,65.0
강남구,역삼동,루프서울 역삼2호점,0,중위험군,37.49474909,127.0341415,203019.1923,443921.8883,29.7272082,2.1196293099086567,27.587588858332445,0.037791453883472825,43.0,65.0
강남구,역삼동,루프서울 역삼1호점,0,중위험군,37.48992036,127.0388115,203432.3837,443386.1226,25.60260463,-0.8578895768472456,28.24036472399333,1.6811237698098669,43.0,65.0
강남구,대치동,호스텔 메가 대치점,0,중위험군,37.50207093,127.0518263,204582.6337,444735.2317,36.8660938,2.977889532562365,33.928944533269444,-1.3155679616460847,43.0,65.0
강남구,논현동,레이지타이거 HOSTEL,0,중위험군,37.50267639,127.0237274,202098.0266,444801.4326,34.54146942,-3.211992494918057,34.61665834876545,0.9727631802001683,43.0,65.0
강남구,역삼동,마티네차움호텔,0,중위험군,37.50365264,127.031022,202743.0023,444909.9714,34.48443497,0.9005290558297574,34.36906529134147,0.821518846076417,43.0,65.0
강남구,논현동,에스티르 신사,0,중위험군,37.51182968,127.019801,201750.6351,445817.2501,28.49785475,-7.061742323639752,35.028546823817564,0.9732263986302997,43.0,65.0
강남구,대치동,온스테이 호스텔,0,중위험군,37.50089697,127.0543272,204803.8486,444605.062,31.55167251,-2.5321950083781637,33.79126290036305,-1.141114140404621,43.0,65.0
강남구,청담동,알로프트 서울 강남 호텔,0,중위험군,37.52099695,127.0548673,204850.3032,446835.9313,35.19945793,0.82680626473784,34.05626291570599,-1.5938111782124682,43.0,65.0
강남구,개포동,호텔 데님(Hotel Denim),0,중위험군,37.47343891,127.0458257,204053.5964,441557.1797,26.08175407,-3.468909143374841,27.35426546723965,1.8347955902395041,43.0,65.0
강남구,역삼동,더제리스플래닛 호텔,0,중위험군,37.49629138,127.0277253,202451.7432,444092.876,24.26613035,-2.899990402199858,26.997180398753997,-0.25878202864102623,43.0,65.0
강남구,논현동,호텔 카푸치노,0,중위험군,37.50413055,127.0306921,202713.8105,444963.0037,36.46965832,1.9285872554470558,34.64854252123134,0.9262532003886074,43.0,65.0
강남구,대치동,스텔라 호스텔,0,중위험군,37.50252903,127.0533706,204719.1591,444786.1512,36.69631726,4.43496480986277,33.82306146261392,-1.3367740536455077,43.0,65.0
강남구,논현동,K-그랜드 호스텔 강남 1,0,중위험군,37.50279344,127.0244422,202161.2354,444814.4398,45.84404247,9.281508056765169,34.73174594160484,0.9985896663530677,43.0,65.0
강남구,역삼동,강남 스테이 호텔,0,중위험군,37.49665412,127.0346535,203064.3852,444133.3384,31.53653296,2.853138873457901,28.694624497958117,-0.03991741916125213,43.0,65.0
강남구,역삼동,호텔 소울하다,0,중위험군,37.49598034,127.0316706,202800.6344,444058.4646,40.13195857,12.31908992619961,27.081035747203067,-0.6848987193095295,43.0,65.0
강남구,역삼동,카파쓰 호텔,0,중위험군,37.49878976,127.0403343,203566.6343,444370.5668,29.77237531,4.13200675526037,26.54876305543323,1.5208845592411198,43.0,65.0
강남구,역삼동,도미인 서울 강남,0,중위험군,37.50286218,127.0286797,202535.9193,444822.1748,32.6025377,-1.1076440583018936,34.66871092337556,0.9935324610632197,43.0,65.0
강남구,청담동,호텔 엔트라,0,중위험군,37.52128529,127.0476972,204216.4496,446867.5879,37.36210455,3.0212905905603975,34.00498465111573,-1.6443978638075916,43.0,65.0
강남구,삼성동,(주)호텔롯데 L7 강남,0,중위험군,37.50295115,127.0507608,204488.3654,444832.8734,43.23508487,10.5968811778433,33.86446999669414,-1.4638528751884063,43.0,65.0
강남구,대치동,호텔 글래드 강남 코엑스센터,0,중위험군,37.50609983,127.0637467,205636.3676,445183.0349,29.1464956,-3.53689292877786,32.01511490204292,-1.0132118913662307,43.0,65.0
강남구,역삼동,오월호텔,0,중위험군,37.49785311,127.040296,203563.2973,444266.6093,28.83946938,2.9710945529015262,26.684450426538948,1.789973615163868,43.0,65.0
강남구,신사동,포포인츠바이쉐라톤서울강남,0,중위험군,37.51750365,127.0276891,202447.8485,446447.1648,31.91825089,-1.343932846072601,33.921209000228416,1.2227731356017504,43.0,65.0
강남구,역삼동,호텔 세느,0,중위험군,37.50119369,127.0343056,203033.4353,444637.1605,25.86903234,-3.43549983907457,29.361989139088298,0.12436239854609821,43.0,65.0
강남구,역삼동,호텔 그라모스 서울 강남,0,중위험군,37.4998015,127.0390821,203455.8604,444482.8101,17.44683117,-8.804340692005113,26.710716289538638,1.3097547483293288,43.0,65.0
강남구,역삼동,호텔 컬리넌 역삼,0,중위험군,37.49863731,127.0412958,203651.6694,444353.6837,21.40348873,-3.795525283668294,26.558173260017732,1.708930859165405,43.0,65.0
강남구,신사동,호텔 안테룸 서울,0,중위험군,37.51609982,127.0244298,202159.7494,446291.2776,39.59775162,4.9756619417664965,34.538135641523795,1.1807929204260175,43.0,65.0
강남구,역삼동,파크뷰 강남 호스텔,0,중위험군,37.4946957,127.0298376,202638.5861,443915.8334,24.7462015,-1.6585355144787464,26.51530025795575,-0.5327774451463339,43.0,65.0
강남구,역삼동,(주)조선호텔앤리조트 조선팰리스강남,0,중위험군,37.50046096,127.0407019,203599.0624,444556.0623,24.50786854,-2.588611530475969,26.785854850189306,0.88465435552955,43.0,65.0
강남구,삼성동,그랜드인터컨티넨탈 서울 파르나스,0,중위험군,37.50629703,127.0601027,205314.1601,445204.7096,31.50809005,-0.4859155462842004,32.63917007997303,-1.3255214020438226,43.0,65.0
강남구,대치동,파크하얏트서울,0,중위험군,37.50581599,127.0633566,205601.9039,445151.509,33.00851814,1.1553723995116378,32.25494858137408,-1.0358825870740926,43.0,65.0
강남구,논현동,베스트웨스턴 프리미어 강남호텔,0,중위험군,37.50361313,127.0290049,202564.6485,444905.5294,40.89574264,6.566863367106443,34.837758844699806,1.029941862519409,43.0,65.0
강남구,역삼동,AC 호텔 바이 메리어트 서울 강남,0,중위험군,37.4985048,127.0346662,203065.4388,444338.7402,29.94723904,1.3333389406270015,28.54326369039685,0.3132586600664513,43.0,65.0
강남구,청담동,호텔리베라서울,0,중위험군,37.52114314,127.0533341,204714.758,446852.0786,38.90758418,2.923830847529068,34.13223258332516,-1.655170844120869,43.0,65.0
강남구,역삼동,삼정관광호텔,0,중위험군,37.50308327,127.0305267,202699.226,444846.7643,31.66116967,-2.458211016424471,34.286020793621205,0.8419659719886762,43.0,65.0
강남구,신사동,선샤인 관광호텔,0,중위험군,37.51778993,127.0279571,202471.5359,446478.9453,29.50407532,-3.7932321805363074,33.85575158979591,1.2112586880743894,43.0,65.0
강남구,논현동,그랜드머큐어 임피리얼팰리스서울,0,중위험군,37.51123509,127.0350865,203102.0754,445751.6524,33.22071114,-0.005178771063505394,33.58502478304313,0.4791227826422352,43.0,65.0
강남구,논현동,엘리에나호텔,0,중위험군,37.50816269,127.0301988,202670.0534,445410.5053,38.83704351,3.718037879116544,35.33168122981568,1.1763315493366715,43.0,65.0
강남구,역삼동,노보텔 앰배서더 강남,0,중위험군,37.50255272,127.0280777,202482.7012,444787.8127,37.23179798,3.1740611031223196,34.6314611105704,0.9942244154623021,43.0,65.0
강남구,청담동,라비타 호텔,0,중위험군,37.51868782,127.056156,204964.3781,446579.7142,27.19213669,-7.401670894283608,33.50092741487775,-1.7616716072790708,43.0,65.0
강남구,삼성동,호텔 오크우드 프리미어,0,중위험군,37.50977042,127.0580292,205130.592,445590.0963,27.38184597,-4.658429636436068,32.099550784773164,-1.57732788240145,43.0,65.0
강남구,논현동,파티오7,0,중위험군,37.5150573,127.0284664,202516.6468,446175.6714,31.50182947,-1.980300942627533,33.84469290069118,1.2596253956464474,43.0,65.0
강남구,삼성동,GOYOO INN & CABINS,0,중위험군,37.50419718,127.0524145,204634.5197,444971.2468,36.76220215,3.925125954222551,33.76171056906428,-1.546536104363254,43.0,65.0
강남구,논현동,화이트린넨하우스 호스텔,0,중위험군,37.5149934,127.024507,202166.6099,446168.4808,38.49328834,4.547097594695863,34.6104303896137,1.174580072959765,43.0,65.0
강남구,논현동,에이든 청담호텔,0,중위험군,37.51726775,127.029692,202624.9218,446421.0369,30.29186957,-2.4277813564140764,33.332876915479254,1.2033081319268588,43.0,65.0
강남구,논현동,아난티 앳 강남,0,중위험군,37.51484148,127.0287963,202545.8207,446151.727,24.92574744,-7.7972297973804,33.76137754664038,1.2704865276532349,43.0,65.0
송파구,잠실동,호텔 더 캐슬(신천),0,중위험군,37.50834852,127.081019,207163.3431,445433.7854,29.93664403,-3.345431265102082,33.27211207824004,0.01914209225289723,43.0,65.0
송파구,방이동,오로시에 관광호텔,0,중위험군,37.51300989,127.1083729,209581.2569,445953.572,30.1785529,-7.393263634365148,38.245527948060825,1.9183532505064067,43.0,65.0
송파구,방이동,호텔 더 캐슬(방이1),0,중위험군,37.5127031,127.108287,209573.7017,445919.5135,40.93217729,2.284618843101711,38.24285490057146,1.8916205536691812,43.0,65.0
송파구,방이동,호텔베네 롯데타워점,0,중위험군,37.51311401,127.1093124,209664.3057,445965.2241,42.12998694,3.93487308185982,38.13092184691827,1.9494994970914528,43.0,65.0
송파구,잠실동,포레스타,0,중위험군,37.50822063,127.0805945,207125.8211,445419.559,35.49708343,2.229424405317232,33.26563933702197,0.004481878096093628,43.0,65.0
송파구,신천동,소피텔 앰배서더 서울 호텔 앤 서비스드 레지던스(가족호텔),0,중위험군,37.51113193,127.1056086,209337.1049,445744.8644,35.96290059,-0.8582387390580095,38.60110530340741,1.66015008218189,43.0,65.0
송파구,송파동,아이앤유스테이,0,중위험군,37.50566174,127.1056928,209345.2285,445137.7514,43.52641296,9.695328466923833,33.30238429546772,1.1416155574090536,43.0,65.0
송파구,방이동,호텔 더 캐슬(방이2),0,중위험군,37.51259727,127.108332,209577.699,445907.7723,34.93503774,-4.170824409529104,38.23407547190407,1.883962342400904,43.0,65.0
송파구,삼전동,호텔인피니,0,중위험군,37.49945303,127.0952905,208426.169,444447.6824,40.61211174,7.593741247265314,33.01091582911709,0.4423443667201142,43.0,65.0
송파구,삼전동,24게스트하우스(서울 잠실점),0,중위험군,37.50055228,127.0886156,207835.8204,444569.1083,38.82315171,6.981657522315526,31.896757927906048,0.12034598551880933,43.0,65.0
송파구,방이동,주식회사 딜라이트 호텔,0,중위험군,37.51263713,127.1085302,209595.2133,445912.2164,43.94211689,5.524521226586899,38.215015659741944,1.8932526937362122,43.0,65.0
송파구,방이동,HOTEL RAUM(라움),0,중위험군,37.51299912,127.113064,209996.0001,445952.8647,32.02002434,-5.6277270681096,37.595160819853035,2.080469063554409,43.0,65.0
송파구,석촌동,CORNER HOTEL,0,중위험군,37.49888583,127.1089673,209635.6222,444386.0428,35.71596757,3.5985839007847105,31.864565708018613,-0.22600714490284687,43.0,65.0
송파구,잠실동,잠실스테이,0,중위험군,37.50218253,127.0872459,207714.5346,444749.9318,33.08949577,1.664325793788084,31.647783578179794,0.2587229522818904,43.0,65.0
송파구,석촌동,레이크호텔,0,중위험군,37.50411392,127.1001083,208851.6399,444965.4234,35.16660258,3.0782463738910266,32.111320992519275,1.6799082326698946,43.0,65.0
송파구,잠실동,(주)파로스 관광호텔,0,중위험군,37.50833724,127.0803708,207106.0323,445432.4843,30.22672536,-3.046609889958983,33.270923306714835,0.004375249725323993,43.0,65.0
송파구,석촌동,로사나부띠끄 관광호텔,0,중위험군,37.5032461,127.0967501,208554.7995,444868.7959,34.89814861,1.2132300036114927,31.700593003215243,1.7000353587302046,43.0,65.0
마포구,노고산동,K-그랜드 호스텔 신촌,0,중위험군,37.5514831,126.9334278,194117.3655,450220.1881,25.68303528,-2.3033842805433444,26.637155126700357,3.7055491069198387,43.0,65.0
종로구,관철동,벨린스테이,0,중위험군,37.56692536,126.984109,198596.089,451932.1318,28.53647272,3.305764011630991,26.038300515551438,2.48387679499072,43.0,65.0
강남구,논현동,루프서울 논현점,0,중위험군,37.50544211,127.0302124,202671.3528,445108.5562,32.39920886,-3.8267729278923497,35.1274906729806,1.0366947256453856,43.0,65.0
성동구,도선동,서온재 Seo on jae,0,중위험군,37.56031193,127.0332944,202941.7008,451198.5212,25.51382634,-3.9560688109806037,29.605715884745777,0.9165279786982469,43.0,65.0
중구,오장동,아랑재,0,중위험군,37.56134429,126.9998039,199982.674,451312.5799,32.10851031,1.037904066649677,26.942133824772476,1.7561863660021872,43.0,65.0
중구,황학동,호스텔 모어 댄 스테이,0,중위험군,37.56461626,127.0179622,201586.945,451675.8817,22.35414716,-6.330236045557239,27.652470023375805,1.2865297103068754,43.0,65.0
종로구,숭인동,은진모텔,0,중위험군,37.57429593,127.0214024,201890.6365,452750.2759,36.58924093,2.7921411058236885,29.74241099475694,2.106144514629824,43.0,65.0
종로구,원남동,은성,0,중위험군,37.57255438,126.9961684,199661.5172,452556.7756,33.71567461,1.0373772444427587,31.710534151912093,1.2307338000343677,43.0,65.0
종로구,효제동,해와가,0,중위험군,37.57179563,127.0003061,200027.0411,452472.5563,32.24887223,0.35955976557633207,31.83036709843953,0.14750497736631663,43.0,65.0
종로구,관수동,위코스테이 인사동,0,중위험군,37.56668627,126.9891108,199037.9746,451905.5326,19.14622446,-7.359578072555308,26.27891709103123,1.5634685849640997,43.0,65.0
종로구,관철동,헤리티지31호텔 (HOTEL HERITAGE31),0,중위험군,37.56663673,126.9855308,198721.6915,451900.0769,27.49322716,2.0688096214021954,25.959476462220522,2.29448173102661,43.0,65.0
종로구,원남동,종로 스테이,0,중위험군,37.57231926,126.9953766,199591.5649,452530.6832,29.56219847,-0.31907850033510954,31.572456040636823,1.5118330651397196,43.0,65.0
종로구,관철동,UH SUITE,0,중위험군,37.56692677,126.9839391,198581.0754,451932.2908,23.05380376,-3.057174857805556,26.052327308714645,2.5340476946689425,43.0,65.0
종로구,익선동,더 가든 호텔(The garden hotel),0,중위험군,37.57241793,126.9886253,198995.161,452541.6852,32.48141629,2.1233686560303155,27.75450509265862,1.7577236562694654,43.0,65.0
종로구,원남동,Apple-stay (애플스테이),0,중위험군,37.57237793,126.9955602,199607.788,452537.1941,33.77842402,3.817657857942134,31.599399884984695,1.4648600420130573,43.0,65.0
종로구,관철동,스테이 오하나,0,중위험군,37.56668466,126.9839868,198585.2885,451905.4187,27.97695518,2.9053675780956993,26.08549357016139,2.6427803608449896,43.0,65.0
종로구,익선동,어반스테이 부티크 익선,0,중위험군,37.57223047,126.9886688,198998.9996,452520.8788,32.76263651,2.100465952868248,27.62827348330593,1.749276404410613,43.0,65.0
종로구,익선동,호텔 이비스앰배서더 인사동,0,중위험군,37.57166746,126.9886748,198999.5256,452458.3912,35.51385295,5.781739082637561,27.03982679069054,1.7264507604390156,43.0,65.0
종로구,와룡동,Hostel Tommy 호스텔 토미,0,중위험군,37.5716747,126.990417,199153.4252,452459.1776,32.68575111,1.791744968558909,28.094794350434817,1.6907688960371168,43.0,65.0
종로구,낙원동,N285 인사동호텔,0,중위험군,37.56958821,126.9866176,198817.7535,452227.6425,29.36597329,1.3770288135661666,26.378980897114744,1.7531586552304106,43.0,65.0
종로구,운니동,아늑 호텔 앤 스파 서울 종로 안국 2,0,중위험군,37.57360608,126.9891925,199045.2791,452673.5501,34.11193236,3.2192393129056,28.407941645322026,1.778923306613635,43.0,65.0
종로구,종로2가,YMCA관광호텔,0,중위험군,37.56785597,126.9845017,198630.7961,452035.4128,23.93288864,-1.6085632946754664,26.012440429067055,2.019729880567766,43.0,65.0
종로구,낙원동,피카소모텔,0,중위험군,37.56852673,126.989191,199045.0871,452109.8013,29.12810108,3.1341139323752643,26.35558763706905,1.5732936936189907,43.0,65.0
종로구,창신동,D mini hotel,0,중위험군,37.56924457,127.0126646,201118.8397,452189.4937,35.81858638,5.061832996224819,28.177673211991625,2.858762290313377,43.0,65.0
종로구,숭인동,승학,0,중위험군,37.57090801,127.020308,201794.0436,452374.2346,41.63107897,11.507629614441075,30.419614951313385,2.036724062810854,43.0,65.0
종로구,권농동,순라스테이,0,중위험군,37.57393044,126.9903495,199147.4896,452709.5392,43.67071914,13.007821898968238,28.894867779492795,1.7530823532622581,43.0,65.0
종로구,낙원동,아마레,0,중위험군,37.56858852,126.9890014,199028.3342,452116.6613,28.7057577,2.7067845037146974,26.32550410365736,1.593338846494023,43.0,65.0
종로구,평창동,킴스관광호텔,0,중위험군,37.60669991,126.9743304,197733.3915,456346.8474,38.32311422,2.7017906789839046,36.90516312517706,1.147691080001069,43.0,65.0
종로구,낙원동,심플스테이 (SimpleStay),0,중위험군,37.56950223,126.9889167,199020.8634,452218.0733,31.60994562,3.0997397664002264,26.69698746815243,1.6538222764335269,43.0,65.0
종로구,낙원동,(주)종로크라운,0,중위험군,37.57120649,126.9873677,198884.0422,452407.2436,21.86310718,-5.015152793047296,26.618463567931798,1.7445637613310943,43.0,65.0
종로구,운니동,아늑 호텔 앤 스파 종로운니점,0,중위험군,37.57379044,126.9890874,199035.9989,452694.013,35.3805663,2.5264463988498065,28.482603256092688,1.7851877768252415,43.0,65.0
종로구,연지동,누베르 호텔 앤 스파 서울종로점,0,중위험군,37.56998556,126.998623,199878.3537,452271.6604,26.26287133,-3.995838447779196,31.41554887602989,1.0663760250875283,43.0,65.0
종로구,충신동,스위스장,0,중위험군,37.57279777,127.0032919,200290.804,452583.7873,39.52892043,8.405206858406366,31.175893064235332,0.07070286514059854,43.0,65.0
종로구,관철동,아이비레지던스,0,중위험군,37.56689213,126.98423,198606.7792,451928.4418,27.60207095,2.663560057967725,26.034652094263897,2.4633560995915906,43.0,65.0
종로구,와룡동,호텔 월하여관,0,중위험군,37.57367058,126.9901406,199129.0354,452680.6997,24.60732007,-2.3208958117585254,28.72597825567697,1.7527439790398824,43.0,65.0
종로구,돈의동,HOTEL THE MAY,0,중위험군,37.56923344,126.9887906,199009.7162,452188.2421,16.38362715,-10.346781360943744,26.592620894636205,1.6557231637401078,43.0,65.0
종로구,연지동,호텔어라이브 서울플,0,중위험군,37.56991234,126.9984508,199863.1347,452263.5341,27.58237864,-2.911203859138759,31.38579975627613,1.1664305166336477,43.0,65.0
종로구,관수동,호텔더디자이너스 종로,0,중위험군,37.56661096,126.9882371,198960.7885,451897.1834,25.65833529,0.12514663814749838,26.00003301739066,1.7330924971478643,43.0,65.0
종로구,수송동,(주)신영SPS지점,0,중위험군,37.57234671,126.9804375,198271.844,452533.8996,21.59106779,-3.0850601949395653,24.863581474333742,1.0781629751843549,43.0,65.0
종로구,익선동,OK.Vill,0,중위험군,37.57196106,126.9886866,199000.5684,452490.9772,28.81326703,-1.203179758961074,27.383614729739925,1.7372258146583632,43.0,65.0
종로구,낙원동,더스퀘어 호스텔,0,중위험군,37.56946611,126.9887927,199009.9065,452214.0657,26.07734752,-2.4215773881785125,26.667360841691497,1.6651535576264784,43.0,65.0
종로구,익선동,세피앙,0,중위험군,37.57202862,126.9896813,199088.4433,452498.4655,27.33818654,-3.0726952576943347,27.91451320448765,1.7168721078388725,43.0,65.0
종로구,낙원동,호텔 노바,0,중위험군,37.56946091,126.9886797,198999.921,452213.4897,25.88709458,-2.612134032461686,26.648161245910096,1.6738974011897123,43.0,65.0
종로구,구기동,자하문호텔,0,중위험군,37.60607579,126.9552165,196045.6112,456278.2101,39.16457703,4.135789482676209,36.39953149494514,1.225379417381498,43.0,65.0
종로구,봉익동,쁘띠호텔 통통,0,중위험군,37.57075446,126.9910742,199211.481,452357.0359,31.71146887,4.578503297120882,27.722338736946142,1.6265965998799725,43.0,65.0
종로구,명륜2가,팰리스 모텔,0,중위험군,37.58120935,126.9994429,199950.7925,453517.3709,29.7410763,0.8486519611293097,29.074784291972207,0.16302106128064753,43.0,65.0
종로구,묘동,온유스테이 익선(ONU STAY Ik seon),0,중위험군,37.57115977,126.990148,199129.6581,452402.0288,28.03190414,0.8731566209787971,27.48673531558066,1.6720014138626969,43.0,65.0
종로구,낙원동,헬로인 호텔,0,중위험군,37.56901581,126.9888487,199014.8461,452164.087,31.88508783,5.601620169074444,26.506549475246977,1.6387589352594767,43.0,65.0
종로구,창신동,리베라,0,중위험군,37.57020735,127.0133534,201179.6757,452296.3595,34.87994139,7.351243041877716,28.444325496328684,2.880179377399806,43.0,65.0
종로구,낙원동,호텔 컬리넌,0,중위험군,37.56924962,126.988604,198993.2306,452190.0398,22.7261508,-4.252008749138028,26.569036112977628,1.6704461479607104,43.0,65.0
종로구,익선동,종로원,0,중위험군,37.57234237,126.9887981,199010.4208,452533.297,26.79025973,-3.5628617204719895,27.762501958455083,1.7508700482499577,43.0,65.0
종로구,낙원동,호텔 라붐,0,중위험군,37.56877967,126.9887373,199005.0076,452137.8794,36.22857537,10.242203654715873,26.366544824928145,1.6302882097539722,43.0,65.0
종로구,원남동,창경호텔,0,중위험군,37.57304418,126.9956374,199614.6121,452611.1398,34.4713758,4.609899234656876,31.51905745962189,1.4817979054503252,43.0,65.0
종로구,창신동,호텔큐비,0,중위험군,37.56907425,127.0126636,201118.7513,452170.5901,27.9405299,1.6040179943339616,28.13810795443523,2.8364147462372538,43.0,65.0
종로구,운니동,호텔담,0,중위험군,37.57367066,126.9888116,199011.6362,452680.7217,27.67227492,-4.512973731974412,28.367931447401084,1.7867818813134955,43.0,65.0
종로구,숭인동,하이스테이 종로 1233,0,중위험군,37.57433901,127.0221524,201956.8878,452755.0727,30.57214321,-3.609369672189601,29.86237949692441,2.064833105230512,43.0,65.0
종로구,돈의동,레몬트리 호텔(Lemon Tree Hotel),0,중위험군,37.56961553,126.9903035,199143.3802,452230.6347,34.30593781,8.318033090456435,27.000200473178282,1.5169002536162486,43.0,65.0
종로구,낙원동,브라운도트 호텔,0,중위험군,37.56857204,126.9888498,199014.9383,452114.8337,29.79650496,3.847047755774277,26.289171670145592,1.6060014822658892,43.0,65.0
종로구,관수동,그리드인,0,중위험군,37.56690647,126.9905645,199166.4067,451929.9583,26.83826556,-0.6542727882143424,27.15437360487476,1.4082080661417091,43.0,65.0
종로구,관철동,밸류플레이스,0,중위험군,37.5669144,126.9852262,198694.7877,451930.8992,21.52588172,-3.036362132272746,25.9444946867662,2.213160020309637,43.0,65.0
종로구,창신동,디에이엘 프리미엄캡슐호텔,0,중위험군,37.56782843,127.013157,201162.3639,452032.3246,32.15330741,-0.6162533944849784,27.775046965643767,2.530937665267367,43.0,65.0
중구,황학동,은성장여관,0,중위험군,37.5637344,127.0185629,201640.033,451578.0159,29.13434266,2.0590302064851755,27.819981605266815,0.9431889684661615,43.0,65.0
중구,황학동,우림여인숙,0,중위험군,37.564755,127.020302,201793.6602,451691.3223,29.02197648,0.8083411344546896,28.045765865103157,1.2782260995590473,43.0,65.0
중구,황학동,크리스티,0,중위험군,37.56321444,127.0218899,201933.9885,451520.3697,30.9999906,2.8361631123013,28.232387755452436,0.8779881298960961,43.0,65.0
중구,명동,호텔스카이파크 명동1호점,0,중위험군,37.55850942,126.98333,198527.0997,450998.0735,23.28634844,-2.573834366420815,27.53335004442742,2.408086858358986,43.0,65.0
중구,황학동,마이더스여관,0,중위험군,37.56315914,127.0199925,201766.3547,451514.1947,29.8450753,2.0843035675152315,28.010537806442123,0.7690313946809791,43.0,65.0
중구,명동,오요 명동3,0,중위험군,37.56018682,126.9850261,198676.9853,451184.2198,40.24138876,8.14153770772839,28.016569033009688,3.318263452571042,43.0,65.0
중구,(광희동,토요코인 서울동대문 I,0,중위험군,37.56192809,127.0081716,200721.9775,451377.4062,27.87537113,-0.7236376108137144,29.093677288893183,-1.1056096888249685,43.0,65.0
중구,예관동,더캡슐 명동,0,중위험군,37.56077659,126.9980576,199828.3826,451249.5737,21.40955276,-4.6976375372259405,26.623350941233305,1.6856501866906486,43.0,65.0
중구,(광희동,신아호텔,0,중위험군,37.56189005,127.0037461,200330.9743,451373.1594,30.4245853,0.35761239617747975,30.2859435402712,0.6466088535695231,43.0,65.0
중구,남대문로5가,라움169,0,중위험군,37.55526641,126.9745411,197750.4422,450638.312,29.36314984,1.575181769001869,28.840008433495907,1.7514090365222938,43.0,65.0
중구,충무로1가,모헤닉 호텔 서울 명동,0,중위험군,37.55830263,126.9837322,198562.6326,450975.116,31.34074,4.449987642184745,27.985679262389535,2.167234952860475,43.0,65.0
중구,쌍림동,Sweet stay at Joy's,0,중위험군,37.56123167,127.0043687,200385.9859,451300.0894,25.27763389,-5.569025141753809,30.732715726371072,0.4001491282106783,43.0,65.0
중구,충무로4가,인더시티 충무로(INN-The City Chungmuro),0,중위험군,37.56016974,126.9967314,199711.2056,451182.2238,24.55657585,-2.4643186908814947,27.37753939469271,1.4113556628879074,43.0,65.0
중구,(광희동,신아모텔,0,중위험군,37.56189005,127.0037461,200330.9743,451373.1594,30.4636478,0.39667489617747975,30.2859435402712,0.6466088535695231,43.0,65.0
중구,명동,스테이7,0,중위험군,37.559686,126.9850296,198677.2936,451128.6347,18.69272692,-8.831473120928287,28.062170869416427,3.112673240380089,43.0,65.0
중구,무교동,주식회사 에이케이에이스테이,0,중위험군,37.56439975,126.9782336,198076.9497,451651.9227,25.15223178,-3.7281063694877083,27.36834030838932,3.733760094530701,43.0,65.0
중구,(필동,엘양호텔(L?YOUNG INN),0,중위험군,37.55930433,126.9925736,199343.8352,451086.1944,29.02752329,0.31390936975715533,29.150596043838163,0.4037996583856493,43.0,65.0
중구,을지로7가,세승빌딩,0,중위험군,37.56217504,127.007909,200698.7748,451404.8127,20.82132036,-7.960192922544508,29.30693805679374,-0.9363699763266906,43.0,65.0
중구,(광희동,루모텔,0,중위험군,37.56260061,127.0062335,200550.7369,451452.0349,36.45312009,6.30950705886033,30.239186387224855,-0.19402276768187487,43.0,65.0
중구,(광희동,모브호텔,0,중위험군,37.56215784,127.0061984,200547.6399,451402.8924,28.6428611,-1.4337237004950936,30.196130861500368,-0.26787330568486145,43.0,65.0
중구,남대문로5가,콘스텔로 명동,0,중위험군,37.55514655,126.9750254,197793.2332,450624.9975,29.03719387,0.803853269011217,28.780600580763007,1.733832179467929,43.0,65.0
중구,충무로4가,호텔 아이보리,0,중위험군,37.55916534,126.9931755,199397.0135,451070.7641,31.7082444,3.1802069061830878,29.04019394358062,0.5213416999060643,43.0,65.0
중구,쌍림동,위코스테이 동대문,0,중위험군,37.56121701,127.0031903,200281.8715,451298.4581,29.08629455,-0.19766957139636787,29.453179791528868,0.8311185079351395,43.0,65.0
중구,남대문로3가,더스테이클래식호텔,0,중위험군,37.55862089,126.977787,198037.3386,451010.5466,22.45564255,-6.0530561383466726,29.20503728675468,2.986093908756966,43.0,65.0
중구,(광희동,서울 엔 호스텔,0,중위험군,37.56274732,127.0053235,200470.3378,451468.313,30.86302865,-0.45991403052959967,31.380921269410173,0.1924339969208554,43.0,65.0
중구,을지로5가,스태이링크 주식회사,0,중위험군,37.56360071,126.9997814,199980.6857,451563.0159,23.73305322,-5.873159180959746,27.833234074734793,2.0871578948628775,43.0,65.0
중구,명동,유에이치 스위트 더명동,0,중위험군,37.55921109,126.9868865,198841.3492,451075.9008,29.10100246,2.3553139548539157,28.34813234801299,2.8894462905077236,43.0,65.0
중구,황학동,윌씨티33,0,중위험군,37.56745247,127.0199035,201758.3897,451990.7023,29.85908921,2.9134990004253716,28.92491915319341,1.8281534673716278,43.0,65.0
중구,황학동,엘씨티 33,0,중위험군,37.56641299,127.0222448,201965.2611,451875.3786,26.94150382,-0.7181632381815035,28.97844692987806,1.5038237990419518,43.0,65.0
중구,황학동,미르,0,중위험군,37.56704364,127.0217622,201922.6086,451945.3634,29.49085838,0.3809734118412891,29.161610806959683,1.6103184929753116,43.0,65.0
중구,황학동,제이앤비 The Best 2,0,중위험군,37.56657468,127.0216746,201914.8788,451893.3125,29.08189424,0.3577842119535788,28.93148333107351,1.5455504449042696,43.0,65.0
중구,황학동,JS스테이,0,중위험군,37.5671459,127.0216978,201916.9156,451956.7117,23.43158366,-5.79984847464484,29.201735943140424,1.6272834970511012,43.0,65.0
중구,황학동,로팡,0,중위험군,37.56714175,127.0206838,201827.3344,451956.2309,25.62348883,-2.9945405510110703,28.99197648740013,1.7028605738498928,43.0,65.0
중구,(인현동,센트럴뷰스위트 주식회사,0,중위험군,37.56063038,126.9925919,199345.4664,451233.3701,28.10230723,-1.0958317338341175,29.515402953967993,0.34076158839539117,43.0,65.0
중구,(인현동,센트럴뷰스위트 주식회사,0,중위험군,37.56063038,126.9925919,199345.4664,451233.3701,28.10230723,-1.0958317338341175,29.515402953967993,0.34076158839539117,43.0,65.0
중구,황학동,어베터플레이스 신당,0,중위험군,37.56513768,127.0200506,201771.4384,451733.7905,29.87447761,1.4512469483025185,28.05445358999453,1.397248401216062,43.0,65.0
중구,을지로6가,을지로 코업레지던스,0,중위험군,37.56341362,127.0046017,200406.5639,451542.2611,27.44418024,-3.6092595235755915,31.341685330142973,0.33625309258876024,43.0,65.0
중구,(회현동,호텔 명동,0,중위험군,37.55802548,126.978654,198113.932,450944.4454,39.94210383,11.760140528649945,29.569663031921756,2.4732323462178627,43.0,65.0
중구,흥인동,알마호텔,0,중위험군,37.56337665,127.015112,201335.1569,451538.2552,27.55357155,0.11849243674697973,27.5425266138755,-0.20363376408960232,43.0,65.0
중구,을지로6가,호텔 스테이인(HOTEL STAY IN),0,중위험군,37.56432903,127.0055767,200492.7024,451643.8655,32.60091432,0.52017679447912,31.6391329771941,0.2549685250264573,43.0,65.0
중구,신당동,퀸모텔,0,중위험군,37.55353993,127.007974,200704.5999,450446.4185,31.45435861,3.1376440273931614,29.233596309997456,1.924455414630547,43.0,65.0
중구,(광희동,에비뉴모텔,0,중위험군,37.56238679,127.0054418,200480.7938,451428.299,35.69751362,4.672512832786694,31.04657983542306,0.10158554714684215,43.0,65.0
중구,남대문로5가,지요크 서울역,0,중위험군,37.55204408,126.9734078,197650.2094,450280.6996,34.38681589,1.0877245115596281,28.104379670251905,1.6237495123204855,43.0,65.0
중구,초동,럭키장여관,0,중위험군,37.56082266,126.9915662,199254.8393,451254.7186,32.75716515,3.2171065832301657,29.656966719711495,0.16423568113914633,43.0,65.0
중구,초동,하루재,0,중위험군,37.5604658,126.9911271,199216.0394,451215.1149,28.13627243,-1.1450703611292532,29.460445187068785,0.23375478184211473,43.0,65.0
중구,충무로5가,남경레지던스,0,중위험군,37.55980392,126.9979148,199815.7633,451141.6191,26.53812345,0.9177381758281626,27.136434615815393,1.3849771523585905,43.0,65.0
중구,(필동,동산여관,0,중위험군,37.55867857,126.9962823,199671.5208,451016.723,27.98752731,-0.49273654946197354,28.38463439357082,0.9630854526769526,43.0,65.0
중구,충무로4가,호텔 시에프,0,중위험군,37.55944336,126.9929257,199374.9446,451101.6227,26.04866063,-2.6247458668671726,29.125579655587234,0.4556537400482267,43.0,65.0
중구,(광희동,동대문인모텔(Dongdaemun Inn),0,중위험군,37.56180927,127.0072524,200640.7633,451364.2119,28.21002299,-0.8814029317741152,29.552930228200033,-0.7799786388573535,43.0,65.0
중구,명동,솔라리아 니시테츠 호텔 서울 명동,0,중위험군,37.55974994,126.9843743,198619.3878,451135.7407,27.40122378,-3.7827034229345777,27.827019125667775,3.1649787884321254,43.0,65.0
중구,명동,이코노미호텔 명동 프리미어점,0,중위험군,37.55853987,126.9836445,198554.883,451001.4482,25.30828773,-1.6020258651267376,27.775094371371548,2.4920832728211577,43.0,65.0
중구,남대문로5가,호텔릿(Hotelette),0,중위험군,37.55191393,126.9730312,197616.9274,450266.264,32.11455399,-0.5135607045559638,28.2641404383515,1.6210374593751673,43.0,65.0
중구,을지로7가,에이피엠 레지던스,0,중위험군,37.56252165,127.0076174,200673.0117,451443.2802,32.82359111,3.9150209574338533,29.43212264098969,-0.7456275541861584,43.0,65.0
중구,(회현동,호텔 코지 명동,0,중위험군,37.55802548,126.978654,198113.932,450944.4454,39.86397883,11.682015528649945,29.569663031921756,2.4732323462178627,43.0,65.0
중구,(인현동,달콤명동게스트하우스,0,중위험군,37.56077584,126.9958819,199636.1461,451249.4966,19.66743896,-8.215857537785354,28.170287377421857,1.2306968470663975,43.0,65.0
중구,명동,더스테이호텔,0,중위험군,37.55915651,126.9860126,198764.1343,451069.8542,23.2963077,-3.2438235228599517,28.355694829452666,2.907832591896539,43.0,65.0
중구,충무로5가,명동멀린호텔,0,중위험군,37.55988314,126.9982725,199847.3662,451150.4109,26.57603128,1.1563026598523543,26.957968017639665,1.4052487355554573,43.0,65.0
중구,명동,명동 선샤인 게스트하우스,0,중위험군,37.55926496,126.9857117,198737.5535,451081.8948,22.16331046,-3.7154114218245624,28.272292099532002,2.9925862854601526,43.0,65.0
중구,황학동,송림장여관,0,중위험군,37.56365324,127.0178815,201579.8337,451568.9964,24.1018955,-3.0399537960234966,27.763285397139114,0.858754617578744,43.0,65.0
중구,명동,오요 명동1,0,중위험군,37.56016528,126.9843868,198620.4999,451181.8383,33.68158473,2.5197404087447666,27.75303167994206,3.3225318537509727,43.0,65.0
중구,충무로5가,현대 서비스드 레지던스,0,중위험군,37.56110121,126.9999541,199995.9463,451285.6009,27.71414086,-1.7932226013731594,27.02210995202237,1.6550673478404843,43.0,65.0
중구,(광희동,96번지,0,중위험군,37.56206664,127.0089649,200792.0687,451392.79,23.53454044,-4.976426327849417,28.56438752623201,-1.2612661058252883,43.0,65.0
중구,(회현동,(주)조선호텔앤리조트 레스케이프,0,중위험군,37.55715446,126.9787036,198118.2962,450847.7716,28.39202443,-0.353154734991449,29.91430878197567,1.4169650830928726,43.0,65.0
중구,신당동,동대문맥스타일 하우스,0,중위험군,37.56607323,127.009775,200863.5939,451837.4815,23.35617869,-5.538831242350273,27.970448458076334,1.4641434451908564,43.0,65.0
중구,명동,필스테이 명동스테이션(명동역점),0,중위험군,37.5590079,126.9846152,198640.6599,451053.3795,18.3399765,-7.311402365459518,28.129007673829776,2.7999268385354967,43.0,65.0
중구,(명동,알로프트서울명동호텔,0,중위험군,37.55952462,126.9811368,198333.3355,451110.7853,17.42653706,-8.894763258803465,26.11117340223739,3.3671630741353953,43.0,65.0
중구,주교동,투유(2U)HOSTEL,0,중위험군,37.56586745,126.9974009,199770.3781,451814.6006,36.12463109,2.2450944120404372,29.96622334959882,2.919282612844489,43.0,65.0
중구,(광희동,모브호텔,0,중위험군,37.56215784,127.0061984,200547.6399,451402.8924,28.6428611,-1.4337237004950936,30.196130861500368,-0.26787330568486145,43.0,65.0
중구,남학동,홈즈레드 명동,0,중위험군,37.55807414,126.9905121,199161.6811,450949.6743,27.88206405,-1.147473716921052,29.13753474821845,0.46312114358386336,43.0,65.0
중구,명동,필스테이 명동메트로점,0,중위험군,37.56031807,126.9848275,198659.4458,451198.7898,33.89369372,2.4850887695953467,27.928239008853595,3.314927977812129,43.0,65.0
중구,북창동,서울쎈트럴호텔(SEOUL CENTRAL HOTEL),0,중위험군,37.55907732,126.9774223,198005.1343,451061.2126,32.79054316,6.546981391102623,29.100380875340555,3.1724936220193465,43.0,65.0
중구,명동,유에이치 스위트,0,중위험군,37.55921985,126.9870305,198854.0681,451076.8712,31.60730559,4.51777042409239,28.337049005767064,2.815001792056833,43.0,65.0
중구,명동,K그랜드호텔 명동,0,중위험군,37.559348,126.983928,198579.9527,451091.1367,33.3687148,1.872001534149895,27.656719734763463,3.125313090139466,43.0,65.0
중구,주교동,호텔 제이스테이(Hotel J-Stay),0,중위험군,37.56588733,126.9977273,199799.2078,451816.8063,35.72892286,3.4512483758313834,29.82975865189802,2.945601361844666,43.0,65.0
중구,남창동,머스트스테이 호텔,0,중위험군,37.55416332,126.9768462,197954.0912,450515.8295,25.18872762,-2.1923792941797586,28.16450157944509,1.53562668357794,43.0,65.0
중구,을지로3가,라이프 인 을지로,0,중위험군,37.56327507,126.9923211,199321.5606,451526.9014,38.15840709,7.7243267338237445,31.12692282964173,0.7478059109069912,43.0,65.0
중구,을지로3가,트립스테이 명동,0,중위험군,37.56327507,126.9923211,199321.5606,451526.9014,38.18965709,7.7555767338237445,31.12692282964173,0.7478059109069912,43.0,65.0
중구,무학동,엠모텔(M모텔),0,중위험군,37.56120906,127.0138423,201223.0073,451297.661,35.59320895,7.072232721260775,28.120733666518873,-2.1878211176980757,43.0,65.0
중구,(필동,픽셀스테이 명동점,0,중위험군,37.55888617,126.9913853,199238.8373,451039.7925,28.63818624,-0.17176294277841464,29.1444463815431,0.45802676074293647,43.0,65.0
중구,황학동,레지던스 유니콘 인 동대문,0,중위험군,37.56761121,127.0220655,201949.3901,452008.3633,32.63590847,4.000448470169744,29.504771153112543,1.675220114158582,43.0,65.0
중구,신당동,프린스,0,중위험군,37.55293219,127.0100189,200885.2991,450378.984,27.98069513,-0.13645614237740844,28.51184172392743,1.900330237028903,43.0,65.0
중구,오장동,호텔스카이파크 동대문1호점,0,중위험군,37.56144741,127.0012903,200114.0,451324.0258,24.89394102,-2.595473171894202,27.746199898155147,1.4714398681787841,43.0,65.0
중구,충무로4가,가가하우스,0,중위험군,37.55978163,126.9939283,199463.5347,451139.1604,25.93912243,-2.401496886478764,28.98057202556414,0.6448787145485395,43.0,65.0
중구,(광희동,올리브호스텔 동대문점,0,중위험군,37.5626401,127.0060916,200538.203,451456.417,27.94052294,-2.388611331659895,30.37965475878064,-0.12169337448500411,43.0,65.0
중구,을지로5가,트레블로지 동대문 호텔,0,중위험군,37.563663,127.0010971,200096.9309,451569.9299,24.73112452,-2.6103109826950863,27.97105668819639,1.7444640746057383,43.0,65.0
중구,무학동,탑모텔,0,중위험군,37.56126348,127.0137989,201219.1736,451303.7004,29.53568344,1.061736112940629,28.106326182317176,-2.1420662968758326,43.0,65.0
중구,오장동,케이게스트하우스(K-guesthouse) 동대문,0,중위험군,37.56243879,127.001282,200113.2661,451434.0573,20.24844938,-6.680705451008791,27.802536479939867,1.5177169630640732,43.0,65.0
중구,명동,호텔 스카이파크 Ⅱ,0,중위험군,37.56217058,126.9842636,198609.6546,451404.4047,34.79377752,1.1197449978788754,27.729928482724894,3.694651309462354,43.0,65.0
중구,(광희동,호텔 클로이,0,중위험군,37.56295774,127.0050817,200448.9723,451491.666,35.58168716,4.17135374845952,31.647909604725832,0.24401539158554714,43.0,65.0
중구,충무로3가,뉴스테이인(New stay inn),0,중위험군,37.55962839,126.9898177,199100.3456,451122.184,29.32859058,-0.14505072030399546,28.71512005903609,0.9377144345072027,43.0,65.0
중구,명동,오요 명동2,0,중위험군,37.55899863,126.9871722,198866.5883,451052.3167,21.92537279,-5.738685128764541,28.442413342048056,2.546832004462739,43.0,65.0
중구,(광희동,호텔 라온,0,중위험군,37.56223745,127.0057924,200511.7701,451411.7259,34.60162184,4.04407760426556,30.601073797487643,-0.10227622623579591,43.0,65.0
중구,명동,K9명동호텔,0,중위험군,37.55916111,126.9861241,198773.987,451070.3632,22.94857674,-3.4392622968263957,28.364034173992053,2.890039185535639,43.0,65.0
중구,을지로3가,호텔어라이브 을지로 틈,0,중위험군,37.56274334,126.990842,199190.8743,451467.8974,30.2896612,-0.5720010785282241,30.692820028136083,0.33370914273972035,43.0,65.0
중구,신당동,Q모텔,0,중위험군,37.56099285,127.0136424,201205.3498,451273.6617,35.04571671,5.996297187674127,28.153749683676264,-2.5870143601517563,43.0,65.0
중구,을지로5가,에이큐브호텔,0,중위험군,37.56347491,127.0012488,200110.3357,451549.0543,34.44363526,6.952962718642016,27.88995198661597,1.6647656293176936,43.0,65.0
중구,신당동,J모텔,0,중위험군,37.55290824,127.0095836,200846.8376,450376.3218,26.00192357,-3.6090046931154838,28.677840917852297,1.9254557968245993,43.0,65.0
중구,명동,호스텔 아라125,0,중위험군,37.56201257,126.9837489,198564.1794,451386.8752,28.33672377,3.023500067281269,27.533671954323164,3.7541876723246714,43.0,65.0
중구,(광희동,레드모텔,0,중위험군,37.56307809,127.0050955,200450.1943,451505.0235,39.94305951,8.498523759930894,31.721305963170174,0.2552772683664534,43.0,65.0
중구,(만리동,동은여인숙,0,중위험군,37.55327049,126.9669878,197082.953,450416.9962,29.10664714,1.118135573501597,29.075986374673587,1.4634687566962514,43.0,65.0
중구,신당동,벤허,0,중위험군,37.54633403,127.0064049,200566.0025,449646.6397,22.66031201,-4.974074734059105,29.938505555006024,2.0981074146900833,43.0,65.0
중구,황학동,스테이 패스포트 신당,0,중위험군,37.56381135,127.0210812,201862.5288,451586.6034,27.85815217,0.5270738301122719,28.13833122998338,1.0151969091899573,43.0,65.0
중구,(남산동,동도모텔,0,중위험군,37.55676546,126.9841243,198597.2449,450804.5025,25.7989557,-4.492186705106327,29.930104109385347,0.6827394498637119,43.0,65.0
중구,명동,메이원 호텔,0,중위험군,37.55987957,126.9851772,198690.3303,451150.1166,29.50858316,0.28653893157472154,28.095358410910848,3.18715480487681,43.0,65.0
중구,(광희동,독립주택,0,중위험군,37.56136225,127.0044752,200395.3966,451314.5827,33.81161799,2.9191144198278174,30.864475233311197,0.3718866829764082,43.0,65.0
중구,충무로4가,인더시티 명동(Inn The City Myeongdong),0,중위험군,37.55989789,126.9928419,199367.5495,451152.0707,40.19954582,10.916445687337166,29.234237008524087,0.3815693524996627,43.0,65.0
중구,입정동,호텔 더 보타닉 세운 명동(A동),0,중위험군,37.56484325,126.9933887,199415.8979,451700.9438,27.93682438,-3.3135160094901153,31.631722516489337,1.6354728130033385,43.0,65.0
중구,산림동,호텔 더 보타닉 세운 명동(B동),0,중위험군,37.56484712,126.9942461,199491.6465,451701.3683,23.56782893,-6.554385116198517,31.716929509401343,1.948854593602527,43.0,65.0
용산구,이태원동,성지모텔,0,중위험군,37.53723689,126.9908857,199194.4599,448636.9877,34.10537108,3.7268122727937687,30.354534608581453,0.2673956432686162,43.0,65.0
용산구,동자동,어바웃스테이서울역,0,중위험군,37.54921254,126.973321,197642.444,449966.4348,28.56166556,0.7855280185823297,28.84287640186713,1.639019883313247,43.0,65.0
용산구,갈월동,HOTEL E-CUBE(호텔 이큐브),0,중위험군,37.53766021,126.9714083,197473.0356,448684.3161,34.30178912,2.3180046130530094,32.310817033703955,1.4024065854556738,43.0,65.0
용산구,후암동,호텔 후암,0,중위험군,37.54449245,126.9804466,198272.0048,449442.407,39.55285663,8.110136413680323,31.566085403248298,0.11231850708498109,43.0,65.0
용산구,원효로2가,?貧晁?,0,중위험군,37.53217553,126.9623353,196670.9073,448075.8666,19.43853527,-9.082788752418164,29.329499931924587,0.9049199009623371,43.0,65.0
용산구,갈월동,일일모텔,0,중위험군,37.54281046,126.971993,197524.8831,449255.9155,37.56543746,5.735569830802024,33.00477782480735,1.4214291749817967,43.0,65.0
용산구,한남동,한남67호텔,0,중위험군,37.5307153,127.0048641,200429.934,447913.1436,41.22800445,8.237206160585835,31.812595231111686,-1.0711136488194741,43.0,65.0
용산구,(청파동,WO모텔서울역,0,중위험군,37.5459209,126.9687286,197236.5103,449601.2275,37.25829473,6.719908079543696,31.13492118535991,1.6373672645010826,43.0,65.0
용산구,동자동,아로하 게스트하우스,0,중위험군,37.54905051,126.9736169,197668.5922,449948.444,30.12527961,2.7434706812853804,28.795879784710976,1.6311876206323388,43.0,65.0
용산구,동자동,희망여관,0,중위험군,37.55051637,126.9738974,197693.4227,450111.13,30.84978863,0.18536933764493924,28.228804527022984,1.6359627651942157,43.0,65.0
용산구,(청파동,경향,0,중위험군,37.54629608,126.9695311,197307.4374,449642.8447,38.79507566,0.11769436613314355,31.221110854846145,1.6389268162433168,43.0,65.0
용산구,문배동,모던용산한옥,0,중위험군,37.53502786,126.9680265,197174.0511,448392.2538,22.98391765,-5.524663487211068,30.05751922515707,2.1261141688946568,43.0,65.0
성동구,성동,인스피룸 성수 주식회사,0,중위험군,37.54603887,127.0551245,204871.4125,449615.2893,36.39600603,2.279951292171404,34.15166084927318,-0.08007906089242689,43.0,65.0
성동구,도선동,메종,0,중위험군,37.56022261,127.0347361,203069.0822,451188.6538,23.605295,-5.227324744360118,29.6119684394599,0.901583967386174,43.0,65.0
성동구,도선동,리마크호텔,0,중위험군,37.56055471,127.034479,203046.3589,451225.5046,22.50225658,-6.87549500235653,29.607362270718717,0.9151666617271382,43.0,65.0
성동구,도선동,파레스모텔,0,중위험군,37.56045943,127.0344655,203045.1718,451214.9292,22.56983112,-6.6834536987199975,29.608465330391482,0.9135564732848485,43.0,65.0
성동구,도선동,아모렉스관광호텔,0,중위험군,37.56086358,127.03451,203049.0853,451259.7865,33.22424868,2.0890250345671717,29.601580553420263,0.9199322301289055,43.0,65.0
성동구,도선동,에이치호텔,0,중위험군,37.55984739,127.0344064,203039.9732,451146.9981,32.8553989,4.116269955515399,29.614914049719662,0.898519302106313,43.0,65.0
성동구,도선동,코림,0,중위험군,37.56048156,127.0342861,203029.3184,451217.3796,28.81972374,-0.5473053585462715,29.60762745417896,0.9154023086023805,43.0,65.0
성동구,도선동,포레스타호텔,0,중위험군,37.55965771,127.0344756,203046.0924,451125.9481,31.22982917,2.505930614630941,29.618155116099658,0.8884791535745054,43.0,65.0
성동구,도선동,아루스테이,0,중위험군,37.56076381,127.0343345,203033.5815,451248.7076,30.87029336,0.41822712599837786,29.60361871365125,0.9190831620691602,43.0,65.0
성동구,도선동,호텔퓰문(HOTEL FULL MOON),0,중위험군,37.56089481,127.0343573,203035.5889,451263.2478,34.94493914,3.7518216926157564,29.60069742711468,0.9216063292015046,43.0,65.0
성동구,용답동,유성장여관,0,중위험군,37.55824913,127.0627391,205543.4172,450970.9038,31.99194938,-1.0117005720782828,32.97493165040842,-0.02567278581055865,43.0,65.0
성동구,도선동,저스트 스테이 호텔,0,중위험군,37.56029187,127.0342119,203022.7667,451196.3239,33.28852933,4.108755524184875,29.60956237893472,0.9129095372079266,43.0,65.0
성동구,성동,근화,0,중위험군,37.53561546,127.0498419,204405.1999,448458.1572,38.89960499,4.08255232260413,34.67147457918682,-0.13013983627115544,43.0,65.0
성동구,성동,젠모텔,0,중위험군,37.54450985,127.0482166,204261.0441,449445.2511,37.56416238,3.226937601649688,34.381003306835495,-0.09674337045372128,43.0,65.0
성동구,도선동,리젠트호텔,0,중위험군,37.56010879,127.033665,202974.4503,451175.9867,34.54804264,5.2168759554852855,29.609694647565522,0.9116537955481345,43.0,65.0
성동구,성동,신양장여관,0,중위험군,37.5359582,127.0469312,204147.9241,448496.0647,40.08996739,5.2459370282402915,34.67473080930603,-0.15134568882003097,43.0,65.0
성동구,성동,금호 스테이,0,중위험군,37.5457164,127.021118,201866.2312,449578.2805,37.16132447,5.765981479032117,30.873799112099018,-0.4662352407509968,43.0,65.0
성동구,도선동,스위트모텔,0,중위험군,37.56064804,127.0344937,203047.6557,451235.8636,22.55965472,-7.138366643112363,29.60624910000655,0.9163559491877381,43.0,65.0
성동구,도선동,라테라,0,중위험군,37.56066981,127.0343178,203032.1107,451238.2741,29.3373211,-0.5186953143975117,29.605415041059352,0.9180255820166179,43.0,65.0
성동구,도선동,스테이 여유,0,중위험군,37.56057542,127.0343028,203030.7839,451227.7975,28.98253986,-0.7158281176145174,29.60654640874719,0.9168482725364864,43.0,65.0
성동구,도선동,파라다이스,0,중위험군,37.560336,127.0337182,202979.147,451201.206,34.29215463,5.0111320127577414,29.607256558198692,0.9160873597867263,43.0,65.0
성동구,도선동,부르네 모텔,0,중위험군,37.56095418,127.0341243,203014.9993,451269.8296,26.95791299,-4.251412928434032,29.59902882856199,0.924563061177795,43.0,65.0
마포구,노고산동,신촌 시스터즈,0,중위험군,37.55114483,126.9348635,194244.2047,450182.5553,23.48995961,-1.5246122379746296,25.976372594546973,3.3950525205160913,43.0,65.0
마포구,노고산동,아더포레,0,중위험군,37.55227977,126.9337501,194145.9104,450308.5888,45.72991154,4.884227233411501,26.850344215599726,3.6221595605299326,43.0,65.0
마포구,노고산동,어반슬로우(URBANSLOW),0,중위험군,37.5513466,126.9357071,194318.7693,450204.898,33.69031165,7.0594816441191846,26.045208504250525,3.208803995206172,43.0,65.0
마포구,노고산동,성도장여관,0,중위험군,37.55002455,126.9353636,194288.3124,450058.1871,16.03625413,-9.077571006970192,25.872129595472494,3.2518207804275616,43.0,65.0
마포구,노고산동,24게스트하우스신촌,0,중위험군,37.55227127,126.9344049,194203.7651,450307.6048,32.06448157,-2.5905496580026863,26.441341540623785,3.4848954845276894,43.0,65.0
마포구,노고산동,와이(Y)호텔,0,중위험군,37.55064695,126.9355795,194307.4381,450127.253,25.80485544,-1.360683502318583,26.043727468124622,3.2177155213057,43.0,65.0
마포구,노고산동,도로시모텔,0,중위험군,37.55095038,126.9357512,194322.6343,450160.9197,30.85728814,3.282543855024528,25.95147032698828,3.186408213431584,43.0,65.0
마포구,성산동,성산장,0,중위험군,37.55600319,126.9162279,192597.9509,450723.0795,36.73374592,6.182458592460257,30.44656640831426,2.189774153084556,43.0,65.0
마포구,노고산동,호텔서강스테이,0,중위험군,37.55071712,126.9350135,194257.4258,450135.0754,20.99634306,-1.792727893368106,25.920180924278412,3.345812513306099,43.0,65.0
마포구,노고산동,위드,0,중위험군,37.55113536,126.9347725,194236.1654,450181.5098,20.82765611,-3.418131914812527,25.968664170961507,3.404786734161755,43.0,65.0
마포구,동교동,(주)호텔롯데 L7 홍대,0,중위험군,37.55297852,126.9208479,193005.8833,450387.0234,36.39421245,2.0472568369824202,31.157246039539793,3.697064294131658,43.0,65.0
마포구,노고산동,라뉘호텔,0,중위험군,37.55074352,126.935437,194294.8524,450137.9797,20.00417411,-6.4873365194256,26.01546562234443,3.2490371751334037,43.0,65.0
마포구,노고산동,피터캣,0,중위험군,37.55102279,126.9350509,194260.7523,450168.9988,27.60976909,1.822462621964899,25.95599892925116,3.3473979958370443,43.0,65.0
마포구,노고산동,넘버25신촌점,0,중위험군,37.55115123,126.9355121,194301.5197,450183.2261,35.46656293,8.533049772086194,26.062100000325323,3.2482795305069017,43.0,65.0
마포구,노고산동,에스호텔,0,중위험군,37.55084055,126.9342842,194192.9948,450148.8195,28.48329507,5.862440480449546,25.91415489429101,3.5191243591077903,43.0,65.0
마포구,성산동,성미,0,중위험군,37.5555394,126.9078491,191857.5557,450672.2971,39.31349818,6.0384473734011195,32.95922303263248,1.7547202551273413,43.0,65.0
마포구,노고산동,라세느,0,중위험군,37.55045651,126.9348873,194246.2593,450106.1585,15.63883739,-7.512545102722234,25.891300756625512,3.3656657711672446,43.0,65.0
마포구,서교동,아만티 호텔(Amanti Hotel),0,중위험군,37.55444695,126.9178026,192736.935,450550.2325,38.504008,3.787174958671905,31.595513660116254,3.7943934985465466,43.0,65.0
마포구,염리동,혜성,0,중위험군,37.55376086,126.946336,195258.1392,450472.2628,31.98408359,-1.2252157493718165,30.60210714477295,2.612083575747951,43.0,65.0
마포구,도화동,신라스테이 마포,0,중위험군,37.54012376,126.9489118,195484.9196,448958.5824,25.67962444,-1.9553598801781646,27.782071455032167,-0.9337622312747909,43.0,65.0
마포구,노고산동,브라운스위트 신촌 센트럴,0,중위험군,37.55187417,126.9347852,194237.3454,450263.5081,22.94454387,-5.731581879305914,26.209256317775292,3.407796373120411,43.0,65.0
마포구,동교동,스테이 더 이룸(Stay the eeroom),0,중위험군,37.55360436,126.9211402,193031.771,450456.4624,35.42610033,3.3536251947991715,31.24538801742289,3.8832382595409327,43.0,65.0
마포구,노고산동,골든힐(Golden Hill),0,중위험군,37.54994707,126.9354691,194297.6256,450049.5814,17.80679462,-7.5075583554829315,25.911452481631713,3.2278464258536417,43.0,65.0
마포구,노고산동,그랜드(Grand),0,중위험군,37.55006638,126.9355023,194300.5729,450062.8213,19.03166365,-6.267213822678222,25.895397156823304,3.224711979479137,43.0,65.0
강서구,화곡동,르아브르,0,중위험군,37.54334576,126.8467326,186455.0951,449325.9981,32.64151199,3.228707411566223,29.410210303678518,-0.009952482899616144,43.0,65.0
강서구,화곡동,로얄모텔,0,중위험군,37.52677466,126.8381644,185694.7197,447488.0768,17.76598732,-4.916152557001677,27.695454983300205,4.481663519117685,43.0,65.0
강서구,화곡동,팰리스,0,중위험군,37.54510834,126.8461126,186400.6222,449521.7128,32.69243548,3.440807455821407,29.251157149766552,0.23916713913380028,43.0,65.0
강서구,화곡동,웨일로 서울김포공항점,0,중위험군,37.54617445,126.8469343,186473.4277,449639.9197,29.20487021,-0.515825639563694,29.233306198582643,0.33367838651405024,43.0,65.0
강서구,화곡동,청아여관,0,중위험군,37.52681545,126.8389929,185767.9654,447492.4783,18.77645335,-4.050541564963421,27.755062136211954,4.405455994074922,43.0,65.0
강서구,방화동,SIMPLE STAY(심플 스테이),0,중위험군,37.56095838,126.8092025,183142.3657,451286.8591,36.3905092,3.746984303219385,32.416245133117584,-1.5895235704007247,43.0,65.0
강서구,화곡동,호텔야자 강서구청점,0,중위험군,37.54449559,126.8456429,186358.9995,449453.773,22.91989628,-6.509602240359207,29.320895186964602,0.1864693337378474,43.0,65.0
강서구,화곡동,드림 스테이,0,중위험군,37.5437087,126.8457963,186372.4127,449366.4154,29.41673511,0.08907429797179489,29.41017159293613,0.07744618840472159,43.0,65.0
강서구,화곡동,브라운도트 강서구청점,0,중위험군,37.54684235,126.8474863,186522.3297,449713.9693,33.23217744,3.9118072161327824,29.254060157147897,0.3874846417484577,43.0,65.0
강서구,화곡동,탑 모텔,0,중위험군,37.52717379,126.8411343,185957.314,447531.9278,33.53982392,6.714229232492684,27.94550489603529,4.077931798546601,43.0,65.0
강서구,화곡동,다우스,0,중위험군,37.54434148,126.8461727,186405.7942,449436.5919,29.24267659,-0.2221076467028169,29.356092488732685,0.13801975509633269,43.0,65.0
강서구,화곡동,모텔플라워,0,중위험군,37.54359436,126.8451785,186317.7952,449353.8147,21.18839746,-8.287510346891931,29.423292116810888,0.08714535971462692,43.0,65.0
강서구,화곡동,소설스미스,0,중위험군,37.5444712,126.8460701,186396.7533,449451.0041,33.64734605,4.189071510497197,29.333209949027896,0.16005564482022178,43.0,65.0
강서구,화곡동,HOTEL A(호텔A),0,중위험군,37.54300585,126.8471375,186490.8165,449288.214,26.34921549,-3.1398958452763104,29.44775978417859,-0.08192931346733096,43.0,65.0
강서구,화곡동,구름성여관,0,중위험군,37.54354672,126.8448974,186292.9454,449348.5682,32.66638395,3.1715502453299074,29.430903941251756,0.09602548738118188,43.0,65.0
강서구,화곡동,큐모텔,0,중위험군,37.54323919,126.8466548,186448.2029,449314.1813,33.19356936,3.763979054299039,29.419913954329832,-0.022857650898329945,43.0,65.0
강서구,화곡동,삼부장여관,0,중위험군,37.54309738,126.8464356,186428.8002,449298.4738,32.24059231,2.7708263636456287,29.441815632912146,-0.03557950678470145,43.0,65.0
강서구,화곡동,유니온호텔,0,중위험군,37.54365234,126.8454146,186338.6762,449360.2155,20.94983675,-8.48499083190886,29.414528504477154,0.08506466153575748,43.0,65.0
강서구,화곡동,샤르망,0,중위험군,37.54346404,126.8462568,186413.0689,449339.1944,28.3897966,-1.0516232657413482,29.45972675962552,0.025277182040581575,43.0,65.0
강서구,화곡동,호텔 엔,0,중위험군,37.52735485,126.8404679,185898.4471,447552.1229,28.35622813,0.676646094402809,27.911155427449064,4.1469026843271095,43.0,65.0
강서구,화곡동,타임스테이,0,중위험군,37.53178993,126.8378977,185672.1079,448044.7507,27.8717558,-5.684560893961393,28.286132372692766,3.934065247908662,43.0,65.0
강서구,화곡동,호텔테마,0,중위험군,37.53838541,126.840763,185926.6074,448776.3359,28.14477806,-2.3277614705448215,31.119822275715276,1.8663557996314453,43.0,65.0
강서구,화곡동,샤르망모텔,0,중위험군,37.5470128,126.8475673,186529.5175,449732.8756,34.46901901,5.131218642816091,29.25718707217694,0.4020681066178752,43.0,65.0
강서구,화곡동,골든프라자,0,중위험군,37.52713069,126.8404835,185899.7847,447527.2415,27.04809,0.1255615592169086,27.894387845100646,4.1676038841385665,43.0,65.0
강서구,화곡동,커플모텔,0,중위험군,37.54357859,126.845546,186350.2751,449352.011,25.74770734,-3.6439794740328253,29.4314452232636,0.06929106470633922,43.0,65.0
강서구,화곡동,어거스트,0,중위험군,37.54356399,126.8475667,186528.8483,449350.0992,26.55217432,-2.800459233425844,29.350479163579152,-0.018509351039061595,43.0,65.0
강서구,외발산동,호텔 티제이,0,중위험군,37.54519551,126.8192793,184029.3198,449535.6072,34.89940129,2.7086657908531038,32.54888253596593,0.3350256691545746,43.0,65.0
강서구,화곡동,모텔노블레스,0,중위험군,37.52700313,126.8381166,185690.5381,447513.4414,18.6442557,-4.178664927841499,27.705625222733893,4.4724293830217015,43.0,65.0
강서구,화곡동,청솔장,0,중위험군,37.52673966,126.8382944,185706.2051,447484.1724,18.18068964,-4.515334914812865,27.70209110572187,4.475183657874827,43.0,65.0
영등포구,(영등포동,별빛호텔(별),0,중위험군,37.51571739,126.9073379,191808.025,446252.5864,38.9644266,6.508284775977934,31.287644551816697,-1.11266482719753,43.0,65.0
영등포구,영등포동,삼호여관,0,중위험군,37.51126863,126.9108125,192114.7411,445758.5336,39.27038287,7.4359880845157384,31.990414933996746,-0.7030597900290811,43.0,65.0
영등포구,(영등포동,씨에프모텔,0,중위험군,37.51577484,126.9091214,191965.705,446258.8088,34.09102576,3.0128314416583066,31.561205867267518,-1.0913858449559937,43.0,65.0
영등포구,(영등포동,호텔 바모스,0,중위험군,37.51723716,126.9079016,191858.0269,446421.2128,29.96174865,-0.842833479400543,31.277622701303244,-1.0414951930579317,43.0,65.0
영등포구,(영등포동,호텔리더스,0,중위험군,37.51568625,126.9095283,192001.6762,446248.9418,34.16004836,3.0720180094895007,31.63280278695934,-1.1117585452257304,43.0,65.0
영등포구,(양평동,Y. ROAD 135,0,중위험군,37.52033345,126.8881265,190110.2158,446766.7572,35.11774321,4.031723656745779,31.207714096733252,0.51628735715125,43.0,65.0
영등포구,(영등포동,앤스테이,0,중위험군,37.51557239,126.9090643,191960.6361,446236.3443,36.95655176,6.006485536791942,31.59840488194676,-1.1179892556077422,43.0,65.0
영등포구,도림동,호텔마루,0,중위험군,37.50476727,126.9018127,191318.2926,445037.7579,37.49230267,6.839809850992047,30.636233743746928,-0.01679360318661227,43.0,65.0
영등포구,(영등포동,맥스모텔,0,중위험군,37.51836789,126.9048282,191586.4548,446546.98,23.66672624,-6.103878665325187,30.55405228905255,-0.8993169290132605,43.0,65.0
영등포구,(영등포동,온천 모텔,0,중위험군,37.51468253,126.9067563,191756.4999,446137.7808,29.91326839,-0.8843762922428233,31.38250812788183,-1.1855373638684872,43.0,65.0
영등포구,신길동,로또모텔,0,중위험군,37.49999014,126.9029513,191418.4243,444507.4535,32.06979446,2.892495993311517,29.537341316588652,0.33822959107551903,43.0,65.0
영등포구,신길동,테마모텔,0,중위험군,37.50393899,126.9099177,192034.8529,444945.1126,32.95282634,4.0559524029045875,29.05174537068389,0.2824499545919086,43.0,65.0
영등포구,(영등포동,더문 호텔,0,중위험군,37.51580863,126.9063673,191722.2291,446262.7978,30.5061516,-0.735675717733109,31.174264738048894,-1.0664649007235332,43.0,65.0
영등포구,(영등포동,호텔 아하바,0,중위험군,37.51586069,126.9056451,191658.3875,446268.6396,20.91898205,-10.271417674374078,31.009075459787898,-1.0308303919596629,43.0,65.0
영등포구,(영등포동,호텔야자(YaJa) 영등포점,0,중위험군,37.51574165,126.9093127,191982.6137,446255.1088,34.60027186,3.541226567649307,31.59439435038818,-1.1000050285916145,43.0,65.0
영등포구,(영등포동,SB호텔,0,중위험군,37.51535175,126.9095803,192006.2298,446211.8121,23.05430747,-7.897364355339825,31.661075811904187,-1.156184701855758,43.0,65.0
영등포구,(영등포동,코지하우스(Cozyhouse),0,중위험군,37.51579105,126.9080381,191869.94,446260.701,34.70948449,2.1754135271455155,31.389278962927992,-1.0900922262071442,43.0,65.0
영등포구,(영등포동,베니키아 호텔 카카오,0,중위험군,37.51472287,126.9110949,192140.0736,446141.8868,28.95452415,-3.691087986683012,31.704553996844496,-1.2237333123906189,43.0,65.0
영등포구,(영등포동,Seoul Bussiness Hotel ORA (오라 호텔),0,중위험군,37.51558659,126.9098334,192028.6359,446237.8549,30.73980879,-0.617403550518894,31.647812204808325,-1.1302551590148961,43.0,65.0
영등포구,(영등포동,페어필드 바이 메리어트 서울(Fairfield by Marriott-Seoul),0,중위험군,37.5142247,126.9084719,191908.1191,446086.8185,34.10473993,3.15148989216544,31.797992659885125,-1.2189973128057,43.0,65.0
영등포구,(영등포동,모텔자고,0,중위험군,37.51550441,126.9093808,191988.6106,446228.7724,29.16678477,-1.804105204819681,31.655885816038094,-1.1331960893070379,43.0,65.0
영등포구,신길동,썬모텔,0,중위험군,37.49956103,126.9032409,191443.9816,444459.8015,26.01016036,-3.08906118531754,29.49621892170143,0.3766809825396881,43.0,65.0
영등포구,(영등포동,서울장여관,0,중위험군,37.51563943,126.9070686,191784.2103,446243.9573,40.05960465,7.631190187502966,31.267711188702965,-1.1170069437303658,43.0,65.0
영등포구,(영등포동,코트야드 바이 메리어트 서울 타임스퀘어,0,중위험군,37.51432572,126.9025553,191385.0571,446098.5558,28.40025683,-3.0992935340519097,30.57176742535613,-1.0580401446203145,43.0,65.0
영등포구,대림동,대림모텔,0,중위험군,37.48556008,126.8976344,190946.5358,442906.4033,27.47864497,-1.7274599203668224,29.698907932532826,0.4405423097005846,43.0,65.0
영등포구,(영등포동,페트라호텔,0,중위험군,37.51519016,126.9093412,191985.0752,446193.898,24.96132107,-5.806530895115419,31.67363797181753,-1.1727027439581357,43.0,65.0
영등포구,(영등포동,호텔 CC,0,중위험군,37.51529975,126.9080506,191870.99,446206.1718,33.68156185,2.0322826836976517,31.49369684496525,-1.1333840375430315,43.0,65.0
영등포구,대림동,대방모텔,0,중위험군,37.49299121,126.9009991,191244.9777,443730.843,25.90543685,-3.9057588689163687,29.620366767291088,0.4230948365113756,43.0,65.0
영등포구,(양평동,굿데이,0,중위험군,37.53428358,126.8953165,190747.551,448314.317,35.67210353,2.299988381662679,32.60851833935133,1.1877963324684009,43.0,65.0
영등포구,(영등포동,에프 호텔,0,중위험군,37.51443021,126.9104128,192079.7341,446109.4624,28.54905713,-1.5972111681677355,31.823399798196103,-1.2453995975101058,43.0,65.0
영등포구,(영등포동,메종 벨루나,0,중위험군,37.51537236,126.9090806,191962.0601,446214.1421,30.90980575,-0.0011066306717353314,31.64773593582236,-1.145166139646547,43.0,65.0
영등포구,신길동,포켓서울 보라매점,0,중위험군,37.50069333,126.9200776,192932.8875,444584.0748,37.69160158,7.1263101186424755,28.950985268391292,1.0493641915015848,43.0,65.0
영등포구,신길동,대원모텔,0,중위험군,37.50851023,126.9111327,192142.7615,445452.3595,35.79652999,5.159217225817088,30.747228054918047,-0.22932757328326758,43.0,65.0
영등포구,(영등포동,호텔 지엠에스(HOTEL GMS),0,중위험군,37.51474767,126.9082193,191885.8455,446144.8834,33.73405918,3.0166275129956652,31.66690878949514,-1.208513757678353,43.0,65.0
영등포구,(영등포동,모텔 수,0,중위험군,37.51521725,126.9087452,191932.3872,446196.9556,34.67240564,2.4243917862490534,31.635245445971254,-1.1593696430950358,43.0,65.0
영등포구,(영등포동,브이아이피(VIP),0,중위험군,37.51482896,126.9126511,192277.6572,446153.5325,28.01897779,-3.386846894540515,31.48991175938991,-1.1903909215323107,43.0,65.0
영등포구,신길동,서울에어비앤비 써클스테이,0,중위험군,37.49711233,126.9077087,191838.7821,444187.6308,27.13667844,-1.9246011053196774,29.171796904356917,0.5164742856633617,43.0,65.0
영등포구,신길동,아담장여관,0,중위험군,37.50368356,126.9081746,191880.6997,444916.9121,25.89689614,-2.896926797000166,29.087736940542634,0.2961763925699634,43.0,65.0
영등포구,(영등포동,유안호텔,0,중위험군,37.515423,126.9092103,191973.5293,446219.7514,30.73028556,-0.18562134531533658,31.65331643063351,-1.1408519709184515,43.0,65.0
영등포구,영등포동,드라마,0,중위험군,37.51221578,126.911646,192188.526,445863.5857,36.16741223,3.719276865712999,31.713711470318238,-0.8618881581302479,43.0,65.0
영등포구,(영등포동,H-AVENUE,0,중위험군,37.51557588,126.9080142,191867.8028,446236.8219,30.98160321,-1.546067705382253,31.427601454376788,-1.092962385189297,43.0,65.0
서초구,서초동,라바호텔,0,중위험군,37.48374424,127.012828,201134.563,442700.0246,33.62195374,-0.9659669439355056,30.508390036215467,2.4514405120252527,43.0,65.0
서초구,방배동,블루문모텔,0,중위험군,37.49514932,126.9849813,198671.8771,443965.8671,32.27546293,1.6010051979292435,31.052339741757827,1.5521688138404908,43.0,65.0
서초구,서초동,제이에스(J?S)호텔,0,중위험군,37.48957577,127.0126322,201117.1614,443347.2451,34.68124868,4.987322345439953,29.579902574116094,2.049960068808508,43.0,65.0
서초구,방배동,스타일 호텔,0,중위험군,37.49152581,126.985118,198683.8994,443563.703,27.38532676,-2.0204894889907266,30.98639330883171,1.9101435401211426,43.0,65.0
서초구,방배동,강남 세븐호스텔,0,중위험군,37.48303485,126.9943756,199502.5448,442621.2293,32.18143187,1.1866202395547738,30.975769589990776,2.323980713416303,43.0,65.0
서초구,서초동,신트라 호텔,0,중위험군,37.48191914,127.0284192,202513.5889,442497.7648,32.41216455,5.190047438460983,28.953719948164174,1.5479699755464689,43.0,65.0
서초구,방배동,M모텔,0,중위험군,37.48860669,126.9909312,199197.9673,443239.6536,42.97196586,12.779515212836444,30.90984973378185,2.146843914864538,43.0,65.0
서초구,서초동,나인스 호텔,0,중위험군,37.48352468,127.0128234,201134.1675,442675.6563,39.66739207,4.7849220652768025,30.515385194014435,2.448264255070291,43.0,65.0
서초구,반포동,스테이 서래,0,중위험군,37.49616275,126.9974113,199771.0822,444078.2418,28.26616299,-3.067144559420008,30.792280685683647,1.7159094323647066,43.0,65.0
서초구,잠원동,La TREE HOTEL(라 트리 호텔),0,중위험군,37.51322693,127.017556,201552.1197,445972.2877,46.7348868,11.35781872755225,34.99889089194667,0.9575509876750514,43.0,65.0
서초구,서초동,호텔소설,0,중위험군,37.48359668,127.0130141,201151.0293,442683.6497,38.41311594,3.6444219507160653,30.486837349647963,2.4399739260916267,43.0,65.0
서초구,방배동,2001호텔,0,중위험군,37.49195614,126.9854588,198714.0535,443611.4592,34.95047005,4.478145300689363,30.98233267828777,1.892621988996953,43.0,65.0
강남구,논현동,보코서울강남,0,중위험군,37.51492269,127.023849,202108.4343,446160.6179,33.97925014,-0.0293746301158464,34.68532562274021,1.1464894548383926,43.0,65.0
강남구,역삼동,브라운도트 역삼,0,중위험군,37.50011162,127.0394878,203491.7167,444517.2443,23.29906533,-2.9764879691187787,26.68505742567747,1.0638424623808962,43.0,65.0
강남구,역삼동,루프 서울 바이 아늑 서울 강남 1,0,중위험군,37.48992036,127.0388115,203432.3837,443386.1226,25.35754348,-1.1029507268472436,28.24036472399333,1.6811237698098669,43.0,65.0
강남구,역삼동,구도 컬렉티브 강남,0,중위험군,37.49554124,127.0311068,202750.7953,444009.7136,26.60177297,-0.051246378086755584,26.819735109036678,-0.639537599077973,43.0,65.0
강남구,역삼동,구도 컬렉티브 강남,0,중위험군,37.49550565,127.0309904,202740.505,444005.7602,19.88350543,-6.727654376986756,26.79738657490067,-0.6314254359379571,43.0,65.0
강남구,신사동,리츠,0,중위험군,37.51793371,127.0181467,201604.2418,446494.6906,34.86885905,0.5065170598699993,34.82407133720968,0.9906367238453082,43.0,65.0
강남구,삼성동,자이안트,0,중위험군,37.50968527,127.0489093,204324.2636,445580.1876,36.40566831,1.0405910321479226,32.667242908378064,-2.4117346741486854,43.0,65.0
강남구,역삼동,인트로호텔,0,중위험군,37.50000283,127.0391338,203460.4236,444505.157,18.42069768,-8.202644302509817,26.720163657409067,1.2204238056066794,43.0,65.0
강남구,삼성동,제이에스무인호텔,0,중위험군,37.50368616,127.0506675,204480.0717,444914.4456,29.74783675,-2.68429271973692,33.72474993512127,-1.5720326100214852,43.0,65.0
강남구,대치동,그레이 호텔,0,중위험군,37.50215931,127.0521147,204608.1347,444745.0548,33.16745884,-0.12800323106006317,33.900303084475354,-1.3241859961704416,43.0,65.0
강남구,신사동,(주)선샤인호텔,0,중위험군,37.51778993,127.0279571,202471.5359,446478.9453,29.44158311,-3.855724390536306,33.85575158979591,1.2112586880743894,43.0,65.0
강남구,역삼동,멜리샤 호텔,0,중위험군,37.49446846,127.028527,202522.7014,443890.5768,19.14995169,-7.100621616347215,26.324068666870062,-0.41234058783901584,43.0,65.0
강남구,삼성동,캘리포니아호텔,0,중위험군,37.5038992,127.0506518,204478.6752,444938.0895,27.2082165,-6.854951868092499,33.68998738965918,-1.6003040031262912,43.0,65.0
강남구,역삼동,(주)삼정관광호텔,0,중위험군,37.50337195,127.030391,202687.2151,444878.8002,29.71568728,-4.428582996368416,34.43390779143246,0.8962879835143822,43.0,65.0
강남구,논현동,베스트 웨스턴 프리미어 강남호텔,0,중위험군,37.50361313,127.0290049,202564.6485,444905.5294,40.89591522,6.56703594710644,34.837758844699806,1.029941862519409,43.0,65.0
강남구,역삼동,오월호텔(OWALL HOTEL),0,중위험군,37.49785311,127.040296,203563.2973,444266.6093,28.75356927,2.8851944429015255,26.684450426538948,1.789973615163868,43.0,65.0
강남구,역삼동,엘르모텔,0,중위험군,37.49987076,127.0393079,203475.8246,444490.5053,32.38191738,6.026404831260518,26.71703949492528,1.1994580214992137,43.0,65.0
강남구,역삼동,바레,0,중위험군,37.49817351,127.0395705,203499.1252,444302.1423,32.46293343,4.469369524000513,26.688909234153705,1.8383442467840072,43.0,65.0
강남구,역삼동,강남캠퍼스호텔B동,0,중위험군,37.494624,127.0285224,202522.2841,443907.8396,17.65233227,-8.57522774225297,26.30849690797757,-0.42756031811624906,43.0,65.0
강남구,역삼동,강남캠퍼스호텔A동,0,중위험군,37.4945587,127.0283983,202511.3163,443900.5888,17.93737532,-8.297254021245955,26.31099635491762,-0.41140843097480806,43.0,65.0
강남구,논현동,호텔야자강남논현점,0,중위험군,37.50609746,127.0364494,203222.7959,445181.487,38.08075681,4.0002683385050375,33.94216358410469,-0.27142923622385606,43.0,65.0
강남구,논현동,호텔 올인,0,중위험군,37.51450921,127.0391244,203458.9248,446115.1789,25.70210712,-6.4068401093858895,32.382814684387036,-1.1958377039593004,43.0,65.0
강남구,대치동,호텔컬리넌대치,0,중위험군,37.50236094,127.0534571,204726.8156,444767.4997,30.84646992,-1.4986463778704682,33.80562363785253,-1.316603778903223,43.0,65.0
강남구,역삼동,호텔 컬리넌 역삼(HOTEL CULLINAN Yeoksam),0,중위험군,37.49863731,127.0412958,203651.6694,444353.6837,21.32536373,-3.873650283668294,26.558173260017732,1.708930859165405,43.0,65.0
강남구,역삼동,더제리스플래닛호텔,0,중위험군,37.49629138,127.0277253,202451.7432,444092.876,24.26784611,-2.8982746421998584,26.997180398753997,-0.25878202864102623,43.0,65.0
강남구,논현동,힐탑관광호텔,0,중위험군,37.50877928,127.0306331,202708.4248,445478.9513,38.60806029,3.8533220075642234,35.17651571887901,1.164483509538724,43.0,65.0
강남구,역삼동,호텔스타프리미어 역삼,0,중위험군,37.49994744,127.0395579,203497.9247,444499.0251,31.66193407,5.649365260269857,26.650439599783496,1.0802148323374712,43.0,65.0
강남구,역삼동,몰타 2호점(Malta 2호점),0,중위험군,37.50234847,127.0344909,203049.7733,444765.3321,34.92935869,4.1261439657906465,30.786595164113827,-0.04973466251120741,43.0,65.0
강남구,대치동,프린스,0,중위험군,37.50147321,127.0523125,204625.6662,444668.9163,39.88911563,6.229139834497481,33.96209184847482,-1.2290952969035382,43.0,65.0
강남구,청담동,알로프트서울강남호텔(Aloft Seoul Gangnam Hotel),0,중위험군,37.52099695,127.0548673,204850.3032,446835.9313,35.06675878,0.6941071147378395,34.05626291570599,-1.5938111782124682,43.0,65.0
강남구,역삼동,렉시호텔,0,중위험군,37.49605794,127.0331979,202935.6925,444067.1238,23.71473115,-4.483243402156706,27.73486068586898,-0.5765241102505068,43.0,65.0
강남구,논현동,청아장여관,0,중위험군,37.51261882,127.0406087,203590.2354,445905.4252,42.27228955,7.382750441567872,32.862811728822486,-2.3348787875115833,43.0,65.0
강남구,논현동,호텔더디자이너스리즈강남프리미어,0,중위험군,37.50245856,127.0250671,202216.495,444777.287,34.05667814,-2.5193893995962924,34.74469481639494,0.9722999122628119,43.0,65.0
강남구,대치동,시크릿 호텔2,0,중위험군,37.50173903,127.0517917,204579.5954,444698.3934,39.86160765,7.632194407987477,33.985383115088375,-1.2692818087729183,43.0,65.0
강남구,대치동,시크릿 호텔,0,중위험군,37.50185285,127.0517354,204574.6164,444711.0232,39.40768114,6.922009886421677,33.97346747108905,-1.286254126076315,43.0,65.0
강남구,역삼동,더호텔(THE HOTEL)1997,0,중위험군,37.4931041,127.0291909,202581.453,443739.1687,24.67538771,-1.4183113293025436,26.52640386568516,-0.13683701645796398,43.0,65.0
강남구,역삼동,호텔마리,0,중위험군,37.49887419,127.0413209,203653.8748,444379.9752,20.82166473,-4.561168347723914,26.575001038295486,1.6089481575943798,43.0,65.0
강남구,역삼동,사월호텔,0,중위험군,37.49895457,127.0410465,203629.6083,444388.8858,26.0352781,0.46993498666905964,26.591077315330775,1.5050333529010398,43.0,65.0
강남구,개포동,호텔컬리넌 개포,0,중위험군,37.47409599,127.0451324,203992.2317,441630.0771,23.46418984,-4.012042196287997,27.39269787825578,1.800111019759557,43.0,65.0
강남구,역삼동,녹스 부띠끄 관광호텔,0,중위험군,37.49994832,127.0389565,203444.7438,444499.1006,18.6197818,-7.97294343630135,26.73871436771809,1.3099838539782467,43.0,65.0
강남구,대치동,글래드강남코엑스센터호텔,0,중위험군,37.50609983,127.0637467,205636.3676,445183.0349,28.9885021,-3.6948864287778598,32.01511490204292,-1.0132118913662307,43.0,65.0
강남구,역삼동,블랑호텔 강남점,0,중위험군,37.50176012,127.0424997,203757.965,444700.3225,40.00011579,13.154901343150744,27.020792991319823,-0.47816240992327486,43.0,65.0
강남구,역삼동,호텔벤,0,중위험군,37.49797232,127.0390898,203456.6229,444279.7951,28.64693846,2.2677050689374383,26.679477176476897,1.9502800046054836,43.0,65.0
강남구,역삼동,호텔예스,0,중위험군,37.49841946,127.0403617,203569.0739,444329.4693,24.28401931,-1.4775925875789397,26.583451430550838,1.6462435279976981,43.0,65.0
강남구,역삼동,엑스와이엠 프리미어(XYM),0,중위험군,37.49828946,127.0388458,203435.0364,444314.9846,28.40093588,2.166456685255021,26.713030418298473,1.9248650839930173,43.0,65.0
강남구,삼성동,디에이스호텔,0,중위험군,37.50419805,127.0532469,204708.12,444971.3847,27.28683692,-2.5539776166579706,33.85214691539676,-1.5032078774271096,43.0,65.0
강남구,역삼동,씨에프호텔,0,중위험군,37.49848423,127.0414965,203669.4207,444336.7016,23.0855383,-1.8833066395021199,26.592684963358394,1.7985210175899156,43.0,65.0
강남구,논현동,하이랜드호텔,0,중위험군,37.51601151,127.0259941,202298.049,446281.5134,41.29122793,8.165220215509713,34.33582387979932,1.239711778427342,43.0,65.0
강남구,역삼동,호텔스타,0,중위험군,37.49679466,127.0346358,203062.8134,444148.9359,34.47873195,5.7378011899324655,28.739198888955773,-0.03607101298214754,43.0,65.0
강남구,삼성동,타라호텔,0,중위험군,37.50394006,127.0511016,204518.447,444942.646,36.93370322,5.930688744654034,33.68372519862042,-1.5861234646466524,43.0,65.0
강남구,역삼동,에이씨 팰리스(AC PALACE),0,중위험군,37.49868663,127.0400129,203538.2178,444359.1085,23.89537826,-2.542473383548863,26.601499410000457,1.6014568401251903,43.0,65.0
강남구,역삼동,에이씨 팰리스(AC PALACE),0,중위험군,37.49853141,127.0400707,203543.3371,444341.8833,30.87910543,3.505915016213361,26.60117187774392,1.597968305007786,43.0,65.0
강남구,삼성동,고유 인 앤 홈즈(goyoo inn & homes),0,중위험군,37.50372503,127.0509103,204501.5389,444918.7712,29.37053611,-1.6636475555494847,33.730421282249125,-1.5664755723727404,43.0,65.0
강남구,역삼동,유에이치플랫 시그니처 강남,0,중위험군,37.49556765,127.0318676,202818.0742,444012.6673,27.85841846,0.5212965800545462,26.981527352929582,-0.6307656934275483,43.0,65.0
강남구,삼성동,유에이치스위트 더코엑스,0,중위험군,37.50342432,127.0507873,204490.6837,444885.3904,21.92651351,-9.792630685773464,33.79344052758596,-1.5315644731237223,43.0,65.0
강남구,역삼동,호텔더디자이너스 리즈 스윗 역삼,0,중위험군,37.50016231,127.0388473,203435.0824,444522.8467,21.76190463,-5.058780659353115,26.735099603043416,1.2951852099177892,43.0,65.0
강남구,역삼동,시나브로,0,중위험군,37.49858244,127.0402355,203557.9128,444347.5532,31.03810351,5.0176663223607925,26.565156021165592,1.5525116527793141,43.0,65.0
송파구,방이동,IMT 모텔,0,중위험군,37.5133991,127.1099844,209723.6847,445996.9347,33.89783582,-5.204394048133565,38.068880840330024,1.9822566057941378,43.0,65.0
송파구,방이동,HOTEL CASA,0,중위험군,37.51323823,127.110119,209735.6029,445979.0941,32.26199432,-6.873735043546638,38.039638541386886,1.9760748317628514,43.0,65.0
송파구,방이동,라운지,0,중위험군,37.51309736,127.1088298,209621.642,445963.3267,44.30212318,5.966196229060991,38.1994051202837,1.9364503455319724,43.0,65.0
송파구,방이동,호텔머니,0,중위험군,37.51311439,127.1101789,209740.9174,445965.3556,27.96299343,-11.156197188664787,38.02138586719407,1.970171225307862,43.0,65.0
송파구,방이동,호텔짬,0,중위험군,37.51224751,127.106986,209458.7424,445868.8172,37.94913813,1.5476160829822803,38.36979632992488,1.804504207498781,43.0,65.0
송파구,잠실동,(주)파로스 관광호텔,0,중위험군,37.50833724,127.0803708,207106.0323,445432.4843,30.22672536,-3.046609889958983,33.270923306714835,0.004375249725323993,43.0,65.0
송파구,잠실동,하루모텔,0,중위험군,37.50847968,127.0831235,207349.3974,445448.5048,37.3378525,4.059236164640652,33.27892162411341,0.0669602732079474,43.0,65.0
송파구,거여동,청마,0,중위험군,37.49562653,127.1447947,212804.2895,444028.5735,32.8619194,-3.425538079067209,34.333123705353735,0.8934737538676711,43.0,65.0
송파구,방이동,와우,0,중위험군,37.51197556,127.1069928,209459.3753,445838.6349,36.95943209,0.5459899596804618,38.36597415746458,1.7750621926286774,43.0,65.0
송파구,방이동,넘버25  방이점,0,중위험군,37.51277207,127.1084726,209590.1089,445927.1872,42.95508914,4.761529291711675,38.22710514267932,1.902606427142134,43.0,65.0
송파구,방이동,루이체 호텔,0,중위험군,37.51256728,127.1088461,209623.1565,445904.4962,46.08265208,7.677715017920271,38.17482073700142,1.8968665406945935,43.0,65.0
송파구,방이동,호텔 어반,0,중위험군,37.51316671,127.109081,209643.8408,445971.0494,44.44825912,6.218485688914868,38.165651683649614,1.9473655989066547,43.0,65.0
송파구,잠실동,플러스모텔,0,중위험군,37.50846214,127.0835857,207390.2701,445446.5942,26.45528403,-6.794048333049133,33.276725649777426,0.08335181751375981,43.0,65.0
송파구,잠실동,엠 더블류,0,중위험군,37.50849806,127.0826375,207306.4301,445450.5069,30.32658671,-2.9631038767624034,33.28041018801187,0.04395460277171784,43.0,65.0
송파구,방이동,라 트리 호텔(La TREE HOTEL),0,중위험군,37.5133466,127.1129561,209986.4187,445991.4192,41.07806228,1.0460530682227827,37.67708142245302,2.1229537393574947,43.0,65.0
송파구,방이동,하이브,0,중위험군,37.51313185,127.1131465,210003.2753,445967.6048,40.3854511,1.1606171468356763,37.61236887649305,2.109000907605532,43.0,65.0
송파구,잠실동,신천 노블스테이 호텔,0,중위험군,37.50853507,127.0816626,207220.2303,445454.5392,36.0748955,2.7903471425018935,33.28179921742843,0.025039916481783997,43.0,65.0
송파구,방이동,하오,0,중위험군,37.51294112,127.1091769,209652.3546,445946.0216,38.66553848,0.2889727840334402,38.14189887385698,1.934376637204301,43.0,65.0
송파구,잠실동,에이 플러스,0,중위험군,37.50831442,127.0798905,207063.5737,445429.9154,37.89452166,4.622931994706285,33.26932574055522,0.002988172210446949,43.0,65.0
송파구,잠실동,잠실 NU호텔 종합운동장점,0,중위험군,37.50806688,127.0799491,207068.7747,445402.446,35.02878766,1.7750731421375647,33.253244959134946,0.0010632455006387154,43.0,65.0
송파구,거여동,로맨스호텔,0,중위험군,37.49590195,127.1443921,212768.6404,444059.0868,39.85546761,3.540189153096833,34.323137653147654,0.9010284619656413,43.0,65.0
송파구,방이동,셀레네 호텔,0,중위험군,37.51287278,127.1084298,209586.3103,445938.3604,36.77038028,-1.1675805932003982,38.23534889029024,1.9093786683336882,43.0,65.0
송파구,방이동,HOTEL HL (에이첼 호텔),0,중위험군,37.51283466,127.1092221,209656.3609,445934.2105,38.63475057,0.45660028241695017,38.12941399033624,1.9279943817994407,43.0,65.0
송파구,방이동,月(월) 호텔,0,중위험군,37.51305394,127.109129,209648.1026,445958.5383,44.695231,6.17114450036658,38.154202634187115,1.940961962141152,43.0,65.0
송파구,방이동,호텔자자(ZAza),0,중위험군,37.51303359,127.1116171,209868.081,445956.5377,37.97951656,1.0585086554077634,37.823551534368136,2.0171059453475717,43.0,65.0
송파구,방이동,아이다호텔,0,중위험군,37.51359226,127.1101259,209736.1687,446018.3877,46.44299656,5.727192710973561,38.063245397644664,1.9959568273990145,43.0,65.0
송파구,잠실동,호텔포레스타,0,중위험군,37.50821147,127.0808496,207148.375,445418.5617,29.94527245,-3.328106119193375,33.265309629846044,0.015254450463661612,43.0,65.0
송파구,잠실동,씩스티모텔,0,중위험군,37.50854025,127.0815249,207208.0577,445455.1036,36.0059978,2.723438390211136,33.281875553035185,0.023444038054145966,43.0,65.0
송파구,방이동,톰지호텔,0,중위험군,37.51281573,127.1087407,209613.7991,445932.0602,43.86453644,5.8138169524579695,38.20106247218002,1.9135244428267837,43.0,65.0
송파구,석촌동,남경모텔,0,중위험군,37.50278971,127.0966505,208546.05,444818.1335,34.8828975,3.3542435559847235,31.853015238457512,1.5046397798261903,43.0,65.0
송파구,방이동,초이스모텔,0,중위험군,37.51309635,127.1128005,209972.6946,445963.6281,40.76508421,1.57676078372657,37.64903481278999,2.078193401133032,43.0,65.0
송파구,방이동,라자,0,중위험군,37.51265982,127.1074545,209500.1054,445914.6256,40.83563291,1.236731972402545,38.31442896932877,1.8573848246783573,43.0,65.0
송파구,잠실동,라비앙,0,중위험군,37.5083314,127.0814774,207203.8789,445431.9203,38.78396721,5.507553961839825,33.27156223269935,0.02297578620827495,43.0,65.0
송파구,방이동,체리,0,중위험군,37.51249205,127.1075258,209506.4312,445896.0124,41.87707323,1.2244424190681542,38.30531296586691,1.8447462825905012,43.0,65.0
송파구,방이동,호텔 동그라미,0,중위험군,37.51323747,127.1120687,209907.9775,445979.2133,30.93127499,-5.281602068369168,37.78715353698682,2.050683827785418,43.0,65.0
송파구,잠실동,로즈마리,0,중위험군,37.50845569,127.0837579,207405.495,445445.8919,35.03841743,1.8016147076144762,33.27565771644184,0.0899812636978394,43.0,65.0
송파구,잠실동,반,0,중위험군,37.50847473,127.0832535,207360.8998,445447.9655,35.53313167,2.2633605484548056,33.27839137961051,0.07137885372588668,43.0,65.0
송파구,방이동,Ravi 호텔,0,중위험군,37.5124982,127.1085891,209600.4358,445896.803,37.12196193,-1.1980223006992645,38.20119922624123,1.883256976833516,43.0,65.0
송파구,잠실동,퍼니모텔,0,중위험군,37.50854547,127.0813872,207195.8824,445455.6724,35.73939981,2.4593175930295956,33.28193228152015,0.022058098552709515,43.0,65.0
영등포구,(영등포동,모텔 하이브(HIVE),0,중위험군,37.51902996,126.9033744,191458.0079,446620.5924,27.9702493,-0.7439964154042222,29.939521289567278,-0.7043643702906427,43.0,65.0
중구,(남산동,자자 백팩커스,0,중위험군,37.55605441,126.9856314,198730.397,450725.563,31.79695849,1.8400921096642122,30.46227234451858,0.45180871818266244,43.0,65.0
중구,예장동,하센 영인 호텔,0,중위험군,37.55378191,126.9924151,199329.785,450473.2726,30.41614465,-0.019513679766497205,30.35598457756715,-0.07122451732874936,43.0,65.0
중구,북창동,서울 호텔 신신,0,중위험군,37.55958613,126.9779037,198047.6741,451117.6744,20.52951448,-4.5639672831015545,28.751420074197114,3.4287788850625702,43.0,65.0
종로구,운니동,STUDIO6st,0,중위험군,37.57363747,126.9880771,198946.7467,452677.046,29.80679615,-0.7254927540278295,28.19367996966948,1.7844232724397477,43.0,65.0
종로구,창신동,라로쥬,0,중위험군,37.57394219,127.0092287,200815.243,452710.8396,22.34026348,-6.00978339551985,29.145191495694164,1.7242486715947576,43.0,65.0
종로구,계동,락이당,0,중위험군,37.57997819,126.9859452,198758.5231,453380.8189,36.31528612,8.286330772458275,29.610405822580347,1.7321881665780627,43.0,65.0
종로구,삼청동,JJ's house(제이제이스하우스),0,중위험군,37.5816406,126.9818327,198395.2973,453565.3897,45.92761744,3.431665503817875,29.924390075204887,1.7136277124208046,43.0,65.0
종로구,명륜3가,명륜 홈스테이,0,중위험군,37.5868793,126.9952168,199577.5322,454146.6814,37.34020343,7.575371805374818,30.722541367518904,0.8686237786757416,43.0,65.0
종로구,구기동,스테이구기,0,중위험군,37.60447944,126.9589545,196375.5929,456100.882,39.64260737,2.918822665713897,36.370520700327745,1.2406019180971122,43.0,65.0
종로구,숭인동,칠링스테이 종로,0,중위험군,37.57391085,127.0210335,201858.06,452707.5291,25.68844363,-5.926924593006614,29.79737242221594,2.1161959261745458,43.0,65.0
종로구,누상동,소화맨션,0,중위험군,37.57748737,126.9663006,197023.2011,453104.8075,36.24906735,3.8910924018325517,33.9519490129255,1.506894334335314,43.0,65.0
종로구,계동,북촌 계동별채,0,중위험군,37.5791057,126.9859154,198755.8807,453283.9829,21.5391192,-6.475356214922073,29.452713106660866,1.713876282757138,43.0,65.0
종로구,숭인동,클랜돔,0,중위험군,37.56933318,127.0177355,201566.8147,452199.4008,18.48058483,-8.83586709499972,29.437417261278533,2.1663616636746488,43.0,65.0
종로구,동숭동,포에버서울,0,중위험군,37.57764864,127.0047909,200423.1957,453122.1835,31.26218227,2.5021482009442337,29.38396771987581,0.6949299655257344,43.0,65.0
종로구,숭인동,동묘하우스 9,0,중위험군,37.57094363,127.020416,201803.5836,452378.1901,40.21569549,10.264572809883564,30.438662193138086,2.033147630887849,43.0,65.0
종로구,신교동,네버랜드 종로,0,중위험군,37.58034541,126.9682212,197192.9547,453421.958,38.10330545,0.5573668387436115,33.529747683012616,1.5495553462117715,43.0,65.0
종로구,창신동,낙산집,0,중위험군,37.5737574,127.0082092,200725.1875,452690.3217,30.7613299,2.096970544690876,29.644972098806466,1.3912926373820735,43.0,65.0
종로구,청운동,June Stay 경복궁,0,중위험군,37.58369134,126.96807,197179.7324,453793.3226,23.13285512,-10.310944335681068,33.526143939799965,1.5702430851474287,43.0,65.0
종로구,통인동,민가,0,중위험군,37.57636819,126.970009,197350.7392,452980.4804,38.10631546,0.5369390812277004,33.884418002113094,1.4516399496622312,43.0,65.0
종로구,혜화동,홈 어브로드,0,중위험군,37.58644126,127.0009665,200085.3681,454098.0536,25.08984237,-4.6225385209374,29.609015238866384,-0.4432607135804582,43.0,65.0
종로구,동숭동,스테이 플러스 혜화,0,중위험군,37.58202553,127.0048797,200431.0172,453607.9686,26.02942218,-2.5573259972617315,28.579414619805164,0.4831775555625094,43.0,65.0
종로구,동숭동,담온 스테이,0,중위험군,37.58100411,127.0040131,200354.4756,453494.599,22.39883413,-6.073501568662081,28.61364685684864,0.44999214997194836,43.0,65.0
종로구,창신동,스테이온,0,중위험군,37.5673526,127.0125779,201111.2066,451979.5061,25.64526708,-2.263600515672387,27.71368082003539,2.458566397473046,43.0,65.0
종로구,창신동,healing stay,0,중위험군,37.5756659,127.0077864,200687.8232,452902.1399,32.35280998,4.213807975342128,29.302860209774316,1.2381995094777747,43.0,65.0
종로구,창신동,644guesthouse,0,중위험군,37.57232012,127.0096669,200853.9748,452530.8125,26.51482827,-0.9567299920113754,29.045514789174316,2.021795754973641,43.0,65.0
종로구,이화동,이화동273(Ihwa273),0,중위험군,37.5743026,127.0042358,200374.1819,452750.8093,27.09487259,-3.2547309921047365,30.677606638165535,0.44992962001777087,43.0,65.0
종로구,계동,스테이 석정,0,중위험군,37.57941037,126.9862104,198781.9445,453317.7939,22.1411904,-6.053027307623989,29.540190535239695,1.7302314439289477,43.0,65.0
종로구,숭인동,서울 윈도우 스테이_창신점,0,중위험군,37.57769729,127.0146871,201297.3665,453127.6737,19.89590596,-5.641465283361363,26.971461009296554,2.4120535249616784,43.0,65.0
종로구,낙원동,Iso House,0,중위험군,37.57152945,126.9871451,198864.3858,452443.0911,27.5761106,1.8331069759124539,26.630746803054585,1.7554886588515926,43.0,65.0
종로구,부암동,B&B 부암,0,중위험군,37.58862472,126.9626475,196700.9988,454341.0485,34.71573955,1.9218460385934506,34.474077057086554,1.502003592919078,43.0,65.0
종로구,행촌동,피스풀종로,0,중위험군,37.5730187,126.9614194,196591.8207,452609.0025,42.43325678,2.7335761383796253,34.50338949280227,1.5705674838096475,43.0,65.0
종로구,원서동,가디언스,0,중위험군,37.57885652,126.9882883,198965.4751,453256.298,32.68559831,4.232032024696423,29.666868948556,1.7750383916572838,43.0,65.0
종로구,숭인동,여름밤비,0,중위험군,37.57482405,127.0147866,201306.2041,452808.7786,26.15924496,-1.0254880979044785,28.12747209466252,2.6257716500460804,43.0,65.0
종로구,부암동,부암 힐스테이,0,중위험군,37.58933235,126.9651109,196918.5984,454419.5038,27.0656572,-7.111050347725143,34.3556577866303,1.5199261605317886,43.0,65.0
종로구,동숭동,정's 스테이,0,중위험군,37.57750673,127.0051637,200456.1327,453106.4349,27.44583969,-1.4397023736751642,29.36067625223459,0.7805185740519076,43.0,65.0
종로구,숭인동,송스테이(Song stay),0,중위험군,37.5724127,127.0177667,201569.5126,452541.1923,35.16684602,7.080579211720114,29.79686418174712,2.3034988968646783,43.0,65.0
종로구,누상동,서촌정글스테이(West Village Jungle Stay),0,중위험군,37.57715198,126.964894,196898.9348,453067.6286,33.0144447,0.1664513531021612,34.07882879174419,1.5101837878372353,43.0,65.0
종로구,숭인동,MIN STAY(민 스테이),0,중위험군,37.57495476,127.015247,201346.8713,452823.2924,24.35696583,-2.856502432013663,28.171670314045016,2.605349283507679,43.0,65.0
종로구,옥인동,루마디 서촌,0,중위험군,37.58072054,126.965982,196995.1843,453463.6624,31.2396798,-3.300489379188793,33.76359077308259,1.5359746532854825,43.0,65.0
종로구,이화동,THE Grand IHwa,0,중위험군,37.57344295,127.0043389,200383.2966,452655.3985,27.37332589,-3.3459959824610657,30.83807334826579,0.31184153805238446,43.0,65.0
종로구,명륜4가,초록스테이 종로,0,중위험군,37.57982012,126.9992371,199932.6086,453363.1824,27.39347464,-1.4322051898212713,29.12618510241903,0.37676368615974043,43.0,65.0
종로구,혜화동,혜화 Attic,0,중위험군,37.5848085,126.9999767,199997.9385,453916.8353,30.82201773,1.284038204614454,29.559759252910286,-0.24940797977987894,43.0,65.0
종로구,창신동,미미스테이,0,중위험군,37.57593858,127.0142586,201259.5407,452932.4713,24.09616894,-0.682358798596006,27.578277980059774,2.544756360050118,43.0,65.0
종로구,원서동,정원,0,중위험군,37.57864599,126.9881132,198950.0043,453232.9336,31.90717083,3.981719518144935,29.614380765056033,1.7556174064751837,43.0,65.0
종로구,명륜1가,아라 하우스,0,중위험군,37.58776564,126.9963043,199673.5863,454245.0508,29.86255781,-0.6344296984379412,30.509721338724873,0.7442283693185396,43.0,65.0
종로구,동숭동,엘린 하우스,0,중위험군,37.57794129,127.0037306,200329.5385,453154.6601,22.48826837,-6.385544452275493,29.497436827821048,0.5605020476144436,43.0,65.0
종로구,동숭동,칼랑드 혜화,0,중위험군,37.58132474,127.004205,200371.4227,453530.186,22.83930183,-5.784401557001935,28.608096505319715,0.4475923989881081,43.0,65.0
종로구,원서동,용 스테이,0,중위험군,37.58073702,126.9871384,198863.9312,453465.0253,31.53880147,-0.05135499164327939,30.069837049365145,1.742011004083816,43.0,65.0
종로구,통의동,찌니네,0,중위험군,37.57500112,126.9718985,197517.5963,452828.6998,35.74911076,3.37095348486109,33.853185455693854,1.3600221917991702,43.0,65.0
종로구,원서동,다인,0,중위험군,37.57865599,126.9878385,198925.743,453234.0465,29.06243679,1.3460405032516043,29.574359626201847,1.745776219592118,43.0,65.0
종로구,누상동,서촌백호정살롱,0,중위험군,37.57712038,126.9647132,196882.9635,453064.1273,33.07936395,0.3763395539245806,34.08837741385549,1.5102983217777548,43.0,65.0
종로구,숭인동,두잇(DO IT) 스테이,0,중위험군,37.57205528,127.0166257,201468.7228,452501.5043,23.18457579,-5.282135411040741,29.52375525846337,2.4192528182487534,43.0,65.0
종로구,사간동,안국하우스,0,중위험군,37.57507159,126.9804771,198275.4069,452836.3291,23.55595151,-6.535813270722173,26.12401645345298,1.142595000449539,43.0,65.0
종로구,창신동,스테이하다,0,중위험군,37.57075984,127.0127886,201129.7706,452357.6725,26.77631875,-4.094735149135438,28.390175161754716,2.9833287607235066,43.0,65.0
종로구,동숭동,혜화문명동스테이,0,중위험군,37.58051774,127.0047008,200415.2271,453440.6203,32.10504642,2.7385220192433515,28.602207593008565,0.599364520411142,43.0,65.0
종로구,숭인동,I LIVE IN SEOUL,0,중위험군,37.57726338,127.0165476,201461.7217,453079.542,23.12341627,-4.4168968527599795,27.929577534324224,2.429074687929507,43.0,65.0
종로구,누상동,서촌 모던 리트리트 하우스,0,중위험군,37.5771565,126.9641838,196836.1991,453068.1539,25.72167151,-6.913074188682131,34.101485744853704,1.5095551634735844,43.0,65.0
종로구,창신동,삼미하우스,0,중위험군,37.57022268,127.0127272,201124.3571,452298.0532,24.69815644,-3.3647430694573828,28.34092287552491,2.9536722344940483,43.0,65.0
종로구,옥인동,페이보릿 종로,0,중위험군,37.57831993,126.9666727,197056.0994,453197.2004,29.76283415,-2.6083389999673052,33.83932656577154,1.5164199369435118,43.0,65.0
종로구,계동,stay hanyang,0,중위험군,37.57780502,126.9858926,198753.838,453139.6227,22.77843223,-6.126157904501742,29.14919690915834,1.6648721473828187,43.0,65.0
종로구,원서동,하우스다 동촌,0,중위험군,37.58000425,126.9875988,198904.585,453383.6907,29.53812318,0.2444046054766993,29.891836201884416,1.7627777088628376,43.0,65.0
종로구,부암동,랏토하우스,0,중위험군,37.59453825,126.9627801,196712.9641,454997.3792,40.91654495,6.099950131417593,35.32457180727371,1.4105246174303563,43.0,65.0
종로구,충신동,충신 아뜨리에,0,중위험군,37.57191123,127.0065227,200576.2208,452485.4065,32.35008401,1.4339368606779814,30.412351770266415,0.8918908887212583,43.0,65.0
종로구,창신동,위드홈,0,중위험군,37.57274316,127.0085492,200755.2355,452577.7555,20.56992651,-7.28844885143625,29.576706079956725,1.5792513692302448,43.0,65.0
종로구,신문로2가,성주,0,중위험군,37.57015625,126.9681089,197182.6513,452291.0822,34.81453741,1.8639029325944776,34.785090184618696,1.6503566282407258,43.0,65.0
종로구,동숭동,Stay forest,0,중위험군,37.57662834,127.005661,200500.0645,453008.9463,35.27973197,5.555941477325096,29.540031975404567,0.8649659318995842,43.0,65.0
종로구,화동,삼청동 코리아 게스트하우스,0,중위험군,37.57937103,126.9812432,198343.1779,453313.5036,34.49219198,6.6500641618687055,29.37643601989349,1.645926842544348,43.0,65.0
종로구,필운동,민기네 집,0,중위험군,37.57495722,126.9661286,197007.902,452823.9955,38.26581773,5.529328219020954,34.30622525633822,1.4949496496628167,43.0,65.0
종로구,홍지동,조이하슬라,0,중위험군,37.59586118,126.9584616,196331.6448,455144.3696,32.50540796,-1.5053029989734839,35.54220734237455,1.3690843933839374,43.0,65.0
종로구,사간동,우 게스트하우스(Woo Guesthouse),0,중위험군,37.57520538,126.9790919,198153.0442,452851.2045,32.8999814,1.2722966186597517,27.056354114332187,1.1952938677510991,43.0,65.0
종로구,신문로2가,엠엠게스트하우스,0,중위험군,37.56984367,126.9684864,197215.9899,452256.3782,37.35185515,4.412706754929438,34.80105448739917,1.6750521958932376,43.0,65.0
종로구,숭인동,지유,0,중위험군,37.57110179,127.0153895,201359.5338,452395.6594,32.76859775,2.2000887068737427,29.15923515212983,2.5682446003250785,43.0,65.0
종로구,통인동,프랜드인서울(Friend in Seoul),0,중위험군,37.57636819,126.970009,197350.7392,452980.4804,38.46392966,0.8945532812277008,33.884418002113094,1.4516399496622312,43.0,65.0
종로구,통인동,아뜰리에웨스트사이드,0,중위험군,37.57639627,126.9701348,197361.8484,452983.5934,41.52075946,3.9066201268792042,33.86541274187651,1.4509337303146652,43.0,65.0
종로구,누상동,힙피어 경복궁의 달,0,중위험군,37.57767676,126.9656656,196967.1123,453125.8479,36.38441058,4.064679711139647,33.9635073719768,1.5110383103007616,43.0,65.0
종로구,부암동,게스트 하우스 부암,0,중위험군,37.59143042,126.9671238,197096.4557,454652.3018,38.62142987,0.5281064392600996,34.54637815668017,1.506515910847967,43.0,65.0
종로구,동숭동,비투비앤비,0,중위험군,37.57835876,127.0040314,200356.1046,453200.9955,30.46316611,1.779444739693087,29.31394969254808,0.6011941484794634,43.0,65.0
종로구,연건동,EMMA 하우스,0,중위험군,37.57655118,127.0002221,200019.6183,453000.3673,32.73670602,2.0678519470087195,30.56151421023545,0.3769589828882258,43.0,65.0
종로구,명륜3가,MIRO STAY,0,중위험군,37.58692036,126.9950448,199562.3426,454151.2394,36.0761942,6.331242911075641,30.7458072684391,0.894717295078181,43.0,65.0
종로구,이화동,블루블릭스 혜화,0,중위험군,37.57395363,127.0026696,200235.8284,452712.0726,37.55659604,6.734643978523685,30.92367442789775,0.0936461917189626,43.0,65.0
종로구,동숭동,낙산주택,0,중위험군,37.57788658,127.0054694,200483.1349,453148.5954,23.53494709,-6.14180166371402,29.17597576536327,0.8390601789278483,43.0,65.0
종로구,홍지동,빛 스테이,0,중위험군,37.59603495,126.9586322,196346.7193,455163.6495,32.51664694,-1.5143005637730838,35.5601064152294,1.3669948054526655,43.0,65.0
종로구,옥인동,옥인스테이,0,중위험군,37.5796952,126.9636274,196787.1589,453349.9393,35.69395324,3.4091400160858427,33.98202269404032,1.5172239536687413,43.0,65.0
종로구,명륜1가,키키 스테이,0,중위험군,37.58677787,126.9960091,199647.5143,454135.4206,32.40114221,2.591922452174771,30.543564703341836,0.7322761027272352,43.0,65.0
종로구,홍지동,미카엘킴,0,중위험군,37.59456869,126.9592707,196403.036,455000.8864,41.30262516,7.4689675437798115,35.39104416864792,1.3922289641061742,43.0,65.0
종로구,숭인동,스테이동묘,0,중위험군,37.56885637,127.0179691,201587.4681,452146.4844,28.74554986,0.844861474207022,29.195762968093373,2.1279277991899788,43.0,65.0
종로구,숭인동,굿데이신설,0,중위험군,37.57517296,127.0192573,201701.1294,452847.5751,27.0920401,0.2613080788791109,29.146335175957276,2.2329628689987318,43.0,65.0
종로구,신교동,JAHA 79,0,중위험군,37.58043267,126.9692329,197282.322,453431.6131,37.08026809,0.11274691402235248,33.38557031467863,1.5580533124954852,43.0,65.0
중구,산림동,오케이빌,0,중위험군,37.56477364,126.9946396,199526.4158,451693.2109,38.9121472,8.886382746208316,31.714144297480896,2.0269480589036166,43.0,65.0
중구,주자동,원즈빌,0,중위험군,37.55809516,126.9891273,199039.3256,450952.0205,34.67678956,5.938103400225128,28.89290900099727,0.6613505093904797,43.0,65.0
중구,(남산동,레이지룸 101,0,중위험군,37.5545527,126.9846222,198641.1967,450558.9052,30.02103871,-0.5792569149496778,30.555595081833914,-0.04076272920286844,43.0,65.0
중구,신당동,디디피 스테이,0,중위험군,37.55794381,127.0128532,201135.6676,450935.2445,22.65778289,-5.8460968177947805,28.14457065524047,-2.2715569979900865,43.0,65.0
중구,(남산동,팜트리빌라 명동 101,0,중위험군,37.55574232,126.9858524,198749.9183,450690.9217,29.80057494,-0.4361686287742579,30.57114334612621,0.29893737999361814,43.0,65.0
중구,(만리동,서울로 인,0,중위험군,37.5518282,126.9655697,196957.5918,450256.9643,24.13671466,-4.151692514042534,29.10411058220905,1.5070536211369239,43.0,65.0
중구,(광희동,하하스테이,0,중위험군,37.56127954,127.0082575,200729.5716,451305.4255,27.39016884,-1.982003608100186,28.978559854104283,-1.3399760915168362,43.0,65.0
중구,신당동,제이하우스,0,중위험군,37.55923679,127.0115125,201017.1923,451078.7346,36.40626275,5.846839452515081,28.510839492162802,-2.2084428669662075,43.0,65.0
중구,(남산동,남산 아트몬 스테이,0,중위험군,37.55460146,126.9844086,198622.3307,450564.3201,28.41167983,-2.125280528510121,30.52707833496173,-0.009011484465329067,43.0,65.0
중구,(만리동,서울로하우스,0,중위험군,37.55415432,126.9664094,197031.88,450515.1089,25.25620534,-4.476345304857233,29.110815661142237,1.4227185053638558,43.0,65.0
중구,신당동,연 스테이,0,중위험군,37.56194734,127.0250765,202215.564,451379.8069,22.56936157,-6.300748072912505,28.890840798169798,0.8440868314068788,43.0,65.0
중구,황학동,호호 하우스,0,중위험군,37.56383295,127.0219346,201937.928,451589.018,20.1601087,-7.126262787240318,28.294907098183995,1.021673267541344,43.0,65.0
중구,신당동,라 코메타 서울,0,중위험군,37.55020235,127.0079362,200701.2875,450075.9869,32.90558584,1.6522389881053137,29.232883944054777,2.3410473335106805,43.0,65.0
중구,(남산동,Win Win guest house,0,중위험군,37.55719928,126.9843328,198615.6766,450852.6483,32.33988345,2.323142298963454,29.610771222881688,0.9430253364832732,43.0,65.0
중구,을지로7가,별헤는집,0,중위험군,37.56205259,127.0091636,200809.6217,451391.2323,22.16960777,-6.2059042134423485,28.32704693370169,-1.335864639354926,43.0,65.0
중구,신당동,디어스,0,중위험군,37.55341959,127.01326,201171.6882,450433.115,22.46770931,-5.063735152447656,27.865810050671996,1.4338527960066019,43.0,65.0
중구,(남산동,문스하우스,0,중위험군,37.55464992,126.9842916,198611.9916,450569.7003,29.86360818,-0.6583479769379004,30.510909976326765,-0.011250721434517413,43.0,65.0
중구,신당동,게스트 남산,0,중위험군,37.54918702,127.0053308,200471.0646,449963.2812,33.16948464,0.601836553027006,29.76834144437816,2.271824212460336,43.0,65.0
중구,(장충동,더차니스트 남산,0,중위험군,37.55639497,126.999428,199949.4578,450763.2642,31.99782373,2.908689759830416,30.19623360681759,0.9896940344643809,43.0,65.0
중구,황학동,스테이 담애,0,중위험군,37.5638942,127.0178747,201579.2341,451595.74,26.97355847,0.002424106949725058,27.74099925627682,0.9716312698551812,43.0,65.0
중구,(필동,남산하우스,0,중위험군,37.5555527,126.9944725,199511.588,450669.7965,30.59325457,0.7836692138458012,29.778652866504103,0.16349082943112764,43.0,65.0
중구,예장동,서울타워빌,0,중위험군,37.55500445,126.9849104,198666.6748,450609.0399,32.74152909,2.2987049696818147,30.533150801639884,0.08074772558657375,43.0,65.0
중구,(장충동,목인,0,중위험군,37.55696119,126.9997944,199981.8335,450826.1078,32.10886251,3.4050479615693874,29.751609881608587,0.9366788284075309,43.0,65.0
중구,(광희동,스테이 디디피 해치,0,중위험군,37.56073561,127.0086113,200760.84,451245.0585,27.16484137,-2.774749025361327,28.709404185529458,-1.6770998465981348,43.0,65.0
중구,신당동,솔리드 스테이,0,중위험군,37.56081261,127.016706,201476.0402,451253.7009,30.2476157,1.0455279591161215,28.12083792287917,-0.975533418388366,43.0,65.0
중구,(남산동,스타리아1,0,중위험군,37.55574338,126.985352,198705.7058,450691.0462,29.63473841,-0.5128929373844571,30.488353583323804,0.3076309114759095,43.0,65.0
중구,충무로5가,익스테이 맨션 충무로,0,중위험군,37.55916784,126.9973801,199768.5127,451071.0229,26.58108508,-0.3830981026957154,27.81611528476128,1.1740010232617841,43.0,65.0
중구,신당동,MJ House,0,중위험군,37.55056307,127.0038562,200340.7561,450115.9999,30.43522956,2.3971423180768845,30.30645201838069,2.1434715725969022,43.0,65.0
중구,(광희동,선선 맨션,0,중위험군,37.56123964,127.0074692,200659.9293,451300.9912,30.07975748,0.1973294138163162,29.47610596207007,-0.9578383148476206,43.0,65.0
중구,(남산동,에밀리 메니지먼트,0,중위험군,37.55520422,126.9841345,198598.1205,450631.2233,33.14646827,2.450920965728322,30.449269044451366,0.110432568666194,43.0,65.0
중구,(광희동,마사 하우스,0,중위험군,37.56036623,127.0078307,200691.8771,451204.0556,32.41133331,1.8513976090272202,29.216763100867944,-1.4572548365766185,43.0,65.0
중구,신당동,덕복재,0,중위험군,37.56182635,127.0178121,201573.7442,451366.232,20.59551932,-7.302531277057579,27.93581510409812,-0.051927324206586634,43.0,65.0
중구,(장충동,지니하우스,0,중위험군,37.55614152,127.0004201,200037.1153,450735.1342,32.03456802,2.80468564537194,30.503146445502743,1.1382370777917232,43.0,65.0
중구,(장충동,먕스테이,0,중위험군,37.55607297,127.0007205,200063.6593,450727.5261,32.2609615,3.0048614193285097,30.590634805692538,1.1930101071461425,43.0,65.0
중구,황학동,브릭스테이,0,중위험군,37.56735418,127.0176451,201558.8715,451979.7534,22.95291456,-5.197115543891115,27.522550385157203,1.9785641956166282,43.0,65.0
중구,(남산동,남산언덕,0,중위험군,37.55445618,126.9847096,198648.9203,450548.1914,29.59355285,-1.0381292815902619,30.564934119967184,-0.06086796564361574,43.0,65.0
중구,(남산동,코지앳,0,중위험군,37.55468403,126.9845744,198636.9825,450573.4819,29.96934956,-0.5755965611632305,30.548067909515733,0.0028467800248466457,43.0,65.0
중구,황학동,The Market Place,0,중위험군,37.56357881,127.019885,201756.8507,451560.7711,30.5086042,1.8415911507616158,27.97161004915475,0.9149042878312799,43.0,65.0
중구,(만리동,하하홈스테이,0,중위험군,37.55314237,126.966167,197010.4269,450402.8022,25.55021992,-3.7414855327408,29.076009443713776,1.4538158034971937,43.0,65.0
중구,신당동,스테이 마룸,0,중위험군,37.55611853,127.0086935,200768.1545,450732.618,22.92616563,-6.160629814317343,28.430368872067447,1.163274207982622,43.0,65.0
중구,예장동,게스트하우스 더힐2,0,중위험군,37.55510981,126.9846091,198640.0563,450620.7379,33.86303134,3.3830707452471778,30.508725488691525,0.12335187906110384,43.0,65.0
중구,(남산동,필스테이명동부띠끄,0,중위험군,37.5575292,126.9838779,198575.4941,450889.2723,30.61002725,1.6314434690094153,28.969446531733958,1.1754905853020947,43.0,65.0
중구,(남산동,에코하우스,0,중위험군,37.55755618,126.985879,198752.3033,450892.2383,28.67591379,-0.35319488382476294,29.6437154701835,1.1424456931129843,43.0,65.0
중구,(남산동,명동 맘하우스,0,중위험군,37.55771741,126.9858723,198751.7096,450910.133,31.99701773,3.5019081322318577,29.493715242647696,1.2928522434448815,43.0,65.0
중구,(남산동,Crib49게스트하우스,0,중위험군,37.55433246,126.9848669,198662.8173,450534.4577,34.26088168,3.608915523768708,30.58040643549875,-0.06460976065510146,43.0,65.0
중구,황학동,어반아트스테이,0,중위험군,37.56735418,127.0176451,201558.8715,451979.7534,23.16750601,-4.982524093891115,27.522550385157203,1.9785641956166282,43.0,65.0
중구,(남산동,웰 프러스 비앤비 게스트하우스,0,중위험군,37.5557428,126.9849257,198668.0407,450690.9877,30.00891907,-0.21896425745989845,30.4616127042578,0.2218259650337725,43.0,65.0
중구,남창동,남산 203 게스트하우스,0,중위험군,37.55351654,126.9786135,198110.2353,450444.0076,22.13566439,-7.3174140492690505,27.436093293489385,1.113666444370987,43.0,65.0
중구,신당동,하우스 오브 로리앤요한,0,중위험군,37.55042135,127.0093564,200826.7828,450100.3048,24.28721391,-2.239108019060133,28.90576539359616,2.166697286641746,43.0,65.0
중구,주교동,을지로 비앤비,0,중위험군,37.56503235,126.9985209,199869.3217,451721.9122,28.70399198,0.9918738669431164,29.12698995614651,2.6357603053853746,43.0,65.0
중구,신당동,오늘 하루,0,중위험군,37.55967218,127.0107834,200952.7703,451127.0501,36.27643981,5.421881365014194,28.620177466613647,-2.2753816870297197,43.0,65.0
용산구,(용산동,SEOULYDAYS INN,0,중위험군,37.54086606,126.9848192,198658.3594,449039.8504,33.03265699,0.028271177160554828,33.07705546433498,0.06635353944111533,43.0,65.0
용산구,한강로1가,seoul corner guest house 2호점,0,중위험군,37.52979887,126.9729504,197609.0788,447811.7639,23.68013821,-3.807498931495843,29.889805033544782,2.147423008592849,43.0,65.0
용산구,동빙고동,FUNFUN GUESTHOUSE(펀펀 게스트하우스),0,중위험군,37.52363972,126.9948091,199541.1327,447127.8439,36.90938688,4.432689696442267,31.218730312841423,-1.170051949946185,43.0,65.0
용산구,용문동,토미시스템,0,중위험군,37.53546106,126.9560576,196116.211,448440.7607,31.14157159,3.22869589642999,28.148079520643712,0.3268548950358825,43.0,65.0
용산구,이촌동,ryan민박,0,중위험군,37.52118565,126.9572456,196220.4915,446856.3191,35.3237174,3.863594871140549,30.623486236421925,-0.747912762530402,43.0,65.0
용산구,서계동,라온403,0,중위험군,37.5496287,126.9671595,197097.9898,450012.7959,23.40817167,-6.592473759390302,29.151473761371772,1.5562299133862993,43.0,65.0
용산구,한남동,한남동코지하우스,0,중위험군,37.52978971,127.0029216,200258.2438,447810.4075,38.21329023,5.4441054305738845,31.626090434117934,-1.0748625840496826,43.0,65.0
용산구,동자동,마르페게스트하우스,0,중위험군,37.54807266,126.9738193,197686.4431,449839.9095,26.66483256,-1.8969355373117551,29.114261443747147,1.5991426751016202,43.0,65.0
용산구,후암동,MIN HOUSE,0,중위험군,37.5506954,126.975911,197871.3604,450130.9526,23.55870555,-3.0536685817853133,27.69749888307524,1.6092649494360338,43.0,65.0
용산구,서계동,Goeun Stay Seoul,0,중위험군,37.55013376,126.9645477,196867.2152,450068.9353,31.27572293,3.5442328786886392,29.243171491066732,1.4965609919671856,43.0,65.0
용산구,후암동,Westie Holiday Home(W.H.H),0,중위험군,37.55093558,126.9767004,197941.1246,450157.5922,32.37307051,3.3474262291626538,27.577092094714335,1.569567338841809,43.0,65.0
용산구,서계동,바라,0,중위험군,37.5498366,126.9641479,196831.8658,450035.9675,24.75035399,-3.1938107978770987,29.28458090405029,1.4728535897734771,43.0,65.0
용산구,후암동,코빈하우스,0,중위험군,37.54663447,126.9751193,197801.2847,449680.2565,32.70707679,0.6667011906644689,29.5846400851749,1.3495635178415046,43.0,65.0
용산구,이태원동,이태원372,0,중위험군,37.53438157,126.9877396,198916.366,448320.1138,17.608973,-12.440640324513911,29.968911423200844,0.183553115742167,43.0,65.0
용산구,후암동,서울환대,0,중위험군,37.5468965,126.9742537,197724.7974,449709.3593,31.07729711,0.7041243255277259,29.639710962753412,1.4912469856737278,43.0,65.0
용산구,보광동,로스트 인 이태원,0,중위험군,37.52763837,126.9971916,199751.7593,447571.6352,28.38368992,-2.8921247250913744,31.183788965338934,-0.9615543459710794,43.0,65.0
용산구,(청파동,솔린스테이,0,중위험군,37.54408146,126.9677678,197151.5262,449397.1006,33.73896486,0.619128941808448,31.818704050819473,1.6433972233509118,43.0,65.0
용산구,후암동,남산뷰 공간,0,중위험군,37.54430404,126.9830024,198497.8708,449421.4519,38.75668658,6.568848547857421,32.066573991976796,-0.2101421944030924,43.0,65.0
용산구,서계동,비다 하우스,0,중위험군,37.54960807,126.965946,196990.7514,450010.5444,29.55159183,1.1080783364240077,29.200055594948346,1.5311960316977808,43.0,65.0
용산구,동자동,Global Haven,0,중위험군,37.54905269,126.9734093,197650.2436,449948.6912,32.92794135,5.465265725927537,28.85916178915231,1.636909270279432,43.0,65.0
용산구,이태원동,리단,0,중위험군,37.53706047,126.9913554,199235.9736,448617.4033,28.07159035,-2.1286672327146654,30.20532531402889,0.22442464721965155,43.0,65.0
용산구,(용산동,마리모 스테이 서울,0,중위험군,37.54034433,126.9863748,198795.8377,448981.9237,34.73956535,1.9811627113838313,32.4665216382909,0.18731840059664198,43.0,65.0
용산구,후암동,바위위 스테이,0,중위험군,37.54536867,126.9814378,198359.621,449539.639,34.60331236,3.2724238780041226,31.33134603989479,-0.001022157981928784,43.0,65.0
용산구,후암동,EAH,0,중위험군,37.54740133,126.9797194,198207.8167,449765.2711,31.36453226,1.0946176634664369,29.730200496895698,0.6496520359566649,43.0,65.0
용산구,후암동,남산 진주스테이,0,중위험군,37.54651143,126.9812587,198343.8242,449666.4747,31.18811269,0.3001373947855086,30.683039679285308,0.18939496889420065,43.0,65.0
용산구,서계동,링하우스,0,중위험군,37.55164848,126.9671111,197093.7922,450236.9687,28.58865872,0.6578523597816144,29.041570742776663,1.5393206946722713,43.0,65.0
용산구,이태원동,ZEST 202,0,중위험군,37.52911007,126.9942869,199495.0163,447734.9872,39.64875501,8.074084364515613,30.83411021815798,-0.6764649478895791,43.0,65.0
용산구,한강로3가,허브하우스,0,중위험군,37.52079961,126.9683258,197199.9736,446813.086,40.21825608,8.721755538138595,31.564999584784932,-0.2864565719963535,43.0,65.0
용산구,후암동,라운드 하우스,0,중위험군,37.54417115,126.9824605,198449.976,449406.7115,24.71319018,-7.460628206631046,32.002645824461126,-0.179099288427792,43.0,65.0
용산구,(용산동,아삼스테이,0,중위험군,37.54305911,126.9876308,198906.8773,449283.2159,31.00900282,-1.8272212566936616,32.78430834207531,0.026158086651344337,43.0,65.0
용산구,(용산동,Casa Haebang,0,중위험군,37.54193979,126.9829794,198495.7898,449159.0492,33.13365087,0.027299807046802016,32.91468467413877,-0.17500762736580683,43.0,65.0
용산구,서계동,제이앤제이 스테이(J&J Stay),0,중위험군,37.54927578,126.9632376,196751.4031,449973.7543,27.01510448,-2.741263074851961,29.330129535974027,1.4338131502306113,43.0,65.0
용산구,서계동,파파하우스(PaPaHouse),0,중위험군,37.54931519,126.9647327,196883.528,449978.0777,23.01809861,-5.087051711730016,29.28030585838778,1.491607748201992,43.0,65.0
용산구,서계동,스테이 연,0,중위험군,37.54957529,126.964449,196858.4691,450006.9552,27.64756253,-0.06736308391142742,29.281510875866086,1.481821629471684,43.0,65.0
용산구,이태원동,다온,0,중위험군,37.53941513,126.9923889,199327.3373,448878.7338,31.33397317,0.9081857503236357,30.612103506094584,0.4281761535678881,43.0,65.0
용산구,후암동,고릴라 타자기,0,중위험군,37.54664469,126.9797783,198213.0036,449681.2921,24.14419851,-5.649730978815992,30.214492555900847,0.4983905556704159,43.0,65.0
용산구,후암동,마르코 하우스,0,중위험군,37.5442329,126.9827674,198477.0972,449413.56,31.57833715,-0.6172667744113092,32.03375023471455,-0.19369120176731686,43.0,65.0
용산구,서계동,코코서울_3,0,중위험군,37.54855821,126.966532,197042.4982,449894.0039,30.79774435,-0.3370541557062623,29.288412148291137,1.5543380151556,43.0,65.0
용산구,이태원동,리원 힐사이드,0,중위험군,37.53853708,126.9913937,199239.378,448781.2886,31.77440215,1.5853005994838618,30.538005015143113,0.3886045773077956,43.0,65.0
용산구,서계동,홈어웨이 프럼 홈 서울,0,중위험군,37.54986438,126.9637433,196796.1183,450039.0645,30.4782634,1.5731263547998076,29.303393110459524,1.4494408217481907,43.0,65.0
용산구,효창동,Bong's House,0,중위험군,37.53853565,126.9606765,196524.5862,448781.8217,34.74804342,6.060158410706265,28.824378398109815,1.3426890634909834,43.0,65.0
용산구,(용산동,남산주택,0,중위험군,37.54153328,126.9803689,198265.075,449113.9765,34.69821956,1.7854121829696084,32.61719357293009,-0.2642645781270448,43.0,65.0
용산구,후암동,STA Stay,0,중위험군,37.54381315,126.9819738,198406.9526,449366.986,35.83902335,3.625232283391753,32.04877190544825,-0.14887385878196707,43.0,65.0
용산구,서계동,SEOUL STAYON,0,중위험군,37.55062279,126.966312,197023.1384,450123.1544,24.17249446,-3.856760831410483,29.1220043207794,1.5338899060922258,43.0,65.0
용산구,서계동,Dandi Stay,0,중위험군,37.55172665,126.9672495,197106.0213,450245.6404,30.77688472,2.839850582154728,29.03350839938972,1.5391190079979002,43.0,65.0
용산구,(용산동,해온 스테이 해방촌,0,중위험군,37.54073079,126.9859558,198758.8094,449024.8215,37.27716149,4.763828435486644,32.67394330803812,0.14665074859423916,43.0,65.0
용산구,(청파동,헤일로 스테이,0,중위험군,37.54245373,126.9674636,197124.5858,449216.4516,29.71633711,-0.6961928205158365,32.13948806834333,1.6133489439400723,43.0,65.0
용산구,이태원동,Hwa San Co,0,중위험군,37.53833596,126.990695,199177.6212,448758.9726,26.38031113,-4.151101912307045,30.561684225431577,0.35439216800269757,43.0,65.0
용산구,동자동,연 스테이,0,중위험군,37.54975691,126.9749743,197788.5561,450026.8131,35.97153043,8.593337951174075,28.130849121325575,1.5974456086463755,43.0,65.0
용산구,(용산동,남산집,0,중위험군,37.54066283,126.9838749,198574.9062,449017.3083,32.22171979,-0.8828228574404875,33.13137498688211,0.023986825934202205,43.0,65.0
용산구,이태원동,남산하우스,0,중위험군,37.53781303,126.9898494,199102.8797,448700.9415,33.16950567,2.1857441592236384,30.54576899280212,0.3152642216087603,43.0,65.0
용산구,이태원동,소유 하우스(Soyou Haus),0,중위험군,37.53653296,126.9926549,199350.8255,448558.8464,23.0979357,-6.890561697120528,30.117792210714214,0.12605709705308005,43.0,65.0
용산구,이태원동,경리단집,0,중위험군,37.53677735,126.9921957,199310.2417,448585.9739,24.50832562,-5.635571198873794,30.163220265079225,0.17170371093386236,43.0,65.0
용산구,후암동,황금하우스,0,중위험군,37.54954844,126.9767918,197949.1632,450003.6343,23.6851775,-3.6022359167691747,28.006984139419437,1.47847669651002,43.0,65.0
용산구,후암동,Kaki namu,0,중위험군,37.54825925,126.9772805,197992.31,449860.5392,29.18151724,0.2843809461149611,28.668621418316324,1.2560128123556042,43.0,65.0
용산구,이태원동,이태원 루트 스테이,0,중위험군,37.53827016,126.993451,199421.1992,448751.6491,23.71821096,-6.4598811655041075,30.296992551545053,0.31863988423310197,43.0,65.0
용산구,후암동,햅 브릿지(hap bridge),0,중위험군,37.54693377,126.9760883,197886.9205,449713.453,33.6922576,2.026390805874218,29.38529368921563,1.2504906228415362,43.0,65.0
용산구,이태원동,STAY JOY,0,중위험군,37.53966069,126.9921149,199303.1211,448905.99,34.43920385,3.5636030204234252,30.70134130428484,0.45245262781919693,43.0,65.0
용산구,서계동,행운의 집,0,중위험군,37.54746671,126.9674771,197125.9677,449772.8313,24.95036807,-3.591703630032171,29.76458082196465,1.5906430408330645,43.0,65.0
용산구,한남동,Bella 하우스,0,중위험군,37.534514,127.0010542,200093.1787,448334.7418,32.94757325,1.98428488861245,31.168464934283698,-0.38039174261366954,43.0,65.0
용산구,후암동,KHAN,0,중위험군,37.54423744,126.9817758,198389.4691,449414.0804,33.81615659,2.0042646379319216,31.857817812167788,-0.12088773603437153,43.0,65.0
용산구,동자동,다다하우스(Dada House),0,중위험군,37.55032379,126.9740973,197711.0829,450089.751,28.91327207,-0.6295410947415156,28.208963347278008,1.6360565419231712,43.0,65.0
용산구,(용산동,금월당,0,중위험군,37.5435402,126.982031,198412.0089,449336.6909,35.27484097,2.9331683255621,32.167134534965726,-0.1593680593273596,43.0,65.0
용산구,후암동,스테이 흰,0,중위험군,37.54772706,126.9768201,197951.6088,449801.4824,31.81570669,2.57509706002687,28.919166742392996,1.249749923417921,43.0,65.0
용산구,이촌동,The R Story,0,중위험군,37.52057402,126.9567891,196180.1055,446788.4543,35.85377815,4.296048957879474,30.658738436525454,-0.8036546652159595,43.0,65.0
용산구,(용산동,로로스테이해방촌,0,중위험군,37.53954165,126.9858954,198753.4489,448892.8423,38.14629188,5.993345827922326,32.21984455503028,0.19427858675391035,43.0,65.0
용산구,서계동,서계스테이,0,중위험군,37.55168954,126.9676042,197137.3592,450241.5108,30.69327654,2.768689967351399,29.040653272053923,1.546668757124158,43.0,65.0
용산구,한강로3가,단아,0,중위험군,37.52169003,126.9604914,196507.4408,446912.1735,33.59049473,2.2183253456529393,30.766130970276592,-0.5490600443381453,43.0,65.0
용산구,후암동,서울 게스트하우스,0,중위험군,37.55074223,126.976227,197899.2826,450136.1431,24.19614192,-2.678310969741137,27.67038193554411,1.5943417027656435,43.0,65.0
용산구,한남동,라벨르하우스,0,중위험군,37.53143519,126.9977209,199798.555,447993.0338,29.32173359,-1.7870299018931703,31.01919408929183,-0.6282961015126035,43.0,65.0
용산구,용문동,라이커서울러,0,중위험군,37.53535072,126.9588475,196362.788,448428.4027,20.05768881,-7.487848269487024,28.403478922464505,0.7867041567590912,43.0,65.0
용산구,서계동,호두나무집,0,중위험군,37.54996606,126.9645311,196865.7351,450050.3232,26.22056965,-1.4025423114892703,29.25731657830342,1.4941951244797527,43.0,65.0
용산구,이태원동,이태원 드림,0,중위험군,37.53841239,126.9891511,199041.1711,448767.47,40.42805995,9.435476244194902,30.876833539134406,0.3191635840773131,43.0,65.0
용산구,보광동,이태원 스테이,0,중위험군,37.52824944,126.9974015,199770.314,447639.4558,26.91708028,-4.8771532793626236,31.17934228422057,-0.9035257135669742,43.0,65.0
용산구,후암동,Pea:pl Huam,0,중위험군,37.5481093,126.9795485,198192.7314,449843.8505,24.45231101,-5.086489716868204,29.21562023298857,0.8234097686867385,43.0,65.0
용산구,이태원동,이태원.zip,0,중위험군,37.53470407,126.9878597,198926.9821,448355.906,34.75253039,4.457222349362638,29.99695848643283,0.201280115927021,43.0,65.0
용산구,후암동,CASA NAMSAN,0,중위험군,37.55051249,126.9774787,198009.8854,450110.6175,21.22805258,-6.412840132402518,27.489221795617723,1.4876494554357054,43.0,65.0
용산구,(용산동,해방 하우스,0,중위험군,37.54096439,126.9842085,198604.3901,449050.7727,31.4649151,-1.6147408877636948,33.10936285272955,0.02655651403550474,43.0,65.0
용산구,서계동,늘담 스테이,0,중위험군,37.54879223,126.963867,196807.0035,449920.0645,32.4986227,2.9788313009839626,29.35198549366337,1.4658463778433795,43.0,65.0
용산구,서계동,zizone,0,중위험군,37.54869173,126.964257,196841.4645,449908.8971,30.37951578,1.4042316420548708,29.34363424882277,1.4791801923142336,43.0,65.0
용산구,원효로4가,Jeong's family,0,중위험군,37.53090532,126.9506842,195641.0271,447935.3652,31.40927108,1.5620243140142485,28.960732710036922,-1.0634995457663012,43.0,65.0
용산구,서빙고동,돈키호테,0,중위험군,37.51786867,126.9902113,199134.637,446487.3622,34.994351,1.9332596684018029,31.538820867009743,-1.3756570165414084,43.0,65.0
용산구,(용산동,소월길,0,중위험군,37.54393491,126.9833204,198525.9627,449380.4779,27.94964562,-4.302895051304112,32.26867638438141,-0.22842757218123033,43.0,65.0
용산구,이태원동,큐브 게스트하우스,0,중위험군,37.53302947,126.9912873,199229.9151,448170.0124,17.31946398,-12.7669212707461,30.132256664204434,-0.16824665099264596,43.0,65.0
용산구,서계동,수준있는집,0,중위험군,37.54819116,126.9631502,196743.6335,449853.3776,28.17083578,-2.5620050903944183,29.446346133880446,1.4564581711362723,43.0,65.0
용산구,이태원동,레온하우스,0,중위험군,37.53869625,126.9903683,199148.7515,448798.9633,32.63576148,1.7919084829426026,30.708348353351703,0.37363356777938533,43.0,65.0
용산구,(청파동,서울펜슬,0,중위험군,37.54139999,126.9671602,197097.7309,449099.5086,36.35984747,5.334140216507421,32.00265066418899,1.609569369184669,43.0,65.0
용산구,(청파동,casa cielo,0,중위험군,37.54545181,126.9683294,197201.2132,449549.176,39.89286709,5.305122085243113,31.171026377688463,1.6396055038620068,43.0,65.0
용산구,후암동,쯔요시노이에(tuyosinoie),0,중위험군,37.5477145,126.9774958,198011.3195,449800.0739,23.93230512,-4.920174112422991,28.985762856547503,1.148036187514308,43.0,65.0
용산구,원효로2가,더하우스,0,중위험군,37.53500173,126.9629771,196727.7649,448389.5174,37.0831031,9.090968039773987,29.0476252093263,1.5046996989225558,43.0,65.0
용산구,효창동,J.하우스,0,중위험군,37.53815423,126.9632642,196753.2741,448739.3963,28.37510465,-0.90886330173808,29.667499052291884,1.644688210305871,43.0,65.0
용산구,보광동,제니하우스,0,중위험군,37.52787765,126.9974731,199776.6444,447598.1916,32.78769654,0.8096586975680822,31.19977280975663,-0.960151379229053,43.0,65.0
용산구,용문동,더 타워 하우스(The tower house),0,중위험군,37.53536913,126.9593306,196405.4836,448430.4274,25.91142961,-1.7287152937226011,28.476284729009166,0.8807173917970827,43.0,65.0
용산구,이태원동,이태원 맨션,0,중위험군,37.53877802,126.9907578,199183.1807,448808.0353,32.09677122,1.4649590304799993,30.663167003527935,0.36707850062810543,43.0,65.0
용산구,서계동,Harry's House(해리 하우스),0,중위험군,37.55206852,126.9674209,197121.1793,450283.5786,33.6046859,4.2590042243484305,29.03542374929209,1.5325188488712267,43.0,65.0
용산구,이촌동,윤슬,0,중위험군,37.52699018,126.9524972,195801.0569,447500.7507,34.88590135,4.281553355977682,29.72110289922619,-0.7895787988299922,43.0,65.0
용산구,후암동,더 팔레트 후암,0,중위험군,37.54473767,126.9803784,198265.9826,449469.6247,30.30215814,-0.9940761549904877,31.450086245499897,0.14136485252462638,43.0,65.0
용산구,후암동,용산 제니하우스,0,중위험군,37.54564895,126.9820917,198417.4116,449570.7355,28.08784106,-3.176090564193114,31.324676804989235,-0.06813729975459643,43.0,65.0
용산구,이태원동,쏭하우스,0,중위험군,37.53793183,126.9906722,199175.6034,448714.1193,32.65552118,2.327121642518499,30.487572038254207,0.3134929965927268,43.0,65.0
용산구,이태원동,이태원 코지스테이,0,중위험군,37.53631144,126.9919022,199284.2918,448534.2658,25.29948435,-4.712405108637068,30.086524471797798,0.13873333299610802,43.0,65.0
용산구,후암동,MOOD SEOUL,0,중위험군,37.54463355,126.9778505,198042.5861,449458.1183,32.19969552,1.9516661042548265,31.052394724431167,0.7190640491464035,43.0,65.0
용산구,동자동,유나리아하우스,0,중위험군,37.55026236,126.9742585,197725.3248,450082.9291,22.7275262,-5.481227719572615,28.17565908147819,1.632893586966293,43.0,65.0
용산구,이태원동,림하우스,0,중위험군,37.53594878,126.9928326,199366.5261,448494.0084,26.30528079,-3.776218687137817,30.11743308001109,0.05126613209336786,43.0,65.0
용산구,(청파동,블루릭(Blue Leek),0,중위험군,37.54017596,126.9639231,196811.5976,448963.7611,28.99478013,-2.5766697188758414,30.46235350213483,1.6307542949354672,43.0,65.0
성동구,하왕십리동,차니하우스,0,중위험군,37.55805459,127.028784,202543.2662,450947.8516,25.23454891,-3.4549249925335666,29.613797723335466,0.8263012118138875,43.0,65.0
성동구,송정동,송정 하우스,0,중위험군,37.54662783,127.0645022,205700.0866,449681.1839,24.0064258,-9.803012178393221,33.95248703345605,-0.08301687977480599,43.0,65.0
성동구,성동,그린 하우스,0,중위험군,37.54582933,127.0482827,204266.8121,449591.7004,39.09648409,4.9799489481086,34.36120983825674,-0.08123628251315163,43.0,65.0
성동구,성동,진스테이,0,중위험군,37.5394625,127.0541394,204784.7784,448885.3415,32.4387449,-1.7253320028767192,34.48325360398959,-0.10627248732730965,43.0,65.0
성동구,성동,Hailey's House,0,중위험군,37.5339344,127.0512189,204526.9993,448271.6456,34.5564561,-0.2615077270919741,34.66998475163169,-0.13228620384342382,43.0,65.0
성동구,성동,팝스테이,0,중위험군,37.54026772,127.0537825,204753.1831,448974.693,31.2494278,-3.1434819887419394,34.46200222448865,-0.10593090783797654,43.0,65.0
성동구,성동,스테이 조율-성수,0,중위험군,37.53220981,127.0548993,204852.4048,448080.4209,35.03997235,0.32307988028215817,34.5809653313928,-0.12151234944798694,43.0,65.0
성동구,행당동,어반스케치,0,중위험군,37.55433323,127.0351149,203102.7959,450535.015,31.01612937,1.5002913441286267,29.90197448320436,0.3584797024918588,43.0,65.0
성동구,성동,달래하우스,0,중위험군,37.54178811,127.0497686,204398.3597,449143.2424,35.37129677,1.4271452168105796,34.43722802915315,-0.1117200171300784,43.0,65.0
성동구,성동,SYOM,0,중위험군,37.53414112,127.054017,204774.3045,448294.7273,33.5893465,-1.179527320662686,34.63139947206857,-0.12289548130231132,43.0,65.0
성동구,성동,금호스테이,0,중위험군,37.5457164,127.021118,201866.2312,449578.2805,37.16132447,5.765981479032117,30.873799112099018,-0.4662352407509968,43.0,65.0
성동구,성동,바인 스테이 성수,0,중위험군,37.54617069,127.0444113,203924.6697,449629.4186,28.18006879,-5.849423631641713,34.23708870265873,-0.08537836376727093,43.0,65.0
성동구,하왕십리동,서울 비앰비,0,중위험군,37.56184051,127.0260286,202299.6893,451367.9729,37.01310899,8.644975606387803,29.293961421324383,0.8821088907311013,43.0,65.0
성동구,성동,리틀 포레스트,0,중위험군,37.53458686,127.0525155,204641.5639,448344.1238,33.28722836,-1.5074086291244484,34.656218814396766,-0.1237392166473903,43.0,65.0
성동구,옥수동,Hannam guest house,0,중위험군,37.53816993,127.0089856,200794.1502,448740.5426,36.5204789,4.630925403654565,32.10198026083697,0.18989935017446258,43.0,65.0
성동구,용답동,용답스테이,0,중위험군,37.55987237,127.0522577,204617.2149,451150.4977,32.78419457,1.5211092630863696,31.38914520851222,0.11269151254988657,43.0,65.0
성동구,성동,포레리움,0,중위험군,37.54553266,127.0422072,203729.9231,449558.5152,35.84050268,1.5637732919662426,34.196695178134036,-0.11147473024716376,43.0,65.0
성동구,성동,아워 스테이,0,중위험군,37.53900161,127.0490565,204335.5857,448833.9418,27.77890156,-6.805247790579614,34.59579617484083,-0.1271933387065638,43.0,65.0
성동구,성동,Greenbnb,0,중위험군,37.53478943,127.0523989,204631.2413,448366.6008,37.82892714,3.040516635147192,34.6500507687568,-0.12368697531044359,43.0,65.0
성동구,성동,미야오엔퍼얼,0,중위험군,37.53841605,127.0491474,204343.6525,448768.956,24.39505448,-9.935710386044015,34.6128092397422,-0.12741855066351915,43.0,65.0
성동구,성동,어반리브 인 성수(URBAN LIVE IN SEONGSU),0,중위험군,37.53460493,127.046222,204085.3096,448345.8373,35.39564942,0.5174641953780679,34.69510018992133,-0.16366924949186035,43.0,65.0
마포구,연남동,와이즈하우스,0,중위험군,37.55779652,126.9216946,193081.1466,450921.7014,33.267893,-1.3498310728244505,32.375263837327765,2.267407115020854,43.0,65.0
마포구,연남동,트윈래빗1 게스트하우스,0,중위험군,37.55789361,126.9218322,193093.3162,450932.4671,35.55621481,0.6406485085366569,32.45002074436462,2.278578674461865,43.0,65.0
마포구,동교동,오하나 하우스,0,중위험군,37.55422456,126.927554,193598.5669,450524.8411,27.82469851,-3.0620211833519626,30.769821262496095,3.368280185693705,43.0,65.0
마포구,연남동,훤게스트하우스,0,중위험군,37.55870775,126.9198925,192922.0112,451022.9713,38.71075694,7.057661800222554,32.503195042780725,1.9339521141343639,43.0,65.0
마포구,서교동,KK-하우스,0,중위험군,37.55193913,126.9253322,193402.0439,450271.3393,32.74695425,3.728139859597075,32.13133263407117,2.7985418752491986,43.0,65.0
마포구,성산동,게스트하우스 성산,0,중위험군,37.55595163,126.9128343,192298.0919,450717.6296,38.14555038,8.545774552469695,29.7878503683748,0.37791675712165057,43.0,65.0
마포구,연남동,연남 끝자락,0,중위험군,37.56360512,126.9199508,192927.6209,451566.5173,36.21115663,4.440569649463992,32.82556476249793,0.9681876015865921,43.0,65.0
마포구,연남동,포근하우스,0,중위험군,37.55913646,126.9193057,192870.2002,451070.5974,36.82256692,5.633012055361068,32.4680396148089,1.755413720497477,43.0,65.0
마포구,서교동,코지 스테이,0,중위험군,37.55151743,126.9253299,193401.7999,450224.5358,32.00167776,2.841500742581644,32.30201823148104,2.808655521021363,43.0,65.0
마포구,연남동,스튜디오호퓨,0,중위험군,37.56059168,126.9255391,193421.081,451231.6551,40.93780333,8.435191216598177,34.71382487258975,2.576847636313455,43.0,65.0
마포구,성산동,NANI HOUSE RoofTop 33,0,중위험군,37.56535053,126.9065646,191745.1355,451761.329,22.48437175,-6.31749345750033,28.681893020582617,-0.6982150992236235,43.0,65.0
마포구,서교동,테디하우스,0,중위험군,37.55267949,126.9287785,193706.6347,450353.2741,31.31296706,3.0348509237065855,29.348294485021732,3.381326827329464,43.0,65.0
마포구,동교동,티오피 하우스,0,중위험군,37.55482194,126.926535,193508.5748,450591.2131,41.0454164,9.493679721653166,31.936972793180125,3.407439164215069,43.0,65.0
마포구,서교동,RM,0,중위험군,37.55090549,126.9147261,192464.7387,450157.4149,33.76621815,3.9377142993850107,29.77512650893188,2.306184324547358,43.0,65.0
마포구,동교동,아우어하우스,0,중위험군,37.55336243,126.9292649,193749.6664,450429.0399,25.33308272,-1.4405129165599604,29.63202068677909,3.4058386179594136,43.0,65.0
마포구,동교동,루프탑하우스,0,중위험군,37.55418272,126.9254038,193408.5639,450520.346,23.46196552,-6.712894246261051,31.847202672328255,3.1995345617629036,43.0,65.0
마포구,동교동,돌마,0,중위험군,37.55469129,126.9193174,192870.8123,450577.2354,34.59104969,2.375146676842782,31.646187046698966,3.9680630759405155,43.0,65.0
마포구,연남동,DW STAY3,0,중위험군,37.55843309,126.9212721,193043.8739,450992.3843,33.83190683,0.2543564807906904,32.62869018102468,2.2014580451292955,43.0,65.0
마포구,연남동,한스,0,중위험군,37.55852504,126.9185585,192804.1256,451002.794,28.54744467,-2.7508740635791895,31.708671347369613,1.950681276973569,43.0,65.0
마포구,연남동,Ssol Guest House,0,중위험군,37.55851995,126.9245155,193330.4643,451001.7897,37.80270192,4.313118905592631,33.20814957295723,2.3858121686484415,43.0,65.0
마포구,동교동,구 하우스,0,중위험군,37.55634351,126.9211748,193035.0841,450760.4729,23.99391221,-7.629755989950212,31.817546849266222,2.5893522769208133,43.0,65.0
마포구,합정동,합정해날,0,중위험군,37.54426265,126.913765,192379.1336,449420.2171,41.99386895,6.198959344024523,31.175917342157128,2.0625722320034767,43.0,65.0
마포구,상수동,스프링 라이트 게스트 하우스,0,중위험군,37.54764523,126.9232193,193214.9456,449794.9183,39.15014904,0.7488325480948816,32.834218071018306,2.312839015399946,43.0,65.0
마포구,동교동,SSU HOME,0,중위험군,37.55460824,126.9287221,193701.8125,450567.3461,34.04567459,0.9989900586701168,30.827843000383034,3.36536037223502,43.0,65.0
마포구,합정동,스테이코리아,0,중위험군,37.54869116,126.9084629,191911.0465,449912.1713,22.941797,-9.803402215420945,32.36651145435091,2.4134949227796465,43.0,65.0
마포구,연남동,라온 하우스 연남,0,중위험군,37.55695425,126.9202395,192952.503,450828.3275,29.36748283,-2.32781335474505,31.743972516952287,2.4789492852747386,43.0,65.0
마포구,연남동,민스테이2,0,중위험군,37.55680926,126.9176728,192725.698,450812.4309,27.15213555,-3.964356470622743,30.630850982419318,2.8159635621565466,43.0,65.0
마포구,성산동,Choi's Stay HongDae,0,중위험군,37.55676672,126.9147572,192468.0768,450807.9391,25.01274552,-4.78696215389941,29.917519277974336,1.040062678690472,43.0,65.0
마포구,서교동,더퍼스트홍대스테이101,0,중위험군,37.55146122,126.9266748,193520.6385,450218.2036,28.40707068,0.30599349852097646,31.118721716897184,2.6976296405261477,43.0,65.0
마포구,동교동,연지아트,0,중위험군,37.5526605,126.9317221,193966.7376,450350.9735,24.51116093,-2.310725810057445,29.783821059479735,3.7283018563957944,43.0,65.0
마포구,신수동,스테이 다하세,0,중위험군,37.54614185,126.9371346,194444.5194,449627.148,35.57648115,9.538755734796169,27.138950116930484,2.1105673469937627,43.0,65.0
마포구,연남동,연남내일,0,중위험군,37.55791318,126.9202118,192950.1485,450934.7595,33.9142008,3.4210099480020872,32.189568696170404,2.1785930394809414,43.0,65.0
마포구,서교동,Lucy Stay,0,중위험군,37.55111052,126.913632,192368.0825,450180.259,22.04434461,-4.894967582755804,29.69106659430825,2.5764742784913177,43.0,65.0
마포구,서교동,서교휴스테이,0,중위험군,37.55279818,126.9286534,193695.5931,450366.4557,25.93416033,-1.9331722290335094,29.305261156445717,3.3896829403880684,43.0,65.0
마포구,창전동,아이린 홈,0,중위험군,37.55061658,126.931945,193986.2731,450124.1085,34.51662387,1.116092020931326,27.978274283517997,3.9386790808405694,43.0,65.0
마포구,서교동,서교 게스트하우스 다날,0,중위험군,37.54725613,126.9184787,192795.9831,449752.0856,30.68283529,-0.5845117111920501,31.150349178462093,1.7399234615803838,43.0,65.0
마포구,상수동,슈기 BNB,0,중위험군,37.54765558,126.9226917,193168.3255,449796.1053,40.16823128,-0.039477782466207145,32.77973045674843,2.2238882086732734,43.0,65.0
마포구,성산동,머무름,0,중위험군,37.56182415,126.9141894,192418.4166,451369.2997,37.3043128,4.288297167295525,31.621916234854254,-1.2746324607475887,43.0,65.0
마포구,연남동,라벤더하우스,0,중위험군,37.5600351,126.9234491,193236.3744,451170.0296,32.93403465,-1.425252031014736,34.08256323461043,2.672023757334234,43.0,65.0
마포구,연남동,익스테이 맨션 연남,0,중위험군,37.56165068,126.9204902,192975.0909,451349.557,29.38357537,-1.9122619934487517,32.59342036949198,1.8675315374961488,43.0,65.0
마포구,서교동,디자인 스테이 합정,0,중위험군,37.54887719,126.914836,192474.2461,449932.2891,28.40657473,-2.2269238749893354,30.161626316694573,1.9762343315179371,43.0,65.0
마포구,동교동,뮤즈,0,중위험군,37.5558765,126.923548,193244.7381,450708.4672,30.51335378,-1.1073271154303832,31.46054501586469,2.2374633669217174,43.0,65.0
마포구,성산동,JY House 2,0,중위험군,37.56103633,126.9146356,192457.7654,451281.8251,40.69309482,7.579662068803252,31.856770970484757,-1.1335480217124396,43.0,65.0
마포구,서교동,YONG HOUSE,0,중위험군,37.55098903,126.9245619,193333.8861,450165.9439,29.67906713,-0.25611400214740243,32.97811212718284,2.8992387087724367,43.0,65.0
마포구,성산동,JY HOUSE,0,중위험군,37.55726808,126.914478,192443.4568,450863.6065,25.61974775,-4.176489556766391,29.79717780479222,0.6059856039881366,43.0,65.0
마포구,동교동,모노홈1,0,중위험군,37.55378382,126.9295017,193770.6301,450475.7934,26.27219165,-2.7886269395470933,29.943553837411805,3.4177845689371225,43.0,65.0
마포구,서교동,새롬,0,중위험군,37.55128859,126.9239814,193282.6187,450199.2328,32.35519934,-0.25321410457789284,32.989415502800085,3.047898290311322,43.0,65.0
마포구,동교동,준하우스3,0,중위험군,37.55723082,126.9218378,193093.7533,450858.9049,43.71208381,8.997451427910903,32.072100763649416,2.3373947910431188,43.0,65.0
마포구,망원동,함성 파라다이스,0,중위험군,37.55732145,126.9040559,191522.5916,450870.4189,31.17133177,-2.205809877954014,32.80985472993565,1.3917995808921662,43.0,65.0
마포구,성산동,성산아뜰리에,0,중위험군,37.56019029,126.9096289,192015.3097,451188.3382,24.03977298,-5.080930265444728,29.230746696679493,-0.7220861170112439,43.0,65.0
마포구,동교동,바이브스테이,0,중위험군,37.55319291,126.9308158,193886.6939,450410.1232,30.8128126,4.630134113803763,30.119816356957596,3.621736934731225,43.0,65.0
마포구,신공덕동,데이오프모드홈,0,중위험군,37.53990855,126.9562045,196129.4227,448934.3715,16.71965706,-11.025858364950736,27.594671194325507,0.7523529983047307,43.0,65.0
마포구,연남동,바닐라하우스,0,중위험군,37.5582193,126.9207099,192994.1878,450968.6979,39.39225521,5.849764208993285,32.506702605880605,2.169322653013977,43.0,65.0
마포구,서교동,스텔라,0,중위험군,37.54959647,126.912166,192238.3813,450012.3377,30.068261,1.5258152019350604,30.262276558296286,2.6687481062860563,43.0,65.0
마포구,창전동,유유당,0,중위험군,37.55037236,126.9278371,193623.2521,450097.2738,26.62969059,-1.7131367277803946,30.724123914652626,2.722813765415782,43.0,65.0
마포구,서교동,시즈 스페이스,0,중위험군,37.55117729,126.9133849,192346.2482,450187.6898,25.27037924,-1.6961167335242813,29.70992251148214,2.629151437862671,43.0,65.0
마포구,연남동,La Lune,0,중위험군,37.55925439,126.9225821,193159.7005,451083.4428,29.54518489,-2.5552687607816367,32.70355097395889,2.58624934370221,43.0,65.0
마포구,창전동,홍시하우스,0,중위험군,37.54946987,126.9265325,193507.8941,449997.1975,29.11612454,-0.04824295554301372,31.73460935532057,2.594158992986144,43.0,65.0
마포구,서교동,서교로운,0,중위험군,37.55049276,126.9160363,192580.4697,450111.5026,26.88859193,-1.576870134665132,30.088691185277654,2.0025898807291544,43.0,65.0
마포구,동교동,다우하우스2,0,중위험군,37.55457568,126.927105,193558.921,450563.842,40.71434358,9.66787034302343,31.388865647048654,3.3632983360518587,43.0,65.0
마포구,서교동,타일러 하우스,0,중위험군,37.5467538,126.916954,192661.1965,449696.451,29.57551963,-2.8687069162509893,30.962090805458132,1.789484986153727,43.0,65.0
마포구,동교동,스테이 조은,0,중위험군,37.55756505,126.9239548,193280.8362,450895.847,22.61313565,-9.309643743679796,32.235412987958455,2.2465571584066275,43.0,65.0
마포구,망원동,톨망스테이 마포,0,중위험군,37.5569266,126.899778,191144.5553,450826.9896,34.69890026,0.19155133712853,33.69006886789545,1.413571003182332,43.0,65.0
마포구,서교동,홈 스윗 402 마포,0,중위험군,37.55090715,126.9129594,192308.6202,450157.7422,22.06168508,-5.162914668745703,29.83559093072762,2.653340039648028,43.0,65.0
마포구,서교동,부티크서울,0,중위험군,37.55142189,126.9271918,193566.317,450213.803,30.73164498,3.0781845016660725,30.569888442512045,2.7625831308048023,43.0,65.0
마포구,서교동,스테이 해움,0,중위험군,37.54660575,126.9156218,192543.4619,449680.124,37.10582542,6.284297912388457,30.81801581032476,1.8934888962340346,43.0,65.0
마포구,연남동,휘게,0,중위험군,37.55851835,126.9243834,193318.7905,451001.6215,42.38424742,7.017823474552976,33.16348928462397,2.393393740501603,43.0,65.0
마포구,합정동,결,0,중위험군,37.54861729,126.9042444,191538.2568,449904.3439,34.30626323,2.958522092445506,33.61504061391691,2.0268571064607253,43.0,65.0
마포구,성산동,캉스하우스,0,중위험군,37.55750175,126.9077471,191848.7506,450890.1035,41.89491356,10.089075113448928,31.651142324975062,0.4698706682149331,43.0,65.0
마포구,성산동,제이와이스테이 2,0,중위험군,37.56307978,126.9145847,192453.469,451508.6281,33.73385391,2.8389352895394495,32.017132132014616,-1.380817118457934,43.0,65.0
마포구,창전동,카사코요,0,중위험군,37.54439269,126.9314306,193940.3069,449433.3648,35.00590587,5.649065306356189,29.499630295940776,0.3154059219081363,43.0,65.0
마포구,동교동,메모리 조선,0,중위험군,37.55775829,126.9240385,193288.2437,450917.2884,25.64662774,-9.663630216942096,32.376689014039364,2.276366188119098,43.0,65.0
마포구,상암동,STAY PUZZLE,0,중위험군,37.57386298,126.8955523,190773.2687,452707.1364,30.9205535,2.437543029640967,27.77831303370168,-0.6502173400842071,43.0,65.0
마포구,아현동,마포온탑,0,중위험군,37.55067626,126.9595336,196424.1593,450129.3252,32.95100231,3.340583684004077,29.320938899611317,1.2445088192730847,43.0,65.0
마포구,노고산동,B.B.Stay (Sinchon),0,중위험군,37.55289838,126.9389669,194606.9329,450376.935,36.78137629,8.241649800959447,27.873933166860308,2.8373756567469828,43.0,65.0
마포구,서교동,이프스테이,0,중위험군,37.55546359,126.9129239,192305.9552,450663.4556,23.88584963,-5.336075637559706,29.891453236996576,0.9207277722326427,43.0,65.0
마포구,성산동,도메인,0,중위험군,37.55976615,126.9161614,192592.4449,451140.7287,28.52777175,-2.9146192403039173,31.375864683584894,-0.30489428117702644,43.0,65.0
마포구,노고산동,포시즌,0,중위험군,37.55171722,126.9399304,194691.9807,450245.7855,34.10111243,9.056137524983217,28.248809810226327,2.864074910813809,43.0,65.0
마포구,서교동,OMG HOUSE,0,중위험군,37.55234514,126.9280798,193644.8678,450316.2123,26.65922893,-2.6041043729196325,29.556258522757847,3.3652285298496603,43.0,65.0
마포구,망원동,리버레스트,0,중위험군,37.5511509,126.90009,191171.4409,450185.9263,37.87598507,5.513294207974596,34.21268460651685,1.6538057751180852,43.0,65.0
마포구,합정동,망원 다날하우스,0,중위험군,37.54926971,126.9050766,191611.8698,449976.6801,36.26360009,1.5097872533495504,33.38442662298407,2.099510941056826,43.0,65.0
마포구,서교동,제니수빈하우스,0,중위험군,37.55278146,126.9279665,193634.8933,450364.6463,23.63023311,-2.970670795682853,29.396912512855394,3.4279762268789447,43.0,65.0
마포구,연남동,Sang Oh's House,0,중위험군,37.55605432,126.9184987,192798.6024,450728.5779,32.49833447,3.8926649539078646,31.02439866448642,3.1712320890706955,43.0,65.0
마포구,동교동,코지듀플렉스 하우스,0,중위험군,37.55465313,126.9247605,193351.7689,450572.6012,30.97562203,1.6912424524058238,32.30494170035358,2.760954997187652,43.0,65.0
마포구,망원동,망원루,0,중위험군,37.55113694,126.9063357,191723.3458,450183.8087,23.9631614,-10.21335482001059,32.819665943001084,2.228805181584335,43.0,65.0
마포구,합정동,THE MORUVIA,0,중위험군,37.55076621,126.9094035,191994.3865,450142.3964,42.99204982,5.076744780146015,31.369356434507036,2.595700683628444,43.0,65.0
마포구,공덕동,위시 스테이,0,중위험군,37.54369658,126.9538131,195918.2874,449354.8979,28.20674077,1.183925459335594,26.992228074404075,0.43301266483910245,43.0,65.0
마포구,성산동,풀하우스1,0,중위험군,37.56104176,126.9093305,191989.0395,451282.8667,23.65384853,-5.921773130449612,29.114503259202166,-0.7719609044897153,43.0,65.0
마포구,서교동,위리브홍대501,0,중위험군,37.5499898,126.9196882,192903.1298,450055.3981,32.98019543,0.1891526820772853,31.032069073133027,2.3546472215288836,43.0,65.0
마포구,서교동,누비스테이 홍대,0,중위험군,37.55315463,126.927343,193579.8291,450406.1061,23.57534656,-3.9813743827888963,29.53561005438251,3.3663516095867205,43.0,65.0
마포구,합정동,스테이 서온,0,중위험군,37.54896244,126.9081269,191881.3861,449942.3091,40.05799576,-0.3178318892378087,32.446910609438405,2.4090387042238226,43.0,65.0
마포구,연남동,포레스트 연남,0,중위험군,37.5636183,126.9197142,192906.7193,451567.998,31.62598176,-0.5384925067308437,32.82239507649228,0.736977895599273,43.0,65.0
마포구,동교동,센테니얼,0,중위험군,37.55685321,126.9217056,193082.0331,450817.0044,27.59019674,-6.311811641694188,31.92013383025006,2.405734302261044,43.0,65.0
마포구,동교동,Ogada,0,중위험군,37.55493531,126.9279649,193634.9368,450603.698,30.96974865,2.146904815071551,31.31377619089198,3.424385554553078,43.0,65.0
마포구,성산동,수니하우스,0,중위험군,37.55794477,126.9164707,192619.5987,450938.5528,31.19970535,-1.6963815596303213,30.137145354604883,1.8424348529763144,43.0,65.0
마포구,대흥동,서강제이스테이,0,중위험군,37.54967635,126.9440976,195060.0801,450019.0463,42.33524994,11.247554427388678,29.653689733996572,2.7136408471223183,43.0,65.0
마포구,망원동,대상101,0,중위험군,37.55340663,126.9044787,191559.5042,450435.8823,41.55074877,7.881861326508989,33.596634656343895,1.93306489492064,43.0,65.0
마포구,상암동,플레이스공백,0,중위험군,37.57368571,126.8950498,190728.8612,452687.5109,25.45795547,-3.091919703516975,27.84665145066358,-0.6353041651300516,43.0,65.0
마포구,창전동,4U STAY 2호점,0,중위험군,37.55152012,126.9295253,193772.5227,450224.5482,27.06025953,0.5721160337392348,29.923547195210716,3.2621647376703025,43.0,65.0
마포구,창전동,Meet seoul,0,중위험군,37.54384404,126.9310365,193905.4371,449372.4967,25.3817539,-5.1355974998728335,29.742176038125876,0.3052471871467305,43.0,65.0
마포구,동교동,NG HOUSE,0,중위험군,37.55405638,126.9283128,193665.6013,450506.1238,32.39205576,1.534343935607307,30.205591692305596,3.3600111350417596,43.0,65.0
마포구,서교동,스테이 패스포트 삿포로 료칸 서울 홍대 2,0,중위험군,37.55016087,126.9224061,193143.3168,450074.1831,37.4126863,1.8773652280230664,32.13830513470661,2.868885743328387,43.0,65.0
마포구,서교동,LaLa House,0,중위험군,37.55298572,126.926104,193470.3338,450387.4444,30.68509449,0.9976724184980021,30.77363276526829,3.091088552322871,43.0,65.0
마포구,연남동,파크애비뉴2,0,중위험군,37.55972368,126.9222049,193126.4132,451135.5559,29.18723315,-3.6811890518038375,32.51624739398457,2.729008869946825,43.0,65.0
강서구,공항동,다산하우스,0,중위험군,37.55819835,126.8091533,183137.394,450980.5368,36.66551807,4.283297707219845,32.47567105211788,-1.5412794133173988,43.0,65.0
마포구,연남동,게스트하우스 미야,0,중위험군,37.55831432,126.9248872,193363.2837,450978.9409,33.26936542,0.5166522267614866,33.12709047014626,2.3120374521342963,43.0,65.0
마포구,연남동,써니힐게스트하우스,0,중위험군,37.55782876,126.9202923,192957.2453,450925.3838,25.18874332,-5.207130850743674,32.18097798714399,2.2096278520338273,43.0,65.0
마포구,서교동,해피트리 게스트하우스 2호점,0,중위험군,37.55203802,126.9268585,193536.9191,450282.2089,23.74382047,-3.978764644534028,30.518171599451552,2.908971306720323,43.0,65.0
마포구,서교동,에이블게스트하우스2,0,중위험군,37.55280968,126.9261264,193472.2995,450367.9045,31.58223256,1.864515381148692,30.798318693734238,3.0444268806502732,43.0,65.0
마포구,서교동,홍대게스트하우스 마마스앤파파스,0,중위험군,37.54670433,126.9198148,192914.0087,449690.7409,39.34662083,8.516284715905805,31.4843526340129,1.7209721182044335,43.0,65.0
마포구,서교동,Dream House,0,중위험군,37.55175436,126.9156247,192544.2258,450251.5577,30.00158181,0.6092601964828894,29.952612071284577,2.3065952334776245,43.0,65.0
마포구,서교동,코코아2,0,중위험군,37.54705335,126.9209993,193018.7097,449729.3893,26.36162214,-3.75235712254025,31.953509402833426,1.836630970730931,43.0,65.0
마포구,서교동,오리 게스트하우스,0,중위험군,37.55317553,126.927908,193629.7549,450408.3873,24.42336585,-2.3591879508490443,29.318584433058007,3.420141148213477,43.0,65.0
마포구,동교동,패밀리하우스텔＃,0,중위험군,37.55684199,126.9226019,193161.2268,450815.6935,32.9948693,-1.0500798622455463,31.783415731879845,2.2593577902427033,43.0,65.0
마포구,연남동,Kassy's House,0,중위험군,37.56079124,126.9253162,193401.4053,451253.8195,40.16257635,7.578273917980397,34.69157061736985,2.597834443209175,43.0,65.0
마포구,신수동,The house Maxminium,0,중위험군,37.54674616,126.9326125,194044.9467,449694.496,35.03725006,7.3768202769844,27.533191934525554,1.8047646628426215,43.0,65.0
마포구,연남동,서울크라운88게스트하우스,0,중위험군,37.56035396,126.9256121,193427.5108,451205.2659,31.7595665,-0.47776827550472944,34.7227456223968,2.5560449520830897,43.0,65.0
마포구,성산동,이강게스트하우스,0,중위험군,37.55755256,126.9146392,192457.7252,450895.1675,28.62220364,-1.2048599496558943,29.820968626508737,0.555515166956169,43.0,65.0
마포구,동교동,Seoulwise,0,중위험군,37.55706685,126.9220143,193109.3334,450840.6932,36.05495544,1.3194139486240815,31.94971879707463,2.3854924377750084,43.0,65.0
마포구,연남동,스튜디오41,0,중위험군,37.55876326,126.9207348,192996.4309,451029.0692,22.27170157,-11.261964034022743,32.61163075290249,1.9967522644908648,43.0,65.0
마포구,서교동,LikeU,0,중위험군,37.5536952,126.9271158,193559.7951,450466.1184,31.80733007,0.5361221708279302,30.317664462166913,3.3486791852049698,43.0,65.0
마포구,서교동,홀리데이 게스트하우스,0,중위험군,37.55039705,126.9196745,192901.9552,450100.599,24.25475427,-7.211167551929709,30.864260910583557,2.5435673087195725,43.0,65.0
마포구,신수동,이안,0,중위험군,37.54369213,126.9389939,194608.6504,449355.1505,29.24049188,0.1798708014766568,28.63384887746234,1.3138771064574821,43.0,65.0
마포구,서교동,호 홈텔,0,중위험군,37.55201076,126.9110999,192144.4214,450280.3835,26.70511878,-4.1629458270923685,30.475608754429835,2.638733883074451,43.0,65.0
마포구,연남동,SARA HOME,0,중위험군,37.55742324,126.9197339,192907.8691,450880.4179,29.64589898,-1.5540522621866621,31.729044553323874,2.3315588737400144,43.0,65.0
마포구,연남동,Kw 홍대 Line,0,중위험군,37.55875522,126.9241949,193302.1521,451027.9247,31.49584106,-0.6773284950159173,33.330590674351896,2.4392561863170266,43.0,65.0
마포구,연남동,로이하우스,0,중위험군,37.56033744,126.9232228,193216.4063,451203.6021,28.34226138,-4.476033205765869,34.04566859100225,2.79223952840671,43.0,65.0
마포구,대흥동,Yellow moon,0,중위험군,37.54668374,126.9429083,194954.7881,449686.9658,23.80997655,-4.26975232411624,29.573396135423344,2.361381499055444,43.0,65.0
마포구,연남동,라이크 하우스,0,중위험군,37.55803089,126.9249115,193365.4091,450947.4818,36.18848268,1.00220558412353,32.79646059645592,2.233407858982841,43.0,65.0
마포구,연남동,리앤노게스트하우스,0,중위험군,37.55866884,126.9202696,192955.3267,451018.6245,27.35316031,-5.593633172217345,32.5538193004307,1.9541297779048235,43.0,65.0
마포구,동교동,우와 게스트하우스,0,중위험군,37.55753315,126.9222792,193132.7814,450892.4276,40.07178591,5.460920320666666,32.25567501094788,2.262770511170369,43.0,65.0
마포구,연남동,Super 7,0,중위험군,37.55559792,126.9179905,192753.6557,450677.962,28.99010107,-2.6886099520020643,31.22289320804357,3.5321403739102326,43.0,65.0
마포구,서교동,룩스 게스트하우스,0,중위험군,37.55209813,126.9296242,193781.3126,450288.6938,28.89382901,2.8847415212374017,29.694480170032165,3.3715700050976833,43.0,65.0
마포구,연남동,써니힐게스트하우스 홍대,0,중위험군,37.55976759,126.920493,192975.1624,451140.556,32.52134,0.7431587531900661,32.557445059525406,1.4961089435952628,43.0,65.0
마포구,연남동,아트하우스,0,중위험군,37.55751216,126.9209742,193017.4684,450890.1941,40.73077658,9.189714977400907,32.32174858121519,2.310498739953254,43.0,65.0
마포구,합정동,스테이민,0,중위험군,37.54890658,126.9064695,191734.9157,449936.2537,33.96804287,0.6582126956957453,33.03357094657928,2.2489724201795127,43.0,65.0
마포구,서교동,홍대 센트럴 스테이,0,중위험군,37.55273594,126.9273541,193580.7766,450359.6357,31.42582019,3.5717568765812224,29.705429317426194,3.340454283297817,43.0,65.0
마포구,동교동,JS house2,0,중위험군,37.5576649,126.9250506,193377.669,450906.8514,25.14515607,-8.260530922590824,32.43865559934008,2.144747796540377,43.0,65.0
마포구,연남동,스윗 멜로디,0,중위험군,37.55806102,126.9244259,193322.5004,450950.8602,40.81468876,4.052997516763,32.659174444121646,2.3051684167747224,43.0,65.0
마포구,연남동,맞이,0,중위험군,37.55876481,126.9210109,193020.8261,451029.2207,35.77006471,2.208979853520539,32.621762284751604,2.0613841804537976,43.0,65.0
마포구,합정동,haven stay,0,중위험군,37.55036823,126.908171,191885.4355,450098.3311,38.17786029,2.085618556969095,32.15870589881861,2.4518129670920517,43.0,65.0
마포구,신공덕동,송희,0,중위험군,37.54064205,126.9533211,195874.6391,449015.9037,25.82337604,-1.3327907127274656,27.266743805035837,0.21908493733300832,43.0,65.0
마포구,도화동,리틀포레스트,0,중위험군,37.53795091,126.9514522,195709.3091,448717.3037,29.33889992,1.0210312939329746,27.801470687025827,-0.4764059523456555,43.0,65.0
마포구,창전동,고요 홍대,0,중위험군,37.54996029,126.9257236,193436.4579,450051.6844,26.39344157,-2.802747369927694,32.23285464431984,2.714633654292329,43.0,65.0
마포구,연남동,Steady 게스트하우스,0,중위험군,37.55833333,126.9202425,192952.8962,450981.3888,27.7291516,-4.1544454074840615,32.46477070905293,2.058782281232431,43.0,65.0
마포구,창전동,웰컴하우스,0,중위험군,37.55015445,126.9256913,193433.618,450073.2361,29.01780701,-0.16479788472465629,32.241292711766185,2.734320367930304,43.0,65.0
마포구,서교동,+82 Capsule Hotel,0,중위험군,37.5468202,126.9198665,192918.5875,449703.5972,36.97728226,6.232342232190007,31.501901925844233,1.7231865999025249,43.0,65.0
마포구,서교동,로터스로터스,0,중위험군,37.55181873,126.9262993,193487.4895,450257.9089,22.83674666,-5.361302759178926,31.29056792090897,2.764563379227318,43.0,65.0
마포구,노고산동,마포자이,0,중위험군,37.55296342,126.9404764,194740.3144,450384.0682,21.00371472,-4.612071594759893,28.75748147550722,2.8085249563547854,43.0,65.0
마포구,대흥동,루트9,0,중위험군,37.54983429,126.9438568,195038.8118,450036.5884,41.57305109,10.459318926879579,29.50231923744058,2.7341523666622374,43.0,65.0
마포구,연남동,연남 로망,0,중위험군,37.56062507,126.9244771,193327.2565,451235.4358,48.52961673,7.150327974045297,34.56623936475955,2.6603707182341925,43.0,65.0
마포구,성산동,라이터스 룸,0,중위험군,37.55856936,126.9062053,191712.6399,451008.7304,27.10731695,-5.012059365574277,31.412269189671164,0.49704097103604633,43.0,65.0
마포구,서교동,블루스테이,0,중위험군,37.55533263,126.9118343,192209.6627,450649.0104,35.30757303,5.5606481354576935,30.30889855687086,1.0293354427924108,43.0,65.0
마포구,서교동,서교 도우너,0,중위험군,37.55321396,126.9180289,192756.8109,450413.3679,28.51137281,-4.931240894454927,31.36563099724203,3.503591285005733,43.0,65.0
마포구,연남동,Cozy Studio 202,0,중위험군,37.55650637,126.9182881,192780.0401,450778.7663,30.81049452,2.020138444310046,30.780328327395324,2.9527286281488063,43.0,65.0
마포구,동교동,스페이스 코아,0,중위험군,37.55270699,126.9305703,193864.9654,450356.2079,23.86757789,-2.6174437832840702,29.967290592100223,3.5850570003454862,43.0,65.0
마포구,서교동,L&Y Stay,0,중위험군,37.55289856,126.9289348,193720.466,450377.5778,27.6736049,0.07065631518422677,29.38348929401694,3.362172267147265,43.0,65.0
마포구,합정동,골든트리,0,중위험군,37.54668998,126.906308,191720.4,449690.252,37.52472058,6.354284976614956,33.43349185633948,2.1960847301490216,43.0,65.0
마포구,도화동,하안 하우스,0,중위험군,37.53890888,126.9516033,195722.7235,448823.6197,32.53226493,4.488367880935083,27.681776599859678,-0.3715206063147005,43.0,65.0
마포구,합정동,하얀 딸기,0,중위험군,37.54541282,126.9143001,192426.5429,449547.8288,36.51783848,0.5171170418690139,30.92853479384087,2.0461438150860594,43.0,65.0
마포구,망원동,아우픈,0,중위험군,37.55453031,126.9045442,191565.4159,450560.5915,36.24302856,3.395861080503167,33.67609553089875,1.8941457450511103,43.0,65.0
마포구,염리동,초록스테이 공덕,0,중위험군,37.54514616,126.9489945,195492.5309,449516.0038,19.78585128,-8.826484355139808,28.422199813858658,0.4140450491135423,43.0,65.0
마포구,상암동,스테이 디어,0,중위험군,37.57413025,126.8955269,190771.0579,452736.8028,20.53888739,-7.338771059887019,27.755837169865124,-0.6616692015709201,43.0,65.0
마포구,망원동,STAY WOL,0,중위험군,37.55393329,126.9037089,191491.5462,450494.4047,29.01706952,-5.103418077427008,33.7731176390006,1.84536592463931,43.0,65.0
마포구,서교동,풀문스테이,0,중위험군,37.54997981,126.9223443,193137.8383,450054.0922,42.6935332,5.942439967038176,32.1180445712151,2.8213245645319356,43.0,65.0
마포구,아현동,Stay On Seoul,0,중위험군,37.55149333,126.960066,196471.2428,450219.9901,32.08604884,4.125920564814869,29.316521471636552,1.2694044876215733,43.0,65.0
마포구,성산동,써니 스프링,0,중위험군,37.56259425,126.9137567,192380.2658,451454.8068,29.50420272,-3.259825475708457,31.383676899549155,-1.344744018443032,43.0,65.0
마포구,서교동,BTS Guest house,0,중위험군,37.55464626,126.9126246,192279.4212,450572.7663,23.99903008,-8.285796944913717,30.116762745979315,1.4907217771407457,43.0,65.0
마포구,상수동,상수 아뜰리에,0,중위험군,37.54566293,126.9245223,193329.9176,449574.8137,36.73465065,-0.9932048705035612,32.344547991689716,1.969417517799274,43.0,65.0
마포구,서교동,정원스테이 1,0,중위험군,37.55230664,126.9266384,193517.4988,450312.0377,30.32865026,1.4525604794200717,30.5611766770939,2.973355001617473,43.0,65.0
마포구,서교동,KING HOUSE,0,중위험군,37.55209038,126.9231987,193213.5344,450288.2781,42.21776619,1.7629081340644746,32.39102744825492,3.317975279631472,43.0,65.0
마포구,창전동,초록이네,0,중위험군,37.54627008,126.9305852,193865.7501,449641.7872,22.24778781,-6.557257388044679,29.315513181721577,0.7109994694955226,43.0,65.0
마포구,노고산동,스테이하이 신촌,0,중위험군,37.55230764,126.9322726,194015.3534,450311.775,32.05220032,3.1238770199171597,28.805051785180336,3.846565267899976,43.0,65.0
마포구,망원동,쥐에이치302,0,중위험군,37.5517225,126.8990535,191079.9203,450249.4649,35.3914195,2.9010707147652184,34.283443446602035,1.60294072081728,43.0,65.0
마포구,서교동,딥 서울,0,중위험군,37.55011629,126.9193083,192869.5723,450069.4657,31.66683114,1.588598040101033,30.887720246078537,2.3270014307206335,43.0,65.0
마포구,연남동,민트하우스,0,중위험군,37.55935718,126.9250912,193381.4042,451094.6716,39.92167612,1.13837393036237,34.14878399901994,2.474085433091529,43.0,65.0
마포구,연남동,헬로 연남 스테이,0,중위험군,37.56024134,126.9173929,192701.2977,451193.3729,31.81894065,-0.08528505493217864,31.868939064979948,-0.0472404399229196,43.0,65.0
마포구,동교동,메종513,0,중위험군,37.55457418,126.9284655,193679.1379,450563.5831,31.08881327,1.4226601088449122,30.851819544085764,3.367331424750282,43.0,65.0
마포구,서교동,유스스페이스,0,중위험군,37.54940196,126.9197132,192905.2806,449990.1531,27.15666719,-6.0922936194453,31.277888568149002,2.1205239567593184,43.0,65.0
마포구,서교동,apple house 101호,0,중위험군,37.55290289,126.9279042,193629.3942,450378.1278,23.57576336,-3.299490929578056,29.428319372637294,3.420916905495999,43.0,65.0
마포구,망원동,행복이 가득한 집,0,중위험군,37.55246365,126.902778,191409.1197,450331.3768,23.68320137,-8.567660872358879,33.878291793847886,1.8157865473903068,43.0,65.0
마포구,연남동,JS Yeonnam guest,0,중위험군,37.56165342,126.9230161,193198.2649,451349.6753,31.27147034,-2.0774986093086127,33.92444585092062,2.7626201179947514,43.0,65.0
마포구,상암동,Stay Iris,0,중위험군,37.5753065,126.8933182,190576.0958,452867.5723,30.66388628,2.07630536322063,27.8419675036797,-0.6807415921038885,43.0,65.0
마포구,상암동,스테이 네버랜드 DMC,0,중위험군,37.57513805,126.893324,190576.5869,452848.8757,23.86274041,-4.682044407567162,27.83674234090156,-0.6744084216531049,43.0,65.0
마포구,서교동,시티 오아시스 홍대점,0,중위험군,37.55287535,126.9260075,193461.7953,450375.2014,30.89315707,1.239973038015222,30.91034682614411,3.043842665316891,43.0,65.0
마포구,합정동,희우스테이,0,중위험군,37.54739762,126.9043256,191545.2998,449768.9679,35.04256106,3.6739729661001057,33.661300255859466,2.049574829873023,43.0,65.0
마포구,상암동,스테이 하루,0,중위험군,37.57474949,126.893449,190587.5766,452805.7374,26.75574957,-1.186966574247215,27.835917740837882,-0.6606706864842522,43.0,65.0
마포구,연남동,그린하우스102,0,중위험군,37.5578824,126.917783,192735.5402,450931.5282,38.8693751,9.275359619052551,30.913827411506176,2.243895176602707,43.0,65.0
마포구,연남동,예하우스 연남,0,중위험군,37.55996888,126.9229258,193190.1298,451162.7178,40.85664227,7.650971050172359,33.4411766498105,2.709092494693987,43.0,65.0
마포구,성산동,브라우니 포레스트,0,중위험군,37.56220648,126.9133615,192345.3069,451411.801,33.71841733,1.2438707576068637,31.065125044505443,-1.2656342461519254,43.0,65.0
마포구,합정동,Y's STAY,0,중위험군,37.54883563,126.9070973,191790.3914,449928.3241,42.45819566,5.1991590873138165,32.84810188077202,2.288098520054685,43.0,65.0
마포구,연남동,올해피하우스,0,중위험군,37.5589573,126.9200435,192935.3686,451050.6571,39.99342163,7.680988362234785,32.58904503823362,1.8428831416692704,43.0,65.0
마포구,연남동,두부,0,중위험군,37.56257625,126.9234464,193236.3656,451452.0675,34.08966944,2.175360938943477,34.186171572434844,2.6058154463577257,43.0,65.0
마포구,망원동,온더집,0,중위험군,37.55051294,126.9064,191728.9561,450114.5465,33.46466143,-1.780933952182302,32.85763732925121,2.241029727043943,43.0,65.0
마포구,동교동,kyoobee guesthouse,0,중위험군,37.55501325,126.9269668,193546.7508,450612.4165,37.08827618,6.7837214406695665,31.88444704872172,3.405187915041665,43.0,65.0
마포구,서교동,볼 게스트하우스,0,중위험군,37.54708647,126.9150678,192494.5538,449733.5222,22.80732285,-7.942697344210025,30.653341363531027,1.962258710458392,43.0,65.0
마포구,망원동,다온하우스M,0,중위험군,37.55389926,126.9053715,191638.4466,450490.4786,31.12135511,-3.343271966138243,33.50329306186756,2.0065701012736423,43.0,65.0
마포구,망원동,린덴스튜디오,0,중위험군,37.5516092,126.9052807,191630.1716,450236.3173,33.41491595,-1.0968138375730874,33.15283560388542,2.083424805885942,43.0,65.0
마포구,서교동,써니빌,0,중위험군,37.55242914,126.9279967,193637.5328,450325.5409,32.77585344,4.1232892411069315,29.544259509800767,3.3539280430771083,43.0,65.0
마포구,서교동,하모니 스테이,0,중위험군,37.55054647,126.9198745,192919.6408,450117.1678,30.68323792,-1.1560439421894166,30.890045564263996,2.6674886363265844,43.0,65.0
마포구,서교동,Comfy & Cozy,0,중위험군,37.55105539,126.9207869,193000.3151,450173.5835,31.51898508,-0.9285732744982198,31.10175531131083,3.0037031175347058,43.0,65.0
마포구,서교동,어반 오아시스,0,중위험군,37.55267504,126.9266128,193515.265,450352.9274,30.79370271,1.113855504527045,30.3769394863313,3.1182428501342976,43.0,65.0
마포구,연남동,JUST MANSION 1,0,중위험군,37.55874771,126.9249481,193368.7004,451027.0377,31.73490856,-5.1094183515355525,33.55850959696872,2.393044986564816,43.0,65.0
마포구,합정동,몽키하우스,0,중위험군,37.54610257,126.9151674,192503.2516,449624.3132,39.11971898,2.2073616068289397,30.851000635950818,1.9627927289998066,43.0,65.0
마포구,서교동,샬루스테이,0,중위험군,37.54846762,126.9174357,192703.9395,449886.6268,33.52278603,0.375714351508762,30.770148456301968,1.7888517997714242,43.0,65.0
마포구,성산동,Onul,0,중위험군,37.56028967,126.9055058,191651.0266,451199.7264,23.88553162,-6.646027980723538,30.435864630715685,0.12599610379173723,43.0,65.0
마포구,합정동,YG Stay House,0,중위험군,37.54640733,126.9051248,191615.8121,449658.9861,31.75355595,0.4496107917612875,33.66985849360204,2.1150131718571625,43.0,65.0
마포구,서교동,굿데이하우스,0,중위험군,37.54600767,126.9175288,192711.9191,449613.5948,22.06565094,-12.698594426864904,31.143711519852637,1.7748292484271548,43.0,65.0
마포구,성산동,블루스프링 하우스,0,중위험군,37.56385593,126.9095673,192010.2603,451595.1863,27.42669595,-1.944901480940434,29.076130146071247,-1.0197373065619615,43.0,65.0
마포구,성산동,베이스캠프 하우스,0,중위험군,37.56114282,126.9089216,191952.9226,451294.1181,23.6638318,-5.889857891249466,29.13380265944582,-0.7068873809705989,43.0,65.0
마포구,서교동,스테이 시오,0,중위험군,37.55274182,126.9278376,193623.4981,450360.2554,22.62545372,-4.283504301641749,29.479799149071027,3.400639368635882,43.0,65.0
마포구,연남동,소소연남,0,중위험군,37.56120277,126.9166027,192631.581,451300.1419,27.93528747,-5.491434546217754,32.47551756260043,-1.0326650971484668,43.0,65.0
마포구,연남동,연남 베통부르트2,0,중위험군,37.56263081,126.9222676,193132.2252,451458.2085,30.3705705,-1.8954204974144275,33.55791683673955,2.49291027823855,43.0,65.0
마포구,창전동,시크릿 온 하우스,0,중위험군,37.55016429,126.9280507,193642.1111,450074.166,29.68410825,1.3543312337188738,30.73506585722482,2.75024689260657,43.0,65.0
마포구,서교동,Check in H,0,중위험군,37.55318919,126.928484,193680.6565,450409.8645,26.24392256,0.14119748014872968,29.16085831364786,3.3782892326733513,43.0,65.0
마포구,서교동,코지데이즈,0,중위험군,37.55253459,126.9277373,193614.6211,450337.2622,31.96039936,5.010264595193583,29.593097744295406,3.3436275134013833,43.0,65.0
마포구,동교동,화이트그린 게스트하우스,0,중위험군,37.55394319,126.9302668,193838.2525,450493.4311,37.0364581,9.284660925940074,30.141389446150157,3.5207521611134815,43.0,65.0
마포구,망원동,MANGWON ATELIER,0,중위험군,37.55443326,126.9049301,191599.5098,450549.7856,40.9956845,8.121953299054134,33.63011858748197,1.934586787183104,43.0,65.0
마포구,성산동,제이선 하우스,0,중위험군,37.55665905,126.9103047,192074.651,450796.3551,23.03603287,-7.823216135214121,30.85411055585312,-0.08331277638681196,43.0,65.0
마포구,합정동,리버사이드 스테이,0,중위험군,37.54766936,126.9033077,191455.3812,449799.2198,37.06684634,5.399851838008242,33.861079721504865,1.9614070685030822,43.0,65.0
마포구,서교동,글로리 데이즈,0,중위험군,37.54659986,126.9166466,192634.0208,449679.3895,33.11392292,1.2671439898449037,30.94787793362088,1.7722284413640645,43.0,65.0
마포구,창전동,수 하우스,0,중위험군,37.5498158,126.9273501,193580.1727,450035.5354,31.09879714,-1.899169248164366,31.1752000312762,2.597662092524609,43.0,65.0
마포구,노고산동,Home Sweet Home,0,중위험군,37.55281226,126.9389285,194603.5318,450367.3789,35.4579583,6.965267321537375,27.825775284846394,2.842158806839088,43.0,65.0
마포구,동교동,온하루 게스트 하우스,0,중위험군,37.55664652,126.9209554,193015.7264,450794.1197,34.95459312,3.9037807798181348,31.902096993071538,2.5145027303185694,43.0,65.0
마포구,서교동,유락,0,중위험군,37.5503917,126.9216833,193079.4643,450099.8555,34.30032908,-1.8390825776035484,31.645588093776695,2.8805486592748286,43.0,65.0
마포구,서교동,사랑이네,0,중위험군,37.54749813,126.9157605,192555.8077,449779.1564,31.58564063,2.341343282140542,30.65172200942454,1.826300199171445,43.0,65.0
마포구,동교동,Haoguesthouse,0,중위험군,37.55264313,126.9307969,193884.9816,450349.1054,16.79140741,-10.5628194634963,29.98621716025938,3.61830360272034,43.0,65.0
마포구,연남동,중전 하우스,0,중위험군,37.5575546,126.9177931,192736.4016,450895.1455,25.42636995,-2.7236951827164475,30.66876552244439,2.4276737736173293,43.0,65.0
마포구,망원동,인 스테이,0,중위험군,37.55166977,126.9044573,191557.4217,450243.1135,23.87696958,-8.984588516039267,33.390850945571735,1.9967752155370242,43.0,65.0
마포구,망원동,수지 케이원스테이,0,중위험군,37.55713406,126.9051883,191622.627,450849.5193,42.68450554,8.553495705697316,32.673221923393065,1.363931326348251,43.0,65.0
마포구,연남동,KeKeKe,0,중위험군,37.55965822,126.9220764,193115.0536,451128.3001,21.87344993,-11.145147411391278,32.558254772946455,2.717366260395826,43.0,65.0
마포구,서교동,스테이 서교드레곤,0,중위험군,37.55121526,126.9129189,192305.0757,450191.9421,31.12642349,3.900517024912734,29.823100885090447,2.686554979813709,43.0,65.0
마포구,서교동,dou dou,0,중위험군,37.54873272,126.9198101,192913.7827,449915.8681,38.81549789,4.17834304071863,31.489873552019354,1.9261758904796127,43.0,65.0
마포구,서교동,트랭퀼 해븐 홍대,0,중위험군,37.55253691,126.9281922,193654.8117,450337.4889,26.00375615,-2.844215822086884,29.45634659299374,3.3892761445232438,43.0,65.0
마포구,노고산동,멜로우 스테이 2호점,0,중위험군,37.55139021,126.9373861,194467.1327,450209.6381,25.38253696,-9.317964502807147,26.572850401950657,2.9614512500417787,43.0,65.0
마포구,서교동,비나인 게스트하우스,0,중위험군,37.55202404,126.9303693,193847.1518,450280.4217,27.97971066,1.9529485726439262,29.913309314812487,3.514725275336308,43.0,65.0
마포구,연남동,비스타스테이,0,중위험군,37.55740282,126.917767,192734.079,450878.3017,23.11500448,-5.426077283354022,30.61508999894214,2.52595558487178,43.0,65.0
마포구,망원동,JSM Studio,0,중위험군,37.55285681,126.898384,191020.8982,450375.4235,34.80654346,2.2695464964740637,34.28509710811382,1.562717778485741,43.0,65.0
마포구,연남동,블루 스테이,0,중위험군,37.5610275,126.9262094,193480.3444,451279.9793,33.25568755,-0.5102295703294359,34.75602583490168,2.577234403273051,43.0,65.0
마포구,동교동,우드사이드,0,중위험군,37.55482251,126.9276038,193603.0193,450591.2031,25.64313331,-2.6221719242388524,31.287924473046147,3.4239976349260597,43.0,65.0
마포구,창전동,VERVE STAY,0,중위험군,37.55005907,126.9268709,193537.8493,450062.5683,30.97216399,-0.5453804115094059,31.417238498390265,2.616583386510018,43.0,65.0
마포구,염리동,지안네이쳐,0,중위험군,37.55298988,126.9465876,195280.326,450386.6805,29.171108,-0.8048710969742032,30.539038723765863,2.5862847389935393,43.0,65.0
마포구,연남동,소풍 게스트하우스,0,중위험군,37.55958254,126.9232542,193219.1104,451119.8149,38.67684091,3.908319819153455,33.56436041647311,2.5940791225336763,43.0,65.0
마포구,서교동,우디하우스,0,중위험군,37.55260324,126.9267013,193523.0807,450344.9524,30.37088121,1.0264876286788613,30.332455719992545,3.1218731163157836,43.0,65.0
마포구,성산동,seaven 하우스,0,중위험군,37.56227653,126.9059323,191688.9357,451420.2067,32.2755314,2.9085495926675655,29.279787044997335,-0.29822455028966305,43.0,65.0
마포구,창전동,코리하우스,0,중위험군,37.55181818,126.9304978,193858.4888,450257.5653,28.74953165,2.1057391688684426,29.938488816472812,3.5375294231514034,43.0,65.0
마포구,동교동,도우 하우스,0,중위험군,37.55400495,126.9252355,193393.6761,450500.6275,30.72945564,0.21337436608822813,31.87325919420802,3.183850147664212,43.0,65.0
마포구,서교동,GROG STUDIO,0,중위험군,37.55183504,126.9254802,193415.1091,450259.7762,33.65734025,4.683363248111313,32.06805499038365,2.78196178727777,43.0,65.0
마포구,연남동,달 하우스,0,중위험군,37.55841366,126.9248547,193360.4235,450989.9687,41.41296388,8.674012036977842,33.21602986639881,2.3362411118817707,43.0,65.0
마포구,상암동,Via Stay,0,중위험군,37.57462768,126.8944528,190676.2335,452792.1178,30.51205888,2.0380265007702754,27.80895670908208,-0.6682341584022186,43.0,65.0
마포구,서교동,다다하우스,0,중위험군,37.55298757,126.9288081,193709.2753,450387.4653,32.31160952,4.680608047479801,29.310689006446673,3.403748782526641,43.0,65.0
마포구,성산동,포테이토 앨리,0,중위험군,37.56073424,126.9099892,192047.2025,451248.6797,23.21368799,-6.430070686942813,29.186999985927244,-0.8431726085022359,43.0,65.0
마포구,연남동,온하우스,0,중위험군,37.55661624,126.9201559,192945.0844,450790.8187,28.80088208,-3.0381850847192595,31.568645120338967,2.652408356118556,43.0,65.0
마포구,구수동,헤이포레스트,0,중위험군,37.54236636,126.9324919,194033.9438,449208.3988,31.84433256,2.4544379392041336,29.60401925223298,0.2227362757090538,43.0,65.0
마포구,서교동,벨 하우스,0,중위험군,37.5528088,126.9280929,193646.062,450367.6721,24.15956058,-2.067346322326017,29.338260679321365,3.416434374728806,43.0,65.0
마포구,연남동,복합문화공간 봄날,0,중위험군,37.55990228,126.9172449,192688.1952,451155.7527,30.43825896,-1.0415997598270081,31.62520462809777,0.21378448510971615,43.0,65.0
종로구,연건동,더 모멘트 종로(The Momonet-Jongno),0,중위험군,37.57423456,126.9987163,199886.6043,452743.25,26.54252768,-5.343503295760634,31.92269029453554,0.15720537213245211,43.0,65.0
마포구,동교동,해피나인스,0,중위험군,37.55436431,126.9272422,193571.0269,450540.373,23.86706517,-7.108886782599939,31.102552875458287,3.349093929730815,43.0,65.0
마포구,연남동,마이 딥 포레스트,0,중위험군,37.55739223,126.918265,192778.0784,450877.088,19.96635202,-9.307387335658333,30.76700291243859,2.515093533823563,43.0,65.0
마포구,망원동,해온스테이,0,중위험군,37.554256,126.9068165,191766.1723,450529.9449,33.93535407,1.4802935214108572,33.44732529364596,2.1621877191163024,43.0,65.0
마포구,서교동,오즈 305,0,중위험군,37.55097676,126.9237328,193260.6258,450164.6412,36.91130012,4.796556403446182,33.13814857036613,3.002693352305943,43.0,65.0
마포구,성산동,로앤쿡드 더스테이,0,중위험군,37.56202672,126.9136903,192374.3467,451391.823,40.50944483,7.820269907903906,31.258705183484704,-1.2845351468299888,43.0,65.0
마포구,연남동,연남동 진영이네,0,중위험군,37.56280602,126.923179,193212.7594,451477.5886,28.53430499,-4.2444277751768915,34.04459583914728,2.5578376194110946,43.0,65.0
마포구,연남동,무야스튜디오,0,중위험군,37.55946985,126.9181048,192764.1279,451107.6915,39.64028168,7.692371939211448,31.786080497819658,1.238887078135069,43.0,65.0
마포구,서교동,온스테이,0,중위험군,37.55247711,126.9267982,193531.6287,450330.9468,30.67167391,1.4517458871729296,30.31275915610969,3.109928695324327,43.0,65.0
마포구,연남동,루하 하우스,0,중위험군,37.55919599,126.9197496,192909.4243,451077.171,31.40623758,-0.6156143429207752,32.61997334071302,1.7236372747191482,43.0,65.0
마포구,서교동,나인게스트하우스,0,중위험군,37.55278799,126.928838,193711.8979,450365.3124,25.96261061,-1.7494493681774763,29.36274217312484,3.371953431714025,43.0,65.0
마포구,연남동,크래프트맨스하우스,0,중위험군,37.55950426,126.9241199,193295.5978,451111.0646,36.52224377,0.423774084676829,34.022517335346755,2.532262825075981,43.0,65.0
마포구,연남동,캐리즈 홈2,0,중위험군,37.55850027,126.925375,193406.4031,450999.5448,30.62687923,-4.859508562590413,33.44509455481369,2.303910132511809,43.0,65.0
마포구,연남동,아리아 하우스,0,중위험군,37.561434,126.9169165,192659.3271,451325.7812,34.29737212,0.7577249438641687,32.604126964103514,-1.003856298031338,43.0,65.0
마포구,성산동,Bang's House,0,중위험군,37.55876634,126.9163218,192606.5174,451029.749,23.87726737,-6.614579661798469,30.573107214624805,0.8347359868777229,43.0,65.0
마포구,창전동,Dave's 93,0,중위험군,37.55160016,126.9310755,193909.5183,450233.3301,31.75813991,1.9497266056040417,29.975929422484132,3.647935595671964,43.0,65.0
마포구,서교동,다다스테이,0,중위험군,37.55487185,126.9140081,192401.6977,450597.6913,31.37293487,1.708944029249686,29.96363954334496,1.201355856650568,43.0,65.0
마포구,상암동,엠마하우스,0,중위험군,37.57499578,126.8944726,190678.0337,452832.9707,32.95278994,4.731916954003822,27.776313465595162,-0.6831969405975574,43.0,65.0
마포구,노고산동,시니 하우스,0,중위험군,37.5521011,126.9319731,193988.8684,450288.8707,30.70296119,4.503896762033122,29.162217028319372,3.818768235958954,43.0,65.0
마포구,성산동,라라 하우스,0,중위험군,37.55721625,126.9161138,192587.9849,450857.7238,36.6999007,6.070430052231366,30.04082736060134,1.8615406862056094,43.0,65.0
마포구,연남동,수림,0,중위험군,37.55939966,126.922284,193133.3732,451099.5878,34.60662346,2.4447645677229772,32.52227155994426,2.641643680390813,43.0,65.0
강서구,방화동,스카이빌하우스,0,중위험군,37.5674918,126.8088323,183111.1286,452012.0594,35.04752387,1.548716237913908,32.32802860800987,-1.625275626859877,43.0,65.0
강서구,화곡동,서울 메이트(Seoul Mate),0,중위험군,37.52953479,126.8423549,186065.648,447793.7881,31.13328893,-1.4055734996604414,28.39360707726439,3.7189249305009846,43.0,65.0
강서구,방화동,STAY HARI(스테이 하리),0,중위험군,37.56551779,126.8152159,183674.6593,451791.8391,35.01459023,3.1733234871506006,32.34844693857228,-1.5575219881791507,43.0,65.0
강서구,가양동,온더하우스,0,중위험군,37.55597212,126.8627488,187872.5653,450725.1866,24.98031601,-3.6915169356167254,29.240264372635654,0.7902440161708104,43.0,65.0
강서구,화곡동,서울의 밤,0,중위험군,37.53308137,126.8515273,186877.0233,448186.0956,28.38064628,-2.8348281343563286,32.02858398058735,2.2476676288938733,43.0,65.0
강서구,방화동,컴포홈,0,중위험군,37.56748202,126.8124535,183431.0465,452010.3293,32.69966703,-0.4129192432979991,32.32967979599247,-1.59365409422585,43.0,65.0
강서구,화곡동,Dana Stay,0,중위험군,37.54287256,126.8414946,185992.1032,449274.2461,26.0999262,-3.9417465268555567,29.814337350235068,0.3560023617569156,43.0,65.0
강서구,화곡동,WON STAY,0,중위험군,37.52982443,126.8364163,185540.7887,447826.831,12.49135168,-10.407589119432421,27.828621162715898,4.406898065769176,43.0,65.0
강서구,등촌동,어반 아뜰리에(Urban Atelier),0,중위험군,37.54240912,126.8610881,187723.6008,449220.0712,29.70617775,0.7606703852324657,28.862849492775744,-0.0738921774552103,43.0,65.0
강서구,마곡동,트라세움,0,중위험군,37.56965891,126.8224524,184314.8615,452250.2231,32.70634673,-0.45092793970644607,32.271400297336285,-1.6318322793496622,43.0,65.0
강서구,방화동,문문스테이,0,중위험군,37.56198222,126.8086221,183091.3113,451400.5977,20.24005342,-11.826379745732002,32.399836182125945,-1.5883653809709017,43.0,65.0
강서구,등촌동,정담가,0,중위험군,37.55264571,126.8563065,187302.7619,450356.8452,30.43649922,1.6592176230043094,29.504248660960922,0.6498737264848604,43.0,65.0
강서구,화곡동,까치,0,중위험군,37.53407531,126.8447126,186274.8841,448297.3835,39.93263183,11.217687929737771,31.65302163757119,2.75773564966338,43.0,65.0
강서구,방화동,스테이 홀리,0,중위험군,37.56498705,126.814004,183567.4744,451733.1443,33.96442152,0.35741831815943925,32.36033485092415,-1.576681661500543,43.0,65.0
강서구,내발산동,투마운틴스테이,0,중위험군,37.55121011,126.8370222,185598.4574,450200.2901,33.92152398,5.242262018323814,29.119219547311978,0.8905732124839754,43.0,65.0
강서구,화곡동,가치스테이,0,중위험군,37.5298184,126.8367007,185565.9275,447826.1181,19.08152692,-3.8581037965855387,27.846100746308515,4.386149139563845,43.0,65.0
강서구,화곡동,어반하우징,0,중위험군,37.52782705,126.8381079,185689.9292,447604.8877,14.12891186,-8.805628517915332,27.759361609220228,4.419409739693766,43.0,65.0
강서구,공항동,온유,0,중위험군,37.55901235,126.8121922,183406.085,451070.3405,34.76217051,1.6167189001486975,32.450951252468684,-1.5228109993765742,43.0,65.0
강서구,화곡동,온담,0,중위험군,37.5372785,126.8442462,186234.2474,448652.9667,32.42905877,3.1005685235942764,31.16877801602806,1.814357514580246,43.0,65.0
강서구,방화동,K컬쳐Stay 도경하우스,0,중위험군,37.56575535,126.8137794,183547.8046,451818.456,40.35735934,7.536886648033523,32.351073682805435,-1.580054648468125,43.0,65.0
강서구,방화동,아리아하우스,0,중위험군,37.56762493,126.8135239,183525.6408,452026.0025,24.06866528,-6.903735272531321,32.32850598275105,-1.5886939766845283,43.0,65.0
강서구,등촌동,샤론,0,중위험군,37.55459497,126.8595707,187591.5182,450572.754,33.05007459,3.450803472975746,29.36311880168895,0.6818786123576218,43.0,65.0
강서구,방화동,허쉬 하우스,0,중위험군,37.56597516,126.8098687,183202.3533,451843.5441,40.20728087,6.094528443840808,32.3471956688387,-1.6229845689263045,43.0,65.0
강서구,화곡동,여우와달,0,중위험군,37.53136306,126.8429936,186122.4463,447996.6092,32.67152742,7.188814957979204,28.995214483116968,3.3787449095274864,43.0,65.0
강서구,화곡동,Damon's house,0,중위험군,37.53877684,126.8453888,186335.5064,448819.0976,33.76667331,3.087039407837171,30.387213935512584,0.7854833462435153,43.0,65.0
강서구,공항동,김포공항앞 아파트 복층,0,중위험군,37.55744321,126.8101914,183228.9516,450896.5394,32.77005868,-0.26121621140296725,32.49288507398494,-1.515486123263618,43.0,65.0
강서구,방화동,그린하우스,0,중위험군,37.56599278,126.8092216,183145.1813,451845.6156,31.08625906,-3.081427580427249,32.346345476982165,-1.628191740396285,43.0,65.0
강서구,화곡동,라움하우스,0,중위험군,37.52895832,126.8394741,185810.9064,447730.2377,39.06245205,3.6101705175331844,27.97418629798611,4.108842734299017,43.0,65.0
강서구,내발산동,코너스톤,0,중위험군,37.55150336,126.8354043,185455.5459,450233.0865,27.81149142,-0.36237627068539524,28.92539717363818,0.9452709456305599,43.0,65.0
강서구,등촌동,보아트래블홈(BoA travel home),0,중위험군,37.55100642,126.8620755,187812.2652,450174.1399,22.39404595,-6.41674329941592,29.118428652203715,0.5550795242697775,43.0,65.0
강서구,내발산동,Cornerstay in Ujangsan,0,중위험군,37.54773545,126.832452,185193.9221,449815.3542,36.26766294,7.303065466329226,29.91232031834,0.8472188181134418,43.0,65.0
강서구,화곡동,스테이 쿠,0,중위험군,37.54526889,126.8493382,186685.7027,449539.0703,26.3972517,-2.7855872906467134,29.24707707133083,0.1638003512655837,43.0,65.0
강서구,마곡동,하니하우스,0,중위험군,37.57298497,126.8370528,185605.3532,452617.0406,36.13581892,3.1786659457672286,31.913254705088193,-0.9481292263723444,43.0,65.0
강서구,화곡동,이도트라움,0,중위험군,37.53152766,126.8403627,185889.935,448015.2692,23.22459113,-2.102299904644596,28.543790694420373,3.688213665048298,43.0,65.0
강서구,화곡동,헤나스테이,0,중위험군,37.54322275,126.8432758,186149.5824,449312.8491,30.97695534,1.3376478948576,29.58763051528065,0.2577446479956228,43.0,65.0
강서구,등촌동,브리즈스테이,0,중위험군,37.53400674,126.8605343,187673.2762,448287.5817,27.23929533,-3.3520954167212764,30.599166245519157,-0.11007498115447106,43.0,65.0
강서구,등촌동,서울로와 스테이,0,중위험군,37.54988505,126.8632009,187911.5277,450049.5359,23.44861266,-5.472537753973569,29.01946744570192,0.4960645420067537,43.0,65.0
강서구,개화동,럭키비키하우스,0,중위험군,37.57627585,126.7995523,182293.3573,452988.6968,27.58311222,-6.497644391143648,32.24246526744827,-1.643344389463722,43.0,65.0
강서구,방화동,연담스테이,0,중위험군,37.5695928,126.8120742,183398.0001,452244.6686,34.9953594,2.332018909558194,32.30497044179998,-1.646090295970853,43.0,65.0
강서구,내발산동,브라보스테이,0,중위험군,37.55137651,126.8369821,185594.9443,450218.7647,33.34969786,4.5941497879531,29.102439215098208,0.9144526237834187,43.0,65.0
강서구,화곡동,컴피화곡,0,중위험군,37.54176816,126.8419891,186035.6004,449151.5974,33.54100961,3.7039463241820165,29.947372002473173,0.3049248734828511,43.0,65.0
강서구,화곡동,행복감스테이,0,중위험군,37.53873628,126.8477643,186545.4418,448814.2534,32.06027015,1.84916688731942,30.206385215762733,0.35678958794989907,43.0,65.0
강서구,화곡동,Happy our sweet home,0,중위험군,37.53483932,126.8474673,186518.4896,448381.7808,29.13063949,-5.172949912705583,32.1886939374253,2.2180551139120497,43.0,65.0
강서구,내발산동,스텔라하우스,0,중위험군,37.55155149,126.8390605,185778.6334,450237.8689,21.44087469,-6.692229864367899,29.07696689540126,0.8702706475248021,43.0,65.0
강서구,화곡동,승희하우스,0,중위험군,37.54097548,126.8325965,185205.3618,449065.0559,26.75166287,-3.6361968204124615,32.116899413770746,1.5456786750836105,43.0,65.0
강서구,화곡동,오르카 스테이 402,0,중위험군,37.52995082,126.8446145,186265.4537,447839.63,32.45918833,2.9990691475391955,28.867854701116492,3.4609132780011143,43.0,65.0
강서구,화곡동,포우스테이,0,중위험군,37.54935107,126.8468729,186468.5778,449992.4953,29.0083722,-0.25691459383614657,29.30563058245984,0.5956958683583848,43.0,65.0
강서구,화곡동,은율하우스,0,중위험군,37.54607088,126.8513746,186865.8062,449627.7951,25.12712092,-4.294000710245388,29.320842848327796,0.23311622992606998,43.0,65.0
강서구,내발산동,감성아지트,0,중위험군,37.55272323,126.8361465,185521.3679,450368.363,13.10751804,-14.896497889775572,28.935239086001896,1.004928725726498,43.0,65.0
강서구,등촌동,스테이 미야,0,중위험군,37.55259612,126.8588205,187524.8983,450351.0047,33.0807682,4.457232929075261,29.317947318617975,0.6340569446356523,43.0,65.0
강서구,등촌동,플랜트리,0,중위험군,37.55583703,126.8448183,186288.2111,450712.6576,30.8726294,2.5017227867112766,29.37655815264258,0.899004295821006,43.0,65.0
강서구,화곡동,스테이진,0,중위험군,37.5332692,126.853607,187060.8793,448206.6543,35.30141779,4.198806647164734,31.728350977166947,1.9711489508099627,43.0,65.0
강서구,화곡동,달보드레126,0,중위험군,37.54300421,126.8419518,186032.5275,449288.7896,26.94433327,-3.0904722706822874,29.74364241097291,0.3413276089886917,43.0,65.0
강서구,화곡동,컴포트하우스,0,중위험군,37.53992554,126.8368112,185577.6359,448947.8705,40.16540532,9.486850013785446,31.0988663669482,1.3870960680962412,43.0,65.0
강서구,화곡동,Chill&Cozy,0,중위험군,37.54007381,126.8396905,185832.1329,448963.8889,40.73908381,8.5028184264538,30.63823318036931,1.3349414716022938,43.0,65.0
강서구,화곡동,haus.grove(하우스 그로브),0,중위험군,37.53538056,126.8370184,185595.0781,448443.4011,34.14848675,3.991732766424551,29.89866820068457,3.277435032722081,43.0,65.0
강서구,화곡동,달온재,0,중위험군,37.54293876,126.8420651,186042.5361,449281.5086,26.71136175,-3.3281404477670513,29.752967205931014,0.3292246123310581,43.0,65.0
영등포구,(영등포동,kelly homestay,0,중위험군,37.52670733,126.9043022,191540.8907,447472.6008,36.71600374,4.6499250941955665,31.738487629824565,0.3052693590848301,43.0,65.0
영등포구,신길동,보나,0,중위험군,37.51294457,126.9177036,192724.1609,445943.9864,21.69705205,-8.39647180834331,30.280384162985463,-0.6478455709846027,43.0,65.0
영등포구,(당산동,소울 스테이 아틀리에 영등포,0,중위험군,37.52351734,126.8968506,190881.8294,447119.2478,34.2078846,3.0560425328104976,30.96973339937604,0.40956708012250354,43.0,65.0
영등포구,신길동,슈롱하우스,0,중위험군,37.50431016,126.9089913,191952.9796,444986.3865,15.44384157,-13.411686218502663,29.059323839545698,0.22053786243505646,43.0,65.0
영등포구,(당산동,휴휴휴스테이,0,중위험군,37.52002329,126.8993344,191100.9776,446731.2141,26.96643061,-2.715050122783044,29.777322839972033,-0.2635434257811979,43.0,65.0
영등포구,(양평동,호미그라운드 선유도점,0,중위험군,37.53466489,126.8974632,190937.3316,448356.4287,32.01117132,-1.233156027470649,32.959399957247015,1.2745747835431327,43.0,65.0
영등포구,(영등포동,소피아하우스,0,중위험군,37.51792672,126.9069862,191777.1747,446497.8249,30.00041541,0.963927335565451,31.03840808522898,-1.1010997732193057,43.0,65.0
영등포구,(양평동,로그인 양평,0,중위험군,37.52238808,126.8836673,189716.2951,446995.2736,32.29788452,0.14378833846630812,31.38884674150882,0.6686474358664528,43.0,65.0
영등포구,신길동,미카 BNB,0,중위험군,37.50963183,126.9131508,192321.3076,445576.6762,32.34570867,1.5932173624950678,30.73006056632189,-0.32090699651700405,43.0,65.0
영등포구,(영등포동,부띠끄 영등포,0,중위험군,37.51868022,126.9021933,191353.553,446581.8836,28.24139823,-0.8655479049357702,29.550129114518644,-0.7059681038000651,43.0,65.0
영등포구,신길동,신길당,0,중위험군,37.51407405,126.9149341,192479.424,446069.5622,31.10096576,1.5024098194878022,30.989757818128982,-1.0283863229156196,43.0,65.0
영등포구,신길동,페퍼하우스,0,중위험군,37.50834849,126.9154608,192525.4127,445434.0559,23.23517398,-6.512056887827548,29.665708467382807,-0.07433442338022733,43.0,65.0
영등포구,도림동,스테이 수,0,중위험군,37.50792055,126.8970426,190896.9102,445388.1823,31.88416012,0.7433439232416283,32.4846928182685,-0.3115871669543413,43.0,65.0
영등포구,(양평동,서울집 선유,0,중위험군,37.53494527,126.8960762,190814.7739,448387.6821,32.35132788,-1.520036722079979,32.88411264221715,1.2574096672113453,43.0,65.0
영등포구,(양평동,유어홈,0,중위험군,37.53428972,126.8954625,190760.4551,448314.9842,30.51953008,-2.114195103586429,32.62446634352733,1.1911330220513536,43.0,65.0
영등포구,(당산동,당삼만실,0,중위험군,37.52205367,126.8965624,190856.171,446956.8267,29.66404774,-1.0892239466354,30.54931119347177,0.2773573031165497,43.0,65.0
영등포구,(당산동,이가빌 BNB,0,중위험군,37.52622906,126.8988035,191054.7869,447420.0274,37.05249147,3.054327130088069,31.605956424211307,0.5203903665191842,43.0,65.0
영등포구,대림동,Jinee House,0,중위험군,37.48928255,126.895435,190752.4743,443319.7623,34.02010313,4.60252190919001,29.806316309712315,0.34751054533669845,43.0,65.0
영등포구,신길동,a.Hidden House,0,중위험군,37.51202771,126.9137291,192372.6786,445842.5414,26.58679109,-4.071810992453763,31.075767576890485,-0.70542665549706,43.0,65.0
영등포구,대림동,staygyogyo,0,중위험군,37.49019949,126.897698,190952.7203,443421.3107,29.30789582,-0.08289821570600253,29.733476583766333,0.38645303482429105,43.0,65.0
서초구,방배동,로얄 홈스테이,0,중위험군,37.47229702,126.9896807,199087.1699,441429.5091,32.14042839,3.7130490858630267,31.106917302917033,2.395378595320062,43.0,65.0
서초구,양재동,알하우스,0,중위험군,37.47123375,127.0409486,203622.2877,441312.2379,31.32380718,1.2782282506047444,27.755132753279725,1.8767394124721155,43.0,65.0
서초구,양재동,양재블루,0,중위험군,37.46216111,127.0338684,202996.3354,440305.0493,35.77243163,4.265578424677365,29.235192431203252,1.947853918387136,43.0,65.0
서초구,서초동,우담바라 게스트하우스,0,중위험군,37.49389433,127.0164251,201452.515,443826.6003,19.61599044,-8.185069432725228,27.60276612739319,1.0016479113940862,43.0,65.0
서초구,방배동,Suho's stay,0,중위험군,37.48470672,126.9891961,199044.4647,442806.8247,23.57525744,-4.897206281830993,30.95785772137441,2.221823161363526,43.0,65.0
서초구,방배동,모라하우스,0,중위험군,37.48457925,126.9855429,198721.3625,442792.7205,31.4865799,-0.11677128823395577,30.96263506313236,2.1724291471984536,43.0,65.0
서초구,잠원동,Choice Guesthouse(초이스 게스트하우스),0,중위험군,37.50860686,127.0189716,201677.3822,445459.5432,29.97514592,-5.405357192983107,34.452480193937944,0.9081480894055259,43.0,65.0
서초구,반포동,Say house,0,중위험군,37.50522366,127.0211525,201870.2863,445084.0925,34.46745039,-1.724882931237957,34.573877345747334,0.9757056063971987,43.0,65.0
서초구,양재동,Sandy Blue House,0,중위험군,37.48134607,127.038656,203419.0268,442434.4842,29.20745076,-1.3444571303982507,28.15115313714515,1.380023364331922,43.0,65.0
서초구,반포동,서래마을 컴포트존:몽마르트 공원 인근 도심 속 숲 여행,0,중위험군,37.49156267,126.9988038,199894.2154,443567.6906,34.31815628,5.903602826416236,30.77508537843274,2.11020244867855,43.0,65.0
서초구,방배동,Amy's Wine House,0,중위험군,37.49092806,126.9953826,199591.6567,443497.2665,22.6623945,-8.224934061332348,30.851541744250582,2.1525246516105394,43.0,65.0
서초구,방배동,온스테이인방배,0,중위험군,37.47819409,126.9866924,198822.931,442084.0378,24.52796018,-6.964638225407093,31.02774149790542,2.2798445132822023,43.0,65.0
서초구,반포동,알레드반포,0,중위험군,37.50435327,127.0190548,201684.8278,444987.4508,31.22220184,-3.715467770548809,34.24000703121939,0.9246833824470763,43.0,65.0
서초구,방배동,서진빌딩,0,중위험군,37.49285057,126.9937297,199445.4904,443710.6484,23.89630186,-5.880737594149249,30.866626362749827,1.9789756065577206,43.0,65.0
서초구,양재동,슬로우 포레스트,0,중위험군,37.46967317,127.0475292,204204.4855,441139.308,23.0694479,-3.2700944940920422,27.605997837585896,1.726545309183069,43.0,65.0
종로구,평창동,Cozy House,0,중위험군,37.60187469,126.9666111,197051.5857,455811.5154,33.16659741,-1.7426576358495467,36.33872216289111,1.277875117439709,43.0,65.0
강남구,논현동,정호하우스,0,중위험군,37.5090821,127.0258297,202283.7234,445512.4331,42.18519787,6.092296911590765,35.89840212530476,1.1094073849778003,43.0,65.0
강남구,삼성동,어퍼하우스,0,중위험군,37.51043084,127.04562,204033.4103,445662.7903,34.99717861,1.2938995130785216,32.66286975828065,-2.9385332223234606,43.0,65.0
강남구,역삼동,엠티티 도미토리,0,중위험군,37.49295383,127.0343637,203038.9145,443722.6451,31.72139305,4.512951970421586,27.31774706032953,0.6681704933127222,43.0,65.0
강남구,삼성동,강남하우스,0,중위험군,37.50922544,127.0445853,203941.9891,445528.9624,31.87918992,-1.2144817662256884,32.70264555514816,-2.9861562295185915,43.0,65.0
강남구,역삼동,지니 홈,0,중위험군,37.49985292,127.0273115,202415.0336,444488.1499,32.45033756,0.39544365134296555,32.19024185681029,0.5559483086129198,43.0,65.0
강남구,역삼동,카일룸 블랙 701,0,중위험군,37.50558602,127.0375299,203318.3465,445124.7613,32.72768139,0.7774394234837985,32.70240972067971,-0.5661493913672437,43.0,65.0
강남구,삼성동,더 헤이븐,0,중위험군,37.50335065,127.0512278,204529.6396,444877.2351,27.8475887,-2.9825256308710486,33.797767104182256,-1.505199803162442,43.0,65.0
강남구,대치동,온유 스테이 Ⅲ,0,중위험군,37.49976088,127.0528319,204671.6949,444478.8954,34.89794073,0.1913359995571966,34.002161740623194,-0.9939975920937654,43.0,65.0
강남구,논현동,스테이 강남,0,중위험군,37.50668776,127.0299194,202645.3959,445246.7991,26.59824048,-9.135192256965844,35.37983355018716,1.0982674775372532,43.0,65.0
강남구,역삼동,스테이 라온,0,중위험군,37.49373646,127.0434077,203838.6658,443809.8372,29.01981765,2.1426188468629555,27.34903703379787,2.8842738629489926,43.0,65.0
강남구,역삼동,강남스테이,0,중위험군,37.49340357,127.0411789,203641.5829,443772.8022,28.54701688,1.011234111318494,27.616625865126935,2.3216868394475423,43.0,65.0
강남구,역삼동,강남스테이,0,중위험군,37.49033739,127.035811,203167.0099,443432.3023,28.34711281,0.9779448213516737,27.90979274100647,1.2519908852131543,43.0,65.0
강남구,역삼동,강남 코지,0,중위험군,37.50561615,127.0433248,203830.7314,445128.3254,33.57522628,4.3638678979647985,30.935357139427094,-2.9383775770269565,43.0,65.0
강남구,논현동,강남구 스테이,0,중위험군,37.51310491,127.0399731,203534.0214,445959.3509,26.69849919,-6.793627809117396,32.789583885316816,-1.8674700601720626,43.0,65.0
강남구,역삼동,시연 스테이,0,중위험군,37.48881443,127.0327461,202896.023,443263.1751,35.1993127,7.541980454909389,27.49863886322435,0.9290495238243026,43.0,65.0
강남구,역삼동,디모라 강남,0,중위험군,37.49239084,127.0329888,202917.3471,443660.1171,23.14233856,-3.3272745680056914,27.001156408887226,0.5407259457012588,43.0,65.0
강남구,논현동,B.B House,0,중위험군,37.51138335,127.020135,201780.176,445767.7195,34.47605521,-1.133211302278525,35.01093586650575,0.972049129465518,43.0,65.0
강남구,논현동,코지 스테이 신사,0,중위험군,37.51460092,127.0242561,202144.4343,446124.9148,34.00571848,-0.6095438956733332,34.671970257479536,1.1590149037990776,43.0,65.0
강남구,역삼동,힐링스테이 인 역삼,0,중위험군,37.49294738,127.0438504,203877.855,443722.2778,28.65470962,1.0826866834802367,27.49856948108114,2.9379020235119584,43.0,65.0
강남구,논현동,레드 비 하우스,0,중위험군,37.50644002,127.0272716,202411.2962,445219.232,35.5573339,-2.9778511988231102,35.54351267620073,1.0729245628105206,43.0,65.0
강남구,논현동,반 스테이,0,중위험군,37.51570214,127.0372404,203292.3066,446247.5114,26.66274028,-5.088999908391202,31.734846884550223,-0.07548747172373338,43.0,65.0
강남구,논현동,강남스타일 빌리지,0,중위험군,37.50555946,127.0246144,202176.3788,445121.4364,34.12646647,-2.1105601669768888,35.12204205443013,1.0499959001478811,43.0,65.0
강남구,역삼동,우리하우스,0,중위험군,37.50410281,127.0442755,203914.8622,444960.4033,19.41809462,-7.61466115981942,29.526457859798118,-2.0140119395844067,43.0,65.0
강남구,대치동,스테이인대치,0,중위험군,37.49757216,127.0552374,204884.5455,444236.098,33.12079577,-0.5523199834016523,33.79528667252018,-0.7639062467217298,43.0,65.0
강남구,역삼동,포그네 스테이,0,중위험군,37.50425687,127.0382452,203381.6533,444977.2682,31.6562999,1.0784994607196055,30.74918766821188,-0.436665953555036,43.0,65.0
강남구,도곡동,스테이럭스702,0,중위험군,37.48702457,127.0340386,203010.3973,443064.5647,35.60460167,5.426593566574077,27.953146109374345,1.127552270509406,43.0,65.0
강남구,논현동,안느스테이,0,중위험군,37.50478463,127.0290582,202569.3212,445035.5523,33.03497739,-2.406937005257042,35.149032724212205,1.0763578870161292,43.0,65.0
강남구,논현동,슬로우 논현,0,중위험군,37.50494989,127.0278057,202458.5709,445053.8606,37.28830696,2.66647256099931,35.257369889721616,1.0920934621698997,43.0,65.0
강남구,삼성동,강남 스테이2,0,중위험군,37.50353936,127.0509903,204508.6299,444898.1681,29.2237893,-1.5126898597281233,33.768541532370776,-1.5391018755488797,43.0,65.0
강남구,삼성동,코엑스 민박,0,중위험군,37.50892838,127.054201,204792.1779,445496.4388,31.77313903,-1.3720521228257887,32.7292471635012,-1.7836837075322656,43.0,65.0
강남구,대치동,대치 스테이,0,중위험군,37.49827346,127.0573963,205075.4095,444314.0475,33.74714862,-0.34957394042360335,33.54800631999397,-0.8850146538053556,43.0,65.0
강남구,논현동,네스트,0,중위험군,37.51052077,127.0407097,203599.2665,445672.5722,41.2322839,7.715609871477987,33.155118959606014,-2.59734477126043,43.0,65.0
강남구,역삼동,윰스테이,0,중위험군,37.49529588,127.0367426,203249.1872,443982.6615,20.04791008,-8.005161067876962,28.249328287432235,0.9217541973837443,43.0,65.0
강남구,역삼동,리마 오아시스,0,중위험군,37.50276638,127.0347393,203071.7265,444811.7228,30.07454456,-1.0386351387724737,31.106386178054986,-0.09662681256704052,43.0,65.0
강남구,역삼동,어반팀버선릉,0,중위험군,37.5048467,127.0427473,203779.7065,445042.903,33.7450922,4.996960292424269,29.890672195957965,-2.2442036913470336,43.0,65.0
강남구,대치동,수하우스,0,중위험군,37.49689863,127.0561327,204963.7644,444161.3918,30.52017559,-3.287885909880657,33.7051533202022,-0.7131815103439659,43.0,65.0
강남구,삼성동,케이트 하우스,0,중위험군,37.51017237,127.0453773,204011.9619,445634.093,35.91388745,1.871106398584736,32.66068522247064,-2.8987929914441612,43.0,65.0
강남구,역삼동,스테이 수,0,중위험군,37.50080062,127.0393793,203482.0976,444593.7104,25.87922304,-0.6664684987760126,26.954409468770137,0.8730695902654239,43.0,65.0
강남구,역삼동,스테이 오하2,0,중위험군,37.50400476,127.0444354,203929.0111,444949.5277,17.22508287,-9.961645750512218,29.56592073485558,-1.998543050410406,43.0,65.0
강남구,삼성동,길동박스,0,중위험군,37.50610203,127.0526915,204658.8938,445182.6744,24.14881345,-6.102934370258417,33.35122201276149,-1.700465371173228,43.0,65.0
강남구,논현동,웰컴서울,0,중위험군,37.50576745,127.033287,202943.1914,445144.7565,31.80044091,-3.213914590738433,34.53485062882684,0.6849082649513747,43.0,65.0
강남구,역삼동,더밤스테이 강남,0,중위험군,37.49794255,127.0305883,202704.8574,444276.2128,34.08532717,6.1965584969265315,28.421225797346693,-0.49125201451229417,43.0,65.0
강남구,대치동,가온재,0,중위험군,37.49961469,127.05203,204600.7988,444462.6308,31.97914074,-3.04246615395774,34.041483113370404,-0.9518270207870546,43.0,65.0
강남구,논현동,가든스테이 인 서울,0,중위험군,37.51343313,127.0281106,202485.2487,445995.3997,30.79048293,-3.9853187040969864,34.1567425526898,1.3122913787397779,43.0,65.0
강남구,청담동,호스테이 청담,0,중위험군,37.51884999,127.0434973,203845.3011,446597.1203,33.3193399,-0.3390298492262218,33.277108480024026,-1.721053344197775,43.0,65.0
강남구,논현동,진스테이,0,중위험군,37.50760589,127.0254401,202249.3213,445348.5833,34.90766854,-0.3127426987601396,35.52885952385273,1.0716202197895806,43.0,65.0
강남구,삼성동,아몰프 펜트하우스 삼성,0,중위험군,37.51105138,127.0476376,204211.7543,445731.7507,29.79204152,-0.9079162920681405,32.57470734536299,-2.6777472510837645,43.0,65.0
강남구,대치동,Stay 여운 ; 청월,0,중위험군,37.4974769,127.0582499,205150.9459,444225.686,31.04538424,-2.470997067370025,33.478430890817684,-0.8217510605422478,43.0,65.0
강남구,대치동,하이 서울,0,중위험군,37.501816,127.0579172,205121.2286,444707.2517,33.32584445,-0.5356090291827229,33.26280104613079,-1.1616059554054863,43.0,65.0
강남구,역삼동,스노어랙스,0,중위험군,37.49205457,127.0424317,203752.4413,443623.1301,26.17513653,0.5317709340123464,27.741080736479795,2.535110198947538,43.0,65.0
강남구,대치동,메종 서울,0,중위험군,37.50207006,127.0582631,205151.7958,444735.468,30.58631409,-2.8606829320626694,33.219996541117816,-1.172904584125479,43.0,65.0
강남구,논현동,베이트 샬롬,0,중위험군,37.50953104,127.0285218,202521.7287,445562.3284,29.62687629,-6.323063531913235,35.41707855641721,1.268807994986965,43.0,65.0
강남구,대치동,강남아이빌,0,중위험군,37.50293703,127.0532138,204705.2733,444831.4261,35.34688444,2.854577383600372,33.85845165502805,-1.3842154305553538,43.0,65.0
강남구,신사동,제이지 하우스(JG House),0,중위험군,37.51693973,127.0228527,202020.3018,446384.462,36.16102078,1.9629373668775685,34.63314645550774,1.136347215712147,43.0,65.0
강남구,신사동,강남 가로수,0,중위험군,37.51928396,127.0202834,201793.1073,446644.5899,35.59389941,0.8510160566536271,34.691346856379795,1.0820279220999314,43.0,65.0
강남구,신사동,그린빌라트,0,중위험군,37.51952449,127.0243587,202153.3697,446671.3711,35.28081558,1.5234928635129137,34.34656176770559,1.1985109809703365,43.0,65.0
강남구,역삼동,하루게스트하우스(Haru Guest House),0,중위험군,37.4985488,127.0337612,202985.4087,444343.5945,31.6949345,2.5772726482274884,29.14817999554355,-0.17866445723855628,43.0,65.0
강남구,역삼동,해피투게더,0,중위험군,37.48972239,127.0360837,203191.1528,443364.0546,23.9742128,-2.5811797260396965,28.00808532938106,1.2986377682584287,43.0,65.0
강남구,역삼동,강남비앤비,0,중위험군,37.49958615,127.0280264,202478.2597,444458.5605,34.00436785,2.406715417175061,31.433301102435685,0.40277263843433114,43.0,65.0
강남구,청담동,민트스타 하우스 청담,0,중위험군,37.51946375,127.0434881,203844.4572,446665.2396,32.62434094,-1.2096192378182593,33.31647718672665,-1.5359814176885906,43.0,65.0
강남구,역삼동,SM HOUSE(SMILE MAKE),0,중위험군,37.49900378,127.0332971,202944.3482,444394.0768,26.13758151,-2.9481097056438372,29.56284639010525,-0.39260240369318655,43.0,65.0
강남구,대치동,스테이대치,0,중위험군,37.49703997,127.0564148,204988.7,444177.0936,32.70546839,-0.9782662185876774,33.682097433106236,-0.7396060576955195,43.0,65.0
강남구,역삼동,지제이(GJ),0,중위험군,37.49163749,127.0312362,202762.3855,443576.4522,25.75006413,-0.8255203554263417,26.831148652978,0.4230541652693012,43.0,65.0
강남구,역삼동,더엔케이,0,중위험군,37.49442339,127.0354926,203138.6797,443885.7841,27.4790372,-0.4821336437272308,28.020411656844935,0.55465420494761,43.0,65.0
강남구,논현동,스테이 희,0,중위험군,37.50495477,127.0311714,202756.1601,445054.4954,28.5225796,-6.332276544839608,34.83124973656058,0.9387757134338042,43.0,65.0
강남구,역삼동,어반 스페이스,0,중위험군,37.50619716,127.0402086,203555.1695,445192.6878,31.20131755,-0.09618079700548066,32.20116971723613,-1.8055188705578935,43.0,65.0
강남구,역삼동,여니 하우스,0,중위험군,37.48945708,127.0328623,202906.2676,443334.5043,28.4041064,0.6352573457541304,27.40162705314974,0.906825933382547,43.0,65.0
송파구,송파동,해모로 하우스,0,중위험군,37.50860969,127.108004,209549.2083,445465.1682,35.15474997,-0.5632934464209214,36.37621419360657,1.14738730051211,43.0,65.0
송파구,석촌동,편안,0,중위험군,37.49736931,127.0987876,208735.6476,444216.7353,34.73842044,1.7561169339855596,33.05704766905038,0.06788700352303537,43.0,65.0
송파구,잠실동,도담e하우스,0,중위험군,37.50186656,127.0847911,207497.5065,444714.6649,35.93473666,3.991436966540345,31.947108424004135,0.005529398845771916,43.0,65.0
송파구,석촌동,그린스테이,0,중위험군,37.50216831,127.1028438,209093.7443,444749.7465,39.61353822,7.730415617009346,32.121352053955604,0.6728555100350205,43.0,65.0
송파구,방이동,늘푸른 인더바인,0,중위험군,37.51059523,127.11756,210393.829,445686.5506,37.01467713,0.7329957667359395,36.15608360756827,2.1164153295905366,43.0,65.0
송파구,방이동,더골든아워스테이,0,중위험군,37.50866577,127.1228713,210863.6913,445473.005,32.82451337,-0.4885693446471535,35.123255582400795,2.6177442361787677,43.0,65.0
송파구,방이동,Belle's house,0,중위험군,37.51038031,127.1108641,209801.8525,445661.9786,30.34548068,-6.813341731931359,36.65368680441249,1.7546791829811623,43.0,65.0
송파구,방이동,원스테이,0,중위험군,37.50661475,127.1153898,210202.4977,445244.5305,36.41443725,3.00572096726151,34.129864525095456,1.20054856577694,43.0,65.0
송파구,삼전동,부의유전자,0,중위험군,37.49858114,127.0886558,207839.5776,444350.3406,34.39234506,1.8948090516568996,32.314802768570416,-0.16335476168065213,43.0,65.0
송파구,잠실동,금하우스,0,중위험군,37.50560203,127.0818788,207239.6245,445129.026,27.43537687,-5.609034510543204,33.04563165298968,0.001910515896477727,43.0,65.0
송파구,삼전동,라이프스테이 송파,0,중위험군,37.50154317,127.091626,208101.903,444679.3392,23.15592039,-8.023532613669808,31.79032012842587,0.7858841258298814,43.0,65.0
송파구,잠실동,조이스하우스(Joy's house),0,중위험군,37.50581047,127.0940291,208313.9234,445153.1642,22.99578664,-5.045042923118103,30.553417332716247,3.3223879113139816,43.0,65.0
송파구,방이동,봉봉피아,0,중위험군,37.51009597,127.1106873,209786.26,445630.4021,30.44626838,-5.952830704359847,35.947356580200605,1.6993844567937881,43.0,65.0
송파구,오금동,수정스테이,0,중위험군,37.50651661,127.1300273,211496.7233,445235.3258,30.12884102,-2.2978777157727883,34.44658028291046,2.5945745204274493,43.0,65.0
송파구,석촌동,현스테이,0,중위험군,37.49768219,127.0982757,208690.3404,444251.4135,38.7114177,5.573160283128239,33.133334516157355,0.1309996659134571,43.0,65.0
송파구,풍납동,다니엘스테이,0,중위험군,37.5250348,127.1153131,210193.2051,447288.9155,30.60062874,-3.990544868278544,35.23426317247559,2.2272101797680524,43.0,65.0
송파구,잠실동,로맨스828,0,중위험군,37.50327782,127.0855312,207562.8054,444871.3558,33.82565912,2.0863948919497197,31.873114286293692,0.15861974130741233,43.0,65.0
송파구,송파동,스테이온기,0,중위험군,37.50401206,127.1120548,209907.9678,444955.3089,30.9590127,-2.0882936532469536,33.05156209438173,-0.033523241314335095,43.0,65.0
송파구,석촌동,로므스테이,0,중위험군,37.50115544,127.0993728,208786.9462,444637.0012,38.59557648,6.06892509176101,32.63317212188326,0.928905945139802,43.0,65.0
송파구,잠실동,Puerto Varas,0,중위험군,37.50285075,127.0856539,207573.7005,444823.9664,22.4912895,-9.201824815475767,31.828861472098563,0.14611634435000148,43.0,65.0
송파구,방이동,혀니스테이 잠실,0,중위험군,37.50911748,127.1138039,210061.9411,445522.1308,36.23470366,0.9634849901443943,35.329409585588884,1.731919552453822,43.0,65.0
송파구,삼전동,안녕스테이,0,중위험군,37.49758798,127.0907663,208026.3103,444240.2906,35.37213079,2.573301004636683,32.649774445363825,-0.1332483327780728,43.0,65.0
송파구,송파동,THE 718,0,중위험군,37.50473663,127.1067158,209435.7982,445035.1782,23.26710927,-10.747502056325338,32.93204891163369,0.7178627849589072,43.0,65.0
송파구,석촌동,로렐스테이,0,중위험군,37.49738873,127.0989186,208747.2224,444218.9028,33.62581686,0.6558523967853702,33.040086742376694,0.06368913931419493,43.0,65.0
송파구,석촌동,윤스테이,0,중위험군,37.4993143,127.0987854,208735.2248,444432.6038,24.21350793,-9.113823126931862,32.8579197406891,0.44596717979218287,43.0,65.0
송파구,석촌동,지니스테이,0,중위험군,37.49799753,127.09891,208746.3954,444286.4709,26.92337878,-5.987165302347208,33.00385350054385,0.17552027889506444,43.0,65.0
송파구,삼전동,AROME SONGPA,0,중위험군,37.50116237,127.0953203,208428.6085,444637.3997,32.4236752,0.15744148657613977,32.44979056034489,0.8724919810653904,43.0,65.0
송파구,송파동,스테이 노브(Stay NOV),0,중위험군,37.50520235,127.1106109,209780.1392,445087.2648,31.40989031,-1.931138556978226,33.25390139665849,0.21757342536698157,43.0,65.0
송파구,석촌동,레이크 하우스,0,중위험군,37.50407351,127.1011869,208947.0091,444961.0404,20.13088153,-11.483271404518003,32.21315412218404,1.4470479760748471,43.0,65.0
송파구,삼전동,크래프트 샘,0,중위험군,37.49993452,127.0864101,207640.8571,444500.3636,33.11996274,0.8490529125198236,32.015089542580355,-0.2286910784533358,43.0,65.0
송파구,석촌동,Leo's Nest,0,중위험군,37.50178424,127.0976242,208632.2625,444706.6281,36.00709378,2.368963217735903,32.333755559609685,1.1657632578039574,43.0,65.0
송파구,석촌동,꿈꾸는다락방,0,중위험군,37.49827302,127.0993835,208788.2346,444317.0909,31.57338954,-1.2624944645594312,32.96057751311692,0.203559549724346,43.0,65.0
송파구,삼전동,순수게스트하우스,0,중위험군,37.50329838,127.0936889,208284.1147,444874.3245,24.36411631,-5.541691658547901,31.300950219644577,1.7159717243749808,43.0,65.0
송파구,삼전동,삼전가(Samjeonga),0,중위험군,37.50211183,127.0890232,207871.6978,444742.2322,39.44708104,7.928079328604593,31.525387710220095,0.5386998169587798,43.0,65.0
송파구,삼전동,소예,0,중위험군,37.49636647,127.09183,208120.4994,444104.8101,35.43313098,2.2905652963567675,32.97199415180955,-0.152482777445737,43.0,65.0
송파구,방이동,웰럭팜,0,중위험군,37.51093925,127.1114596,209854.4292,445724.076,33.80403195,-1.75597206105261,37.138128900270665,1.8594625957039628,43.0,65.0
송파구,송파동,Kim's Family,0,중위험군,37.50556314,127.1045467,209243.9003,445126.6949,41.53234517,7.701248202937499,33.122631992852035,1.338449308052602,43.0,65.0
송파구,방이동,Jamsil Cozy Mood,0,중위험군,37.50776511,127.1134865,210034.0584,445372.0011,37.19962075,3.139121251490039,34.48703863725718,1.3731137885925568,43.0,65.0
송파구,석촌동,스테이 플러스,0,중위험군,37.50060211,127.1047546,209262.9025,444576.1048,27.7049976,-4.298359953984601,31.855085704871442,0.1778147068347716,43.0,65.0
송파구,석촌동,소담스테이,0,중위험군,37.49918828,127.105236,209305.6421,444419.2354,26.56184282,-5.481730360283844,31.993641631009964,-0.046078110272346165,43.0,65.0
송파구,삼전동,소평(小平) 1,0,중위험군,37.50004058,127.090418,207995.2448,444512.4678,30.88498361,-1.1027076351429237,32.1170214031753,0.23129056809275622,43.0,65.0
송파구,삼전동,리네스 하우스,0,중위험군,37.49980984,127.0906405,208014.9441,444486.8776,30.85122496,-1.2766255065977283,32.20314690656462,0.2090793176513531,43.0,65.0
송파구,석촌동,타야 스테이,0,중위험군,37.49994472,127.1079784,209548.0474,444503.4652,32.49566923,0.5396389102227417,31.81560934051633,-0.12753851440160902,43.0,65.0
송파구,삼전동,초록3,0,중위험군,37.50176728,127.0894624,207910.566,444704.0284,37.41045973,5.94420317000904,31.636840359411735,0.5188927800068126,43.0,65.0
송파구,방이동,더윤스테이,0,중위험군,37.51112252,127.1092003,209654.6568,445744.1825,30.6559554,-7.699028503018848,37.875326038882534,1.7623681792569532,43.0,65.0
송파구,석촌동,JR스테이,0,중위험군,37.5028353,127.1010324,208933.4938,444823.6003,33.05009473,0.6919597891372078,32.29029785748173,1.151156840189068,43.0,65.0
송파구,잠실동,류스테이,0,중위험군,37.50535361,127.0815276,207208.5966,445101.4276,35.14675086,2.1092610644855156,33.03205269211774,-0.011463542503243246,43.0,65.0
송파구,잠실동,다온스테이,0,중위험군,37.49977165,127.0844985,207471.8364,444482.1336,35.84538982,3.4833752436667424,32.08223179115861,-0.25011240566526777,43.0,65.0
송파구,잠실동,잠실 스테이,0,중위험군,37.50550057,127.0801108,207083.314,445117.6307,35.40227873,2.2828997695420625,33.09599234276178,-0.028826278029352392,43.0,65.0
송파구,잠실동,Houston Family 2,0,중위험군,37.50445413,127.0810937,207170.3185,445001.5637,35.24417121,2.3008449564508737,32.933962450711945,-0.03543866934101028,43.0,65.0
송파구,잠실동,애플망고하우스,0,중위험군,37.50552622,127.0802835,207098.5842,445120.4905,35.24362027,2.1305050823789173,33.093490757014784,-0.023256038487602437,43.0,65.0
송파구,송파동,for:rest 잠실,0,중위험군,37.50393033,127.1110586,209819.8947,444946.1335,36.21212562,3.3114330352264645,32.89906256529905,0.021065595485817726,43.0,65.0
송파구,석촌동,라 튤립,0,중위험군,37.49910744,127.1032239,209127.7291,444410.0662,37.08008165,4.822920575551457,32.40076969628856,0.1483298509072404,43.0,65.0
송파구,삼전동,오닉스맨숀,0,중위험군,37.49976916,127.0907832,208027.5721,444482.3748,31.12904532,-1.0605712851056488,32.22942357410266,0.21820521981505533,43.0,65.0
송파구,송파동,주디피아,0,중위험군,37.50401204,127.110609,209780.1264,444955.1554,27.09457602,-5.781178309548817,32.871401067065136,0.07395365339536503,43.0,65.0
송파구,석촌동,미까사,0,중위험군,37.4975661,127.098618,208720.6264,444238.5607,35.77907325,2.783220972200624,33.07162692114576,0.10087955963048198,43.0,65.0
송파구,잠실동,이안,0,중위험군,37.50735899,127.0827814,207319.2669,445324.0958,33.25977223,0.09445044729489638,33.20293147963525,0.05235556775365677,43.0,65.0
송파구,삼전동,매그놀리아 잠실점,0,중위험군,37.50392123,127.0901327,207969.6081,444943.1457,27.1313143,-4.355750230162304,30.904803982750693,1.400056093615489,43.0,65.0
송파구,석촌동,윤슬 하우스,0,중위험군,37.50164097,127.1001785,208858.1321,444690.9643,30.79022669,-0.6920713416449367,32.466661336675564,0.9842572993353091,43.0,65.0
송파구,송파동,메이빌투,0,중위험군,37.50500576,127.1061441,209385.214,445064.991,36.55040626,1.7569252475370902,33.006493869626226,0.8922522704895545,43.0,65.0
송파구,거여동,위례스테이,0,중위험군,37.48155593,127.1378417,212191.714,442465.998,36.12207753,2.2812599452124047,34.344427300371294,0.4537643041504958,43.0,65.0
송파구,송파동,스테이올로지,0,중위험군,37.50658303,127.1078781,209538.3311,445240.2221,40.33456185,6.0329498456088615,34.05759682007669,0.7731110324726755,43.0,65.0
송파구,송파동,아로와 웨스트,0,중위험군,37.50682691,127.1078156,209532.7758,445267.2833,35.96778084,1.7547314917729295,34.247056930503824,0.7909786468654032,43.0,65.0
송파구,석촌동,Stay MiMi,0,중위험군,37.49829867,127.1027325,209084.3743,444320.2556,30.56035186,-2.0416882200403457,32.579256979030596,0.022564002917353047,43.0,65.0
송파구,송파동,무드 인,0,중위험군,37.5014156,127.1129004,209983.0795,444667.2246,35.00914488,2.2322749135971307,32.481725416728246,-0.2722873381881396,43.0,65.0
송파구,풍납동,시온스테이,0,중위험군,37.53122013,127.1165666,210303.1631,447975.5472,22.48606592,-11.597132353830304,33.5959812347474,2.1256944059693685,43.0,65.0
송파구,삼전동,비앤비코리아,0,중위험군,37.50037773,127.0878556,207768.6356,444549.6725,27.37879125,-4.547370432406403,31.931849157159665,-0.026111448115742036,43.0,65.0
송파구,송파동,Twin Stay,0,중위험군,37.50571407,127.1096694,209696.8253,445143.9617,22.90596435,-10.361282895294114,33.397977965010355,0.40316719247613886,43.0,65.0
송파구,삼전동,Black B,0,중위험군,37.49884104,127.0935388,208271.3414,444379.6041,31.75105621,-0.9613670578554903,32.861965057846376,0.22951672912244445,43.0,65.0
송파구,송파동,더 잠실 까사,0,중위험군,37.50467923,127.1112851,209839.8193,445029.2754,42.37774706,9.257384842123216,33.14029367107112,0.08997266952033736,43.0,65.0
송파구,잠실동,윤스스테이,0,중위험군,37.50435679,127.0803582,207105.2999,444990.7044,23.33713517,-9.63693736329716,32.96451791674343,-0.042842899426790315,43.0,65.0
송파구,삼전동,봄하우스,0,중위험군,37.49995832,127.0907069,208020.8059,444503.3626,30.15251263,-1.9323180585916795,32.173439257220515,0.24604375817934657,43.0,65.0
송파구,방이동,은&채 하우스,0,중위험군,37.50778442,127.113199,210008.6343,445374.1137,34.8860988,0.9538236945735932,34.461087695619405,1.3453097815569333,43.0,65.0
송파구,석촌동,룰루 하우스,0,중위험군,37.5021032,127.1012043,208948.781,444742.3629,31.8251381,-0.3685759055727722,32.347725516041,0.9383639160972232,43.0,65.0
송파구,석촌동,하늘둥지,0,중위험군,37.50327974,127.1030707,209113.6786,444873.1229,34.05989161,1.150959643560718,32.1833810919533,0.8621825835730993,43.0,65.0
송파구,송파동,Page1 Stay,0,중위험군,37.50408338,127.1111956,209831.9847,444963.1344,30.07250703,-2.9023958881095417,32.97351917253427,0.027950859781304713,43.0,65.0
송파구,석촌동,더 머뭄,0,중위험군,37.50267641,127.0975111,208622.1548,444805.6371,27.37843505,-5.27540039377476,32.02117529266282,1.508701401405311,43.0,65.0
송파구,송파동,레스트 인 잠실,0,중위험군,37.50457526,127.1068887,209451.109,445017.2855,29.46150623,-3.1864524653434962,32.88029538928218,0.6524174275302863,43.0,65.0
송파구,석촌동,스테이 서울라이트,0,중위험군,37.50055814,127.0984308,208703.7244,444570.6211,42.05231174,8.93801821781102,32.66684838932645,0.7662866803432551,43.0,65.0
송파구,송파동,소호가,0,중위험군,37.50243318,127.108807,209620.994,444779.7365,25.39868168,-6.9385310254445365,32.34078161293715,0.04527009719192257,43.0,65.0
송파구,잠실동,잠실 해븐,0,중위험군,37.50489778,127.0822854,207275.644,445050.8946,34.87464572,1.9636208140576414,32.920251605849735,0.014605817272607041,43.0,65.0
송파구,삼전동,시인의 집 민박,0,중위험군,37.5018759,127.0883866,207815.4323,444715.994,26.70324136,-5.016050120242117,31.594768888609742,0.36124885157789427,43.0,65.0
송파구,잠실동,마음이 머무는 김여사의 사랑채,0,중위험군,37.50248997,127.0863304,207633.5495,444783.9791,27.11505408,-4.512231478899707,31.761977606812117,0.18946615624220786,43.0,65.0
송파구,잠실동,Goldlady's House,0,중위험군,37.5113183,127.0805905,207125.1783,445763.3606,32.61551284,-0.7996038970728918,33.36756957460821,0.013219839529821142,43.0,65.0
송파구,잠실동,스윗 서울,0,중위험군,37.50455734,127.0826174,207305.0378,445013.1359,26.85054307,-5.950823833873848,32.8191792686535,0.021316155022181704,43.0,65.0
송파구,방이동,Songpa lovely room,0,중위험군,37.50698768,127.1153159,210195.9121,445285.913,24.87069859,-8.52640143965115,34.313785270231406,1.3386263539799388,43.0,65.0
송파구,송파동,202 stay,0,중위험군,37.50381406,127.1070859,209468.6389,444932.8219,36.72084798,4.072029396451526,32.61173005464266,0.45249205188858793,43.0,65.0
송파구,석촌동,Heidi house,0,중위험군,37.50407351,127.1011869,208947.0091,444961.0404,19.36878287,-12.245370064518003,32.21315412218404,1.4470479760748471,43.0,65.0
송파구,송파동,Studio GREEN,0,중위험군,37.50837073,127.1077746,209528.9553,445438.6235,42.16308106,6.696877322192236,36.10920474502541,1.0364874847010772,43.0,65.0
송파구,풍납동,Groove City guest house,0,중위험군,37.53292763,127.1181468,210442.5959,448165.233,32.63279019,-1.0353263046502406,33.18237639030143,2.119250641383152,43.0,65.0
송파구,송파동,블루문,0,중위험군,37.50788116,127.1078234,209533.3313,445384.2924,38.49861454,3.1144183803288357,35.35818590630805,0.8505251689161369,43.0,65.0
송파구,송파동,Going house,0,중위험군,37.50475432,127.1071183,209471.3859,445037.182,26.06797771,-6.59248261819404,32.984308165512026,0.6485561986530579,43.0,65.0
송파구,방이동,아 파트 아파트(a part apart),0,중위험군,37.51082338,127.1143413,210109.2216,445711.5216,45.19896866,8.528244477457754,36.504692224034855,1.9481272217821017,43.0,65.0
강남구,논현동,히즈플랜,0,중위험군,37.50742692,127.0290562,202569.0547,445328.8125,42.89082889,7.314480059646776,35.48595391052078,1.1232589694662087,43.0,65.0
강남구,논현동,네스트 스테이 강남,0,중위험군,37.50686725,127.0270685,202393.3267,445266.6439,50.16453392,11.47143066982892,35.6090896870947,1.101394202224483,43.0,65.0
강남구,논현동,위드셀렉트,0,중위험군,37.50377032,127.0234941,202077.3674,444922.8396,27.89128438,-6.590713940998942,34.83223226146915,1.0256171060509924,43.0,65.0
강남구,청담동,토끼 마루 하우스,0,중위험군,37.52277748,127.0488367,204317.0958,447033.254,42.91727818,9.113428341314737,34.36076303624528,-1.4842068424827939,43.0,65.0
강남구,논현동,강남 루미,0,중위험군,37.50948935,127.028895,202554.7325,445557.7114,34.12598666,-1.8729567302012597,35.316308688605616,1.2833764091255553,43.0,65.0
강남구,논현동,스테이 강남 2026,0,중위험군,37.50994983,127.0334585,202958.1884,445608.9525,25.90679196,-8.329305227581443,34.488140984697054,0.8372521073714845,43.0,65.0
강남구,논현동,체리하우스,0,중위험군,37.50626148,127.0334416,202956.8397,445199.5923,38.07479358,1.946482507716624,34.610589762428674,0.68558955069406,43.0,65.0
마포구,창전동,마레온,0,중위험군,37.54992437,126.9250568,193377.5292,450047.7445,32.93522628,3.3195539217009546,32.67770565319255,2.7373110648494614,43.0,65.0
강남구,신사동,노아 스테이,0,중위험군,37.51843729,127.0226522,202002.5391,446550.668,37.50372817,0.5753320986791763,34.5679547775723,1.1670777958470044,43.0,65.0
마포구,망원동,르시엘 마포,0,중위험군,37.55725734,126.9012357,191273.3982,450863.5615,39.19261248,4.5825581976612995,33.40989037366318,1.412295052540296,43.0,65.0
마포구,연남동,다솜 하우스,0,중위험군,37.55860946,126.9184793,192797.1368,451012.1697,29.03806599,-2.0915413896280874,31.699955012859867,1.9023058277931377,43.0,65.0
중구,(장충동,까사 보니따,0,중위험군,37.5558776,127.0010942,200096.6794,450705.8427,32.7797928,3.2868039008363503,30.900237023895805,1.2580124028180935,43.0,65.0
송파구,풍납동,이유스테이,0,중위험군,37.53422358,127.11938,210551.4126,448309.2052,29.80861771,-0.910785578776526,32.920149759824774,2.116941397202189,43.0,65.0
강남구,논현동,언주스테이,0,중위험군,37.50725161,127.0354123,203131.0473,445309.5478,41.75522293,7.32816982316146,34.497925675365416,0.20754161784932199,43.0,65.0
중구,(인현동,"쉼,-IN SEOUL",0,중위험군,37.56063038,126.9925919,199345.4664,451233.3701,28.10230723,-1.0958317338341175,29.515402953967993,0.34076158839539117,43.0,65.0
중구,(인현동,"쉼,-IN SEOUL",0,중위험군,37.56063038,126.9925919,199345.4664,451233.3701,28.10230723,-1.0958317338341175,29.515402953967993,0.34076158839539117,43.0,65.0
용산구,서계동,"서울, 집",0,중위험군,37.54938952,126.9652204,196926.6242,449986.3114,27.69714426,-0.9922350188756113,29.248341679914653,1.5140576937740928,43.0,65.0
마포구,망원동,"정톤, 망원",0,중위험군,37.55217273,126.9092894,191984.4617,450298.5131,37.80279403,6.302090990638298,31.587715904098012,2.581046070620998,43.0,65.0
마포구,성산동,"위썸스테이, 망원",0,중위험군,37.55666135,126.9073259,191811.4503,450796.8657,32.46854489,0.25726389807424965,32.24785907749548,1.170101714379146,43.0,65.0
송파구,잠실동,"잠실, 쉼",0,중위험군,37.50445961,127.0825736,207301.1719,445002.2857,32.76503996,-0.021068790973089335,32.80136068920957,0.017219654404555196,43.0,65.0
송파구,석촌동,"Zen House, Jamsil",0,중위험군,37.50460138,127.1032287,209127.4857,445019.8232,33.40855776,1.9170199968771584,32.56011779501954,1.2603336397162042,43.0,65.0
송파구,잠실동,"머물다, 잠실",0,중위험군,37.50653766,127.0823606,207282.1401,445232.9061,42.24135084,9.134820938011025,33.122885807245,0.03195331163265991,43.0,65.0
종로구,관훈동,호텔 썬비,1,저위험군,37.57030354,126.9840039,198586.865,452307.0719,13.42087742,-5.389116804018627,18.93692843444196,1.407368601199403,52.0,1006.0
종로구,관훈동,나인트리 바이 파르나스 서울 인사동,1,저위험군,37.57180204,126.983008,198498.9183,452473.4034,19.21733253,0.5138236680331083,19.217458509149452,1.3997595949091035,52.0,1006.0
종로구,인의동,이스트 아뜰리에,1,저위험군,37.57093161,126.9958843,199636.4111,452376.668,29.45535909,9.784842669839104,20.93278947546562,1.4764260231911694,52.0,1006.0
종로구,숭인동,U-STAY HOSTEL,1,저위험군,37.56976898,127.0154556,201365.3966,452247.734,25.62588219,-2.001947118691607,25.69188409354694,1.5954070851473037,52.0,1006.0
종로구,이화동,글루호텔,1,저위험군,37.57304815,127.0031721,200280.2191,452611.5762,15.4508699,-6.09853472192561,22.85827012112234,1.5164378968659582,52.0,1006.0
종로구,창신동,호스텔 메가 동대문역,1,저위험군,37.56790086,127.0094303,200833.121,452040.324,21.70793886,-1.0053559975097706,23.66415064569579,1.5666307854032666,52.0,1006.0
종로구,봉익동,포레스트 스테이 종로,1,저위험군,37.57018563,126.991442,199243.9613,452293.8994,15.92274082,-1.8474861965726834,18.492826651951837,1.4524729926214617,52.0,1006.0
종로구,관철동,MOMENTO HOSTEL,1,저위험군,37.56655742,126.9838,198568.7776,451891.2994,23.18591932,2.8264400864702814,20.547149368309846,1.4101450359217655,52.0,1006.0
종로구,창신동,247 HOSTEL SEOUL,1,저위험군,37.56817447,127.0131481,201161.5696,452070.7309,28.46176098,1.2762423897047128,24.481341338825324,1.5873178757922777,52.0,1006.0
종로구,관철동,찰나 호스텔,1,저위험군,37.56664615,126.9833293,198527.2006,451901.1547,21.17200955,0.07734947064997755,20.68702729553544,1.4070894615228922,52.0,1006.0
종로구,종로5가,편안정 종로5가점,1,저위험군,37.56810507,127.0045472,200401.7227,452062.9568,24.42589099,-0.45021387995321405,26.282688163657546,1.5372665878971716,52.0,1006.0
종로구,종로5가,고유리(Goyu;re),1,저위험군,37.56730221,127.0037223,200328.8504,451973.8455,23.67381825,-1.259810227884202,26.25909736576584,1.5343166757034499,52.0,1006.0
종로구,창신동,이온호텔,1,저위험군,37.56975326,127.0119696,201057.431,452245.9443,25.0569827,-0.5158315705757275,24.048464870157723,1.5758559339801723,52.0,1006.0
종로구,관철동,오아시스 트레블러스 종로,1,저위험군,37.56702341,126.9866387,198819.5744,451942.9794,34.79954247,13.486381375586827,19.927763757991173,1.4276569177660614,52.0,1006.0
종로구,창신동,동대문인순,1,저위험군,37.56877711,127.0102192,200902.8069,452137.5848,28.05798271,1.2709219029527645,23.581980358774217,1.5687017992698429,52.0,1006.0
종로구,종로6가,편안정,1,저위험군,37.56925877,127.006942,200613.282,452191.017,21.08551939,-3.1653556268886973,24.440538554596834,1.5484126505175164,52.0,1006.0
종로구,낙원동,소락방 주식회사,1,저위험군,37.57009871,126.9876943,198912.8819,452284.2891,14.86759141,-2.458899428170419,18.0574400346021,1.4298758943754746,52.0,1006.0
종로구,연지동,스테이누아 종로,1,저위험군,37.56957912,126.9996604,199969.9995,452226.5495,31.17951278,5.657567431494144,24.334306936540067,1.5033736451505924,52.0,1006.0
종로구,관철동,1996 종로인,1,저위험군,37.56632523,126.986269,198786.9014,451865.4943,19.26915095,-1.1008192048313568,19.590803498206306,1.4263801506823632,52.0,1006.0
종로구,관철동,먼슬리브 종로 종각역 호텔 스테이,1,저위험군,37.56594442,126.9857743,198743.1897,451823.2353,14.39556882,-6.722690964134651,19.5945205094375,1.424149408046401,52.0,1006.0
종로구,견지동,더프리마호텔 종로,1,저위험군,37.57038151,126.9826794,198469.8543,452315.7464,15.15989744,-3.4941963087782977,19.289213492558925,1.399285694835216,52.0,1006.0
종로구,효제동,하우스 오손 종묘점,1,저위험군,37.56890164,127.0020354,200179.8148,452151.359,33.0946072,6.475201023375522,26.360010042906552,1.5195969386506902,52.0,1006.0
종로구,관수동,HELLO HOSTEL,1,저위험군,37.56619998,126.9911883,199221.509,451851.5409,18.00246441,-0.0012230654254956619,18.151553359783392,1.45793372348644,52.0,1006.0
종로구,청진동,하나데이즈 종로광화문(Hana Days Jongno-Gwanghwamun,1,저위험군,37.56915801,126.9800544,198237.9294,452179.9981,21.85697839,-1.9162216417976303,20.926209220813284,1.3845365414558406,52.0,1006.0
종로구,숭인동,호텔 DM,1,저위험군,37.57059843,127.0186013,201643.2775,452339.8436,28.05377359,1.7606233141442225,26.171592600035638,1.6090322520757854,52.0,1006.0
종로구,원남동,오라카이 대학로 호텔,1,저위험군,37.57297519,126.9979778,199821.3638,452603.4757,17.49537536,-4.503062782028369,21.56420976305268,1.4847458918687684,52.0,1006.0
종로구,창신동,D-STAY HOSTEL,1,저위험군,37.56798355,127.0095215,200841.1772,452049.5024,22.90804819,0.449533723759469,23.64870064258831,1.5669251318255055,52.0,1006.0
종로구,명륜4가,호스텔 데이,1,저위험군,37.57929506,126.9971361,199747.0246,453304.9103,27.63239309,0.7811128646182652,23.774550944620266,1.4704326189995944,52.0,1006.0
종로구,숭인동,루미아호텔,1,저위험군,37.57109607,127.0214556,201895.4198,452395.1296,26.92374553,1.7905540489052711,26.13862050555133,1.6211527008375317,52.0,1006.0
종로구,창신동,24guesthouse동대문마켓점,1,저위험군,37.56790086,127.0094303,200833.121,452040.324,21.70793886,-1.0053559975097706,23.66415064569579,1.5666307854032666,52.0,1006.0
종로구,관철동,호스텔 클로이,1,저위험군,37.56597443,126.9878264,198924.4936,451826.5406,17.48344907,-0.762694034679317,18.852577676506915,1.4369467702659737,52.0,1006.0
종로구,원남동,메이플레이스 호텔 서울 동대문,1,저위험군,37.57336561,126.9979485,199818.7693,452646.8078,14.95589031,-7.153453064219869,21.440631392395446,1.4839545243928005,52.0,1006.0
종로구,수송동,신라스테이 광화문,1,저위험군,37.56990125,126.9803048,198260.0635,452262.4845,19.90447402,-0.10275705976760818,20.356568060950927,1.3855445633447037,52.0,1006.0
종로구,인의동,호텔 아트리움,1,저위험군,37.56913495,126.9973365,199764.6917,452177.2551,20.4974136,-1.752988769643764,23.04169087531012,1.4891930243209268,52.0,1006.0
종로구,관철동,호스텔 하루,1,저위험군,37.56622871,126.9835334,198545.2223,451854.8205,20.84757253,-2.59499837745836,20.840677429718923,1.4086646350067442,52.0,1006.0
종로구,낙원동,오라카이 인사동 스위츠,1,저위험군,37.57025733,126.9865467,198811.497,452301.9079,15.44674591,-2.354774885772155,18.11146740036166,1.42291812722655,52.0,1006.0
종로구,관수동,호텔베뉴지,1,저위험군,37.56598513,126.9900523,199121.1448,451827.7051,13.84635558,-3.6325558625179575,18.35966557545172,1.4514470227961949,52.0,1006.0
종로구,관훈동,아미드 호텔 서울,1,저위험군,37.56984481,126.9834118,198534.5493,452256.1673,18.68581043,-1.1085832846151433,19.142350235380885,1.404454071989352,52.0,1006.0
종로구,창신동,케이스테이,1,저위험군,37.56874973,127.0101841,200899.709,452134.5456,24.7643374,-2.0047470946100603,23.580113770328573,1.5685783327876963,52.0,1006.0
종로구,창신동,오리지날 백패커스,1,저위험군,37.56968368,127.0117502,201038.0539,452238.2193,31.80805952,6.736262057298248,23.93342644981203,1.5748236831114226,52.0,1006.0
중구,(장충동,앰배서더 서울 풀만 호텔,1,저위험군,37.55742965,127.0016071,200141.9987,450878.1024,33.10607195,7.018648222664268,27.527674567472072,1.5486248101046831,52.0,1006.0
중구,(회현동,루미아 호텔,1,저위험군,37.55527178,126.9789824,198142.881,450638.811,19.18754948,-4.507640595239451,24.95389982071368,1.391224785932921,52.0,1006.0
중구,명동,호텔 크레토,1,저위험군,37.55924412,126.9872993,198877.8237,451079.5617,7.095617712,-11.785388892930783,19.41339213652106,1.4453696662407007,52.0,1006.0
중구,태평로2가,24게스트하우스 서울시청점,1,저위험군,37.56195615,126.9755355,197838.5061,451380.7705,37.75795798,12.778094207894956,22.94641162818116,1.357451253958546,52.0,1006.0
중구,장교동,롯데시티호텔명동,1,저위험군,37.56418691,126.9872883,198876.9251,451628.1532,16.07173597,-2.442427005960802,18.607567867354067,1.4362392152678674,52.0,1006.0
중구,명동,서울 라이트 인 명동,1,저위험군,37.56145726,126.9845635,198636.1419,451325.2302,34.19667612,11.017110426402215,21.63860977148666,1.4225128694374005,52.0,1006.0
중구,(남산동,오요5,1,저위험군,37.55618747,126.9840552,198591.1338,450740.3535,24.66420989,-1.9988842378608958,24.496253323377516,1.4284881721072316,52.0,1006.0
중구,(회현동,제이오너 호스텔,1,저위험군,37.55530397,126.9828408,198483.8116,450642.3144,20.46007534,-3.885381350226936,24.4771700489593,1.420241976382816,52.0,1006.0
중구,(회현동,호텔 블리스 I,1,저위험군,37.55681031,126.9831084,198507.4825,450809.496,21.11462608,-3.004207169051721,24.52240343536572,1.4195222968984447,52.0,1006.0
중구,(회현동,호텔블리스Ⅱ,1,저위험군,37.55663789,126.9831709,198513.0041,450790.3584,20.37654026,-3.178924573837154,24.53511340024111,1.4202488838258955,52.0,1006.0
중구,(회현동,보코 언 아이에이치지 호텔,1,저위험군,37.5557044,126.9778591,198043.6355,450686.8494,23.5381471,-1.9711566403034269,24.64633698906576,1.3828623111511595,52.0,1006.0
중구,남대문로2가,스탠포드호텔 명동,1,저위험군,37.56189911,126.98191,198401.7016,451374.3122,21.72224023,-9.27622924612509,23.143753563230305,1.4034482259392846,52.0,1006.0
중구,을지로5가,미리네 스테이,1,저위험군,37.56263589,127.0024066,200212.625,451455.935,9.876165929,-12.961375620626674,23.59449751910062,1.5384221303400798,52.0,1006.0
중구,태평로1가,글로카로카호스텔,1,저위험군,37.56555219,126.9758586,197867.1571,451779.8812,33.59953673,9.261103431078336,25.53498900746471,1.3564748911496558,52.0,1006.0
중구,서소문동,ENA 스위트 호텔,1,저위험군,37.55956061,126.9731035,197623.558,451114.9525,11.80515737,-10.22990040082778,22.80478795583852,1.345569083862366,52.0,1006.0
중구,남대문로4가,호텔 그레이스리 서울,1,저위험군,37.55884724,126.9761815,197895.4908,451035.7035,17.0760832,-4.758281188833582,21.44039604928423,1.3668599045804546,52.0,1006.0
중구,을지로5가,머큐어 앰배서더 서울 동대문(MERCURE AMBASSADOR SEOUL DONGDAEMUN),1,저위험군,37.56466188,127.0010782,200095.2616,451680.7939,23.61681882,0.25430630557989886,23.1158204284365,1.5245732011398223,52.0,1006.0
중구,(남산동,어반 스위트 스테이 (Urban Suite Stay),1,저위험군,37.55599413,126.9847381,198651.4646,450718.8851,15.95493728,-9.008512235024668,24.42474221460252,1.4341912688630964,52.0,1006.0
중구,을지로5가,안온 스테이,1,저위험군,37.56281707,127.001911,200168.8394,451476.0428,22.00564794,-0.252190614044693,23.342164881984516,1.5346603950531468,52.0,1006.0
중구,명동,하이 서울 호스텔 명동 명동 웨스트,1,저위험군,37.55926806,126.9876751,198911.029,451082.2143,17.67306268,-1.385856753640148,19.60433179374194,1.4478677908991096,52.0,1006.0
중구,중림동,라서울 스테이,1,저위험군,37.55608468,126.9681435,197185.1786,450729.3025,26.24805979,1.738116128021339,24.023904698144293,1.3157979711930614,52.0,1006.0
중구,충무로3가,트레블로지 명동 남산,1,저위험군,37.55981918,126.9899828,199114.9326,451143.3579,11.82885025,-9.78451628995227,20.753452449847085,1.4628186944480155,52.0,1006.0
중구,남대문로5가,스테이 한가온 명동,1,저위험군,37.55543671,126.9749461,197786.2331,450657.2036,35.03459486,11.152614186769455,24.063297164736895,1.3624040432857718,52.0,1006.0
중구,다동,호텔 미드시티 명동,1,저위험군,37.56491356,126.9803153,198260.8805,451708.909,29.88759052,7.290307003264662,23.776030792948283,1.390260770239191,52.0,1006.0
중구,명동,헨나호텔서울명동,1,저위험군,37.55927368,126.9875309,198898.282,451082.8398,12.62878381,-6.370137279647791,19.527822025660193,1.4468045523683155,52.0,1006.0
중구,(필동,라임스테이 명동 호스텔,1,저위험군,37.55847797,126.9942617,199492.9807,450994.4678,28.29292059,5.780196063137623,23.856980407013268,1.4946840463864528,52.0,1006.0
중구,충무로2가,호스텔 고울,1,저위험군,37.56006354,126.98896,199024.5629,451170.4891,18.44214096,-0.32216609311186417,20.05296568588471,1.4550879437000561,52.0,1006.0
중구,(명동,HISTAY HOSTEL,1,저위험군,37.56027363,126.9814079,198357.3094,451193.9118,26.39627143,2.9453168404271466,22.424885568439294,1.4017517979355039,52.0,1006.0
중구,명동,MOK HOSTEL,1,저위험군,37.55934315,126.9833265,198526.8095,451090.6077,33.98173341,10.529291053259964,22.86912066593501,1.4172418814087948,52.0,1006.0
중구,(회현동,남산스토리 나인,1,저위험군,37.5530029,126.9799588,198229.1005,450386.9735,31.95824836,8.079592403781728,25.151585576631874,1.4020934218861245,52.0,1006.0
중구,(저동,(주)조선호텔앤리조트 포포인츠 조선 명동,1,저위험군,37.56283151,126.9886404,198996.3664,451477.7044,7.805893001,-10.339645716423302,18.813687390721746,1.4479794914194148,52.0,1006.0
중구,을지로4가,코스모하버 인 명동2,1,저위험군,37.56414615,126.9967554,199713.3386,451623.5583,17.2235547,-3.4209819060602413,20.98948570008905,1.4986895848363235,52.0,1006.0
중구,(필동,G3호텔,1,저위험군,37.55907589,126.9921215,199303.8894,451060.8435,18.76137306,-2.1466468488190387,22.235778401739427,1.4798746368764129,52.0,1006.0
중구,을지로6가,노보텔 앰배서더 서울 동대문 호텔,1,저위험군,37.56352003,127.0035614,200314.647,451554.0674,19.02164494,-3.0928437612942545,22.978465745013693,1.5434162422554045,52.0,1006.0
중구,(광희동,케이 게스트하우스 동대문프리미엄점,1,저위험군,37.56094517,127.0059608,200526.6559,451268.299,20.97980309,-7.16075826282264,24.756468016646316,1.566293061961272,52.0,1006.0
중구,남대문로4가,코트야드 메리어트 서울 명동,1,저위험군,37.55844079,126.9761372,197891.5651,450990.5934,15.04853869,-6.609063411911183,21.645469069402175,1.367000807568781,52.0,1006.0
중구,(남산동,원투쓰리호스텔,1,저위험군,37.55587082,126.9839836,198584.7968,450705.2102,26.38587737,-1.2046282229942165,24.55717949354537,1.4285831251700134,52.0,1006.0
중구,을지로6가,호텔 스카이파크 킹스타운 동대문지점,1,저위험군,37.56589354,127.0069443,200613.5102,451817.5158,25.80159582,-0.7379630102136652,23.505768507968597,1.557635928116791,52.0,1006.0
중구,초동,나인트리 바이 파르나스 서울 명동Ⅱ,1,저위험군,37.5615963,126.9901367,199128.5529,451340.5958,19.01522831,-0.9628443671929041,20.172330340151312,1.4596434293154634,52.0,1006.0
중구,(남산동,남산호스텔,1,저위험군,37.5553408,126.9837925,198567.9047,450646.3872,28.7644162,0.643820082893285,24.558523985664873,1.4282000267552322,52.0,1006.0
중구,(저동,G2 호텔,1,저위험군,37.56060529,126.9896815,199088.3227,451230.6097,17.83843873,-4.238884925239471,20.33000892385045,1.4586708387442728,52.0,1006.0
중구,(남산동,오요5 롯지A(OYO 5 Lodge A),1,저위험군,37.55634977,126.9841795,198602.119,450758.365,33.749347,8.18538635210081,24.44241877665144,1.4291996504040303,52.0,1006.0
중구,명동,사보이호텔,1,저위험군,37.55897352,126.9835172,198543.6446,451049.5802,23.05564515,0.27532947195532387,23.123318370249404,1.4189798652014398,52.0,1006.0
중구,명동,메트로호텔,1,저위험군,37.56237712,126.982941,198492.8016,451427.3486,27.68771304,4.700130310051694,22.618661441275272,1.4095821268899935,52.0,1006.0
중구,충무로4가,호텔 도마,1,저위험군,37.55857874,126.9950248,199560.4114,451005.6482,30.87499209,7.547786631294002,24.56516114321351,1.4997778173769167,52.0,1006.0
중구,을지로2가,트레블로지 명동 을지로 호텔,1,저위험군,37.56386051,126.988585,198991.4803,451591.9119,13.5787579,-3.3502997227712257,18.078126463867562,1.4460966783196547,52.0,1006.0
중구,남대문로4가,프레이저플레이스남대문,1,저위험군,37.55862664,126.9756413,197847.7545,451011.2318,26.25592304,4.0215170030043055,21.738514000190275,1.3625853149576266,52.0,1006.0
중구,충무로2가,세종호텔,1,저위험군,37.55871693,126.9871697,198866.3649,451021.0514,23.60860474,4.1340814038737435,19.064312782846685,1.4456010638827206,52.0,1006.0
중구,소공동,호텔롯데,1,저위험군,37.56206001,126.9803022,198259.6532,451392.1987,23.90521275,2.0019217927128494,23.163877727938683,1.393016435816559,52.0,1006.0
중구,명동,로얄호텔서울,1,저위험군,37.5615652,126.984857,198662.0736,451337.2061,37.01093094,13.443564963919059,21.39583606435975,1.424339456293906,52.0,1006.0
중구,(장충동,써미트호텔,1,저위험군,37.5594974,127.0060987,200538.8503,451107.6144,24.70233306,-1.9940417819830358,25.086819487424826,1.5718374117554852,52.0,1006.0
중구,충무로1가,데이즈 호텔 명동,1,저위험군,37.55820209,126.9828434,198484.0966,450963.9712,17.02598948,-6.729780286170257,24.020537998729253,1.4150413378713202,52.0,1006.0
중구,태평로1가,코리아나호텔,1,저위험군,37.56555219,126.9758586,197867.1571,451779.8812,34.58046702,10.24203372107834,25.53498900746471,1.3564748911496558,52.0,1006.0
중구,(장충동,반얀트리 클럽 앤 스파 서울,1,저위험군,37.54780376,127.0021867,200193.2322,449809.7449,37.20624082,5.445888291689172,27.88160156841973,1.5857856046197274,52.0,1006.0
중구,을지로4가,호텔 국도,1,저위험군,37.56342608,126.995507,199603.0408,451543.6435,22.72211873,1.710155273365018,21.21052864582048,1.4920099895748102,52.0,1006.0
중구,(명동,이비스 앰배서더 명동,1,저위험군,37.56143879,126.9822745,198433.9034,451323.216,26.30835335,2.7348164379424738,22.938284402354782,1.4062822682033356,52.0,1006.0
중구,순화동,디에스디엘(주) 프레이저 플레이스 센트럴 서울,1,저위험군,37.55986298,126.9690892,197268.8858,451148.6211,31.57007755,8.724715392632852,23.8786672697805,1.3203298853483414,52.0,1006.0
중구,태평로1가,뉴서울호텔,1,저위험군,37.56523844,126.9773733,198000.9669,451745.0254,28.83956587,3.626584529802969,25.313639004007115,1.369477925566402,52.0,1006.0
중구,(인현동,호텔 PJ,1,저위험군,37.56206173,126.9949125,199550.5064,451392.2194,21.96251601,-1.2428888184600524,22.711770348204,1.4911907347203035,52.0,1006.0
중구,주교동,포레스트 스테이 을지로,1,저위험군,37.56440216,126.9995208,199957.6594,451651.9676,16.72552358,-5.289332425555465,22.66266791073574,1.5150984355867039,52.0,1006.0
중구,(남산동,JEJARI STAY,1,저위험군,37.55589221,126.9842567,198608.9273,450707.5802,27.37212124,-0.030131360844666943,24.503603132136455,1.430805845281413,52.0,1006.0
중구,(남산동,다두하우스,1,저위험군,37.55602148,126.9840079,198586.9477,450721.9313,37.3094595,9.992497674593114,24.520849471512097,1.4284991228178197,52.0,1006.0
용산구,이태원동,호스텔 펠라즈(Hostel Fellaz),1,저위험군,37.5309905,126.992871,199369.8721,447943.7002,25.32889192,-1.2459625607221092,28.031747048951857,1.584916519718574,52.0,1006.0
용산구,이촌동,스카이 스위트,1,저위험군,37.51842522,126.9593935,196410.2337,446549.862,21.76826798,-3.313085747234645,26.41866529601784,1.4692570772672975,52.0,1006.0
용산구,이태원동,와이낫슬립(Why Not Sleep),1,저위험군,37.53117208,126.9904651,199157.222,447963.8721,27.201146,-4.560369577566995,27.444762209238153,1.5645789723700319,52.0,1006.0
용산구,이태원동,스테이 파키라(Stay Pachira),1,저위험군,37.53120965,126.9912185,199223.8153,447968.0355,33.62207791,1.2046232224219224,27.585030378912876,1.5705984248829148,52.0,1006.0
용산구,한강로3가,나인트리 프리미어 로카우스호텔 서울 용산(Nine Tree Premier ROKAUS Hotel Seoul Yongsan),1,저위험군,37.52489689,126.9636342,196785.405,447267.9828,18.5557279,-9.279047343423244,26.617215680093366,1.4163287747756426,52.0,1006.0
용산구,이태원동,해밀톤관광호텔,1,저위험군,37.53213283,126.9927876,199362.5155,448070.4852,31.13571848,1.5947549030474413,27.791174545724417,1.5790556401949247,52.0,1006.0
용산구,한강로3가,(주)서부티엔디 노보텔 앰배서더 서울 용산,1,저위험군,37.52917031,126.9616552,196610.6634,447742.3486,26.3910764,0.6870493960032533,26.98148449078931,1.373581811425063,52.0,1006.0
용산구,이태원동,몬드리안 서울 이태원,1,저위험군,37.52621325,126.9925067,199337.6289,447413.4873,23.99215979,-2.2029932850336813,27.68920187016026,1.6064708779624879,52.0,1006.0
용산구,동자동,(주)조선호텔앤리조트 포포인츠 조선 서울역,1,저위험군,37.54811198,126.971997,197525.4075,449844.3199,12.56557322,-9.361087470212967,22.193528986729874,1.3514775194498752,52.0,1006.0
용산구,이태원동,에이원호텔,1,저위험군,37.5312925,126.9908435,199190.6722,447977.234,21.60803378,-10.336721336781423,27.529969218299065,1.5670997882708657,52.0,1006.0
용산구,동자동,케이 그랜드 호텔 서울(K-Grand Hotel Seoul),1,저위험군,37.55008607,126.9714675,197478.6854,450063.4342,24.96694122,3.7373435744637327,22.354962292875207,1.3471490337448468,52.0,1006.0
용산구,갈월동,호텔 더 디자이너스,1,저위험군,37.5428,126.970798,197419.2712,449254.7867,18.2793578,-8.667599666758218,23.83236334371824,1.3565499376836256,52.0,1006.0
용산구,한강로3가,(주)서부티엔디 그랜드 머큐어 앰버서더 서울 용산,1,저위험군,37.52917031,126.9616552,196610.6634,447742.3486,26.91491916,1.2108921560032542,26.98148449078931,1.373581811425063,52.0,1006.0
성동구,행당동,소노체호스텔 한양,1,저위험군,37.55719846,127.0352887,203118.0364,450853.0272,14.15373922,-11.519379018057093,26.356336278079635,1.7136641241936055,52.0,1006.0
성동구,성동,청화스테이,1,저위험군,37.5369324,127.0615424,205439.2365,448604.9338,12.02835363,-13.348063014595544,26.672310493111837,1.798857486440117,52.0,1006.0
성동구,도선동,컬리넌 호텔 앤 스파,1,저위험군,37.55988082,127.0340262,203006.3802,451150.6962,19.08783436,-5.088487746716851,25.1615741146006,1.7035356846536083,52.0,1006.0
마포구,도화동,로이넷 호텔 서울 마포,1,저위험군,37.53906401,126.9474969,195359.8078,448841.032,21.94319787,-4.387982628598696,26.080804366566884,1.2837723181509935,52.0,1006.0
마포구,합정동,써클호텔,1,저위험군,37.54610662,126.9099711,192044.052,449625.1897,22.64169702,-4.45045922631974,28.08856447294533,1.2832144933468315,52.0,1006.0
마포구,공덕동,(주)호텔롯데 롯데시티 호텔마포,1,저위험군,37.54218159,126.9498095,195564.3759,449186.9337,15.46468841,-10.053338735739928,25.687572295694466,1.2739547070347967,52.0,1006.0
마포구,서교동,나인브릭,1,저위험군,37.55103429,126.9197834,192911.643,450171.3168,20.41757129,-4.361693096547075,25.050402530406878,1.2472027142732671,52.0,1006.0
마포구,합정동,주니비노호텔,1,저위험군,37.54519815,126.909966,192043.5074,449524.361,22.88208923,-5.492413458588256,28.09344375968967,1.2891347689664128,52.0,1006.0
마포구,동교동,클레오,1,저위험군,37.55864002,126.9258681,193449.9848,451015.0209,16.64834244,-10.459478587195896,26.252233963337957,1.218230113028732,52.0,1006.0
마포구,동교동,홀리데이 인 익스프레스 서울 홍대,1,저위험군,37.55677874,126.924009,193285.5493,450808.5721,22.1037906,-2.5655417531783975,24.063577327869318,1.2244781288134001,52.0,1006.0
강서구,마곡동,머큐어 서울 마곡,1,저위험군,37.56319062,126.8248225,184522.9076,451531.9248,26.72142156,3.1052929446244484,24.394139169095272,1.2237403175130166,52.0,1006.0
강서구,염창동,나이아가라관광호텔,1,저위험군,37.54634585,126.8777893,189200.1477,449654.9513,12.86757963,-7.767083309347514,21.832135117071793,1.2875778802936557,52.0,1006.0
강서구,외발산동,메이필드호텔,1,저위험군,37.54436374,126.8174071,183863.6927,449443.6103,24.94677628,1.3315398921060932,24.796459935184586,1.270106595765667,52.0,1006.0
강서구,화곡동,이지갤러리관광호텔,1,저위험군,37.55053248,126.8497258,186720.8948,450123.211,32.9525523,6.792756685959681,23.235626649735256,1.2634713472503365,52.0,1006.0
강서구,방화동,(주)호텔롯데 롯데시티호텔 김포공항,1,저위험군,37.56231091,126.8022095,182524.8237,451438.2514,28.13513597,3.980404925722425,25.19508797268464,1.2256393518064341,52.0,1006.0
강서구,화곡동,드 어반 관광호텔,1,저위험군,37.52625242,126.8466018,186440.4438,447428.8648,17.14052944,-4.291612190872485,22.67510679949604,1.3364940638008365,52.0,1006.0
강서구,화곡동,볼(Voll) 관광호텔,1,저위험군,37.52600423,126.8458538,186374.2778,447401.4269,17.87903661,-3.566403279123424,22.688502406986643,1.336598738239198,52.0,1006.0
강서구,염창동,제이케이블라썸호텔,1,저위험군,37.55404528,126.8669032,188239.3369,450510.8023,19.27163268,-2.1842033511506713,22.36000777771811,1.2550998040485153,52.0,1006.0
강서구,마곡동,호텔 엠펠리체,1,저위험군,37.55708314,126.8344677,185373.8757,450852.5214,22.74883735,0.5985527251043266,22.908821360770524,1.240856134130477,52.0,1006.0
강서구,등촌동,에스알호텔,1,저위험군,37.55838302,126.8386825,185746.5354,450996.1453,11.08948682,-12.483272383275777,22.75108675296949,1.2377421714260892,52.0,1006.0
강서구,등촌동,(주)컴앤스테이 강서,1,저위험군,37.55407382,126.8591551,187554.7131,450514.9675,19.50717414,-4.676755088281919,22.714993345106326,1.253532495442432,52.0,1006.0
강서구,염창동,골든서울호텔,1,저위험군,37.54517029,126.8772495,189152.2695,449524.5405,13.85979895,-6.511790061020482,21.573279911255348,1.2921140473034411,52.0,1006.0
영등포구,(영등포동,라스베가스 관광호텔,1,저위험군,37.51802179,126.9113836,192165.9348,446508.0012,18.00256991,-6.461455901985943,22.811447624693677,1.4677323504171995,52.0,1006.0
영등포구,여의도동,컴포트 인 여의도,1,저위험군,37.52757056,126.9196663,192899.0645,447567.1378,33.03476385,3.5763179663001914,24.78596613964494,1.3986647823507878,52.0,1006.0
영등포구,(영등포동,토요코인 서울영등포,1,저위험군,37.51494198,126.9111738,192147.071,446166.1986,22.65307423,0.7687625006926524,23.202980431702088,1.4846425732850448,52.0,1006.0
영등포구,(양평동,가예,1,저위험군,37.52009318,126.8889497,190182.9564,446740.004,20.85640134,-0.51220739734622,22.296644145290422,1.4196268393959037,52.0,1006.0
영등포구,(양평동,ROJIN(로진),1,저위험군,37.52027441,126.8888237,190171.8451,446760.1314,27.89292437,5.976208977498878,22.3177126816612,1.4182661325861627,52.0,1006.0
영등포구,(당산동,따담,1,저위험군,37.51953795,126.891167,190378.8957,446678.1514,30.52518016,8.845514216212013,22.076662774297745,1.426559859819906,52.0,1006.0
영등포구,(당산동,SH호스텔,1,저위험군,37.5200043,126.8977171,190957.9995,446729.2606,15.154335,-4.033925827252677,20.28637120831208,1.4355732574459776,52.0,1006.0
영등포구,(당산동,SD Firstier,1,저위험군,37.51986208,126.8984186,191019.9937,446713.4088,15.23062396,-4.057121366174597,19.962943780191452,1.4381444429961545,52.0,1006.0
영등포구,여의도동,페어몬트 앰배서더 서울(Fairmont Ambassador Seoul),1,저위험군,37.5233003,126.9275097,193592.0005,447092.6289,24.80866729,-0.15958785328446368,24.60180519293517,1.4263110216212296,52.0,1006.0
영등포구,(영등포동,오베르,1,저위험군,37.5158422,126.9019589,191332.5056,446266.9207,11.46062883,-12.069291277419554,21.952969284912825,1.4662160564871112,52.0,1006.0
영등포구,(양평동,Chateau 관광호텔,1,저위험군,37.52003452,126.8895927,190239.7893,446733.4266,16.40669168,-4.983555211280187,22.23558055949018,1.4213396550443698,52.0,1006.0
영등포구,선유동,가온누리,1,저위험군,37.51956845,126.8917188,190427.6845,446681.4802,18.75750306,-4.259026803438278,21.99628035162159,1.4275753088937695,52.0,1006.0
영등포구,(당산동,다담,1,저위험군,37.51987588,126.8967936,190876.3447,446715.0968,10.2356634,-9.761588863454072,20.670860091373832,1.4347564759935445,52.0,1006.0
영등포구,(당산동,베스트웨이,1,저위험군,37.5206932,126.8960286,190808.8165,446805.8835,16.27711625,-3.4731883557007954,20.929858276301662,1.4296605614019833,52.0,1006.0
영등포구,(양평동,유니언호텔,1,저위험군,37.53591594,126.8922478,190476.5261,448495.7953,21.78932749,-0.4951727450503114,21.366788044377756,1.3423295836084983,52.0,1006.0
영등포구,(영등포동,호텔 씨엘,1,저위험군,37.51633265,126.9010632,191253.3778,446321.4373,21.48025574,-1.0603730959710198,21.46228672365745,1.4625533075836556,52.0,1006.0
영등포구,여의도동,켄싱턴호텔 여의도,1,저위험군,37.52750863,126.9210305,193019.6461,447560.1622,24.70628605,-2.1589320460357406,24.885994622504498,1.3980646984307572,52.0,1006.0
영등포구,여의도동,콘래드 서울 호텔,1,저위험군,37.5222288,126.9245121,193326.9312,446973.9142,21.81550966,-4.0857037479533,24.114036697277214,1.4386238567684728,52.0,1006.0
영등포구,여의도동,글래드호텔앤리조트(주) 글래드 여의도,1,저위험군,37.52469423,126.9165374,192622.2094,447248.1417,26.84285664,4.224930320072922,23.653040381338478,1.4222661669845431,52.0,1006.0
영등포구,(양평동,위브 스위트 - 선유 파크사이드,1,저위험군,37.53575162,126.8925996,190507.5976,448477.5223,13.97273206,-7.6586669106068666,21.374272019062648,1.3433587906764899,52.0,1006.0
영등포구,(당산동,더 리베라,1,저위험군,37.52084471,126.8961637,190820.7807,446822.6861,17.55283714,-2.2177088391471607,20.884648618202814,1.4289440242787934,52.0,1006.0
영등포구,(양평동,가온,1,저위험군,37.52035777,126.8898952,190266.5791,446769.2719,24.2542534,3.0655848841857143,22.178749655143072,1.4199882063674085,52.0,1006.0
서초구,양재동,더케이호텔앤리조트(주) 더케이호텔서울,1,저위험군,37.46402232,127.0320259,202833.2617,440511.5612,27.95503456,6.069136965578288,23.615647048986318,1.8599072091846238,52.0,1006.0
서초구,잠원동,호텔티롤,1,저위험군,37.51230507,127.0161577,201428.5173,445869.9508,19.91377057,-4.007065060992815,24.90180408604988,1.7720727943882055,52.0,1006.0
서초구,서초동,유원관광호텔,1,저위험군,37.48242337,127.0120618,201066.8182,442553.4166,15.34877743,-7.389819995069699,23.720182460890054,1.8179707358457686,52.0,1006.0
서초구,서초동,호텔 페이토,1,저위험군,37.48399045,127.0317868,202811.3575,442727.748,20.21077562,-0.02274954968335763,21.226216614479966,1.838540656700653,52.0,1006.0
서초구,서초동,신라스테이 서초,1,저위험군,37.48670619,127.0293371,202594.6051,443029.0888,10.06212717,-9.100433875079425,20.6312452461603,1.8323199725234316,52.0,1006.0
서초구,서초동,업플로 호스텔,1,저위험군,37.49101095,127.0162155,201434.032,443506.5797,33.28282815,11.08748637190186,23.83961755313669,1.8117050120653708,52.0,1006.0
서초구,반포동,JW메리어트호텔 서울,1,저위험군,37.50161364,127.0028324,200250.4482,444683.2204,22.66606463,0.1466069750485346,24.06628934683361,1.7615927254957857,52.0,1006.0
서초구,서초동,힐튼 가든 인 서울 강남,1,저위험군,37.48316337,127.0319656,202827.2061,442635.9584,24.68332194,2.9141622114456958,21.414655167566604,1.8396216539305281,52.0,1006.0
강남구,삼성동,호텔 인 나인,1,저위험군,37.51294098,127.0591658,205230.8602,445942.0507,8.301884613,-15.462225603157576,25.378276271768357,1.8278719501682268,52.0,1006.0
강남구,청담동,호텔리베라 아노블리,1,저위험군,37.52111727,127.0408383,203610.1233,446848.6545,16.15922012,-5.452672476469132,23.261212056471397,1.7936757158142336,52.0,1006.0
강남구,신사동,안다즈 서울 강남,1,저위험군,37.52266861,127.0280798,202482.2162,447020.4206,18.9667094,-5.044103979944623,25.291812410212234,1.7735070936141941,52.0,1006.0
강남구,삼성동,신라스테이 삼성,1,저위험군,37.50730567,127.0623526,205513.023,445316.7851,22.88038151,-3.104114436959783,25.37237677578035,1.8376961089727148,52.0,1006.0
강남구,논현동,하로스테이 신사,1,저위험군,37.51197371,127.0203569,201799.7769,445833.2461,29.78300762,4.575863277008292,24.77485504694049,1.780491319124608,52.0,1006.0
강남구,신사동,단델리온 신사1호점,1,저위험군,37.51859556,127.0253689,202242.7016,446568.2952,16.77295275,-10.75851164018568,25.583042147542976,1.775635497513156,52.0,1006.0
강남구,삼성동,기와 호스텔,1,저위험군,37.50575751,127.0561695,204966.4353,445144.6149,29.18604503,4.091599188236767,25.62020608981097,1.8344034763590111,52.0,1006.0
강남구,역삼동,willow leaf,1,저위험군,37.49772977,127.0321048,202838.9628,444252.6416,24.42375404,3.96390561540537,19.542737678433625,1.8206259110900276,52.0,1006.0
강남구,역삼동,리치웰 호텔(Richwell Hotel),1,저위험군,37.50022148,127.0390336,203451.5506,444529.4206,22.92740091,2.5142693931115794,20.171020755454503,1.8254482542472275,52.0,1006.0
강남구,역삼동,인더시티호스텔,1,저위험군,37.50027939,127.0392159,203467.6679,444535.8546,21.55567109,1.1984391918264663,20.175948558791745,1.825558372543682,52.0,1006.0
강남구,역삼동,베니키아 강남 노블레스 호텔,1,저위험군,37.49864607,127.0350027,203095.187,444354.4304,26.54142134,4.72174544968226,19.687671535522345,1.8234631985791172,52.0,1006.0
강남구,삼성동,호텔 페이토 삼성,1,저위험군,37.50570328,127.057925,205121.6554,445138.6902,29.96271154,2.3369109010501496,25.56544904024475,1.8363009377697574,52.0,1006.0
강남구,논현동,호텔 더 디자이너스 리즈 강남 프리미어,1,저위험군,37.50271388,127.0251084,202220.1402,444805.6252,21.26865533,-1.1462516210165141,22.252148061386215,1.8055894314447318,52.0,1006.0
강남구,신사동,어바웃스테이 신사점,1,저위험군,37.51443018,127.0190559,201684.7048,446105.859,37.85252092,7.865940883005365,25.512198647248894,1.7730649681323334,52.0,1006.0
강남구,역삼동,호텔 디 아티스트 역삼,1,저위험군,37.49966232,127.0376996,203333.6172,444467.313,20.15987183,1.210385461571395,19.940874038427477,1.8252009627686094,52.0,1006.0
강남구,삼성동,호텔 유리앤,1,저위험군,37.50617632,127.0567785,205020.249,445191.1298,26.03322109,-1.5487995326662478,25.58357103105977,1.8344611441479173,52.0,1006.0
강남구,역삼동,호텔 뉴브,1,저위험군,37.50027135,127.0483211,204272.8029,444535.3367,23.30072545,2.059303905703608,22.948117197390257,1.83511868767858,52.0,1006.0
강남구,역삼동,호텔 신라스테이 역삼(Hotel Shilla Stay Yeoksam),1,저위험군,37.50189663,127.0404735,203578.7994,444715.3944,14.53540694,-5.532629936238591,20.598108652969575,1.8243125988987734,52.0,1006.0
강남구,신사동,다도,1,저위험군,37.51870635,127.0191906,201696.5175,446580.4622,29.69951855,3.892213281101462,25.85968885263832,1.7619458279176552,52.0,1006.0
강남구,논현동,GAM,1,저위험군,37.51012645,127.0324871,202872.3001,445628.525,17.98482454,-4.272331852767596,22.944417300862586,1.7996793171049377,52.0,1006.0
강남구,대치동,이비스 스타일 앰배서더 강남,1,저위험군,37.50236069,127.0562784,204976.2843,444767.6174,27.12415563,0.4615938660313965,25.68311198539357,1.8400106545817374,52.0,1006.0
강남구,논현동,렉스 관광 호텔,1,저위험군,37.51162065,127.0197507,201746.1946,445794.0495,31.70536659,5.213042678255739,24.680144637646734,1.779995908520697,52.0,1006.0
강남구,역삼동,트리아관광호텔,1,저위험군,37.50009682,127.0386187,203414.8687,444515.5698,26.94400361,6.907256841521544,20.08730113445603,1.8255291158275586,52.0,1006.0
강남구,신사동,라까사호텔,1,저위험군,37.51923895,127.0187598,201658.4162,446639.5664,29.75805099,1.7334521945505834,25.920009324399224,1.7600197596065674,52.0,1006.0
강남구,삼성동,웨스틴 서울 파르나스,1,저위험군,37.50977042,127.0580292,205130.592,445590.0963,30.52689456,4.852183821521489,25.472196386958714,1.8306664748554324,52.0,1006.0
강남구,역삼동,와사비 하우스,1,저위험군,37.49195128,127.0298059,202635.8846,443611.2378,13.65377502,-4.25424691725066,19.209647340177177,1.8261792456578938,52.0,1006.0
강남구,삼성동,호텔 크레센도 서울,1,저위험군,37.50806468,127.0461159,204077.3787,445400.1981,24.54886561,1.5411107147176786,24.402765845274654,1.8198406336032917,52.0,1006.0
송파구,잠실동,호텔롯데 롯데호텔월드,1,저위험군,37.50853565,127.0971478,208589.3632,445455.9044,27.80877573,3.7272768209581955,23.535878701242336,1.8652030860709374,52.0,1006.0
송파구,문정동,메리제인호텔,1,저위험군,37.4828826,127.1227537,210857.0255,442611.3941,30.7790056,5.250662375966261,26.480419447470297,1.9030692504717905,52.0,1006.0
송파구,가락동,부티크 호텔 XYM,1,저위험군,37.49414553,127.1205935,210664.3701,443861.1847,28.93241283,0.5108978622918201,26.11998953698742,1.8910239406119869,52.0,1006.0
송파구,신천동,시그니엘 서울(SIGNIEL SEOUL),1,저위험군,37.51035018,127.1026419,209074.9004,445657.8098,22.07869221,0.2772383142871284,23.498774816675724,1.8673986850563509,52.0,1006.0
송파구,문정동,호텔 파크하비오,1,저위험군,37.47785335,127.122874,210868.3975,442053.2279,19.85078138,-5.109707016453562,26.5878057247508,1.9069931000106388,52.0,1006.0
송파구,가락동,가락관광호텔,1,저위험군,37.49113403,127.117929,210429.1572,443526.649,35.92362085,5.703066754199249,26.305365739508854,1.8931109127011336,52.0,1006.0
송파구,가락동,캘리포니아호텔,1,저위험군,37.49134308,127.1183152,210463.2829,443549.8936,36.3346945,6.500286389274962,26.28758104546957,1.8930926073762062,52.0,1006.0
종로구,관철동,스테이 묘미 종로,1,저위험군,37.56620399,126.985129,198686.1906,451852.0534,15.70536045,-3.7869265463662636,19.978766059121977,1.4195204171631366,52.0,1006.0
종로구,숭인동,호텔 인스피룸 종로,1,저위험군,37.57110935,127.0207528,201833.3295,452396.5896,30.02159386,4.950781418976266,26.152023371968454,1.6179484234788646,52.0,1006.0
종로구,숭인동,안한스테이 동묘,1,저위험군,37.57088635,127.016036,201416.6445,452371.7576,18.5396282,-7.180404134373724,25.795735675839754,1.5951600628682148,52.0,1006.0
서초구,반포동,호텔 앳 강남 서울,1,저위험군,37.50289453,127.020478,201810.7081,444825.5759,16.31124027,-4.754141105528994,22.659679728878903,1.8007267925299686,52.0,1006.0
강남구,역삼동,스테이아른,1,저위험군,37.50366871,127.0453887,204013.3162,444912.2707,21.31644372,-2.1743381539674083,22.74166019037696,1.8263987112188873,52.0,1006.0
종로구,효제동,백제장,1,저위험군,37.56884357,127.0041212,200364.0797,452144.9199,24.18525931,-0.9533285343709075,26.56414078893404,1.5328209479532542,52.0,1006.0
종로구,효제동,더원 호텔,1,저위험군,37.5692221,127.003393,200299.7503,452186.9298,24.79858537,-0.9874562899118118,26.76977685540404,1.5271364502383509,52.0,1006.0
종로구,관수동,더포스트 호텔,1,저위험군,37.56668503,126.9897635,199095.6394,451905.3885,15.94133796,-3.0830170167208717,18.581985466095723,1.4487964433947915,52.0,1006.0
종로구,연지동,더스테이종로(TheStayJongro),1,저위험군,37.57028888,126.9982792,199847.9811,452305.3259,15.40107587,-8.112706166256693,23.155556974269395,1.492387156622877,52.0,1006.0
종로구,관철동,(주)서울큐브 종로,1,저위험군,37.56636189,126.9838774,198575.6146,451869.5967,19.8904306,-1.6780883647976736,20.609535619103127,1.4108786882135487,52.0,1006.0
종로구,연지동,주식회사 파이브호텔 종로,1,저위험군,37.57145411,126.9987318,199887.9614,452434.6523,21.93919877,0.41283821467189696,22.798783652660248,1.4924964256161521,52.0,1006.0
종로구,원남동,오라카이 대학로 호텔,1,저위험군,37.57297519,126.9979778,199821.3638,452603.4757,17.49537536,-4.503062782028369,21.56420976305268,1.4847458918687684,52.0,1006.0
종로구,효제동,청원 NEST,1,저위험군,37.56941664,127.0034373,200303.6641,452208.5216,25.69593258,-1.6543985952309548,26.74532600972994,1.526908085430868,52.0,1006.0
종로구,관철동,핑크빌,1,저위험군,37.5663255,126.9841608,198600.6532,451865.5536,19.95846592,-1.4159250345418606,20.482340505383643,1.41268180145085,52.0,1006.0
종로구,충신동,이에스드림타워,1,저위험군,37.57251594,127.0027139,200239.7455,452552.5058,21.68286087,-0.15515596315455937,23.24693834533267,1.5149380569308915,52.0,1006.0
종로구,창신동,만소호스텔,1,저위험군,37.56851942,127.0099225,200876.6026,452108.9814,25.84870906,0.028451123694615887,23.591746637138176,1.5677273509915188,52.0,1006.0
종로구,관철동,유에이치 스위트 종각 5F,1,저위험군,37.5663269,126.9852019,198692.628,451865.6939,14.33050933,-5.193551214275837,19.98368226595521,1.419889909638036,52.0,1006.0
종로구,장사동,알게스트하우스 종묘점,1,저위험군,37.56669372,126.9940096,199470.7659,451906.3206,18.06818819,-0.6311268479131833,18.549500298365956,1.4739037169651772,52.0,1006.0
종로구,돈의동,엠앤럭키호텔,1,저위험군,37.5685956,126.9901221,199127.3384,452117.4361,10.77021425,-7.445055079026178,18.40791227166511,1.4475104927372575,52.0,1006.0
종로구,관수동,호텔케이월드(청계),1,저위험군,37.56645547,126.9904873,199159.5848,451879.9033,12.14639805,-6.30532071771505,18.397600536932455,1.4529889480748919,52.0,1006.0
종로구,관철동,더 스테이 코리아(The Stay Korea),1,저위험군,37.56616924,126.9863907,198797.6543,451848.1797,23.78195396,4.018664604111283,19.430666052283243,1.427256881283208,52.0,1006.0
종로구,낙원동,오라카이 인사동 스위츠,1,저위험군,37.57025733,126.9865467,198811.497,452301.9079,15.44674591,-2.354774885772155,18.11146740036166,1.42291812722655,52.0,1006.0
종로구,관훈동,아미드 호텔 서울,1,저위험군,37.56984481,126.9834118,198534.5493,452256.1673,18.68581043,-1.1085832846151433,19.142350235380885,1.404454071989352,52.0,1006.0
종로구,창신동,대구,1,저위험군,37.56869433,127.0105724,200934.0121,452128.4006,34.30395,7.310497423260912,23.63945614592427,1.5709642776146175,52.0,1006.0
종로구,관철동,호텔 프렌즈,1,저위험군,37.56577941,126.987643,198908.2843,451804.8978,23.88574147,5.694734749325903,18.826766443204193,1.4359455449537153,52.0,1006.0
종로구,관훈동,호텔썬비,1,저위험군,37.57030354,126.9840039,198586.865,452307.0719,13.4208505,-5.389143724018627,18.93692843444196,1.407368601199403,52.0,1006.0
종로구,낙원동,(주)탑호텔 앤 레지던스,1,저위험군,37.57058279,126.988025,198942.1046,452338.0125,18.43119385,0.08978391875398728,18.100180209766215,1.4310961378164535,52.0,1006.0
종로구,낙원동,호텔누누,1,저위험군,37.56823244,126.9888801,199017.6124,452077.1418,20.71736838,2.4645696859976134,18.683075306973688,1.440123361086357,52.0,1006.0
종로구,관철동,르몽호텔,1,저위험군,37.56611346,126.9877015,198913.461,451841.9728,17.1935316,-1.3790370760497979,18.958058417519,1.4356912396330128,52.0,1006.0
종로구,효제동,블루덕호텔,1,저위험군,37.56889448,127.003309,200292.329,452150.5675,23.67672872,-1.818452618256245,26.901688916375647,1.5275102564362208,52.0,1006.0
종로구,창신동,BM,1,저위험군,37.56785863,127.0107003,200945.3175,452035.6489,26.73716083,2.511901430533861,23.69511666227939,1.574075029776407,52.0,1006.0
종로구,낙원동,호텔 트래디업 B동,1,저위험군,37.57052737,126.9879043,198931.4365,452331.8629,17.80721927,-0.5247208605345541,18.100826433703823,1.4305180672004876,52.0,1006.0
종로구,종로5가,동대문 당근 여관,1,저위험군,37.5678409,127.0040228,200355.3949,452033.6349,34.54604797,9.149482047639186,26.800914356439336,1.5348240912126372,52.0,1006.0
종로구,낙원동,케이브 료칸&호텔 종로,1,저위험군,37.56833357,126.9891105,199037.9658,452088.3637,12.21183715,-6.130105621286644,18.61190694605221,1.4414090159917825,52.0,1006.0
종로구,숭인동,리치하우스,1,저위험군,37.57503345,127.021474,201896.9454,452832.1336,30.30742429,3.809552663821382,26.04737212574807,1.6105496654037725,52.0,1006.0
종로구,낙원동,시네마모텔,1,저위험군,37.57043679,126.9884015,198975.3581,452321.8041,13.02213867,-4.7147141283489304,18.067900929864397,1.4335610515938142,52.0,1006.0
종로구,창신동,더 베이지,1,저위험군,37.56996845,127.0114042,201007.4789,452269.8217,31.9767233,7.754341006393869,23.785395448833427,1.5720712710245663,52.0,1006.0
종로구,교북동,독립문호텔,1,저위험군,37.56995527,126.9593036,196404.7661,452269.0762,27.17721169,2.229074950660763,26.12833140789695,1.2690002974125936,52.0,1006.0
종로구,숭인동,호스텔 바닐라 2,1,저위험군,37.57215126,127.0155335,201372.2339,452512.1405,31.94163398,6.578664388761865,25.998538545850504,1.5886866921979674,52.0,1006.0
종로구,창신동,글로벌인 동대문 시티데이즈 인,1,저위험군,37.56878727,127.0109196,200964.6849,452138.7194,20.44571112,-5.737302298696026,23.702142922421245,1.5726697280401718,52.0,1006.0
종로구,낙원동,알게호(Rgeho),1,저위험군,37.57028623,126.9884427,198979.0002,452305.0932,28.17160591,9.925707423625912,18.082791369695585,1.4339510311826476,52.0,1006.0
종로구,명륜3가,브릭스,1,저위험군,37.58068099,126.9972756,199759.3487,453458.7323,25.4660468,2.296691248578398,24.071368844833064,1.4692962463650177,52.0,1006.0
종로구,낙원동,어반 골드 호텔,1,저위험군,37.56821148,126.989594,199080.6834,452074.8083,30.13445299,12.176874756632792,18.539618547120256,1.4444306849390662,52.0,1006.0
종로구,숭인동,동성,1,저위험군,37.57028181,127.0166221,201468.4361,452304.6697,31.34957852,4.50881884273781,25.946249986930574,1.6000328079876398,52.0,1006.0
종로구,숭인동,캐슬장,1,저위험군,37.57097192,127.0188333,201663.7628,452381.3008,31.13513818,4.340049870660835,26.176996174161268,1.6092165209798386,52.0,1006.0
종로구,낙원동,호텔 라와,1,저위험군,37.56947719,126.988412,198976.2779,452215.2995,16.36162914,-3.3015998283060988,18.382155655021283,1.4348216702133674,52.0,1006.0
종로구,숭인동,삼오여관,1,저위험군,37.57050629,127.0178338,201575.4786,452329.604,35.97716569,7.391606908029093,26.145234698126828,1.6055005432547789,52.0,1006.0
종로구,낙원동,호텔 야자(종로점),1,저위험군,37.5703237,126.9881809,198955.8717,452309.2548,12.76870153,-5.026002841624697,18.07667455303103,1.4324370432445186,52.0,1006.0
종로구,낙원동,헤르츠,1,저위험군,37.56998988,126.9881421,198952.4394,452272.2051,11.77229195,-7.318900370060668,18.14120676993255,1.4326620314386285,52.0,1006.0
종로구,관철동,MG HOTEL(엠지호텔),1,저위험군,37.56620274,126.984042,198590.1517,451851.9304,22.15106071,-0.7874328079520048,20.59191904277763,1.4121359195168173,52.0,1006.0
종로구,낙원동,호텔 트래디업 A동,1,저위험군,37.57053501,126.9877845,198920.8532,452332.7122,16.41080117,-1.9426446646412003,18.11242173156662,1.4298763059326953,52.0,1006.0
종로구,낙원동,호텔팝 리즈 프리미어,1,저위험군,37.56830703,126.989418,199065.1323,452085.4149,19.34174296,1.3132597498700136,18.558331871629854,1.4430611089041963,52.0,1006.0
종로구,수송동,신라스테이 광화문,1,저위험군,37.56990125,126.9803048,198260.0635,452262.4845,19.90447402,-0.10275705976760818,20.356568060950927,1.3855445633447037,52.0,1006.0
종로구,돈의동,티(T),1,저위험군,37.56838036,126.9898391,199102.3405,452093.5496,20.05910925,1.9390376939376992,18.470001306176982,1.445886250337534,52.0,1006.0
종로구,관훈동,호텔 작(鵲) 인사동 by 아늑(HOTEL JAK(鵲) INSADONG by AANK),1,저위험군,37.57219408,126.9838622,198574.3837,452516.902,20.82481309,2.134515541215137,19.05160054685529,1.4046774623868097,52.0,1006.0
종로구,낙원동,호텔 스타,1,저위험군,37.56878558,126.9892885,199053.6995,452138.5297,22.07065528,4.140652966415882,18.478177803299047,1.4417148681118381,52.0,1006.0
종로구,종로5가,트래블몬스터,1,저위험군,37.56870307,127.0022365,200197.5795,452129.3205,24.14569735,-1.7772011547067343,26.64785417964923,1.521356277637813,52.0,1006.0
종로구,창신동,엘로호스텔,1,저위험군,37.56817166,127.0102944,200909.4551,452070.3876,30.3082539,3.9090223215933193,23.634168730083115,1.57085057321971,52.0,1006.0
종로구,낙원동,에비뉴162,1,저위험군,37.56847519,126.9890521,199032.8083,452104.0824,16.47670349,-1.9441961742857963,18.593158053767183,1.4408846734080294,52.0,1006.0
종로구,낙원동,구월호텔 익선점,1,저위험군,37.56834527,126.9893008,199054.7832,452089.6603,18.30250129,0.10532496149399861,18.576031273731786,1.4423920444194989,52.0,1006.0
종로구,숭인동,브라운,1,저위험군,37.56977342,127.0156421,201381.869,452248.2295,38.54734483,10.473328832000814,25.714387162509503,1.59635781092063,52.0,1006.0
종로구,종로5가,벤허모텔2,1,저위험군,37.56906562,126.999559,199961.0394,452169.557,26.09524827,-0.05883988383296668,24.619538735482994,1.503993074272965,52.0,1006.0
종로구,관수동,온도 호텔 앤 스파 서울종로점,1,저위험군,37.56648067,126.9893888,199062.5307,451882.7106,20.61410807,1.7826819889618868,18.622328508421006,1.4465985625364917,52.0,1006.0
종로구,종로5가,엘케이 호스텔,1,저위험군,37.56787315,127.0027884,200246.3448,452037.2103,36.5657773,11.306235692164368,26.5197250095991,1.527010777726337,52.0,1006.0
종로구,관수동,종로아이엠티호텔,1,저위험군,37.56632573,126.9894738,199070.0373,451865.5132,17.42811312,-0.664950075674124,18.559737299202467,1.4474095103672182,52.0,1006.0
종로구,관수동,(주)호텔리안,1,저위험군,37.5663946,126.9901754,199132.0252,451873.1503,12.51989791,-5.526862669291928,18.43921099513688,1.4514381877490916,52.0,1006.0
종로구,숭인동,와이키키,1,저위험군,37.57136659,127.0214445,201894.4368,452425.154,20.9832185,-4.923835275773772,26.14784103976405,1.620386472367494,52.0,1006.0
종로구,숭인동,올리브,1,저위험군,37.57106161,127.0193217,201706.9121,452391.2641,25.54696045,-0.7080183640974695,26.188218434032255,1.6112523348047252,52.0,1006.0
종로구,낙원동,알리앙스,1,저위험군,37.56853459,126.9893871,199062.4045,452110.6717,23.05278772,5.024808291029775,18.52585662733597,1.442580097099359,52.0,1006.0
종로구,숭인동,Gaga House 동대문,1,저위험군,37.57095095,127.0189937,201677.9386,452378.9762,29.10775644,2.487966336057898,26.19358248031163,1.6100248914660351,52.0,1006.0
종로구,인사동,파이프 호스텔,1,저위험군,37.56812071,126.9838419,198572.5109,452064.8057,27.60929002,9.264274376901476,19.514093186622624,1.4085620301561927,52.0,1006.0
종로구,창신동,동명,1,저위험군,37.56827627,127.0100783,200890.3617,452081.996,28.29342125,2.3249570795584233,23.619596264648848,1.5693111954438557,52.0,1006.0
종로구,관철동,스카이호텔,1,저위험군,37.56647897,126.9873609,198883.3762,451882.5441,28.67964125,8.308522445733868,19.288087215975267,1.43281743978665,52.0,1006.0
종로구,숭인동,하나장,1,저위험군,37.57127618,127.021448,201894.7412,452415.1196,24.40003305,-1.4203337922726078,26.144815766750035,1.6206412917709987,52.0,1006.0
종로구,낙원동,종로 KS Stay,1,저위험군,37.57031895,126.9879488,198935.37,452308.7302,14.16613774,-3.62325565786724,18.07336731845315,1.4309836338090993,52.0,1006.0
종로구,관훈동,준오 호텔,1,저위험군,37.57226294,126.9834525,198538.1877,452524.551,21.76317754,2.8696472606983825,19.142604176142306,1.402117469653227,52.0,1006.0
종로구,종로6가,HAH (JUST4U 2.0),1,저위험군,37.56879123,127.0072539,200640.8369,452139.1276,28.05294735,3.7904651588716582,24.341491512983655,1.5514219512997496,52.0,1006.0
종로구,관훈동,H.H 모텔,1,저위험군,37.57208885,126.9837625,198565.5689,452505.2242,27.47629724,8.946347127395569,19.068849905680224,1.404215494589095,52.0,1006.0
종로구,낙원동,미정,1,저위험군,37.56798466,126.9892256,199048.1333,452049.6375,23.38965557,5.514277152194374,18.67141412864577,1.442502457334057,52.0,1006.0
종로구,원남동,메이플레이스 호텔 서울 동대문,1,저위험군,37.57336561,126.9979485,199818.7693,452646.8078,14.95589031,-7.153453064219869,21.440631392395446,1.4839545243928005,52.0,1006.0
종로구,관철동,부티크호텔케이(BHK 01),1,저위험군,37.56652738,126.9874728,198893.2603,451887.9157,17.53837107,-2.851795787480775,19.275247128056797,1.433471844914248,52.0,1006.0
종로구,창신동,호텔가온골든파크,1,저위험군,37.56815462,127.0138059,201219.6806,452068.5361,23.85338247,-3.482977154574293,24.7635577734967,1.5910526986080566,52.0,1006.0
종로구,돈의동,비욘드 레지던스 종로(Beyond Residence Jongno),1,저위험군,37.56934241,126.9892523,199050.5059,452200.3317,25.68830734,6.942755801323056,18.38199817865133,1.4405315936326866,52.0,1006.0
종로구,숭인동,HOTEL 동양장,1,저위험군,37.5700908,127.016993,201501.2097,452283.4757,33.33837737,5.400953178299254,26.093350670089606,1.6024611816885048,52.0,1006.0
종로구,관수동,나포레 호텔,1,저위험군,37.56620995,126.9899735,199114.1892,451852.6582,11.70907686,-5.94921935695416,18.423945210861124,1.4506676653748336,52.0,1006.0
종로구,숭인동,와이키키,1,저위험군,37.57145727,127.0214405,201894.0758,452435.2183,20.99536939,-4.9494356332331755,26.15083374804239,1.62004789012301,52.0,1006.0
종로구,숭인동,아라호텔,1,저위험군,37.57099939,127.0191614,201692.7462,452384.3555,36.52327095,10.015043218396976,26.1903201707191,1.6106760034406624,52.0,1006.0
종로구,효제동,오요호스텔 동대문1,1,저위험군,37.56894927,127.0027517,200243.0982,452156.647,35.80277165,10.185019615920687,26.96571399751853,1.5238623911040745,52.0,1006.0
종로구,창신동,Han stay,1,저위험군,37.56784218,127.0124682,201101.5088,452033.8424,17.33658883,-9.904332340706837,24.17918874874613,1.5845172053573657,52.0,1006.0
중구,(장충동,웰빙텔,1,저위험군,37.55843966,127.0040854,200360.9716,450990.2082,26.57386875,0.59904176596784,26.25315886721635,1.5620913233908826,52.0,1006.0
중구,을지로5가,(주)동대문레지던스 웨스턴코업,1,저위험군,37.56377738,127.0025446,200224.815,451582.6273,16.74437072,-6.55369096164906,22.831807143399534,1.5360577728954716,52.0,1006.0
중구,신당동,8모텔,1,저위험군,37.5610921,127.0136239,201203.7155,451284.677,23.49177552,2.1877567338830843,21.723554197825067,1.6109948033927297,52.0,1006.0
중구,(장충동,봉우물산(주)써미트호텔,1,저위험군,37.5594974,127.0060987,200538.8503,451107.6144,24.61641575,-2.079959091983035,25.086819487424826,1.5718374117554852,52.0,1006.0
중구,(장충동,케이게스트하우스 동대문 프리미엄점2,1,저위험군,37.56070031,127.0057753,200510.2733,451241.1214,37.3479289,9.64221517262093,24.889963175070918,1.5658787769713323,52.0,1006.0
중구,명동,지요크 명동,1,저위험군,37.56079146,126.9848381,198660.3855,451251.3304,14.36334194,-7.977429209457588,21.458163293631475,1.4252064263305684,52.0,1006.0
중구,명동,칼리스타,1,저위험군,37.56196056,126.9830807,198505.1405,451381.1131,21.75860098,-1.733553330651926,22.67207490601004,1.411259352167122,52.0,1006.0
중구,태평로1가,유에이치스위트 센트럴 서울,1,저위험군,37.56450897,126.9775004,198012.1783,451664.0601,17.83334135,-8.096658869439185,25.00308868952886,1.371141661358976,52.0,1006.0
중구,충무로4가,하우하우스(How House),1,저위험군,37.55948054,126.9946966,199531.4159,451105.7389,27.03755835,4.49169888064608,23.877738299120526,1.4950221886135904,52.0,1006.0
중구,순화동,라마다 호텔&스위트 서울남대문,1,저위험군,37.55742715,126.9712781,197462.1986,450878.2115,25.21365402,2.7671521296459467,23.59200870820225,1.3374349945377597,52.0,1006.0
중구,명동,소테츠 프레사인 서울 명동,1,저위험군,37.56092608,126.9842292,198606.5947,451266.2804,22.25125029,0.3409698621744077,21.89114605918784,1.4210992780896368,52.0,1006.0
중구,(장충동,동림여관,1,저위험군,37.55859878,127.0038475,200339.9491,451007.8677,26.83168419,0.6360564960438992,26.335551090551796,1.5600009140258566,52.0,1006.0
중구,(필동,빌리브 인더시티 남산,1,저위험군,37.55875759,126.9920535,199297.8764,451025.5165,18.06731881,-3.1451544579899533,22.289929038057803,1.480047475425431,52.0,1006.0
중구,명동,무무네 스테이(MUMUNE STAY),1,저위험군,37.55992254,126.981668,198380.2837,451154.9404,12.04523986,-9.96239478411931,22.518926964069756,1.4042726467932602,52.0,1006.0
중구,명동,(주)라인호텔명동,1,저위험군,37.56259453,126.9829506,198493.6595,451451.4784,18.91760295,-2.713571026862887,22.653991716253117,1.409357249357605,52.0,1006.0
중구,(회현동,보코 언 아이에이치지 호텔,1,저위험군,37.5557044,126.9778591,198043.6355,450686.8494,23.5381471,-1.9711566403034269,24.64633698906576,1.3828623111511595,52.0,1006.0
중구,명동,HOTEL DRIP&DROP,1,저위험군,37.56290669,126.9829366,198492.4306,451486.1247,17.68387672,-3.885061527727032,22.610268177071205,1.4087621626705304,52.0,1006.0
중구,명동,에잇레스트 호스텔 명동,1,저위험군,37.56065304,126.9849517,198670.4218,451235.9658,16.98168538,-5.502989840456795,21.37426131486284,1.4263956711962655,52.0,1006.0
중구,오장동,글로리인(Glory inn),1,저위험군,37.56224265,127.001297,200114.589,451412.2881,22.65125809,-0.2862604782694369,23.714704862471862,1.5322038697053373,52.0,1006.0
중구,을지로3가,라움 레지던스,1,저위험군,37.56397563,126.9893042,199055.0293,451604.6814,27.10213641,10.514162889380628,17.910962334328687,1.450485062933893,52.0,1006.0
중구,명동,유에이치스위트 더명동3,1,저위험군,37.55922076,126.9871775,198867.0599,451076.9705,19.86367205,0.8935973249406217,19.341720250135612,1.4447216072420774,52.0,1006.0
중구,태평로2가,유에이치스위트 서울덕수궁,1,저위험군,37.56051208,126.9762082,197897.9002,451220.4805,21.02905628,-2.580357312488502,21.554689634185422,1.3649996473423573,52.0,1006.0
중구,충무로5가,구도 레지던스 충무로,1,저위험군,37.56105877,127.000605,200053.4529,451280.8907,22.25356811,-2.330384828544503,24.817147514640872,1.5309816591867818,52.0,1006.0
중구,북창동,예신라,1,저위험군,37.55888808,126.9768577,197955.2364,451040.2214,14.18441414,-7.014923278424321,21.41487721970123,1.3717921603825967,52.0,1006.0
중구,충무로2가,에스엘호텔,1,저위험군,37.55947776,126.9889533,199023.9677,451105.4745,16.71530968,-3.44358230576643,20.008315125250796,1.456559461519401,52.0,1006.0
중구,충무로3가,호텔 꼬모쉐 명동,1,저위험군,37.56000992,126.9910453,199208.8143,451164.5183,25.61584971,5.534522235205692,21.377538017058903,1.4699267787350092,52.0,1006.0
중구,북창동,르서울호텔,1,저위험군,37.56068492,126.9769684,197965.0734,451239.6469,12.68960383,-8.821692464625592,21.538590119965733,1.3711361717374788,52.0,1006.0
중구,오장동,제이디타워 레지던스,1,저위험군,37.56260302,127.0012691,200112.127,451452.2848,15.0994362,-7.980310648956753,23.368253106936777,1.5309876168390375,52.0,1006.0
중구,(인현동,호스텔 케이팝,1,저위험군,37.56169553,126.9931658,199396.183,451351.5853,16.86501337,-5.137391759291628,22.17453810427596,1.4806332910901459,52.0,1006.0
중구,태평로2가,유에이치스위트 서울스퀘어,1,저위험군,37.56031367,126.9764151,197916.1733,451198.4547,27.09831392,3.2805897415394227,21.275624149773215,1.3671176681587753,52.0,1006.0
중구,중림동,랑 호텔(RANG Hotel),1,저위험군,37.55536217,126.9683113,197199.9836,450649.1075,32.60807343,8.823299553000872,24.082121310110463,1.3179865159210178,52.0,1006.0
중구,오장동,더바오컴퍼니,1,저위험군,37.5620177,127.0013564,200119.8392,451387.3213,28.69552585,5.7809896719386735,23.938156695175465,1.5333233719767574,52.0,1006.0
중구,충무로3가,가가하우스 을지로,1,저위험군,37.5601926,126.9914579,199245.2651,451184.7902,36.53126237,16.27759644179694,21.57376327657511,1.4724619617185377,52.0,1006.0
중구,황학동,빅 스테이,1,저위험군,37.56760688,127.0195623,201728.2425,452007.8337,14.68928805,-10.047324302841917,26.121888896345705,1.6223483476059404,52.0,1006.0
중구,북창동,스테이모먼트,1,저위험군,37.5596575,126.9764613,197920.2371,451125.6266,27.51246355,6.076945108483674,21.012630027883986,1.3683342514996701,52.0,1006.0
중구,다동,요기는 호텔,1,저위험군,37.5640592,126.9812369,198342.2794,451614.0684,26.51064355,3.9252019719846167,23.137353835197892,1.3973304807280074,52.0,1006.0
중구,충무로3가,명동 K STAY 블루보트,1,저위험군,37.56034502,126.989833,199101.7051,451201.7213,29.93375085,9.587716853170043,20.540352667437805,1.4601018380767332,52.0,1006.0
중구,을지로6가,허브모텔,1,저위험군,37.56400886,127.0055099,200486.7965,451608.33,19.65168373,-1.6435686674040113,21.744081584379707,1.5543074144456095,52.0,1006.0
중구,(광희동,화신여관,1,저위험군,37.56258859,127.0026857,200237.285,451450.6859,31.75290695,8.82642361708784,23.663724390730756,1.5404218384535135,52.0,1006.0
중구,신당동,세포장모텔,1,저위험군,37.54686459,127.0069701,200615.9461,449705.529,21.2665356,-4.662857222067448,27.347978507026056,1.6199613551222665,52.0,1006.0
중구,중림동,대영장여관,1,저위험군,37.55445273,126.9672114,197102.7611,450548.2038,18.89849828,-5.236225115450306,24.020301913798942,1.3099288496454071,52.0,1006.0
중구,(회현동,호텔 경동,1,저위험군,37.55443196,126.9809373,198315.5949,450545.5641,20.96058342,-3.4484342694827,24.71264932418375,1.4067705324839044,52.0,1006.0
중구,순화동,프레이저 플레이스 센트럴 서울,1,저위험군,37.55986298,126.9690892,197268.8858,451148.6211,31.57007906,8.724716902632853,23.8786672697805,1.3203298853483414,52.0,1006.0
중구,남대문로4가,프레이저플레이스남대문서울(Fraser Place Namdaemun-Seoul),1,저위험군,37.55862664,126.9756413,197847.7545,451011.2318,26.11530651,3.8809004730043064,21.738514000190275,1.3625853149576266,52.0,1006.0
중구,다동,스몰 하우스 빅도어,1,저위험군,37.56419873,126.9811758,198336.8888,451629.5557,32.53907464,9.974626641685433,23.173107609437743,1.3966510003379982,52.0,1006.0
중구,북창동,24게스트하우스 명동에비뉴,1,저위험군,37.55861319,126.9769228,197960.988,451009.7104,20.20716746,-1.0651784255768781,21.45498638053921,1.3723525462970951,52.0,1006.0
중구,(회현동,힐하우스 호텔,1,저위험군,37.55405845,126.9811766,198336.7332,450504.1047,26.18860999,2.6032851958400904,24.774949369748686,1.409670157712889,52.0,1006.0
영등포구,(당산동,포켓서울 문래점,1,저위험군,37.51813948,126.8997971,191141.6541,446522.0912,23.98483588,3.784179160923699,19.76332949069932,1.4497003531462698,52.0,1006.0
중구,(남산동,우주 남산점,1,저위험군,37.55587082,126.9839836,198584.7968,450705.2102,26.72210081,-0.8684047829942152,24.55717949354537,1.4285831251700134,52.0,1006.0
중구,(회현동,대영호텔,1,저위험군,37.55561992,126.9795108,198189.5763,450677.44,28.37012142,1.860275925040984,24.685368901346937,1.3946804839893499,52.0,1006.0
중구,(남산동,오요5롯지A(oYo5LodgeA),1,저위험군,37.55634977,126.9841795,198602.119,450758.365,33.74993089,8.185970242100812,24.44241877665144,1.4291996504040303,52.0,1006.0
중구,(저동,이화호텔,1,저위험군,37.56100128,126.9869874,198850.2918,451274.5894,24.22852529,1.0580422558563072,19.98654268682921,1.4398156550019887,52.0,1006.0
중구,(남산동,호텔 마흐리트,1,저위험군,37.55766837,126.9864202,198800.1269,450904.683,18.60251874,-5.061991883573306,21.93322945568375,1.4425523050637887,52.0,1006.0
중구,중림동,WO모텔 충정로,1,저위험군,37.55465607,126.9670047,197084.5065,450570.7786,24.94524697,0.7303539946920985,24.029677144060773,1.3089282132908544,52.0,1006.0
중구,을지로4가,국도관광개발 주식회사 호텔국도,1,저위험군,37.56342608,126.995507,199603.0408,451543.6435,22.71431679,1.7023533333650214,21.21052864582048,1.4920099895748102,52.0,1006.0
중구,흥인동,레인보우호텔,1,저위험군,37.56318521,127.0151159,201335.5066,451517.0077,31.31350716,7.9553549386530875,22.642805211659237,1.6126376568550171,52.0,1006.0
중구,(장충동,파이프 호스텔,1,저위험군,37.55841902,127.0048897,200432.0333,450987.9208,33.72672717,9.061781117315938,25.83757754715326,1.5674711995782096,52.0,1006.0
중구,(회현동,뉴코리아호텔,1,저위험군,37.5553878,126.9789975,198144.2146,450651.6875,24.52262535,0.858740096769246,24.90532541451944,1.3912504068768954,52.0,1006.0
중구,(회현동,서울씨티호텔(SEOUL CITY HOTEL),1,저위험군,37.55549628,126.9801253,198243.8758,450663.7058,39.43811091,12.853069791345575,24.565236241381363,1.3992551338318489,52.0,1006.0
중구,(회현동,뉴오리엔탈호텔,1,저위험군,37.55758838,126.9829243,198491.2349,450895.8554,26.63721237,0.07252493726201337,24.380168105759424,1.4168100256833744,52.0,1006.0
중구,(회현동,HOTEL PARK HILL,1,저위험군,37.55502777,126.9809653,198318.0815,450611.6914,30.73726858,3.8893673196037035,24.36304765511925,1.4059907160349738,52.0,1006.0
중구,남대문로5가,안전장,1,저위험군,37.55569993,126.973826,197687.2691,450686.4449,26.05654034,2.9011259158695353,23.783379591657187,1.3538313073846198,52.0,1006.0
중구,초동,나인트리 바이 파르나스 서울 명동 Ⅱ,1,저위험군,37.5615963,126.9901367,199128.5529,451340.5958,19.01522984,-0.9628428371929054,20.172330340151312,1.4596434293154634,52.0,1006.0
중구,서소문동,ENA 스위트 호텔,1,저위험군,37.55956061,126.9731035,197623.558,451114.9525,11.80515737,-10.22990040082778,22.80478795583852,1.345569083862366,52.0,1006.0
중구,장교동,(주)호텔롯데 롯데시티호텔명동,1,저위험군,37.56418691,126.9872883,198876.9251,451628.1532,15.84516789,-2.6689950859608,18.607567867354067,1.4362392152678674,52.0,1006.0
중구,남대문로5가,르코지,1,저위험군,37.55578736,126.9736727,197673.7263,450696.1523,21.3269863,-2.2020525241352225,23.709061509552413,1.352682441944052,52.0,1006.0
중구,(광희동,필스테이 동대문이코노미,1,저위험군,37.563312,127.0030718,200271.3984,451530.9769,16.39230409,-5.38658335986268,23.09030808592039,1.5408269147638403,52.0,1006.0
중구,무학동,에이(A)모텔,1,저위험군,37.5612303,127.0144147,201273.5838,451300.026,16.33665309,-4.8798259601331395,21.549681558192432,1.6148084889861642,52.0,1006.0
중구,명동,명동K-stay 게스트하우스,1,저위험군,37.55926806,126.9876751,198911.029,451082.2143,18.43571655,-0.6232028836401504,19.60433179374194,1.4478677908991096,52.0,1006.0
중구,(장충동,조이 게스트하우스,1,저위험군,37.55896433,127.0046902,200414.4049,451048.4428,29.54641678,-0.46207590033798596,25.835944027002142,1.56436788203435,52.0,1006.0
중구,을지로5가,뉴천지호텔,1,저위험군,37.56313439,127.0025578,200225.9832,451511.263,32.25720169,10.379569329318453,23.08950570099643,1.5379321549186267,52.0,1006.0
중구,(인현동,호텔 피제이 명동,1,저위험군,37.56206173,126.9949125,199550.5064,451392.2194,21.96252345,-1.242881378460055,22.711770348204,1.4911907347203035,52.0,1006.0
중구,(장충동,더 스테이(THE STAY),1,저위험군,37.5588474,127.0049281,200435.4237,451035.4661,30.78820069,1.4089788238261782,25.750111938087244,1.566320725194613,52.0,1006.0
중구,(장충동,아르뎁(arrdep),1,저위험군,37.55893603,127.0043918,200388.0397,451045.3006,37.50835106,7.614279737892954,25.972446679346497,1.5625001107396257,52.0,1006.0
중구,충무로4가,스테이락 호텔,1,저위험군,37.55917934,126.994239,199490.9824,451072.3117,24.70472092,2.5678007472323934,23.49585985716152,1.4928795753772313,52.0,1006.0
중구,을지로6가,호텔 DDK,1,저위험군,37.56419834,127.0057101,200504.4846,451629.3612,12.29656057,-11.968226708904705,21.567980621068074,1.554999454896023,52.0,1006.0
중구,오장동,글로리 인(Glory Inn),1,저위험군,37.56233361,127.0012908,200114.0473,451422.3835,28.22478216,5.375738357751185,23.60534909955454,1.5318883587753975,52.0,1006.0
중구,신당동,대천여관,1,저위험군,37.55695173,127.0117467,201037.9195,450825.1226,25.54960259,-0.4782982033326526,23.484108213750574,1.6136132209602068,52.0,1006.0
중구,을지로6가,호텔 밀리오레,1,저위험군,37.56557232,127.0075223,200664.5833,451781.8681,17.87224222,-7.407947374434887,23.04206595177203,1.5620293893336947,52.0,1006.0
중구,북창동,스타힐스호텔,1,저위험군,37.55874491,126.9769095,197959.8103,451024.3301,21.05480436,-0.22703410860792417,21.448219062180556,1.3721769526852898,52.0,1006.0
중구,(회현동,신세계,1,저위험군,37.55494665,126.9815004,198365.3667,450602.6786,20.26336869,-5.509459758582796,24.058558398288557,1.4107449905826475,52.0,1006.0
중구,(회현동,남산힐호텔,1,저위험군,37.55382358,126.9816432,198377.9576,450478.0288,24.77039052,1.37336297337081,24.65444051633663,1.4140418923206715,52.0,1006.0
중구,충무로3가,레인보우호텔(Rainbow Hotel),1,저위험군,37.55975714,126.9913741,199237.8592,451136.46,23.86744223,3.5015917219355437,21.623870175094535,1.472986493002474,52.0,1006.0
중구,중림동,우리텔,1,저위험군,37.55608254,126.9680154,197173.8597,450729.0689,27.4692115,2.9678774603620752,24.02903910952483,1.315097044263338,52.0,1006.0
중구,(남산동,서울뷰,1,저위험군,37.55707965,126.9851856,198691.0297,450839.3585,22.52779148,-1.1067549822151221,23.89891421416535,1.435273340964743,52.0,1006.0
중구,중림동,해성장여관,1,저위험군,37.55548515,126.9681619,197186.7898,450662.7613,25.49709571,1.588655623791709,24.091470246916828,1.3165034883598927,52.0,1006.0
용산구,이태원동,스테이 패스포트 이태원 호텔 앤 스파,1,저위험군,37.53200884,126.9906821,199176.4124,448056.7402,44.01016169,13.55876978671887,27.418280524903146,1.5623888214693857,52.0,1006.0
용산구,관철동,스카이호텔,1,저위험군,37.52128153,126.9613988,196587.6406,446866.8018,24.6571815,-0.5338231627959864,26.47804618347506,1.4455141638641757,52.0,1006.0
용산구,동자동,(주)조선호텔앤리조트포포인츠조선서울역,1,저위험군,37.54811198,126.971997,197525.4075,449844.3199,13.13131118,-8.795349510212965,22.193528986729874,1.3514775194498752,52.0,1006.0
용산구,한강로2가,노블호텔,1,저위험군,37.52804337,126.9666585,197052.8633,447617.1038,22.2773114,-3.8868706008108482,26.817954110727733,1.4003461972539113,52.0,1006.0
용산구,원효로2가,원효,1,저위험군,37.53343113,126.9611322,196564.6268,448215.266,32.29964006,3.536916837408299,27.84942668087588,1.340025737975158,52.0,1006.0
용산구,남영동,달고나모텔,1,저위험군,37.54187455,126.9726897,197586.422,449152.0227,33.36703208,9.835198356041353,23.86361300291796,1.3717329075211426,52.0,1006.0
용산구,이촌동,스카이스위트,1,저위험군,37.51842522,126.9593935,196410.2337,446549.862,21.76841337,-3.3129403572346448,26.41866529601784,1.4692570772672975,52.0,1006.0
용산구,남영동,부킹용산닷컴1(Booking Yongsan.com1),1,저위험군,37.54125605,126.9726225,197580.4605,449083.3785,24.17532137,-0.16995431294262175,24.082198382310118,1.37256936828327,52.0,1006.0
용산구,갈월동,코스테이,1,저위험군,37.54337721,126.9717258,197501.2856,449318.8249,36.67548423,14.244064457940876,23.52179346045904,1.3621578601616413,52.0,1006.0
용산구,한강로3가,WO모텔 용산역,1,저위험군,37.52142243,126.961568,196602.6008,446882.4338,24.48002879,-0.67373695299543,26.477901959018574,1.4445383526287396,52.0,1006.0
용산구,보광동,통일여관,1,저위험군,37.52380562,127.0013182,200116.5236,447146.2449,34.90880885,7.263887721074735,28.150631196411055,1.6765328889662356,52.0,1006.0
용산구,원효로3가,플라워하우스(Flower house),1,저위험군,37.53199358,126.9571601,196213.4796,448055.8681,26.53614113,0.24458169775173033,27.162911903379516,1.3389677920711502,52.0,1006.0
용산구,동빙고동,치커리(chicory),1,저위험군,37.51836719,126.9952549,199580.5161,446542.6572,20.64625172,-4.468593392921825,26.663634131248127,1.6653301165029966,52.0,1006.0
용산구,한강로3가,애플여관,1,저위험군,37.52136614,126.9614742,196594.3055,446876.1897,32.71693082,7.543748734528123,26.47851488512813,1.4448558260193485,52.0,1006.0
용산구,갈월동,호텔 더 디자이너스,1,저위험군,37.5428,126.970798,197419.2712,449254.7867,18.2793578,-8.667599666758218,23.83236334371824,1.3565499376836256,52.0,1006.0
용산구,갈월동,레인보우호텔(용산),1,저위험군,37.53867965,126.9713163,197464.9426,448797.4639,22.53113283,-1.356035900519739,25.105766414413708,1.371394399297768,52.0,1006.0
용산구,(청파동,진양모텔,1,저위험군,37.54408752,126.9628267,196714.8662,449397.9344,30.7001341,3.349182590192015,25.090945824146484,1.2994236754560957,52.0,1006.0
용산구,원효로3가,평안,1,저위험군,37.53278784,126.9591492,196389.3263,448143.943,30.80674727,2.134362417788722,27.465423118187623,1.3378021569342884,52.0,1006.0
용산구,이촌동,문화,1,저위험군,37.52717601,126.9533485,195876.3158,447521.3379,25.44145967,0.03315068556925027,26.567237903226296,1.3741356581264994,52.0,1006.0
용산구,한강로3가,메이호텔(MAY HOTEL),1,저위험군,37.52134758,126.9636113,196783.231,446874.0546,29.69546535,4.594176251083706,26.432334658083146,1.4520759541547608,52.0,1006.0
용산구,남영동,뉴월드,1,저위험군,37.54153717,126.9727286,197589.8543,449114.5767,16.56069097,-7.320936516857476,23.978981777472804,1.372678183235231,52.0,1006.0
용산구,남영동,스프링라이트 모텔(SPRING LIGHT MOTEL),1,저위험군,37.53985478,126.9730037,197614.1122,448927.8449,32.55426766,9.209139507937103,24.44052991545136,1.3785569626535026,52.0,1006.0
성동구,성동,서울숲 스테이,1,저위험군,37.54456913,127.0440244,203890.5614,449451.6487,31.62660721,-0.11758650986876518,31.775900691434767,1.759881458905757,52.0,1006.0
성동구,송정동,호텔드가자,1,저위험군,37.54857989,127.0680791,206016.0211,449898.0619,22.05005644,-3.188219025889147,26.443160781726654,1.789086632644922,52.0,1006.0
성동구,송정동,쁠랑호텔,1,저위험군,37.54875799,127.0680478,206013.2461,449917.8269,23.52945771,-2.6673976067732994,26.434895053975495,1.7886199855990306,52.0,1006.0
성동구,도선동,세성여관,1,저위험군,37.56134209,127.03495,203087.9359,451312.9099,29.99494356,3.583685424444262,25.210432503566736,1.7026126595203228,52.0,1006.0
성동구,송정동,라스테이,1,저위험군,37.54597257,127.0658114,205815.8294,449608.5382,29.41638984,2.5415824446295012,26.75927859744177,1.7912538767651034,52.0,1006.0
성동구,도선동,미르,1,저위험군,37.56148846,127.034877,203081.4818,451329.1528,18.88068369,-7.155018089859421,25.200716267299168,1.7020909712849015,52.0,1006.0
성동구,성동,파루스셀라 성수,1,저위험군,37.54588143,127.0522895,204620.8945,449597.6722,37.58226959,0.7812106888741468,30.044262042168295,1.7710763270553622,52.0,1006.0
성동구,성동,리버 STAY,1,저위험군,37.53191832,127.055507,204906.1387,448048.1006,32.25518014,7.564205824458842,26.362216252221046,1.7969971998661505,52.0,1006.0
성동구,성동,팰리스모텔,1,저위험군,37.53345205,127.0594271,205252.5202,448218.5374,22.30476958,-2.296374812717488,26.275481217130533,1.8003249673594912,52.0,1006.0
성동구,도선동,더 스테이 모텔,1,저위험군,37.55997834,127.0341467,203017.0177,451161.5236,20.29537855,-3.5113855592251966,25.17066340998385,1.703861871175278,52.0,1006.0
성동구,송정동,성수스테이,1,저위험군,37.54585354,127.0655097,205789.1779,449595.3086,26.6623094,-1.9295698916729371,26.79453415423781,1.7909826718710555,52.0,1006.0
마포구,노고산동,지 스테이(G Stay),1,저위험군,37.5503579,126.9352522,194278.493,450095.1917,20.11210291,-4.342158354413662,25.30578676457087,1.2317927427183644,52.0,1006.0
마포구,합정동,써클호텔,1,저위험군,37.54610662,126.9099711,192044.052,449625.1897,22.64169702,-4.45045922631974,28.08856447294533,1.2832144933468315,52.0,1006.0
마포구,노고산동,루디(Ludi),1,저위험군,37.55037268,126.9356007,194309.2906,450096.811,26.07493851,0.5182478363937051,25.361600964202367,1.232306707819703,52.0,1006.0
마포구,합정동,준희빈,1,저위험군,37.54537042,126.9101307,192058.0788,449543.4669,27.46659594,-1.0086751141358334,28.046315794687466,1.2878038269782837,52.0,1006.0
마포구,공덕동,쉼’스테이,1,저위험군,37.54573449,126.9562332,196132.2646,449580.9789,16.74587759,-8.068891823283312,25.28408945516567,1.2734423513937658,52.0,1006.0
마포구,합정동,남경호텔,1,저위험군,37.54628443,126.9096536,192016.0158,449644.9514,22.71443534,-4.495587751351444,28.20586508919253,1.282485281199232,52.0,1006.0
마포구,공덕동,(주)호텔롯데롯데시티호텔마포,1,저위험군,37.54218159,126.9498095,195564.3759,449186.9337,15.46468921,-10.053337935739929,25.687572295694466,1.2739547070347967,52.0,1006.0
마포구,도화동,마포레지던스,1,저위험군,37.5346475,126.9457632,195206.3062,448350.9404,29.86982611,3.5746492653887536,26.318417365790705,1.3081884541765112,52.0,1006.0
마포구,공덕동,록수,1,저위험군,37.54439084,126.9539806,195933.1251,449431.9451,26.63355764,0.2727430605039345,25.5799742070223,1.269833254800864,52.0,1006.0
마포구,노고산동,한도여관,1,저위험군,37.55071831,126.9342075,194186.2094,450135.257,24.91917219,0.465311351054126,25.137417916570012,1.2297052643318458,52.0,1006.0
마포구,합정동,남경장호텔,1,저위험군,37.54604022,126.9093585,191989.9044,449617.8722,25.48019969,-1.8543647581304548,28.33194376220909,1.2844650987320148,52.0,1006.0
마포구,서교동,동경모텔,1,저위험군,37.55064465,126.9201933,192947.8281,450128.0406,37.58180619,11.40272993730823,25.20594792622299,1.2480064701587403,52.0,1006.0
마포구,상수동,에이레이 모텔,1,저위험군,37.54319116,126.9202748,192954.3293,449300.7869,35.48682959,7.234252807874164,29.45211655150709,1.2898010511802294,52.0,1006.0
마포구,동교동,홀리데이 인 익스프레스 서울 홍대,1,저위험군,37.55677874,126.924009,193285.5493,450808.5721,22.1037906,-2.5655417531783975,24.063577327869318,1.2244781288134001,52.0,1006.0
마포구,노고산동,G-House 신촌01,1,저위험군,37.55042405,126.9354013,194291.6708,450102.5245,19.36818295,-5.240981621245272,25.333182587904904,1.2307797294746106,52.0,1006.0
마포구,노고산동,G-House 신촌02,1,저위험군,37.55025477,126.9353206,194284.5293,450083.7414,23.87237109,-0.6712266009299945,25.309508635412545,1.2321852038365406,52.0,1006.0
강서구,화곡동,프롬에이치 어스 호텔 위드 아늑 서울 강서화곡점,1,저위험군,37.52648178,126.8456644,186357.6219,447454.4565,16.53433341,-4.916075888785482,22.691818753275733,1.334821287478047,52.0,1006.0
강서구,화곡동,아늑 호텔 앤 스파 서울 까치산,1,저위험군,37.52761144,126.845279,186323.7645,447579.8908,27.15497642,4.58399926519866,22.700018064319163,1.3307921198060466,52.0,1006.0
강서구,마곡동,인터시티365호텔,1,저위험군,37.55702444,126.8350396,185424.3946,450845.9175,22.88106281,0.8654231956857394,22.899843889655966,1.241090130012493,52.0,1006.0
강서구,화곡동,하임 A,1,저위험군,37.52682269,126.8384916,185723.6487,447493.3578,23.78860591,2.2749222053726506,22.74806094837031,1.3272599268249847,52.0,1006.0
강서구,화곡동,하임 B,1,저위험군,37.52679585,126.838623,185735.2656,447490.359,23.55661442,2.0447696395185204,22.746402777915627,1.327454281615759,52.0,1006.0
강서구,내발산동,스테이쉼 발산,1,저위험군,37.55315254,126.8362819,185533.4171,450415.9904,26.02945829,3.8959121072045164,23.09305961972132,1.2523304124959858,52.0,1006.0
강서구,화곡동,씨네마,1,저위험군,37.55007567,126.8491545,186670.3274,450072.5914,21.39512871,-2.876105126991064,23.277721744409693,1.264660994066548,52.0,1006.0
강서구,화곡동,테르모 호텔,1,저위험군,37.52622853,126.8461776,186402.9425,447426.2746,11.35272795,-10.087277217130032,22.682660941789557,1.3361613889948682,52.0,1006.0
강서구,공항동,썸모텔,1,저위험군,37.5585145,126.8080801,183042.6402,451015.8189,28.32951136,4.1678318603776425,25.11389642295114,1.2341629110928896,52.0,1006.0
강서구,화곡동,디오스,1,저위험군,37.52644935,126.8453213,186327.2914,447450.907,18.0930593,-3.3638041167914494,22.69806894864711,1.3346020203597964,52.0,1006.0
강서구,화곡동,러쉬,1,저위험군,37.52610021,126.8466444,186444.1837,447411.9653,18.30119795,-3.1299113482010448,22.674591261716458,1.3370497457480164,52.0,1006.0
강서구,방화동,한성여관,1,저위험군,37.55946195,126.8070952,182955.8363,451121.1529,27.47101757,3.420750057891947,25.12859507527074,1.2320086592655703,52.0,1006.0
강서구,화곡동,킴스테이9,1,저위험군,37.52942952,126.8597536,187603.5109,447779.6691,25.08714138,2.6937889920549623,22.571495718253093,1.3385610513403594,52.0,1006.0
강서구,화곡동,스타모텔,1,저위험군,37.55025321,126.8493128,186684.35,450092.2737,20.73198076,-3.5909418791884455,23.26180836323404,1.264237914726528,52.0,1006.0
강서구,화곡동,MS호텔,1,저위험군,37.52652784,126.8461964,186404.6569,447459.4916,32.37798284,10.937637283156409,22.682085776347908,1.335176941432773,52.0,1006.0
강서구,화곡동,리베모텔,1,저위험군,37.52626092,126.8422142,186052.5992,447430.4498,30.85500881,9.375897760729583,22.71818700997342,1.3323122062316004,52.0,1006.0
강서구,방화동,(주)호텔롯데 롯데시티호텔 김포공항,1,저위험군,37.56231091,126.8022095,182524.8237,451438.2514,28.13513597,3.980404925722425,25.19508797268464,1.2256393518064341,52.0,1006.0
강서구,화곡동,드림호텔,1,저위험군,37.55041843,126.8505947,186797.6558,450110.4304,33.15038343,7.1077355912384945,23.239858892371583,1.2640776843086505,52.0,1006.0
강서구,화곡동,리버풀,1,저위험군,37.5262038,126.8457271,186363.1154,447423.5951,30.59648765,9.148124174449602,22.69069037671833,1.335807768893233,52.0,1006.0
강서구,화곡동,딘(DEAN),1,저위험군,37.5505894,126.8506929,186806.3609,450129.3922,33.77131845,7.429893281848962,23.22286411358757,1.263547281841864,52.0,1006.0
강서구,염창동,대림장,1,저위험군,37.54565154,126.875844,189028.1347,449578.1165,23.67136521,3.4329104319016963,21.437830346693502,1.289624494844322,52.0,1006.0
강서구,화곡동,오슬로호텔,1,저위험군,37.52699399,126.8379971,185679.9733,447512.4452,24.14926263,2.5953706673771464,22.755300447255028,1.3263310393927021,52.0,1006.0
강서구,화곡동,씨엘호텔(CL HOTEL),1,저위험군,37.52573455,126.8398154,185840.4607,447372.3876,24.34302206,2.8477981176094644,22.733801110200815,1.3317758808726805,52.0,1006.0
강서구,화곡동,일쏠레,1,저위험군,37.52590617,126.8397998,185839.1203,447391.4376,24.66964934,3.173825971693933,22.733891931671984,1.331229005676279,52.0,1006.0
강서구,화곡동,여우잠,1,저위험군,37.52650228,126.8465161,186432.9128,447456.6086,17.90170226,-3.5324848656119983,22.67629313327435,1.3355702539037595,52.0,1006.0
강서구,화곡동,N호텔,1,저위험군,37.52623504,126.8463155,186415.1316,447426.9772,11.06177632,-10.37566904519855,22.68020545721348,1.3362735558759433,52.0,1006.0
강서구,공항동,서울여관,1,저위험군,37.55784427,126.8085117,183080.6277,450941.3534,39.86880531,15.312413228931877,25.108693501661833,1.2356394190472149,52.0,1006.0
강서구,화곡동,보보모텔,1,저위험군,37.52591513,126.8442326,186230.9539,447391.774,26.42374726,4.952573440681714,22.713049754730815,1.3353228695008061,52.0,1006.0
강서구,마곡동,더퍼스트스테이 호텔,1,저위험군,37.55690548,126.8354242,185458.3593,450832.6548,22.24694437,0.3513589331699123,22.917753540392823,1.2414819934248011,52.0,1006.0
강서구,마곡동,인터시티 서울호텔,1,저위험군,37.55702444,126.8350396,185424.3946,450845.9175,22.88106281,0.8654231956857394,22.899843889655966,1.241090130012493,52.0,1006.0
강서구,화곡동,거기모텔,1,저위험군,37.52646425,126.8454931,186342.4768,447452.5358,19.51676748,-1.936863293230985,22.69494244124437,1.3347161429018706,52.0,1006.0
강서구,마곡동,골든호텔,1,저위험군,37.55743549,126.8365089,185554.2996,450891.3124,18.32733057,-3.6553117793199377,22.83387570825414,1.240304048625131,52.0,1006.0
강서구,화곡동,알프스,1,저위험군,37.53946339,126.8402722,185883.4292,448896.0522,28.16595928,4.835094099399143,23.456192418788277,1.2924932224988526,52.0,1006.0
강서구,화곡동,HOTEL Voll One(호텔 볼 원),1,저위험군,37.52621423,126.8458648,186375.2919,447424.7327,31.98958606,10.543769605029436,22.68823478689098,1.3359060794984112,52.0,1006.0
강서구,염창동,(주)나이아가라관광호텔,1,저위험군,37.54634585,126.8777893,189200.1477,449654.9513,12.84415556,-7.790507379347513,21.832135117071793,1.2875778802936557,52.0,1006.0
강서구,화곡동,호텔에스,1,저위험군,37.5274941,126.8439038,186202.1778,447567.0683,14.75208778,-8.029623487560333,22.71835970285273,1.3299204495118735,52.0,1006.0
강서구,화곡동,뉴테르모 호텔,1,저위험군,37.52608084,126.846272,186411.254,447409.8692,19.43000618,-2.0079207665275227,22.681129991942907,1.3367498400110018,52.0,1006.0
강서구,화곡동,리치,1,저위험군,37.52695482,126.8405119,185902.2558,447507.7179,25.17871103,2.6942772223023397,22.727675756871662,1.3285962070656352,52.0,1006.0
강서구,화곡동,앨리스 넥스트 도어,1,저위험군,37.52628531,126.8399562,185853.0116,447433.494,17.54428445,-3.95110015114523,22.73249140155917,1.3301948733381006,52.0,1006.0
강서구,화곡동,아리아모텔,1,저위험군,37.52662172,126.8386361,185736.386,447471.0307,23.67440591,2.1635027953804418,22.74596720107285,1.3279984521097647,52.0,1006.0
강서구,화곡동,호텔초콜렛,1,저위험군,37.52651538,126.8459385,186381.8542,447458.146,20.55375606,-0.8915007922361902,22.686805870059867,1.3349713524769333,52.0,1006.0
강서구,화곡동,리치모텔,1,저위험군,37.52666668,126.8462648,186410.7309,447474.8912,11.81414899,-9.625198271436165,22.680717019198145,1.3347786037061873,52.0,1006.0
강서구,공항동,티파니,1,저위험군,37.55733168,126.8089428,183118.5994,450884.3844,26.10758449,1.9844653617416057,25.102107451940558,1.2369427279825869,52.0,1006.0
강서구,공항동,제일여관,1,저위험군,37.55739897,126.8090956,183132.1165,450891.8254,22.11818773,-2.1084751769103747,25.097937711789793,1.2367944733001281,52.0,1006.0
영등포구,(양평동,스타장,1,저위험군,37.53421449,126.8968762,190885.3968,448306.4966,33.66557221,12.718266816912276,21.21667183886077,1.354944573571279,52.0,1006.0
영등포구,(양평동,팔레스,1,저위험군,37.51896298,126.8896168,190241.7838,446614.4966,33.72515379,11.94279635284709,22.31189814401168,1.4268751726346594,52.0,1006.0
영등포구,대림동,티파니 모텔,1,저위험군,37.4864738,126.9045947,191562.2241,443007.1676,20.75666813,-3.259616735513198,25.315613193242037,1.6314651944531462,52.0,1006.0
영등포구,(영등포동,그곳에 호텔,1,저위험군,37.51493902,126.9071251,191789.1312,446166.2157,33.58467782,11.112019519842953,22.93943348762138,1.478990988660105,52.0,1006.0
영등포구,대림동,충남여인숙,1,저위험군,37.48734907,126.9056744,191657.8099,443104.2148,25.81151618,1.9508268305550303,25.360835995010568,1.6320619491257475,52.0,1006.0
영등포구,신길동,1971 신풍인,1,저위험군,37.49490242,126.9067297,191751.9698,443942.4448,30.24566894,3.587984641834293,25.97540516122342,1.5920315926793522,52.0,1006.0
영등포구,(영등포동,데쟈트,1,저위험군,37.5150525,126.9067546,191756.3912,446178.843,19.77337579,-1.859372793061194,22.874274032043832,1.4801152512511637,52.0,1006.0
영등포구,(영등포동,홈,1,저위험군,37.51577496,126.9077618,191845.5097,446258.9391,23.20351017,1.7227692512696855,22.76240342180482,1.4758696915730183,52.0,1006.0
영등포구,(영등포동,프라임레지던스,1,저위험군,37.5131442,126.9036083,191478.0144,445967.3261,34.65225833,9.35942237091692,23.246912804218944,1.4893164031188004,52.0,1006.0
영등포구,여의도동,호텔 코보스,1,저위험군,37.52740183,126.9198328,192913.7668,447548.3983,29.1775547,-0.18054051334349452,24.741653734348887,1.399829249490438,52.0,1006.0
영등포구,(영등포동,라움,1,저위험군,37.51537413,126.9074705,191819.7183,446214.4773,27.35315821,5.791383511760934,22.829975653181652,1.4773024088816396,52.0,1006.0
영등포구,(영등포동,아이리스 호텔,1,저위험군,37.51599326,126.905664,191660.0776,446283.3515,8.119504761,-13.945856749758326,22.45871933536045,1.4722198204251717,52.0,1006.0
영등포구,여의도동,라다 호텔,1,저위험군,37.51759315,126.9295207,193769.2951,446459.0718,22.89020405,-1.1102625353905538,24.36669708039574,1.4689224905209677,52.0,1006.0
영등포구,선유동,스위트 하우스,1,저위험군,37.52093563,126.8912436,190385.8547,446833.2685,30.30227406,7.000064199988202,21.964928231394534,1.4191993399000316,52.0,1006.0
영등포구,(영등포동,미림게스트하우스(guesthouse),1,저위험군,37.5156048,126.9039259,191506.3713,446240.3929,12.05758382,-10.247881689344927,22.36587878363364,1.4714118437816652,52.0,1006.0
영등포구,대림동,서광여관,1,저위험군,37.48742525,126.9054578,191638.6622,443112.689,20.00046397,-4.448083171950689,25.36265052154711,1.6311028079248175,52.0,1006.0
영등포구,신길동,엔엠다다름 호텔(N.M.Dadareum  Hotel),1,저위험군,37.50461228,126.9095234,192000.0542,445019.8726,46.25771583,16.763595648845378,26.64579566258177,1.5461539172383125,52.0,1006.0
영등포구,(양평동,양남여관,1,저위험군,37.51988672,126.8900107,190276.7257,446716.9793,19.640565,-1.55860515937772,22.185791919534488,1.42255719702148,52.0,1006.0
영등포구,(영등포동,금화장여관,1,저위험군,37.51824016,126.9015992,191300.9849,446533.0972,21.36898715,0.7262771848501863,20.747467205589302,1.4525051851953028,52.0,1006.0
영등포구,(영등포동,넘버25영등포점(영등포테마),1,저위험군,37.5152363,126.9075592,191827.5415,446199.1722,25.59987291,2.7110652717419157,22.880169150043606,1.47821409436861,52.0,1006.0
영등포구,(당산동,조이빌,1,저위험군,37.52431897,126.8953845,190752.3258,447208.3618,21.84263845,-0.07850120173677766,20.943342664494864,1.406628943563381,52.0,1006.0
영등포구,(양평동,선유도,1,저위험군,37.53437913,126.8970572,190901.4065,448324.7521,18.84294556,-2.777634903209389,21.269782688232148,1.3542332514856943,52.0,1006.0
영등포구,선유동,영포장모텔,1,저위험군,37.51966906,126.8911281,190375.4764,446692.7069,28.10142632,5.891918263956661,22.069055071661843,1.425668779819057,52.0,1006.0
영등포구,(당산동,S L  모텔,1,저위험군,37.52429217,126.8955426,190766.3016,447205.3718,21.46216372,-0.3996848010609888,20.908420712619503,1.4069810417807704,52.0,1006.0
영등포구,(양평동,해피트리,1,저위험군,37.53419453,126.8970155,190897.6984,448304.2678,34.72004682,13.50588789447232,21.21809988098456,1.3551434723448457,52.0,1006.0
영등포구,신길동,민모텔,1,저위험군,37.49583854,126.9172973,192686.5714,444045.4684,29.4805868,4.9597067632609395,26.018994024739605,1.610841962753441,52.0,1006.0
영등포구,대림동,미도여관,1,저위험군,37.48605527,126.9045317,191556.6025,442960.7219,19.64389834,-4.189017874923188,25.298716763540156,1.632691622162717,52.0,1006.0
영등포구,신길동,모텔봄 보라매역점,1,저위험군,37.49635627,126.9180871,192756.4593,444102.8686,20.73476945,-3.845540019666281,26.076865584591513,1.6091668650356028,52.0,1006.0
영등포구,(영등포동,신영 모텔,1,저위험군,37.5149358,126.9061171,191700.0175,446165.9468,21.12474793,-0.4583805263930891,22.82493261807255,1.480447525481723,52.0,1006.0
영등포구,(당산동,호텔 K,1,저위험군,37.53135296,126.9001856,191177.5596,447988.5864,14.48374951,-7.188536681397208,20.61031735773816,1.3730657128249775,52.0,1006.0
영등포구,신길동,스테이 나야,1,저위험군,37.50405878,126.9099037,192033.6215,444958.4089,25.19000237,-2.4565392468616984,26.718109224196144,1.5510839502244471,52.0,1006.0
영등포구,(영등포동,아랑여인숙,1,저위험군,37.51808483,126.9076495,191835.8359,446515.3153,30.62943109,5.22767861419149,22.304909901042507,1.4632899020131986,52.0,1006.0
영등포구,(영등포동,코모도,1,저위험군,37.5151741,126.9060944,191698.0326,446192.3971,22.92446824,1.1864256334039318,22.737345842052818,1.479188163946885,52.0,1006.0
영등포구,(영등포동,뉴욕호텔,1,저위험군,37.51586735,126.9073772,191811.5238,446269.2266,21.67907297,0.24240584261411513,22.688271138103623,1.4749250030967205,52.0,1006.0
영등포구,(영등포동,호텔 베이직,1,저위험군,37.51505344,126.9071562,191791.8888,446178.9122,21.94997676,0.07683085452160654,22.909857233547058,1.478437129072158,52.0,1006.0
영등포구,(양평동,유니언호텔,1,저위험군,37.53591594,126.8922478,190476.5261,448495.7953,21.78932749,-0.4951727450503114,21.366788044377756,1.3423295836084983,52.0,1006.0
영등포구,(영등포동,호텔 갤럭시,1,저위험군,37.51526909,126.9070867,191785.7699,446202.8527,20.13435686,-1.4318712697772398,22.83436119261573,1.4772233227016995,52.0,1006.0
영등포구,(문래동,문래 스테이,1,저위험군,37.5116848,126.895498,190760.7995,445806.1167,26.8017619,3.6646693009765663,24.269662343583555,1.4774768911681593,52.0,1006.0
영등포구,(영등포동,영등포여관 오성장,1,저위험군,37.51970176,126.9051584,191615.7941,446694.9933,16.11548201,-5.730581649235859,21.531526650184865,1.4499434029964764,52.0,1006.0
영등포구,(문래동,문래 여관,1,저위험군,37.51342952,126.8878207,190082.2742,446000.5401,26.19477246,3.80874596037442,23.41040481558342,1.4493352517418887,52.0,1006.0
영등포구,(당산동,G모텔,1,저위험군,37.53210628,126.9002508,191183.4051,448072.1895,12.29332561,-8.538212389648418,20.767290258696704,1.3691064435623441,52.0,1006.0
영등포구,영등포동,대성장모텔,1,저위험군,37.51293549,126.9046277,191568.1178,445944.0701,34.26243511,10.655269670230176,23.382331187082954,1.4915640421530636,52.0,1006.0
영등포구,여의도동,컴포트 인 여의도,1,저위험군,37.52757056,126.9196663,192899.0645,447567.1378,33.03476385,3.5763179663001914,24.78596613964494,1.3986647823507878,52.0,1006.0
영등포구,(양평동,스테이 패스포트 익스프레스 당산점,1,저위험군,37.53389046,126.8962099,190826.4608,448270.598,27.44770876,6.800851847042551,21.13362547486854,1.3560616974633255,52.0,1006.0
영등포구,(영등포동,포유(for you),1,저위험군,37.51808813,126.903145,191437.6224,446516.082,24.4790589,1.869554431013892,21.45861523907925,1.456123850204507,52.0,1006.0
영등포구,신길동,주식회사 스테이리,1,저위험군,37.50362029,126.9100904,192050.0893,444909.7264,19.38531359,-6.383170241956087,26.740850503634764,1.5540617643128927,52.0,1006.0
영등포구,(영등포동,보보스모텔,1,저위험군,37.51939555,126.9098146,192027.38,446660.6031,23.18790752,-1.8943074556034922,22.49801001164608,1.4581354102948538,52.0,1006.0
영등포구,(영등포동,하트장,1,저위험군,37.51495786,126.9062502,191711.787,446168.3834,33.77425817,12.19433569259332,22.8363258147783,1.4805806632090357,52.0,1006.0
영등포구,(영등포동,레이크,1,저위험군,37.51474971,126.906267,191713.2466,446145.2799,20.05675962,-1.586039164939546,22.91540388275866,1.4824327085042632,52.0,1006.0
영등포구,(영등포동,비오스샵,1,저위험군,37.51590036,126.9055028,191645.8161,446273.0551,12.29502207,-9.89996416810448,22.470476701179905,1.4726310677701613,52.0,1006.0
영등포구,(당산동,달모텔,1,저위험군,37.52265122,126.896166,190821.2071,447023.1859,20.71903328,-0.13147593419628478,20.823636626698985,1.4179334106928279,52.0,1006.0
영등포구,(영등포동,호텔 하라스,1,저위험군,37.51497375,126.9073367,191807.843,446170.0519,24.267648,1.1400231518550221,22.941869893292886,1.4792085253453109,52.0,1006.0
영등포구,(영등포동,스테이비앤비(STAY BnB),1,저위험군,37.51786715,126.9029054,191416.4084,446491.5778,29.44915253,6.198795857750209,21.464998891156508,1.4571280679509382,52.0,1006.0
영등포구,대림동,본관여관,1,저위험군,37.48593865,126.9046214,191564.5182,442947.7706,18.32825356,-5.465434014989931,25.294997190643826,1.633327184917656,52.0,1006.0
영등포구,(문래동,수정여관,1,저위험군,37.51079272,126.8910349,190366.1016,445707.5548,21.73362238,-1.337238391873644,24.36326736879048,1.4704625464063579,52.0,1006.0
영등포구,대림동,화성장여관,1,저위험군,37.49092389,126.9033886,191456.0609,443501.1779,34.75350923,7.093013595249015,25.551771905248458,1.6054642749947152,52.0,1006.0
영등포구,(영등포동,별빛호텔(빛),1,저위험군,37.51569671,126.9074974,191822.1272,446250.2773,23.54097272,2.1141115520670155,22.738290421474197,1.475865872019958,52.0,1006.0
영등포구,(영등포동,호텔 르오,1,저위험군,37.51491025,126.9075682,191828.3051,446162.984,21.67110706,-2.2007469190477273,22.96518167723716,1.4799905266379871,52.0,1006.0
영등포구,(영등포동,영풍장여관,1,저위험군,37.51510284,126.9076108,191832.0879,446184.3554,32.12667822,8.627112082635339,22.925681499500698,1.4790324772336345,52.0,1006.0
영등포구,대림동,캐슬론,1,저위험군,37.48707508,126.9042229,191529.4059,443073.9352,24.23419211,-0.08520963486815702,25.337768762195928,1.628240170109631,52.0,1006.0
영등포구,대림동,행복 여관,1,저위험군,37.48657112,126.9044921,191553.1601,443017.978,26.65628244,2.5437323961905527,25.31874094646037,1.630803954032047,52.0,1006.0
영등포구,대림동,대림장,1,저위험군,37.48819692,126.9063882,191721.0286,443198.252,19.08636802,-4.801933154681773,25.405609510191603,1.6314806195334228,52.0,1006.0
영등포구,(당산동,STAY 10?7 Yeongdeungpo,1,저위험군,37.51913794,126.8958977,190797.052,446633.282,28.13931997,7.859093249477787,21.01345299323502,1.4381542434183863,52.0,1006.0
영등포구,(당산동,대지여인숙,1,저위험군,37.51896424,126.8954808,190760.179,446614.0443,22.39785793,1.6956802822441652,21.178115009289677,1.4381741613881187,52.0,1006.0
영등포구,(영등포동,코코,1,저위험군,37.51789339,126.9027313,191401.0193,446494.506,27.8927463,4.080914608092115,21.391455845270237,1.4565194707258333,52.0,1006.0
영등포구,여의도동,여의도파크호텔,1,저위험군,37.52553582,126.9193041,192866.8557,447341.3343,25.85191878,-0.09813460838084609,24.073160668604853,1.4153977983373687,52.0,1006.0
영등포구,(영등포동,아늑호텔 영등포점,1,저위험군,37.51627922,126.9055997,191654.4196,446315.0952,15.11406082,-6.631890477281919,22.36191373987708,1.470006641073983,52.0,1006.0
서초구,서초동,호텔 브릭(HOTEL BRICK),1,저위험군,37.48467845,127.0131057,201159.1132,442803.7129,22.75219563,-1.3859291762393404,23.697274364627948,1.8157525330637205,52.0,1006.0
서초구,반포동,봄 호텔,1,저위험군,37.50227147,127.0226088,201999.1326,444756.4674,26.73877501,5.16842422563267,22.395882480639532,1.8042982350346661,52.0,1006.0
서초구,서초동,Hotel Peyto(호텔 페이토),1,저위험군,37.48380782,127.0318532,202817.238,442707.4804,20.47074655,-0.08241903788953664,21.26835016284533,1.8388363212693972,52.0,1006.0
서초구,서초동,강남아르누보씨티호텔,1,저위험군,37.49076504,127.0273034,202414.6082,443479.5136,23.5498139,5.4745846844589074,19.732088798144066,1.825570172387882,52.0,1006.0
서초구,방배동,서울여인숙,1,저위험군,37.48515342,126.9819903,198407.1717,442856.5,38.17027336,13.921589653938614,25.848332084441278,1.7544445597914358,52.0,1006.0
서초구,서초동,오클라우드 호텔,1,저위험군,37.50029363,127.0230204,202035.5803,444536.9616,21.94705098,1.2098256222872656,22.203715861918518,1.8066497621395559,52.0,1006.0
서초구,양재동,30Month hotel,1,저위험군,37.48133045,127.0378915,203351.4103,442432.7231,31.76248161,6.8060290487883925,21.781049736996884,1.8490275854045664,52.0,1006.0
서초구,서초동,르컬렉티브 강남 예술의전당 로이움,1,저위험군,37.48346166,127.0117207,201036.6322,442668.6492,20.79238511,-4.280221981980734,23.808716950387996,1.816034737364515,52.0,1006.0
서초구,서초동,루트인(몽헤브케빈즈),1,저위험군,37.48942109,127.0286795,202536.3526,443330.389,14.04993991,-4.19202363816869,19.842302068224555,1.82951659057897,52.0,1006.0
서초구,서초동,주식회사 르호텔드서초,1,저위험군,37.48437074,127.0123939,201096.1663,442769.5527,22.62099475,-2.5629940359265575,23.794181673777576,1.8157432759985463,52.0,1006.0
서초구,서초동,준타워,1,저위험군,37.48316337,127.0319656,202827.2061,442635.9584,24.50364258,2.734482851445698,21.414655167566604,1.8396216539305281,52.0,1006.0
서초구,서초동,센트럴 스테이 강남,1,저위험군,37.48889818,127.0281659,202490.9509,443272.3392,16.45209518,-2.145279001586694,20.100383890219934,1.8285151355311065,52.0,1006.0
서초구,서초동,에이치 호텔,1,저위험군,37.48436111,127.0132129,201168.6011,442768.4937,29.2085416,5.3735319597565585,23.654390247694376,1.816502426641434,52.0,1006.0
서초구,반포동,JW메리어트호텔서울,1,저위험군,37.50161364,127.0028324,200250.4482,444683.2204,23.2979213,0.7784636450485323,24.06628934683361,1.7615927254957857,52.0,1006.0
서초구,서초동,토요코인 서울강남,1,저위험군,37.48909739,127.0291231,202575.5957,443294.4746,19.69685973,1.4237133870799177,19.934477161455195,1.8304966942471455,52.0,1006.0
강남구,역삼동,유에이치스위트 더강남,1,저위험군,37.49190396,127.0296459,202621.7376,443605.9814,14.06689591,-3.7877654573403774,19.21257653059167,1.8260727690448202,52.0,1006.0
강남구,역삼동,역삼아르누보씨티호텔앤레지던스,1,저위험군,37.50066747,127.0420351,203716.9385,444579.034,29.42944719,7.643804879690592,20.69275819495383,1.8288199296862815,52.0,1006.0
강남구,역삼동,서울인바이더디자이너스,1,저위험군,37.49808884,127.0381866,203376.7488,444292.6945,11.13887097,-8.293533294876902,19.944284587027166,1.8277535158485367,52.0,1006.0
강남구,신사동,프린세스호텔,1,저위험군,37.52465722,127.0358532,203169.2933,447241.365,25.02580647,2.392434109863629,24.159046388575902,1.7812288907209777,52.0,1006.0
강남구,신사동,신사애인호텔,1,저위험군,37.51856693,127.0183575,201622.8645,446564.9736,22.2276471,-3.1042620188451835,25.887850458810604,1.7609474233464428,52.0,1006.0
강남구,청담동,펜타리움,1,저위험군,37.51971041,127.0543304,204802.9269,446693.114,31.65186883,8.55987706081369,24.49299254195797,1.813487149398588,52.0,1006.0
강남구,역삼동,몰타 1호점(Malta 1호점),1,저위험군,37.50134128,127.0432388,203823.34,444653.8665,12.80108204,-9.803915386993506,21.03279379387437,1.8281940073651453,52.0,1006.0
강남구,역삼동,펠리스,1,저위험군,37.49818392,127.0384943,203403.9581,444303.2583,14.04931896,-5.078746925759706,19.98162744537295,1.8280953507267739,52.0,1006.0
강남구,역삼동,화이트모텔,1,저위험군,37.49986402,127.0377402,203337.1965,444489.7005,17.80608865,-0.9378547506767738,19.96298363075257,1.8250241258488307,52.0,1006.0
강남구,삼성동,웨스틴 서울 파르나스,1,저위험군,37.50977042,127.0580292,205130.592,445590.0963,30.52689456,4.852183821521489,25.472196386958714,1.8306664748554324,52.0,1006.0
강남구,역삼동,리치웰호텔,1,저위험군,37.50022148,127.0390336,203451.5506,444529.4206,22.80237442,2.3892429031115796,20.171020755454503,1.8254482542472275,52.0,1006.0
강남구,역삼동,루미에르 호텔,1,저위험군,37.49813685,127.03834,203390.3167,444298.0285,17.47764632,-1.719857418390724,19.96294616186945,1.8279235851125444,52.0,1006.0
강남구,역삼동,에이치 에비뉴호텔역삼,1,저위험군,37.49974313,127.0379485,203355.6263,444476.2907,24.34516677,5.887550862087913,19.993824395285852,1.8254845403777717,52.0,1006.0
강남구,역삼동,호텔 린,1,저위험군,37.49794784,127.0383478,203391.0123,444277.0512,12.36209624,-6.988075158499317,19.96995151503308,1.828080010365469,52.0,1006.0
강남구,삼성동,호텔페이토삼성,1,저위험군,37.50570328,127.057925,205121.6554,445138.6902,29.96271154,2.3369109010501496,25.56544904024475,1.8363009377697574,52.0,1006.0
강남구,논현동,왈츠호텔,1,저위험군,37.50276476,127.0252795,202235.266,444811.2763,21.45784942,0.007463399100839041,22.244124892670115,1.8057636736721823,52.0,1006.0
강남구,역삼동,더뮤즈,1,저위험군,37.49978072,127.0374861,203314.7366,444480.4464,17.21113521,-1.8340123401237456,19.908428982055504,1.8248190024609838,52.0,1006.0
강남구,신사동,(주)라까사호텔,1,저위험군,37.51923895,127.0187598,201658.4162,446639.5664,29.76184239,1.7372435945505842,25.920009324399224,1.7600197596065674,52.0,1006.0
강남구,역삼동,호텔뉴브(HOTEL NEWV),1,저위험군,37.50027135,127.0483211,204272.8029,444535.3367,23.30072262,2.0593010757036048,22.948117197390257,1.83511868767858,52.0,1006.0
강남구,신사동,짝호텔,1,저위험군,37.51455044,127.0188323,201664.9295,446119.2023,39.00672523,9.042025290477191,25.53548255690766,1.7722658762902708,52.0,1006.0
강남구,도곡동,뉴데이호텔 강남도곡,1,저위험군,37.48993754,127.0422872,203739.7618,443388.1618,24.64866074,5.699833493332619,20.41336033803397,1.8431066642567493,52.0,1006.0
강남구,삼성동,어반 네스트(urban nest),1,저위험군,37.50360643,127.0511534,204523.0483,444905.6198,31.85693438,2.4689219167628025,25.52501359185413,1.83288448286472,52.0,1006.0
강남구,삼성동,호텔스타 선릉,1,저위험군,37.50255446,127.0486034,204297.6301,444788.7452,27.00591403,1.6881599723053284,24.10901458004275,1.8318432346416496,52.0,1006.0
강남구,역삼동,아마레호텔,1,저위험군,37.49188162,127.039446,203488.4069,443603.82,23.16926601,1.5123059150332985,19.823037559243687,1.8364528735724468,52.0,1006.0
강남구,삼성동,호텔오크우드프리미어,1,저위험군,37.50771397,127.0594859,205259.528,445361.9371,21.1415845,-3.6837223811824025,25.40186391798087,1.834318547874379,52.0,1006.0
송파구,방이동,IM HOTEL(아이엠 호텔),1,저위험군,37.51265214,127.1080013,209548.4546,445913.8285,24.7111529,-0.974231197916037,23.6105750566245,1.8689833583313016,52.0,1006.0
송파구,가락동,왕실장,1,저위험군,37.49075481,127.1182425,210456.9321,443484.5953,25.83791997,1.2888337968505326,26.310205646623054,1.8936377151646115,52.0,1006.0
송파구,방이동,타임모텔,1,저위험군,37.5128035,127.107937,209542.747,445930.6211,19.01560427,-6.104429933003459,23.605376315929856,1.868831914254425,52.0,1006.0
송파구,방이동,쿠키,1,저위험군,37.51255038,127.1080445,209552.2834,445902.5388,25.22810271,-0.6134966519737262,23.61413263646611,1.869084936758719,52.0,1006.0
송파구,잠실동,칸,1,저위험군,37.50808205,127.0790026,206985.0893,445404.059,23.83115558,1.2938030279086128,23.556191529180772,1.8532598796931339,52.0,1006.0
송파구,가락동,가락관광호텔,1,저위험군,37.49113403,127.117929,210429.1572,443526.649,35.92362085,5.703066754199249,26.305365739508854,1.8931109127011336,52.0,1006.0
송파구,삼전동,줌,1,저위험군,37.50269545,127.0961657,208503.1919,444807.6279,22.22446215,-1.0580458095845735,24.403880288732843,1.871255760362734,52.0,1006.0
송파구,거여동,대영,1,저위험군,37.49547781,127.1449869,212821.3069,444012.0936,42.19396884,13.849260800704581,26.1300191697962,1.8986671991448671,52.0,1006.0
송파구,잠실동,상주호텔,1,저위험군,37.50731552,127.0797943,207055.1613,445319.0431,18.71596289,-4.402068637926742,23.637638321315272,1.8553421617873256,52.0,1006.0
송파구,방이동,스테이(STAY)509,1,저위험군,37.51263276,127.1135319,210037.4189,445912.2532,20.3800823,-2.940507970452984,23.89367362831626,1.8722189674251206,52.0,1006.0
송파구,신천동,시그니엘서울 호텔,1,저위험군,37.51035018,127.1026419,209074.9004,445657.8098,21.76099672,-0.04045717571287,23.498774816675724,1.8673986850563509,52.0,1006.0
중구,(필동,호텔 트래블러즈 명동(Hotel Traveluz Myeongdong),1,저위험군,37.55931197,126.99131,199232.1867,451087.0519,20.37928909,-0.9360694884921834,21.69748384067982,1.4738175019334152,52.0,1006.0
종로구,누상동,비바 라 비다_서촌소요,1,저위험군,37.57717984,126.9662773,197021.1289,453070.6759,23.32839126,-1.0944840215528195,25.593880654945142,1.2977810722746816,52.0,1006.0
종로구,원남동,이스트 아뜰리에,1,저위험군,37.5714802,126.9956594,199616.544,452437.5561,22.9470034,3.788746873783822,20.50313768683892,1.4743374853844455,52.0,1006.0
종로구,체부동,체부하우스,1,저위험군,37.57401604,126.9711021,197447.213,452719.3886,28.13260975,3.290890702527385,25.948197273988747,1.322757656770862,52.0,1006.0
종로구,창신동,대두의 게스트하우스 에어비앤비 홍대을지로 동대문역점,1,저위험군,37.567321,127.0111661,200986.4802,451975.9831,23.839003,1.5195397288011634,23.769901942139626,1.57838684252392,52.0,1006.0
종로구,연지동,종로마루(Jongnomaru),1,저위험군,37.56925244,126.9996895,199972.5657,452190.2918,24.10862537,-1.9642632678544487,24.57958466631218,1.5043200878633716,52.0,1006.0
종로구,창신동,DASONI(다소니),1,저위험군,37.5673191,127.0098529,200870.4661,451975.7592,23.28475604,1.0246101312026887,23.610715167913412,1.5707471959410353,52.0,1006.0
종로구,숭인동,썬라이즈하우스,1,저위험군,37.56855503,127.0156966,201386.7089,452113.0032,21.9631934,-5.575763666470817,25.618687229618118,1.6000323451994638,52.0,1006.0
종로구,연지동,킹하우스,1,저위험군,37.56953847,126.9988739,199900.5183,452222.0384,33.08746069,9.409482278994364,23.87735446287018,1.498102775637986,52.0,1006.0
종로구,누하동,숲니스,1,저위험군,37.5758455,126.9679272,197166.8168,452922.5285,35.26549607,10.664076573756066,25.704595250802655,1.3058194638142713,52.0,1006.0
종로구,창신동,흐흐 스테이,1,저위험군,37.57171558,127.0106531,200941.1034,452463.725,22.91125246,-0.18424905484926768,23.301355752181934,1.5631181438303614,52.0,1006.0
종로구,통인동,서촌 가온재,1,저위험군,37.57711555,126.9695264,197308.1337,453063.4424,23.11530369,-6.455605968024553,25.564149925537762,1.3137521528370757,52.0,1006.0
종로구,청운동,Stella's Home,1,저위험군,37.58310604,126.9697305,197326.3744,453728.3124,26.57163894,1.256753839846528,25.179188531345137,1.3167505250915743,52.0,1006.0
종로구,체부동,가화 DUMBO,1,저위험군,37.57588085,126.9693211,197289.9522,452926.4109,24.72548953,-1.0791644198232113,25.696410717785426,1.3124491429052205,52.0,1006.0
종로구,숭인동,히든 잼 동묘,1,저위험군,37.57280128,127.0153061,201352.1362,452584.2819,20.83378443,-4.01348466012557,25.78523677228487,1.58552107062598,52.0,1006.0
종로구,창신동,헬로월드종로,1,저위험군,37.56998391,127.0121433,201072.7729,452271.5457,32.16664986,7.155247814239875,24.12433740494653,1.5761763431036426,52.0,1006.0
종로구,누상동,원라이트,1,저위험군,37.57673475,126.9652515,196930.4937,453021.3091,28.48366446,1.1724530049246518,25.629237691349886,1.2946068058568971,52.0,1006.0
종로구,필운동,온기스테이,1,저위험군,37.57492917,126.9691281,197272.8704,452820.7909,29.27701115,4.2494390141758345,25.81590911137477,1.3111722390302931,52.0,1006.0
종로구,숭인동,더그린,1,저위험군,37.57340306,127.0160287,201415.9554,452651.0831,24.50099189,-0.3065778868332494,25.832978184581467,1.5877473335865793,52.0,1006.0
종로구,내수동,비어스,1,저위험군,37.57020452,126.9697672,197329.1534,452296.3912,25.46413546,-0.08983750602098795,26.59929179189153,1.3155278672721875,52.0,1006.0
종로구,신교동,다온,1,저위험군,37.58034308,126.9685645,197223.2821,453421.6892,36.92159724,7.6056577188866825,25.345710612224142,1.3101151899751402,52.0,1006.0
종로구,원남동,원남스테이,1,저위험군,37.57196107,126.9975888,199786.996,452490.9209,7.918507006,-12.918427414984137,21.739740584715157,1.484196324175619,52.0,1006.0
종로구,청운동,SEOUL MARU1,1,저위험군,37.58358195,126.9686512,197231.0612,453781.1643,12.397593,-11.927078236518032,25.209468062278415,1.3102181368670736,52.0,1006.0
종로구,명륜3가,혜화네스트스테이,1,저위험군,37.58038198,126.9969051,199726.6248,453425.5466,35.45207892,9.402024621411858,24.01345492581981,1.4677673486704783,52.0,1006.0
종로구,명륜3가,Stay Hyehwa,1,저위험군,37.58019539,126.9965778,199697.7126,453404.8383,35.87324168,9.180806190828765,23.975420446578937,1.4662165680625348,52.0,1006.0
종로구,명륜4가,더파더스,1,저위험군,37.57990788,126.9972379,199756.0215,453372.926,29.40835311,1.7622581532735175,23.913931213484933,1.4701389004394745,52.0,1006.0
종로구,명륜4가,JOY하우스,1,저위험군,37.57934965,126.9984385,199862.0726,453310.9665,18.02905031,-4.288531006115996,23.691430324534288,1.4772264667263697,52.0,1006.0
종로구,행촌동,아리스테이,1,저위험군,37.5698123,126.963913,196811.9642,452253.0418,15.94991465,-9.127877275209144,26.27769848246908,1.2901954385974377,52.0,1006.0
종로구,연건동,모리안(Morian),1,저위험군,37.57598296,127.0002004,200017.7007,452937.3015,12.28207468,-9.809161848450772,22.33137384975413,1.4919128010578444,52.0,1006.0
종로구,신교동,소누 리프레(SONU REFRE),1,저위험군,37.58048384,126.9681648,197187.9842,453437.3239,29.81799797,1.391352598887309,25.349798108611694,1.308074013642536,52.0,1006.0
종로구,신영동,메종드보네르,1,저위험군,37.59986728,126.9594368,196417.966,455588.9646,17.78686364,-7.500912647333557,25.45739144399066,1.2744807342805207,52.0,1006.0
종로구,청운동,경복궁청운스테이,1,저위험군,37.5836495,126.9685187,197219.363,453788.6655,29.81622357,4.750470454439476,25.210241882070555,1.3097480919158946,52.0,1006.0
종로구,무악동,유창 스테이,1,저위험군,37.57080719,126.9597635,196445.4346,452363.6119,21.12645048,-3.7907838666901306,26.09916418552049,1.270866033337955,52.0,1006.0
종로구,행촌동,주빈 하우스,1,저위험군,37.57056519,126.9601932,196483.3837,452336.7366,29.66926729,4.728736452077591,26.123559031135024,1.272047035146282,52.0,1006.0
종로구,누상동,리슬로우 스테이,1,저위험군,37.57764971,126.9641374,196832.1168,453122.8961,28.5857028,3.942700812337346,25.57890948855889,1.2907617652385093,52.0,1006.0
종로구,숭인동,나무플래닛,1,저위험군,37.57358318,127.0186523,201647.7207,452671.1171,9.553621562,-15.300786913800831,26.06246016807823,1.6011675117417428,52.0,1006.0
종로구,행촌동,시도스테이,1,저위험군,37.57088639,126.9605293,196513.0861,452372.3735,29.28072811,4.358976120735704,26.10684100937747,1.2742629322515662,52.0,1006.0
종로구,청운동,스테이청운,1,저위험군,37.5848927,126.967393,197119.9798,453926.6804,16.11936411,-7.937082320870758,25.234456987034307,1.304911112693089,52.0,1006.0
종로구,홍지동,조이하슬라2,1,저위험군,37.59826187,126.9571249,196213.7273,455410.8726,34.84291985,10.531665839149557,25.489298583596256,1.2666884142144559,52.0,1006.0
종로구,연건동,Irum Stay(이룸 스테이),1,저위험군,37.57595765,127.0006747,200059.6019,452934.4925,28.64483831,4.882592562904772,22.296459940588413,1.4945517997221218,52.0,1006.0
종로구,명륜3가,더누아 혜화(The Nua Hyewha),1,저위험군,37.58171848,126.9944082,199506.0811,453573.893,22.13160291,-0.992400136796423,24.474313468811452,1.4519166818728915,52.0,1006.0
종로구,숭인동,해피 스테이,1,저위험군,37.5701523,127.0168265,201486.4941,452290.2988,29.21253909,1.5636026154417202,26.03753021745166,1.60139642115207,52.0,1006.0
종로구,명륜2가,트리니엘 혜화,1,저위험군,37.58147071,126.9981092,199832.9835,453546.3804,14.62896758,-8.679734414811604,24.110150210771828,1.4724499889821328,52.0,1006.0
종로구,명륜2가,서울 소울,1,저위험군,37.58115436,126.9978257,199807.9484,453511.2697,21.53596102,-1.3560007237500535,24.083910039190656,1.4714161936959416,52.0,1006.0
종로구,창신동,무띠코지,1,저위험군,37.57000739,127.0126335,201116.0791,452274.1574,12.23155644,-13.462224197803435,24.375606502777224,1.5788426917957228,52.0,1006.0
종로구,내수동,The Loft Gyeongbok,1,저위험군,37.5698882,126.970206,197367.9115,452261.271,25.44963446,-1.1469291377602922,26.77198645703845,1.3181195531623462,52.0,1006.0
종로구,옥인동,종묘 01,1,저위험군,37.57960235,126.969332,197291.0525,453339.4543,21.01604163,-5.290952689356217,25.369669171059943,1.3137292664170996,52.0,1006.0
종로구,체부동,힙피어 궁중모란,1,저위험군,37.57622145,126.9691468,197274.565,452964.2186,26.61548014,0.634593591613605,25.65285205485147,1.3118787251935673,52.0,1006.0
종로구,종로6가,타이디스테이(tidy stay),1,저위험군,37.56883002,127.007075,200625.0318,452143.4316,26.34936545,2.136264748478652,24.435998964639097,1.5502627681425285,52.0,1006.0
종로구,충신동,낙산힐링하우스,1,저위험군,37.57309501,127.0074192,200655.4034,452616.7983,25.00649659,2.5399115198381566,22.64987125438337,1.5412504505090872,52.0,1006.0
종로구,창성동,소누스테이(Sonu stay),1,저위험군,37.57838497,126.9710332,197441.2795,453204.2914,20.12331255,-7.56657584521836,25.404623504050086,1.3221388351541266,52.0,1006.0
종로구,누상동,류진스(Ryujeans),1,저위험군,37.57692592,126.9644135,196856.478,453042.5545,28.5225906,3.933082825715889,25.620229504568627,1.2920840767110184,52.0,1006.0
종로구,청운동,스테이 조이(stay joy),1,저위험군,37.5830075,126.969757,197328.7089,453717.3748,36.47321497,10.966505840770289,25.18119328611284,1.3169263412357262,52.0,1006.0
종로구,효제동,오아시스 스테이,1,저위험군,37.56923288,127.003902,200344.7137,452188.128,25.34326263,-0.3969972510927775,26.53737694009003,1.530368219991043,52.0,1006.0
종로구,누하동,쁘띠 서촌,1,저위험군,37.57685475,126.9673134,197112.6343,453034.5623,25.91994696,-0.1625913047114942,25.61033340220983,1.303715827007721,52.0,1006.0
종로구,효자동,서촌홈,1,저위험군,37.57948937,126.9715048,197482.9745,453326.8543,25.13993879,-1.406475192077874,25.29683655279031,1.3245781743536567,52.0,1006.0
종로구,창신동,보니토 스테이,1,저위험군,37.570783,127.0094979,200839.06,452360.2085,17.25275885,-5.700464961626995,23.008910846474862,1.559123305455312,52.0,1006.0
종로구,행촌동,Sunrise Inwang House,1,저위험군,37.57140704,126.9606164,196520.804,452430.1564,24.5729291,-1.3215096454280761,26.064002854739268,1.274097166796481,52.0,1006.0
종로구,통인동,다원,1,저위험군,37.57721877,126.9692399,197282.8235,453074.9069,23.77671722,-5.959118007931888,25.556204634072675,1.3126026093036718,52.0,1006.0
종로구,체부동,봄 하우스(Pom House),1,저위험군,37.57593696,126.9691579,197275.536,452932.6431,31.12985767,5.683202791771386,25.690994813359975,1.3118079311559736,52.0,1006.0
종로구,신교동,서촌 168 B&B(CHANG YEUN HO),1,저위험군,37.58069595,126.9691136,197271.7982,453460.8377,21.95205943,-6.87067515904608,25.30895187840669,1.3126759760701905,52.0,1006.0
종로구,부암동,게스트하우스 더 김스(Guesthouse The Kims),1,저위험군,37.59237563,126.9679306,197167.7487,454757.1848,27.45511768,1.2436106135799818,25.235439453591106,1.307920650178219,52.0,1006.0
종로구,이화동,페퍼베리힐 게스트하우스,1,저위험군,37.57494122,127.0058287,200514.8916,452821.6963,24.2890062,4.081702899571788,21.402463486942523,1.5274494877317462,52.0,1006.0
종로구,통인동,럭키엠,1,저위험군,37.57694906,126.9692021,197279.4799,453044.9733,30.8169176,1.7320418628533751,25.580164544328362,1.31237134503289,52.0,1006.0
종로구,누상동,가치,1,저위험군,37.57684458,126.9653539,196939.5455,453033.4956,30.74196545,3.4970805834549985,25.62126927903521,1.2947893082306547,52.0,1006.0
종로구,명륜2가,봉하우스(Bong House),1,저위험군,37.58186939,126.9969686,199732.2374,453590.6319,33.79957014,8.153981924308287,24.24600896916403,1.4660556316535005,52.0,1006.0
종로구,체부동,헬로우 서촌,1,저위험군,37.57617953,126.9696168,197316.0847,452959.5524,31.55561401,5.741433878925918,25.65363608669955,1.3141065922628306,52.0,1006.0
종로구,창신동,그루잠 게스트하우스,1,저위험군,37.57063738,127.0084943,200750.4024,452344.0379,7.687776884,-14.209239102071328,23.176918951034047,1.553784184202618,52.0,1006.0
종로구,부암동,지 하우스(G. HOUSE),1,저위험군,37.59370438,126.9668648,197073.6732,454904.6939,28.26043007,1.458811454942559,25.280499586510015,1.3048784250615073,52.0,1006.0
종로구,관훈동,예하도예 게스트하우스(YEHADOYE guesthouse),1,저위험군,37.57167964,126.9842664,198610.084,452459.7991,26.25423494,7.783538709559,18.919340494605258,1.4074981007532414,52.0,1006.0
종로구,통인동,Gyeongbokgung 155,1,저위험군,37.57591638,126.9703356,197379.5666,452930.3255,28.22655832,0.6891978604075213,25.687422469657864,1.3181396478055676,52.0,1006.0
종로구,누하동,스테이 트리니티,1,저위험군,37.57687743,126.967819,197157.2998,453037.0641,15.49033137,-10.382574462175153,25.60034207582354,1.3061707820594202,52.0,1006.0
종로구,명륜3가,블리쓰 혜화,1,저위험군,37.58122639,126.9964533,199686.7206,453519.2679,28.47778938,1.1379905273704267,24.19340912895867,1.4640888075635545,52.0,1006.0
종로구,창신동,디디피하우스,1,저위험군,37.56769912,127.0105996,200936.4293,452017.9442,23.80521983,1.4404443557696283,23.685428341589763,1.5739619473062483,52.0,1006.0
종로구,효자동,네모하다,1,저위험군,37.58002549,126.9710162,197439.8358,453386.3707,18.92973675,-8.686920651916164,25.27792842669461,1.3221353986367876,52.0,1006.0
종로구,창신동,뚜뚜집,1,저위험군,37.57180237,127.0085489,200755.2123,452473.3387,10.35423352,-11.05981736712011,22.548073151673623,1.551076354458635,52.0,1006.0
종로구,명륜3가,해솔스테이,1,저위험군,37.58027648,126.9968089,199718.1306,453413.8376,36.55068912,10.089758161722184,24.006218325367872,1.4674052296257445,52.0,1006.0
종로구,관수동,SERENDIPITY,1,저위험군,37.56631775,126.9890832,199035.5306,451864.6315,12.80847297,-5.054719405608733,18.64621976721233,1.4446458715477202,52.0,1006.0
종로구,행촌동,하늘 스테이,1,저위험군,37.57197814,126.9615538,196603.6436,452493.5076,26.49091559,-6.414401604508313,26.025267035465674,1.2797646737537023,52.0,1006.0
종로구,창신동,동묘스테이,1,저위험군,37.5681,127.0143915,201271.4164,452062.4817,27.6760352,0.5119247214259417,25.018727393557242,1.5943880997447315,52.0,1006.0
중구,(필동,더붓메인,1,저위험군,37.55796716,126.9941198,199480.4429,450937.7747,25.80656169,3.1963386387759165,23.95478404868127,1.4950233076660422,52.0,1006.0
중구,남창동,드림하우스1,1,저위험군,37.55443543,126.9776558,198025.6376,450546.0131,23.88159925,-4.017950474118649,25.31595008404657,1.3834328010475592,52.0,1006.0
중구,(남산동,두두하우스,1,저위험군,37.55557505,126.9834242,198535.3645,450672.3918,25.5002233,-2.1541498039803137,24.545165382741875,1.4245326072432838,52.0,1006.0
중구,(남산동,Logan,1,저위험군,37.55523004,126.9839747,198583.9983,450634.0914,35.69619967,7.835466560549779,24.56270077777685,1.4297949761093802,52.0,1006.0
중구,(회현동,뉴진스하우스,1,저위험군,37.55547098,126.983063,198503.4477,450660.847,20.78830523,-3.5037947832175114,24.54073803411555,1.42161124610325,52.0,1006.0
중구,(장충동,메종 마리 서울,1,저위험군,37.55729653,127.0040754,200360.09,450863.3343,19.26816273,-6.30311515771071,26.544534712752444,1.5657599202470633,52.0,1006.0
중구,예장동,에이치 스테이,1,저위험군,37.55348791,126.9923492,199323.9601,450440.6426,20.27632986,-3.3813436943097557,25.04684986571064,1.4937070970508641,52.0,1006.0
중구,주교동,빡하우스,1,저위험군,37.56575916,126.998356,199854.7553,451802.5798,14.463949,-8.17455438179164,22.999926794217103,1.5047888048076352,52.0,1006.0
중구,(남산동,별채,1,저위험군,37.55659625,126.9853795,198708.1557,450785.7042,32.10280369,5.997016706056961,24.098266250297705,1.437502435154533,52.0,1006.0
중구,중림동,만리재 레지던스,1,저위험군,37.55449219,126.966788,197065.3487,450552.5966,19.22524823,-4.6174668489465205,24.009019514143844,1.3076873120920856,52.0,1006.0
중구,(남산동,마루스테이,1,저위험군,37.55605869,126.9845459,198634.4831,450726.0532,13.69649671,-11.766899136335704,24.442226060248323,1.4326577839763985,52.0,1006.0
중구,(장충동,호호스테이,1,저위험군,37.55789604,127.0073795,200652.0341,450929.8906,36.67753868,12.654776736613972,24.90243576581131,1.585116299919947,52.0,1006.0
중구,(회현동,뉴썬홈,1,저위험군,37.55351514,126.9797505,198210.7085,450443.83,25.06292251,0.47554827158725743,25.18670900341183,1.399641915097772,52.0,1006.0
중구,(남산동,욜로게스트하우스2,1,저위험군,37.55629987,126.9847075,198648.7689,450752.819,9.218862256,-16.968025809120945,24.40358511104186,1.4333612047194049,52.0,1006.0
중구,(회현동,운 스테이,1,저위험군,37.55347515,126.9817323,198385.8258,450439.3557,23.11088373,-0.3620375132216189,24.78926771159741,1.4153970564096021,52.0,1006.0
중구,신당동,플라워니,1,저위험군,37.56006699,127.0134863,201191.5735,451170.9002,21.55693759,-1.6541253364730188,21.84986658034932,1.6133158100422706,52.0,1006.0
중구,(회현동,명동재미하우스,1,저위험군,37.55430366,126.9835253,198544.2765,450531.2811,23.73914184,-1.9143783572454751,24.42215856915304,1.4283251949710698,52.0,1006.0
중구,(회현동,남산 데이지,1,저위험군,37.55426515,126.9834154,198534.5622,450527.0087,29.125951,3.407832168595707,24.402328214290414,1.4276004422135067,52.0,1006.0
중구,신당동,서울 별장,1,저위험군,37.5482818,127.0043967,200388.527,449862.8084,22.48231872,-3.6461292554666827,27.600398073261957,1.598582834762163,52.0,1006.0
중구,신당동,스테이 단아,1,저위험군,37.5600535,127.013782,201217.701,451169.4067,14.57922279,-8.027713080867844,21.834830035203023,1.6149972746498789,52.0,1006.0
중구,(남산동,318 스테이 2,1,저위험군,37.55633528,126.9858649,198751.0362,450756.7331,18.32284645,-5.660443785147152,24.030340827704627,1.441967749153244,52.0,1006.0
중구,(회현동,에이비팰리스,1,저위험군,37.55556583,126.9829405,198492.6211,450671.3762,19.89931813,-4.341527381239668,24.550956154124545,1.4206359953701986,52.0,1006.0
중구,(장충동,남산맨션,1,저위험군,37.55915152,127.0043734,200386.4181,451069.2174,28.71945004,-1.2489825432647663,25.902450846350966,1.5616927948270045,52.0,1006.0
중구,(회현동,남산인2,1,저위험군,37.5547375,126.9832888,198523.3849,450579.4359,32.13577859,0.6375295597777395,24.446537177557726,1.4253377958511484,52.0,1006.0
중구,(남산동,스페이스 게스트하우스,1,저위험군,37.55553044,126.9840557,198591.1585,450667.431,36.8543345,8.824218281876487,24.52460982732346,1.4298808416982631,52.0,1006.0
중구,신당동,체크인서울,1,저위험군,37.55954155,127.017044,201505.9222,451112.6336,21.83536123,2.0341804557318746,20.96269721119659,1.6332622998876603,52.0,1006.0
중구,(장충동,담온정,1,저위험군,37.55895524,127.0035034,200309.5477,451047.4294,35.52341399,6.543171232519004,26.161616066302827,1.5566295494240519,52.0,1006.0
중구,신당동,로얄 202,1,저위험군,37.54774673,127.0042897,200379.0734,449803.4217,22.95622497,-3.3111291653233295,27.66840436598695,1.599936651219221,52.0,1006.0
중구,(회현동,서울 스테이 남산,1,저위험군,37.55405218,126.9789666,198141.4555,450503.4502,40.35077425,13.133788835464713,25.2188981622366,1.393243159721879,52.0,1006.0
중구,신당동,후즈홈,1,저위험군,37.5476378,127.0060999,200539.0417,449791.3406,35.93322264,9.326543949379626,27.446176681845245,1.611734477409166,52.0,1006.0
중구,신당동,스테이 아우어,1,저위험군,37.55716023,127.0091639,200809.7047,450848.2383,9.193036663,-14.382656744203459,24.471574540350417,1.598314866947159,52.0,1006.0
중구,(회현동,모데르노,1,저위험군,37.55570914,126.9829951,198497.4502,450687.281,27.90597352,4.333802745192546,24.576295882573405,1.420680126837252,52.0,1006.0
중구,(회현동,모던하우스,1,저위험군,37.55680325,126.983299,198524.3252,450808.7094,35.72691081,12.206335839046744,24.500638212328926,1.4208500602946068,52.0,1006.0
중구,(남산동,올리브 호스텔 R1,1,저위험군,37.55502744,126.9836432,198554.703,450611.6103,28.00224232,-0.35339872134533223,24.502178652637085,1.4276016343740388,52.0,1006.0
중구,(회현동,미미스테이,1,저위험군,37.55695778,126.9830644,198503.5994,450825.8641,21.5450842,-3.273499143742548,24.51529665038151,1.418871639237276,52.0,1006.0
중구,(회현동,부원 게스트하우스,1,저위험군,37.55411022,126.9817271,198385.3774,450509.841,17.90552541,-5.340406516196712,24.44775853989552,1.4141722599883395,52.0,1006.0
중구,신당동,리마인드 스테이,1,저위험군,37.55594051,127.0113057,200998.9662,450712.8845,16.46465515,-10.437728881344189,23.96531696436452,1.614388299465485,52.0,1006.0
중구,(회현동,명동스테이,1,저위험군,37.55402509,126.9817517,198387.5448,450500.3921,18.41703766,-4.851321399039136,24.483163526449687,1.4145120473582036,52.0,1006.0
중구,예장동,오프투남산,1,저위험군,37.5532905,126.9938832,199459.503,450418.7225,31.45039322,5.875275387619432,25.775465553860094,1.505403857857234,52.0,1006.0
중구,(회현동,로지월드,1,저위험군,37.55435848,126.9806218,198287.7152,450537.4144,19.61140854,-4.366133133532966,24.870424874349766,1.4044246140949146,52.0,1006.0
중구,(회현동,코코앤벨 명동,1,저위험군,37.5538982,126.9803521,198263.8708,450486.3338,29.56960495,5.774493316126559,25.073580064903503,1.4033451662668202,52.0,1006.0
중구,(남산동,레드2,1,저위험군,37.55566706,126.9840224,198588.2196,450682.5947,35.25850078,7.360364329083794,24.527553554503044,1.4293207325431119,52.0,1006.0
중구,(남산동,24 게스트하우스 남산가든 2,1,저위험군,37.55610674,126.9843092,198613.572,450731.3897,31.483564,5.050609760381285,24.471073298716878,1.4308325088040441,52.0,1006.0
중구,(장충동,남산까미노,1,저위험군,37.55584198,127.0015998,200141.3541,450701.8899,31.65904538,5.186203169301663,27.917910179291752,1.5538044110701548,52.0,1006.0
중구,순화동,제이덥하우스,1,저위험군,37.55742715,126.9712781,197462.1986,450878.2115,22.73664626,0.29014436964594736,23.59200870820225,1.3374349945377597,52.0,1006.0
중구,(회현동,서울 타이완 게스트하우스2,1,저위험군,37.55540888,126.9794086,198180.5408,450654.0191,18.12509687,-5.941148256054227,24.78266850762178,1.3941275581353116,52.0,1006.0
중구,묵정동,펠리스 까사,1,저위험군,37.55934393,126.9999488,199995.4718,451090.5636,34.60945779,7.371007247925455,26.47982486513947,1.5316701447848506,52.0,1006.0
중구,필동,레인보우게스트하우스,1,저위험군,37.55134369,126.9957385,199623.434,450202.6409,22.81301518,-3.0528285781777136,27.285922911033445,1.5269352720645826,52.0,1006.0
중구,(회현동,1012 하우스 남산,1,저위험군,37.5548967,126.9832748,198522.1519,450597.1054,32.09503484,0.6569009165504696,24.468028726925155,1.4248992965779907,52.0,1006.0
중구,(회현동,서울 타이완 게스트하우스,1,저위험군,37.55540888,126.9794086,198180.5408,450654.0191,18.14092312,-5.925322006054227,24.78266850762178,1.3941275581353116,52.0,1006.0
중구,(남산동,그랜드필드게스트하우스,1,저위험군,37.55645228,126.9832,198515.5716,450769.7574,22.1395959,-1.3149997038189873,24.561544653350122,1.4209543722927906,52.0,1006.0
중구,(회현동,IU게스트하우스,1,저위험군,37.55505357,126.9829111,198490.0157,450614.5219,21.97458873,-3.2194875661197777,24.435723987535468,1.4213326132583717,52.0,1006.0
중구,(장충동,USB하우스,1,저위험군,37.55785413,127.002724,200240.6858,450925.217,26.89529489,1.0842927325095992,26.777524565903867,1.5549256991335034,52.0,1006.0
중구,(남산동,제이가든,1,저위험군,37.55631897,126.9857705,198742.6922,450754.9241,18.4814873,-5.521623426146935,24.063393272619827,1.4412235090752725,52.0,1006.0
중구,(회현동,엔포시즌,1,저위험군,37.55429276,126.9788286,198129.265,450530.1545,29.81729986,2.7687601840010956,25.222581403627846,1.391456733506571,52.0,1006.0
중구,(회현동,B my guesthouse,1,저위험군,37.55570832,126.9831067,198507.3156,450687.1882,19.58957264,-4.07126926428926,24.572249382813702,1.4216862617478365,52.0,1006.0
중구,(남산동,게스트하우스(수),1,저위험군,37.55627607,126.9856969,198736.1909,450750.1637,34.12694385,10.343898207407484,24.133374626523405,1.4406938036694246,52.0,1006.0
중구,(회현동,남산 스테이,1,저위험군,37.55346464,126.9794584,198184.8966,450438.2307,26.99258162,1.4422052130437244,25.159393995395455,1.3978316792467733,52.0,1006.0
중구,중림동,오성 매니지먼트,1,저위험군,37.5560557,126.9675761,197135.0478,450726.1032,17.59138735,-6.258531802438913,24.04799753262232,1.3117429387320176,52.0,1006.0
중구,(회현동,남산루프탑,1,저위험군,37.55445981,126.9804108,198269.0769,450548.6647,22.29167437,-1.8306036298247719,24.89077523357247,1.4030384846999657,52.0,1006.0
용산구,이태원동,Guest house Itawon hills,1,저위험군,37.52719777,126.9940189,199471.3096,447522.7472,29.47517637,3.0064193934918713,27.93416282298798,1.6129446747606424,52.0,1006.0
용산구,이태원동,이태원G 게스트하우스,1,저위험군,37.53047012,126.9941757,199485.1913,447885.9365,27.96016622,1.3727350269158478,28.072960550303147,1.5973103813710803,52.0,1006.0
용산구,이태원동,RTR E,1,저위험군,37.53214143,126.9875495,198899.5311,448071.4881,29.35134199,3.9068397766712444,26.871831943466784,1.5347314305906095,52.0,1006.0
용산구,이태원동,제이바이 하우스,1,저위험군,37.53056717,126.990431,199154.2028,447896.7349,32.44909542,5.510340079717906,27.534598886955905,1.5672288794651776,52.0,1006.0
용산구,이태원동,OHOO house(오후 하우스),1,저위험군,37.53233323,126.9868026,198833.5201,448092.7846,29.77558791,4.364990149469065,26.83092067868829,1.527197379874849,52.0,1006.0
용산구,보광동,이정표(milestone),1,저위험군,37.52378498,127.0014206,200125.5782,447143.9542,31.24713313,3.547409628385008,28.155565391485176,1.677273298418318,52.0,1006.0
용산구,동빙고동,House Bong,1,저위험군,37.52012951,126.9939,199460.7505,446738.2595,21.73664058,-3.931501797896381,26.612673421758025,1.6471769169170982,52.0,1006.0
용산구,이태원동,MINGOO HOUSE,1,저위험군,37.53222403,126.9903962,199151.1413,448080.6262,35.97828826,4.604911443622676,27.285179273709076,1.5589697491332621,52.0,1006.0
용산구,이태원동,세리 하우스,1,저위험군,37.53197978,126.9877729,198919.271,448053.5444,29.11162761,3.648019496829381,26.893500998590014,1.5374874545763357,52.0,1006.0
용산구,후암동,Casa de Abuela,1,저위험군,37.54552204,126.9779489,198051.3087,449556.7278,18.39708947,-3.364635568830593,22.751101337831862,1.4030326686372392,52.0,1006.0
용산구,이태원동,랑드하우스,1,저위험군,37.53061665,126.9904544,199156.2682,447902.2264,34.4098952,6.057553576884107,27.52846117243226,1.5671645699350385,52.0,1006.0
용산구,이태원동,꿀잠,1,저위험군,37.53197478,126.987266,198874.4742,448052.9954,20.40682349,-5.023258224414274,26.855858937405838,1.5330621025694928,52.0,1006.0
용산구,이태원동,WYW STAY,1,저위험군,37.53100024,126.9906236,199171.2297,447944.7986,22.042114,-9.665465859388934,27.496862732350216,1.5667074375142407,52.0,1006.0
용산구,이태원동,잠인서울,1,저위험군,37.53090392,126.9940942,199477.9941,447934.0834,27.35177701,0.14261917324368767,28.080314291516952,1.5947374927067108,52.0,1006.0
용산구,이태원동,스테이 미드센트리,1,저위험군,37.53083297,126.9921333,199304.6653,447926.2215,29.20551961,0.29811488123112895,27.950939753844747,1.5797718332924593,52.0,1006.0
용산구,이태원동,메종 이태원,1,저위험군,37.53371292,126.9885745,198990.1477,448245.8926,29.58524553,2.0810890029933446,26.86392555127251,1.5362681379528977,52.0,1006.0
용산구,이태원동,이루다 이태원,1,저위험군,37.53015695,126.9927666,199360.6407,447851.1872,25.51331304,-1.0504318332922544,27.98971452070399,1.5880604465266857,52.0,1006.0
용산구,(용산동,우주민박 003,1,저위험군,37.53763298,126.9857569,198741.1781,448681.0051,30.68335164,5.5385341589573045,26.534490013860136,1.4942406574387974,52.0,1006.0
용산구,이태원동,Antron,1,저위험군,37.53466996,126.9865553,198811.6972,448352.1359,24.57647522,-0.8684494048542355,26.594117901876405,1.5140845923349873,52.0,1006.0
용산구,갈월동,JJ house,1,저위험군,37.54351403,126.9720818,197532.7558,449334.0009,21.7333349,-0.75452078338229,23.456786113579522,1.3648861045517915,52.0,1006.0
용산구,이태원동,윤스테이,1,저위험군,37.53200106,126.9875924,198903.3164,448055.9083,28.89911451,3.4467122236651058,26.880727604481255,1.5358019332054178,52.0,1006.0
용산구,원효로3가,Cozy Yongsan Castle,1,저위험군,37.53198592,126.9553534,196053.7909,448055.0923,23.51190613,-3.1938878151720544,26.99691605962012,1.3369204708664235,52.0,1006.0
용산구,이태원동,S.J. HOUSE,1,저위험군,37.53362503,126.9878004,198921.7262,448236.1465,28.64199097,3.195373108012671,26.80425992476554,1.529855297204387,52.0,1006.0
용산구,갈월동,스테이오,1,저위험군,37.54538654,126.9717642,197504.7462,449541.8351,29.40133386,7.311670071029745,23.06540149674528,1.3577528350351113,52.0,1006.0
용산구,원효로2가,올라,1,저위험군,37.5342264,126.9624134,196677.9093,448303.4851,32.95207552,4.087729749607561,27.931559750727555,1.3418775374967367,52.0,1006.0
용산구,후암동,남산 슬로우 스테이,1,저위험군,37.54961122,126.9778138,198039.4706,450010.5803,21.92766579,-3.006352790613658,23.259702815679205,1.3936973992872348,52.0,1006.0
용산구,이태원동,Comfy Stay,1,저위험군,37.53052295,126.9913163,199232.4518,447891.8195,27.47784635,-3.6207458098481666,27.81091865762032,1.5747044338806975,52.0,1006.0
용산구,이태원동,Your House Modern&Bright,1,저위험군,37.53209466,126.9882259,198959.3149,448066.2895,18.72851871,-6.760145035000647,26.921750076741155,1.5409211968556633,52.0,1006.0
용산구,이태원동,이태원 스테이,1,저위험군,37.53202163,126.988515,198984.8703,448058.181,20.35893908,-5.177789392800452,26.95585651374614,1.54383344711797,52.0,1006.0
용산구,이태원동,Solip house,1,저위험군,37.53254143,126.98831,198966.7527,448115.8746,28.50430267,3.0353963869331473,26.900692697485184,1.5395234651827412,52.0,1006.0
용산구,원효로1가,코지하우스,1,저위험군,37.53778672,126.9660989,197003.7914,448698.5131,27.873504,1.9988589178437763,26.627177730722977,1.3415708158141844,52.0,1006.0
용산구,이태원동,이태원 루프탑 BBQ STAY,1,저위험군,37.53035648,126.9960721,199652.8179,447873.3152,22.04370977,-6.569378540879615,28.117452949922548,1.6118262286352376,52.0,1006.0
용산구,이태원동,루미하우스,1,저위험군,37.53043673,126.9913832,199238.3677,447882.2496,33.33062586,2.3900567931892454,27.85511881758243,1.5756838050586175,52.0,1006.0
용산구,이태원동,코코치요,1,저위험군,37.5300038,126.990955,199200.5146,447834.2033,30.49796875,2.8296224310894047,27.75413087907502,1.5744413876001688,52.0,1006.0
용산구,이태원동,Nine House,1,저위험군,37.53389463,126.9886718,198998.7518,448266.0592,11.36265032,-16.060943638342515,26.862580338604545,1.5362737542334926,52.0,1006.0
용산구,신창동,마이룸인서울,1,저위험군,37.53244176,126.9534896,195889.0727,448105.7647,31.15370284,1.76812322249355,26.86454974753167,1.333098434353559,52.0,1006.0
용산구,이태원동,아르못,1,저위험군,37.52950823,126.9915067,199249.2692,447779.1966,23.24560971,-3.784635030298684,27.798474592540174,1.5815551737464,52.0,1006.0
용산구,이태원동,Sunlit Stay,1,저위험군,37.53174794,126.9888373,199013.3549,448027.8013,19.94523257,-5.659026124463626,27.02712223260469,1.547897199891108,52.0,1006.0
용산구,갈월동,갈월 스테이(Galwol Stay),1,저위험군,37.54624897,126.971949,197521.1058,449637.5496,16.97821835,-5.3095814148348275,22.767064345910782,1.356524432323718,52.0,1006.0
용산구,이태원동,나이브 하우스,1,저위험군,37.53258983,126.9901728,199131.3989,448121.2275,36.61259436,5.266562957117678,27.168040875729176,1.5553409066161872,52.0,1006.0
용산구,이태원동,Stunning house,1,저위험군,37.53183346,126.9874456,198890.3466,448037.3085,20.96809498,-4.47405967387445,26.87006529011039,1.5353560478937205,52.0,1006.0
용산구,이태원동,아이보리,1,저위험군,37.53126467,126.9927197,199356.5065,447974.1307,29.99367715,1.2544964664559721,27.966316309081986,1.5823695078394944,52.0,1006.0
용산구,한남동,한남스테이,1,저위험군,37.54111269,127.0027569,200243.642,449067.1186,31.84428073,4.274489850092909,28.965304763332117,1.6146130635724334,52.0,1006.0
용산구,이태원동,사운즈 인(SOUNDS INN),1,저위험군,37.53093633,126.9886229,198994.3892,447937.7249,21.82257045,-3.804461080569382,27.068615097125665,1.5500578196482242,52.0,1006.0
용산구,(청파동,mila house 2,1,저위험군,37.54757952,126.9645972,196871.4764,449785.4438,24.24423195,1.6714466981267755,23.715748264310307,1.305855824006511,52.0,1006.0
용산구,동빙고동,이스트빙고,1,저위험군,37.51935551,126.9940935,199477.8473,446652.3541,24.84955727,-0.39754094076928936,26.567035861226714,1.653067075252386,52.0,1006.0
용산구,(용산동,매버릭스 게스트하우스,1,저위험군,37.54071299,126.9873864,198885.2444,449022.828,27.54175872,0.001816884006384356,26.26094547662236,1.4964512964423218,52.0,1006.0
용산구,후암동,serene seoul,1,저위험군,37.54454759,126.9747256,197766.4283,449448.6474,24.35754396,2.580769417058871,23.04856707973493,1.3810952292513754,52.0,1006.0
용산구,효창동,소요 서울,1,저위험군,37.54030523,126.9577779,196268.4988,448978.3346,25.85355141,0.09052340894969291,26.95545218265179,1.2925146074321632,52.0,1006.0
용산구,이태원동,Starts of Itaewon,1,저위험군,37.53166891,126.9874533,198891.023,448019.0454,21.37089193,-4.071247573718587,26.87086852201265,1.5362360104141635,52.0,1006.0
용산구,이태원동,투서울,1,저위험군,37.52983145,126.9911583,199218.4799,447815.0728,24.53829233,-3.4546401329739354,27.771055927284394,1.5770108132063503,52.0,1006.0
용산구,(청파동,스테이 오로라(Stay Aurora),1,저위험군,37.53898594,126.9674435,197122.67,448831.5698,28.89354236,2.8079152035871466,25.818396896514916,1.3447046040470256,52.0,1006.0
용산구,원효로2가,STAY CHARM,1,저위험군,37.53455276,126.9622298,196661.691,448339.7135,24.38013639,-4.346539490550256,28.06659406546657,1.338352941540571,52.0,1006.0
용산구,이태원동,찰리애니홈,1,저위험군,37.52910989,126.9911222,199215.2788,447734.9889,20.30966451,-5.9585666711633145,27.721177179560925,1.5806231463706815,52.0,1006.0
용산구,동빙고동,니나노 인테리어,1,저위험군,37.52083551,126.9937082,199443.803,446816.6177,23.11218379,-4.478727154600591,26.66058427769347,1.6421788683854737,52.0,1006.0
용산구,남영동,NY room,1,저위험군,37.5398956,126.9732156,197632.8373,448932.37,20.24304271,-2.9751495416167266,24.395594515114688,1.3805874403665508,52.0,1006.0
용산구,이태원동,이태원 561,1,저위험군,37.53480122,126.9861959,198779.9313,448366.7087,23.60897176,-1.868148804425168,26.595390008227383,1.5102411026783733,52.0,1006.0
용산구,문배동,88하우스 용산,1,저위험군,37.53333448,126.9683834,197205.534,448204.2988,25.20935344,-0.7072180416746541,26.798376528918453,1.3755100224062835,52.0,1006.0
용산구,갈월동,장하우스(Jang House),1,저위험군,37.5445589,126.9720923,197533.7199,449449.9685,27.33146443,1.601519175826155,23.24429171887933,1.361286981873342,52.0,1006.0
용산구,한강로3가,한강뷰(Han river View),1,저위험군,37.52878416,126.9548128,196005.8368,447699.7594,19.25882653,-7.676381246879465,26.725400535904985,1.3624786862971725,52.0,1006.0
용산구,한남동,UN게스트하우스,1,저위험군,37.53312813,127.0108903,200962.5523,448180.9825,29.48363999,0.4862341058276236,29.83050872114486,1.6920129685848693,52.0,1006.0
용산구,이태원동,아보카도 게스트하우스,1,저위험군,37.53096713,126.9902497,199138.1798,447941.1272,35.118778,4.61104341639383,27.426499297331198,1.5637487763475542,52.0,1006.0
용산구,이태원동,Maji's house,1,저위험군,37.53267679,126.9891827,199043.8942,448130.8886,32.42775273,4.299180875841557,26.97647381230091,1.5464870783177582,52.0,1006.0
용산구,이태원동,카메 게스트하우스,1,저위험군,37.53055405,126.9911972,199221.9222,447895.2722,36.79271371,5.684650672061846,27.76553577436107,1.5735770079524325,52.0,1006.0
용산구,이태원동,Good Stay,1,저위험군,37.52951501,126.9907408,199181.5753,447779.9555,31.48122241,5.247982520131238,27.681323741165556,1.5753337397051346,52.0,1006.0
용산구,이태원동,알리바바,1,저위험군,37.53016797,126.9962007,199664.184,447852.3924,35.87484373,7.928706098205897,28.16088242447205,1.613582809750909,52.0,1006.0
용산구,이태원동,Parched Mansion,1,저위험군,37.5324492,126.9877944,198921.1816,448105.644,20.32589522,-5.118292248111963,26.87214367656116,1.5354050492607951,52.0,1006.0
용산구,후암동,그린 어바니스트,1,저위험군,37.55080241,126.9771944,197984.7743,450142.8012,25.41295299,0.012995919290236913,24.020104080481005,1.3865363082443904,52.0,1006.0
용산구,이태원동,DON'S HOUSE,1,저위험군,37.53206541,126.9905106,199161.2545,448063.0203,40.67229586,9.938142219207275,27.347969002310045,1.5606758521791564,52.0,1006.0
용산구,갈월동,SI스테이,1,저위험군,37.54397707,126.9720811,197532.7092,449385.3927,24.29774097,-0.08281341679698073,23.374406769058368,1.3635561195048826,52.0,1006.0
용산구,후암동,서울 비앤비(Seoul B&B),1,저위험군,37.55077832,126.9770456,197971.6187,450140.1307,16.62248961,-8.698669593092735,23.949415378230242,1.3856040600396882,52.0,1006.0
용산구,한강로3가,딩딩네,1,저위험군,37.53123905,126.9629067,196721.378,447971.9088,25.66261234,-0.45226042030044766,27.309356912584114,1.3613116932954106,52.0,1006.0
용산구,이태원동,보리하우스,1,저위험군,37.5301663,126.9912521,199226.7717,447852.2363,36.62190702,6.203854746235024,27.815314555406374,1.5759915597389471,52.0,1006.0
용산구,이태원동,구초이스,1,저위험군,37.53361877,126.9884383,198978.1092,448235.4446,36.35820315,9.268477564263154,26.86061030496826,1.5355126271556228,52.0,1006.0
용산구,이태원동,Naun Stay,1,저위험군,37.53037537,126.9926227,199347.9215,447875.4301,22.23595441,-4.353641484519848,27.996922229943305,1.5858418858480303,52.0,1006.0
용산구,이태원동,에어181,1,저위험군,37.53249243,126.9897664,199095.4799,448110.4212,17.65228408,-12.97916738262952,27.095359092942626,1.5523649864400915,52.0,1006.0
용산구,후암동,라오테아로아 남산맨숀,1,저위험군,37.54647167,126.9789649,198141.1117,449662.1047,23.45770181,-1.2189790557724258,22.467585155653953,1.408619329999561,52.0,1006.0
용산구,이태원동,GNTD stay(지앤티디 스테이),1,저위험군,37.53386553,126.9884442,198978.6367,448262.8319,19.44705212,-7.493118629479767,26.839456042876293,1.53441450992248,52.0,1006.0
성동구,옥수동,River View (리버뷰),1,저위험군,37.54051578,127.010763,200951.2068,449000.9197,29.12278957,0.6892104161890984,28.59647818046047,1.663137152629833,52.0,1006.0
성동구,성동,서울숲 휴,1,저위험군,37.54377511,127.0415632,203673.1006,449363.4231,23.83074501,-6.358550637288367,31.823838898477042,1.7575370632940106,52.0,1006.0
성동구,성동,cozy house,1,저위험군,37.53687774,127.0478318,204227.4709,448598.1625,36.96690177,7.741242441537516,29.46239797309269,1.7788436339497806,52.0,1006.0
성동구,마장동,Move stay,1,저위험군,37.56407313,127.0361667,203195.3202,451616.0638,26.6480829,1.8134384636358476,25.368616447368446,1.6988341158228426,52.0,1006.0
성동구,성동,히어앳홈,1,저위험군,37.54297218,127.0457442,204042.6295,449274.4792,26.95904816,-4.481002912278452,31.37743081181317,1.7654919592610814,52.0,1006.0
성동구,성동,랑가네집,1,저위험군,37.53933326,127.0536334,204740.0668,448870.9718,38.81691996,3.981744429051865,28.49356995692684,1.7844181033884827,52.0,1006.0
성동구,홍익동,소울 스테이,1,저위험군,37.56265294,127.0326866,202887.9096,451458.3268,34.74568015,7.971878475596753,25.199153510416537,1.692903086102548,52.0,1006.0
성동구,성동,모나크,1,저위험군,37.54389376,127.0404783,203577.2181,449376.55,33.87478782,3.7277968866816877,31.77979074400297,1.7556624348305352,52.0,1006.0
성동구,송정동,퀘보 스페이스 성수,1,저위험군,37.54664887,127.0665446,205880.5745,449683.6449,21.04471833,-4.785035739261488,26.660688979674344,1.7914141648117616,52.0,1006.0
성동구,성동,단잠성수 1호점,1,저위험군,37.53658526,127.0610563,205396.2946,448566.3775,20.32439148,-6.116295581359932,26.680058365742468,1.798625322098363,52.0,1006.0
성동구,성동,스테이성수,1,저위험군,37.54750301,127.0479806,204240.015,449777.445,37.20949941,4.138535473536862,31.82415927417117,1.760130686869303,52.0,1006.0
성동구,성동,오늘 성수 스테이,1,저위험군,37.54388005,127.0583276,205154.6263,449375.8572,33.04298168,-0.08033391428797643,27.848669245002394,1.7836510916107826,52.0,1006.0
성동구,성동,벨르하우스,1,저위험군,37.54256253,127.0451981,203994.3899,449228.9897,28.77788976,-2.7368371098869133,31.49877279822155,1.7653720073399652,52.0,1006.0
성동구,하왕십리동,공간의 의미,1,저위험군,37.55751168,127.0283782,202507.43,450887.5841,33.95034703,11.034108745032942,24.45493260687119,1.692877120608075,52.0,1006.0
성동구,성동,더 코지 성수,1,저위험군,37.53704838,127.0610444,205395.2139,448617.7774,14.0780194,-13.14250259939167,26.764240247456,1.7980327084457575,52.0,1006.0
성동구,행당동,도심속 캠핑장,1,저위험군,37.55717261,127.0341822,203020.2693,450850.122,26.72060881,2.1251067911731027,26.02484018131772,1.711028979848705,52.0,1006.0
성동구,행당동,로망((Rom an),1,저위험군,37.55618117,127.0392658,203469.4964,450740.2594,13.05571276,-13.266047593704743,27.681223520130803,1.726400736169343,52.0,1006.0
성동구,성동,그린 리추얼 하우스,1,저위험군,37.53686231,127.0606821,205363.1986,448597.1052,26.61025058,-0.660527158978212,26.81456323051691,1.797767727508363,52.0,1006.0
성동구,성동,빌라드 성수,1,저위험군,37.54398633,127.0432141,203818.979,449386.9317,38.22013668,5.064693265768021,31.833422886326964,1.7598518562134575,52.0,1006.0
성동구,행당동,노엘의 휴일,1,저위험군,37.55342491,127.0331536,202929.5301,450434.1394,17.22842076,-8.791773406354608,27.305217863715278,1.718132334324494,52.0,1006.0
성동구,행당동,메종드양(Maison de Yong),1,저위험군,37.55698293,127.0342564,203026.8305,450829.0722,28.01388029,3.4955532845785164,26.084383854513394,1.7116487460135712,52.0,1006.0
성동구,마장동,유얼스테이,1,저위험군,37.5596896,127.0415603,203672.0643,451129.7407,29.00481329,0.8071941892454362,26.992998207008718,1.7227894701838091,52.0,1006.0
성동구,성동,성수스테이,1,저위험군,37.54406168,127.0418493,203698.3666,449395.2401,35.04463421,4.84187585217332,31.83734452639258,1.75758321005769,52.0,1006.0
성동구,성동,ATOZ Seongsu forest(아토즈 성수포레스트),1,저위험군,37.53940387,127.0518522,204582.6435,448878.7204,38.02732974,6.876633916651649,29.005196505750224,1.781641662142169,52.0,1006.0
성동구,성동,STAY YEON 성수,1,저위험군,37.5372255,127.0615219,205437.4025,448637.4631,22.4550145,-3.2627063708627553,26.69458654203148,1.798465138783484,52.0,1006.0
성동구,행당동,소담 스테이,1,저위험군,37.55702579,127.0344986,203048.2318,450833.8369,28.79176005,4.231940029107541,26.11347131059167,1.7120601064995102,52.0,1006.0
성동구,성동,성쉼당,1,저위험군,37.53354749,127.0593703,205247.4949,448229.1269,22.60861314,-2.0340788468889635,26.316867732932614,1.8001517683914587,52.0,1006.0
성동구,성동,초이 인 서울,1,저위험군,37.53538366,127.0524301,204633.9692,448432.5546,24.14500168,-3.9867525569935793,27.99493368670146,1.7876804657809362,52.0,1006.0
성동구,성동,Happy 101,1,저위험군,37.54788162,127.0446543,203946.0528,449819.3213,29.37942155,-2.4453991603942526,31.276330955874897,1.7538160223049963,52.0,1006.0
성동구,성동,모노성수,1,저위험군,37.53295666,127.0586998,205188.2766,448163.5149,28.47342561,3.5432834039426524,26.22676140378106,1.7998643589193315,52.0,1006.0
성동구,행당동,한양 스테이,1,저위험군,37.55387875,127.0418048,203693.946,450484.815,32.85502502,4.692106062744468,28.70322763642223,1.7358384283553536,52.0,1006.0
성동구,성동,메종 아미,1,저위험군,37.54470296,127.0401487,203548.0465,449466.3489,33.27161475,3.5445684404812923,31.357937534564478,1.7536102346233098,52.0,1006.0
성동구,성동,오늘도 성수,1,저위험군,37.53647605,127.0610843,205398.7754,448554.2581,22.1206161,-3.824529860218803,26.646031762912315,1.7987989530153323,52.0,1006.0
성동구,마장동,Joony stay,1,저위험군,37.56032254,127.0384639,203398.4478,451199.8731,20.45941434,-4.013528457081232,25.88455987713801,1.7144901904032348,52.0,1006.0
성동구,송정동,루프하우스,1,저위험군,37.54816492,127.067404,205956.3994,449851.9623,17.98744218,-10.080771208524112,26.52703043566605,1.7890991905490314,52.0,1006.0
성동구,성동,제이드하우스,1,저위험군,37.55333507,127.0236551,202090.2205,450423.9146,11.52159054,-10.376193438814004,23.32997453491629,1.6872566106059337,52.0,1006.0
성동구,행당동,코지네스트,1,저위험군,37.5582965,127.0391251,203456.9594,450975.0308,24.7547898,-3.0496776685268223,26.962773087019894,1.7213093194464217,52.0,1006.0
성동구,사근동,사근마을호텔,1,저위험군,37.55790398,127.0445062,203932.4405,450931.6772,32.72346023,6.335764547407919,27.98140980716361,1.7328486040473725,52.0,1006.0
성동구,성동,메종 아미 포레스트 하우스,1,저위험군,37.54482069,127.0395361,203493.9066,449479.3926,33.30587023,3.7770550887736327,31.158367831188684,1.7521709793341178,52.0,1006.0
성동구,성동,트리앤브리즈,1,저위험군,37.54374138,127.0424997,203755.8599,449359.7165,39.58316341,6.315601246214179,31.78044987463581,1.759075992348342,52.0,1006.0
성동구,성동,내러티브 스테이,1,저위험군,37.54397631,127.0405192,203580.8243,449385.7136,22.71026889,-7.41346477072571,31.75649236932004,1.755618239947914,52.0,1006.0
성동구,성동,J&J House,1,저위험군,37.54342548,127.0425909,203763.9408,449324.6591,31.02576522,-2.5246378672441985,31.827005743814382,1.7596879831853343,52.0,1006.0
성동구,성동,성수 비스타,1,저위험군,37.5440746,127.0428985,203791.0865,449396.7159,38.81169317,5.462668705958308,31.83922136674895,1.759184573125533,52.0,1006.0
성동구,성동,금향 게스트 하우스,1,저위험군,37.54451743,127.0400558,203539.8499,449445.7538,33.33814195,3.5623438485517944,31.40693476460028,1.7538741411111023,52.0,1006.0
성동구,행당동,Seras House,1,저위험군,37.55162087,127.032048,202831.9058,450233.8787,22.07394064,-3.9524320928743712,27.613058097047144,1.7200677277848049,52.0,1006.0
마포구,연남동,더에이치하우스,1,저위험군,37.55853746,126.9181086,192764.3708,451004.207,18.79631231,-7.703325749523877,26.58078001533172,1.2081989270379998,52.0,1006.0
마포구,합정동,스티치스 게스트하우스,1,저위험군,37.54758308,126.9090558,191963.3254,449789.1369,33.82989945,5.681637726504562,28.671373336965107,1.2747706285924476,52.0,1006.0
마포구,당인동,콤마,1,저위험군,37.54346057,126.9200801,192937.1482,449330.7028,32.82927435,4.58733332615947,29.44043226873693,1.2886736287993543,52.0,1006.0
마포구,당인동,편안한 숙소,1,저위험군,37.54354839,126.9194189,192878.7218,449340.4996,31.95268296,3.4724055992422507,29.348632751149406,1.2893866336606492,52.0,1006.0
마포구,서교동,스테이온 3,1,저위험군,37.55347564,126.9267082,193523.7668,450441.7779,16.60893395,-7.047940732780262,23.744223772017165,1.2316066232224332,52.0,1006.0
마포구,합정동,빌라드소앙,1,저위험군,37.54506383,126.9162096,192595.2509,449508.943,20.65644199,-6.915735886592159,28.39532765105183,1.2840148378031526,52.0,1006.0
마포구,합정동,모던하우스,1,저위험군,37.54260262,126.9116767,192194.4071,449236.1452,32.19541149,5.460505087544934,27.947646181430898,1.3039943165352084,52.0,1006.0
마포구,합정동,오손도손 스테이,1,저위험군,37.54797387,126.9098183,192030.7468,449832.445,31.5460016,3.2800517218738996,28.19500365453653,1.2710098002166454,52.0,1006.0
마포구,연남동,챨리하우스,1,저위험군,37.55662292,126.9199454,192926.4864,450791.5759,36.04931534,10.00736317522085,25.9637864432768,1.2232374487848046,52.0,1006.0
마포구,연남동,봉봉하우스,1,저위험군,37.56153185,126.9227788,193177.2903,451336.1997,24.76105218,-5.230625158132188,30.74948939480942,1.208782657629324,52.0,1006.0
마포구,서교동,OBJECT APARTMENT HAUS,1,저위험군,37.55422988,126.9121681,192239.0421,450526.5906,26.11848895,2.0980771405372245,23.53549270742591,1.2268564104568829,52.0,1006.0
마포구,창전동,신촌연트럴2,1,저위험군,37.55086054,126.9321552,194004.8654,450151.1717,33.11000715,8.532513182598546,24.77791144712633,1.2239456937739732,52.0,1006.0
마포구,망원동,아이엠하우스,1,저위험군,37.55346886,126.9026851,191401.0209,450442.9517,21.55006001,-9.187557871302293,28.95459005670307,1.2468633692676792,52.0,1006.0
마포구,합정동,스테이 휴가,1,저위험군,37.54646263,126.9094982,192002.3011,449664.7427,32.0576487,4.835013579202155,28.3128252110305,1.2815273723867369,52.0,1006.0
마포구,성산동,성산스테이,1,저위험군,37.55746845,126.9090032,191959.733,450886.2994,31.23537446,6.7484576288926945,24.08601816595746,1.2090530598507954,52.0,1006.0
마포구,노고산동,스테이 올리브,1,저위험군,37.55124925,126.9397075,194672.2554,450193.8591,33.4144223,8.62709441893179,25.93830885001626,1.2375883664143874,52.0,1006.0
마포구,동교동,듀이하우스,1,저위험군,37.55807387,126.9253232,193401.7869,450952.2231,25.06343946,-0.07132182991036018,25.442807959644583,1.2202325566172996,52.0,1006.0
마포구,합정동,K-WAVE 게스트하우스,1,저위험군,37.54461991,126.9171261,192676.1963,449459.6015,22.53846679,-5.190169173395471,28.822268148969453,1.2855735836280595,52.0,1006.0
마포구,신수동,독막스테이,1,저위험군,37.54730719,126.9359036,194335.822,449756.5602,16.43800162,-7.923274079208113,25.32442663294296,1.2471610682706045,52.0,1006.0
마포구,상암동,트리 하우스,1,저위험군,37.57511896,126.8937197,190611.535,452846.7173,31.7061433,8.376989122494077,23.88514552138518,1.1415847750814894,52.0,1006.0
마포구,성산동,소프트서울1,1,저위험군,37.56069441,126.9160215,192580.1814,451243.7657,28.18350152,-0.11845409882491964,28.45976817217026,1.1857964985573888,52.0,1006.0
마포구,연남동,체리쉬,1,저위험군,37.557447,126.919423,192880.4071,450883.0785,36.36507584,9.877157195598773,26.481497390016308,1.2204408795912292,52.0,1006.0
마포구,동교동,블루밍,1,저위험군,37.55626175,126.9249582,193369.3742,450751.1249,28.00141816,3.591774006104764,23.741532626141762,1.225061452971819,52.0,1006.0
마포구,연남동,디어스유,1,저위험군,37.56212272,126.9245244,193331.57,451401.654,41.7187429,9.695765225371638,30.11815652583814,1.205775213664992,52.0,1006.0
마포구,합정동,쥬쥬하우스,1,저위험군,37.54410147,126.9158666,192564.8392,449402.1598,31.04891812,3.6540365265032655,28.492456867994363,1.290208716925163,52.0,1006.0
마포구,망원동,캐럿 하우스,1,저위험군,37.55179084,126.9007444,191229.3473,450256.8907,36.40772619,7.519481368876001,30.058847191132394,1.2586862110705206,52.0,1006.0
마포구,합정동,이즈와이합정,1,저위험군,37.54805079,126.9083459,191900.6426,449841.108,21.16896533,-7.283882762532556,29.189623991933058,1.272690330532682,52.0,1006.0
마포구,연남동,시와 하우스,1,저위험군,37.55817241,126.9183776,192788.1088,450963.6701,36.20734806,9.868305529088712,26.558606006371605,1.2117279194842006,52.0,1006.0
마포구,도화동,칼로달,1,저위험군,37.53663316,126.9478625,195391.9679,448571.2194,35.14543248,8.846351013700229,26.322157969625312,1.298956033736756,52.0,1006.0
마포구,합정동,스테이 헤리티지 합정,1,저위험군,37.54785015,126.9098314,192031.8922,449818.7124,31.1388611,2.7540292059594407,28.18660750495053,1.2718223295579236,52.0,1006.0
마포구,합정동,Artravel Hongdae Apartment,1,저위험군,37.54422132,126.9185974,192806.1818,449415.2492,32.15945479,4.049817627131031,29.204226699952315,1.2866989581615829,52.0,1006.0
마포구,창전동,나리스테이 창전,1,저위험군,37.5508026,126.9322169,194010.3147,450144.7372,33.86028091,8.845406892163567,24.791532121403677,1.2241726344820756,52.0,1006.0
마포구,연남동,씨유 하우스,1,저위험군,37.56055478,126.924005,193285.5418,451227.6681,36.59843141,4.269895107596767,29.339730781402096,1.2099070080886192,52.0,1006.0
마포구,동교동,루다 게스트하우스,1,저위험군,37.55445803,126.9203636,192963.2344,450551.2675,35.81796352,10.607228716412113,25.34176435315974,1.2331639504910754,52.0,1006.0
마포구,노고산동,스테이 위드 신촌,1,저위험군,37.55212789,126.9327811,194060.2686,450291.7927,15.81319408,-11.469454334172502,24.8638223500026,1.2210462288496737,52.0,1006.0
마포구,합정동,YS 하우스,1,저위험군,37.54382768,126.9160224,192578.5869,449371.7601,31.13260649,3.6358158720408724,28.595515405501743,1.291559978916319,52.0,1006.0
마포구,연남동,홍대 애비뉴,1,저위험군,37.55655572,126.9198066,192914.2115,450784.128,27.01869658,0.9394869412998084,25.972138845191242,1.2239780670882636,52.0,1006.0
마포구,동교동,라니규방,1,저위험군,37.55451078,126.9208334,193004.7506,450557.087,18.66559114,-6.098794801215199,25.18422171627164,1.2319413737455542,52.0,1006.0
마포구,상암동,JUNI STAY DMC,1,저위험군,37.57304016,126.8956362,190780.5807,452615.8046,26.6366165,3.721540859086282,23.98238315601229,1.1476187701694818,52.0,1006.0
마포구,연남동,보니따하우스,1,저위험군,37.55968955,126.9238645,193273.0467,451131.6478,21.74980745,-7.7945197029335205,28.308652556442325,1.212264025523306,52.0,1006.0
마포구,합정동,파라솔스테이,1,저위험군,37.54478171,126.9113434,192165.1868,449478.0255,33.20195598,5.2084878140209945,27.921442328321472,1.2903512110967046,52.0,1006.0
마포구,상수동,송버드 스테이,1,저위험군,37.54458626,126.9193821,192875.5666,449455.6934,34.68475694,6.036468140629523,29.345486825452518,1.283581132743726,52.0,1006.0
마포구,동교동,로브그리에 연남,1,저위험군,37.55674531,126.9245896,193336.8473,450804.8204,27.17492282,2.2639847471982613,23.953005522599213,1.2248112568890852,52.0,1006.0
마포구,동교동,가온,1,저위험군,37.55408436,126.9204607,192971.7775,450509.7873,27.75838751,2.1958551427669057,25.298021750430916,1.2342001400741902,52.0,1006.0
마포구,동교동,몬데이크래커 홍대,1,저위험군,37.55771848,126.9253749,193406.3218,450912.7754,26.03277513,0.5724053592206566,24.834956996254242,1.2211610299536273,52.0,1006.0
마포구,도화동,휘스테이 101,1,저위험군,37.53642473,126.9476436,195372.6144,448548.097,29.69490727,2.7448509015420157,26.324087215439953,1.3004997011803305,52.0,1006.0
마포구,상수동,홍대 라라스테이,1,저위험군,37.54324251,126.9230776,193202.023,449306.2798,32.4536408,4.120665202398275,29.5287042044257,1.2857031116220148,52.0,1006.0
마포구,당인동,럭키하우스,1,저위험군,37.5431696,126.9195277,192888.3018,449298.4503,23.40562037,-4.758274738899853,29.36476818757031,1.2912346874519525,52.0,1006.0
마포구,용강동,노렐스테이,1,저위험군,37.53848667,126.9387275,194584.7355,448777.4231,22.32941638,-2.3372956989667735,25.84099667277316,1.2845495611039945,52.0,1006.0
마포구,상수동,스테이문 상수,1,저위험군,37.5425231,126.9225727,193157.3396,449226.4707,33.37795912,5.000215248574463,29.578235417439323,1.2908244457624392,52.0,1006.0
마포구,상수동,스테이지,1,저위험군,37.54378003,126.920578,192981.1744,449366.1217,23.07964404,-5.217300217255993,29.49277619635319,1.2858142192968305,52.0,1006.0
마포구,당인동,스페이스랩 상수,1,저위험군,37.54367045,126.9193908,192876.2439,449354.0489,31.85303367,3.3752894107128384,29.345573118669137,1.28860480855356,52.0,1006.0
마포구,연남동,제이케이하우스,1,저위험군,37.55913364,126.9173238,192695.0852,451070.4366,31.80592949,5.599206635991823,27.00877773273937,1.2003241895208563,52.0,1006.0
마포구,중동,THE COTILDA MAPO,1,저위험군,37.57060824,126.9023112,191369.9621,452345.2557,28.95427543,5.1712448609597566,24.833340771811077,1.1446405266491757,52.0,1006.0
마포구,연남동,Contact house,1,저위험군,37.56079474,126.9169616,192663.2483,451254.8273,16.14477191,-11.56834582315794,28.544191471480815,1.1895993340513338,52.0,1006.0
마포구,연남동,호연 홈스테이,1,저위험군,37.56022198,126.9233146,193224.512,451190.7808,34.5141282,5.179729952757789,29.546565278018587,1.2101862630503042,52.0,1006.0
마포구,동교동,로하 하우스,1,저위험군,37.55642533,126.9218482,193094.597,450769.5043,26.73406361,0.2719438121346158,25.11183806573247,1.2234782653922287,52.0,1006.0
마포구,상암동,스테이 서울하루,1,저위험군,37.57183846,126.8963921,190847.2101,452482.3559,19.65592597,-3.323128489123043,24.049900093135435,1.1514231204801035,52.0,1006.0
마포구,성산동,은하수와 토끼,1,저위험군,37.56217726,126.9144994,192445.8424,451408.4658,40.75718823,11.98535066441557,29.56664883083109,1.170719089277074,52.0,1006.0
마포구,상수동,메리썸머 하우스,1,저위험군,37.54425668,126.9204283,192967.994,449419.0353,31.37042984,3.0933764281593135,29.470864136157104,1.283640914988418,52.0,1006.0
마포구,합정동,오션하우스2,1,저위험군,37.54788434,126.9061914,191710.2319,449822.8218,32.00011519,2.7260676430208157,30.265165400589865,1.2764013387114725,52.0,1006.0
마포구,망원동,망원 스테이올,1,저위험군,37.54982953,126.903783,191497.6258,450038.9296,37.49652476,7.497413731151891,31.11759209052371,1.267490671445295,52.0,1006.0
마포구,성산동,모던 아파트먼트,1,저위험군,37.56015323,126.9164002,192613.584,451183.6713,25.67665799,-1.6460644250128205,28.030914327392345,1.1907502165129442,52.0,1006.0
마포구,연남동,HOI HOUSE,1,저위험군,37.55773893,126.9244218,193322.112,450915.1124,34.44263719,7.680869432037145,25.040796559087166,1.222074269475989,52.0,1006.0
마포구,연남동,갤러리 하우스,1,저위험군,37.561575,126.9241351,193297.1254,451340.8912,38.41041619,7.846431657335561,30.058510694887207,1.2063450898423114,52.0,1006.0
마포구,연남동,소솜 하우스,1,저위험군,37.55854827,126.9236683,193255.6068,451004.9933,30.69928945,2.804787423989932,26.21741778067152,1.2159232045762907,52.0,1006.0
마포구,합정동,파라다이스,1,저위험군,37.54236177,126.9124396,192261.809,449209.3507,32.16674939,5.280405214179041,27.99627273310137,1.3047301019265531,52.0,1006.0
마포구,동교동,아린 하우스,1,저위험군,37.5563295,126.920883,193009.3041,450758.9396,24.66560766,-0.7001713347601743,25.52692825235491,1.2255632574874558,52.0,1006.0
마포구,신공덕동,르샤르망,1,저위험군,37.54248206,126.9542689,195958.4956,449220.0812,25.8902319,0.8010857101553377,26.020039789729378,1.2776794951049697,52.0,1006.0
마포구,서교동,블루밍 서교,1,저위험군,37.55204027,126.916758,192644.3981,450283.201,26.36651615,2.47642951999266,24.302232642222695,1.2402763902007161,52.0,1006.0
마포구,동교동,체크인서울,1,저위험군,37.55479986,126.921012,193020.5571,450589.1582,25.78511047,1.4054545624314763,25.155900012155765,1.2305124639041483,52.0,1006.0
마포구,동교동,스텔라 마리스,1,저위험군,37.55530782,126.9210888,193027.3896,450645.53,17.00506661,-7.6344347216451105,25.212044600764443,1.2287019097727168,52.0,1006.0
마포구,연남동,K1 HOUSE,1,저위험군,37.56026546,126.9267857,193531.1992,451195.362,24.47405997,-2.3810185659885725,27.940655160792534,1.2107923859786676,52.0,1006.0
마포구,망원동,망원스테이 아띠,1,저위험군,37.55084052,126.9033358,191458.2245,450151.178,33.336145,3.987731055884673,30.471738823221642,1.2618336654875617,52.0,1006.0
마포구,망원동,스테이 망원,1,저위험군,37.55328001,126.9082826,191895.6124,450421.4943,32.55706816,5.267211061614859,26.39132180856019,1.239453399696629,52.0,1006.0
마포구,노고산동,코지M,1,저위험군,37.55097672,126.9385416,194569.21,450163.6782,19.30095878,-5.365743944077661,25.81292913761629,1.232476046905273,52.0,1006.0
마포구,상수동,남키빌라,1,저위험군,37.54432824,126.9207093,192992.83,449426.9566,33.05164383,4.489438363231635,29.486245764585703,1.2826797576083773,52.0,1006.0
마포구,서교동,몽이하우스,1,저위험군,37.55046159,126.9128607,192299.8571,450108.2985,23.43153435,-0.38433048610779963,24.719984803152954,1.249983844858567,52.0,1006.0
마포구,연남동,더블라썸1,1,저위험군,37.56023771,126.9236108,193250.677,451192.5053,26.66714541,-3.213144203306289,29.29135556193315,1.2094841586507301,52.0,1006.0
마포구,연남동,올리브 스테이,1,저위험군,37.5568182,126.9198003,192913.6832,450813.2606,33.62416062,7.947045278453579,26.09426087679936,1.22258443514417,52.0,1006.0
마포구,망원동,데이오프 스테이 망원,1,저위험군,37.55291482,126.9004174,191200.579,450381.6697,18.01262965,-10.223027035139218,29.390303373198716,1.2523949995634864,52.0,1006.0
마포구,상수동,서강채,1,저위험군,37.54261941,126.9224613,193147.5043,449237.168,23.29237362,-5.071735334674141,29.56433901543259,1.2905432846323046,52.0,1006.0
마포구,염리동,스테이모모,1,저위험군,37.54484319,126.9449149,195131.9924,449482.5812,22.98822895,-3.126449657793234,25.111641880008822,1.259864167696391,52.0,1006.0
마포구,합정동,루프탑 풀 스테이,1,저위험군,37.54336191,126.9147365,192464.9011,449320.1675,20.08986872,-7.145924278194229,28.24185598200758,1.2956482770331004,52.0,1006.0
마포구,상암동,해온스스테이,1,저위험군,37.57526313,126.8957036,190786.8095,452862.5221,13.09871135,-10.319535524070544,23.971967817492875,1.1369230935220562,52.0,1006.0
마포구,공덕동,리스테이,1,저위험군,37.54461901,126.9580433,196292.1679,449457.1012,26.35310972,-0.811149789927228,25.564322365109813,1.282039675639638,52.0,1006.0
마포구,상수동,리본 스테이,1,저위험군,37.54260058,126.9226708,193166.0172,449235.0629,31.56148946,3.167719914650551,29.593651409954823,1.2901688879047286,52.0,1006.0
마포구,도화동,헤이븐 스테이,1,저위험군,37.53873689,126.952679,195817.7829,448804.4825,30.16387404,4.8989319161850595,26.466374474308243,1.2918360425744908,52.0,1006.0
마포구,서교동,매종드웨이브,1,저위험군,37.5535603,126.9273069,193576.6775,450451.1331,27.67130199,3.697729974413651,23.738530067165133,1.2298108716499998,52.0,1006.0
마포구,당인동,레인보우플래닛,1,저위험군,37.54356393,126.919016,192843.1112,449342.255,31.87199014,3.769319133679236,29.302205860246517,1.289795765853443,52.0,1006.0
마포구,망원동,오브스테이,1,저위험군,37.55474097,126.9008877,191242.3516,450584.3067,24.74626083,-5.659150741437411,28.30098072824312,1.241358019585007,52.0,1006.0
마포구,상암동,조선캄,1,저위험군,37.57561109,126.8952131,190743.5199,452901.1899,13.80792913,-9.936765825375259,23.948084720352163,1.1360839901833188,52.0,1006.0
마포구,성산동,한스테이1,1,저위험군,37.5567045,126.9146257,192456.454,450801.044,30.31998886,5.124620249740062,25.24327259173819,1.2076805259390881,52.0,1006.0
마포구,합정동,하루자기 게스트하우스,1,저위험군,37.54716717,126.9093433,191988.6817,449742.9513,29.77438546,2.2910151973817925,28.475036619459463,1.277107723179519,52.0,1006.0
마포구,상암동,더 씬 서울 상암(DMC),1,저위험군,37.57380901,126.896324,190841.4328,452701.0709,22.6170918,-0.36581728504966193,24.022408371411732,1.143539712351138,52.0,1006.0
마포구,상수동,예원,1,저위험군,37.54320378,126.9216751,193078.0804,449302.0836,32.53409905,4.200534383232387,29.53182643234992,1.2884268819485214,52.0,1006.0
마포구,동교동,MAMA HOUSE,1,저위험군,37.55611798,126.9208943,193010.2775,450735.4626,15.60978049,-9.729817069551606,25.466021774211605,1.2257658225211159,52.0,1006.0
마포구,동교동,MJ 하우스,1,저위험군,37.55620485,126.920996,193019.2761,450745.0966,24.48442461,-0.84183170930865,25.446952794391876,1.2255810053562248,52.0,1006.0
마포구,합정동,세컨드 홈,1,저위험군,37.54466303,126.9112247,192154.6845,449464.8633,22.63452213,-4.567371226357231,27.949434451335428,1.2912858903618942,52.0,1006.0
마포구,상수동,페퍼 하우스,1,저위험군,37.54291957,126.9219816,193105.1366,449270.5172,21.64808775,-6.688210283079506,29.535433965654253,1.2893668270295748,52.0,1006.0
마포구,동교동,Little Forest,1,저위험군,37.55701656,126.9243382,193314.6573,450834.9438,19.62841739,-5.101984413618915,24.142884574652903,1.224481140778597,52.0,1006.0
마포구,노고산동,파크 스테이,1,저위험군,37.55143937,126.9380468,194525.5181,450215.0555,29.7173345,4.553056856218287,25.8082331432633,1.2280574883119313,52.0,1006.0
마포구,연남동,THE ONSIL,1,저위험군,37.56198661,126.922076,193115.2351,451386.7239,40.51330325,9.99839015657787,30.900388919631656,1.209029667605344,52.0,1006.0
마포구,망원동,엔에이치엠 컴퍼니,1,저위험군,37.55329905,126.8985675,191037.1667,450424.4894,31.33371744,3.2886009070263,29.209362545179857,1.2518515589945551,52.0,1006.0
마포구,서교동,홈어웨이프럼홈 망원,1,저위험군,37.55540253,126.9111683,192150.8204,450656.8238,29.91701091,6.622035262357521,23.743602178019977,1.221226769330238,52.0,1006.0
마포구,망원동,호시간,1,저위험군,37.55089001,126.9026141,191394.4507,450156.7366,34.40468712,5.002566751645077,30.555755676124353,1.2622675822133007,52.0,1006.0
마포구,당인동,스테이 상수,1,저위험군,37.5431798,126.9194051,192877.4636,449299.5916,23.3891009,-4.765214084917211,29.355361025012026,1.2914206636343626,52.0,1006.0
마포구,연남동,옐로우 하우스,1,저위험군,37.55912011,126.9172113,192685.143,451068.9437,31.52490609,5.313145132487467,27.02790857931914,1.1997418943031697,52.0,1006.0
마포구,대흥동,관숙,1,저위험군,37.54607987,126.9423903,194908.9694,449619.9714,24.31636209,-2.1875212737621723,25.411816824541027,1.2560430093221515,52.0,1006.0
마포구,상암동,Janet's House,1,저위험군,37.57272948,126.8968475,190887.5446,452581.2046,19.04072551,-3.9496485874356324,24.056827713532737,1.146700618176686,52.0,1006.0
마포구,동교동,DW Design Residence 3,1,저위험군,37.55563064,126.919847,192917.6918,450681.452,31.62301679,5.795705321896801,25.74485418109126,1.2273655010906677,52.0,1006.0
마포구,동교동,바로아토 2호점,1,저위험군,37.55592673,126.9208634,193007.5355,450714.2384,25.89072135,0.522303194002717,25.424187041513267,1.2259968682045808,52.0,1006.0
마포구,동교동,감자 게스트하우스,1,저위험군,37.55391652,126.9285444,193686.0497,450490.5854,24.26572661,0.45483331601022314,23.78559397415324,1.2257890293095017,52.0,1006.0
마포구,동교동,JJ게스트하우스,1,저위험군,37.55779436,126.9251377,193385.3755,450921.2138,26.30138273,0.9682037308578018,24.98613432596123,1.2213072048010376,52.0,1006.0
마포구,마포동,한강 게스트하우스,1,저위험군,37.53330588,126.9446088,195104.1802,448202.0966,22.26356548,-2.818854580034685,26.30838393136497,1.3182134767957052,52.0,1006.0
마포구,창전동,아트하우스,1,저위험군,37.5482083,126.931095,193910.9602,449856.8731,21.02002662,-5.794199643064417,24.746272597600488,1.2352053066695299,52.0,1006.0
마포구,서교동,나모하우스,1,저위험군,37.55306493,126.9242411,193305.7313,450396.3668,26.46924073,2.307665380018456,24.113110623179324,1.2376623105151914,52.0,1006.0
마포구,서교동,마이게스트하우스,1,저위험군,37.55402287,126.9107795,192116.3215,450503.7305,14.71915083,-9.002335403744116,24.04417450792475,1.2316790682733492,52.0,1006.0
마포구,합정동,KS guest house,1,저위험군,37.54525628,126.9156598,192546.6821,449530.3461,30.78174199,1.3704973608898285,28.032946939244752,1.2834166973592045,52.0,1006.0
마포구,당인동,홍대 하우스,1,저위험군,37.54434588,126.9193062,192868.8336,449429.0199,24.4400658,-4.298555781802705,29.334645340274623,1.2849687624274104,52.0,1006.0
마포구,서교동,Mark's Guest House,1,저위험군,37.55311872,126.9181888,192770.9389,450402.7851,27.92955903,2.143472572590845,25.27113053120879,1.2347586366991947,52.0,1006.0
마포구,서교동,Mei House,1,저위험군,37.55358297,126.9173253,192694.6812,450454.378,20.79823095,-4.652924961816769,25.242892592168765,1.2322581458801363,52.0,1006.0
마포구,연남동,MINT HOUSE(박하집),1,저위험군,37.56315011,126.9197024,192905.6289,451516.0353,31.24763505,1.9740669858066724,30.379516704335366,1.193999184973251,52.0,1006.0
마포구,성산동,애플트리(Apple tree),1,저위험군,37.55542606,126.9104449,192086.9032,450659.496,31.02884821,7.726859637742116,23.786240743628387,1.2214682955896496,52.0,1006.0
마포구,서교동,해피 네스트,1,저위험군,37.55188301,126.9170249,192667.968,450265.7262,25.30837248,1.6777527164138242,24.390939121302825,1.2415366527471245,52.0,1006.0
마포구,동교동,딸기핑크게스트하우스,1,저위험군,37.55729396,126.9241101,193294.5356,450865.7482,20.8502196,-3.738504555829273,24.480584699900042,1.2226101039578168,52.0,1006.0
마포구,망원동,우먼하우스,1,저위험군,37.55297041,126.8999137,191156.0762,450387.8868,23.43524754,-4.764398931048536,29.36454191843851,1.2525498619638609,52.0,1006.0
마포구,연남동,로운하우스,1,저위험군,37.56011826,126.9235666,193246.7618,451179.251,26.73944292,-3.051989519281495,29.173365816594867,1.2098530686210731,52.0,1006.0
마포구,합정동,ATTY Stay 2,1,저위험군,37.54248908,126.9128059,192294.1887,449223.4505,31.39327036,4.61229538762074,27.993287654128643,1.3035350816972389,52.0,1006.0
마포구,상암동,제이시 스테이,1,저위험군,37.57593507,126.8945803,190687.6628,452937.2105,21.17144585,-2.020196395045577,23.919697799405768,1.135679269495188,52.0,1006.0
마포구,연남동,blossom Yeonnam 11,1,저위험군,37.5583029,126.918541,192802.5589,450978.1404,20.3436952,-6.223453464245445,26.646388294077916,1.2119665204286554,52.0,1006.0
마포구,도화동,피올라 스테이 마포,1,저위험군,37.53591455,126.9496329,195548.4042,448491.3772,21.32986595,-3.963631055979185,26.48062995894765,1.305812467819698,52.0,1006.0
마포구,도화동,스테이도화 301,1,저위험군,37.53687049,126.9481754,195419.6417,448597.5448,33.85886692,8.687875468730613,26.323350121740646,1.2968498525424874,52.0,1006.0
마포구,도화동,까사데컴,1,저위험군,37.53820576,126.9526977,195819.405,448745.5328,25.67320055,0.31448056784498846,26.53570348686672,1.2946483635447483,52.0,1006.0
마포구,연남동,트윈 캣츠 게스트하우스,1,저위험군,37.55672701,126.9198866,192921.2946,450803.1331,35.09799174,9.089327483744547,26.026968912933185,1.2228385021920454,52.0,1006.0
마포구,도화동,제로워터스테이 마포역점,1,저위험군,37.53550027,126.9481019,195413.0617,448445.4708,14.17026329,-12.122167654491689,26.40556591517946,1.3068107428581777,52.0,1006.0
마포구,신수동,SG Stay,1,저위험군,37.54743382,126.9357116,194318.8708,449770.6262,24.10569603,-0.2827323864051543,25.324531544667625,1.2475147847359511,52.0,1006.0
마포구,신수동,페타,1,저위험군,37.54346829,126.9382828,194545.7914,449330.348,30.73302697,5.85630959005243,25.21440746241002,1.2626365115260616,52.0,1006.0
마포구,망원동,홍홍스테이,1,저위험군,37.55162805,126.9033178,191456.7194,450238.586,18.65359512,-11.477523787454789,30.355508781986728,1.2570655585194737,52.0,1006.0
마포구,상암동,더 다올,1,저위험군,37.57267982,126.8959707,190810.0832,452575.7783,19.82626129,-3.107617917902189,24.001767244771756,1.1482429742263813,52.0,1006.0
마포구,연남동,더 코너하우스,1,저위험군,37.56124789,126.9225271,193155.0206,451304.7018,30.74478185,0.7083019516562707,30.83769469508258,1.2099098154926042,52.0,1006.0
마포구,서교동,마포 파노라마스테이,1,저위험군,37.55349893,126.9119346,192218.3381,450445.4832,22.80751373,-0.7336545879039598,23.801439728715547,1.2325476970897642,52.0,1006.0
마포구,서교동,서울스테이 홍대,1,저위험군,37.55333034,126.9271033,193558.6636,450425.6242,28.61285696,5.403037017682536,23.790357590508208,1.2309658880384495,52.0,1006.0
마포구,도화동,네버랜드 테라스,1,저위험군,37.53564868,126.9478092,195387.2018,448461.9568,25.13975896,-1.5460903554878378,26.380218376233813,1.3060633819874035,52.0,1006.0
마포구,동교동,Fave stay,1,저위험군,37.55334205,126.9233017,193222.7483,450427.1911,22.55478055,-0.7993306804672748,24.251192784821455,1.2361033087359143,52.0,1006.0
마포구,동교동,조이스테이,1,저위험군,37.55647455,126.9217505,193085.9636,450774.9743,26.63325655,0.23368873624797715,25.16440610569144,1.2235635889163996,52.0,1006.0
마포구,서교동,홍대 율 게스트하우스,1,저위험군,37.55118382,126.9165485,192625.8041,450188.1617,28.60530642,5.452807299210974,24.023355492389797,1.2453228413346387,52.0,1006.0
마포구,연남동,Parkside house,1,저위험군,37.56270749,126.9203046,192958.7921,451466.8644,20.281272,-9.312909545492445,30.37471799295588,1.2002220452527699,52.0,1006.0
마포구,연남동,아로마 하우스,1,저위험군,37.55983706,126.9240527,193289.6848,451148.0063,36.82530411,7.131420468813467,28.425035542512635,1.211507362558147,52.0,1006.0
마포구,동교동,다올2,1,저위험군,37.55659421,126.9236591,193254.616,450788.1165,22.35748213,-1.1808129300300791,24.21678136917938,1.2233148604698714,52.0,1006.0
마포구,서교동,H.Studio,1,저위험군,37.54917142,126.9210564,193023.9531,449964.4654,30.33916158,0.5365072559956978,26.81852102151516,1.2542708161443668,52.0,1006.0
마포구,도화동,IN_Ja house2,1,저위험군,37.53670464,126.9488208,195476.6734,448579.1063,30.00940477,4.8302187548390165,26.374347210358795,1.299767367267277,52.0,1006.0
마포구,연남동,Luna Guest House,1,저위험군,37.55738006,126.9195353,192890.3234,450875.6404,24.77245443,-1.5506002912059031,26.424699765360796,1.220375131320661,52.0,1006.0
마포구,망원동,STAY 1977,1,저위험군,37.55054982,126.9027528,191406.6679,450118.9669,35.16529385,5.673517042855611,30.657277221525206,1.2641675640301977,52.0,1006.0
마포구,합정동,하우스 386,1,저위험군,37.54827327,126.9101068,192056.2713,449865.6503,35.42696024,6.3886382556214585,27.95643954382686,1.2686948239121036,52.0,1006.0
마포구,연남동,레드스톤 스테이,1,저위험군,37.55702093,126.9191346,192854.8832,450835.8116,10.77507251,-15.660256094820271,26.307724150015108,1.2215005684604048,52.0,1006.0
마포구,망원동,망원도우너,1,저위험군,37.55202823,126.905483,191648.0937,450282.8067,34.27999251,3.7545847403335486,29.6249203870361,1.2521167365842356,52.0,1006.0
마포구,도화동,피스오브도화,1,저위험군,37.53641988,126.9475298,195362.5553,448547.5643,29.67890891,2.664411021001712,26.3181389337413,1.3000069455763825,52.0,1006.0
마포구,용강동,스페이스 용강,1,저위험군,37.53926469,126.9384258,194558.126,448863.7913,30.30104535,5.755963344471855,25.735039638721975,1.2794978918831728,52.0,1006.0
마포구,성산동,미스 미,1,저위험군,37.56272168,126.9043229,191546.7932,451469.7567,19.35611598,-5.459891177162035,25.638125610086817,1.185368668360291,52.0,1006.0
마포구,신공덕동,더모먼트 공덕,1,저위험군,37.54088689,126.9565741,196162.1357,449042.9402,35.8131496,10.360503436019837,26.58866385726426,1.2878459948329166,52.0,1006.0
마포구,신수동,모터사이클 다이어리,1,저위험군,37.54323324,126.9346695,194226.4491,449304.4761,16.13244187,-8.190792177950865,25.444591424150502,1.2620676450960964,52.0,1006.0
마포구,상수동,Stay Ju,1,저위험군,37.54304281,126.9225357,193154.1137,449284.1549,31.93559144,3.5602505553084463,29.573253314966244,1.2880512603489063,52.0,1006.0
마포구,성산동,성산동스테이,1,저위험군,37.55892185,126.907579,191834.057,451047.7324,23.37664026,-2.5588509781358155,24.453231630619882,1.2026931787305242,52.0,1006.0
마포구,성산동,제청당,1,저위험군,37.55643619,126.914584,192452.7424,450771.2681,15.72991855,-9.196060286520016,25.08424432194692,1.2097526106689502,52.0,1006.0
마포구,동교동,와이하우스,1,저위험군,37.55583645,126.9207068,192993.6891,450704.2301,13.98343899,-11.174965906254812,25.450698156170482,1.2262504157652951,52.0,1006.0
마포구,동교동,그로브 하우스,1,저위험군,37.5557562,126.9220229,193109.9673,450695.226,24.20891425,-0.0791199333769157,24.923047631677957,1.225083797098215,52.0,1006.0
마포구,서교동,라미하우스,1,저위험군,37.55352464,126.918689,192815.1725,450447.799,23.31181116,-2.6597980569577473,25.45074664243308,1.2330004055981658,52.0,1006.0
마포구,연남동,레스트 연남,1,저위험군,37.5604589,126.9240837,193292.4805,451217.0209,36.55302861,4.365992421464647,29.197104604828766,1.2100751382512178,52.0,1006.0
마포구,망원동,주나하우스,1,저위험군,37.55076046,126.9016656,191310.6272,450142.4453,28.17190924,-1.2182979992930356,30.5656731739139,1.2639157423539078,52.0,1006.0
마포구,상암동,GlobeNest,1,저위험군,37.57392704,126.8959873,190811.702,452714.2037,19.99973455,-2.9633488379819326,24.002625548055406,1.143586877166209,52.0,1006.0
마포구,성산동,마포테라스하우스,1,저위험군,37.56061517,126.9059164,191687.3428,451235.8167,19.51948536,-5.790894292186085,24.914010274829845,1.1953933753922412,52.0,1006.0
마포구,서교동,Park's cozy place,1,저위험군,37.5502364,126.9132802,192336.9053,450083.2708,27.53181221,3.831962344217814,24.51107975061432,1.251523137368402,52.0,1006.0
마포구,서교동,와이제이그린하우스,1,저위험군,37.55298533,126.9243484,193315.2002,450387.5245,18.38412321,-5.677531419143094,24.105864254168424,1.2380031044162463,52.0,1006.0
마포구,서교동,Calm&Jay,1,저위험군,37.54976964,126.9148403,192474.7123,450031.34,17.38025287,-6.2456206892178585,23.906289712878575,1.2537463028144016,52.0,1006.0
마포구,당인동,스테이 여백,1,저위험군,37.54347928,126.9199572,192926.2835,449332.7886,31.4925515,3.2620514038504,29.429101605945387,1.288792190756836,52.0,1006.0
마포구,용강동,희담스테이,1,저위험군,37.53906797,126.9386199,194575.2679,448841.9465,31.07664821,6.5107948076730615,25.757687624276613,1.2815156875508997,52.0,1006.0
마포구,용강동,마포 BNB 트립,1,저위험군,37.53956824,126.9365011,194388.0446,448897.5947,19.90197113,-4.640653797460526,25.733568019443855,1.2805575030899319,52.0,1006.0
마포구,상암동,PNP House,1,저위험군,37.57282212,126.8968022,190883.5594,452591.491,18.95366429,-4.033995896638196,24.053770250936395,1.146331215275115,52.0,1006.0
마포구,서교동,Bari stay,1,저위험군,37.55510514,126.9105786,192098.6848,450623.8665,14.42592235,-9.92885976910857,23.79452956307486,1.2240455091348534,52.0,1006.0
마포구,성산동,Dear You Stay,1,저위험군,37.56196252,126.9144194,192438.7508,451384.6386,37.14318296,8.568280163840566,29.422398854343818,1.171513296681794,52.0,1006.0
마포구,서교동,오크하우스,1,저위험군,37.54876241,126.9166302,192632.7817,449919.4078,26.43914154,0.25918831516044705,24.30781379906263,1.260531188168458,52.0,1006.0
마포구,동교동,파크뷰 스테이,1,저위험군,37.55374108,126.9285871,193689.8141,450471.1108,20.76993914,-2.8358760112970387,23.80669457342084,1.2261204238589103,52.0,1006.0
마포구,도화동,페이보 마포,1,저위험군,37.5366893,126.9472992,195342.1857,448577.478,27.56704402,0.8235930867689589,26.28842219117934,1.2980886948507435,52.0,1006.0
마포구,합정동,스테이 로뎀 (안),1,저위험군,37.54405815,126.9125784,192274.2452,449397.6169,30.73277218,-0.13201395909606006,27.781084460909355,1.2935139228159191,52.0,1006.0
마포구,합정동,하우스 제이제이,1,저위험군,37.54973871,126.9077308,191846.4699,450028.5,38.26245015,4.577098300838756,29.479274458207097,1.263262850747692,52.0,1006.0
마포구,상수동,Anne stay,1,저위험군,37.54358569,126.9216146,193072.77,449344.4754,21.19208022,-7.636494687805083,29.52733291376901,1.286453144236785,52.0,1006.0
마포구,상암동,영 스테이,1,저위험군,37.57642101,126.893897,190627.3594,452991.2122,21.29378715,-2.6056834837227285,23.89482058455137,1.134717580505501,52.0,1006.0
마포구,상수동,Hongdae Han River,1,저위험군,37.54234465,126.9248655,193359.9507,449206.5005,25.98415937,-2.2750411945746514,29.455977361794474,1.2868301747748276,52.0,1006.0
마포구,합정동,CHOI & HAUS,1,저위험군,37.54636516,126.9083444,191900.3259,449654.0235,33.44824194,5.600236794863985,28.844724836645412,1.2836156103211678,52.0,1006.0
마포구,망원동,럭스리움,1,저위험군,37.55544104,126.8998035,191146.6362,450662.1077,24.78581413,-4.216854349421691,28.033003295262837,1.2384634962236427,52.0,1006.0
마포구,합정동,K-Wave 홍대 부띠크,1,저위험군,37.54488594,126.9171641,192679.5884,449489.1247,23.16533373,-5.215561792540015,28.779300414898493,1.2838614325803974,52.0,1006.0
마포구,성산동,홍대 스카이 하우스,1,저위험군,37.55768597,126.9136374,192369.2258,450910.0553,20.85447132,-5.1726271311500795,25.844288241764513,1.2020639821583372,52.0,1006.0
마포구,합정동,에이치 스테이,1,저위험군,37.54351819,126.9154426,192527.3107,449337.4564,31.4440909,4.19504179979004,28.45243622869052,1.2939379109469673,52.0,1006.0
마포구,합정동,K&Min's Riverside stay in Hongdae,1,저위험군,37.54407094,126.9172655,192688.4672,449398.6616,21.5822368,-6.2736295498452215,28.952402073148914,1.2889867159897648,52.0,1006.0
마포구,연남동,YN Stay,1,저위험군,37.55952624,126.9173807,192700.1553,451114.0062,18.60089267,-8.157483191937121,27.368017034839493,1.1984649492381658,52.0,1006.0
마포구,중동,다올 하우스,1,저위험군,37.5654964,126.9104681,192090.0249,451777.1831,38.33927137,9.407446987731486,29.375266873046417,1.1565771043759823,52.0,1006.0
마포구,서교동,아르떼 스테이,1,저위험군,37.55460718,126.9109587,192132.2182,450568.567,12.5523166,-11.859520178567651,23.789624171882068,1.2272448206007156,52.0,1006.0
마포구,노고산동,Stay Wood,1,저위험군,37.55137091,126.9390334,194612.7,450207.4003,17.19501881,-7.571390974315538,25.913158326673646,1.2330374641399522,52.0,1006.0
마포구,공덕동,유성스테이,1,저위험군,37.54688979,126.9625785,196693.0539,449708.9612,24.48086608,0.05517545909841459,24.212355234797084,1.2907307547438416,52.0,1006.0
마포구,동교동,윤이네,1,저위험군,37.55746684,126.9242267,193304.8465,450884.9275,19.9508693,-4.777518558427843,24.66607792547441,1.2224912676073003,52.0,1006.0
마포구,공덕동,스테이 디아츠,1,저위험군,37.54544059,126.9588364,196362.2981,449548.2557,23.77191044,-2.226858566168648,25.210764193535212,1.2814843485294762,52.0,1006.0
마포구,합정동,Zen's House,1,저위험군,37.54769777,126.9089212,191951.4414,449801.8776,30.14614272,2.3844480406780235,28.75110745345014,1.2742054689406246,52.0,1006.0
마포구,연남동,연남민박 1971,1,저위험군,37.56105059,126.9230431,193200.5974,451282.7663,42.60627067,12.828117382898846,30.50507555249401,1.2092229027719783,52.0,1006.0
마포구,신수동,제이비 스테이,1,저위험군,37.54722267,126.9356561,194313.945,449747.1944,26.08411334,1.0594988954295772,25.31749925061805,1.2481051396799427,52.0,1006.0
마포구,당인동,비비르 스테이 홍대,1,저위험군,37.54363907,126.9191746,192857.1398,449350.5825,31.186834,3.0733341098308955,29.312522845113726,1.2892453482176043,52.0,1006.0
마포구,연남동,세미콜론 하우스,1,저위험군,37.56311652,126.9205908,192984.1167,451512.2405,42.39064608,12.665115248191295,30.549331814472573,1.2002591631869786,52.0,1006.0
마포구,연남동,홍대 HK 스테이,1,저위험군,37.55750071,126.91914,192855.4017,450889.0611,38.38176335,12.007705624746382,26.554789055191847,1.2189840689718892,52.0,1006.0
마포구,동교동,서교스테이,1,저위험군,37.55681929,126.923472,193238.1036,450813.1111,26.7971344,2.865466226423912,24.39787467929535,1.22144522194621,52.0,1006.0
마포구,창전동,마포 아라 스테이,1,저위험군,37.54458151,126.9300076,193814.5685,449454.4142,30.08817185,2.690819093609303,26.384534463850112,1.2566439776305152,52.0,1006.0
마포구,서교동,서교 짱구하우스,1,저위험군,37.55005794,126.9130636,192317.7416,450063.4816,5.720826547,-18.248987218048974,24.753392077053974,1.2523352861627217,52.0,1006.0
마포구,성산동,코지인서울,1,저위험군,37.56197617,126.9145398,192449.3951,451386.1439,37.03676217,8.393245539360851,29.45648291198277,1.172172641192703,52.0,1006.0
마포구,연남동,영미하우스,1,저위험군,37.55770396,126.9245633,193334.6106,450911.2211,18.86658404,-7.631532629322937,24.940215351764476,1.2218485940358021,52.0,1006.0
마포구,상암동,Roommate in DMC,1,저위험군,37.57397809,126.893773,190616.1064,452720.0885,31.2058324,8.3575660697437,23.90293550349906,1.1470388998010428,52.0,1006.0
마포구,노고산동,신촌 힐링 스테이,1,저위험군,37.55162244,126.9401348,194710.0419,450235.2546,29.5788145,4.712869002690436,26.017483067934545,1.2381868504716225,52.0,1006.0
마포구,서교동,365 Stay,1,저위험군,37.55067906,126.9152516,192511.1556,450132.2419,14.04344111,-9.467746315775344,23.76316841350646,1.2481670246539078,52.0,1006.0
마포구,노고산동,코지하우스,1,저위험군,37.55127482,126.9398439,194684.3129,450196.6893,32.99693563,8.200619832368115,25.94812305501415,1.2384768302387872,52.0,1006.0
마포구,망원동,어반 오아시스,1,저위험군,37.55114662,126.9034784,191470.8586,450185.1385,35.44690511,5.701528280746501,30.50289250951151,1.2598219572326361,52.0,1006.0
마포구,서교동,바이 리틀 클라우드,1,저위험군,37.55111615,126.915764,192556.4723,450180.713,21.12490948,-2.2277032231776346,23.766512844400673,1.2455551135878506,52.0,1006.0
마포구,상수동,Ella House,1,저위험군,37.54363872,126.9214664,193059.6734,449350.3721,21.12409776,-7.7029562233318,29.525733129311206,1.2863079585298924,52.0,1006.0
마포구,상수동,상수하우스,1,저위험군,37.5435241,126.9232158,193214.268,449337.5229,32.32957744,4.012068865738367,29.51159660613248,1.2839390889917555,52.0,1006.0
마포구,망원동,스테이 마포,1,저위험군,37.55080616,126.9031387,191440.8055,450147.3823,33.17195657,3.814145822112067,30.491408495798822,1.2622456103138857,52.0,1006.0
마포구,상암동,J-Park Story DMC,1,저위험군,37.57356624,126.8956935,190785.71,452674.1878,26.90119131,3.9744702347109246,23.979960507334912,1.1454839394294594,52.0,1006.0
마포구,연남동,연남숲길스테이,1,저위험군,37.56160664,126.9192207,192862.923,451344.7647,24.61012158,-4.145810617586083,29.480197068597114,1.1991465370644607,52.0,1006.0
마포구,망원동,밍글스,1,저위험군,37.55243772,126.9003296,191192.7655,450328.7255,36.08140022,7.55336994074548,29.69546254958811,1.2552775721931164,52.0,1006.0
마포구,망원동,굿스테이,1,저위험군,37.55706457,126.9037609,191496.4915,450841.9349,21.79772496,-4.562854513582739,26.106521398805747,1.2229135193131815,52.0,1006.0
마포구,노고산동,ISM,1,저위험군,37.55124052,126.938071,194527.6481,450192.9842,31.17556579,5.785458263448106,25.78984564483799,1.2293841879366387,52.0,1006.0
마포구,도화동,레스팅 스테이,1,저위험군,37.535708,126.9495876,195544.3846,448468.4548,19.74164375,-5.55975936116991,26.49003982020394,1.3074665567017059,52.0,1006.0
마포구,서교동,윤스테이,1,저위험군,37.55028336,126.9135435,192360.1716,450088.4614,27.54153734,4.081828833813727,24.322862919125836,1.2512407004511952,52.0,1006.0
마포구,성산동,메종 서울,1,저위험군,37.55765594,126.906788,191764.0255,450907.3004,16.62925958,-7.570631912008938,24.320750946712586,1.2131015101417564,52.0,1006.0
마포구,도화동,온화당,1,저위험군,37.53559198,126.947431,195353.7699,448455.6824,30.64633672,3.998814633746047,26.3619320679357,1.3065913143798515,52.0,1006.0
마포구,합정동,세레노아 합정,1,저위험군,37.5430541,126.9124777,192265.2494,449286.1878,22.08403434,-4.578573736319068,27.87183223395057,1.3002141566595549,52.0,1006.0
마포구,당인동,히든 홍대,1,저위험군,37.5437997,126.919366,192874.0645,449368.396,32.27343123,3.5279758081788124,29.34277694764778,1.2877666215529118,52.0,1006.0
마포구,염리동,스테이 이화 202,1,저위험군,37.5529098,126.9461834,195244.6011,450377.813,38.59147188,11.56015131979245,26.29851922749251,1.2388575720243138,52.0,1006.0
마포구,노고산동,스테이 업 데즐링,1,저위험군,37.55075789,126.9376585,194491.1541,450139.4421,26.60237932,0.6754311182011996,25.690492164967957,1.2307040055392124,52.0,1006.0
마포구,합정동,고즈넉,1,저위험군,37.54357228,126.9163496,192607.4731,449343.388,22.18981829,-5.458624279700967,28.748124480449817,1.2926850850776432,52.0,1006.0
마포구,망원동,코지스테이 망원점,1,저위험군,37.55122548,126.9019431,191335.1989,450194.0314,33.35849099,4.1198849557696775,30.401107713950708,1.260914967082073,52.0,1006.0
마포구,도화동,에이치스테이,1,저위험군,37.53542613,126.9497177,195555.8657,448437.1646,26.30749309,0.9829145149856338,26.514646071907553,1.3090403826330133,52.0,1006.0
마포구,당인동,민트컨디션,1,저위험군,37.54346019,126.9193624,192873.7158,449330.7148,31.33260655,3.192788004600885,29.339534552732253,1.289990550437694,52.0,1006.0
마포구,합정동,더마포,1,저위험군,37.54237489,126.9122201,192242.4092,449210.8249,22.07706862,-4.7962995518302165,27.983371480559647,1.3048179728665892,52.0,1006.0
마포구,연남동,마루_연남,1,저위험군,37.56297014,126.9212497,193042.322,451495.945,16.99938855,-12.944315349408889,30.688618925252214,1.2048451548131907,52.0,1006.0
마포구,연남동,수리르스테이,1,저위험군,37.55732438,126.9188253,192827.5805,450869.5145,18.92007636,-7.4187600477297195,26.429347017577236,1.2181671432017487,52.0,1006.0
마포구,도화동,CNI Company,1,저위험군,37.53515511,126.9477836,195384.9106,448407.1778,20.3977127,-5.122759607837658,26.40532579457784,1.3097774108726539,52.0,1006.0
강서구,등촌동,HOmestay in Seoul,1,저위험군,37.55889289,126.840328,185892.0277,451052.4866,16.08038742,-8.514960745965304,22.747176550997516,1.2363431944515306,52.0,1006.0
강서구,염창동,블랙션샤인,1,저위험군,37.54838569,126.8646689,188041.0087,449882.9371,17.85442485,-3.664447410427961,22.704923799091432,1.275297877044261,52.0,1006.0
강서구,공항동,THANK YOU STAY,1,저위험군,37.55444927,126.81041,183247.5902,450564.2083,30.27317236,6.33275723396039,25.08334959831977,1.2440140356411669,52.0,1006.0
강서구,공항동,센티멘탈 버스,1,저위험군,37.55765102,126.8089697,183121.0456,450919.8226,19.51888209,-4.902898281448511,25.099235486835134,1.2361616030955873,52.0,1006.0
강서구,공항동,온기,1,저위험군,37.55195845,126.8144999,183608.4399,450287.0356,19.26592712,-4.513912226602944,24.94316135028268,1.250858021973857,52.0,1006.0
강서구,등촌동,스테이 등촌,1,저위험군,37.55246999,126.8587784,187521.1554,450337.0113,19.66462203,-1.9917837844369046,22.80083885039867,1.2591094118357475,52.0,1006.0
강서구,방화동,제니스하우스,1,저위험군,37.5748683,126.8178945,183913.3236,452829.1762,27.38746269,0.8731371373539005,24.912038014679226,1.1932822082566863,52.0,1006.0
강서구,공항동,드림하우스,1,저위험군,37.5553957,126.8097598,183190.3529,450669.3669,19.29602462,-4.645278181248514,25.096054983764425,1.2416433509578004,52.0,1006.0
강서구,공항동,하우스공감 스테이,1,저위험군,37.55474504,126.8098202,183195.5464,450597.1405,18.32285068,-5.619786691694756,25.098840871443905,1.2432038748693965,52.0,1006.0
강서구,화곡동,화곡동 하우스(Hwagok-dong House),1,저위험군,37.52763269,126.8577205,187423.5054,447580.513,18.84265243,-2.4560662539453126,22.547695426230014,1.3429579879034925,52.0,1006.0
강서구,염창동,유오스테이,1,저위험군,37.54834791,126.8693837,188457.6449,449878.1547,15.38552534,-5.7895254824341205,22.33930949468702,1.276922679590908,52.0,1006.0
강서구,공항동,플라이 서울,1,저위험군,37.55381292,126.8102038,183229.2337,450493.6177,30.06912257,6.115246026054152,25.084295213146035,1.2455241388411427,52.0,1006.0
강서구,화곡동,Stay #101,1,저위험군,37.54275653,126.834733,185394.521,449262.397,30.33644322,6.250595370751338,24.194941136933224,1.2808395957473355,52.0,1006.0
강서구,화곡동,라곰스테이,1,저위험군,37.52957349,126.8594079,187572.9825,447795.6936,29.06284152,6.310788696977866,22.567370341879435,1.337754141979892,52.0,1006.0
강서구,가양동,미리내Stay,1,저위험군,37.56869584,126.8396489,185833.8761,452140.602,25.79873468,4.251500927827397,22.570923009767696,1.206343914288581,52.0,1006.0
강서구,등촌동,공항에서 가까운 아파트,1,저위험군,37.55298103,126.8595117,187586.039,450393.6336,20.84896834,-0.7271197791423738,22.745512725861904,1.2574198251058433,52.0,1006.0
강서구,염창동,안밤,1,저위험군,37.54714287,126.8678301,188320.1694,449744.6016,35.81447133,14.50647964224639,22.49918153247265,1.2808228231285197,52.0,1006.0
강서구,공항동,에어리인(Airy Inn),1,저위험군,37.55659423,126.8083139,183062.8642,450802.6492,20.974373,-2.9961013564577996,25.12246211775097,1.2386709164541634,52.0,1006.0
강서구,등촌동,등촌 Stay 48,1,저위험군,37.55270133,126.8582166,187471.5488,450362.7621,16.95651985,-4.685627739843746,22.812280717744066,1.2581816600921367,52.0,1006.0
강서구,염창동,Dawn Stay,1,저위험군,37.54736153,126.8680874,188342.9402,449768.8383,26.725849,5.4431587090182845,22.47323307559293,1.2801270739515846,52.0,1006.0
강서구,화곡동,소담스레,1,저위험군,37.52736614,126.8614165,187750.1665,447550.4415,22.9649706,1.6797581207842498,22.53895930526128,1.3480870042195634,52.0,1006.0
강서구,등촌동,디렉터 하우스,1,저위험군,37.54931594,126.8642955,188008.1645,449986.2313,23.13738875,1.6364047260852317,22.68379442193324,1.2718128516056293,52.0,1006.0
강서구,화곡동,호호집,1,저위험군,37.5287975,126.8527734,186986.4192,447710.4655,8.752704142,-13.011592740340271,22.53138403349573,1.3339343608963765,52.0,1006.0
강서구,화곡동,안나 스테이,1,저위험군,37.52551906,126.8444709,186251.9484,447347.7803,27.63808245,6.16925795963121,22.71201878623196,1.3367404320847853,52.0,1006.0
강서구,등촌동,회랑정,1,저위험군,37.55227847,126.8587615,187519.6284,450315.7571,17.31349994,-4.353132953382012,22.811680668203334,1.2597857497773888,52.0,1006.0
강서구,화곡동,Romg Stay,1,저위험군,37.53609871,126.8444631,186253.2007,448521.9927,25.45575666,3.80883804826286,22.82864146959794,1.304598499502434,52.0,1006.0
강서구,공항동,수 코지 스테이(Soo Cozy Stay),1,저위험군,37.55607372,126.8101848,183228.0589,450744.5433,18.58816963,-5.351912124539918,25.079496658125652,1.2401832010995035,52.0,1006.0
강서구,화곡동,혜성,1,저위험군,37.53025651,126.8491553,186666.8676,447872.9044,29.19412761,6.028441395544537,22.609479198015617,1.3260100509525117,52.0,1006.0
강서구,공항동,사랑방스테이,1,저위험군,37.5564618,126.8103309,183241.056,450787.5895,25.90643119,1.0816842408396674,25.072764785940535,1.2392467021624496,52.0,1006.0
강서구,공항동,라인스테이,1,저위험군,37.55197601,126.8160621,183746.4819,450288.7134,18.09659602,-6.096613428295292,24.87887073919734,1.2511355236551014,52.0,1006.0
강서구,방화동,Cozy Room(코지룸),1,저위험군,37.57800431,126.811759,183372.0254,453178.3059,25.93493303,1.1612219905198984,25.072051792468603,1.188085686385456,52.0,1006.0
강서구,화곡동,미소스테이,1,저위험군,37.53000695,126.8604525,187665.3859,447843.6648,30.43307594,7.5048556336837144,22.59591240969847,1.3371836112411457,52.0,1006.0
강서구,공항동,스테이 하루담,1,저위험군,37.55205856,126.818436,183956.2683,450297.4676,24.02078419,0.43438464214269956,24.750243743770326,1.2514195073940257,52.0,1006.0
강서구,화곡동,Stay in Seoul,1,저위험군,37.541487,126.8388389,185757.1405,449120.8646,18.39381066,-9.142895981187628,24.244311533620547,1.2861753345745155,52.0,1006.0
강서구,공항동,The Nest Stay,1,저위험군,37.55579463,126.8091062,183132.6906,450713.7606,21.27165258,-2.684238232395952,25.10964806682605,1.2405735579224317,52.0,1006.0
강서구,공항동,공감나눔NO.1,1,저위험군,37.55246778,126.8132482,183497.9457,450343.7842,31.19721742,7.312916044630935,24.99070444595426,1.249354737640179,52.0,1006.0
강서구,화곡동,스테이진25,1,저위험군,37.55093993,126.851404,186869.2637,450168.1973,28.32132069,4.485838281616115,23.177979461699458,1.26258615745497,52.0,1006.0
강서구,등촌동,솔온스테이,1,저위험군,37.54933962,126.8637457,187959.5786,449988.9298,27.67367935,4.286205219116532,22.715556550873817,1.2715383000527172,52.0,1006.0
강서구,화곡동,오동나무,1,저위험군,37.53049314,126.8467547,186454.7218,447899.5105,18.16170511,-5.36836715592468,22.66785177713223,1.323335154346222,52.0,1006.0
강서구,화곡동,인터하우징,1,저위험군,37.52754144,126.859258,187559.3926,447570.1809,18.8238496,-2.4942479629747965,22.568954066286977,1.344979194545489,52.0,1006.0
강서구,공항동,마실(Masil),1,저위험군,37.55422875,126.8106866,183271.987,450539.6839,31.49671706,7.551036571316928,25.075255744272354,1.2445948442001118,52.0,1006.0
강서구,공항동,공항 STAY,1,저위험군,37.55265579,126.8166372,183797.4482,450364.0616,21.39849997,-3.6285099032880623,24.85724292309011,1.2495478015971306,52.0,1006.0
강서구,공항동,스테이솔라,1,저위험군,37.55435617,126.8117715,183367.8752,450553.6335,29.10015988,5.2113984432070914,25.046132062845754,1.2444588234520026,52.0,1006.0
강서구,화곡동,쏘스테이,1,저위험군,37.52852779,126.8436331,186178.4441,447681.8349,21.37621806,-4.333851409682612,22.72934054740965,1.3265592887144455,52.0,1006.0
강서구,공항동,스테이 현재,1,저위험군,37.5526725,126.8171306,183841.0494,450365.8313,20.84713162,-4.056531414684208,24.83241129138343,1.2496019993829737,52.0,1006.0
강서구,공항동,DADA STAY,1,저위험군,37.55101942,126.8167005,183802.6893,450182.433,19.1858636,-4.490058089756616,24.841848970722197,1.2536593375014213,52.0,1006.0
강서구,방화동,지구플레이스,1,저위험군,37.56466815,126.8064238,182897.7028,451699.1025,20.31484759,-3.7612768681450746,25.111760247846554,1.2200774016478884,52.0,1006.0
강서구,화곡동,화곡 Song.Stay,1,저위험군,37.54071243,126.8361979,185523.5891,449035.3,20.46156761,-3.077911153587266,24.084901946250543,1.287047514965703,52.0,1006.0
강서구,공항동,Sarangbang Stay,1,저위험군,37.55716239,126.8082455,183056.9526,450865.7206,19.89314003,-4.075901737847136,25.11973441517763,1.2372783495771786,52.0,1006.0
영등포구,여의도동,63House,1,저위험군,37.51794347,126.936319,194370.3267,446497.5244,30.87715754,4.233678709060484,25.049478754071856,1.4589452428482161,52.0,1006.0
영등포구,(당산동,스테이 로라,1,저위험군,37.52027213,126.8966903,190867.2655,446759.0856,19.80211378,-0.2553955096857159,20.71405843482008,1.4328225905049132,52.0,1006.0
영등포구,신길동,웨스트 서울 모던스테이,1,저위험군,37.49441931,126.9145775,192445.9173,443888.1672,30.90470433,6.540327947372987,25.866837205614548,1.6155158822671059,52.0,1006.0
영등포구,도림동,지니 숙박,1,저위험군,37.50592267,126.9023018,191361.6746,445165.9474,39.94464066,8.582340233417092,26.408422967411113,1.5232247524490785,52.0,1006.0
영등포구,(당산동,다온 영등포,1,저위험군,37.5207155,126.895808,190789.3224,446808.3801,16.50052585,-3.583209386829271,20.998519877736264,1.4290472608150113,52.0,1006.0
영등포구,(양평동,YR HOUSE,1,저위험군,37.53772987,126.8941701,190646.6569,448696.9265,24.14167297,1.3557844696275758,22.025118365407778,1.334327048846106,52.0,1006.0
영등포구,(당산동,안온(anon),1,저위험군,37.52047952,126.8961085,190815.8598,446782.1599,19.57330509,-0.10871692084952045,20.907368145496203,1.430901242029565,52.0,1006.0
영등포구,도림동,Son,1,저위험군,37.50577721,126.9002935,191184.0901,445149.9895,28.75800821,2.5980729440145467,26.595277207117135,1.518929537145839,52.0,1006.0
영등포구,(당산동,소담스테이,1,저위험군,37.51921779,126.8973514,190925.5748,446642.0031,25.09407896,5.822721001421186,20.41588133048937,1.4403762308965982,52.0,1006.0
영등포구,신길동,오늘스테이,1,저위험군,37.49701707,126.9134118,192343.0955,444176.5789,31.7121684,6.754442706386616,26.202293013558815,1.5938475002530903,52.0,1006.0
영등포구,(당산동,느릿스테이,1,저위험군,37.52065164,126.8990555,191076.3972,446800.9795,12.1252119,-7.520217924369124,19.765158356980663,1.4347463407657717,52.0,1006.0
영등포구,(당산동,한리버파크 비앤스테이,1,저위험군,37.5321911,126.9028386,191412.1451,448081.364,20.51939107,0.7515162883441278,20.98986180734903,1.3704149241572385,52.0,1006.0
영등포구,도림동,정담,1,저위험군,37.50493209,126.8974919,190936.2716,445056.4581,32.48793199,0.6727191172032292,27.15300715126395,1.5152343186405495,52.0,1006.0
영등포구,(양평동,선앤유1002,1,저위험군,37.53359476,126.895767,190787.282,448237.8223,12.1760875,-8.428159367746774,21.102640610580444,1.357392552749993,52.0,1006.0
영등포구,신길동,글랜하우스,1,저위험군,37.50517759,126.9159306,192566.6359,445082.0893,24.33248465,-0.9506950650317769,26.161452382127713,1.5513146221605234,52.0,1006.0
영등포구,신길동,바오 스테이,1,저위험군,37.50031817,126.9069656,191773.4267,444543.5022,22.17142393,-5.176345134489111,27.40315100927947,1.5675876319778512,52.0,1006.0
영등포구,(당산동,당산스테이,1,저위험군,37.5207481,126.8984325,191021.3366,446811.7446,13.60711064,-5.705652849830683,20.03500539420134,1.4330556397312477,52.0,1006.0
영등포구,대림동,북스테이 북적북적,1,저위험군,37.48987675,126.9069773,191773.316,443384.6394,18.87220557,-8.52396744266333,25.501762090098794,1.623778321471153,52.0,1006.0
영등포구,신길동,파사드하우스,1,저위험군,37.49540574,126.9169686,192657.4602,443997.4588,15.39683198,-9.071456992443972,25.96844329028716,1.6130358204670128,52.0,1006.0
영등포구,(당산동,Yeongdeungpo Cozy Stay,1,저위험군,37.51865166,126.8989293,191064.9998,446579.0188,21.79645817,2.309620299988726,19.691507529022118,1.4457048777660724,52.0,1006.0
영등포구,신길동,오르빗스테이,1,저위험군,37.49473621,126.906812,191759.2259,443923.9905,23.7986007,-0.8088158336088043,25.951488995648475,1.5929769151254174,52.0,1006.0
서초구,서초동,서초맘 게스트하우스,1,저위험군,37.48340679,127.0065427,200578.6647,442662.515,29.98272619,4.148925144017294,24.281284464993846,1.8053816611537192,52.0,1006.0
서초구,반포동,더웨이홈(The Way Home),1,저위험군,37.50260728,127.0217859,201926.3583,444793.7208,31.85360761,10.667637193553922,22.499658751878634,1.8029091188053203,52.0,1006.0
서초구,서초동,초이스,1,저위험군,37.48304857,127.0070971,200627.7061,442622.7609,19.95154257,-5.7290077281560485,24.196816014504037,1.807043321407354,52.0,1006.0
서초구,방배동,서초그린해피하우스,1,저위험군,37.48115716,126.9975347,199781.9473,442412.8187,18.33460746,-6.274916799574601,24.975700862962732,1.7929984697363162,52.0,1006.0
서초구,잠원동,KW신사,1,저위험군,37.50990054,127.0178734,201580.2538,445603.1061,18.07440535,-5.946990607235225,24.12453769326521,1.780975913292522,52.0,1006.0
서초구,반포동,강남교보하우스,1,저위험군,37.50180565,127.0202526,201790.7985,444704.7199,21.46378718,0.446320535145599,22.573927612980007,1.8021475257749653,52.0,1006.0
서초구,반포동,엘스테이,1,저위험군,37.50213292,127.0212759,201881.2809,444741.0626,24.39405674,3.5342345923933856,22.496190574772903,1.803211005108578,52.0,1006.0
서초구,서초동,해치스테이,1,저위험군,37.490188,127.0141662,201252.8164,443415.2139,27.67477767,2.5805231112801614,24.163177045147872,1.8101638345417925,52.0,1006.0
서초구,잠원동,스틸 신사,1,저위험군,37.51096302,127.0151812,201342.2063,445720.986,25.92619902,3.000169795528077,24.57446073127084,1.7724703628330445,52.0,1006.0
서초구,반포동,달고나 스위트,1,저위험군,37.50328188,127.0190271,201682.4017,444868.5398,22.0242686,-1.1034013290932663,22.821435078191342,1.7980722079709819,52.0,1006.0
서초구,양재동,지원하우스,1,저위험군,37.48037737,127.0384214,203398.3174,442326.9629,22.42076443,-0.33055231222395065,21.970764669078463,1.850360095669323,52.0,1006.0
서초구,방배동,순꿈하우스,1,저위험군,37.48455785,126.9959742,199643.9462,442790.2549,27.71399807,2.7219447084340445,25.245973412680122,1.7841419577272573,52.0,1006.0
서초구,방배동,달빛채,1,저위험군,37.48178547,126.9926725,199351.9087,442482.5751,20.80428509,-5.567808846698938,25.314063357781777,1.7850798857855417,52.0,1006.0
서초구,잠원동,온스테이 잠원,1,저위험군,37.51095866,127.0168459,201489.3858,445720.5271,28.7370928,4.3700090144491455,24.469955195337608,1.7763081178252833,52.0,1006.0
서초구,반포동,더 문,1,저위험군,37.50437864,127.0180299,201594.2079,444990.2487,15.58277067,-6.984944122348976,23.010384356884032,1.7946693665863573,52.0,1006.0
서초구,반포동,스테이 공유 논현,1,저위험군,37.50264458,127.0199345,201762.6566,444797.8243,12.24082051,-8.872761876175042,22.668894941098596,1.8008178361437883,52.0,1006.0
서초구,방배동,천지윤의 서재,1,저위험군,37.49287769,126.9898236,199100.0645,443713.6885,19.87113577,-4.9376836570349845,25.624942034062578,1.7479113565120907,52.0,1006.0
서초구,양재동,Sandy black house,1,저위험군,37.47899263,127.0382195,203380.5185,442173.2679,36.18585369,11.494772147563033,22.287742125999042,1.8514360222896549,52.0,1006.0
서초구,반포동,더캡슐 반포,1,저위험군,37.50139648,127.0190482,201684.3115,444659.2851,29.46446419,8.465667140047938,22.67352183482791,1.8007421205256509,52.0,1006.0
서초구,우면동,까사드록,1,저위험군,37.47046022,127.0245021,202167.4658,441225.881,21.69434467,-0.8354301160776387,23.37053810447419,1.8449215774163177,52.0,1006.0
서초구,반포동,제이스테이,1,저위험군,37.50274922,127.0223429,201975.6058,444809.4858,20.81586573,-0.8460758540214215,22.468681201261585,1.8027030174391465,52.0,1006.0
서초구,우면동,행복스테이,1,저위험군,37.47011272,127.0244266,202160.7909,441187.3115,25.16258175,3.2315557296461357,23.39230891748603,1.8453210446857726,52.0,1006.0
서초구,서초동,날아오름 스테이,1,저위험군,37.49072234,127.0146512,201295.7,443474.5251,24.56290309,2.0010168430009934,24.08710587797072,1.8097183248528026,52.0,1006.0
서초구,방배동,행복드림,1,저위험군,37.48366818,126.9958925,199636.7116,442691.5136,35.45889838,11.26448841586566,25.21182645623556,1.7857216252672299,52.0,1006.0
서초구,서초동,다올(DAOL STAY),1,저위험군,37.48700314,127.0101386,200896.6629,443061.6904,28.93949975,5.475859820690932,24.218665224543567,1.8080606227602587,52.0,1006.0
성동구,성동,아이필앳홈,1,저위험군,37.54760491,127.0479523,204237.512,449788.7534,38.60325734,6.315153759037116,31.774199486717887,1.7597990454456172,52.0,1006.0
강남구,신사동,문석하우스,1,저위험군,37.51781045,127.0248841,202199.8622,446481.1465,25.64906419,-2.571092251730253,25.65912562832458,1.7758634165932659,52.0,1006.0
강남구,역삼동,여운,1,저위험군,37.4889495,127.0323251,202858.7843,443278.1532,11.7748856,-10.331378347621017,20.031783719121716,1.8332987615122218,52.0,1006.0
강남구,신사동,핵스,1,저위험군,37.51918378,127.0291096,202573.3707,446633.676,25.46360066,-0.04910257363823689,25.11830624470711,1.7796850978779506,52.0,1006.0
강남구,일원동,신비하우스,1,저위험군,37.48756492,127.0822744,207276.3538,443127.1717,33.95856939,7.942568783963196,27.447733696423164,1.8802361398417804,52.0,1006.0
강남구,논현동,르본하우스,1,저위험군,37.50522732,127.0244695,202163.5791,445084.5698,30.01136169,7.198333329699345,22.634199251013207,1.7984974170840167,52.0,1006.0
강남구,삼성동,멜로우 파크사이드,1,저위험군,37.5082253,127.0472843,204180.6793,445418.0762,25.13831622,1.959462964115822,24.87213677997531,1.8206973416525052,52.0,1006.0
강남구,역삼동,어반엑시트(Urban Exit),1,저위험군,37.49935671,127.0331292,202929.4912,444433.2422,12.77567152,-9.33416346899132,19.641352180754318,1.8202359376262385,52.0,1006.0
강남구,논현동,몽 하우스,1,저위험군,37.50862076,127.0389364,203442.5727,445461.629,12.19042811,-9.206703455766604,22.288654439770355,1.81013954736396,52.0,1006.0
강남구,신사동,더 헤세드 강남,1,저위험군,37.52016566,127.0312254,202760.3754,446742.7123,25.13540938,-0.7873147604267707,24.845704657883747,1.7817442450993133,52.0,1006.0
강남구,역삼동,타쿠네 하우스,1,저위험군,37.49448236,127.0344967,203050.6123,443892.2962,23.82586176,3.5186651409632113,19.44042578245416,1.8275271302631018,52.0,1006.0
강남구,삼성동,스테이 서울풀,1,저위험군,37.51209946,127.0493623,204364.1799,445848.1528,18.56409987,-8.241039157575766,25.499340858073968,1.8175930733366061,52.0,1006.0
강남구,논현동,프리시 하우스,1,저위험군,37.51281808,127.020367,201800.6514,445926.9606,16.59946571,-9.012824940041593,25.13008228475412,1.7791526965497022,52.0,1006.0
강남구,역삼동,라이언 스테이,1,저위험군,37.50507993,127.0414852,203668.097,445068.7386,17.85443635,-4.462324697609354,21.62335974775102,1.8193392259008887,52.0,1006.0
강남구,역삼동,역삼 스테이,1,저위험군,37.50449677,127.0436122,203856.1979,445004.1004,35.45470369,10.62008285353291,22.290040762142368,1.8231038530894113,52.0,1006.0
강남구,역삼동,애플 스테이,1,저위험군,37.4920257,127.0311052,202750.7872,443619.5346,24.44530119,6.160119663646423,19.27798806333342,1.827813177402784,52.0,1006.0
강남구,대치동,퓨어하우스,1,저위험군,37.49544082,127.0549678,204860.8487,443999.5331,27.37992191,3.360567719171616,24.66498891471714,1.850283559783102,52.0,1006.0
강남구,신사동,로데오 원 스테이,1,저위험군,37.52074019,127.0311668,202755.1775,446806.4762,31.61926323,4.768217483070277,24.85806599616935,1.7806825042939818,52.0,1006.0
강남구,신사동,강남 인 하우스,1,저위험군,37.51506078,127.0201613,201782.412,446175.8679,17.182461,-8.327067174129684,25.593231327930383,1.773221703552358,52.0,1006.0
강남구,삼성동,고래별,1,저위험군,37.50851652,127.0507584,204487.8218,445450.5579,29.64874106,5.870041502121936,25.446016159800244,1.8238771252871193,52.0,1006.0
강남구,삼성동,업 인 디 에어,1,저위험군,37.51213515,127.0596223,205271.2753,445852.6393,12.89214004,-10.812199697370987,25.405836510100603,1.8295286092752412,52.0,1006.0
강남구,논현동,버즈게스트하우스,1,저위험군,37.5079169,127.0338187,202990.1161,445383.3346,23.39880067,1.4550496812300828,22.305068358603222,1.8053595048357063,52.0,1006.0
강남구,논현동,스테이 지수,1,저위험군,37.5047485,127.0244071,202158.0747,445031.4255,16.58162941,-5.444213932934861,22.56660025569599,1.7998312824419989,52.0,1006.0
강남구,논현동,메종 184 강남,1,저위험군,37.50371116,127.0254089,202246.6856,444916.3176,22.98726711,-0.0838916673041048,22.337903967973162,1.8050233311668609,52.0,1006.0
강남구,논현동,머뭄,1,저위험군,37.50627772,127.0312039,202758.9877,445201.3268,19.8665333,-1.4129169577168845,22.328291215792362,1.8052319036962932,52.0,1006.0
강남구,논현동,조브스테이,1,저위험군,37.50863018,127.0331603,202931.8724,445462.4789,31.2342587,8.641732370460886,22.46387158643353,1.8036111431746646,52.0,1006.0
강남구,신사동,더 그레이스,1,저위험군,37.51954018,127.0286078,202528.9946,446673.2183,30.54048966,3.3145226419563976,25.181520849430218,1.778608768405052,52.0,1006.0
강남구,역삼동,서울스테이2,1,저위험군,37.50389942,127.0423471,203744.3665,444937.7511,18.04563378,-4.804943567155501,21.595071751185362,1.8225641521305354,52.0,1006.0
강남구,역삼동,헥사 스테이 역삼,1,저위험군,37.49957541,127.0325402,202877.4015,444457.4969,21.13813952,-0.009298640149889792,19.702754836276565,1.819167167931085,52.0,1006.0
강남구,역삼동,행복한 하루,1,저위험군,37.49933142,127.0268668,202375.7264,444430.2589,23.03256584,-1.167583368751746,21.540202876687307,1.8123733761370915,52.0,1006.0
강남구,역삼동,역삼 게하,1,저위험군,37.50255735,127.0417013,203687.3321,444788.7732,23.46453532,1.5289270264140065,20.917907581696618,1.8240327720502494,52.0,1006.0
강남구,역삼동,여니하우스,1,저위험군,37.49204242,127.0401063,203546.7955,443621.6914,21.98987534,0.06370205647532501,19.898662326226003,1.8370733772230072,52.0,1006.0
강남구,일원동,까사 레만소,1,저위험군,37.48092916,127.0780795,206905.9661,442390.3742,31.86189055,4.279927900426166,28.57221245012387,1.882583386163489,52.0,1006.0
강남구,일원동,젠 스테이,1,저위험군,37.48820312,127.085375,207550.5061,443198.2477,29.97329291,4.250634534660584,27.256216153138837,1.881781289480415,52.0,1006.0
강남구,역삼동,선릉 게스트 하우스 해날,1,저위험군,37.50317601,127.0442466,203912.3588,444857.5392,22.42252516,-0.1633150127440004,22.040166313490463,1.8258478912349465,52.0,1006.0
강남구,논현동,청화스테이,1,저위험군,37.50729724,127.0399656,203533.6294,445314.7734,21.02884484,-0.5813243024122201,22.05096391656956,1.8143429492723187,52.0,1006.0
강남구,삼성동,율 스테이,1,저위험군,37.5103692,127.0440541,203894.9683,445655.8831,23.09804432,-2.107234291831734,24.037963401711753,1.8134125062913522,52.0,1006.0
강남구,역삼동,와이 하우스,1,저위험군,37.50323243,127.0433064,203829.2244,444863.7624,12.77586103,-7.750743278610665,21.71879136152967,1.8245769212617595,52.0,1006.0
강남구,역삼동,서울스테이 강남,1,저위험군,37.48891081,127.0321964,202847.3976,443273.8552,21.28583763,-0.7072001379721264,20.037008714443758,1.8331884375233294,52.0,1006.0
강남구,역삼동,코맘하우스,1,저위험군,37.49440836,127.0356946,203156.548,443884.1227,19.36221776,-0.5315706746285365,19.540666123007966,1.8290479777614495,52.0,1006.0
강남구,청담동,미미미 펜트하우스,1,저위험군,37.52108305,127.0403236,203564.6304,446844.8369,16.27622315,-5.625879438923594,23.22232780247457,1.7929799444203978,52.0,1006.0
강남구,논현동,에스엔제이,1,저위험군,37.50479472,127.0239581,202118.372,445036.5451,12.24066001,-10.062253804549076,22.62025461009061,1.7993100026499669,52.0,1006.0
강남구,삼성동,더 레이지 소울,1,저위험군,37.50825042,127.0512902,204534.8634,445421.0497,28.22151448,4.440796697529908,25.47807303272709,1.825075451343322,52.0,1006.0
강남구,역삼동,다움스테이,1,저위험군,37.49670349,127.0413446,203656.079,444139.0567,22.32968258,3.5517688971644787,20.304924152312832,1.833036893541971,52.0,1006.0
강남구,청담동,청담A하우스,1,저위험군,37.52350713,127.0403411,203566.0568,447113.88,19.94598928,-6.538095119036441,23.437959287037877,1.789234664203678,52.0,1006.0
강남구,논현동,클로버스테이,1,저위험군,37.50534447,127.0278596,202463.3202,445097.6553,26.22072989,4.00056833738056,22.414662753389607,1.8029836323695427,52.0,1006.0
강남구,삼성동,라라하우스,1,저위험군,37.50834406,127.0509686,204506.4223,445431.4271,29.34332007,5.5730784268451,25.467094536663026,1.8245352939602175,52.0,1006.0
강남구,역삼동,강남미인,1,저위험군,37.50155579,127.0255227,202256.8119,444677.102,16.66897808,-7.858485531541053,22.113654350183854,1.808742172232296,52.0,1006.0
강남구,청담동,서울 몽샹,1,저위험군,37.52436708,127.049007,204332.06,447209.6875,24.79988357,-0.5303834671261889,24.18820975262946,1.8000216481918625,52.0,1006.0
강남구,삼성동,위드하우스,1,저위험군,37.50796554,127.0506587,204479.0414,445389.4014,26.27635205,2.46338692379312,25.510367252531783,1.8251258546756692,52.0,1006.0
강남구,신사동,더 케이스타일,1,저위험군,37.51758003,127.0226668,202003.8545,446455.5232,24.63305914,-3.2985673054264666,25.756872355470822,1.7715722567919243,52.0,1006.0
강남구,역삼동,잼잼스테이,1,저위험군,37.49201445,127.0412374,203646.8273,443618.6303,13.10129412,-6.827009123697534,20.07386518068666,1.838317866884654,52.0,1006.0
강남구,신사동,가로수길홈스테이,1,저위험군,37.52094846,127.0230574,202038.2947,446829.3849,27.99761213,1.0832781351840985,25.737568763490223,1.7650855886066736,52.0,1006.0
강남구,논현동,성모의 집,1,저위험군,37.50778742,127.0383407,203389.9449,445369.1173,36.37663186,9.052565217552516,21.983423155667897,1.8115606566208324,52.0,1006.0
강남구,역삼동,야코리아 강남,1,저위험군,37.50187444,127.0428223,203786.4837,444713.0235,23.86325905,2.3495899026694964,21.07429996097455,1.8265058168414683,52.0,1006.0
강남구,청담동,한강,1,저위험군,37.52470414,127.0514467,204547.7001,447247.2121,20.6131051,-4.951209427332863,24.377309149545432,1.8024209274553344,52.0,1006.0
강남구,논현동,썬시티 게스트하우스,1,저위험군,37.5128639,127.0200238,201770.3132,445932.0396,22.92856055,-3.381609877150744,25.142131978343524,1.7785230508853485,52.0,1006.0
강남구,일원동,로즈하우스,1,저위험군,37.48871079,127.0863893,207640.1585,443254.6742,29.88752381,4.295224284556134,27.231168556477574,1.881496083383504,52.0,1006.0
강남구,청담동,앤하우스,1,저위험군,37.51883204,127.0467914,204136.512,446595.2678,25.96571345,2.485408777182755,23.591348097039262,1.8048879775393922,52.0,1006.0
성동구,성동,루엔성수,1,저위험군,37.5377045,127.0595606,205264.0261,448690.5146,28.66892229,-0.11012850573557742,27.12678893275416,1.795150224831844,52.0,1006.0
강남구,역삼동,강남게스트하우스 마루,1,저위험군,37.50059352,127.0361245,203194.298,444570.6095,19.61607973,-3.213002268612673,19.910127214472194,1.8217099384511686,52.0,1006.0
강남구,신사동,세계여행자의집,1,저위험군,37.51602118,127.0198797,201757.4939,446282.4549,26.22565023,-0.4556270234908695,25.67621431684627,1.7696637088335487,52.0,1006.0
강남구,대치동,서울의 휴일 게스트하우스,1,저위험군,37.49687758,127.0545368,204822.6373,444158.9726,21.28620923,-2.8508869073913488,25.01360639870789,1.8482112390363497,52.0,1006.0
강남구,역삼동,홀리하우스,1,저위험군,37.49314893,127.0408985,203616.7976,443744.5297,24.4887755,5.429547861541177,20.06876413055861,1.8363387345462157,52.0,1006.0
강남구,삼성동,이끌라쎄(마가렛 앤드 컴퍼니) [ECLASSE(MarGaret & Company)],1,저위험군,37.50850572,127.0509754,204507.0147,445449.3696,29.61412326,5.861126178761683,25.44944579962986,1.8241007060428045,52.0,1006.0
강남구,신사동,빌라서울가로수길,1,저위험군,37.51836479,127.0242154,202140.7303,446542.6558,40.54932813,11.723719791138773,25.704775448655084,1.7737706931831552,52.0,1006.0
강남구,논현동,슬로우 아뜰리에,1,저위험군,37.50583714,127.0236642,202092.3527,445152.2338,31.32994727,5.000138556057987,22.815970350883845,1.796998068882735,52.0,1006.0
강남구,논현동,시스테이,1,저위험군,37.50841084,127.0390133,203449.377,445438.3334,22.29136273,0.8820728673169711,22.24580888130726,1.8108171746611559,52.0,1006.0
강남구,신사동,마이룸 신구,1,저위험군,37.52095387,127.0257248,202274.092,446830.0465,32.60656992,6.5335726167347765,25.51414687898474,1.7727489252625444,52.0,1006.0
강남구,삼성동,버브,1,저위험군,37.50770744,127.0458103,204050.3825,445360.5359,29.0618394,5.707517838267901,24.179268771356128,1.8200858781208957,52.0,1006.0
강남구,삼성동,서프라이즈미 게스트하우스,1,저위험군,37.51048565,127.0551817,204878.7868,445669.3263,26.2815134,0.4070066688345406,25.48088735381295,1.826563257135893,52.0,1006.0
강남구,신사동,로로맨숀,1,저위험군,37.51889711,127.0190425,201683.4144,446601.6315,28.93828122,2.397772892084401,25.87950378645111,1.76122256721025,52.0,1006.0
강남구,삼성동,스위트 삼성,1,저위험군,37.50783384,127.0525769,204648.6475,445374.8774,25.714447,1.8053040744430326,25.608592199462052,1.827327043138312,52.0,1006.0
송파구,송파동,베러임팩트(BETTER IMPACT),1,저위험군,37.49992597,127.1192142,210541.5801,444502.5833,28.60150286,4.74313828473046,25.49571535544012,1.8854545444922954,52.0,1006.0
송파구,오금동,블루브릭스 송파,1,저위험군,37.50038009,127.1346045,211902.4026,444554.8198,21.42283411,-2.7441367282652003,25.889763211157323,1.8917325259369613,52.0,1006.0
송파구,석촌동,호제하우스,1,저위험군,37.50361834,127.1028825,209096.9957,444910.6849,31.01797964,6.342427824919934,24.206399418318956,1.8740586862539415,52.0,1006.0
송파구,송파동,온유스테이 Ⅱ,1,저위험군,37.5014519,127.108903,209629.6068,444670.8369,23.04143936,-0.9258984958077825,24.81940617932433,1.8795220482628137,52.0,1006.0
송파구,오금동,메트로하우스,1,저위험군,37.50343875,127.1296404,211462.9859,444893.6755,19.85823397,-4.176894344242228,25.694491967798744,1.8873690456563592,52.0,1006.0
송파구,문정동,정스테이서울,1,저위험군,37.47791622,127.126368,211177.4389,442060.6147,19.78789596,-5.099075188835055,26.535303448274295,1.9078190531117123,52.0,1006.0
송파구,풍납동,순스테이,1,저위험군,37.52664323,127.1165356,210301.0516,447467.5645,16.46901788,-10.644545845973123,23.438163179650292,1.861084792424783,52.0,1006.0
송파구,가락동,블리스주주,1,저위험군,37.49396828,127.1339686,211847.1851,443843.1116,14.9079337,-10.218534793934195,26.081594996538197,1.8960817971993866,52.0,1006.0
송파구,석촌동,번영 101호,1,저위험군,37.49696909,127.0986272,208721.5102,444172.3012,23.24688666,-0.4937297359706605,25.37068088018758,1.8782652002561087,52.0,1006.0
송파구,오금동,애플 하우스,1,저위험군,37.50595758,127.1267985,211211.3287,445172.8911,32.91929364,9.365158705193576,25.305895786337427,1.8835748887979924,52.0,1006.0
송파구,잠실동,Stay on,1,저위험군,37.5012854,127.0832864,207364.5096,444650.0448,25.27200211,1.8540502672240322,25.11710421075313,1.8635774389828572,52.0,1006.0
송파구,가락동,Atelier7419,1,저위험군,37.49376392,127.1200868,210619.6137,443818.7737,18.86616092,-9.37601966247292,26.14736977668349,1.8911804867776654,52.0,1006.0
송파구,문정동,더아늑하우스(The Anuk House),1,저위험군,37.47739622,127.1258594,211132.5331,442002.8414,34.75816385,9.918574912520942,26.550310039089958,1.9081592715201565,52.0,1006.0
송파구,거여동,제이투어스,1,저위험군,37.4933976,127.1445596,212783.8714,443781.1592,15.14018387,-10.290024522961767,26.15155419086898,1.8994181500728757,52.0,1006.0
송파구,가락동,가락스테이,1,저위험군,37.48944959,127.122639,210845.9385,443340.2304,20.51006313,-4.795464022696606,26.280743964798035,1.896346380597769,52.0,1006.0
송파구,석촌동,Yuri Stay,1,저위험군,37.49633185,127.1006177,208897.5995,444101.7621,31.54666832,7.724012800223036,25.511804496526658,1.8799283484614475,52.0,1006.0
송파구,송파동,하우두유두,1,저위험군,37.50579683,127.1065117,209417.615,445152.8263,11.9978392,-11.708846026916534,24.036663466139892,1.874116686439964,52.0,1006.0
송파구,방이동,하루재 잠실,1,저위험군,37.51096815,127.1109062,209805.4987,445727.2258,17.19822348,-5.496267735042515,23.773222912583098,1.8719999115303816,52.0,1006.0
송파구,석촌동,라움스테이,1,저위험군,37.4969482,127.0984867,208709.0822,444169.9697,23.25807744,-0.5429017297146146,25.374921479855587,1.8782317081488724,52.0,1006.0
송파구,문정동,체커하우스,1,저위험군,37.48242591,127.1240739,210973.8618,442560.8606,21.02266927,-4.199730252821702,26.47670472774938,1.9038322073970833,52.0,1006.0
송파구,풍납동,슬로우송파,1,저위험군,37.52541943,127.114364,210109.2575,447331.5022,28.94834132,7.226136856512817,23.40763614785474,1.8606830119374536,52.0,1006.0
송파구,석촌동,세렌홈,1,저위험군,37.49648779,127.0980945,208674.4553,444118.8339,32.94555477,9.009988157958649,25.48230444444964,1.87860212110986,52.0,1006.0
송파구,방이동,방이동 파크빌,1,저위험군,37.51024396,127.1124945,209946.0178,445647.0166,13.96863682,-8.695490080847101,24.016348504694683,1.8733809421992247,52.0,1006.0
송파구,송파동,송파스테이,1,저위험군,37.50587144,127.108059,209554.4148,445161.2631,18.58605829,-7.446774304336735,24.11789290776794,1.8749625784333799,52.0,1006.0
송파구,문정동,아마란스,1,저위험군,37.48038036,127.1289805,211408.1404,442334.4148,24.46873961,-0.3945659595505333,26.470698330096173,1.9072191800612335,52.0,1006.0
송파구,송파동,호수빌 스테이,1,저위험군,37.50458482,127.1075446,209509.0972,445018.4126,19.0418479,-4.454229037399063,24.294846810950705,1.8759129349214005,52.0,1006.0
송파구,송파동,애프터 글로우 서울,1,저위험군,37.49978637,127.1117293,209879.7445,444486.2775,21.76451239,-1.91825563829698,25.1543767625218,1.882382088363037,52.0,1006.0
송파구,석촌동,온유,1,저위험군,37.49689946,127.0990468,208758.617,444164.6121,22.7074879,-0.9350074420325178,25.389577600337525,1.8785442473678617,52.0,1006.0
송파구,잠실동,One Stay,1,저위험군,37.5059266,127.0827962,207320.7127,445165.12,15.66764894,-8.621808740329858,24.168661165991956,1.8589785902235743,52.0,1006.0
송파구,문정동,주식회사 연당,1,저위험군,37.48576863,127.1135854,210045.7479,442930.6876,25.55710231,0.16588394512911364,26.590621168867486,1.8968937827524972,52.0,1006.0
송파구,석촌동,잠실하루스테이,1,저위험군,37.49798859,127.0974438,208616.7417,444285.3435,31.36620924,5.130113244103363,25.16189451638801,1.876382566711306,52.0,1006.0
송파구,방이동,잠실 코코네2,1,저위험군,37.50965257,127.1183312,210462.1465,445582.0128,30.07885591,5.681859375864484,24.350711885583646,1.8770011291275914,52.0,1006.0
송파구,잠실동,더하리 하우스,1,저위험군,37.502375,127.086732,207669.0735,444771.2515,18.94562195,-4.569876258527959,24.6938424509267,1.8647233368014058,52.0,1006.0
송파구,송파동,문경,1,저위험군,37.50661247,127.1099077,209717.7825,445243.6972,30.86866091,7.275130321865266,24.150800889679164,1.875019719557467,52.0,1006.0
송파구,석촌동,Moonlight Stay,1,저위험군,37.49831959,127.0967326,208553.8194,444322.0153,12.62085627,-11.403925020912148,25.104366256295783,1.8757277080536614,52.0,1006.0
송파구,방이동,All-stay,1,저위험군,37.5097433,127.1183877,210467.1274,445592.0889,29.62157133,5.2217102146335215,24.34667134920999,1.8769784187150491,52.0,1006.0
송파구,석촌동,CITY LAKE,1,저위험군,37.49716668,127.0968463,208564.0,444194.0676,29.59990516,4.308000016391961,25.32786473509705,1.8770295812258597,52.0,1006.0
송파구,방이동,Space Hue,1,저위험군,37.50394558,127.1211289,210710.3108,444948.9245,40.23395823,16.829803439226215,25.155527381889776,1.883157413109234,52.0,1006.0
송파구,잠실동,Jamsil Stay,1,저위험군,37.51249423,127.0940771,208317.4196,445894.9806,23.20650335,1.7637346734271624,23.15538837149809,1.8598087516271582,52.0,1006.0
송파구,신천동,나루홈스테이,1,저위험군,37.51778563,127.1053596,209314.2597,446483.3163,18.67092917,-5.925730790471544,23.47246952157573,1.862003465290106,52.0,1006.0
송파구,문정동,102stay,1,저위험군,37.47732883,127.125678,211116.4935,441995.3405,33.97529523,9.153322782310049,26.553741980745073,1.9081078675531244,52.0,1006.0
송파구,잠실동,Stay agio seoul,1,저위험군,37.50252774,127.0810872,207169.9297,444787.7587,25.72071051,2.5979095352032964,24.836271732648726,1.8607329581419374,52.0,1006.0
송파구,문정동,코지,1,저위험군,37.48586194,127.122181,210805.9436,442941.9957,16.07570363,-8.937852747519127,26.4238988410641,1.8999200105392935,52.0,1006.0
송파구,방이동,스테이 쉼,1,저위험군,37.51087884,127.111174,209829.1882,445717.3414,17.11883623,-5.852109188452701,23.807934436872888,1.8722145280991007,52.0,1006.0
강남구,논현동,달고나 스위트 강남,1,저위험군,37.50589337,127.0238059,202104.8792,445158.4777,36.65255895,8.631225502644256,22.81316006250877,1.7971086056838612,52.0,1006.0
강남구,논현동,하나,1,저위험군,37.50556308,127.0289889,202563.1636,445121.9483,20.64016345,-0.879691852926026,22.422125246961347,1.803513357282093,52.0,1006.0
강남구,삼성동,히든 스테이 강남 (코엑스),1,저위험군,37.5132008,127.0598533,205291.6204,445970.9259,23.68820118,0.06401132767076234,25.324511986092645,1.828265582727856,52.0,1006.0
강남구,논현동,강남 옥토 게스트하우스,1,저위험군,37.50635882,127.0240457,202126.0714,445210.1421,23.00762864,-6.463839793715202,22.872270130857967,1.7966745865126175,52.0,1006.0
강남구,역삼동,센트럴 강남,1,저위험군,37.50520739,127.0414339,203663.5584,445082.883,19.73634464,-2.3557239078229095,21.654468128494813,1.8191528586337724,52.0,1006.0
마포구,서교동,스테이 정,1,저위험군,37.55405869,126.9120884,192231.9819,450507.5972,33.98315135,10.423918937173703,23.561129397976952,1.2282591415963062,52.0,1006.0
마포구,당인동,상수르르,1,저위험군,37.54445335,126.919013,192842.9372,449440.97,24.81210065,-3.44366965895912,29.27660003506926,1.284708472861698,52.0,1006.0
강서구,내발산동,인 웨스트,1,저위험군,37.55160503,126.8365762,185559.1263,450244.1899,26.71932243,3.9293782794156904,23.19742306140057,1.2568290366678783,52.0,1006.0
종로구,체부동,깐부스테이 서울,1,저위험군,37.57441728,126.9704929,197393.4105,452763.9383,31.865692,6.908355692669492,25.91773321816597,1.3192235493933344,52.0,1006.0
강남구,역삼동,더 화이트 하우스,1,저위험군,37.50437903,127.0421906,203730.5056,444990.9755,22.40732687,-1.22631488656069,21.657659605590958,1.82170984933765,52.0,1006.0
용산구,이태원동,남산뜰,1,저위험군,37.54219602,126.9891027,199036.943,449187.4073,22.61466207,-2.074668191826735,26.072876615296586,1.5051250306501405,52.0,1006.0
종로구,행촌동,"스테이 종로, 209",1,저위험군,37.5705938,126.9603658,196498.6267,452339.9055,23.53562266,-1.4055749093240344,26.125564335458666,1.2734863311212623,52.0,1006.0
용산구,용문동,"머물다, 효창",1,저위험군,37.53520596,126.960994,196552.4935,448412.2553,36.14097656,7.838655658747264,28.451814938797522,1.3286961758401428,52.0,1006.0
성동구,응봉동,"헤이, 월드 스테이",1,저위험군,37.54961579,127.0301211,202661.7048,450011.2826,34.30919693,7.43945319353211,27.7981720148267,1.7195203459651072,52.0,1006.0
마포구,창전동,"쉬다, 가게",1,저위험군,37.54425563,126.9292727,193749.6014,449418.294,24.3901292,-3.404175555977492,27.34879147745281,1.2617685425836518,52.0,1006.0
마포구,중동,"안녕,서울",1,저위험군,37.57023396,126.9026097,191396.29,452303.6876,32.48833827,8.400322259219855,24.94265752513791,1.1461419227310685,52.0,1006.0
마포구,상암동,"Haru Stay, DMC",1,저위험군,37.57568157,126.8950305,190727.3984,452909.0303,23.01408296,-0.6773691682761189,23.93944994192438,1.1360932909762147,52.0,1006.0
마포구,공덕동,"Hey, SEOUL Stay",1,저위험군,37.54492318,126.9551612,196037.483,449490.978,29.02944055,3.8234438127132613,25.532719958111787,1.2733269697521359,52.0,1006.0
서초구,서초동,"오롯, 쉼 in 서초",1,저위험군,37.48365895,127.007311,200646.6202,442690.5064,23.29274963,0.34840954037620975,24.2168801791054,1.8063997040996935,52.0,1006.0
서초구,서초동,"쉼,102",1,저위험군,37.4837826,127.0264725,202341.347,442704.5339,27.90345115,7.85076880918546,21.71529400883987,1.8319079669036895,52.0,1006.0
송파구,풍납동,"팡파르, 송파",1,저위험군,37.52718567,127.116866,210330.1777,447527.8048,33.64920108,5.994060187704296,23.43976999853482,1.8608164477277733,52.0,1006.0
종로구,당주동,SOUNDS INN GWANGHWAMUN,2,고위험군,37.56859605,126.9747495,197769.2539,452117.7398,43.75873477,4.976472440003292,41.15944089839007,2.3277782595965673,46.0,165.0
종로구,묘동,킴스텔코리아 종로점,2,고위험군,37.57078678,126.9906847,199177.0643,452360.6264,42.95410306,5.7794216902583315,37.70777972562263,1.9712345389707113,46.0,165.0
종로구,창신동,동대문 스테이가든,2,고위험군,37.56946846,127.0134964,201192.3196,452214.3531,43.18296159,1.5101489415779028,41.696670419352124,-0.0240432879730726,46.0,165.0
종로구,낙원동,하프레스트 호스텔,2,고위험군,37.56953983,126.9876225,198906.5254,452222.2607,27.46548794,-11.294218839495056,37.44719981026319,1.8170655776351001,46.0,165.0
종로구,관철동,스테이 마루 종로,2,고위험군,37.56669767,126.9847978,198656.9335,451906.8508,41.77586694,5.444143994188238,37.30867052878564,1.5147103911933895,46.0,165.0
종로구,숭인동,루나하우스,2,고위험군,37.57353634,127.0219178,201936.189,452665.9807,35.49600889,-2.771911322234466,37.82576536670038,1.2419638589272324,46.0,165.0
중구,충무로5가,머룸스테이,2,고위험군,37.56119377,127.0008458,200074.73,451295.8743,37.71343046,-4.495350313580978,42.44811264837884,0.5668358776660196,46.0,165.0
중구,신당동,케이그랜드호텔 DDP,2,고위험군,37.56571746,127.0106231,200938.5285,451798.0034,42.58601421,0.18187365114231113,42.968500643258146,-0.3792873051316733,46.0,165.0
중구,명동,무드온 명동,2,고위험군,37.56042879,126.9831765,198513.5724,451211.1032,36.88846481,-2.1580971966409166,38.72952456679952,1.2819083381894611,46.0,165.0
중구,황학동,SINDANG GRAND JOY 호스텔,2,고위험군,37.56332856,127.018601,201643.4107,451532.9731,53.20401401,12.877019132503918,39.98661346622744,-0.47066206459618726,46.0,165.0
중구,충무로3가,MOREN SEOUL MYEONGDONG,2,고위험군,37.55945274,126.9901255,199127.5348,451102.686,38.45181873,-1.3079773208454952,39.098410287958515,1.0027275162727456,46.0,165.0
중구,(인현동,이랑 스테이,2,고위험군,37.5614873,126.9924598,199333.8016,451328.479,37.18727609,-0.7004616197072266,38.708060178392806,0.8644927350340672,46.0,165.0
중구,을지로6가,하이 동대문 호스텔,2,고위험군,37.5646535,127.0066663,200588.9601,451679.8841,47.47456513,4.043292736224174,43.29129917261679,0.13279801845470152,46.0,165.0
중구,명동,하이 서울 호스텔,2,고위험군,37.5583226,126.9816113,198375.2321,450977.367,34.53618313,-6.673040200001296,42.20780069198346,1.4908237515273441,46.0,165.0
중구,충무로2가,올스테이인,2,고위험군,37.55898959,126.9891113,199037.9163,451051.2918,35.16750905,-7.068811898228127,39.9677742925554,1.051561287270493,46.0,165.0
중구,을지로3가,아르보 스테이,2,고위험군,37.56344317,126.9931766,199397.1478,451545.5527,34.04461661,-3.5748416098066116,38.08006500572407,0.7131393683987814,46.0,165.0
중구,(남산동,올리브 호스텔,2,고위험군,37.55561712,126.9843204,198614.5499,450677.0475,45.54906612,-2.143088980696902,44.983701123373265,1.3736685552950376,46.0,165.0
중구,(남산동,보로인 명동,2,고위험군,37.55514884,126.984327,198615.1244,450625.0739,45.03249828,-2.0128846663500894,45.236663484099196,1.3870215689478864,46.0,165.0
중구,명동,호텔 28,2,고위험군,37.56160377,126.9831825,198514.1268,451341.5121,35.59843851,-2.793181862289451,37.85279661616844,1.264993841644283,46.0,165.0
중구,(남산동,오요 5 롯지B (OYO 5 Lodge B),2,고위험군,37.55646209,126.9842423,198607.6709,450770.8303,41.77523918,-3.5221964988453607,44.37257829898604,1.351538985911781,46.0,165.0
용산구,서계동,스테이터울,2,고위험군,37.55142339,126.9655309,196954.1424,450212.0365,42.95662447,0.88989051128641,43.02168556674181,3.2261146119245123,46.0,165.0
용산구,이태원동,H호스텔,2,고위험군,37.52931063,126.9937982,199451.814,447757.2496,44.34334328,3.4670511408398568,40.74932755182241,-0.12578841078209718,46.0,165.0
용산구,한남동,서울미라마(유)그랜드하얏트서울,2,고위험군,37.5367936,126.9970254,199737.097,448587.753,39.17078529,-0.7018556617940703,39.872895870356956,-0.0035263700265721074,46.0,165.0
성동구,성동,스윗스팟성수,2,고위험군,37.54745731,127.052317,204623.2283,449772.5772,40.61094366,-1.6412957486241808,45.37802626087526,-1.303336268221426,46.0,165.0
마포구,동교동,비아르떼 서울,2,고위험군,37.554874,126.9280682,193644.0584,450596.8864,46.83425488,6.289995563637611,41.72220043016408,1.7485805819407232,46.0,165.0
마포구,노고산동,코코스테이,2,고위험군,37.55210431,126.9334754,194121.6196,450289.132,38.7656671,2.527384425138983,37.87594313048997,-0.5144781786418864,46.0,165.0
강서구,화곡동,해담채스테이,2,고위험군,37.52728435,126.8398255,185841.6526,447544.3947,31.96512779,-9.260998722154543,40.898863999604025,3.59526910404278,46.0,165.0
종로구,홍지동,씨케이 인 종로점,2,고위험군,37.5978767,126.958618,196345.5571,455368.0638,46.79405893,1.5619699554627502,47.626410075622815,2.2554595994842748,46.0,165.0
종로구,숭인동,서울 게스트하우스,2,고위험군,37.57188149,127.0156094,201378.9422,452482.2003,50.03752853,9.991460457355473,40.12813615319153,0.5571920938819604,46.0,165.0
종로구,관철동,어 베터 플레이스 (A BETTER PLACE),2,고위험군,37.56691314,126.9855653,198724.7407,451930.7547,42.10691938,5.1460854837843115,37.23860841386019,1.4964388768682275,46.0,165.0
종로구,숭인동,동미,2,고위험군,37.5726296,127.0200052,201767.2557,452565.3054,34.93091504,-2.366541804361745,38.02756516311281,1.0271398403441367,46.0,165.0
종로구,익선동,SAE WHA HOSTEL,2,고위험군,37.57198435,126.9895391,199075.8816,452493.5534,39.77307222,-1.9663334571884192,38.004936823198435,2.3340553443314866,46.0,165.0
종로구,창신동,순안,2,고위험군,37.5681032,127.010761,200950.6822,452062.794,36.75775525,-4.180703371893458,41.87953804093657,-0.5225878450264962,46.0,165.0
종로구,효제동,스타호스텔 동대문 스위트,2,고위험군,37.56891882,127.0021479,200189.7543,452153.266,27.00323146,-10.670119401343019,37.98510677629257,0.6196266263120414,46.0,165.0
종로구,명륜4가,호텔 달스테어(Hotel DALSTAIR),2,고위험군,37.58004227,126.9969759,199732.8774,453387.8425,58.33196648,9.257460155467953,38.91973516078132,2.363262435033441,46.0,165.0
종로구,관철동,한평,2,고위험군,37.56696198,126.9842319,198606.9413,451936.1943,34.17025885,-2.612465351532336,37.46374402601662,1.5927278827536246,46.0,165.0
종로구,창신동,현대,2,고위험군,37.56819149,127.0107164,200946.7409,452072.5927,35.54286008,-5.254509295135733,41.86751107302625,-0.5263551415901303,46.0,165.0
종로구,종로6가,저스트포유(JUST4U),2,고위험군,37.56882658,127.0066505,200587.535,452143.0471,48.90870587,8.429958344002834,40.393211198946624,-0.10323982313595531,46.0,165.0
종로구,창신동,동해,2,고위험군,37.56823753,127.0108347,200957.188,452077.7038,46.8412654,6.040983026456303,41.866191774061626,-0.5127946503898149,46.0,165.0
종로구,창신동,NOOK INN 누크인,2,고위험군,37.56817138,127.010478,200925.6806,452070.3583,33.12462701,-7.760553630609294,41.876406738400235,-0.5351493279163998,46.0,165.0
종로구,숭인동,만남모텔,2,고위험군,37.57340694,127.0214372,201893.7385,452651.609,35.8959241,-2.1745371680523746,37.85897456539375,1.217795375130532,46.0,165.0
종로구,숭인동,스테이 42 동묘,2,고위험군,37.57221599,127.0184885,201633.279,452519.372,56.48822658,18.5932486029102,38.36323310858528,0.8358971891214093,46.0,165.0
종로구,창신동,디디엠 스테이,2,고위험군,37.56858682,127.0114738,201013.6489,452116.4776,34.56898523,-6.683086262298062,41.7572020073041,-0.4164829905948625,46.0,165.0
종로구,창신동,대진,2,고위험군,37.56943843,127.0101945,200900.6186,452210.9833,43.95079617,2.646103137001745,41.77283500674666,-0.37759835160487204,46.0,165.0
종로구,관수동,풀리 미니호텔,2,고위험군,37.56718956,126.9905287,199163.2427,451961.3783,41.5548098,4.64626098366751,37.08397911984003,0.8901114275517674,46.0,165.0
종로구,관수동,브레드 힐 호텔(Bread Hill Hotel),2,고위험군,37.56708795,126.9905269,199163.0834,451950.1008,35.63344025,-1.4125787538391137,37.085592763019946,0.8704162855079468,46.0,165.0
종로구,숭인동,메종호텔,2,고위험군,37.57469579,127.0218552,201930.6264,452794.665,41.66958079,1.8218090940304918,37.74565029396663,1.344114143129155,46.0,165.0
종로구,숭인동,가야,2,고위험군,37.57401858,127.0216359,201911.2775,452719.498,58.72604468,19.37671541526212,37.79643603568116,1.2837203336862568,46.0,165.0
종로구,숭인동,메트로 21(Metro 21),2,고위험군,37.57022964,127.0193705,201711.2396,452298.926,36.32694724,-2.619574897509672,38.38005761317669,0.6177766778108829,46.0,165.0
종로구,효제동,어바웃스테이 동대문,2,고위험군,37.56951008,127.0033108,200292.4909,452218.892,35.15587756,-3.673512218605275,38.42330163969028,0.4625099434080317,46.0,165.0
종로구,효제동,구월호텔,2,고위험군,37.56884387,127.0025535,200225.5843,452144.9483,32.29166394,-4.957386751236811,37.7634719891007,0.5375816381799954,46.0,165.0
종로구,종로6가,디하이브,2,고위험군,37.56884393,127.0068372,200604.0252,452144.9739,32.48426828,-8.098361841190183,40.521751218725285,-0.12830277797490977,46.0,165.0
종로구,숭인동,호스텔 서울,2,고위험군,37.57569436,127.0215682,201905.2535,452905.4889,33.95162918,-2.9842572008537402,37.7582258806767,1.4070335500382425,46.0,165.0
종로구,창신동,창신기지,2,고위험군,37.56848774,127.0114066,201007.7117,452105.4801,58.70687078,17.695973862587422,41.776325470434806,-0.43496999538396997,46.0,165.0
종로구,창신동,이지스테이,2,고위험군,37.56959298,127.0093634,200827.1964,452228.1289,44.6088199,2.7643263034867616,41.69518452981981,-0.3394974750917258,46.0,165.0
종로구,효제동,제이오 호스텔 동대문,2,고위험군,37.56986057,127.0034356,200303.5112,452257.7927,33.50913576,-6.143518923581958,38.64415279744337,0.501737505054272,46.0,165.0
종로구,종로5가,라임모텔,2,고위험군,37.56856888,127.0004601,200040.6508,452114.4247,41.27516171,2.6215292369129486,38.10910244081602,0.829586999914339,46.0,165.0
종로구,숭인동,덕흥,2,고위험군,37.57367008,127.0214717,201896.7751,452680.8152,38.53511017,0.08886839261090529,37.830057997205294,1.2466658549488159,46.0,165.0
종로구,돈의동,Z 호텔,2,고위험군,37.56858936,126.9898379,199102.2361,452116.7462,29.43029865,-7.141287061422812,37.194152047422506,1.3422752342127902,46.0,165.0
종로구,필운동,수모텔,2,고위험군,37.57395332,126.9675412,197132.6501,452712.5301,41.02907176,-2.419861489869554,43.21949986966796,2.6934785171720215,46.0,165.0
종로구,창신동,한도,2,고위험군,37.56828544,127.0156007,201378.2407,452083.0805,30.77747565,-10.283985445919491,41.062905943763155,-0.0010438416609928865,46.0,165.0
종로구,숭인동,영진,2,고위험군,37.57332819,127.0214249,201892.6486,452642.8684,36.0576003,-1.6656430113282639,37.8692402303284,1.2114931910958442,46.0,165.0
종로구,명륜4가,소풍모텔,2,고위험군,37.58042554,126.9997149,199974.8179,453430.3768,39.1525801,2.8024754523314215,38.081594762870296,2.2288490543116164,46.0,165.0
종로구,종로5가,대동장(大同莊),2,고위험군,37.56872917,127.0019131,200169.0098,452132.2166,35.65537389,-2.4031786183415633,38.06851280187723,0.6195527299439121,46.0,165.0
종로구,관철동,우미관호텔,2,고위험군,37.56707898,126.9858974,198754.086,451949.1566,45.38043697,8.0765532097804,37.22971457281145,1.4950466673698721,46.0,165.0
종로구,창신동,토이 게스트하우스,2,고위험군,37.56855581,127.012486,201103.0655,452113.0472,41.68499332,-0.04329979992876787,41.707496059313875,-0.2877698516787239,46.0,165.0
종로구,숭인동,선라이즈(Sunrise),2,고위험군,37.57299352,127.0212126,201873.9088,452605.7197,35.00397822,-1.8287947283790231,37.89971277653045,1.1634790939639434,46.0,165.0
종로구,명륜4가,혜화여관,2,고위험군,37.5794505,126.9987863,199892.7874,453322.1592,43.00543775,5.153523100465975,38.666907006153245,2.2622321429629144,46.0,165.0
종로구,홍지동,종로 238,2,고위험군,37.59779306,126.9583077,196318.1531,455358.7928,47.32919591,2.147943905087942,47.57275125565142,2.252801405707013,46.0,165.0
종로구,관철동,엠제이 스테이,2,고위험군,37.566705,126.9841567,198600.2981,451907.6737,36.87224453,0.2445277177783609,37.43283221615139,1.544550862412327,46.0,165.0
중구,신당동,세화장여관,2,고위험군,37.54757845,127.0070693,200624.71,449784.7595,63.73001112,19.45535432060651,44.41104603948105,0.5104309592503604,46.0,165.0
중구,(회현동,동원여관,2,고위험군,37.55490708,126.9809224,198314.2907,450598.297,54.41302238,5.460719371045471,46.407242048478835,1.6772846780607247,46.0,165.0
중구,주교동,라이프인 청계,2,고위험군,37.56574695,126.9967838,199715.8574,451801.2282,39.97448974,2.0038334815512187,37.30406289743153,0.5297762088511364,46.0,165.0
중구,황학동,크리스티2,2,고위험군,37.56329068,127.0216644,201914.0679,451528.8269,37.95439684,-2.9117586454794164,40.8385161560522,-0.09580693768808766,46.0,165.0
중구,(필동,한일장모텔,2,고위험군,37.55791958,126.9942743,199494.0929,450932.493,36.9432646,-3.771500806219109,41.645397497473546,0.8766589756304117,46.0,165.0
중구,(광희동,그리다 DDP,2,고위험군,37.56298903,127.0053967,200476.8053,451495.1403,50.2522974,7.086063404496613,43.49233249145061,0.4725042987888489,46.0,165.0
중구,산림동,광신장여관,2,고위험군,37.56514549,126.9966723,199706.0016,451734.4736,55.19424843,17.376566954479827,37.633621090258664,0.5140313858991384,46.0,165.0
중구,명동,아트래블홈(ARTRAVEL HOME),2,고위험군,37.55881514,126.9832162,198517.0534,451032.0066,42.67144237,2.6398023186125954,41.02803806813254,1.3408549874827371,46.0,165.0
중구,을지로3가,지요크 을지로,2,고위험군,37.56285139,126.9899303,199110.3283,451479.8979,33.02704275,-4.333675459416185,37.18586219186197,0.9692332390791879,46.0,165.0
중구,(남산동,(주)더로드서울,2,고위험군,37.55615138,126.9832058,198516.0737,450736.361,51.80667462,8.32971439244119,44.8981691593542,1.443245945947818,46.0,165.0
중구,명동,하이 서울 호스텔 명동 센트럴,2,고위험군,37.5583226,126.9816113,198375.2321,450977.367,34.93704142,-6.272181910001294,42.20780069198346,1.4908237515273441,46.0,165.0
중구,남대문로5가,한블레싱(Hanblessing),2,고위험군,37.55159894,126.9741552,197716.2329,450231.2759,46.25973879,-3.033665049902055,41.41628434432759,2.080914193335673,46.0,165.0
중구,(광희동,넘버25호텔 동대문점,2,고위험군,37.56249772,127.0061175,200540.4915,451440.6146,48.62374821,4.802816390936357,43.62806084453545,0.4699760817616252,46.0,165.0
중구,명동,슬립박스(SLEEP BOX),2,고위험군,37.55921779,126.9847031,198648.4373,451076.6735,27.17299352,-12.697265165755859,40.97126669232791,1.2289599382342826,46.0,165.0
중구,황학동,인득여관,2,고위험군,37.56523964,127.0204086,201803.0656,451745.1137,36.33265081,-3.566164204757378,39.94395146349305,-0.22915831755555743,46.0,165.0
중구,신당동,한일여관,2,고위험군,37.56128515,127.0096517,200852.7596,451306.0598,49.06440075,5.758207245395489,43.559693526225864,0.3926116921417473,46.0,165.0
중구,주교동,트래블러스 A 코리아 호스텔,2,고위험군,37.56562443,126.9981173,199833.6663,451787.6267,26.98081157,-10.699833175286535,37.74158654595803,0.5815958455595243,46.0,165.0
중구,신당동,J모텔,2,고위험군,37.56126414,127.0133052,201175.5546,451303.7674,51.3624778,9.224580146327106,42.17971303521571,0.10959558282414938,46.0,165.0
중구,신당동,조이풀스테이(Joyful Stay),2,고위험군,37.56245881,127.0165259,201460.0902,451436.4068,32.59265257,-8.161671929560868,40.54099361843717,-0.4014594757239931,46.0,165.0
중구,신당동,타임스테이,2,고위험군,37.56254877,127.0182782,201614.907,451446.42,37.1456537,-2.4584207467779606,40.013826512183904,-0.41987224874702384,46.0,165.0
중구,(광희동,트리쉐이도호텔,2,고위험군,37.56259916,127.0051718,200456.9375,451451.8682,37.68394494,-5.641934075073259,43.451482549895765,0.5048726193686017,46.0,165.0
중구,신당동,재화여관,2,고위험군,37.56191425,127.0171769,201517.6227,451375.9774,31.38874892,-8.908504371179884,40.22139234966683,-0.3473133302646259,46.0,165.0
중구,신당동,S(에스)모텔,2,고위험군,37.5592684,127.0167706,201481.7731,451082.3129,35.56436047,-4.34364105378782,40.00899584614193,0.18603094570394244,46.0,165.0
중구,을지로7가,백금여관,2,고위험군,37.56224445,127.00925,200817.2577,451412.5273,40.09465915,-3.505392132677919,43.65267196109983,0.3018737960040556,46.0,165.0
중구,남학동,진포레스트인(JIN FOREST Inn),2,고위험군,37.55791929,126.9904146,199153.0654,450932.4886,54.48620758,14.416435947465509,40.347801914851516,1.0062488628013933,46.0,165.0
중구,신당동,은성여관,2,고위험군,37.56201847,127.01763,201557.6539,451387.552,44.83448931,4.8855939721752435,40.044594102295015,-0.36866473693498847,46.0,165.0
중구,초동,호텔베네,2,고위험군,37.56229779,126.9916416,199261.5166,451418.44,36.83462921,-2.618737519093422,37.95568145643129,0.8884704538226548,46.0,165.0
중구,(광희동,호텔 아라,2,고위험군,37.56264071,127.0047345,200418.3012,451456.4778,37.89811068,-5.169379456754129,43.30496539265311,0.5194713589287405,46.0,165.0
중구,북창동,피넛호텔,2,고위험군,37.55942482,126.9770407,197971.4237,451099.7892,40.49299842,0.5947792653461121,41.34684721767259,1.7603507762432495,46.0,165.0
중구,신당동,청구 리빙텔,2,고위험군,37.55972529,127.0140647,201242.6817,451132.983,36.44685439,-5.014852383082463,41.417998390932,0.30619465835855886,46.0,165.0
중구,신당동,야코리아 게스트하우스,2,고위험군,37.55703059,127.0123014,201086.9289,450833.8814,44.50329156,2.404154537458325,42.194234433368734,0.6297081956687346,46.0,165.0
중구,산림동,화성여관,2,고위험군,37.56537071,126.9960702,199652.8115,451759.4724,34.62094554,-2.8029251753265143,37.401792701162094,0.481525478249728,46.0,165.0
중구,신당동,성도여관,2,고위험군,37.56123239,127.0132212,201168.1343,451300.2425,55.29117997,13.126012726681296,42.208096828509106,0.12372160239147975,46.0,165.0
중구,황학동,대림,2,고위험군,37.5634477,127.0221786,201959.4955,451546.2648,40.59147195,-0.458877827831337,41.0451674103044,-0.030627000546564406,46.0,165.0
중구,남창동,황금장여관,2,고위험군,37.55485434,126.9769752,197965.5104,450592.5216,58.11570833,12.343310806952935,42.88852855596525,1.8022384995621492,46.0,165.0
중구,산림동,상원장,2,고위험군,37.56530472,126.9962994,199673.0571,451752.1475,44.70278919,7.02178459565561,37.46968983163667,0.4958610390441809,46.0,165.0
중구,산림동,H2O,2,고위험군,37.56416937,126.9942189,199489.2406,451626.1462,27.36606951,-10.521774247521318,37.87937880461428,0.5793846261057595,46.0,165.0
중구,황학동,중앙여관,2,고위험군,37.56691122,127.0177256,201565.9953,451930.5914,39.75988958,-0.3264114791627435,40.14323510243349,-0.07112131695398483,46.0,165.0
중구,북창동,호텔 문(hotel moon),2,고위험군,37.55959687,126.9775768,198018.7937,451118.8733,35.50166098,-4.025413345703427,41.25164764701033,1.710624085225669,46.0,165.0
중구,남창동,노마드호스텔,2,고위험군,37.55419408,126.9758113,197862.6529,450519.2665,31.90686691,-11.96974516314543,41.98981411255784,1.7502283021920564,46.0,165.0
중구,중림동,다림여인숙,2,고위험군,37.55551958,126.9675696,197134.4538,450666.6005,44.35497193,-0.35688238220705415,44.21052619447854,2.995412077975823,46.0,165.0
중구,명동,57 명동 호스텔,2,고위험군,37.55824724,126.9826565,198467.5818,450968.9854,37.44411815,-4.0305069238659925,42.18597630817411,1.4118343171299088,46.0,165.0
중구,신당동,쉐어하우스 다함,2,고위험군,37.55482988,127.0106132,200937.7867,450589.6106,34.56352014,-7.684632648780351,42.44995437298436,0.6249052659686541,46.0,165.0
중구,신당동,그리네 스테이,2,고위험군,37.56247269,127.0181304,201601.8512,451437.9735,50.58848177,10.980709836092196,40.00055366673905,-0.42987110295364583,46.0,165.0
중구,황학동,창덕여인숙,2,고위험군,37.56373275,127.0179396,201584.967,451577.8221,50.63477071,10.261901086320606,40.006296325446826,-0.5018712980537339,46.0,165.0
중구,(만리동,천안 여인숙,2,고위험군,37.55375612,126.9669521,197079.8183,450470.8965,40.94413181,-3.3024221922093133,44.292781427270974,3.095515208344317,46.0,165.0
중구,(장충동,장충인(J C INN),2,고위험군,37.55828977,127.0044674,200394.7263,450973.5737,41.81657639,-1.6959188829336895,43.70061190484722,0.5865142856267671,46.0,165.0
중구,을지로7가,박포루,2,고위험군,37.56219798,127.009432,200833.3321,451407.3712,45.70415764,2.0964506752670644,43.62552077947624,0.2958362465245368,46.0,165.0
중구,(광희동,왕도여관,2,고위험군,37.56253871,127.0053044,200468.6489,451445.1597,38.48646871,-4.8656705059434415,43.49069078863875,0.5014466816425264,46.0,165.0
용산구,서계동,금강,2,고위험군,37.55085442,126.9662031,197013.5185,450148.8661,37.57168604,-3.2765871841242955,43.16838708681992,3.2328901442181985,46.0,165.0
용산구,(청파동,한글게스트하우스,2,고위험군,37.54166996,126.9694399,197299.2119,449129.4041,42.59103974,-2.6062081055822404,47.24760267821977,3.468331420458965,46.0,165.0
용산구,서계동,계림모텔,2,고위험군,37.55143152,126.9661315,197007.2137,450212.9195,43.53947443,3.4321422131467543,43.18675253292979,3.224140929370516,46.0,165.0
용산구,(청파동,신진장,2,고위험군,37.54626035,126.9696446,197317.4662,449638.8759,64.26579662,6.648559552647178,43.43081975105783,3.2824905613108784,46.0,165.0
용산구,후암동,스위트75서울역점,2,고위험군,37.54972353,126.9757675,197858.6521,450023.09,57.05694425,15.234428115680124,42.18882749665292,2.0265738695852655,46.0,165.0
용산구,이태원동,뷰 모텔,2,고위험군,37.531191,126.9958013,199628.8782,447965.9376,42.05678898,1.333452657443857,40.94228738641439,-0.12549996700895183,46.0,165.0
용산구,동자동,광주여인숙,2,고위험군,37.55051278,126.9741946,197719.6876,450110.7243,44.56725223,0.6875655136165975,42.04991832819613,2.3039384393729754,46.0,165.0
용산구,남영동,로망스모텔,2,고위험군,37.54136675,126.9725538,197574.3988,449095.6666,42.11372007,-7.347845841605391,48.958926207277656,3.211487102542693,46.0,165.0
용산구,동자동,서울네스트,2,고위험군,37.55022009,126.9753306,197820.0591,450078.2122,43.23672609,1.453351683409835,42.01698760388592,2.0392321978080883,46.0,165.0
용산구,(용산동,스테이코,2,고위험군,37.5314273,126.9740431,197705.711,447992.4723,38.87550836,0.5353263737837395,40.36509001587583,2.0937847437435555,46.0,165.0
용산구,원효로2가,크래쉬인 용산,2,고위험군,37.5333324,126.9607882,196534.2236,448204.3208,47.846509,7.347889651976757,39.723116228758265,1.4167899307704759,46.0,165.0
용산구,남영동,지용산인,2,고위험군,37.53912265,126.9726027,197578.6496,448846.5976,44.46064439,-0.22843411334739017,47.88220891051189,3.1921270096637424,46.0,165.0
용산구,이태원동,현대,2,고위험군,37.52919726,126.9961934,199663.5282,447744.6557,43.4161129,1.6966531793865869,41.524627296275185,-0.18726853519494135,46.0,165.0
용산구,(청파동,동산장,2,고위험군,37.54393815,126.9688855,197250.2985,449381.1617,48.02565565,-9.621708675752451,46.69291890847721,3.4141290242424263,46.0,165.0
용산구,남영동,코지 모텔,2,고위험군,37.54191116,126.9726015,197578.6329,449156.0883,46.81847571,-1.5403199806530665,49.266862596130544,3.1951857482106156,46.0,165.0
용산구,이태원동,KAZI FAMILY HOTEL(카지패밀리호텔),2,고위험군,37.52867881,126.9957038,199620.2475,447687.116,46.66331313,5.069362376743257,41.389821417696275,-0.19229061182205218,46.0,165.0
용산구,이태원동,이태원모텔,2,고위험군,37.53110489,126.9936781,199441.2134,447956.3909,55.66755603,15.392438768237838,40.29092043611929,-0.06815973764449944,46.0,165.0
용산구,갈월동,더메종컴퍼니,2,고위험군,37.54016648,126.9714266,197474.7366,448962.4809,49.46843396,2.4887853002900115,47.87246476040984,3.3569872107709418,46.0,165.0
용산구,동자동,경기,2,고위험군,37.55029277,126.9734347,197652.5306,450086.3245,40.78256731,-4.322214113638303,42.411602356711775,2.5139609768269047,46.0,165.0
용산구,후암동,서광,2,고위험군,37.55193238,126.9765224,197925.4214,450268.2289,32.70554029,-8.260057797092976,41.50989440202103,1.7381380676738312,46.0,165.0
용산구,동자동,나나장,2,고위험군,37.55044744,126.9745591,197751.895,450103.4635,43.06447744,1.4396035697317657,42.01015689277604,2.2084055643086167,46.0,165.0
용산구,동자동,서정여인숙,2,고위험군,37.55041744,126.9737056,197676.4711,450100.1546,40.17836539,-5.111551637267276,42.25757842544305,2.4298440644895414,46.0,165.0
용산구,동자동,성남여인숙,2,고위험군,37.55028632,126.9737328,197678.8732,450085.6012,39.20245565,-5.363270832248709,42.34124188387499,2.4512054392578055,46.0,165.0
용산구,동자동,광신여인숙,2,고위험군,37.55032361,126.9738668,197690.7154,450089.7367,39.5687293,-4.885053090248967,42.26874713279106,2.411231431881083,46.0,165.0
용산구,동자동,미경여인숙,2,고위험군,37.55026667,126.9738536,197689.5428,450083.4173,33.17587756,-11.088794603579231,42.3024207066796,2.4266288509001845,46.0,165.0
용산구,동자동,송림여인숙,2,고위험군,37.5502854,126.973681,197674.2932,450085.5004,58.94523885,14.299600222989575,42.357768252333194,2.4644379569894643,46.0,165.0
성동구,송정동,건대스테이,2,고위험군,37.54594785,127.0631179,205577.8078,449605.6313,40.70060303,-0.33688964425748225,44.68513890128322,-1.362330921262254,46.0,165.0
용산구,서계동,MK 리버티하우스,2,고위험군,37.55183526,126.9678297,197157.2945,450257.6771,40.6847221,-3.107312325288362,43.1301233847592,3.1159665562681975,46.0,165.0
용산구,동자동,덕성,2,고위험군,37.55051627,126.9743702,197735.2012,450111.1074,44.43159593,1.7214623925238968,41.99292950584217,2.247515799692648,46.0,165.0
용산구,동자동,명신,2,고위험군,37.55014919,126.9737769,197682.7624,450070.3803,52.60761495,8.53603628431599,42.40177979880279,2.468794009881415,46.0,165.0
용산구,동자동,24게스트 하우스 모텔 서울역,2,고위험군,37.54890816,126.9733025,197640.8014,449932.6527,37.36896655,-3.68204480595746,43.21479204602686,2.6977844369770096,46.0,165.0
용산구,보광동,삼성장,2,고위험군,37.52394807,127.0015803,200139.6906,447162.0554,45.58448818,4.35681060028994,42.26124796118644,-0.3936590557189278,46.0,165.0
용산구,(용산동,수정여관,2,고위험군,37.53137311,126.973614,197667.7801,447986.4684,35.80130093,-4.191734259931721,40.383751503703856,2.148669209197719,46.0,165.0
성동구,성동,복래여관,2,고위험군,37.54590134,127.0231574,202046.4475,449598.8491,62.00238696,17.887656091434557,43.431571447345696,-0.6693286523215066,46.0,165.0
성동구,마장동,제이하우스,2,고위험군,37.56687292,127.0360577,203185.5726,451926.804,49.09968426,6.041515595627487,42.97531102169908,0.7350473236411219,46.0,165.0
성동구,행당동,모텔로,2,고위험군,37.55763832,127.0324228,202864.7962,450901.7552,35.42208879,-6.819423609994487,42.24152115320185,8.30385625538721e-06,46.0,165.0
성동구,성동,천일장여관,2,고위험군,37.53247613,127.0555995,204914.2771,448110.0155,45.84143812,-0.1964620001853632,44.44597252073931,-1.4996018638546982,46.0,165.0
성동구,성동,크리스호스텔,2,고위험군,37.55120472,127.0190163,201680.3776,450187.3783,35.77931754,-6.192337102253106,41.97248995790865,-0.03025268375104595,46.0,165.0
성동구,홍익동,대우장여관,2,고위험군,37.56270306,127.035107,203101.7571,451463.9667,42.1027565,-1.7485564668167868,42.59722506717924,0.4989519419260908,46.0,165.0
성동구,성동,조이게스트하우스,2,고위험군,37.54562637,127.0228753,202021.5298,449568.3246,48.10291382,3.9101338011843367,43.46829644369852,-0.6932671939808556,46.0,165.0
성동구,마장동,동원장모텔,2,고위험군,37.56420552,127.0356442,203149.1509,451630.7399,36.74203689,-6.430584992706663,42.730901193740195,0.5973135954489324,46.0,165.0
성동구,도선동,스테이나라,2,고위험군,37.56172032,127.0294848,202605.0564,451354.7234,43.650679,0.8042221669639744,43.20548073660725,0.40411686944874126,46.0,165.0
성동구,홍익동,동신모텔,2,고위험군,37.56262655,127.0347484,203070.0729,451455.4632,40.94693746,-2.7565446456160174,42.60827558162021,0.5048807017392348,46.0,165.0
성동구,성동,제일,2,고위험군,37.53473267,127.0526024,204649.2363,448360.3112,49.97819144,3.748366101165118,44.64056145645193,-1.4970926322326146,46.0,165.0
성동구,하왕십리동,신도,2,고위험군,37.5617234,127.027207,202403.8129,451355.0046,44.44295334,0.9517238983101493,43.82982752537235,0.3253313385609353,46.0,165.0
성동구,하왕십리동,현대모텔,2,고위험군,37.55842931,127.0314669,202780.3024,450989.517,50.8666755,8.560876969196755,42.33312802332036,0.12144674880440892,46.0,165.0
성동구,성동,솔 스테이,2,고위험군,37.54565722,127.0233463,202063.1493,449571.7588,50.35639762,6.180493434407396,43.44587342210995,-0.7040864877692153,46.0,165.0
성동구,송정동,스테이온,2,고위험군,37.54577776,127.0644083,205691.855,449586.8307,47.21299928,6.2354361698060785,44.628084651272154,-1.3660745889216692,46.0,165.0
성동구,성동,별장여관,2,고위험군,37.54554836,127.0245214,202167.0006,449559.7031,35.93977914,-8.287555739790989,43.398652064257035,-0.8248003900826987,46.0,165.0
성동구,성동,중앙여관,2,고위험군,37.54429402,127.0183856,201624.7905,449420.3628,44.79477782,0.49223347506951143,43.611790887147706,-0.6506923889727072,46.0,165.0
성동구,마장동,태양장,2,고위험군,37.56218111,127.0393524,203476.8695,451406.1849,44.65470187,2.4066254444878865,42.36097630968655,0.2249469382197383,46.0,165.0
성동구,성동,동명여인숙,2,고위험군,37.53230656,127.0555696,204911.649,448091.1937,59.12953397,13.10763464522519,44.42748927559079,-1.5019403409658927,46.0,165.0
성동구,성동,명성,2,고위험군,37.53439019,127.048611,204296.479,448322.1103,48.32562601,2.0168494112131654,44.69825725498287,-1.5171153578736125,46.0,165.0
성동구,성동,유성장,2,고위험군,37.53463035,127.052844,204670.599,448348.9669,50.15538602,3.938731857394373,44.6281728845789,-1.496355415947356,46.0,165.0
성동구,성동,로얄장,2,고위험군,37.53380845,127.0544569,204813.2021,448257.8275,45.66509387,-0.4822267686329482,44.55619094327386,-1.4988502351647952,46.0,165.0
마포구,노고산동,지 하우스 글로벌(G House Global),2,고위험군,37.5505068,126.9355912,194308.4577,450111.6973,40.43776725,0.05629244023747759,40.56348805283953,-1.4749146181130848,46.0,165.0
마포구,도화동,가나모텔,2,고위험군,37.53638047,126.9468898,195305.9836,448543.222,47.32918203,7.3327474350307185,39.833763228167356,-0.3765158037087593,46.0,165.0
마포구,아현동,대명,2,고위험군,37.55359223,126.952867,195835.2195,450453.2374,57.73055337,15.966777780537292,42.00785116447287,0.26383298232763935,46.0,165.0
마포구,서교동,니도나도(Nido Nado),2,고위험군,37.55183851,126.9209181,193011.9826,450260.4907,50.33673033,7.953195668018232,40.42384215794738,3.4951691403008467,46.0,165.0
마포구,신수동,일육육삼,2,고위험군,37.54878014,126.9361703,194359.4994,449920.0239,32.67784652,-6.950375841624151,39.60057015097001,-1.6400228517637083,46.0,165.0
마포구,염리동,국제여인숙,2,고위험군,37.55347723,126.9458468,195214.8944,450440.808,34.99767094,-2.426551383212825,40.39723791413357,-1.7276259381688335,46.0,165.0
마포구,공덕동,나루호스텔,2,고위험군,37.54468753,126.9540917,195942.9594,449464.8693,34.33305106,-4.66012116428513,38.325724796787284,0.9700104440223006,46.0,165.0
마포구,노고산동,모텔산타페,2,고위험군,37.55084724,126.9348696,194244.7209,450149.526,37.76048267,-2.6891857113831676,39.452143650687404,-1.1568171366847366,46.0,165.0
마포구,염리동,호성여관,2,고위험군,37.55368716,126.946585,195280.1394,450464.0704,38.49533736,-2.3571655848580946,40.45400791677116,-1.6914301923992554,46.0,165.0
마포구,합정동,포근 합정,2,고위험군,37.54961986,126.9106574,192105.0734,450015.0593,39.25722592,-5.1918482770946355,41.339770540946624,1.2246969297309853,46.0,165.0
마포구,망원동,남양,2,고위험군,37.55218651,126.9096264,192014.241,450300.0138,37.60647679,-4.639353859529145,42.596787009762416,1.327372695173336,46.0,165.0
마포구,노고산동,1965 신촌인,2,고위험군,37.5514384,126.9353109,194283.7608,450215.1107,58.09072899,17.75499529537465,40.30497587579873,-1.3085407505582345,46.0,165.0
강서구,화곡동,유휴,2,고위험군,37.5271913,126.8416551,186003.3552,447533.7935,43.49177904,1.9189678558589094,40.920227266354956,3.5651403248794047,46.0,165.0
강서구,방화동,대우장,2,고위험군,37.57017485,126.809119,183137.0632,452309.7956,44.22899048,1.4678588455498698,42.46881930563772,2.735570896659502,46.0,165.0
강서구,화곡동,금성여관,2,고위험군,37.53978025,126.8423106,186063.639,448930.9158,49.39818887,10.140470243023493,41.45576155184227,3.1661264149932826,46.0,165.0
강서구,화곡동,진리스테이,2,고위험군,37.52662515,126.8387362,185745.2358,447471.3962,32.06073962,-4.9637776503283675,40.86533883639093,3.618068548597926,46.0,165.0
강서구,방화동,뱅크모텔,2,고위험군,37.56069828,126.807269,182971.4712,451258.3396,46.57773803,3.7838225243580297,42.21491654284775,3.012182604714507,46.0,165.0
강서구,화곡동,쟈스민모텔,2,고위험군,37.54352172,126.8465063,186435.1269,449345.5602,38.09572469,-2.2804567816483754,41.66444705179556,2.8066567275189183,46.0,165.0
강서구,화곡동,제일여관,2,고위험군,37.53914304,126.8416655,186006.5095,448860.289,45.27344965,4.338670144958115,41.42246069114585,3.231148812474745,46.0,165.0
강서구,화곡동,랑뷰티크호텔(RANG BEAUTIQUE HOTEL),2,고위험군,37.54416568,126.8453143,186329.9034,449417.2046,51.819899,10.477929609259107,41.679772322994175,2.83828528066452,46.0,165.0
강서구,화곡동,케이투(K2),2,고위험군,37.52702441,126.8382612,185703.3239,447515.7812,26.78951372,-10.341259066495201,40.886725912854345,3.619443899005995,46.0,165.0
강서구,화곡동,빅토리아여관,2,고위험군,37.5266304,126.8388304,185753.5618,447471.9646,32.16138093,-4.864787573028416,40.86562450503669,3.616782182056044,46.0,165.0
강서구,화곡동,러브레터,2,고위험군,37.55072259,126.8507671,186812.9437,450144.1643,47.77112333,0.09957378034366826,42.16964150959834,2.29780008543755,46.0,165.0
강서구,화곡동,보성장,2,고위험군,37.52926828,126.8385501,185729.291,447764.7793,37.50695166,-4.595563200680893,40.99604245184081,3.5462827602714473,46.0,165.0
강서구,화곡동,오프 스테이,2,고위험군,37.54380947,126.8451199,186312.6558,449377.6979,42.38123224,-0.49883770180883147,41.661838667913045,2.847793875210377,46.0,165.0
강서구,방화동,대성여인숙,2,고위험군,37.57037515,126.8076512,183007.441,452332.291,29.97668648,-11.00310554437004,42.46459333290269,2.752121767527244,46.0,165.0
영등포구,신길동,은하수여관,2,고위험군,37.51149962,126.9195208,192884.6801,445783.4764,41.97676521,0.6716251600297127,41.96242453754273,2.792609140011556,46.0,165.0
영등포구,(양평동,호텔 리버트리,2,고위험군,37.53378131,126.8981776,191000.3682,448258.2936,33.23440284,-10.76125033251843,42.44096500823047,1.5548652154636358,46.0,165.0
영등포구,(당산동,당산 KS Stay,2,고위험군,37.53108375,126.9022621,191361.0673,447958.5146,52.16075079,8.823038837894956,41.595739488825714,1.835698225314818,46.0,165.0
영등포구,대림동,파나마모텔,2,고위험군,37.48740718,126.902949,191416.7793,443110.9093,43.86986944,5.290112024261802,40.46429939147754,2.4483552332336362,46.0,165.0
영등포구,대림동,보성장여관,2,고위험군,37.48659256,126.9036107,191475.2103,443020.437,39.98700454,0.1380730166649755,40.47651608248311,2.4356537396189086,46.0,165.0
영등포구,신길동,신길하우스,2,고위험군,37.50873312,126.9156566,192542.7671,445476.7293,41.73931683,-1.981166129777101,41.773956813285864,2.6966629767593004,46.0,165.0
영등포구,(영등포동,Q모텔,2,고위험군,37.5153198,126.9089882,191953.8803,446208.3165,47.61313824,6.010013835791668,40.29695985610583,2.751751409522755,46.0,165.0
영등포구,대림동,행운여인숙,2,고위험군,37.48671561,126.903718,191484.7141,443034.0843,45.89993233,6.686909060306924,40.47434465555356,2.436161271669624,46.0,165.0
영등포구,신길동,파크여관,2,고위험군,37.50920872,126.9096699,192013.5045,445530.0061,53.1796202,13.065939756235707,41.63081559686326,2.669146697161085,46.0,165.0
영등포구,신길동,삼성장여관,2,고위험군,37.50441709,126.9091691,191968.706,444998.2392,30.96093562,-7.261564469250899,40.29515308864377,2.6162744227240955,46.0,165.0
영등포구,(영등포동,은성장모텔,2,고위험군,37.51592269,126.9036664,191483.4632,446275.6981,40.32445922,-1.4675704301961687,39.04031840274523,2.6922567082572124,46.0,165.0
영등포구,신길동,스테이플라츠,2,고위험군,37.51066101,126.9195249,192884.9665,445690.401,44.40153166,0.9124490749263003,41.957220072250166,2.779749442828713,46.0,165.0
영등포구,신길동,동원여관,2,고위험군,37.50789505,126.9125001,192263.5929,445383.9691,49.09064347,5.989129419743755,41.52252101166221,2.673771628507759,46.0,165.0
영등포구,신길동,엔엠다다름 호텔(N.M.Dadareum Hotel),2,고위험군,37.50471213,126.9095027,191998.2416,445030.9564,36.78014242,-7.9671167995483145,40.37930967226835,2.6223735126180783,46.0,165.0
영등포구,신길동,플라워하우스,2,고위험군,37.49712203,126.9072053,191794.2707,444188.7511,40.9211515,1.4747410505906657,40.11457209594893,2.5298727179430456,46.0,165.0
영등포구,(영등포동,자매여인숙,2,고위험군,37.51799546,126.9062536,191712.4235,446505.5184,61.94283657,18.460379075182566,38.766085894276756,2.738046035051158,46.0,165.0
영등포구,(당산동,향도여관,2,고위험군,37.51960274,126.8976129,190948.7395,446684.7025,25.60721237,-11.981979268573838,39.99401640749881,2.6968978492167817,46.0,165.0
영등포구,신길동,로체모텔,2,고위험군,37.50965931,126.9232469,193213.9469,445578.9502,44.86106513,0.4217233191961114,41.91839938604403,2.806192787521922,46.0,165.0
영등포구,(당산동,수경여관,2,고위험군,37.51920985,126.8979333,190977.0154,446641.0659,30.79141449,-7.840069107623087,39.86150633659055,2.6944205538355064,46.0,165.0
영등포구,신길동,성원여인숙,2,고위험군,37.50884384,126.9099462,192037.8947,445489.4857,47.42182048,6.819845683694865,41.619370428562746,2.6662290453775315,46.0,165.0
영등포구,신길동,미화여관,2,고위험군,37.50932383,126.9170005,192661.6452,445542.185,44.28060089,3.3427539541704974,41.858916818336425,2.7143893360010987,46.0,165.0
영등포구,(영등포동,경화장,2,고위험군,37.51553369,126.9091914,191971.8676,446232.0383,47.7639538,6.212670241354921,40.244270929175265,2.7535380979620454,46.0,165.0
영등포구,(영등포동,대지여인숙,2,고위험군,37.51792497,126.9052886,191627.1073,446497.7803,24.52205611,-13.719623343399192,38.763729404247,2.708968654891609,46.0,165.0
영등포구,신길동,수정장여관,2,고위험군,37.49862932,126.9161197,192582.7083,444355.3009,47.48366481,4.566831228562883,40.46172007186097,2.550574555040263,46.0,165.0
영등포구,(영등포동,유토피아모텔,2,고위험군,37.51541218,126.9088895,191945.168,446218.578,43.28420513,1.9543000856044301,40.21403599472199,2.7508142891664944,46.0,165.0
영등포구,신길동,아로마 여인숙,2,고위험군,37.51155879,126.9191102,192848.3829,445790.0746,46.47175286,5.611982464640725,41.96721030009644,2.783575984533774,46.0,165.0
영등포구,(영등포동,헬로호텔,2,고위험군,37.5149741,126.9063477,191720.4077,446170.1773,35.99276125,-0.9653768058522658,39.605882290205564,2.724895241487026,46.0,165.0
영등포구,(당산동,스테이앤유,2,고위험군,37.51869207,126.895863,190793.9332,446583.7994,43.09597904,4.404293180628933,40.314553660294784,2.6948207517428107,46.0,165.0
영등포구,(당산동,남선여인숙,2,고위험군,37.51864741,126.8980153,190984.2021,446578.6343,32.76152802,-6.265402459678704,39.74986588495163,2.6974792773398297,46.0,165.0
영등포구,(영등포동,코코빌,2,고위험군,37.52219975,126.9048615,191589.8287,446972.2654,34.36703318,-4.4694862397902355,39.00947274794374,2.637504193188611,46.0,165.0
영등포구,(당산동,아폴로 스테이,2,고위험군,37.51991087,126.8919494,190448.1094,446719.4611,55.07311762,9.923032044866126,41.502976088708,2.673769529268112,46.0,165.0
영등포구,(영등포동,대성 여인숙,2,고위험군,37.51724897,126.9074611,191819.0902,446422.5617,34.80797381,-5.585498470518914,38.92221516115851,2.761312803947961,46.0,165.0
영등포구,신길동,세일장,2,고위험군,37.49525284,126.9064822,191730.1181,443981.3586,34.99653058,-8.42811734974893,40.23210685908622,2.511221564710464,46.0,165.0
영등포구,신길동,스마일 여관,2,고위험군,37.5033311,126.9111448,192143.2842,444877.5415,31.78445698,-5.743395851197889,40.16369853652799,2.600593074040909,46.0,165.0
영등포구,(양평동,세종,2,고위험군,37.51885231,126.8903577,190307.2709,446602.137,51.26900389,11.431377978332627,41.6505144963579,2.707426128624624,46.0,165.0
영등포구,(영등포동,아너스빌,2,고위험군,37.51930327,126.9037364,191490.0417,446650.8936,34.38712194,-8.923761854274694,38.533644280887955,2.6981204982380684,46.0,165.0
영등포구,(당산동,남영모텔,2,고위험군,37.53189077,126.9033313,191455.6594,448047.9862,41.11259538,0.7959392039429076,42.00416807995469,1.7093021146015999,46.0,165.0
영등포구,(영등포동,대우장여인숙,2,고위험군,37.51809093,126.904862,191589.4082,446516.2379,27.76935226,-12.44406884928409,38.83920913669047,2.7136619858503708,46.0,165.0
영등포구,(영등포동,은성장여관,2,고위험군,37.5180854,126.9050187,191603.2623,446515.6101,26.94936898,-13.255641461833566,38.81173698294086,2.710379261200996,46.0,165.0
영등포구,(당산동,포켓서울,2,고위험군,37.51966086,126.8967011,190868.1395,446691.2413,41.96906074,3.6532064856484467,40.192466610802256,2.7011333045156904,46.0,165.0
영등포구,(영등포동,플로렌스,2,고위험군,37.51560513,126.9089205,191947.9338,446239.9903,46.77924573,5.677660916747577,40.120807004800355,2.753473306891308,46.0,165.0
영등포구,신길동,슬로우서울(영등포),2,고위험군,37.49497212,126.9068495,191762.5716,443950.1701,40.0091974,-2.484471429777251,40.244933835401184,2.508042926439857,46.0,165.0
영등포구,신길동,제일여인숙,2,고위험군,37.49535984,126.9078097,191847.5238,443993.1184,46.39387997,2.198632451055893,40.20149632487395,2.5075678670317774,46.0,165.0
영등포구,신길동,수원여인숙,2,고위험군,37.5097972,126.9238009,193262.9362,445594.2144,43.40146219,-0.8517140972366448,41.92570269180342,2.8032868672136306,46.0,165.0
영등포구,신길동,신길스테이,2,고위험군,37.51081671,126.918208,192768.5444,445707.7821,50.22853987,5.20165328752163,41.9823778827274,2.7565433561946984,46.0,165.0
영등포구,신길동,테마모텔,2,고위험군,37.50959552,126.9234415,193231.1429,445571.8563,56.76860324,12.318239567681069,41.91699996263563,2.7984186257505157,46.0,165.0
영등포구,(당산동,리비니하우스,2,고위험군,37.51943218,126.8977271,190958.8189,446665.7615,46.00940168,8.5102070428417,39.963836946225776,2.69826375636189,46.0,165.0
영등포구,(당산동,성심여인숙,2,고위험군,37.51874802,126.8983984,191018.0806,446589.7641,29.43365768,-10.497851669503543,39.68688140812974,2.7026788885461905,46.0,165.0
영등포구,(영등포동,제일여인숙,2,고위험군,37.51903649,126.9030905,191432.9119,446621.343,36.4793173,-4.054928922003199,38.684170580336726,2.696914850888262,46.0,165.0
영등포구,신길동,금산여관,2,고위험군,37.51157915,126.9187933,192820.3734,445792.3584,44.20411714,3.384419475359948,41.97232781205293,2.781801323418323,46.0,165.0
영등포구,신길동,옥성여관,2,고위험군,37.49345278,126.9079467,191859.4301,443781.4477,48.52918424,6.587097702433546,40.2843005160362,2.4827508749726905,46.0,165.0
영등포구,(영등포동,백송여인숙,2,고위험군,37.51790548,126.9077354,191843.4085,446495.4023,60.24121045,16.892784796361276,38.77855832675463,2.7685993839831573,46.0,165.0
영등포구,대림동,대흥장 여관,2,고위험군,37.48564409,126.9028456,191407.4291,442915.2389,42.43450728,-1.2113392048642098,40.487519172507426,2.434026052281455,46.0,165.0
영등포구,신길동,경남여인숙,2,고위험군,37.50425695,126.9092527,191976.0808,444980.4586,31.52402527,-7.004391780686536,40.27442005618816,2.6144124075061823,46.0,165.0
영등포구,(당산동,서울스테이,2,고위험군,37.52369543,126.8974721,190936.7857,447138.9535,48.17239464,5.998388148164615,40.703135043299774,2.589799539204752,46.0,165.0
영등포구,(영등포동,에덴여인숙,2,고위험군,37.51773847,126.9020827,191343.6624,446477.3713,51.9713941,7.766223442660298,39.12712224781292,2.690860928064798,46.0,165.0
영등포구,(영등포동,하나장여관,2,고위험군,37.51512537,126.9074189,191815.1275,446186.8726,41.37330111,1.8163137296427152,39.86390854324837,2.7377120838338187,46.0,165.0
영등포구,신길동,모아여인숙,2,고위험군,37.49571698,126.9079211,191857.4182,444032.7466,38.42266229,-5.408192910206033,40.18320859785081,2.51137224994773,46.0,165.0
영등포구,(영등포동,삼일여관,2,고위험군,37.51429313,126.9065718,191740.1422,446094.5785,35.34595885,-6.016838269358672,40.050311272542984,2.719203051465108,46.0,165.0
영등포구,(당산동,삼성여인숙,2,고위험군,37.51898252,126.900284,191184.8007,446615.6123,32.50609722,-7.144846298563095,39.35947342746066,2.6876353161185644,46.0,165.0
영등포구,(영등포동,대진여인숙,2,고위험군,37.51811386,126.9071551,191792.1267,446518.5803,37.39044122,-6.007217245798273,38.74435013387972,2.750969148871544,46.0,165.0
영등포구,신길동,삼화여관,2,고위험군,37.49716012,126.9074689,191817.5821,444192.9556,41.57385389,2.199201835528605,40.10465822125923,2.52919960311229,46.0,165.0
영등포구,신길동,대성장여관,2,고위험군,37.50887033,126.9154404,192523.6628,445491.9751,43.04772582,-0.7366433229177858,41.78497577495129,2.701990349752853,46.0,165.0
강남구,역삼동,뉴성심장,2,고위험군,37.49803822,127.0393026,203475.44,444287.117,35.77918864,-6.200332248918805,41.9316233725783,0.11353854977849868,46.0,165.0
강남구,역삼동,강남648호텔,2,고위험군,37.49724076,127.0310653,202747.0605,444198.337,40.55707327,-1.9971972357697467,42.18367422115847,0.2746181458545813,46.0,165.0
강남구,삼성동,호텔라엠 HOTEL La M,2,고위험군,37.51409315,127.0650082,205747.2943,446070.2678,35.01639888,-3.7446144166007898,39.434051449410056,-0.9181023788374161,46.0,165.0
강남구,논현동,휴호텔,2,고위험군,37.51389224,127.0366518,203240.3512,446046.615,48.4151719,5.630515167215847,42.064752725948395,-1.2140974701585012,46.0,165.0
송파구,잠실동,wynn(윈),2,고위험군,37.50846893,127.083407,207374.4678,445447.3338,34.91356048,-6.316294158696785,41.101120611231536,-0.43027337033667407,46.0,165.0
송파구,잠실동,마쯔&2060,2,고위험군,37.50826138,127.083844,207413.1303,445424.3328,39.55418134,-1.6681746166066276,41.1413265162207,-0.41914973560449426,46.0,165.0
송파구,마천동,해강,2,고위험군,37.49249331,127.1543075,213646.0785,443682.1632,43.9749055,2.40575452574231,41.588131477190636,0.22393778012231902,46.0,165.0
송파구,마천동,한양여인숙,2,고위험군,37.49239026,127.1535927,213582.8878,443670.6226,25.46312478,-16.065625969318305,41.5904177481624,0.22318557152164517,46.0,165.0
송파구,잠실동,라몬 모텔,2,고위험군,37.50848708,127.0829276,207332.0778,445449.3108,50.2765275,9.222990939248213,41.05807707888727,-0.4356890437074391,46.0,165.0
중구,(남산동,오요5롯지B(oYo5LodgeB),2,고위험군,37.55646209,126.9842423,198607.6709,450770.8303,41.86795209,-3.4294835888453576,44.37257829898604,1.351538985911781,46.0,165.0
종로구,누상동,경복궁 서촌 크리스천 홈(Christian Home),2,고위험군,37.57905551,126.9634431,196770.8518,453278.9474,40.53988204,-1.0068678459282125,43.92832220614112,2.557515754871006,46.0,165.0
종로구,누상동,게스트하우스 포테이토(Guest house Potato),2,고위험군,37.57729245,126.9657549,196974.9814,453083.191,44.19771534,3.053514817957833,43.59168800916565,2.6283005370201744,46.0,165.0
종로구,명륜1가,혜화 갤러리 아트,2,고위험군,37.58538272,126.9964746,199688.6167,453980.5731,23.69443007,-13.410142161896761,39.50630912440702,2.494928572641,46.0,165.0
종로구,누하동,외가스테이,2,고위험군,37.57707922,126.9669566,197081.1287,453059.487,51.29423278,9.857872495590826,43.5315674360927,2.647227987646883,46.0,165.0
종로구,동숭동,달빛스테이,2,고위험군,37.58122877,127.0048812,200431.1508,453519.5373,33.04972912,-3.003195090678531,37.15204151785544,1.986088013521828,46.0,165.0
종로구,사직동,디자이너의 집,2,고위험군,37.57065189,126.9652333,196928.6362,452346.1826,41.72423496,-3.583442461423651,42.91827991669547,2.684272260808286,46.0,165.0
종로구,숭인동,Lucia BNB,2,고위험군,37.57185478,127.0174885,201544.9462,452479.265,43.17949075,5.11925029419637,38.81641357769928,0.7154600772449109,46.0,165.0
종로구,동숭동,스튜디오 나인,2,고위험군,37.5765103,127.0056418,200498.3719,452995.8451,48.17283085,9.336025111043497,38.64216966456905,1.663083995354867,46.0,165.0
종로구,명륜1가,서유니스테이,2,고위험군,37.58392029,126.9972026,199752.9193,453818.2578,34.462287,-3.6256465941351905,39.00167017312583,2.447229282217067,46.0,165.0
종로구,숭인동,스콧스테이,2,고위험군,37.57421651,127.0154501,201364.8242,452741.3581,37.33031203,-1.4937726707841108,39.033775347710844,0.9052196099765264,46.0,165.0
종로구,명륜4가,Summer Stay,2,고위험군,37.57907379,126.9999585,199996.3378,453280.348,39.99555999,1.7150989612351282,38.7133771663037,2.184878160715656,46.0,165.0
종로구,혜화동,스테이늘,2,고위험군,37.58756109,126.999238,199932.7012,454222.3419,40.24175262,2.2766598673642875,39.18010535023225,2.397287551252776,46.0,165.0
종로구,충신동,매니스테이(Manny stay),2,고위험군,37.57207588,127.0036243,200320.1729,452503.6669,40.27820291,0.8804918050289245,39.77330170501395,0.9644341628494701,46.0,165.0
종로구,동숭동,Leafful House,2,고위험군,37.5783436,127.0051508,200454.989,453199.3178,35.30888226,-0.46746378986271964,37.532482151611276,1.8872864122573734,46.0,165.0
종로구,연건동,스테이 우연 종로,2,고위험군,37.57397464,126.9991629,199926.0495,452714.4015,46.07565852,7.057879290082276,40.30480966926719,1.9354471063762984,46.0,165.0
종로구,창신동,스텀프 서울(Stump Seoul),2,고위험군,37.57637446,127.0114388,201010.4525,452980.8149,38.58824191,0.655792321852573,39.11097377264446,1.1875477468038789,46.0,165.0
종로구,창신동,행복하우스,2,고위험군,37.57289625,127.0099206,200876.3773,452594.7586,33.89851878,-5.697616618311507,39.97049930161646,0.40375004329617936,46.0,165.0
종로구,동숭동,동숭스테이,2,고위험군,37.57696114,127.0048398,200427.5174,453045.8792,35.44823614,-2.9621671461796595,38.11501719619061,1.7892271143608665,46.0,165.0
종로구,연건동,종로 사랑채,2,고위험군,37.57380993,126.9984984,199867.3538,452696.1213,38.76461806,-1.4229498449904838,40.453755955709184,1.9557653737356666,46.0,165.0
종로구,동숭동,studio-2H,2,고위험군,37.57798974,127.004034,200356.3378,453160.0386,38.15147466,2.498220344325375,37.52714975557253,1.9138213770441919,46.0,165.0
종로구,부암동,레이지마운틴,2,고위험군,37.5881634,126.9633709,196764.8684,454289.822,45.95627697,2.6569493088591614,45.83640603762897,2.389937496812645,46.0,165.0
종로구,명륜3가,쉼표스테이-종로점,2,고위험군,37.5818896,126.9946863,199530.6429,453592.884,34.66726879,-2.13960107879722,39.47618720686779,2.5145071024481265,46.0,165.0
종로구,이화동,씨엘 드 서울,2,고위험군,37.57447432,127.0069088,200610.3091,452769.8823,36.60831945,-2.612608988691804,39.7748465801439,1.033838041423092,46.0,165.0
종로구,창신동,서경,2,고위험군,37.57040647,127.0111472,200984.7708,452318.4341,57.61500754,15.896785302483558,41.60383932630477,-0.1505210394128327,46.0,165.0
종로구,충신동,우주하우스,2,고위험군,37.57241142,127.0054482,200481.2904,452540.9158,48.26134114,8.475586097254727,40.30448150430971,0.6641630131742309,46.0,165.0
종로구,누하동,서촌 스테이,2,고위험군,37.57705277,126.9683159,197201.2043,453056.5099,42.32151399,-1.3353349700382964,43.496602177517566,2.6508482740540047,46.0,165.0
종로구,사간동,행복한 결정,2,고위험군,37.57507311,126.97972,198208.5271,452836.5119,59.18872553,12.486318134672679,42.17964981060872,2.7070512065322148,46.0,165.0
종로구,효자동,온세나라의 한옥집,2,고위험군,37.57925252,126.9705241,197396.3359,453300.5934,50.4213698,4.25462552337018,43.72033373998832,2.616737923665588,46.0,165.0
종로구,연건동,코지드림,2,고위험군,37.57625892,126.9998652,199988.0915,452967.9298,39.57873283,0.290214091459049,39.914961021422116,2.0388706128921785,46.0,165.0
종로구,창신동,홍스 게스트하우스(Hong's guest house),2,고위험군,37.57337487,127.0093892,200829.4276,452647.875,33.40063133,-6.280411495842117,39.91339767959141,0.5519923999262498,46.0,165.0
종로구,삼청동,슬로우스테이,2,고위험군,37.58182825,126.9818294,198395.009,453586.2168,56.07902177,-5.752837680880361,44.97015521539216,2.6727255880883707,46.0,165.0
종로구,옥인동,더 모닝,2,고위험군,37.57960508,126.9691711,197276.8339,453339.7619,51.97864139,6.053409631185836,43.826690693686686,2.5937678860349718,46.0,165.0
종로구,누하동,킴자 하우스,2,고위험군,37.57727948,126.9666425,197053.3925,453081.7233,46.52187423,5.2311297716053815,43.566503293231634,2.639169474289533,46.0,165.0
종로구,누하동,누하킴바이초이,2,고위험군,37.57706234,126.96847,197214.817,453057.5675,38.73543532,-7.36381821777357,43.494027017232796,2.6509800468808558,46.0,165.0
종로구,동숭동,루미혜화하우스,2,고위험군,37.580752,127.0044494,200393.0196,453466.6194,35.19597455,-2.63806084105709,37.267837886788406,1.9854211324050042,46.0,165.0
종로구,숭인동,어바웃플레이스(종로),2,고위험군,37.57284724,127.0198415,201752.7849,452589.4578,31.04724852,-6.356524382015582,38.029165511571904,1.0318015224729995,46.0,165.0
종로구,삼청동,아복화도,2,고위험군,37.58473252,126.9805974,198286.2597,453908.5794,60.83428478,5.358478507099733,45.53342407379939,2.6064788445663805,46.0,165.0
종로구,명륜1가,다즐데이,2,고위험군,37.58513783,126.9965269,199693.2342,453953.3929,34.38354022,-2.6291345825019334,39.45523408004942,2.4879583442082365,46.0,165.0
종로구,창신동,Ocher75,2,고위험군,37.57186853,127.0145496,201285.3208,452480.7468,40.08983536,-0.29116049591183213,40.839447949272824,0.447794512060201,46.0,165.0
종로구,원서동,한옥 살롱 115,2,고위험군,37.58073136,126.9883187,198968.1898,453464.3834,43.08616066,2.1713349088602456,41.66496331736252,2.7149023720213963,46.0,165.0
종로구,연건동,생추어리 종로,2,고위험군,37.57388942,126.9995166,199957.2938,452704.9428,39.26422403,0.8318064883570813,40.17381068927279,1.8656059169718375,46.0,165.0
종로구,명륜1가,사브리나 인 혜화,2,고위험군,37.58464025,126.9967044,199708.9126,453898.1666,35.19767749,-5.1416739716332245,39.318766681644185,2.4778260778917782,46.0,165.0
종로구,충신동,낙산의 야경,2,고위험군,37.57281384,127.0065969,200582.7651,452585.5862,37.17979395,-2.9632556959353167,40.362482103129054,0.6291157099809522,46.0,165.0
종로구,동숭동,슬로우스테이 혜화,2,고위험군,37.57838047,127.0045106,200398.4354,453203.407,25.6581223,-10.28937823377041,37.41465012411513,1.9133289275764318,46.0,165.0
종로구,숭인동,밤비 라 벨르,2,고위험군,37.57283677,127.0189944,201677.9572,452588.2803,34.80309151,-2.6433659296531715,38.15184952652395,0.9460421571073783,46.0,165.0
종로구,명륜2가,창경궁로 하우스,2,고위험군,37.58134152,126.9984553,199863.5593,453532.0412,42.74601658,6.818414101121299,38.02493054878524,2.342588906086642,46.0,165.0
종로구,숭인동,그린하우스3,2,고위험군,37.57413541,127.018058,201595.2067,452732.398,39.63411954,2.3111846359624266,38.162106539287315,1.0838349328549959,46.0,165.0
종로구,명륜1가,거북이집2,2,고위험군,37.58644628,126.9968187,199719.0203,454098.6151,33.83276553,-5.119279983900157,39.56373631999492,2.489476574307052,46.0,165.0
종로구,숭인동,종로테라스 스테이,2,고위험군,37.5740131,127.0179431,201585.0557,452718.8211,33.80362259,-3.5427950780657866,38.204843404895506,1.0632398465336246,46.0,165.0
종로구,숭인동,다 올,2,고위험군,37.57326645,127.0183138,201617.8214,452635.9579,29.40901059,-7.87804083399935,38.22916732910782,0.9912735772246803,46.0,165.0
종로구,창신동,창신맨션,2,고위험군,37.57072247,127.0120566,201065.1074,452353.5163,33.79043054,-7.765666343148844,41.553279712171495,-0.012146984075003829,46.0,165.0
종로구,창신동,소윤재,2,고위험군,37.57433739,127.0136425,201205.1454,452754.7497,41.04417387,2.489283666394904,39.39812744692076,0.8151450759265763,46.0,165.0
종로구,충신동,에피소드 스테이,2,고위험군,37.57233013,127.0074883,200661.517,452531.9059,43.09397537,2.633840822058758,40.49814287180832,0.36899329770635303,46.0,165.0
종로구,홍지동,엘리의 기억,2,고위험군,37.597632,126.9580216,196292.8752,455340.9282,45.59881177,0.4810193688016824,47.506982226846524,2.2506259184723407,46.0,165.0
종로구,창신동,힐제이,2,고위험군,37.5755572,127.0082476,200728.5613,452890.079,36.71266944,-2.749541547732008,39.46876155734609,1.181519066373883,46.0,165.0
종로구,익선동,SOUL STAY,2,고위험군,37.57202034,126.9883332,198969.3506,452497.5605,36.67221877,-6.452926061769482,38.243086532515306,2.390465184131038,46.0,165.0
종로구,이화동,덕덕 스테이,2,고위험군,37.57430912,127.0072709,200642.2905,452751.5494,41.30293322,1.4422974859591093,39.85351509802143,0.9595041932428782,46.0,165.0
종로구,체부동,스테이오구당당,2,고위험군,37.57487244,126.969823,197334.2546,452814.4746,29.6897594,-12.804472974246835,43.235667809312176,2.683407566821992,46.0,165.0
종로구,홍지동,스테이도호,2,고위험군,37.59442514,126.9590077,196379.8105,454984.964,52.69061378,8.18463153163237,46.93145398711305,2.2848036188424636,46.0,165.0
종로구,동숭동,영스테이,2,고위험군,37.57685429,127.0054421,200480.7256,453034.023,43.22420812,4.549327570982946,38.35166579134604,1.7321006166799584,46.0,165.0
종로구,누상동,누상 스튜디오,2,고위험군,37.57702556,126.9645801,196871.2031,453053.6078,40.88230727,-0.3342464816372228,43.59205286014141,2.619531926254586,46.0,165.0
종로구,동숭동,아늑히 혜화,2,고위험군,37.5788742,127.0052147,200460.6285,453258.2086,41.37641307,3.582966724835785,37.42667965231673,1.9110656602465481,46.0,165.0
종로구,청운동,옥연재,2,고위험군,37.58293415,126.9659934,196996.2837,453709.3475,41.37225948,-0.6538732781837169,44.63313519245982,2.4981242126044068,46.0,165.0
종로구,명륜1가,스테이 자두,2,고위험군,37.58428494,126.9959294,199640.4595,453858.7339,34.86457159,-5.154054845189435,39.48815253692524,2.506671229203321,46.0,165.0
종로구,명륜3가,메종 프롬네르,2,고위험군,37.58761522,126.9927879,199363.0092,454228.3739,45.41359904,7.3853248380523695,40.698412726785556,2.6194720515097254,46.0,165.0
종로구,명륜3가,Ivon Stay,2,고위험군,37.58488032,126.9950924,199566.5332,453924.8179,34.55417227,-4.797269092983832,39.82628319135199,2.5429688708154163,46.0,165.0
종로구,충신동,낙산성곽 게스트,2,고위험군,37.57382496,127.0074861,200661.313,452697.8147,38.0131833,-2.559156015594276,40.00732035860477,0.8092344002698301,46.0,165.0
종로구,창신동,blessing[축복],2,고위험군,37.57154433,127.01198,201058.3288,452444.7323,32.5935272,-8.519547054296964,41.2615730884727,0.16974263959183986,46.0,165.0
종로구,명륜3가,명문가,2,고위험군,37.58689804,126.9933154,199409.5952,454148.7716,48.9345883,10.619281330109771,40.51183311455496,2.6125322845422327,46.0,165.0
종로구,숭인동,아뜰리에8 동묘3,2,고위험군,37.57146892,127.0163964,201448.4777,452436.4216,41.64684799,2.0854373077079487,39.6796386842918,0.564576638050498,46.0,165.0
종로구,행촌동,서담재,2,고위험군,37.5730728,126.9619549,196639.1297,452614.9877,50.51994086,4.249084742788668,43.2288531419139,2.661546857683162,46.0,165.0
종로구,누하동,여인숙 깔마,2,고위험군,37.57768546,126.9683244,197201.9771,453126.731,35.82858009,-7.234924561156028,43.571142575414015,2.6391759660291836,46.0,165.0
종로구,창신동,스테리 하우스,2,고위험군,37.57250631,127.0115171,201017.4218,452551.4959,48.8998127,8.934560957242866,40.333534097252056,0.365362355362692,46.0,165.0
종로구,동숭동,모드의집,2,고위험군,37.58046511,127.004045,200357.295,453434.7763,32.23794208,-5.652141298602203,37.311757311827655,1.9828110086460393,46.0,165.0
종로구,충신동,오하이서울,2,고위험군,37.57285097,127.0072964,200644.5574,452589.7118,42.14006162,2.034303067046217,40.35584397819525,0.5653052341118825,46.0,165.0
종로구,동숭동,플라워니 스테이,2,고위험군,37.57730218,127.0054439,200480.8817,453083.7336,38.33716347,0.4967033819789819,38.037112325151305,1.7861907293488621,46.0,165.0
종로구,명륜3가,제이스테이,2,고위험군,37.5879836,126.9937221,199445.5294,454269.254,46.95778089,9.210766820269711,40.472920948574824,2.60275395846213,46.0,165.0
종로구,동숭동,스테이 대학로,2,고위험군,37.57760901,127.0054704,200483.2241,453117.7883,41.4194828,3.436554708922195,37.86514123082905,1.815729715905387,46.0,165.0
종로구,연건동,종로 인사이드,2,고위험군,37.57351439,126.998769,199891.2577,452663.3194,50.97011135,9.3494316744247,40.16628869206938,1.8891404779193635,46.0,165.0
종로구,연건동,바우하우스#3,2,고위험군,37.5741174,126.9984071,199859.2847,452730.247,29.02528386,-10.834418795699253,40.606193546271264,1.9880163406361075,46.0,165.0
종로구,사직동,솔라하우스,2,고위험군,37.57022261,126.966697,197057.9256,452298.4907,47.33542371,5.265581442623201,42.81312619081623,2.690097627015512,46.0,165.0
종로구,명륜1가,스테이 혜래,2,고위험군,37.58625433,126.9969301,199728.8526,454077.3105,38.93060945,0.10616203126215851,39.51008233627624,2.4814539996159866,46.0,165.0
종로구,연건동,리리하우스(LI LI HOUSE),2,고위험군,37.57378848,126.9993475,199942.3557,452693.7397,47.47162666,8.342756923026975,40.16258662852023,1.8748265411588578,46.0,165.0
종로구,필운동,윤스테이,2,고위험군,37.57371059,126.969278,197286.0626,452685.5383,40.11114409,-1.5924102769886304,43.12451721990337,2.685612511174735,46.0,165.0
종로구,창신동,창신동숙,2,고위험군,37.57372994,127.0113029,200998.4839,452687.3023,37.21380932,-1.9076621958370978,39.70135469422816,0.6286986212178637,46.0,165.0
종로구,숭인동,부엉이 게스트하우스(OWL Guesthouse),2,고위험군,37.57264698,127.01936,201710.2576,452567.2224,31.76487435,-5.754427776179902,38.107905300337876,0.9562513582505957,46.0,165.0
종로구,체부동,한스하우스(Hans house),2,고위험군,37.57471511,126.969672,197320.911,452797.0171,34.96165997,-7.7840408950408175,43.223530441080484,2.6804839313778865,46.0,165.0
종로구,필운동,게스트하우스 필운,2,고위험군,37.57419892,126.9675447,197132.9705,452739.7888,34.54451635,-8.484905201854012,43.243648893938044,2.692612273243511,46.0,165.0
종로구,소격동,쥘리앵,2,고위험군,37.57798512,126.9802125,198252.1046,453159.7022,51.18970741,-1.0358796213931214,43.748992276156045,2.718994931869721,46.0,165.0
종로구,숭인동,킴스패밀리하우스,2,고위험군,37.5734284,127.0213203,201883.4058,452653.9885,31.35018283,-6.375416081654372,37.861873952595325,1.2124543364089606,46.0,165.0
종로구,창신동,코비게스트하우스,2,고위험군,37.57042698,127.013348,201179.189,452320.7358,44.48160852,2.7469895367173294,41.75441973693968,0.0685822721059196,46.0,165.0
종로구,창신동,낙산발코니,2,고위험군,37.57637942,127.0092453,200816.6837,452981.3441,36.3936514,-2.122666998308766,39.35963831889574,1.3092397701273635,46.0,165.0
종로구,창신동,하이얀(Haiyan),2,고위험군,37.57476996,127.0128206,201132.5394,452802.7497,37.27620449,-1.2140214449290738,39.23411704784226,0.8686379612989267,46.0,165.0
종로구,팔판동,팔판동 레지던스,2,고위험군,37.58023347,126.9796263,198200.3715,453409.2543,64.41075129,9.620223290234485,44.63444963528554,2.6865824891422436,46.0,165.0
종로구,옥인동,디 하우스,2,고위험군,37.58024857,126.9647079,196882.6187,453411.3207,45.1733403,1.276079495985293,44.10471043204706,2.5417962870061004,46.0,165.0
종로구,창신동,종로랑,2,고위험군,37.57412784,127.0088992,200786.1354,452731.4418,41.69800265,2.356098926309244,39.794763627991415,0.7647028743028648,46.0,165.0
종로구,숭인동,종로03,2,고위험군,37.5770678,127.0164702,201454.8875,453057.8337,42.85265611,5.315150368848407,37.91186961376398,1.294371836558362,46.0,165.0
종로구,숭인동,우드 브릿지,2,고위험군,37.5776089,127.0160414,201416.9959,453117.883,33.78967505,-3.15168339447996,37.86274870760577,1.3608955828429505,46.0,165.0
종로구,누상동,서로 우리 하우스,2,고위험군,37.57821014,126.9651853,196924.7075,453185.0626,42.59248438,1.632874313298764,43.71997554669662,2.6002747990308475,46.0,165.0
종로구,동숭동,루나,2,고위험군,37.57716262,127.0050959,200450.1458,453068.2423,36.15249321,-1.5108904619297974,38.03790960264447,1.7930159103870205,46.0,165.0
종로구,동숭동,자갈자갈집,2,고위험군,37.58075611,127.0036716,200324.3085,453467.0726,30.26264809,-5.924078340956669,37.32474061800614,2.006582869719977,46.0,165.0
종로구,동숭동,혜화비앤비,2,고위험군,37.57826684,127.0048888,200431.84,453190.7971,41.75313856,5.854858691946809,37.51215056218104,1.893443642807748,46.0,165.0
종로구,충신동,무이하우스,2,고위험군,37.57259223,127.0051718,200456.873,452560.9822,45.96679891,5.234701697873497,40.37543530700575,0.7653302518768108,46.0,165.0
종로구,동숭동,혜화디어홈,2,고위험군,37.5770991,127.0040568,200358.3534,453061.1879,36.70825939,-1.097154274994928,37.955031394712414,1.8588154282617857,46.0,165.0
종로구,숭인동,더모던한옥,2,고위험군,37.57338388,127.0156867,201385.7439,452648.9493,43.90240384,5.163486873383903,39.38097749642215,0.8026490367398762,46.0,165.0
종로구,누하동,호랑주택,2,고위험군,37.575989,126.9687868,197242.7592,452938.4298,38.47912658,-6.945430307869515,43.38453465291712,2.678046104478936,46.0,165.0
종로구,사직동,지니크 인,2,고위험군,37.57199422,126.9649162,196900.6794,452495.1761,49.41784938,-4.049308240111991,43.06886335221888,2.700401656124951,46.0,165.0
종로구,동숭동,Hyehwa the hill,2,고위험군,37.58081972,127.0052234,200461.3832,453474.1391,35.44910295,-3.0115803210410803,37.26206479284443,1.9693164557016865,46.0,165.0
종로구,숭인동,토토스테이,2,고위험군,37.57483903,127.0153908,201359.5789,452810.4498,35.94240913,-2.45595984647192,38.74260141285648,0.9768737152775829,46.0,165.0
종로구,숭인동,스테이별빛숭인,2,고위험군,37.57231353,127.0185069,201634.8996,452530.1982,35.59002371,-2.291781640039069,38.34125970422886,0.8518387574368395,46.0,165.0
종로구,숭인동,Today Sinseol,2,고위험군,37.57315713,127.0212725,201879.1962,452623.8797,31.2441916,-5.7805947463763445,37.88755685700234,1.184982810644978,46.0,165.0
종로구,동숭동,스테이 릴리헤이븐,2,고위험군,37.57796653,127.0038134,200336.8489,453157.4617,29.20497017,-6.3073182538290276,37.54196839268317,1.9216167912115665,46.0,165.0
종로구,누상동,seochon visit,2,고위험군,37.57824488,126.9653134,196936.0209,453188.9141,42.58194229,1.6200892162821319,43.722750842980005,2.600776217548133,46.0,165.0
종로구,연건동,노마드 컴퍼니,2,고위험군,37.57377342,126.9995655,199961.6205,452692.0681,34.52245346,-5.122656122624491,40.13798262270114,1.8516989369194414,46.0,165.0
종로구,창신동,낙산별화,2,고위험군,37.57584109,127.0086944,200768.0297,452921.591,37.29374739,-1.0797991688230582,39.42608587462916,1.2159932741858843,46.0,165.0
종로구,창신동,STAY-JUN,2,고위험군,37.57468047,127.0096493,200852.3931,452792.7839,41.78732154,2.8953204252173776,39.56323611503763,0.8688058840579801,46.0,165.0
종로구,통인동,오렌지,2,고위험군,37.57754872,126.9700155,197351.3499,453111.5054,53.30065427,4.583117844097231,43.49750885858222,2.6465615938233875,46.0,165.0
종로구,창신동,white house,2,고위험군,37.57061763,127.0128817,201138.0,452341.89,36.41708504,-5.289132849645505,41.68888717384301,0.03534784338436931,46.0,165.0
종로구,숭인동,스테이지니,2,고위험군,37.57532974,127.0216079,201908.7635,452865.021,34.84774418,-2.141053753858742,37.749031822532125,1.364417674764835,46.0,165.0
종로구,창신동,낙산 네스트(Naksan Nest),2,고위험군,37.57452089,127.0098405,200869.2886,452775.0741,34.99955458,-3.804932444983322,39.577125844000506,0.8245839010405234,46.0,165.0
종로구,동숭동,고은,2,고위험군,37.58044549,127.0047395,200418.6424,453432.6016,39.91231704,0.4544396502509187,37.30795845237476,1.966984236655694,46.0,165.0
종로구,충신동,램파트 게스트하우스,2,고위험군,37.57211599,127.0072916,200644.1406,452508.1375,42.05940877,1.4252635882099014,40.56123937282886,0.3315540767837802,46.0,165.0
종로구,행촌동,잔잔스테이,2,고위험군,37.57102423,126.9628053,196714.1624,452387.5901,54.42816398,6.738797631809014,43.03464428119493,2.6544230443852723,46.0,165.0
종로구,충신동,테이블 노트,2,고위험군,37.57321044,127.0069916,200617.6295,452629.6067,36.71474352,-3.1198488232592325,40.263529916418406,0.6941518849852966,46.0,165.0
종로구,숭인동,헬로서울,2,고위험군,37.57545495,127.0153898,201359.4829,452878.8098,27.10943643,-10.539869358633563,38.45961311698494,1.0564163720061008,46.0,165.0
종로구,부암동,라오테아로아 로그 하우스,2,고위험군,37.59531576,126.966535,197044.6115,455083.5494,61.45568017,15.742025772192804,48.19444853208604,2.336917526210926,46.0,165.0
종로구,동숭동,J-Park Story 동숭동,2,고위험군,37.57760907,127.004499,200397.4095,453117.7904,34.96233492,-0.9882793796765981,37.700614499216606,1.871100397646558,46.0,165.0
중구,(회현동,제이하우스,2,고위험군,37.55421386,126.9800582,198237.9105,450521.3737,51.64901113,5.968269017863221,46.805366832837095,1.731953478917301,46.0,165.0
중구,(회현동,88 게스트하우스,2,고위험군,37.55741988,126.9832419,198519.2921,450877.1489,38.17329224,-7.022548323406902,43.50091975782784,1.3965639804478482,46.0,165.0
중구,(남산동,숨2nd,2,고위험군,37.55543636,126.9859744,198760.694,450656.9622,40.49656198,-2.8615374729401566,44.68522637173365,1.2501586138006457,46.0,165.0
중구,(남산동,제이나인 게스트하우스,2,고위험군,37.55556946,126.9842,198603.9158,450671.7596,46.78088892,-1.265625135829893,45.030860312087796,1.3839400730759044,46.0,165.0
중구,신당동,마르코의 다락방,2,고위험군,37.5489861,127.0082689,200730.7041,449941.0003,37.09025641,-6.650138874230485,44.236070462864596,0.49599607243789484,46.0,165.0
중구,(회현동,라온,2,고위험군,37.5550507,126.9831565,198511.7028,450614.1994,59.61864305,8.008585551113775,45.65794463153303,1.4895261668198854,46.0,165.0
중구,(남산동,엔드 서울,2,고위험군,37.55488937,126.9843849,198620.2357,450596.275,47.31192821,3.3230277747202948,45.347275733217245,1.3914873904983707,46.0,165.0
중구,필동,명동 위 스테이,2,고위험군,37.5557537,126.9956652,199616.9777,450692.0995,40.51388138,-5.78590508060978,42.96426188045542,0.8321733203631154,46.0,165.0
중구,(만리동,서울 삼월,2,고위험군,37.55401687,126.9670078,197084.7555,450499.8349,59.5545475,14.177865231362148,44.29327413073381,3.082069304372741,46.0,165.0
중구,황학동,쉼 스테이,2,고위험군,37.56474665,127.0201533,201780.5246,451690.3927,39.015828,-1.0165019213977473,40.0112742030752,-0.2922607617966312,46.0,165.0
중구,신당동,일상고요,2,고위험군,37.56070631,127.010882,200961.4617,451241.8273,35.86591188,-7.649136982625102,43.36059745440296,0.4000933393719232,46.0,165.0
중구,신당동,스테이 신당,2,고위험군,37.55270014,127.0057008,200503.7439,450353.1973,41.09614645,-3.831157208061981,44.34929220315657,0.683037954322754,46.0,165.0
중구,신당동,원웨이하우스,2,고위험군,37.56091005,127.0096196,200849.9295,451264.4279,59.11993,15.754641584996051,43.54538736044926,0.44262529986250926,46.0,165.0
중구,(광희동,스테이오얏,2,고위험군,37.56135165,127.0075562,200667.6142,451313.4236,47.07123659,3.636741512037986,43.681611715191536,0.4987085859813041,46.0,165.0
중구,(광희동,메종 드 린,2,고위험군,37.56077622,127.0084615,200747.605,451249.5645,41.38415878,-1.938705226301174,43.66669323345378,0.5098292951094889,46.0,165.0
중구,중림동,서울로 스테이,2,고위험군,37.55472963,126.9667115,197058.6011,450578.952,41.07758266,-2.6668072978239152,44.1678188434826,3.04665814418982,46.0,165.0
중구,(남산동,그린네이비 게스트하우스,2,고위험군,37.55597835,126.9858585,198750.4613,450717.1182,38.43651312,-4.62956866501262,44.38756503047139,1.2448422520171876,46.0,165.0
중구,신당동,서울 나침반,2,고위험군,37.56041504,127.0175305,201548.8951,451209.5886,34.91884579,-5.014728858945716,39.874255869957324,-0.05636164027389137,46.0,165.0
중구,남창동,소시 스테이,2,고위험군,37.55367274,126.9766149,197933.6431,450461.386,33.13097855,-8.332346878828034,42.26577611866156,1.744290497335432,46.0,165.0
중구,(광희동,하나 스테이,2,고위험군,37.56150091,127.0088191,200779.191,451329.9994,35.17793373,-8.313427760550532,43.599424896094746,0.42292218661923797,46.0,165.0
중구,신당동,소당 스테이,2,고위험군,37.56159957,127.0121655,201074.8572,451340.9825,36.09486543,-6.730121242645872,42.81329297778238,0.1644605029776588,46.0,165.0
중구,(광희동,호야,2,고위험군,37.56123206,127.0089903,200794.3234,451300.1617,45.14853056,1.6206646366241984,43.59319996284208,0.44282375505294447,46.0,165.0
중구,(필동,나미스 하우스,2,고위험군,37.55760098,126.9967439,199712.3019,450897.1218,54.444493,12.089015333744278,42.48555180057301,0.7727455487018559,46.0,165.0
중구,(광희동,스테이 이비비,2,고위험군,37.56096498,127.0079841,200705.4188,451270.5109,42.19562817,-1.281420858315066,43.70035696227257,0.5150199476404012,46.0,165.0
중구,(남산동,명동힐,2,고위험군,37.55618754,126.9858278,198747.7601,450740.3362,41.50493717,-1.3947045944215404,44.21877763622504,1.2426310170905295,46.0,165.0
중구,(회현동,남산 네스트,2,고위험군,37.554501,126.9835012,198542.1455,450553.1839,60.04891782,12.809959525297124,45.728533611594784,1.478513557605288,46.0,165.0
중구,필동,충무맨션,2,고위험군,37.55679475,126.9950393,199561.6804,450807.6464,31.73977033,-10.064168315246476,42.42491600570355,0.861934266024103,46.0,165.0
중구,(남산동,하우스 사라,2,고위험군,37.55471617,126.9847442,198651.9832,450577.0466,38.32964899,-5.5568876868846,45.311087368679594,1.367087005050711,46.0,165.0
중구,(광희동,지안,2,고위험군,37.56101811,127.0089864,200793.9749,451276.4157,39.55814524,-3.8897701491894523,43.59498984275335,0.4609624130307024,46.0,165.0
중구,신당동,단이랑체리의집,2,고위험군,37.55998923,127.0134705,201190.1805,451162.2695,39.75158107,-2.3475067042518845,41.88728352859685,0.3149752311088008,46.0,165.0
중구,신당동,스테이 109,2,고위험군,37.5603757,127.0188196,201662.7907,451205.2443,32.32799509,-7.692050727875376,39.975989270997914,-0.04894857430934928,46.0,165.0
중구,(회현동,제이나인 롯지,2,고위험군,37.55368801,126.9812494,198343.1612,450462.989,51.36199141,6.043385634182748,47.07813931929527,1.6922663898283188,46.0,165.0
중구,신당동,유에 하우스,2,고위험군,37.55940725,127.0129652,201145.5411,451097.6704,46.08807564,4.162929930621068,42.121971799436324,0.4335473967680218,46.0,165.0
중구,(만리동,더 파인 하우스,2,고위험군,37.55237109,126.9660433,196999.462,450317.2033,41.35634153,-1.521852854991259,43.689689365736115,3.1823994522419534,46.0,165.0
중구,(남산동,봉스 비앤비(Bong's BNB),2,고위험군,37.55451805,126.9843521,198617.3315,450555.0634,54.46960679,10.423725834574512,45.498927955625405,1.407456729515192,46.0,165.0
중구,(남산동,Juny's Cozy Home,2,고위험군,37.55581166,126.9859932,198762.3632,450698.6158,38.30371759,-4.843150108512788,44.46223971664905,1.2390854525958692,46.0,165.0
중구,(남산동,남산 하이드아웃,2,고위험군,37.55534782,126.9839547,198582.236,450647.1639,57.20054365,8.753147141192379,45.220249710116974,1.4104123749932749,46.0,165.0
중구,신당동,랜디모어,2,고위험군,37.55887898,127.0088564,200782.5175,451038.9965,32.43703662,-10.978130201681658,43.58515745622947,0.6052050457857779,46.0,165.0
중구,(필동,섭 스테이,2,고위험군,37.55767439,126.9970922,199743.0717,450905.2684,49.93309602,7.7121878471630225,42.51857734164193,0.7523241203422927,46.0,165.0
중구,예장동,태라 인 명동,2,고위험군,37.55480677,126.9849211,198667.615,450587.0996,42.9253076,-0.872827162438206,45.22916940189705,1.3480400825514183,46.0,165.0
중구,(남산동,보로하우스,2,고위험군,37.5548131,126.9847312,198650.8398,450587.8049,39.89904003,-3.9623923179653744,45.28220156621959,1.3634580690168334,46.0,165.0
중구,중림동,서울로 드림 하우스,2,고위험군,37.55441998,126.9665703,197046.1105,450544.5889,44.46249585,1.6350310478504468,44.16976502873118,3.0710971199697754,46.0,165.0
중구,(남산동,케이브 명동,2,고위험군,37.55568395,126.9842106,198604.8492,450684.4665,46.57411602,-1.186504090920657,44.960524299314436,1.3790768633602033,46.0,165.0
중구,(광희동,동대문 도도,2,고위험군,37.56099125,127.0076842,200678.9284,451273.4244,36.24904379,-7.32430222841144,43.71798493401221,0.5234780295411819,46.0,165.0
중구,신당동,신당동 스마일 스테이,2,고위험군,37.56102698,127.0135953,201201.1878,451277.4491,29.67571921,-12.25386241117592,41.979560604832685,0.12599265696847442,46.0,165.0
중구,(광희동,DDP NEST,2,고위험군,37.56041505,127.0074279,200656.2858,451209.4712,37.75792958,-6.338652458946299,43.77677273182549,0.5708531720718677,46.0,165.0
중구,묵정동,모노블룸 스테이,2,고위험군,37.55861369,127.000778,200068.7394,451009.5159,34.36070964,-8.846904534890584,43.709715372467535,0.5755981406810842,46.0,165.0
중구,신당동,스틸 하우스 신당,2,고위험군,37.56150693,127.0118869,201050.2443,451330.6974,42.73245199,-0.2336979623488773,42.96870201307887,0.20263067307394483,46.0,165.0
중구,황학동,고유홈,2,고위험군,37.56586802,127.0206896,201827.8744,451814.8619,40.40560456,0.6899694861994377,39.79537112903685,-0.09400309320255149,46.0,165.0
중구,(남산동,동동 스테이,2,고위험군,37.55539114,126.9844476,198625.7869,450651.9646,47.47970872,1.3321448123941835,45.09378396301553,1.3692363623477757,46.0,165.0
중구,중림동,시스앤브로 JL,2,고위험군,37.55580362,126.9628839,196720.4354,450698.2787,34.31496082,-6.853478336262093,43.14711318260368,2.903444652197795,46.0,165.0
중구,(필동,남산벚꽃스테이,2,고위험군,37.55784545,126.9968497,199721.6519,450924.2548,51.39342502,9.314313545671688,42.37893349284618,0.7577651970013196,46.0,165.0
중구,황학동,홍스테이 신당,2,고위험군,37.56450034,127.0210405,201858.9132,451663.0724,34.87490551,-5.504239443481261,40.348522157501144,-0.16642033744561932,46.0,165.0
중구,필동,블루브릭스 남산,2,고위험군,37.55351364,126.9957371,199623.3159,450443.4793,52.96110765,10.17240515860535,43.61039045769053,0.7740331948469585,46.0,165.0
중구,신당동,와유,2,고위험군,37.5537573,127.0092099,200813.8071,450470.554,40.57221977,-3.079433147185931,42.910665822934384,0.5797475670065894,46.0,165.0
중구,예장동,남산 하나 하우스,2,고위험군,37.55235723,126.9937912,199451.3703,450315.1412,43.81273322,1.107230270365946,43.59822909636869,0.840951431472723,46.0,165.0
중구,(장충동,글림스,2,고위험군,37.55957821,127.0078024,200689.3821,451116.5945,47.01206448,3.354374821932012,43.82198637574248,0.594623664531105,46.0,165.0
중구,남학동,해마루,2,고위험군,37.55778377,126.9896856,199088.6488,450917.4543,42.42446275,1.8204047971272175,40.88993850444002,1.0346606042846533,46.0,165.0
중구,신당동,뽀키 하우스,2,고위험군,37.55998632,127.0128996,201139.7433,451161.9395,34.47588615,-7.971052129486004,42.21615300523308,0.3592574290484357,46.0,165.0
중구,신당동,더 情(정) 스테이,2,고위험군,37.56112752,127.0119906,201059.4101,451288.5886,32.09606862,-10.84843550055384,42.86207469572916,0.2550185870198148,46.0,165.0
중구,(광희동,웨어하우스,2,고위험군,37.56093266,127.0089999,200795.1704,451266.9319,44.52550809,1.2075149241017726,43.594793744424436,0.470495938629407,46.0,165.0
중구,필동,무지개 하우스,2,고위험군,37.55598648,126.9974478,199774.4857,450717.9296,45.88263655,3.3775904824588068,43.329665404979764,0.7767945576317744,46.0,165.0
중구,(장충동,중구 마루,2,고위험군,37.55578529,127.0006057,200053.5168,450695.597,48.73679139,5.327721351292794,44.128035058743144,0.6772677881000374,46.0,165.0
중구,신당동,포코라 스테이,2,고위험군,37.55589487,127.0092648,200818.6295,450707.7992,43.94323832,1.2371181402870022,43.11380581287715,0.7052014733792742,46.0,165.0
중구,(장충동,서울우리집(SEOUL WOORIJIB),2,고위험군,37.56003474,127.0074591,200659.0414,451167.2615,46.42467188,2.0672056399097656,43.81123153580905,0.5909664576518859,46.0,165.0
중구,(회현동,남대문 하우스,2,고위험군,37.55509097,126.9792975,198170.7162,450618.737,50.51111132,6.487223870319433,45.8175817722329,1.745740717362479,46.0,165.0
중구,남창동,케이팝 하우스,2,고위험군,37.55394624,126.9764108,197915.6152,450491.7457,32.31059695,-9.233592047355984,42.228092090328545,1.750461054510297,46.0,165.0
중구,예장동,태은 하우스,2,고위험군,37.5563119,126.9920602,199298.4508,450754.0739,41.19362209,-1.5047098940032058,41.791003178699995,0.937024111843894,46.0,165.0
중구,(필동,린앤힐,2,고위험군,37.55756004,126.9968038,199717.5917,450892.5778,45.84329277,3.4374545481480823,42.53579231435222,0.7720324032312731,46.0,165.0
중구,황학동,티아모스테이,2,고위험군,37.56441455,127.0200994,201775.7688,451653.5325,35.22993492,-4.779781884143162,40.07170320721717,-0.31470574752004093,46.0,165.0
중구,필동,미야,2,고위험군,37.55667372,126.9951559,199571.9849,450794.213,28.72798585,-13.710601121142407,42.49634023257319,0.8593751843573192,46.0,165.0
중구,(남산동,스테이720,2,고위험군,37.55431315,126.9849806,198672.8637,450532.3129,43.15912087,-0.8194628363913736,45.42271142047008,1.360373808727378,46.0,165.0
중구,남창동,샤이닝 데이지,2,고위험군,37.55434273,126.9766158,197933.7438,450535.7469,34.39493308,-7.380359050093801,42.51423632177382,1.777350681470853,46.0,165.0
중구,(광희동,라르고 스테이 동대문,2,고위험군,37.56149707,127.0086864,200767.4711,451329.5721,39.87344976,-3.603033895575251,43.60023298036584,0.4314193188040676,46.0,165.0
중구,신당동,메트로썬 스테이,2,고위험군,37.55985101,127.0113559,201003.3494,451146.9041,47.30802481,4.24658719791713,43.08291114090615,0.4704215847984046,46.0,165.0
중구,(장충동,서울N하우스,2,고위험군,37.55958688,127.0083747,200739.9495,451117.5611,60.94241412,17.561108689088194,43.69015241857292,0.5837192241865625,46.0,165.0
중구,(만리동,메이하우스,2,고위험군,37.55242898,126.9659875,196994.5354,450323.6302,41.84667285,-1.2671061876001701,43.70739889736485,3.179072976083739,46.0,165.0
중구,(남산동,해피가든,2,고위험군,37.55527576,126.9851366,198686.6649,450639.1489,44.88985847,1.2978592011815095,44.976785775841634,1.3166396689806228,46.0,165.0
중구,예장동,마마 게스트하우스2,2,고위험군,37.5557369,126.9875998,198904.3179,450690.2984,43.60656834,-0.05726450628372248,43.980136998195626,1.1447698808498556,46.0,165.0
중구,중림동,J Stay Seoul,2,고위험군,37.55513081,126.9671369,197096.2009,450623.4649,44.84525576,-0.10531541049185478,44.196561891155746,3.0331069033770013,46.0,165.0
중구,(남산동,아리하우스,2,고위험군,37.55760349,126.9860718,198769.3421,450897.4866,47.68913019,5.226844512296296,42.88607689470496,1.1981581240304058,46.0,165.0
중구,(회현동,선물플러스,2,고위험군,37.5547866,126.9821223,198420.3157,450584.9044,46.21601223,-5.609404920513995,46.40026052439341,1.5945743729368123,46.0,165.0
중구,신당동,77게스트하우스,2,고위험군,37.56177346,127.0108538,200958.9591,451360.2681,60.49631632,16.97908780462749,43.40103432826253,0.248766279410291,46.0,165.0
중구,(남산동,명동 루프탑호스텔 2,2,고위험군,37.55556134,126.9857794,198743.4677,450670.8361,40.86116656,-2.4839226521899818,44.67027901929014,1.2599757869591184,46.0,165.0
중구,(남산동,남산 마이,2,고위험군,37.55466166,126.9840442,198590.1278,450571.007,46.68851568,-0.07042707164557527,45.50784241318692,1.4311322419880772,46.0,165.0
중구,(장충동,타오,2,고위험군,37.55489488,127.0062429,200551.6224,450596.7903,53.23646908,6.906918434208912,43.55242640504099,0.6905472947740378,46.0,165.0
중구,예장동,더힐,2,고위험군,37.55500894,126.9846466,198643.3689,450609.542,45.1925667,0.3335991821085571,45.23597406692507,1.3644643600411563,46.0,165.0
중구,(만리동,콩 포레스트,2,고위험군,37.55234747,126.9659384,196990.1899,450314.5851,41.07725287,-1.701399136232979,43.65844205979761,3.184141430658737,46.0,165.0
중구,(회현동,남산스튜디오,2,고위험군,37.55515938,126.9793328,198173.8388,450626.329,50.53107218,6.497518316658052,45.81376693698958,1.7429521265665373,46.0,165.0
중구,(회현동,브루니하우스,2,고위험군,37.55358333,126.9802825,198257.7179,450451.3883,40.3849747,-4.724488364754279,46.90839098189218,1.735299628617369,46.0,165.0
중구,(광희동,까사데루나,2,고위험군,37.56089279,127.007935,200701.0813,451262.4983,42.12728201,-1.382152165260436,43.71243242276887,0.5253849147775638,46.0,165.0
중구,(회현동,스테이모어,2,고위험군,37.55454397,126.9835361,198545.2302,450557.9525,44.80164547,-2.4541201316024086,45.712496869678695,1.4742442904863196,46.0,165.0
용산구,서계동,유어홈,2,고위험군,37.5485797,126.9677056,197146.2052,449896.3528,37.88505541,-6.761671366853335,41.20882682486769,3.247715208515477,46.0,165.0
용산구,(용산동,지미집2,2,고위험군,37.54356367,126.9817095,198383.5909,449339.3012,44.6726979,1.3508307396637136,45.46741920896778,2.061486327217289,46.0,165.0
용산구,한강로1가,하우재,2,고위험군,37.53166385,126.9734744,197655.4528,448018.7404,28.40368529,-10.865491775933883,40.50588847175675,2.2285869287630047,46.0,165.0
용산구,동자동,서울채(seoulchae),2,고위험군,37.54730923,126.9726644,197584.3668,449755.207,45.72897854,0.43444302831373705,45.45530267014277,2.945146816534241,46.0,165.0
용산구,서계동,BRO & SIS,2,고위험군,37.54783273,126.9670404,197087.3955,449813.4685,38.09581755,-4.899458303586414,40.93744293481488,3.3097677720443,46.0,165.0
용산구,서계동,블루문 하우스,2,고위험군,37.55188791,126.9674986,197128.0409,450263.5307,60.56342405,17.074448790670303,43.29635217611531,3.136804092748274,46.0,165.0
용산구,이태원동,요트(Yacht),2,고위험군,37.53264065,126.9915404,199252.2836,448126.8562,40.2934605,0.7266846061408572,39.61129528134353,0.07136839498227139,46.0,165.0
용산구,이태원동,Noel's Guest House,2,고위험군,37.53050834,126.992442,199331.9498,447890.1893,51.54204645,11.293387523098595,40.197351722672096,-0.04931532835772164,46.0,165.0
용산구,이태원동,Tree House Itaewon,2,고위험군,37.53263443,126.9903676,199148.6251,448126.1758,44.9280938,4.7824224350915046,39.76797329757454,0.13681869678443462,46.0,165.0
용산구,이태원동,제로미네,2,고위험군,37.53262332,126.9916275,199259.9828,448124.9321,36.59435691,-2.950421818695119,39.589334856769796,0.0666778412024951,46.0,165.0
용산구,이태원동,소안하우스,2,고위험군,37.53578494,126.9885245,198985.7591,448475.8619,33.0359577,-8.201518876101943,41.081919916768214,0.4807297261395394,46.0,165.0
용산구,(용산동,Seoul Best Stay,2,고위험군,37.5417635,126.9870837,198858.5068,449139.4254,50.27019102,2.349297284577389,44.87980507010739,1.5650740027199488,46.0,165.0
용산구,서계동,casa bella(까사벨라),2,고위험군,37.55060085,126.9658074,196978.5438,450120.7355,52.52908728,11.14765487471751,42.92230926490211,3.2510645954888555,46.0,165.0
용산구,서계동,Crystal House,2,고위험군,37.55095205,126.9659247,196988.9232,450159.7107,54.51468679,13.709180993453344,43.04990157234705,3.2376972177196723,46.0,165.0
용산구,한강로3가,모모하우스,2,고위험군,37.51980161,126.9624592,196681.3184,446702.5113,63.15776777,16.414904701340873,46.29652951839993,-0.42044790485602446,46.0,165.0
용산구,갈월동,Maison,2,고위험군,37.54380345,126.9733704,197646.6455,449366.0899,53.60717891,1.1659967963681197,49.732244879500996,3.0394457402235107,46.0,165.0
용산구,(용산동,플랫트먼트,2,고위험군,37.53987272,126.9848266,198658.9947,448929.6017,45.57682562,2.1476119604223953,44.998856628347,1.4786096568537903,46.0,165.0
용산구,한강로3가,땡스땡스,2,고위험군,37.5231306,126.9612601,196575.4605,447072.0304,47.00006405,1.189198863460895,45.81687223541277,-0.059702090232343685,46.0,165.0
용산구,원효로3가,모먼트 원효,2,고위험군,37.53174584,126.9562139,196129.8308,448028.4106,34.19663316,-5.468763904822069,39.81812811389673,0.5527651274712562,46.0,165.0
용산구,갈월동,리브하우스,2,고위험군,37.54386709,126.9732637,197637.2119,449373.1559,54.97057222,1.8379222534683208,49.69059754568477,3.0474045798953098,46.0,165.0
용산구,이태원동,나나씨네 스튜디오(NANACINE),2,고위험군,37.53680849,126.9901621,199130.5101,448589.447,46.87007105,5.794430152534652,41.16937276239777,0.4487345504045281,46.0,165.0
용산구,동자동,클라라 하우스(Clara House),2,고위험군,37.54691324,126.973684,197674.4553,449711.2312,50.37411653,4.180258735308605,46.280077811131605,2.8497232423137957,46.0,165.0
용산구,갈월동,로지칙스,2,고위험군,37.543979,126.9738171,197686.1196,449385.5628,33.79805287,-16.15587903141695,49.7209510433865,2.993167420514581,46.0,165.0
용산구,이태원동,스위트 이태원,2,고위험군,37.5309003,126.9924521,199332.8443,447933.692,33.89918198,-6.189464336156881,40.04682101170974,-0.039399596141840514,46.0,165.0
용산구,이태원동,RTR,2,고위험군,37.53218534,126.9905266,199162.6692,448076.3309,38.06926683,-1.7908133740459533,39.59802900622387,0.11027671595246093,46.0,165.0
용산구,후암동,진호하우스(Jinho's House),2,고위험군,37.54354563,126.9756162,197845.1,449337.4212,61.42623133,14.209034479218353,50.15907350212596,2.7712590139914006,46.0,165.0
용산구,이태원동,이태원 마인스테이(Itaewon Minestay),2,고위험군,37.52900389,126.9939066,199461.3995,447723.2047,44.04581991,3.0898709263077038,40.814177365910616,-0.1433311138548648,46.0,165.0
용산구,이태원동,쥬앤,2,고위험군,37.52927449,126.993104,199390.4598,447753.2428,36.70529582,-4.016596656621111,40.61061932057841,-0.10695324974481876,46.0,165.0
용산구,후암동,스마일홈,2,고위험군,37.54954053,126.9757895,197860.5883,450002.7787,42.69090814,0.570106632823304,42.256813713978715,2.0613394426082343,46.0,165.0
용산구,이태원동,베이스캠프,2,고위험군,37.53912139,126.9903992,199151.4881,448846.1484,44.29865668,2.209926887520048,42.33291311090923,0.7502966574828842,46.0,165.0
용산구,산천동,S&J House,2,고위험군,37.5340101,126.95316,195860.0322,448279.8456,36.76682325,-3.58759477365669,39.49406983913838,0.33281269551105763,46.0,165.0
용산구,한강로1가,에이미하우스,2,고위험군,37.53040258,126.9734968,197657.3897,447878.7545,51.32175585,12.919472767392904,40.412198554815184,1.920046223836731,46.0,165.0
용산구,서계동,DOMO,2,고위험군,37.54761991,126.9679016,197163.4873,449789.8218,39.43192641,-4.565243248022519,41.35790673327938,3.302855711026622,46.0,165.0
용산구,(청파동,Clean Cosy House,2,고위험군,37.54583457,126.9652925,196932.8472,449591.7525,45.98372176,8.89267504714315,40.162388686385626,3.38685808270857,46.0,165.0
용산구,남영동,서울하우스,2,고위험군,37.53873825,126.9734111,197650.0798,448803.9134,47.05116165,1.9036827370290297,47.9164991192034,3.074987516784261,46.0,165.0
용산구,이태원동,서울큐브 이태원,2,고위험군,37.53118332,126.9953179,199586.1563,447965.0872,33.61672986,-6.937837275595818,40.75926649098315,-0.10762599684942627,46.0,165.0
용산구,서계동,Via SEOUL,2,고위험군,37.54973422,126.9636203,196785.2392,450024.6225,39.99050407,-0.21797841507093807,40.77147088010804,3.265721289726224,46.0,165.0
용산구,서계동,루실라하우스,2,고위험군,37.55033384,126.9648423,196893.2536,450091.132,39.79914377,-2.879397060603864,41.80273394742632,3.2558635174307473,46.0,165.0
용산구,갈월동,Paul's house,2,고위험군,37.54360891,126.9730367,197617.1481,449344.5068,60.61377405,8.01959881248154,49.79065563537258,3.0758063687079398,46.0,165.0
용산구,후암동,후암3쉐어하우스,2,고위험군,37.54521554,126.9745652,197752.2742,449522.7856,52.87806809,6.591402754625925,48.70327020026586,2.851491412338109,46.0,165.0
용산구,후암동,후암3쉐어하우스,2,고위험군,37.54539096,126.9736288,197669.5307,449542.2779,59.65528374,9.721508991845084,48.59343734998366,2.94185518927457,46.0,165.0
용산구,(용산동,Maggies Doremi House,2,고위험군,37.53879298,126.9850305,198677.0039,448809.7609,44.48357039,1.6450314952537184,44.19110255589411,1.2995683306427759,46.0,165.0
용산구,후암동,후암별장3030,2,고위험군,37.54894256,126.9778127,198039.3585,449936.3671,25.72060729,-16.83684973853786,41.49560901861638,1.918797628298461,46.0,165.0
용산구,서계동,GIO & Sabina,2,고위험군,37.54982823,126.9672382,197104.9512,450034.9389,39.92973155,-4.839722879034333,42.18036798805857,3.214074312920266,46.0,165.0
용산구,서계동,KONG STAY,2,고위험군,37.55045612,126.9647761,196887.4097,450104.7058,44.10873939,0.9874124163007707,41.89655267203571,3.2449478931084688,46.0,165.0
용산구,(청파동,Andy's House,2,고위험군,37.54714029,126.9677561,197150.6086,449736.5941,40.67966478,-5.991476660584333,41.578340090408524,3.3218541366078638,46.0,165.0
용산구,한남동,바나홈스(VANA HOMES),2,고위험군,37.52842159,127.0076124,200672.872,447658.5864,47.12751881,3.421185906435362,43.21400509424922,-0.46377467212316403,46.0,165.0
용산구,이태원동,Today Seoul,2,고위험군,37.53017165,126.9924778,199335.113,447852.8207,36.09505967,-4.268515016054749,40.304121865106254,-0.058902060963899466,46.0,165.0
용산구,서계동,알(R)게스트하우스_2(알게호),2,고위험군,37.5509019,126.9658361,196981.0938,450154.1475,37.60831796,-3.214860099584371,43.07085170411747,3.2424257716540357,46.0,165.0
용산구,서계동,케이에이하우스,2,고위험군,37.55022518,126.966387,197029.7492,450079.0221,43.08253924,-0.3995559782891789,42.57713708928581,3.240176473256424,46.0,165.0
용산구,이태원동,로우 하우스,2,고위험군,37.52923706,126.9936657,199440.1025,447749.085,35.73412102,-5.11743449621806,40.72926736752427,-0.12363332546943072,46.0,165.0
용산구,이태원동,시크릿가든 이태원,2,고위험군,37.52933619,126.993219,199400.6173,447760.09,37.35313026,-3.3783943948243262,40.62273285563042,-0.10888000581275145,46.0,165.0
용산구,서계동,서계스테이,2,고위험군,37.54915325,126.9675493,197132.41,449960.0147,43.30277792,-0.8959675435671954,41.7527204091811,3.220474485690482,46.0,165.0
용산구,서계동,서울스테이션15,2,고위험군,37.54962409,126.9666029,197048.7993,450012.3016,44.2193941,1.5771419130736888,42.37641491548879,3.244630063697761,46.0,165.0
용산구,이태원동,게스트하우스 몽자,2,고위험군,37.52914578,126.9944424,199508.7587,447738.9498,46.60814375,5.5120484989945595,40.940626431086116,-0.1494331257934588,46.0,165.0
용산구,(용산동,해방촌 루프탑 스테이,2,고위험군,37.54272485,126.9855427,198722.3312,449246.1434,42.20835389,-5.320019394183149,45.51876264912316,1.7268655191652418,46.0,165.0
용산구,후암동,도란도란,2,고위험군,37.54840168,126.9790415,198147.9349,449876.311,42.30231611,-0.05216681857215377,41.38369376006648,1.8580648088332632,46.0,165.0
용산구,한남동,원보이,2,고위험군,37.53352161,127.0000738,200006.522,448224.5982,39.45117899,-2.0948346186612383,41.46006023814621,-0.23689951588123367,46.0,165.0
용산구,후암동,이태원 서울역 사이,2,고위험군,37.5451218,126.980573,198283.1966,449512.2549,41.1572754,-1.5338186423118003,44.85131533507215,2.105720729411511,46.0,165.0
용산구,(청파동,포엠 스테이,2,고위험군,37.54535149,126.967653,197141.4294,449538.0621,63.86449546,16.17784345001953,43.29386611844682,3.385129981344065,46.0,165.0
용산구,한남동,OK Hannam House 201,2,고위험군,37.54043839,127.0017348,200153.315,448992.2774,35.9500847,-4.716590433957222,40.68774513544439,0.028319358790344355,46.0,165.0
용산구,이태원동,아늑단스테이,2,고위험군,37.53763728,126.9905786,199167.3242,448681.4287,34.50487578,-6.7258874457270394,41.50183878460651,0.5084729667991325,46.0,165.0
용산구,(용산동,담다 스테이,2,고위험군,37.5426867,126.9814429,198360.0156,449241.9728,42.7091482,-0.860520585925002,45.742982897804055,2.0881606341103276,46.0,165.0
용산구,후암동,서울모먼트,2,고위험군,37.54728255,126.9795171,198189.9331,449752.0918,42.92312548,0.7784955207582982,42.63330441200774,1.959122612547634,46.0,165.0
용산구,이태원동,은월당,2,고위험군,37.53566435,126.9879654,198936.3371,448462.484,47.43547052,6.333939993959369,41.191396699126024,0.5159623730252745,46.0,165.0
용산구,(청파동,서울 플로우 스테이,2,고위험군,37.54648304,126.9662074,197013.7302,449663.6954,48.56567298,0.05493930049530604,40.891055235008686,3.387762500057684,46.0,165.0
용산구,이태원동,마노아,2,고위험군,37.53047704,126.9925783,199344.0024,447886.7145,33.79352228,-6.496901073386518,40.2345683447398,-0.054781136684135034,46.0,165.0
용산구,서계동,오브제니,2,고위험군,37.55181274,126.9670498,197088.3801,450255.2015,34.72585451,-6.773458529969304,43.35405865976572,3.1672700737399557,46.0,165.0
용산구,서계동,모스마라,2,고위험군,37.55002114,126.9651399,196919.5358,450056.4163,30.31500605,-8.599386715435202,41.75926328660842,3.280629070112413,46.0,165.0
용산구,서계동,휴스테이,2,고위험군,37.55031408,126.9644317,196856.967,450088.9525,36.80987067,-5.78299007800743,41.52936419151747,3.26071028556932,46.0,165.0
용산구,서계동,코코지 하우스,2,고위험군,37.54910356,126.9673355,197113.5195,449954.5063,60.20255319,15.040711754660705,41.77314932590765,3.2328508409750487,46.0,165.0
용산구,후암동,까사 드 엘린,2,고위험군,37.54460651,126.9792145,198163.1242,449455.0896,46.17698373,-2.0487887181765387,45.80222678962402,2.29611644137196,46.0,165.0
용산구,서계동,지니하우스,2,고위험군,37.54943783,126.9671668,197098.6249,449991.6114,35.66230248,-7.6262523578851145,42.10218454901648,3.223836576064159,46.0,165.0
용산구,후암동,까사 서울,2,고위험군,37.54988996,126.9761354,197891.1634,450041.5534,34.78450849,-7.368554736514319,41.96753719450963,1.9502018789411733,46.0,165.0
용산구,후암동,스테이자락,2,고위험군,37.54792551,126.9771717,197982.6839,449823.5004,37.60870928,-4.737891467802328,41.854658758784225,2.1625844076623255,46.0,165.0
용산구,서계동,??스 네스트(Syun's Nest),2,고위험군,37.54918316,126.9679172,197164.9241,449963.3232,44.58621164,1.215275432183411,41.64110474693811,3.1998198455811706,46.0,165.0
용산구,서계동,R&B House,2,고위험군,37.54903711,126.9676607,197142.2532,449947.1212,45.88492039,2.081580801953244,41.60139316703709,3.22300219626336,46.0,165.0
용산구,서계동,쉐어 스테이션 서울,2,고위험군,37.55027974,126.9663487,197026.3616,450085.0789,42.72022847,-0.4449650531856264,42.608576916389104,3.2393652656418275,46.0,165.0
용산구,한남동,안세원 게스트하우스(ASW guesthouse),2,고위험군,37.5315315,126.9994315,199949.7522,448003.7208,55.56263322,13.469112057568395,41.89856528090105,-0.2471078272198603,46.0,165.0
용산구,서계동,롬우드스테이,2,고위험군,37.55041496,126.9662806,197020.3502,450100.0888,35.43561976,-6.513432988497279,42.71126631891238,3.2406677341545307,46.0,165.0
용산구,후암동,지안하우스,2,고위험군,37.54676247,126.9750782,197797.6573,449694.4639,58.74104652,8.635294232203087,46.3131956244743,2.667808329998182,46.0,165.0
용산구,(용산동,남산뷰스테이,2,고위험군,37.54170275,126.9804996,198276.6314,449132.7832,43.95068111,0.2637324579734397,46.00344863050748,2.1821518054955296,46.0,165.0
용산구,서계동,정스테이,2,고위험군,37.54926172,126.9674668,197125.1256,449972.0561,37.27975309,-7.247921517894788,41.88775343409463,3.217527359389503,46.0,165.0
용산구,서계동,스타하우스,2,고위험군,37.55000463,126.9648755,196896.1755,450054.5926,35.96791909,-2.374500250266223,41.580424180271486,3.2839389611967182,46.0,165.0
용산구,이촌동,Hangang 204,2,고위험군,37.5230973,126.9547101,195996.4534,447068.5932,44.23936623,-1.3888003510628977,45.44055582214142,-0.1767300496930545,46.0,165.0
용산구,(청파동,정홈,2,고위험군,37.54350907,126.9672773,197108.156,449333.5873,37.25965439,-8.190875371926637,44.872357585739536,3.432764226330811,46.0,165.0
용산구,이태원동,가온,2,고위험군,37.53663986,126.991724,199268.5443,448570.7178,41.98277105,1.4952675742806107,40.50554349490187,0.3097907827708753,46.0,165.0
용산구,후암동,풀문스테이,2,고위험군,37.54411478,126.9784434,198094.9656,449400.5289,41.35524172,-2.818496012286566,46.74024720592093,2.4176617024556224,46.0,165.0
용산구,한남동,메이시맨숀,2,고위험군,37.53439446,127.0008025,200070.9324,448321.4741,41.38226121,0.20019048114041738,41.270808116189144,-0.23712545280995154,46.0,165.0
용산구,(용산동,라온힐조,2,고위험군,37.5430262,126.9811216,198331.6239,449279.6588,43.09087217,-0.36773251951711927,45.672593340079224,2.127241487643793,46.0,165.0
용산구,한남동,Stay Carpediem hannam(스테이 카르페디엠 한남),2,고위험군,37.53026068,127.0043576,200385.1707,447862.6842,49.39588336,6.129441114279437,42.86453550113362,-0.40002378895546237,46.0,165.0
용산구,갈월동,더 프리미어,2,고위험군,37.54305864,126.9730344,197616.9256,449283.4335,63.10738748,15.220410875801292,49.69163065461646,3.0847422005384866,46.0,165.0
용산구,이태원동,모드 하우스(Maud House),2,고위험군,37.53765495,126.9930357,199384.4836,448683.371,31.8351998,-8.513454114662121,40.53921525816545,0.30907286679203994,46.0,165.0
용산구,(청파동,써프서울,2,고위험군,37.54618389,126.9636539,196788.0569,449630.5775,33.31342003,-8.786170370805642,38.516231337451416,3.337173705220349,46.0,165.0
용산구,한남동,Song's house,2,고위험군,37.53440339,127.0009792,200086.5438,448322.4654,39.68052388,-1.4858159918218163,41.29313706799693,-0.24035158075880333,46.0,165.0
용산구,(청파동,THE SEOUL,2,고위험군,37.5477566,126.9667857,197064.8814,449805.0269,38.76983836,-6.913261559207896,40.871408067331046,3.32774581659257,46.0,165.0
용산구,한강로1가,하하하,2,고위험군,37.53008223,126.9737089,197676.1263,447843.1944,36.87995475,-1.5973469353213758,40.36998931586937,1.8017393480792157,46.0,165.0
용산구,용문동,스테이별밤(Stay Starry Night),2,고위험군,37.53501431,126.958858,196363.6953,448391.0649,52.61490348,14.577671797532396,39.279885585169055,1.249692967397798,46.0,165.0
용산구,후암동,남산어반하우스,2,고위험군,37.55050836,126.9762883,197904.6946,450110.185,33.38811821,-7.954952016267022,41.59378487492174,1.8456536239091654,46.0,165.0
용산구,동자동,스패로우스튜디오,2,고위험군,37.54701929,126.9733853,197648.0571,449723.0089,38.75626074,-6.196440226904372,46.01177234686307,2.8797666850155985,46.0,165.0
용산구,(청파동,서울46,2,고위험군,37.54275801,126.9684443,197211.2677,449250.1935,61.78438261,8.626574322166952,46.62237342652661,3.4633850193745674,46.0,165.0
용산구,이태원동,Bora Bora,2,고위험군,37.53061747,126.9931696,199396.2655,447902.2965,50.88357329,10.468821268974501,40.34099834071896,-0.0708903752707192,46.0,165.0
용산구,서계동,퍼플 게스트하우스,2,고위험군,37.55171369,126.9677629,197151.3889,450244.1863,41.50374535,-0.1291194798942712,43.0322741475719,3.125848039675689,46.0,165.0
용산구,서계동,에스제이하우스,2,고위험군,37.54977351,126.9649664,196904.1966,450028.938,34.15161823,-4.309652294042657,41.4835777170533,3.3024057629695704,46.0,165.0
용산구,서계동,서울로스테이,2,고위험군,37.54973422,126.9636203,196785.2392,450024.6225,39.99050407,-0.21797841507093807,40.77147088010804,3.265721289726224,46.0,165.0
용산구,한남동,아이필앳홈,2,고위험군,37.53348307,126.9998678,199988.3171,448220.3208,39.9607174,-1.550807491698727,41.42294901001253,-0.2353275280061564,46.0,165.0
용산구,이태원동,Stay KANU,2,고위험군,37.53250184,126.9914551,199244.7366,448111.4507,28.14397685,-11.466990381958041,39.59357335413104,0.06991404911903583,46.0,165.0
용산구,후암동,서울바이브,2,고위험군,37.54456846,126.976907,197959.2011,449450.9141,50.02730689,4.612009578789348,48.15844717449935,2.584057622502392,46.0,165.0
용산구,한남동,한남 STAY,2,고위험군,37.53160746,126.9982412,199844.5429,448012.1527,34.70221595,-7.060354433251987,41.622055686418975,-0.20225217322315792,46.0,165.0
용산구,서계동,디디 하우스,2,고위험군,37.5488117,126.9632609,196753.4446,449922.2462,45.2506991,3.1787564659269876,39.52146029189753,3.2813040466672327,46.0,165.0
용산구,서계동,서계스테이,2,고위험군,37.54834356,126.9622268,196662.0452,449870.3245,39.89141001,1.5203826143502965,38.84403324335675,3.212988436117536,46.0,165.0
용산구,(용산동,스테이 포인트,2,고위험군,37.54313034,126.9863529,198793.9391,449291.1372,45.56032007,-2.0265830914701297,45.41135999521289,1.7234647271844252,46.0,165.0
용산구,원효로2가,박시티오,2,고위험군,37.53442806,126.9647212,196881.891,448325.7879,25.43419514,-12.961232779849347,40.62727909454193,2.4204780604689056,46.0,165.0
용산구,서계동,Sori House,2,고위험군,37.55185651,126.9671179,197094.3985,450260.0574,40.77663024,-0.8623524370938966,43.376554586514686,3.1620097306193715,46.0,165.0
용산구,이태원동,Nirvana,2,고위험군,37.52880188,126.9949686,199555.2689,447700.7785,44.63683979,3.42592269246763,41.13015625351968,-0.1702605234719354,46.0,165.0
용산구,후암동,Huam The Classy,2,고위험군,37.54737862,126.9784728,198097.6485,449762.7751,40.4633134,-2.7598474588250284,42.3318775948349,2.030900658003122,46.0,165.0
용산구,후암동,모던스테이,2,고위험군,37.54396132,126.9816293,198376.5164,449383.4369,45.46731024,2.3109743496083865,45.30379009390286,2.0577684434499406,46.0,165.0
용산구,이태원동,이태원 바이브,2,고위험군,37.53244808,126.9904296,199154.103,448105.4927,38.12737946,-1.9236425978748741,39.69945613883022,0.1259999177999117,46.0,165.0
용산구,이태원동,이태원재재스테이,2,고위험군,37.53672375,126.989714,199090.9024,448580.0461,35.40351489,-5.738239157964571,41.266122120619265,0.4776323328582984,46.0,165.0
용산구,한강로3가,이촌 야드,2,고위험군,37.52008371,126.9678188,197155.1263,446733.6453,57.46389818,11.887646003757062,45.30284124193242,-0.32774127424462407,46.0,165.0
용산구,(청파동,남산연가,2,고위험군,37.54622601,126.9684448,197211.4419,449635.0994,41.26286998,-1.2178468341705369,42.72851759827878,3.3321279184127954,46.0,165.0
용산구,보광동,헬로 코지,2,고위험군,37.52583631,126.9973942,199769.663,447371.6285,37.21905647,-3.9625111873843295,41.60601597344052,-0.28404139305668136,46.0,165.0
용산구,이태원동,빈방,2,고위험군,37.53847138,126.9923266,199321.8218,448773.9896,47.38434165,6.483583051488409,41.331448377938315,0.4628541989432661,46.0,165.0
용산구,(용산동,HBC[온김],2,고위험군,37.54097036,126.9862253,198782.631,449051.4073,47.22102732,1.3068015952270926,44.984504419029044,1.5023576993626178,46.0,165.0
용산구,서계동,달별정원,2,고위험군,37.54853858,126.964621,196873.6241,449891.8871,32.88890299,-5.379548061885075,39.47438907052399,3.3474077714088177,46.0,165.0
용산구,효창동,블리크스틸(Blikstille),2,고위험군,37.53925952,126.9587811,196357.1068,448862.2342,37.61947111,-1.8651020144811952,38.98003855399715,1.601109773616821,46.0,165.0
용산구,후암동,남산스테이,2,고위험군,37.54587873,126.976517,197924.7755,449596.3468,33.97853343,-10.94600335723252,46.519883080556696,2.533347562549668,46.0,165.0
용산구,한강로3가,Cozy Stay Seoul,2,고위험군,37.52227695,126.9604691,196505.4968,446977.3151,43.88487738,-2.5519987711886074,46.235905249488255,-0.19169415392872735,46.0,165.0
용산구,서계동,스윗미 1949,2,고위험군,37.54897354,126.9669878,197082.7891,449940.0863,60.80523991,16.76051960776403,41.713221422224585,3.255337501867008,46.0,165.0
용산구,후암동,더 컬렉티브 후암,2,고위험군,37.54386235,126.9767252,197943.1164,449372.5484,52.22168465,6.088537053002526,48.92881921423932,2.6335333148319027,46.0,165.0
용산구,서계동,현스네스트,2,고위험군,37.54906679,126.9670341,197086.8823,449950.4345,42.04289826,-1.9392366259577898,41.810433031795576,3.247404699391845,46.0,165.0
용산구,동자동,아인하우스,2,고위험군,37.54694103,126.9729106,197606.1107,449714.3349,45.12553787,0.10341885646973736,46.17690400279276,2.94327094069292,46.0,165.0
용산구,한강로1가,쓰리코너스,2,고위험군,37.53130671,126.9722335,197545.7639,447979.134,29.29366136,-11.068512092723608,40.57122164903153,2.321390590734583,46.0,165.0
용산구,서계동,엘하우스,2,고위험군,37.54921377,126.9667011,197057.467,449966.7579,59.03207988,16.106724676817322,42.01593931669575,3.2561373453219824,46.0,165.0
용산구,이태원동,이태원하우스,2,고위험군,37.5366537,126.9869127,198843.3174,448572.3022,42.86834524,-1.091709459459409,42.25074987182003,0.7367928356676354,46.0,165.0
용산구,(청파동,스테이 서울스테이션(Stay SeoulStation),2,고위험군,37.54712594,126.9678539,197159.2577,449734.9985,41.00712519,-5.8897224156538925,41.61582273136748,3.320583685692572,46.0,165.0
용산구,이태원동,우드 그린 하우스,2,고위험군,37.5359855,126.9885287,198986.1304,448498.1215,40.32323775,-1.0592346164394755,41.215747979348755,0.5006947131139792,46.0,165.0
용산구,동자동,URin,2,고위험군,37.55008563,126.9738512,197689.3234,450063.3241,38.88252329,-4.707796501483131,42.43488018325364,2.458527561448873,46.0,165.0
용산구,갈월동,Give warm,2,고위험군,37.54401131,126.9734051,197649.7142,449389.159,43.26361098,-9.719765050227188,49.62643478749683,3.033185037725688,46.0,165.0
용산구,서계동,문스테이(MOON스테이),2,고위험군,37.54942177,126.9666968,197057.0882,449989.8435,35.37313769,-7.888975375581879,42.21321535533815,3.248657592545486,46.0,165.0
용산구,(용산동,잘예니컨설팅,2,고위험군,37.54224321,126.9812696,198344.686,449192.7539,40.89131904,-2.7311278351129573,45.85070372669652,2.0990264437556547,46.0,165.0
용산구,이태원동,ONDO 이태원,2,고위험군,37.53105757,126.995808,199629.4715,447951.1285,36.98260252,-3.7785628866411543,40.98782017653765,-0.12991563339855688,46.0,165.0
용산구,이태원동,리원 알파,2,고위험군,37.53903073,126.991276,199228.9781,448836.0787,35.8039222,-6.02389119084372,42.01638664924792,0.6448056808924431,46.0,165.0
용산구,이태원동,하하,2,고위험군,37.53588324,126.9903901,199150.6454,448486.7535,43.46356711,2.644110650596126,40.547154114481195,0.3405505686337632,46.0,165.0
용산구,서계동,마야,2,고위험군,37.54777809,126.9676629,197142.404,449807.3851,41.603808,-0.9777190444644646,41.15719814361154,3.2933173329360574,46.0,165.0
용산구,원효로1가,다미스테이,2,고위험군,37.53843888,126.9689127,197252.5041,448770.8089,50.5849749,2.948893299984263,44.828909326577374,3.4682720435123464,46.0,165.0
용산구,한남동,메이시맨숀,2,고위험군,37.53347743,127.0004181,200036.9568,448219.6949,42.30945425,0.7174365881030624,41.5468159596456,-0.25041240581356744,46.0,165.0
용산구,후암동,Cozy Home,2,고위험군,37.54510642,126.9747657,197769.9843,449510.6698,37.89345341,-8.172406559337368,48.68620203010673,2.8324532701912677,46.0,165.0
용산구,이태원동,제임스하우스(James house),2,고위험군,37.53869709,126.9900035,199116.5105,448799.0599,36.92910463,-5.366028495226949,42.27018985132631,0.7163855103449027,46.0,165.0
용산구,보광동,도담도담,2,고위험군,37.52848677,126.9972193,199754.2044,447665.797,44.172029,2.359190742873878,41.655130053351655,-0.22206361855926135,46.0,165.0
용산구,후암동,소리 스테이,2,고위험군,37.54501193,126.9805157,198278.1295,449500.0617,41.08092152,-1.6670790132795474,44.94038709103127,2.118865133986563,46.0,165.0
용산구,갈월동,게스트하우스,2,고위험군,37.54652196,126.972325,197554.3457,449667.8383,34.6955139,-10.870538932630616,46.6511136332616,3.0388177164008363,46.0,165.0
용산구,이태원동,쥴리네 집,2,고위험군,37.53042825,126.9938736,199458.4911,447881.2911,33.79988097,-6.855919558372854,40.55109369345536,-0.0986342374208689,46.0,165.0
용산구,이태원동,Luxe house,2,고위험군,37.53440973,126.9868753,198839.9745,448323.2496,35.6915247,-4.605738945756258,40.76918593202065,0.48689741895750827,46.0,165.0
용산구,보광동,발코니 하우스,2,고위험군,37.52414312,126.9980326,199826.0852,447183.7041,43.36453692,1.5932758906905633,41.678898792716495,-0.33427795980677916,46.0,165.0
용산구,서계동,CLAIR,2,고위험군,37.55159209,126.9665853,197047.32,450230.7265,38.33415025,-1.9960252155558322,43.29138268142902,3.201184657019393,46.0,165.0
용산구,후암동,남산가옥,2,고위험군,37.54734177,126.9776036,198020.8349,449758.7031,33.51964357,-8.30978827310156,42.49613289517235,2.16126435017747,46.0,165.0
용산구,서계동,송송송  서울 스테이,2,고위험군,37.5514146,126.9674529,197123.9835,450211.0003,34.84637507,-6.7450195527104455,42.94352034610647,3.1563823217891342,46.0,165.0
용산구,(용산동,두루미네,2,고위험군,37.54099769,126.9827779,198477.9576,449054.4908,40.24560263,-3.568223397293849,45.769291755693175,1.842056166393509,46.0,165.0
용산구,후암동,Cozy home in Namsan,2,고위험군,37.54724828,126.9796195,198198.984,449748.2863,44.11594129,1.4059925769308919,42.731303675561556,1.9614134647933534,46.0,165.0
용산구,(청파동,Good Stay,2,고위험군,37.54042514,126.9683472,197202.5993,448991.2762,31.64622151,-16.156339277372215,45.93851511310638,3.4928275539505234,46.0,165.0
용산구,동자동,뜰 가든 홈스테이,2,고위험군,37.54723596,126.9727807,197594.6418,449747.0719,38.29509531,-6.682055247009515,45.57098813806667,2.9377941882861927,46.0,165.0
용산구,서계동,아로하 하우스,2,고위험군,37.54895241,126.9680025,197172.4585,449937.7102,44.72840384,1.4712541983410006,41.43542940239411,3.2105430163354867,46.0,165.0
용산구,이태원동,Itaewon 20,2,고위험군,37.5306584,126.9921452,199305.7199,447906.8463,39.64631685,-0.4322040904785709,40.06218935493157,-0.03489728835948902,46.0,165.0
용산구,이태원동,윤싸롱,2,고위험군,37.53533488,126.9891537,199041.3588,448425.9042,45.70348021,5.116757042617017,40.64661649390766,0.38689342477567545,46.0,165.0
용산구,서계동,J house(제이 하우스),2,고위험군,37.55024392,126.9645907,196871.0152,450081.1603,43.41777945,1.1237834556125534,41.56576576734737,3.261956617539397,46.0,165.0
용산구,후암동,지월장,2,고위험군,37.54449387,126.978391,198090.3454,449442.6044,40.45522759,-3.5786814728931944,46.50558042686268,2.4093131777035803,46.0,165.0
용산구,서계동,haroo stay,2,고위험군,37.54943728,126.9644474,196858.3184,449991.6378,30.38539412,-7.150848876461808,40.84061084375669,3.3159659771508982,46.0,165.0
용산구,서계동,서울역우리집,2,고위험군,37.55056089,126.9645829,196870.3383,450116.3404,37.69388273,-6.125924511094979,41.873260831313125,3.2369323588796455,46.0,165.0
용산구,서계동,Woomook,2,고위험군,37.5496059,126.9667796,197064.4184,450010.2772,42.42310784,-1.2207604864821633,42.342387380812866,3.2355994855498067,46.0,165.0
용산구,이태원동,에코 하우스,2,고위험군,37.53575344,126.9886975,199001.0481,448472.3639,39.06868548,-2.0429197528523915,40.99629461864931,0.4634867523804979,46.0,165.0
용산구,서계동,어반네스트(Urbanest) 하우스,2,고위험군,37.54943644,126.9674497,197123.6274,449991.4484,37.73679896,-6.679320723638249,42.005199859693136,3.212243430899035,46.0,165.0
용산구,후암동,Cozy Wooden House,2,고위험군,37.55058667,126.9760263,197881.5494,450118.8823,49.38984507,8.493704915329737,41.61978491917499,1.8524490757200849,46.0,165.0
용산구,이태원동,홈안젤라(Home_Angela),2,고위험군,37.53078397,126.9960919,199654.5673,447920.7612,26.02830722,-15.050586697913243,41.203137488316216,-0.14752314409740508,46.0,165.0
용산구,보광동,제이하우스(Jay house),2,고위험군,37.52383513,126.997644,199791.7385,447149.5219,35.99579762,-5.509086414507998,41.617764553019526,-0.32921956382371215,46.0,165.0
용산구,갈월동,Seoul Earl-Stay,2,고위험군,37.54655777,126.9713106,197464.7039,449671.8396,48.25186373,5.825136988962868,45.4734639738742,3.166670900255111,46.0,165.0
용산구,이태원동,체크인 플리즈,2,고위험군,37.53902104,126.9897786,199096.6387,448835.0165,43.31605946,0.8697212074765801,42.50322473500927,0.7952240796070972,46.0,165.0
용산구,서계동,Top guesthouse,2,고위험군,37.55005538,126.9662543,197018.0136,450060.1806,48.1587257,5.402999271287925,42.47641542022435,3.2481038803643707,46.0,165.0
용산구,이태원동,조조(JoJo),2,고위험군,37.53255053,126.9909182,199197.2865,448116.8591,41.91634269,2.0068911701128513,39.6492058821275,0.09825512673348387,46.0,165.0
용산구,(용산동,Photo Park(포토박),2,고위험군,37.54135419,126.9812242,198340.6602,449094.0843,44.49671032,0.723585461086401,45.96999950295557,2.069464284686591,46.0,165.0
용산구,보광동,무니하우스,2,고위험군,37.52713835,126.9973521,199765.9457,447516.1388,38.64021561,-2.722486352768847,41.627361128430366,-0.25980902233783343,46.0,165.0
용산구,이태원동,Baraka Homestay,2,고위험군,37.52971584,126.9964651,199687.5523,447802.2107,45.74356607,4.080751470483207,41.48273878135396,-0.18022182070322207,46.0,165.0
용산구,후암동,N,2,고위험군,37.55045653,126.9761808,197895.192,450104.4349,47.68013697,6.340761405641082,41.65163448779286,1.8550705287603515,46.0,165.0
용산구,(용산동,코코마통,2,고위험군,37.54182835,126.9830894,198505.5054,449146.679,43.06480161,-0.7532604543772834,45.75821442648431,1.8641344868576042,46.0,165.0
용산구,보광동,이태원 마당,2,고위험군,37.52657152,126.9966197,199701.2032,447453.2298,38.57245864,-2.5047113242018497,41.51067774761002,-0.2562341030357111,46.0,165.0
용산구,이태원동,트래블홀릭 게스트하우스,2,고위험군,37.52977112,126.9922109,199311.5207,447808.3687,34.95443645,-5.448782857016639,40.34776525019479,-0.05959543103761851,46.0,165.0
용산구,(청파동,정 story,2,고위험군,37.54599653,126.9635273,196776.8681,449609.7871,34.20880757,-7.8789602805019,38.472701117548816,3.3406907733591784,46.0,165.0
용산구,원효로1가,Cozy House,2,고위험군,37.53665766,126.9648627,196894.4846,448573.2414,38.68498186,-0.5148142616291764,41.31179952360646,2.7614093915694062,46.0,165.0
용산구,한남동,스테이 카키,2,고위험군,37.53128673,126.9991686,199926.5102,447976.5545,42.75008896,0.6470281741776134,41.9082287959834,-0.24089955719075176,46.0,165.0
용산구,한남동,시온게스트하우스,2,고위험군,37.53522684,127.002162,200191.0833,448413.86,41.07423266,-0.1108173516025488,41.2068522983277,-0.2581037659323263,46.0,165.0
용산구,서계동,Ari House,2,고위험군,37.5515055,126.9672965,197110.1659,450221.0939,38.87086142,-2.262131509091752,43.078712360648666,3.162154127747539,46.0,165.0
용산구,후암동,엔투(N2),2,고위험군,37.55063881,126.9759979,197879.0333,450124.6699,50.91602416,10.184907320831073,41.59738862992181,1.8492462419653963,46.0,165.0
용산구,서계동,영 게스트하우스,2,고위험군,37.54961594,126.9666968,197057.102,450011.3941,41.46948331,-1.669027314779612,42.36852838186735,3.2417247782271352,46.0,165.0
용산구,(청파동,케이하우스,2,고위험군,37.54347141,126.9689461,197255.6342,449329.3575,68.94351614,15.38892928535737,47.280625252278966,3.433332205693132,46.0,165.0
용산구,(용산동,Namsan Fresh House,2,고위험군,37.54042841,126.986443,198801.8655,448991.2547,52.8619575,6.258391377633686,44.458040551176175,1.4080977010686457,46.0,165.0
용산구,보광동,HEAVEN,2,고위험군,37.52931668,126.9988285,199896.4501,447757.9037,39.69132949,-2.2283328292249323,41.996177734432464,-0.27169683531229416,46.0,165.0
용산구,이태원동,Amazon,2,고위험군,37.52995248,126.9922611,199315.9533,447828.4971,40.99721492,0.6253150768700593,40.31263032523667,-0.05754606509359952,46.0,165.0
용산구,이태원동,The Gracia,2,고위험군,37.53666751,126.9872078,198869.3974,448573.8313,42.74300301,-1.0991079757557642,42.14978965596532,0.7065568437574632,46.0,165.0
용산구,보광동,시크릿가든,2,고위험군,37.52848677,126.9972193,199754.2044,447665.797,44.172029,2.359190742873878,41.655130053351655,-0.22206361855926135,46.0,165.0
용산구,효창동,옥상달빛,2,고위험군,37.53854393,126.9588113,196359.7473,448782.8113,39.8714492,1.528831194406223,39.07034855229854,1.5335811931671688,46.0,165.0
용산구,이촌동,E&S Ville,2,고위험군,37.5179488,126.9669704,197080.043,446496.7232,50.03652006,3.605717453734428,45.85591325118467,-0.5415479627902289,46.0,165.0
용산구,한강로2가,AJ's Blue House,2,고위험군,37.53020276,126.9700755,197354.9798,447856.6677,53.44670686,10.30666150696127,41.373345701875195,2.068201232932147,46.0,165.0
용산구,이태원동,오두막 여기,2,고위험군,37.53601428,126.9888905,199018.1122,448501.3119,48.78438095,7.570985907736983,41.089503335449656,0.47258573805258397,46.0,165.0
용산구,후암동,토투 서울(totu_seoul),2,고위험군,37.54509586,126.9799914,198231.7935,449509.3867,45.1437824,2.152998310468355,45.052238627254106,2.1711445905607687,46.0,165.0
용산구,보광동,웜 헤이즐,2,고위험군,37.5291287,126.9965342,199693.6524,447737.0452,55.63130585,13.883451869092177,41.55938717220964,-0.19570961892933433,46.0,165.0
용산구,후암동,2디맨션,2,고위험군,37.54547741,126.9761458,197891.9643,449551.8134,55.12146218,9.933995877582618,47.42677800694144,2.6190302007809914,46.0,165.0
용산구,이태원동,다니하우스,2,고위험군,37.53082714,126.9924316,199331.0352,447925.5723,36.85220578,-3.2647753307158425,40.0742773132209,-0.04063432233708583,46.0,165.0
용산구,후암동,남산아래(NAMSAN AREA),2,고위험군,37.5478582,126.9747138,197765.4879,449816.0854,50.21369375,7.694942805393026,44.059672542142465,2.597685333908107,46.0,165.0
용산구,(청파동,더 소울(the soul),2,고위험군,37.5472954,126.9674108,197120.1076,449753.82,43.99598502,3.5667080821533332,41.34680238649755,3.3207135985408325,46.0,165.0
용산구,동자동,엘하우스,2,고위험군,37.54691332,126.9730534,197618.722,449711.2558,40.69542007,-4.187442051589414,46.205889710821594,2.9278593846476513,46.0,165.0
용산구,서계동,정단재,2,고위험군,37.55078345,126.96524,196928.4152,450141.0203,62.87028158,20.103851647472005,42.56721664788987,3.2441233737660746,46.0,165.0
용산구,(용산동,Park 520,2,고위험군,37.54078317,126.9835819,198549.0122,449030.669,42.9743719,-0.7918560634594343,45.596471772831876,1.724096641579996,46.0,165.0
용산구,한강로1가,채리스 플레이스,2,고위험군,37.531009,126.9731405,197625.9193,447946.0686,34.9454222,-3.6792654437369947,40.46300262254795,2.1191802496773455,46.0,165.0
용산구,갈월동,센트럴,2,고위험군,37.54469301,126.973499,197658.032,449464.8171,63.80662463,11.522245287209174,49.16254729784498,2.9864983104808687,46.0,165.0
용산구,서계동,순(SooN) 게스트하우스,2,고위험군,37.55084062,126.965722,196971.0053,450147.3498,35.49185409,-5.329241862301977,42.993891603672616,3.2465054741731856,46.0,165.0
용산구,(용산동,익스테이 맨션 해방촌,2,고위험군,37.54096005,126.9864671,198804.0048,449050.2599,55.71374427,8.322607465897391,44.80683002601025,1.4841527323119499,46.0,165.0
용산구,원효로1가,남영스테이 517,2,고위험군,37.53865428,126.9677176,197146.8848,448794.7513,34.23150802,-10.337450830923046,44.193703394229175,3.4720205164514213,46.0,165.0
성동구,행당동,소울스타하우스,2,고위험군,37.555588,127.0299722,202648.3427,450674.1222,44.22723665,1.9499920452599468,42.09277192548173,-0.1762406584804837,46.0,165.0
성동구,성동,스테이 얀(STAY YARN),2,고위험군,37.53520808,127.0553876,204895.3755,448413.2172,43.93913401,2.474370540081388,44.689407190622745,-1.4829257403337595,46.0,165.0
성동구,성동,디얼 성수,2,고위험군,37.53398708,127.0527861,204665.5199,448277.569,43.03294193,-3.1459548916174143,44.58032053574892,-1.5058649517958596,46.0,165.0
성동구,하왕십리동,한옥 보문,2,고위험군,37.56097675,127.0264524,202337.1645,451272.1162,61.02605778,17.57602805043905,43.70791843537064,0.24778426666904896,46.0,165.0
성동구,성동,The mellow,2,고위험군,37.54930702,127.0206249,201822.5669,449976.7863,43.04865697,-0.05689324852320965,43.00552556309282,-0.20346624597675084,46.0,165.0
성동구,사근동,yun stay,2,고위험군,37.56068789,127.0458473,204050.782,451240.7152,43.40244994,1.3168822959880373,42.11512116086247,-0.3249518900798454,46.0,165.0
성동구,행당동,YUNS STAY,2,고위험군,37.55677727,127.0322677,202851.1204,450806.1842,30.79248976,-11.501725799553736,42.19216911589029,-0.0974926612392949,46.0,165.0
성동구,성동,헤븐성수,2,고위험군,37.54605763,127.0454494,204016.4093,449616.9141,51.30516412,7.402860411396567,45.35346860908364,-1.30930134042772,46.0,165.0
성동구,하왕십리동,For*rest Stay,2,고위험군,37.55862165,127.0305659,202700.6872,451010.8382,34.94652816,-7.433029105029831,42.39320054423974,0.14715861052807505,46.0,165.0
성동구,성동,성수 삼삼오오 271,2,고위험군,37.53861002,127.0577206,205101.3434,448790.9149,33.97468436,-8.377683798335653,44.8125225447441,-1.4343542320904752,46.0,165.0
성동구,하왕십리동,시티 타이거,2,고위험군,37.56035437,127.0277077,202448.0906,451203.0713,44.73772511,1.287536976862448,43.22305090192021,0.23803058030582505,46.0,165.0
성동구,하왕십리동,레드레터데이,2,고위험군,37.56094969,127.0259302,202291.0227,451269.1,42.93838242,-0.5489268178405382,43.71941166853616,0.22746975852970136,46.0,165.0
성동구,성동,더 성수 스테이,2,고위험군,37.54120882,127.0507901,204488.6636,449078.9966,39.93037118,-0.7603815807392422,45.03682514979037,-1.4043781954798842,46.0,165.0
성동구,성동,스테이 린 인 성수,2,고위험군,37.53666687,127.0459624,204062.2576,448574.6761,64.46134555,17.95604623066066,44.92181098951404,-1.4916520397186916,46.0,165.0
성동구,성동,스테이 성수 아지트,2,고위험군,37.53884043,127.0471999,204171.513,448815.9688,36.08003209,-8.859613316414467,45.022208950005094,-1.4474980007802987,46.0,165.0
성동구,성동,이안스테이,2,고위험군,37.54406033,127.0537229,204747.6805,449395.6236,48.33177639,5.173887445100149,45.042040345256744,-1.3691425460560764,46.0,165.0
성동구,성동,금호 그린 스테이,2,고위험군,37.54798745,127.0187955,201660.9389,449830.2961,37.18917778,-6.06347771153316,43.211870297500155,-0.18585697632977755,46.0,165.0
성동구,성동,르뚜와 성수,2,고위험군,37.53425435,127.0518715,204584.6627,448307.1877,44.31075853,-1.9060749195274624,44.620485081484055,-1.5037662447163538,46.0,165.0
성동구,하왕십리동,위시 스테이(Wish stay),2,고위험군,37.56095451,127.0279054,202465.5375,451269.6849,39.59993899,-3.530285496778937,43.35132116112306,0.28804838291202217,46.0,165.0
성동구,용답동,호호 하우스(hoho house),2,고위험군,37.56369963,127.0510713,204512.1643,451575.2209,41.11760331,-0.8777527936937446,42.36638280561043,-0.3463103867115397,46.0,165.0
성동구,송정동,송정 자미앤(ZAMI&),2,고위험군,37.55192258,127.0697913,206167.0487,450269.1714,40.94741809,-1.9478661312319403,44.108117388407955,-1.2841583894901436,46.0,165.0
성동구,용답동,스튜디오 성동,2,고위험군,37.56358259,127.051868,204582.5584,451562.2694,45.66494904,3.5170566219287736,42.38530760668163,-0.4043717332141065,46.0,165.0
성동구,도선동,스테이인히어왕십리,2,고위험군,37.55980939,127.0336666,202974.6045,451142.7569,44.66595649,2.2982949257034164,42.36788483790557,0.25741844295271177,46.0,165.0
성동구,하왕십리동,모아나스테이,2,고위험군,37.55938224,127.0287642,202541.4743,451095.2044,39.56438736,-3.040574985597239,42.70177675975686,0.18573087305784142,46.0,165.0
성동구,행당동,정감,2,고위험군,37.55714507,127.0310469,202743.2389,450846.9693,39.59552649,-2.6769294506524517,42.258395510557506,-0.01582430536398044,46.0,165.0
성동구,하왕십리동,사월 House,2,고위험군,37.55900131,127.0298085,202633.7581,451052.9545,39.72133317,-2.7912887868806138,42.50422174822618,0.1462175152318999,46.0,165.0
성동구,하왕십리동,둥지,2,고위험군,37.55946993,127.0306713,202709.9701,451104.9903,47.57530744,5.043626592959946,42.486927747665455,0.21242341617051513,46.0,165.0
성동구,성동,상상스테이,2,고위험군,37.54410088,127.0539024,204763.541,449400.1332,51.19090696,7.802861950650836,45.039074922669926,-1.369126371475597,46.0,165.0
성동구,하왕십리동,온유스테이,2,고위험군,37.56001544,127.0304577,202691.0804,451165.5293,48.19670363,5.600539114820847,42.599947468392195,0.24978979907036258,46.0,165.0
성동구,성동,Monoplan House Seongsu - Studio A,2,고위험군,37.54572922,127.0419968,203711.3226,449580.3227,47.29155584,1.7292009856998334,45.24014554941989,-1.3051453008781457,46.0,165.0
성동구,성동,로컬 텍스처(Local Texture),2,고위험군,37.54535903,127.0483394,204271.8488,449539.5053,43.46735834,2.2806870794964453,45.258867965515485,-1.3365424905206085,46.0,165.0
성동구,행당동,Cozy Stay,2,고위험군,37.56288091,127.0361216,203191.39,451483.7399,38.92162558,-3.2180557967262473,42.57131470245625,0.47539048537126916,46.0,165.0
성동구,성동,예그리나,2,고위험군,37.54745146,127.0526581,204653.3714,449771.9448,41.6903834,-0.53181302366594,45.37923299173487,-1.3048448487488766,46.0,165.0
성동구,성동,디에이치 성수포레,2,고위험군,37.54363214,127.0458092,204048.3408,449347.7295,49.92191103,5.8780897200907205,45.18536316669173,-1.3734646773359478,46.0,165.0
성동구,성동,디엠큐케,2,고위험군,37.53550842,127.0462602,204088.6446,448446.1153,45.46797329,-0.9178187465334631,44.7818925233759,-1.5108794521834286,46.0,165.0
성동구,행당동,Kozy Stay,2,고위험군,37.55671475,127.0298226,202635.0791,450799.1738,43.93326282,1.5887141756376906,42.277762010078696,-0.06380630698900097,46.0,165.0
성동구,성동,유토리홈즈,2,고위험군,37.54380142,127.0456564,204034.8246,449366.511,49.06431418,4.827212278663026,45.19667291313919,-1.3698271052187132,46.0,165.0
성동구,도선동,스테이1853,2,고위험군,37.56094709,127.0320888,202835.1551,451268.9794,39.84894705,-2.9604586276136047,42.57974938499819,0.36748598523027015,46.0,165.0
성동구,용답동,Noark House,2,고위험군,37.56058292,127.0517683,204573.9341,451229.3365,44.00016855,0.8275035476605197,42.48239938673596,-0.6502328397811776,46.0,165.0
성동구,성동,위앤성수스테이,2,고위험군,37.54401223,127.0460641,204070.8493,449389.9259,45.33178032,-0.6630403816746409,45.200871171899735,-1.362969970021741,46.0,165.0
성동구,성동,COZY STAY,2,고위험군,37.53845494,127.0496404,204387.2261,448773.2952,41.9749161,-0.40399878648672427,44.963524408618085,-1.4495850613475252,46.0,165.0
성동구,성동,성수 포레스트 로프트,2,고위험군,37.54760885,127.04421,203906.8047,449789.0286,37.97836878,-4.996817486517877,45.39448558386403,-1.2491897832349983,46.0,165.0
성동구,성동,리틀포레 301,2,고위험군,37.54355488,127.0460468,204069.3453,449339.1649,44.96476048,1.9463198336617111,45.177624915252345,-1.3747305047433873,46.0,165.0
성동구,성동,AURI STAY,2,고위험군,37.5358664,127.0462389,204086.7389,448485.8457,46.38173797,-0.04762713424615583,44.830402801801505,-1.5062285808813032,46.0,165.0
성동구,옥수동,정고운,2,고위험군,37.5413296,127.0154527,201365.6619,449091.3016,40.70327678,-4.0306485069518345,43.5226204680003,-1.3953311176031538,46.0,165.0
성동구,성동,리버 인 성수,2,고위험군,37.5350314,127.046539,204113.3068,448393.1841,46.02418599,-0.3069985762799874,44.72170049893152,-1.516140123508174,46.0,165.0
성동구,응봉동,예스위야응봉,2,고위험군,37.54942306,127.0292828,202587.6379,449989.8685,48.31381209,5.4615635550604225,42.608179191214305,-0.7253788069833158,46.0,165.0
성동구,용답동,양BnB House,2,고위험군,37.56192966,127.0516589,204564.1816,451378.8034,41.98250094,-0.5874356026545513,42.3995769460602,-0.5365581723201263,46.0,165.0
성동구,도선동,나비원,2,고위험군,37.56127039,127.0321866,202843.7882,451304.8648,46.50080219,3.9586545771826565,42.619438119984935,0.3846887198571476,46.0,165.0
성동구,성동,SEOULMATE S (서울메이트 성수),2,고위험군,37.53706697,127.0472144,204172.888,448619.1371,36.1709565,-8.296620087588977,44.93229447821129,-1.478716604677799,46.0,165.0
성동구,성동,성수 포레하우스,2,고위험군,37.54325531,127.0453026,204003.5872,449305.8843,29.49713814,-15.195213588247274,45.17481576835391,-1.3818951409033653,46.0,165.0
성동구,용답동,봄 스테이,2,고위험군,37.56107804,127.0508021,204488.5404,451284.2424,38.46811056,-4.511566242721983,42.38076441313378,-0.5641777528228415,46.0,165.0
성동구,행당동,LTE Room,2,고위험군,37.55651877,127.0321946,202844.6703,450777.4915,37.29047014,-5.01758437075987,42.18413028916213,-0.12178502258238949,46.0,165.0
성동구,도선동,Urban Forest Stay Mu-hak,2,고위험군,37.5611673,127.032913,202907.9745,451293.4453,53.72455501,11.10581903721689,42.548605979819165,0.39824980141539723,46.0,165.0
성동구,하왕십리동,헬로 서울,2,고위험군,37.55930372,127.0289688,202559.5536,451086.4952,44.20699926,1.5889909923324979,42.64920554274141,0.17727539776393458,46.0,165.0
성동구,성동,어반 성수,2,고위험군,37.53299683,127.0557905,204931.1239,448167.8167,42.0088006,-4.079163244112273,44.49756281412984,-1.4981638296038065,46.0,165.0
성동구,행당동,앨리 하우스(Alley House),2,고위험군,37.55474963,127.0303512,202681.8541,450581.0839,41.11920241,-1.1454705753003225,41.976523561200906,-0.2714378553387121,46.0,165.0
성동구,하왕십리동,다색,2,고위험군,37.56070015,127.029016,202563.6699,451241.4837,39.59804782,-3.2294598881249215,43.00602122637721,0.3034310324615064,46.0,165.0
성동구,도선동,Light house 왕십리,2,고위험군,37.55970399,127.0337849,202985.0672,451131.0625,45.25451407,2.888878833802025,42.35724536397848,0.23815963830000236,46.0,165.0
성동구,홍익동,서울 써니 스테이(Seoul Sunny Stay),2,고위험군,37.56368262,127.0303719,202683.3645,451572.5406,39.73024067,-3.7103220505497987,43.260270294322574,0.5409020321459237,46.0,165.0
성동구,도선동,코지서울,2,고위험군,37.56115698,127.0317607,202806.1637,451292.2648,44.34867597,1.709508947790873,42.64252698940633,0.37138441038321746,46.0,165.0
성동구,성동,리프레시 성수,2,고위험군,37.53664679,127.0462248,204085.4484,448572.4588,45.17788074,-1.3184295930235947,44.91458379060313,-1.4899924292710045,46.0,165.0
성동구,성동,크림 하우스 성수,2,고위험군,37.53581902,127.051638,204563.9277,448480.8355,37.66467364,-3.998271571082661,44.73191633544923,-1.486015268127687,46.0,165.0
성동구,성동,노스타노바(NOSTANOVA),2,고위험군,37.54742489,127.0257821,202278.3501,449768.0051,29.16972306,-13.04327575457442,43.170345108629725,-0.691804520119709,46.0,165.0
성동구,하왕십리동,YH STAY,2,고위험군,37.56132099,127.026377,202330.4875,451310.3209,51.78142876,8.310244537576452,43.74050646113711,0.26923760788839723,46.0,165.0
성동구,성동,성수리버,2,고위험군,37.53772154,127.0593995,205249.7823,448692.3969,36.75666209,-6.944472350107063,44.732592307610496,-1.4415688424860653,46.0,165.0
성동구,성동,린스테이(LYNN STAY),2,고위험군,37.54280248,127.0482425,204263.4293,449255.7549,46.24981546,3.612713723096263,45.11135681952537,-1.387692483146867,46.0,165.0
성동구,응봉동,캄스테이 응봉,2,고위험군,37.54950772,127.0291947,202579.8516,449999.2623,47.4611473,4.6621781279335295,42.595578437878956,-0.714388830634737,46.0,165.0
성동구,송정동,Laszlo & Co.,2,고위험군,37.54731654,127.0657349,205808.97,449757.6979,36.13748857,-6.7238481265319905,44.48364507008595,-1.3495995445521842,46.0,165.0
성동구,성동,코지 뚝섬(Cozy Ttukseom),2,고위험군,37.54350544,127.0461728,204080.4761,449333.6831,38.33659794,-4.590122437250422,45.173125719985514,-1.3755425872529106,46.0,165.0
성동구,성동,마이 리틀 서울,2,고위험군,37.54904299,127.0206984,201829.0649,449947.4836,47.04283799,4.106557998314422,43.079515308885604,-0.21967360585750254,46.0,165.0
성동구,하왕십리동,Wevvy Loft 왕십리,2,고위험군,37.55865523,127.0288537,202549.3998,451014.5174,38.23232365,-4.213609997013897,42.55332644645807,0.11398036218401772,46.0,165.0
마포구,연남동,주니스 게스트하우스,2,고위험군,37.56149159,126.919013,192844.5664,451332.0113,50.94914232,7.110087638022399,43.88129614665152,0.2032394530122691,46.0,165.0
마포구,동교동,진스파라다이스,2,고위험군,37.55551437,126.9236287,193251.8379,450668.2692,30.61340226,-5.327896598763118,35.65391292076167,1.6260896311400512,46.0,165.0
마포구,연남동,헬로월드 게스트하우스,2,고위험군,37.56096556,126.9228864,193186.7429,451273.3403,36.62713848,-9.427742270188318,46.05510271085492,0.0002942295875374007,46.0,165.0
마포구,합정동,홍대 게스트하우스 Hi :Dear,2,고위험군,37.54562637,126.9174338,192703.4867,449571.2825,40.7850036,-4.082197555787097,40.16533221718052,1.3175020462533384,46.0,165.0
마포구,연남동,스윗루나,2,고위험군,37.55818261,126.923767,193264.2929,450964.4023,42.64686994,-0.6187099140097345,43.649092770459575,-0.2823464363231199,46.0,165.0
마포구,서교동,Lee House 2,2,고위험군,37.55310859,126.927478,193591.7559,450400.987,33.97208471,-4.5032761792110705,39.65272826131184,2.018446267174662,46.0,165.0
마포구,염리동,브리지 스테이 마포,2,고위험군,37.54677382,126.9473364,195346.1066,449696.7352,32.75038715,-8.009230098723052,40.238734583174626,-0.9350296308124679,46.0,165.0
마포구,연남동,화이트브라운,2,고위험군,37.55609972,126.9192324,192863.4377,450733.5608,49.40263585,5.975497899778176,43.422249372201705,0.15135284365265142,46.0,165.0
마포구,성산동,Calm and cozy house,2,고위험군,37.55679066,126.916712,192640.804,450810.4413,32.4486153,-8.448360223072697,40.89821330424383,-0.021568429444812076,46.0,165.0
마포구,성산동,스테이 순,2,고위험군,37.55690407,126.9112361,192156.9686,450823.4713,39.25681616,-2.5152673466546247,42.04324386738707,0.43089217920795064,46.0,165.0
마포구,상암동,스마일 하우스,2,고위험군,37.57474511,126.8944596,190676.855,452805.1505,39.33540194,-1.363704518868552,41.102276366951465,0.47297747967554193,46.0,165.0
마포구,대흥동,낙원하우스,2,고위험군,37.54675942,126.943957,195047.4636,449695.3096,39.25542684,-2.6751876318898553,41.78241092956143,-1.3714528812803701,46.0,165.0
마포구,서교동,써니하우스,2,고위험군,37.55063756,126.9223728,193140.4134,450127.0925,27.76479498,-15.843672475227972,41.15140154173575,3.2015348503034637,46.0,165.0
마포구,창전동,라파벨라 하우스,2,고위험군,37.55036615,126.9259633,193457.6704,450096.7133,38.12576774,-0.6806741106758878,41.40043153350368,2.5850534020534552,46.0,165.0
마포구,합정동,포시즌하우스,2,고위험군,37.54859316,126.9093925,191993.1847,449901.2149,27.47385379,-14.943742172248442,42.11136580641987,1.1723636471215597,46.0,165.0
마포구,망원동,스테이 선선,2,고위험군,37.55668401,126.9040414,191521.2328,450799.6719,48.90870976,5.2862568101215,44.04771836613219,0.8333462279521869,46.0,165.0
마포구,연남동,스테이우아,2,고위험군,37.55903315,126.920769,192999.4814,451059.0212,37.16385739,-6.113541035748007,43.26611150645775,-0.20755442516662106,46.0,165.0
마포구,망원동,프라이빗 하우스,2,고위험군,37.55740113,126.9019853,191339.64,450879.4512,47.13305975,3.21927007247276,44.04339887326633,0.7634005733516679,46.0,165.0
마포구,연남동,솔로몬하우스,2,고위험군,37.56061592,126.9253273,193402.3706,451234.3603,52.1304351,4.302006642642716,47.81173314455421,-0.018238098817509,46.0,165.0
마포구,망원동,비비에이비 스테이,2,고위험군,37.55172181,126.904924,191598.6611,450248.8475,33.4526944,-9.70112784443311,42.74115355641811,1.146430779241395,46.0,165.0
마포구,창전동,스테이 뤼느,2,고위험군,37.55086366,126.928749,193703.8761,450151.7407,37.03055702,-1.802124530394913,40.57696187759388,1.6431187138553631,46.0,165.0
마포구,서교동,어반우드,2,고위험군,37.55098756,126.9136726,192371.6514,450166.6087,38.38826751,1.8469302247282045,37.92606065107853,1.3693758916537302,46.0,165.0
마포구,연남동,Maru Stay,2,고위험군,37.55845119,126.9192223,192862.7625,450994.5469,43.67430502,0.5305192218322077,43.072304811798595,-0.34683694435382073,46.0,165.0
마포구,연남동,데일리 하우스,2,고위험군,37.5588598,126.9243205,193313.2642,451039.5229,42.46851253,-3.1967125454413647,45.5650880930011,-0.1686991029271458,46.0,165.0
마포구,연남동,베인하우스,2,고위험군,37.55866919,126.9246619,193343.4067,451018.3432,41.26325584,-4.114999877605477,45.3934499612725,-0.16126094879469305,46.0,165.0
마포구,도화동,도레미 게스트하우스,2,고위험군,37.53880348,126.9502972,195607.2848,448811.9818,29.41224769,-9.765106686273171,39.14549930487458,-0.044549150350357725,46.0,165.0
마포구,연남동,위자드 하우스,2,고위험군,37.5572601,126.9177554,192733.0367,450862.4624,42.27265485,0.6610384705785322,41.59183406273378,-0.17866339976588647,46.0,165.0
마포구,노고산동,노고산스테이,2,고위험군,37.55242607,126.9398451,194684.4963,450324.4642,55.59006803,10.78593259082318,42.84843638430479,-1.8422759608197614,46.0,165.0
마포구,서교동,JH HOUSE,2,고위험군,37.55340327,126.9166802,192637.661,450434.4838,40.56534319,3.161930211139733,37.396977938321676,1.7722121617318165,46.0,165.0
마포구,동교동,이레스테이,2,고위험군,37.55462383,126.9269901,193548.7725,450569.1939,48.90812702,7.745364164867105,41.3938804033338,2.214454417421876,46.0,165.0
마포구,서교동,어반포레스트,2,고위험군,37.55118684,126.9175119,192710.9309,450188.4217,32.45505985,-5.175283325789387,37.70021128823248,1.8720656387768053,46.0,165.0
마포구,상수동,무드하우스 2호점,2,고위험군,37.54568008,126.9239713,193281.2229,449576.7564,55.84490496,8.13340802828899,41.67823734412818,2.272104512055246,46.0,165.0
마포구,노고산동,헤이스 하우스1,2,고위험군,37.55082404,126.9377856,194502.3902,450146.7765,39.53113283,-2.9269076820387383,42.58111457258528,-2.03592643701548,46.0,165.0
마포구,서교동,문하우스,2,고위험군,37.5527925,126.9276317,193605.3058,450365.8943,45.37297648,6.1802902233283135,40.549898259734675,1.9569529876892637,46.0,165.0
마포구,연남동,연트럴,2,고위험군,37.56322788,126.9206454,192988.9502,451524.5961,50.25250944,6.357555940751169,44.047515720961286,0.18369490300789176,46.0,165.0
마포구,연남동,SeeU House,2,고위험군,37.55762156,126.9216893,193080.6692,450902.2833,35.08698913,-7.031402909488882,42.60491644316409,-0.5966412002458299,46.0,165.0
마포구,서교동,cooKorean Home,2,고위험군,37.5549824,126.9134127,192349.0963,450610.0094,35.5991867,-5.266773109073284,40.299712560392024,1.158551723026611,46.0,165.0
마포구,연남동,모모하우스,2,고위험군,37.55789477,126.9244937,193328.4762,450932.4037,43.01149415,0.42615333750337214,42.85431026566572,-0.20238924654079918,46.0,165.0
마포구,연남동,huayuan house2,2,고위험군,37.55737926,126.9207388,192996.6627,450875.4613,49.79388465,6.379270964396561,43.20787497851842,-0.6310861927056555,46.0,165.0
마포구,서교동,Homi house,2,고위험군,37.55269953,126.9233619,193228.0105,450355.8747,51.75327173,5.926292619870964,41.07227473354341,3.471561719712213,46.0,165.0
마포구,노고산동,마인힐 스테이,2,고위험군,37.55214457,126.9413936,194821.3096,450293.1347,46.39488079,2.4325743529819803,42.12711306050127,-1.7287591526875705,46.0,165.0
마포구,동교동,연밤 게스트하우스,2,고위험군,37.55712309,126.9232575,193219.1835,450846.8448,31.83127004,-6.9023592640826195,38.645182667895504,-0.22653453639840143,46.0,165.0
마포구,동교동,거인,2,고위험군,37.55255355,126.9308814,193892.4392,450339.1576,28.08153853,-7.143887614986685,35.667459596154,0.7469609608547304,46.0,165.0
마포구,서교동,엔케 하우스,2,고위험군,37.5536264,126.9266455,193518.2369,450458.5148,33.99776315,-4.800733522439998,38.67250843324064,2.4343881889549,46.0,165.0
마포구,서교동,Mimi's house,2,고위험군,37.55108117,126.9173686,192698.257,450176.7048,37.45929743,-0.1409997229147848,37.687636595179164,1.7837180245765965,46.0,165.0
마포구,망원동,스테이인 망원,2,고위험군,37.55455056,126.9077188,191845.9347,450562.5589,48.74363117,3.2087794336874964,44.985085588084665,1.1437114183094486,46.0,165.0
마포구,서교동,더 포춘,2,고위험군,37.55225986,126.9271726,193564.696,450306.8089,41.73650629,2.162335783518536,40.907720627464954,2.093227610228327,46.0,165.0
마포구,창전동,스테이 공유 홍대,2,고위험군,37.5502927,126.9283737,193670.6625,450088.3962,37.99232349,-0.940344579690958,40.672124068837576,1.8345155332696732,46.0,165.0
마포구,연남동,마이리틀,2,고위험군,37.55905795,126.9191744,192858.5961,451061.8937,45.3283094,1.987678509974046,43.22969277749573,-0.16053751667915073,46.0,165.0
마포구,도화동,NANA STAY,2,고위험군,37.53848218,126.9526834,195818.1566,448776.2127,38.51382462,-0.17122401000897014,38.93960376239403,0.24215194413200997,46.0,165.0
마포구,연남동,사미스테이,2,고위험군,37.55698014,126.9182525,192776.9385,450831.3518,42.16327581,0.35753208815592075,41.765243496819885,-0.2051689729246543,46.0,165.0
마포구,서교동,Sue-perb house,2,고위험군,37.55191267,126.9180645,192759.8325,450268.9375,35.18263543,-2.07577339472941,37.612514641142326,2.5464282523472708,46.0,165.0
마포구,서교동,모스트스테이,2,고위험군,37.55327394,126.9175679,192716.086,450420.0606,34.33398768,-4.623142557761803,37.78495752124739,2.246571730171762,46.0,165.0
마포구,연남동,블라썸,2,고위험군,37.55874676,126.9245255,193331.3636,451026.9622,43.25246252,-2.2098208099893952,45.47232648002082,-0.16299073963539645,46.0,165.0
마포구,동교동,마포달빛,2,고위험군,37.55257976,126.9305018,193858.903,450342.0913,31.23806042,-3.374199883880369,35.503708115088536,0.9320333437094217,46.0,165.0
마포구,동교동,Da Young House,2,고위험군,37.55341017,126.9295521,193775.056,450434.3194,35.748507,-1.0386947556545323,36.95428980131902,1.3385252348895942,46.0,165.0
마포구,노고산동,신촌의 여유,2,고위험군,37.55246431,126.9393936,194644.6028,450328.734,55.44345149,10.371918453480262,43.057613889006284,-1.8971195099040623,46.0,165.0
마포구,서교동,세린홍대스위트,2,고위험군,37.5515933,126.9272488,193571.3712,450232.8235,35.24570861,-3.9271860649964765,41.15880515434016,2.073496471305756,46.0,165.0
마포구,상수동,휴스테이,2,고위험군,37.54532898,126.9216635,193077.2518,449537.9559,54.59851084,8.413334835704703,41.329159337395026,1.8171871874705365,46.0,165.0
마포구,망원동,보르카,2,고위험군,37.55145772,126.9058677,191682.0222,450219.4528,28.57369344,-14.884250886309466,42.89376623419312,1.1787124629969246,46.0,165.0
마포구,연남동,밀리언스테이1,2,고위험군,37.55975429,126.9255974,193426.1655,451138.7106,53.37099094,6.168831319513565,47.18145511926737,-0.03879030631128751,46.0,165.0
마포구,동교동,스테이 홍대101,2,고위험군,37.55356227,126.9294632,193767.2115,450451.2066,34.97174243,-1.9522193596550679,37.44787076695522,1.3723322844121433,46.0,165.0
마포구,연남동,원 하우스,2,고위험군,37.55918952,126.9256858,193433.9203,451076.0216,56.65465226,10.186369385244639,46.51762981728085,-0.06115584650323597,46.0,165.0
마포구,서교동,호영하우스,2,고위험군,37.55254638,126.9285959,193690.491,450338.5127,42.19509814,1.8651164476439916,40.119812339304254,1.6375513953562788,46.0,165.0
마포구,도화동,연 스테이,2,고위험군,37.53658544,126.9485049,195448.7488,448565.8918,48.55633371,8.767859433215015,39.584018385092065,-0.1983453464366629,46.0,165.0
마포구,서교동,코텔로,2,고위험군,37.54653057,126.9165105,192621.9849,449671.7098,51.34553002,11.01987454337496,39.77233624427069,1.2762434033939918,46.0,165.0
마포구,염리동,마므레인서울,2,고위험군,37.55242519,126.94738,195350.3097,450323.9672,28.1178571,-13.36930969949412,39.84444102623736,-1.5882997747896626,46.0,165.0
마포구,서교동,슬로우시네마 홍대,2,고위험군,37.55177137,126.913431,192350.3834,450253.6218,32.46961715,-5.236889789178207,37.817718595362194,1.4367093845871473,46.0,165.0
마포구,연남동,헤이븐 연남,2,고위험군,37.56162667,126.9256372,193429.8394,451346.5199,52.86888807,4.975498158017885,47.91540299623562,0.033784993300326985,46.0,165.0
마포구,동교동,KHC스테이,2,고위험군,37.55471946,126.9267626,193528.6742,450579.8233,46.94465105,5.7825197210584705,41.33547588278917,2.2710591201817563,46.0,165.0
마포구,연남동,스테이 무아,2,고위험군,37.56143002,126.9189274,192836.9957,451325.1843,49.09294766,5.294749604114955,43.84023606353483,0.20397499895521415,46.0,165.0
마포구,동교동,클라우스하우스3,2,고위험군,37.55376464,126.9297795,193795.1781,450473.6463,37.17188561,0.37695579343249364,37.10610924728217,1.2687554026951653,46.0,165.0
마포구,동교동,양화스테이,2,고위험군,37.55661176,126.9251782,193388.8486,450789.9564,45.24730737,6.109711403806706,39.05491244843463,0.25822041225485437,46.0,165.0
마포구,성산동,휘게하우스,2,고위험군,37.55631513,126.9115941,192188.5429,450758.0761,41.28429086,-0.8655727236056308,42.0177060977962,0.7862773837667484,46.0,165.0
마포구,창전동,알로하하우스_블루,2,고위험군,37.55101092,126.9312881,193928.2585,450167.9178,43.77252135,6.47824109126303,37.70367240230949,0.5137272237440945,46.0,165.0
마포구,동교동,동교의봄,2,고위험군,37.55473791,126.9195567,192891.9624,450582.3915,48.55820299,6.356589995717783,41.88392614877838,2.029778384394839,46.0,165.0
마포구,동교동,오리하우스,2,고위험군,37.55229526,126.931076,193909.6155,450310.4779,33.41751401,-2.3858533545005116,36.08129021541415,0.6392018501190013,46.0,165.0
마포구,도화동,온안 스테이,2,고위험군,37.53837945,126.9530932,195854.3656,448764.7927,33.73334215,-4.881064124846958,38.94457320053611,0.31101850192114294,46.0,165.0
마포구,합정동,아스트라 스테이,2,고위험군,37.54986386,126.9091758,191974.1716,450042.2658,48.12963374,2.6692296800392654,41.94447981332904,1.2327778920401444,46.0,165.0
마포구,동교동,노블스테이,2,고위험군,37.55253174,126.9305821,193865.9929,450336.7564,32.11744859,-2.7159420078727763,35.59611343157235,0.8920572032239736,46.0,165.0
마포구,서교동,에덴 게스트하우스,2,고위험군,37.5501497,126.9195541,192891.2951,450073.1552,39.94925052,0.1766130203567684,38.81275226625823,2.253871882628342,46.0,165.0
마포구,염리동,썬데이 플라라,2,고위험군,37.54477282,126.9440247,195053.3141,449474.8175,45.06210871,3.577969417766475,41.27859802488867,-1.1201147882888518,46.0,165.0
마포구,동교동,구름,2,고위험군,37.55326407,126.9298923,193805.0977,450418.0815,30.83112884,-5.240199859580425,36.29750596898083,1.209005903856268,46.0,165.0
마포구,성산동,MW STAY,2,고위험군,37.56034197,126.9057104,191669.1088,451205.513,41.25552059,-1.5966592570385387,42.846456012134766,0.010335968070668939,46.0,165.0
마포구,공덕동,스테이인공덕엠,2,고위험군,37.54550616,126.958905,196368.36,449555.5305,40.08130478,-0.15152533449290218,38.63380499541729,2.645331706165519,46.0,165.0
마포구,대흥동,플러스 스테이,2,고위험군,37.54469077,126.9391548,194622.9423,449465.9783,41.11193838,-0.11028445442881463,40.289384348885974,-1.3456844830082617,46.0,165.0
마포구,연남동,연남 스테이션 2,2,고위험군,37.56173552,126.9206253,192987.0354,451358.9631,36.88884386,-7.261457356173615,44.251124524834125,0.12875527523006816,46.0,165.0
마포구,서교동,마루 서교,2,고위험군,37.55321296,126.9161303,192589.0463,450413.4049,40.49718837,2.4477603176996965,37.20736652018435,1.6927293705914297,46.0,165.0
마포구,망원동,더플래닛,2,고위험군,37.55123821,126.9078434,191856.5805,450194.9168,42.18626859,-0.01904610428799458,42.65566980731112,1.239510816439469,46.0,165.0
마포구,연남동,더드 하우스,2,고위험군,37.55815851,126.9210094,193020.6388,450961.9287,43.23503898,0.41213547650460214,42.983259491899744,-0.47920048787120967,46.0,165.0
마포구,상수동,스테이 상수,2,고위험군,37.54374376,126.9217001,193080.3353,449362.013,36.35500276,-3.9529036977476224,41.74894630821361,1.6853959550492772,46.0,165.0
마포구,서교동,성산하우스 다날,2,고위험군,37.5555066,126.9114407,192174.9005,450668.3517,47.59930885,6.296640144638523,42.05662958325097,1.1689801952486456,46.0,165.0
마포구,성산동,홍대 스테이,2,고위험군,37.55586956,126.9159724,192575.3645,450708.2683,41.93088503,2.0199582287492888,39.88081102716281,0.3118530520654327,46.0,165.0
마포구,연남동,아르테,2,고위험군,37.55988072,126.9204466,192971.0796,451153.1156,44.70694138,1.0036654426997629,43.69487624046298,-0.018639864976537086,46.0,165.0
마포구,동교동,플레이 마포,2,고위험군,37.55216009,126.9314476,193942.4449,450295.4516,33.57658687,-2.584649843912736,36.386064299363426,0.449675776333736,46.0,165.0
마포구,동교동,제일,2,고위험군,37.55272523,126.931557,193952.1532,450358.1683,33.82804275,-1.7499472072317417,35.85251445996836,0.41297240723733875,46.0,165.0
마포구,동교동,머뭄,2,고위험군,37.55362667,126.9288388,193712.0452,450458.3958,30.82154108,-6.461584145658232,38.55323522574673,1.5655458592233504,46.0,165.0
마포구,도화동,숑?N하우스,2,고위험군,37.53862766,126.9525846,195809.4355,448792.3636,39.41896813,0.7617110099570112,38.8999732682724,0.2308898139876313,46.0,165.0
마포구,망원동,온마음스테이,2,고위험군,37.5530852,126.9070792,191789.2555,450399.9771,44.93347781,0.20023183184171955,43.98889655837336,1.1953131593160065,46.0,165.0
마포구,대흥동,스테이 소도,2,고위험군,37.54740564,126.9439619,195047.9403,449767.032,35.1006392,-6.979213586091923,41.89395436118602,-1.458360387481727,46.0,165.0
마포구,망원동,우리 함께 즐겨요 서울 스테이 2,2,고위험군,37.55358052,126.9037336,191493.6895,450455.2492,49.20445456,5.068714548564138,43.530953034477264,1.0555888523099743,46.0,165.0
마포구,망원동,Mapo;rest Stay,2,고위험군,37.55747481,126.9008818,191242.1458,450887.731,52.32760638,8.20257907250771,44.10261309714468,0.7601400998247407,46.0,165.0
마포구,망원동,헬로 스트레엔젤,2,고위험군,37.55773662,126.9034193,191466.3903,450916.5554,35.71649757,-7.817580800811832,43.875143067480614,0.7017060399197126,46.0,165.0
마포구,서교동,one way house 2,2,고위험군,37.55204423,126.9278899,193628.0583,450282.8277,35.39049272,-4.419115415021899,41.293993523932954,1.8510317218737369,46.0,165.0
마포구,동교동,클라우스 하우스2,2,고위험군,37.55433995,126.9283817,193671.7073,450537.592,47.31640074,7.491971180591001,40.715475312337105,1.6903500020472988,46.0,165.0
마포구,연남동,스테이 고래,2,고위험군,37.56076207,126.9165295,192625.0718,451251.2352,37.94445233,-4.4678020714010245,42.636899108392385,0.25434684073283903,46.0,165.0
마포구,서교동,어울림,2,고위험군,37.5463058,126.9196529,192899.6611,449646.5211,36.85655117,-3.669992356025304,40.37465394058064,1.5845436351012414,46.0,165.0
마포구,망원동,체리하우스,2,고위험군,37.55621009,126.9054971,191649.8071,450746.9421,46.87284008,2.4756208494497685,44.22267403825962,0.901419636696675,46.0,165.0
마포구,서교동,스테이 이브,2,고위험군,37.55368749,126.9260552,193466.082,450465.3359,36.52239173,-1.958045512635202,38.51913105827433,2.689402018519102,46.0,165.0
마포구,망원동,다나 하우스,2,고위험군,37.55521731,126.9011929,191269.3732,450637.1463,44.35412084,-0.2917073417498699,43.939032910787226,0.9201598175110977,46.0,165.0
마포구,동교동,루비 스테이,2,고위험군,37.55263061,126.9313943,193937.7706,450347.6771,33.89485713,-1.6287235517487275,35.79169817913474,0.49381242874575393,46.0,165.0
마포구,서교동,프라이빗 하우스,2,고위험군,37.55240642,126.9288545,193713.33,450322.9615,52.75698546,12.207422392796232,40.37220479159285,1.552434794411995,46.0,165.0
마포구,노고산동,썬스 하우스,2,고위험군,37.55229819,126.9395073,194654.6397,450310.2902,55.37861633,10.386497610416178,42.99475199862637,-1.8815270610242667,46.0,165.0
마포구,도화동,한스 하우스,2,고위험군,37.5347838,126.9461072,195236.7174,448366.0506,39.53713549,-0.5945195640080598,39.86827475739736,-0.3763394760868473,46.0,165.0
마포구,연남동,란 스테이,2,고위험군,37.55970759,126.9240994,193293.7994,451133.6333,50.41578958,4.174413547218556,46.329849240175726,-0.11625691616467973,46.0,165.0
마포구,합정동,S HOUSE,2,고위험군,37.5440966,126.9132566,192334.192,449401.8289,41.32785633,-3.7838015182527016,41.28443455370157,1.1496116029010743,46.0,165.0
마포구,서교동,앤드류 게스트하우스,2,고위험군,37.55364634,126.926408,193497.2509,450460.7443,38.66452787,0.42943503804686856,38.50345580875968,2.5178995157417807,46.0,165.0
마포구,대흥동,1978 Stay,2,고위험군,37.54655983,126.9429587,194959.231,449673.2106,41.5660089,-1.1940234885462075,41.873659697541164,-1.4230524217490306,46.0,165.0
마포구,연남동,시담,2,고위험군,37.5631198,126.9223502,193139.567,451512.4746,41.91149724,-2.7281235017609973,44.703005682855775,0.15218765898885456,46.0,165.0
마포구,연남동,연남재 게스트하우스,2,고위험군,37.55910294,126.9237061,193258.9958,451066.5524,45.09868069,-0.4691687564034197,45.699010604807455,-0.19261786386149132,46.0,165.0
마포구,연남동,도란도란3,2,고위험군,37.55911332,126.9253471,193403.9911,451067.588,44.81696758,-1.328927832572468,46.288394093625456,-0.0846853925079231,46.0,165.0
마포구,연남동,찬스하우스,2,고위험군,37.55735274,126.92095,193015.3179,450872.5022,45.05106814,1.6757185791955322,43.113267937325574,-0.6389056799199035,46.0,165.0
마포구,서교동,Moonlight house,2,고위험군,37.55338757,126.915606,192542.7387,450432.826,41.04240256,3.1006316627760455,37.304048427758914,1.5364718397460277,46.0,165.0
마포구,망원동,힐링하우스2,2,고위험군,37.55917139,126.9022812,191365.9911,451075.9019,50.36786768,6.625520436918322,43.87625930260141,0.5064766777350087,46.0,165.0
마포구,연남동,홍대 스테이유,2,고위험군,37.55805283,126.9241003,193293.7315,450949.9744,46.32841379,3.514145016140212,43.22812970427337,-0.2592971742585796,46.0,165.0
마포구,연남동,홍홈,2,고위험군,37.55730089,126.9211929,193036.7743,450866.7294,48.70051316,5.50200084963199,42.89447679343746,-0.6404623554409296,46.0,165.0
마포구,망원동,Dalgonastay M,2,고위험군,37.55511389,126.9044761,191559.4714,450625.3681,52.63829197,8.802061563245822,44.30158569382454,0.9864651244522022,46.0,165.0
마포구,연남동,작전명 행복,2,고위험군,37.55860056,126.9252831,193398.2929,451010.6822,46.23106452,0.9140524471049218,45.4606228865035,-0.1273157295019844,46.0,165.0
마포구,성산동,우주정복연구소,2,고위험군,37.55878614,126.9160694,192584.2174,451031.9665,44.65165392,2.7360510928528825,41.93742607186708,0.08658838355830431,46.0,165.0
마포구,동교동,이안 뱃 스테이,2,고위험군,37.55344782,126.9298732,193803.4279,450438.4769,31.12635021,-5.302773369296709,36.416916805959794,1.2229285893907402,46.0,165.0
마포구,합정동,망원경,2,고위험군,37.54918998,126.9088675,191946.8601,449967.4996,48.34358202,0.49842648127439304,42.14946541184279,1.2005306556642728,46.0,165.0
마포구,연남동,오아시스 연남1,2,고위험군,37.55924617,126.9231501,193209.8874,451082.4893,53.6424831,7.71655639020063,45.9800616092078,-0.2075766900100581,46.0,165.0
마포구,연남동,나로하우스,2,고위험군,37.55789278,126.9204125,192967.8719,450932.4803,38.25749148,-5.3051987812932495,43.162528609411254,-0.5206170236110105,46.0,165.0
마포구,연남동,Kim's Mansion,2,고위험군,37.56119245,126.9193497,192874.2802,451298.7847,44.27610292,0.10756842183855042,44.29033398568103,0.1578733365447012,46.0,165.0
마포구,대흥동,아라베스크,2,고위험군,37.54692596,126.9434928,195006.4532,449713.8181,58.56602619,15.888717040626936,41.948327342843506,-1.4359071837801891,46.0,165.0
마포구,성산동,하이 홍대,2,고위험군,37.55896277,126.9161679,192592.9441,451051.5625,46.33000742,4.239585119718619,42.11025406461822,0.10084482656063046,46.0,165.0
마포구,합정동,낙낙스테이,2,고위험군,37.54943287,126.9075652,191831.8013,449994.5698,48.29025549,1.4832291792415688,42.36728396797522,1.1950475842272508,46.0,165.0
마포구,합정동,쁘띠맨숀47,2,고위험군,37.54532948,126.9178278,192738.2772,449538.3008,37.85677665,-5.33328396794407,40.44057832059883,1.3353012756496718,46.0,165.0
마포구,연남동,스테이콤마,2,고위험군,37.55880178,126.9205143,192976.9582,451033.3609,34.19111958,-8.885482996793073,43.14073797330595,-0.24924244320639388,46.0,165.0
마포구,중동,더 눅 마포,2,고위험군,37.56745481,126.9049959,191606.7813,451995.0184,39.18096702,-2.237701539423959,41.656254203406675,0.29376221265109287,46.0,165.0
마포구,상암동,올스테이,2,고위험군,37.57337671,126.8946398,190692.5969,452653.2561,36.68248417,-3.982054438297858,41.140094697143326,0.447975647540923,46.0,165.0
마포구,망원동,한강스테이,2,고위험군,37.55052045,126.9011467,191264.7472,450115.8552,45.16347052,3.7036227857462407,42.593237200899495,1.0676571957459993,46.0,165.0
마포구,도화동,흐흐스테이,2,고위험군,37.53876108,126.9518076,195740.771,448807.2065,40.52542179,1.7480850009586177,38.90868273789947,0.12867751683897116,46.0,165.0
마포구,서교동,스테이스트 홍대,2,고위험군,37.54926167,126.9140419,192404.1131,449975.0257,44.12743019,6.012829980699763,39.14630685785758,1.2577644823924408,46.0,165.0
마포구,서교동,스테이온 328,2,고위험군,37.55308438,126.9270773,193556.3477,450398.3273,38.78574814,0.8279852773387617,39.222714783267804,2.168598810198041,46.0,165.0
마포구,동교동,스테이 온기,2,고위험군,37.55321696,126.9306614,193873.0562,450412.8025,42.04993419,7.344124503184389,35.3875302009547,0.8947432453052712,46.0,165.0
마포구,성산동,하루안 스테이,2,고위험군,37.56041888,126.9056656,191665.16,451214.053,41.01316851,-1.8383798049100193,42.8522080962168,-0.001420058213559998,46.0,165.0
마포구,창전동,허브하우스,2,고위험군,37.54695341,126.9288941,193716.3697,449717.7402,47.42741959,3.851683547500741,40.176560603461,2.148326768246367,46.0,165.0
마포구,공덕동,다도 하우스 신공덕,2,고위험군,37.54684029,126.9604459,196504.5988,449703.5444,53.68254786,10.971503689259322,38.463232940045025,3.035593762768286,46.0,165.0
마포구,상암동,조선힙,2,고위험군,37.57408294,126.8933823,190581.5988,452731.7647,42.38755113,1.1636077698147247,41.1370851809834,0.44902011603866837,46.0,165.0
마포구,망원동,망원 데이데이,2,고위험군,37.55090791,126.9014883,191294.9709,450158.8269,37.97062489,-3.4340746573214602,42.54162090174682,1.0709842474907434,46.0,165.0
마포구,연남동,SSOL HOUSE,2,고위험군,37.56364481,126.9189287,192837.3226,451570.9998,41.94992791,-1.373960926350449,43.52180248863658,0.3061770176314225,46.0,165.0
마포구,대흥동,스테이연 마포,2,고위험군,37.54561926,126.9419204,194867.4087,449568.8749,45.59930524,3.009783039826857,41.4260459182663,-1.3711776750489524,46.0,165.0
마포구,도화동,공디스테이,2,고위험군,37.53915854,126.9513128,195697.0645,448851.3422,35.55869613,-3.321532781672964,38.93245252766083,0.05997790924160776,46.0,165.0
마포구,합정동,Piece Haus,2,고위험군,37.54910493,126.908141,191882.644,449958.1225,43.72708893,-2.5534099134433035,42.3034310083774,1.197042626049004,46.0,165.0
마포구,성산동,번역가의 방,2,고위험군,37.5652737,126.9081558,191885.707,451752.6631,36.24997161,-5.470087147412045,41.74045508915214,0.07094142334456763,46.0,165.0
마포구,창전동,스테이 에이치,2,고위험군,37.55122877,126.9314395,193941.6485,450192.0868,44.17996651,7.198138068754616,37.43470830191725,0.42661455420592664,46.0,165.0
마포구,연남동,홍대온스테이,2,고위험군,37.55877584,126.9202131,192950.3393,451030.5044,47.01350271,4.037784537766932,42.964348899325074,-0.24307825144663497,46.0,165.0
마포구,동교동,Hee's house,2,고위험군,37.55278435,126.931626,193958.2559,450364.7255,42.86069235,7.390602555963547,35.82167307756461,0.37766817336206127,46.0,165.0
마포구,연남동,사브리나 인 연남,2,고위험군,37.56090713,126.9166146,192632.5979,451267.3284,40.30608595,-2.091430504446471,42.63466654695788,0.25722463286684155,46.0,165.0
마포구,노고산동,레아스테이,2,고위험군,37.55209414,126.9324024,194026.806,450288.0708,43.07030471,6.247017881517934,36.828487510637245,-0.016953744208244262,46.0,165.0
마포구,연남동,Project 202,2,고위험군,37.55800662,126.9245589,193334.2541,450944.813,42.81096944,-0.2556956503310488,43.35685653556111,-0.20891541018686632,46.0,165.0
마포구,동교동,준하우스1,2,고위험군,37.55645178,126.9222266,193128.0345,450772.4122,38.4642407,-1.3355867599885443,39.56633956833784,0.20501316376786008,46.0,165.0
마포구,연남동,어반리프연남,2,고위험군,37.56043788,126.9257333,193438.2267,451214.5715,50.94642774,3.0925854874498455,47.84314093554338,-0.011816091646728533,46.0,165.0
마포구,도화동,스텔라스테이,2,고위험군,37.53862228,126.9523933,195792.5281,448791.775,42.48178235,3.791691927160741,38.91214839900188,0.21123821049680638,46.0,165.0
마포구,서교동,신화,2,고위험군,37.55124449,126.9238334,193269.535,450194.3488,40.66410876,-0.08413376739282796,40.92932830487343,3.233169009002678,46.0,165.0
마포구,서교동,스테이 로뎀,2,고위험군,37.54641613,126.9157121,192551.4229,449659.0713,47.78916984,7.129039721791337,40.20475908050632,1.233839363211024,46.0,165.0
마포구,서교동,코자요03,2,고위험군,37.54948675,126.9219025,193098.7498,449999.4008,45.81704151,2.4384421637530096,40.150977167528325,2.7065501989311755,46.0,165.0
마포구,대흥동,Casa Luna,2,고위험군,37.55116109,126.9437627,195030.5881,450183.8523,43.98477435,2.1011268544653774,40.867388635641305,-1.6927530190728104,46.0,165.0
마포구,연남동,엔조이연남,2,고위험군,37.5619481,126.9204545,192971.9665,451382.5698,44.3285228,0.2837469340332959,44.158842867145296,0.14405857898328414,46.0,165.0
마포구,연남동,바다민박,2,고위험군,37.56106961,126.9263398,193491.8711,451284.6439,51.59916256,3.3774649058624533,48.239050374185226,0.028874044698412066,46.0,165.0
마포구,서교동,유월애,2,고위험군,37.54887439,126.9194584,192882.7172,449931.6184,46.34350791,6.503727969454928,38.88304397132411,1.8538194809822737,46.0,165.0
마포구,도화동,공덕 스테이,2,고위험군,37.53826824,126.9517284,195733.745,448752.5108,44.52035866,5.603662089829811,39.0289192815603,0.10780609311627225,46.0,165.0
마포구,망원동,더 피크닉 스테이,2,고위험군,37.55345249,126.8968384,190884.3967,450441.6857,47.01434772,4.220344771369575,43.79279989245815,0.940870526459634,46.0,165.0
마포구,동교동,동교 네스트,2,고위험군,37.55429383,126.9296992,193788.1221,450532.3854,37.91379629,-1.368252679230558,38.165526283558364,1.2931356099201397,46.0,165.0
마포구,서교동,스테이담,2,고위험군,37.55557681,126.9163648,192610.0035,450675.7456,47.79445937,7.775378858276724,39.934339749406675,0.4535136217450181,46.0,165.0
마포구,합정동,버터하우스,2,고위험군,37.54666495,126.9069015,191772.8478,449687.4218,43.19565546,1.7297845309292086,42.63373975135748,1.1001368801246594,46.0,165.0
마포구,합정동,스테이 쉼표,2,고위험군,37.54965774,126.9092616,191981.7349,450019.3816,52.39481819,5.727911408706333,41.91718329413251,1.2201774868701922,46.0,165.0
마포구,공덕동,블루하우스,2,고위험군,37.54714898,126.9620284,196644.4558,449737.7476,44.94975854,4.296745693900675,38.20578100514142,3.248532178752303,46.0,165.0
마포구,합정동,하울의 집,2,고위험군,37.54707,126.9105275,192093.3234,449732.0664,48.46415992,5.91223587200038,42.12341165128372,1.1259755130562183,46.0,165.0
마포구,공덕동,벨라 스테이,2,고위험군,37.54466259,126.9591898,196393.4868,449461.8935,34.59263303,-1.9431218634966925,38.58656888041267,2.616272095904476,46.0,165.0
마포구,염리동,모먼트 하우스,2,고위험군,37.55289715,126.9467542,195295.0388,450376.3802,34.7657327,-5.979247700126777,40.089295482460756,-1.6701088881658073,46.0,165.0
마포구,공덕동,뉴 웨이브 하우스 101,2,고위험군,37.54403611,126.9539222,195927.9395,449392.5769,41.69795548,3.80722903889275,38.25589972097846,0.8193115241742186,46.0,165.0
마포구,연남동,CARRIE'S HOME,2,고위험군,37.56141201,126.9251507,193386.8386,451322.7293,54.32612623,6.650406146677305,47.691305717079956,0.017086728789393296,46.0,165.0
마포구,공덕동,우당탕탕 태희네,2,고위험군,37.54733049,126.9602237,196484.9868,449757.959,36.36930637,-2.9004165600852545,38.51439206753771,3.0104364425042136,46.0,165.0
마포구,상수동,홍스 하우스,2,고위험군,37.54604513,126.9234423,193234.5117,449617.3105,54.87893526,6.446576404290937,41.563110226036486,2.2409095625387163,46.0,165.0
마포구,서교동,홍대 안미당,2,고위험군,37.55226731,126.9230807,193203.1191,450307.9238,42.66095014,-5.929049969181101,41.12788314165057,3.4819149207492575,46.0,165.0
마포구,성산동,파라다이스 인 마포,2,고위험군,37.56086449,126.9101334,192059.9605,451263.1237,34.32780129,-7.2181570871581116,41.51082045159403,-0.05721166612571008,46.0,165.0
마포구,당인동,상수 스테이,2,고위험군,37.54329958,126.9196483,192898.973,449312.8674,48.4506058,8.475462912744156,41.51046534668352,1.4462796062942118,46.0,165.0
마포구,아현동,메리골든스테이,2,고위험군,37.55401904,126.9598616,196453.2981,450500.3214,43.11624985,-0.22763780918781862,41.767856808060046,2.7208643817903466,46.0,165.0
마포구,아현동,기다린보람 마포스테이,2,고위험군,37.55408576,126.9522983,195785.001,450508.0387,60.95870776,19.257823546113684,41.66035869747645,-0.05682058818244412,46.0,165.0
마포구,서교동,Tomy guest house,2,고위험군,37.5527082,126.9276907,193610.5156,450356.534,39.16044945,-0.20444625220699209,40.741692345029065,1.938621055899774,46.0,165.0
마포구,아현동,머무룸,2,고위험군,37.55415387,126.954225,195955.2537,450515.5135,40.73471122,-2.379949735121869,43.7530561625145,0.9472810232697637,46.0,165.0
마포구,합정동,소소당 합정,2,고위험군,37.54724842,126.9046318,191572.3382,449752.381,44.18714234,2.5841308070058773,42.770174145184484,1.0994716275232843,46.0,165.0
마포구,망원동,굿바이브,2,고위험군,37.5595094,126.9030953,191437.9627,451113.3425,46.66383786,3.21830208855598,43.69976064834194,0.4706775457885789,46.0,165.0
마포구,서교동,조하 하우스,2,고위험군,37.55263083,126.9235036,193240.5227,450348.2397,51.2531941,5.811152092422596,41.12586906243163,3.44752775804008,46.0,165.0
마포구,도화동,우리함께즐겨요 서울스테이,2,고위험군,37.53687991,126.9472655,195339.2182,448598.635,40.45180932,0.6783645133295977,39.80401894980389,-0.35794613683163523,46.0,165.0
마포구,공덕동,미담스테이,2,고위험군,37.54543146,126.9575945,196252.5513,449547.2911,43.62104579,5.702926542505004,38.654395031090075,2.307643874499322,46.0,165.0
마포구,망원동,레스트 휴,2,고위험군,37.55134398,126.9037998,191499.2771,450207.014,46.89687721,5.143182529555467,42.52788191682588,1.1209003680120657,46.0,165.0
마포구,합정동,로스터블록,2,고위험군,37.55019796,126.9077013,191843.9087,450079.4738,45.04334689,-0.9761173406884396,42.3885961299746,1.2128443805906637,46.0,165.0
마포구,서교동,HAN HOME,2,고위험군,37.55236449,126.9259131,193453.4136,450318.5086,34.58552326,-3.212822003482877,40.31561992512219,2.5998212687050253,46.0,165.0
마포구,망원동,럭키스테이,2,고위험군,37.55330759,126.9074366,191820.8589,450424.6286,39.47206009,-5.848603000419843,44.24750500675173,1.2040552860250415,46.0,165.0
마포구,동교동,하이미쉬,2,고위험군,37.55454393,126.9282429,193659.4626,450560.2407,41.57988634,1.16709950235078,41.40631965039929,1.7209468475963279,46.0,165.0
마포구,동교동,빙고 연남 루프탑,2,고위험군,37.55720823,126.9250743,193379.7147,450856.1648,41.02438545,0.3917927424201082,40.67268702803785,-0.07746488151109204,46.0,165.0
마포구,서교동,STAY AN,2,고위험군,37.55280385,126.9234984,193240.0762,450367.4432,51.97403842,7.067928889075787,41.01995566497365,3.4296830648128784,46.0,165.0
마포구,상수동,Hongdae Cozy Stay,2,고위험군,37.54686313,126.9218142,193090.7102,449708.217,37.9569572,-3.8432852217517777,40.75685245320186,2.0500454443970857,46.0,165.0
마포구,노고산동,호미 게스트하우스,2,고위험군,37.55043029,126.9373534,194464.1731,450103.1004,26.17670955,-15.645902297523197,42.24877580606605,-2.012787791089299,46.0,165.0
마포구,연남동,J HOUSE,2,고위험군,37.55962836,126.9229854,193195.3709,451124.9198,45.64369053,-0.6091973272045408,46.16735143564354,-0.16166339847248218,46.0,165.0
마포구,도화동,요셉 게스트하우스,2,고위험군,37.53838834,126.9533994,195881.4351,448765.766,33.42675615,-5.095038114108213,38.90991716388851,0.3692116276083659,46.0,165.0
마포구,창전동,Garden House,2,고위험군,37.54657553,126.9291723,193740.9174,449675.7816,34.54681795,-3.8787862813695213,40.11868670132504,2.1245707093203055,46.0,165.0
마포구,동교동,Like House,2,고위험군,37.55418894,126.9261603,193475.4135,450520.9836,32.40412343,-6.732590074897409,39.57197081676645,2.6304301954412272,46.0,165.0
마포구,연남동,시즈 더 데이,2,고위험군,37.55886588,126.9245163,193330.5587,451040.1838,38.86967166,-6.693644309433608,45.65668957664566,-0.15410525910229517,46.0,165.0
마포구,연남동,메모리스테이 연남2호점,2,고위험군,37.5609347,126.9180655,192760.7973,451270.2756,50.33765509,7.288390712135467,43.188932549218315,0.23049916640024745,46.0,165.0
마포구,합정동,호루스 스테이,2,고위험군,37.54465034,126.9117784,192203.6099,449463.4089,42.99279889,-0.595605934166592,41.686465669515755,1.1199090246240884,46.0,165.0
마포구,연남동,여기연남스테이,2,고위험군,37.55833364,126.9173848,192700.403,450981.6413,47.46248039,4.894026579475117,42.56589384827892,-0.021849976607023938,46.0,165.0
마포구,합정동,한스테이,2,고위험군,37.5497112,126.9063113,191721.0267,450025.5708,42.35205135,-1.8716408578223493,42.537555483483814,1.1736879586334255,46.0,165.0
마포구,연남동,메모리 메종 연남점,2,고위험군,37.5585801,126.9216348,193075.9371,451008.6739,47.74167377,4.850323587097947,42.98886720400856,-0.34652489434880696,46.0,165.0
마포구,합정동,픽토피아,2,고위험군,37.54538119,126.9133272,192340.5626,449544.3971,36.18517448,-6.203915304340093,41.22352745728057,1.1562387548147806,46.0,165.0
마포구,성산동,Stay 별의 순간 마포점,2,고위험군,37.56291777,126.9052212,191626.176,451491.4399,48.00743028,5.449131379090659,42.52472582916251,-0.18426701556330294,46.0,165.0
마포구,망원동,아틀리에 망원,2,고위험군,37.55134046,126.9063371,191723.4858,450206.3969,44.35743409,1.0135016758543216,42.8746645609007,1.1990433666507567,46.0,165.0
마포구,동교동,마이스위레트로홈,2,고위험군,37.55397747,126.9287902,193707.7724,450497.3336,30.64792281,-7.672416673741534,39.13067559259189,1.578139542626091,46.0,165.0
마포구,성산동,헬로 홍대,2,고위험군,37.56216857,126.9136981,192375.0468,451407.566,49.15145031,6.648510146787565,42.715106498943385,0.2007031034329704,46.0,165.0
마포구,망원동,루다 스테이,2,고위험군,37.55512215,126.9012835,191277.3719,450626.5763,37.65805455,-6.9079523012361435,43.90540933996747,0.9245423913123305,46.0,165.0
마포구,서교동,영가집,2,고위험군,37.54990223,126.9137261,192376.2702,450046.1457,33.951058,-3.417384505430931,38.575841447454266,1.2814617872397598,46.0,165.0
마포구,서교동,라티에르 스테이,2,고위험군,37.54641973,126.9162102,192595.4372,449659.4315,40.50735016,0.032065353636454574,39.952210624461785,1.2555506766930509,46.0,165.0
마포구,공덕동,모이재 스테이,2,고위험군,37.54514579,126.9547393,196000.2088,449515.7029,45.5311271,6.9384229591533355,38.52022325077626,1.2616324288917078,46.0,165.0
마포구,서교동,호호 하우스,2,고위험군,37.55544887,126.9152257,192509.3399,450661.636,27.01961036,-12.329143588275016,39.56285460402066,0.45962240327488596,46.0,165.0
마포구,도화동,마포스테이4889,2,고위험군,37.53510683,126.9469731,195313.2714,448401.8594,44.07387865,3.9715750108783894,39.788898089445226,-0.30403884090119765,46.0,165.0
마포구,연남동,연남 호토 레지던스,2,고위험군,37.55873632,126.919279,192867.8065,451026.1886,43.45090222,0.19350155462088026,43.09195209812195,-0.28698281982604135,46.0,165.0
마포구,서교동,Crystal House,2,고위험군,37.55280378,126.9236755,193255.7227,450367.4227,55.04161081,11.13100732889199,41.02588875044918,3.437637214806277,46.0,165.0
마포구,연남동,밀리스테이,2,고위험군,37.55655551,126.9175438,192714.2733,450784.2777,31.84067063,-9.468055911553943,41.29445434187849,-0.0438267638043805,46.0,165.0
마포구,서교동,하우스32,2,고위험군,37.54976841,126.9185484,192802.392,450030.9131,35.82394152,-2.4625453067582086,38.56620404643638,1.7823050170066133,46.0,165.0
마포구,서교동,Fave stay #2,2,고위험군,37.5527121,126.9235845,193247.6751,450357.2539,51.67837282,6.546857936168159,41.09435135438671,3.437688324639492,46.0,165.0
마포구,연남동,홍대 코지 그린하우스,2,고위험군,37.55713027,126.9177928,192736.3366,450848.0499,39.60070126,-1.9626417408205796,41.54661532559142,-0.192479940233594,46.0,165.0
마포구,서교동,무드하우스,2,고위험군,37.54970282,126.9149446,192483.9249,450023.9155,38.97390807,1.2059670876731374,38.219848057191854,1.3133344774828584,46.0,165.0
마포구,연남동,말랑홈_핑크,2,고위험군,37.55797799,126.9205116,192976.644,450941.9302,37.77577894,-5.72006199473887,43.112403659582526,-0.5082819088770811,46.0,165.0
마포구,연남동,컴피리피,2,고위험군,37.56137483,126.9258038,193444.5404,451318.557,46.5877638,-1.4899239499756831,48.087356837027144,0.02692454419812519,46.0,165.0
마포구,성산동,코너하우스,2,고위험군,37.5572897,126.9168578,192653.7348,450865.8174,44.69281158,3.405571534113953,41.34047230007595,-0.04319571210491552,46.0,165.0
마포구,서교동,코타로 하우스,2,고위험군,37.55221668,126.9300996,193823.3324,450301.8201,37.46907485,2.2810588096530395,36.33963604970211,1.0906943271227494,46.0,165.0
마포구,동교동,야피,2,고위험군,37.55410694,126.9278142,193621.5485,450511.769,46.59697431,5.285189217003321,41.015442856928956,1.9197705294353047,46.0,165.0
마포구,서교동,니트하우스 마포,2,고위험군,37.55152417,126.9182032,192772.0547,450225.808,38.85998759,1.1112945008398185,37.821035790359204,2.3802925863623994,46.0,165.0
마포구,서교동,노스텔지아3,2,고위험군,37.55354575,126.9263015,193487.8351,450449.5874,40.54950396,2.364927421175814,38.52053240412883,2.5551494923132303,46.0,165.0
마포구,연남동,모노하우스 5호점,2,고위험군,37.56077809,126.9236462,193253.8587,451252.4786,54.10446143,7.800347152840111,46.354625858922475,-0.03288894641744823,46.0,165.0
마포구,동교동,모노홈 스튜디오,2,고위험군,37.55369271,126.9294729,193768.0794,450465.6832,38.94999251,1.7669023492759308,37.62109184036811,1.3704497748711961,46.0,165.0
마포구,연남동,헬로인디아,2,고위험군,37.56106133,126.9182818,192779.9212,451284.3134,53.46915025,10.288792867141602,43.313932578671555,0.23072625568175376,46.0,165.0
마포구,공덕동,하루 스테이,2,고위험군,37.54779449,126.9607896,196535.0131,449809.4364,42.81249474,-0.7720762720374665,38.44939285931187,3.0992631694093373,46.0,165.0
마포구,연남동,부영,2,고위험군,37.56131322,126.9257321,193438.1966,451311.724,40.53299014,-7.542934967885408,48.08475400945713,0.02290870703751996,46.0,165.0
마포구,연남동,마리하우스2,2,고위험군,37.56124697,126.9181051,192764.3236,451304.9309,35.99859653,-7.016525058654693,43.125470431785125,0.25210613935415205,46.0,165.0
마포구,서교동,지미스테이,2,고위험군,37.55261622,126.9281441,193650.5664,450346.2946,41.12596655,1.0827495292495044,40.86721473516895,1.7818407414370874,46.0,165.0
마포구,서교동,서교한옥,2,고위험군,37.55264853,126.9159631,192574.2214,450350.7731,30.52683469,-6.495538885458934,37.00803653532138,1.7719078512326047,46.0,165.0
마포구,연남동,월넛하우스,2,고위험군,37.56188142,126.9166782,192638.3193,451375.4582,39.37426266,-3.3086074520817164,42.89537053635853,0.30750739875233746,46.0,165.0
마포구,동교동,제이투 하우스,2,고위험군,37.55442785,126.9287148,193701.1514,450547.3255,45.98524688,6.063629102219046,40.08589097369861,1.5739847847799346,46.0,165.0
마포구,망원동,June Stay,2,고위험군,37.55431248,126.9072554,191804.9621,450536.1752,50.85318785,5.70670631190562,44.85850287829162,1.139763179914644,46.0,165.0
마포구,연남동,스테이 유,2,고위험군,37.56272888,126.9237351,193261.8908,451468.9869,48.74055633,2.7042099467182794,45.94186938597961,0.1149638446669075,46.0,165.0
마포구,연남동,탠저린스테이 홍대,2,고위험군,37.56164484,126.9188471,192829.918,451349.0329,36.30092284,-7.413034626856117,43.706024141140105,0.21714707390959262,46.0,165.0
마포구,연남동,JINI HOUSE,2,고위험군,37.56319218,126.9162468,192600.3337,451520.971,44.53484597,1.2536649247424378,43.14917426091942,0.3845634612007453,46.0,165.0
마포구,성산동,K-힐스테이,2,고위험군,37.56017585,126.9088709,191948.3417,451186.8002,38.84037582,-3.0955118233368992,41.81692092619194,-0.2055843935321135,46.0,165.0
마포구,도화동,57 Space,2,고위험군,37.53848737,126.9528834,195835.8329,448776.7798,39.05705017,0.4365367417306558,38.91185071245903,0.27444083168936073,46.0,165.0
마포구,염리동,아느케,2,고위험군,37.55283256,126.9461848,195244.7208,450369.2402,42.61901094,2.9473603423891817,40.07432162806041,-1.6990096763919664,46.0,165.0
마포구,동교동,RSJ 하우스,2,고위험군,37.55423106,126.9259998,193461.2299,450525.6695,31.35546032,-6.866169306308741,39.452584969706734,2.6735452186626807,46.0,165.0
마포구,동교동,hyuk House,2,고위험군,37.5528397,126.9307825,193883.7234,450370.9233,33.1340177,-1.3517908677089778,35.2185877585257,0.8137487979499225,46.0,165.0
마포구,상수동,단밤스테이,2,고위험군,37.547419,126.9232874,193220.9483,449769.8046,44.63831467,-1.2696367056590034,41.16049530615382,2.4621070635681104,46.0,165.0
마포구,신수동,레일파크 스테이,2,고위험군,37.54545072,126.9381402,194533.3384,449550.382,34.36502318,-6.637916822448659,39.7472138507342,-1.2597417836304023,46.0,165.0
마포구,망원동,The Haru House,2,고위험군,37.55369338,126.9030948,191437.2566,450467.8333,42.86753311,-2.069072123616266,43.43757688554735,1.0347145438791032,46.0,165.0
마포구,공덕동,Maple stay,2,고위험군,37.54367203,126.9536004,195899.4845,449352.1824,33.15737432,-5.619424968774325,38.21541459970544,0.6821114636767144,46.0,165.0
마포구,망원동,카멜리아,2,고위험군,37.55776775,126.8980095,190988.3932,450920.5154,41.4128707,-2.0541935291504387,44.20272078069348,0.747261987330134,46.0,165.0
마포구,연남동,TJ 하우스,2,고위험군,37.55704782,126.9177783,192735.0421,450838.9001,38.44095113,-3.056946009323589,41.51240365167775,-0.192606238455109,46.0,165.0
마포구,노고산동,스테이 헤리티지 신촌,2,고위험군,37.55191817,126.939617,194664.3008,450268.1063,57.20113294,12.312542180293804,42.91763958468087,-1.8566435161140984,46.0,165.0
마포구,도화동,프로젝트 드라곤,2,고위험군,37.53904695,126.9518446,195744.0591,448838.9329,35.87048029,-2.8501557005991387,38.82907469633888,0.12708385443689196,46.0,165.0
마포구,염리동,희가공덕,2,고위험군,37.54292791,126.9451995,195157.0158,449269.9937,56.98463768,14.965165184197758,41.25307835493072,-0.8451250993613517,46.0,165.0
마포구,서교동,오키도키 하우스,2,고위험군,37.55200923,126.9129405,192307.0669,450280.0615,33.99808019,-4.278204460444307,38.27101690367719,1.4507390947446897,46.0,165.0
마포구,동교동,서울맨션,2,고위험군,37.55672797,126.9252504,193395.2392,450802.8492,41.01306981,1.7045042694512276,39.30210338493271,0.1272342526128017,46.0,165.0
마포구,연남동,하우스 홍시,2,고위험군,37.55748658,126.9211909,193036.6175,450887.3389,51.86454428,8.737971953286774,42.885601281714216,-0.6422191991450192,46.0,165.0
마포구,연남동,OH House,2,고위험군,37.55752743,126.9217888,193089.4494,450891.8287,36.18747273,-5.756444853503908,42.49055149714127,-0.5826430147462476,46.0,165.0
마포구,연남동,Elly's Guest House,2,고위험군,37.56066686,126.9214487,193059.6867,451240.2934,54.21278288,9.388695513680666,44.830933204067435,0.016604178685377377,46.0,165.0
마포구,연남동,콜립 연남,2,고위험군,37.55911404,126.9209132,193012.2273,451067.9884,37.12814325,-6.226882199974611,43.29607199101302,-0.19481817710918684,46.0,165.0
마포구,서교동,하이데어,2,고위험군,37.55214106,126.9257166,193436.0235,450293.7242,42.95239326,4.939304746956132,40.76113857668632,2.6594540318021,46.0,165.0
마포구,동교동,올빛(ORBIT),2,고위험군,37.55681326,126.9232454,193218.0846,450812.4582,26.99113677,-10.88809066203007,37.87730374345334,-0.004883460082092783,46.0,165.0
마포구,동교동,딥서울 게스트하우스,2,고위험군,37.55656829,126.9246742,193344.3102,450785.1673,30.80172148,-7.477982967898992,38.15641472488596,0.20635689882174024,46.0,165.0
마포구,서교동,벙크2 게스트하우스,2,고위험군,37.55214693,126.9263077,193488.2612,450294.3346,40.52433514,2.094901376572153,40.76766558895325,2.4149072502104856,46.0,165.0
마포구,연남동,guesthouse pajamaparty,2,고위험군,37.56217134,126.9229118,193189.1003,451407.1659,45.17304001,-0.14637690630559064,45.35366657860996,0.09864743628287076,46.0,165.0
마포구,연남동,아이하우스 친친,2,고위험군,37.56132637,126.9177439,192732.4199,451313.7712,53.76830199,10.980304111764802,42.930931364709096,0.26203721057596707,46.0,165.0
마포구,동교동,다온하우스,2,고위험군,37.55665201,126.9247275,193349.0245,450794.4555,30.64308391,-7.782993319596187,38.323750153447804,0.15757973974701656,46.0,165.0
마포구,연남동,소쥬2,2,고위험군,37.55573509,126.9188773,192832.0193,450693.1183,46.87529653,3.699927443185345,42.958363782434176,0.50218348477171,46.0,165.0
마포구,연남동,만두 게스트하우스,2,고위험군,37.56013397,126.9225473,193156.7017,451181.0683,45.44885527,-0.6741810411505895,46.11248332884513,-0.09262052661840048,46.0,165.0
마포구,서교동,Br. house,2,고위험군,37.55232736,126.9270845,193556.917,450314.3067,46.18543262,6.658850408630514,40.82159988748255,2.1234251173395946,46.0,165.0
마포구,동교동,더 퍼플 스테이 홍대,2,고위험군,37.55362244,126.9296458,193783.3505,450457.8726,42.90114764,6.0875194780404485,37.02319630995874,1.3116285331433515,46.0,165.0
마포구,서교동,퀸 하우스,2,고위험군,37.55306813,126.9180496,192758.633,450397.1809,32.90504349,-6.152642090834334,38.01453754554677,2.653725038137671,46.0,165.0
마포구,연남동,Two Two House,2,고위험군,37.55876527,126.924045,193288.9137,451029.0508,53.56437238,8.32344556671066,45.32509431191822,-0.19704723427425813,46.0,165.0
마포구,연남동,포토 하우스,2,고위험군,37.56100301,126.9227235,193172.3517,451277.5087,43.11554454,-2.7726885115114044,45.894501481232716,0.008564073812513548,46.0,165.0
마포구,연남동,더 어반 게스트하우스,2,고위험군,37.55960824,126.9256379,193429.7249,451122.4979,50.14692745,3.128693908473977,47.00783894767727,-0.04239868015912982,46.0,165.0
마포구,서교동,나루게스트하우스,2,고위험군,37.5486408,126.9171645,192679.983,449905.8688,39.745695,-0.8768349121611223,39.0130705567896,1.3798459938895786,46.0,165.0
마포구,서교동,Stay&Garden,2,고위험군,37.55255238,126.9246374,193340.6968,450339.4517,38.24099168,0.7287567076397679,40.60134347882242,3.225349608783375,46.0,165.0
마포구,서교동,벙크게스트하우스,2,고위험군,37.55214693,126.9263077,193488.2612,450294.3346,40.49744194,2.0680081765721567,40.76766558895325,2.4149072502104856,46.0,165.0
마포구,연남동,Cheshire,2,고위험군,37.55781106,126.9174385,192705.0977,450923.637,44.86501819,2.9294216905210035,41.97115722613759,-0.08803235976148843,46.0,165.0
마포구,서교동,이노게스트하우스,2,고위험군,37.55091491,126.9134668,192353.4593,450158.5621,32.09181768,-4.704118322382158,38.14589637306321,1.3568713096424738,46.0,165.0
마포구,서교동,에이블 게스트하우스(Able Guesthouse),2,고위험군,37.55260719,126.9261244,193472.106,450345.4307,41.61636836,2.9029429753234766,39.851575107430534,2.5159619548006003,46.0,165.0
마포구,동교동,엣홈,2,고위험군,37.5537209,126.9289065,193718.0326,450468.8496,31.3831909,-5.98503401237728,38.544824958907974,1.5442617938359664,46.0,165.0
마포구,연남동,하이 스트릿 게스트하우스,2,고위험군,37.55750443,126.9213599,193051.5498,450889.3076,50.88757528,8.143433384272342,42.77281836910177,-0.6583530781844888,46.0,165.0
마포구,연남동,마루지 게스트하우스,2,고위험군,37.5589785,126.9194611,192883.9166,451053.054,45.47392786,2.250979499701522,43.07340201619747,-0.20903704554120967,46.0,165.0
마포구,서교동,Bliss penthouse,2,고위험군,37.5526817,126.9231331,193207.7914,450353.9123,46.45071109,-0.16815378311859064,41.025571560550674,3.5051474513337935,46.0,165.0
마포구,합정동,오모,2,고위험군,37.5454445,126.9171385,192677.3798,449551.1201,31.00755426,-12.245631817810626,40.24791233024487,1.290797252327181,46.0,165.0
마포구,합정동,ZZZIP 게스트하우스,2,고위험군,37.54480446,126.9141033,192409.0834,449480.3241,49.71323267,8.201371647871213,41.03987805003159,1.1711613962256355,46.0,165.0
마포구,서교동,벙크 백팩커스 게스트하우스,2,고위험군,37.55217281,126.9270973,193558.0329,450297.1526,39.70265295,0.1503598851538399,40.97000069068315,2.1191664051628685,46.0,165.0
마포구,합정동,언더 클라우드,2,고위험군,37.55020814,126.9090299,191961.3123,450080.4892,50.01125999,6.024045590226777,42.021938578990344,1.2509388246079989,46.0,165.0
마포구,서교동,준 게스트하우스,2,고위험군,37.55166438,126.9267696,193529.033,450240.7454,37.53278279,-1.3382828320970575,41.22721741821564,2.2315011696484874,46.0,165.0
마포구,연남동,화이트테일,2,고위험군,37.55940438,126.9241078,193294.5171,451099.98,48.53771157,2.5471214486935025,46.08161430702207,-0.13842643035558905,46.0,165.0
마포구,성산동,가든하우스,2,고위험군,37.56154003,126.9102938,192074.2013,451338.0871,49.53130266,7.956956782150108,41.553597621731626,-0.01996018021138986,46.0,165.0
마포구,성산동,인 게스트하우스,2,고위험군,37.55805348,126.9059125,191686.7119,450951.4997,42.96601224,-0.5065746323055862,43.00220465953601,0.589633513382335,46.0,165.0
마포구,창전동,와우힐즈 게스트하우스,2,고위험군,37.54941414,126.9258357,193446.3115,449991.0605,39.25925253,-0.03309273130702195,41.199194756246975,2.700056863949653,46.0,165.0
마포구,연남동,바투 스테이,2,고위험군,37.5562321,126.919244,192864.4762,450748.2526,43.22214504,-0.16400495954685113,43.388935550434276,0.020135964562765424,46.0,165.0
마포구,연남동,T HOUSE,2,고위험군,37.55869521,126.9186042,192808.1737,451021.6773,38.60681976,-4.985616111793554,43.527025953187234,-0.20826516830451872,46.0,165.0
마포구,동교동,홍대스타일 게스트하우스,2,고위험군,37.5547335,126.919999,192931.0387,450581.8687,39.535681,-2.143997958769262,42.13263918423602,2.166193493029012,46.0,165.0
마포구,연남동,19th st.Guest House,2,고위험군,37.56228586,126.9234974,193240.8497,451419.834,46.34507574,0.4606235763828508,45.90755783174492,0.09355603267188674,46.0,165.0
마포구,합정동,Sogni d'oro,2,고위험군,37.54643106,126.9140763,192406.8614,449660.8592,49.9419388,5.692530294377477,40.896442453328746,1.1853042674695449,46.0,165.0
마포구,연남동,버즈네스트,2,고위험군,37.55844158,126.9206879,192992.2648,450993.37,43.92499916,1.0611681532343482,43.04878398470704,-0.3653968168600718,46.0,165.0
마포구,서교동,홍대PH365,2,고위험군,37.5494618,126.9201872,192947.1776,449996.7589,45.34102475,6.329834039695555,39.0683874353639,2.2172343646596158,46.0,165.0
마포구,도화동,호유즈,2,고위험군,37.53863059,126.9526778,195817.67,448792.6846,39.04803942,0.399435392567284,38.8997002092059,0.23886153074504057,46.0,165.0
마포구,연남동,케이북9,2,고위험군,37.55841935,126.9195732,192893.7708,450990.9864,49.89052716,6.6088303207688455,43.052066278491566,-0.38367101623996386,46.0,165.0
마포구,상암동,비나 하우스,2,고위험군,37.5727038,126.8951944,190741.5054,452578.516,39.31332202,-1.3683873143520984,41.14599644323594,0.4373602254827319,46.0,165.0
마포구,서교동,블랙 게스트하우스,2,고위험군,37.55264049,126.9291796,193742.0749,450348.9188,40.20432909,2.6328007547517913,38.368196281512645,1.44839417220578,46.0,165.0
마포구,연남동,소울타운,2,고위험군,37.55774055,126.9207379,192996.617,450915.5603,45.32951247,1.9123934131702498,43.10411536302906,-0.6325813911904974,46.0,165.0
마포구,서교동,LK,2,고위험군,37.55331923,126.9251563,193386.6243,450424.5263,33.90050439,-4.791746690061302,38.667428711307856,3.0677845397954875,46.0,165.0
마포구,동교동,홍대 연트럴파크 게스트하우스,2,고위험군,37.55252296,126.931419,193939.9462,450335.7277,29.11215284,-6.521708988964718,35.88857231102115,0.47784275238487645,46.0,165.0
마포구,연남동,썬하우스,2,고위험군,37.56233103,126.9229793,193195.0786,451424.8847,39.37215689,-5.935290275926874,45.358140074935754,0.10678653676963715,46.0,165.0
마포구,연남동,정 스테이,2,고위험군,37.5609012,126.9167951,192648.5452,451266.6561,37.4506902,-5.0143009397733,42.69064922989723,0.25733826032706025,46.0,165.0
마포구,망원동,조이 제이 스테이,2,고위험군,37.55703963,126.9053322,191635.332,450839.0258,52.16903,7.771115733006489,43.79659615001975,0.7844632184753108,46.0,165.0
마포구,연남동,하이네 하우스,2,고위험군,37.55943451,126.917617,192721.0239,451103.8069,48.0387601,4.254950044771881,43.84072532687115,0.09019016483043342,46.0,165.0
마포구,연남동,단아,2,고위험군,37.55855091,126.9205852,192983.1938,451005.512,34.07992778,-8.793863904439661,43.029611782695156,-0.329351885908565,46.0,165.0
마포구,성산동,르하임,2,고위험군,37.55820131,126.9057763,191674.6959,450967.9191,41.9732284,-1.5741484042225977,43.03171407406307,0.570870453059041,46.0,165.0
마포구,염리동,해피스테이,2,고위험군,37.54665102,126.9472241,195336.1688,449683.1114,36.95798464,-4.244594375650173,40.34914582907075,-0.9411055854185137,46.0,165.0
마포구,공덕동,서울역 홍대 스테이,2,고위험군,37.54777494,126.9623193,196670.1904,449807.2113,42.13939309,1.9888652979555346,38.463631801681565,3.2477723204633473,46.0,165.0
마포구,동교동,킴스 하우스,2,고위험군,37.55467152,126.926876,193538.6982,450574.4948,57.16952384,15.977828904457716,41.33106187594869,2.2510365197764433,46.0,165.0
마포구,망원동,케이바이브 망원,2,고위험군,37.55561041,126.8986783,191047.2284,450681.0123,46.43444197,2.7459232132860123,44.07676949833062,0.8660820738206869,46.0,165.0
마포구,서교동,드림컴포트,2,고위험군,37.55123658,126.9144736,192442.4554,450194.1822,40.15052946,4.024936584491819,37.29544577251188,1.4261800343466158,46.0,165.0
마포구,창전동,더 서울,2,고위험군,37.54602595,126.9277579,193615.8846,449614.8799,41.8471248,-4.234474471984825,40.98936701783044,2.4895540308522746,46.0,165.0
마포구,망원동,소소재101,2,고위험군,37.55842563,126.9017045,191314.9498,450993.1845,46.24829047,2.5550367047959455,43.98609105393436,0.6399300216307416,46.0,165.0
마포구,서교동,더 홍대 스테이,2,고위험군,37.54905871,126.9194035,192877.8824,449952.0798,36.31743643,-3.875551447138342,38.857457752201256,1.880356736664902,46.0,165.0
마포구,염리동,트리브 공덕,2,고위험군,37.54321482,126.9444601,195091.6938,449301.8755,40.68465747,-0.17903723543615513,41.25916427641011,-0.919046481957733,46.0,165.0
마포구,합정동,리버사이드망원정,2,고위험군,37.54703433,126.9040904,191524.4724,449728.6683,43.97737015,2.3322310111517552,42.80211691037672,1.089877468815979,46.0,165.0
마포구,망원동,Bridge Stay,2,고위험군,37.55637449,126.9046011,191570.6558,450765.2685,32.33648831,-11.525030744447385,44.116542583317965,0.872252830234099,46.0,165.0
마포구,연남동,BS 하우스,2,고위험군,37.56096341,126.925345,193403.9651,451272.9263,46.08248855,-1.976452182736395,48.05584949507566,-0.005186261717097448,46.0,165.0
마포구,서교동,팀스테드,2,고위험군,37.55292307,126.9244608,193325.1302,450380.6064,27.83028731,-11.635352688641635,40.28415602056064,3.263044027879303,46.0,165.0
마포구,동교동,lan house,2,고위험군,37.55402173,126.9213741,193052.4785,450502.7682,32.70093089,-8.188365645625431,41.14017607296492,3.4662421643780785,46.0,165.0
마포구,동교동,Your Dream House,2,고위험군,37.55392719,126.928221,193657.477,450491.7914,41.6387081,1.2356288068217296,40.19544822930163,1.7718974731542267,46.0,165.0
마포구,상수동,다나카 하우스,2,고위험군,37.54557046,126.9217218,193082.42,449564.753,45.51560975,-1.142578939409482,41.2582278484767,1.8535805070452605,46.0,165.0
마포구,성산동,라임하우스,2,고위험군,37.55562326,126.9132446,192334.3112,450681.1509,45.22137371,5.185166403039865,40.72512538636215,0.9086510893808867,46.0,165.0
마포구,연남동,아이브이 게스트하우스,2,고위험군,37.55973665,126.9229152,193189.1782,451136.9437,49.89031051,3.6468914223998112,46.18549247962635,-0.14640274827014452,46.0,165.0
마포구,망원동,카키하우스,2,고위험군,37.55546245,126.9040454,191521.4532,450664.0929,44.51184519,0.6192786263395149,44.21317364276924,0.9491655412257302,46.0,165.0
마포구,창전동,옐로우버터하우스,2,고위험군,37.54656631,126.9292558,193748.2991,449674.7527,34.8896469,-3.5329345392368907,40.09352635975272,2.096791324706547,46.0,165.0
마포구,연남동,하모니 하우스,2,고위험군,37.56040988,126.9251068,193382.8748,451211.5078,46.42374973,-1.09894457518525,47.51210527888941,-0.03477398354971717,46.0,165.0
마포구,연남동,J-Park Story,2,고위험군,37.56134587,126.9166777,192638.2189,451316.0185,42.63752217,0.1287720853196248,42.75951700959972,0.2818915508839563,46.0,165.0
마포구,망원동,한강파크 하우스,2,고위험군,37.55065592,126.900944,191246.8468,450130.9096,45.77222239,4.245385188110745,42.654724267854206,1.062473913340782,46.0,165.0
마포구,노고산동,호스트 헬퍼,2,고위험군,37.55274478,126.9416416,194843.2625,450359.7372,43.19917409,-0.45147680824821634,41.82233898006665,-1.7222767927177671,46.0,165.0
마포구,연남동,로즈 하우스,2,고위험군,37.55913957,126.9203554,192962.9475,451070.8635,43.06673644,-0.10501789654739468,43.14271046510555,-0.15670758239203522,46.0,165.0
마포구,연남동,반달 하우스,2,고위험군,37.56340684,126.9200373,192935.2445,451544.5041,49.28203739,5.63066386214507,43.88495667594478,0.2231389566592587,46.0,165.0
마포구,성산동,네스트 인 망원,2,고위험군,37.55686859,126.9078031,191853.6332,450819.8254,42.98541376,-0.5647181485076516,43.50796734126966,0.8047569986105895,46.0,165.0
마포구,망원동,스테이 다담,2,고위험군,37.5534993,126.9069279,191775.9291,450445.9505,50.04610289,6.108671916754901,44.275364871244555,1.172020103956826,46.0,165.0
마포구,서교동,Forest House,2,고위험군,37.55002027,126.9134995,192356.2557,450059.2651,41.05480132,3.4384087598084534,38.679832796304666,1.2819387188650968,46.0,165.0
마포구,서교동,라라 스페이스,2,고위험군,37.54731757,126.9195794,192893.2583,449758.8209,35.69379727,-5.252987072537728,39.58800462482494,1.6531663859825754,46.0,165.0
마포구,성산동,코너빌리지,2,고위험군,37.5573316,126.9167725,192646.1985,450870.4745,44.58011637,3.277479681386893,41.33762000214174,-0.030305455707074214,46.0,165.0
마포구,상암동,Wilson 202,2,고위험군,37.57485112,126.8945953,190688.8502,452816.903,45.70095891,4.955165950258035,41.094180300346515,0.4727363204409803,46.0,165.0
마포구,노고산동,SG게스트하우스,2,고위험군,37.55295747,126.9401985,194715.7641,450383.4234,35.09972434,-9.456227218354229,42.630058112765795,-1.81419896331651,46.0,165.0
마포구,동교동,미성 게스트하우스,2,고위험군,37.55563281,126.9232226,193215.9621,450681.4439,34.94877882,-0.8921812496967263,36.10729559987797,1.4126786140186143,46.0,165.0
마포구,서교동,온가 스테이,2,고위험군,37.55204906,126.9270933,193557.6697,450283.4181,40.01009263,0.9848359341807509,41.04413618385573,2.1194460289730905,46.0,165.0
마포구,노고산동,써니즈 하우스,2,고위험군,37.55280859,126.9402987,194724.6076,450366.8938,34.9336296,-9.591896673649266,42.610079573177615,-1.8043580896148492,46.0,165.0
마포구,서교동,아몬드 스태이,2,고위험군,37.54579254,126.9189879,192840.8427,449589.6059,41.4441388,0.24880999608711818,40.50783774628022,1.4591943441306612,46.0,165.0
마포구,동교동,스테이 에스제이,2,고위험군,37.5539854,126.9284308,193676.0211,450498.2379,43.40791434,3.483343911132785,39.83258281680011,1.6934223409345717,46.0,165.0
마포구,신수동,다스숀스테 하우스,2,고위험군,37.54488791,126.9369195,194425.4183,449487.9886,37.65904701,-1.6802313031981555,39.020020573054886,-0.9622396048485484,46.0,165.0
마포구,연남동,형석하우스,2,고위험군,37.55872001,126.9254652,193414.3904,451023.927,42.39707974,-3.2804133234380117,45.79620648747448,-0.10709706094944368,46.0,165.0
마포구,망원동,머무르다(망원),2,고위험군,37.55598377,126.9031854,191445.5223,450722.0311,36.00082318,-8.14789950541119,44.152771583496786,0.8961865214208917,46.0,165.0
마포구,연남동,프라임스테이 홍대,2,고위험군,37.55921491,126.9255616,193422.9497,451078.8483,54.20590708,7.784467546279409,46.49293770738798,-0.06629197998800965,46.0,165.0
마포구,서교동,홍하우스,2,고위험군,37.55254107,126.9262422,193482.5024,450338.084,41.94313273,2.990658249132842,40.01067381515998,2.465419607792155,46.0,165.0
마포구,서교동,Hongdae Skylounge,2,고위험군,37.55212731,126.9279492,193633.3072,450292.0446,40.10208773,-0.48576033369058536,41.320911269970686,1.832085061879381,46.0,165.0
마포구,동교동,YAB Guest House,2,고위험군,37.55405158,126.925568,193423.0623,450505.7795,42.6760103,5.0263997893531425,38.50263265678356,2.811788955895544,46.0,165.0
마포구,연남동,빅베어하우스,2,고위험군,37.5567821,126.9173257,192695.0306,450809.4434,36.00552498,-5.144100491800188,41.203359716481856,-0.09405828962576743,46.0,165.0
마포구,동교동,Hongdae Oasis,2,고위험군,37.55437567,126.9280903,193645.9627,450541.5762,46.74655834,6.404505508484689,41.38003285644605,1.7915613189716422,46.0,165.0
마포구,동교동,Julie's house,2,고위험군,37.55648743,126.9246229,193339.7737,450776.1964,36.10792699,-1.8996343704572638,37.8468281167284,0.2943256223710402,46.0,165.0
마포구,서교동,코지하우스 인 홍대,2,고위험군,37.55324125,126.9177795,192734.7768,450416.416,28.48931939,-11.06018369641017,37.97279144225878,2.393289672042759,46.0,165.0
마포구,합정동,예성 게스트하우스,2,고위험군,37.55025616,126.9079377,191864.8093,450085.9128,43.13862506,-1.920510214060215,42.34935935099916,1.2220464649718608,46.0,165.0
마포구,서교동,27번가 게스트하우스,2,고위험군,37.55280967,126.9244262,193322.0583,450368.0228,27.49282822,-10.983401878406049,40.43307385548819,3.270075827746722,46.0,165.0
마포구,연남동,Yeonnam Happy House,2,고위험군,37.56165586,126.9244795,193327.5569,451349.8412,46.17253273,-0.9657627520349763,47.107390586840815,0.03296307487248362,46.0,165.0
마포구,동교동,서울 라이프 홍대,2,고위험군,37.55378905,126.9293483,193757.0784,450476.384,40.84707002,3.1964233519210907,38.03811736370069,1.4103622726534457,46.0,165.0
마포구,신공덕동,코지 네스트 공덕,2,고위험군,37.54027834,126.9565345,196158.6074,448975.4002,35.03686123,-3.3835883188139206,38.54436521189932,1.1412904286679924,46.0,165.0
마포구,성산동,KOREA HOSUE BNB,2,고위험군,37.55884453,126.9060452,191698.5272,451039.2852,39.980066,-3.172111557197695,42.86483593972052,0.40379584272012653,46.0,165.0
마포구,염리동,품 스테이,2,고위험군,37.54645444,126.9442747,195075.5232,449661.4438,48.5283536,8.240403201810558,41.59258929073163,-1.3103929311956555,46.0,165.0
마포구,염리동,칠랙스 하우스,2,고위험군,37.54316868,126.9445862,195102.8322,449296.748,40.11990563,-0.8917576660596396,41.23431050608083,-0.9059846141829684,46.0,165.0
마포구,서교동,제니하우스,2,고위험군,37.55506177,126.9103997,192082.8734,450619.068,40.57084187,-3.023145045389647,43.149942868934865,1.2246920591213886,46.0,165.0
마포구,망원동,망원 기니하우스,2,고위험군,37.55502434,126.9010841,191259.7379,450615.7391,46.65046957,1.626331816476032,43.88284154939176,0.9281959688956348,46.0,165.0
마포구,망원동,영화같은 하루-망원,2,고위험군,37.55295883,126.8990294,191077.9364,450386.6851,37.86978805,-4.602558140621461,43.51666349676488,0.9837508811916675,46.0,165.0
마포구,동교동,플러하우스,2,고위험군,37.55263628,126.9304043,193850.2913,450348.3707,37.58009392,3.1218687086479164,35.43517691674727,0.9795603263859919,46.0,165.0
마포구,동교동,AT30,2,고위험군,37.55611834,126.9234654,193237.4597,450735.3145,34.6628118,-1.956744776979015,36.938145407879134,0.6755742804270655,46.0,165.0
마포구,서교동,스테이 한가,2,고위험군,37.5534261,126.9250483,193377.0871,450436.3952,40.43272563,0.39925555684638425,38.86367487558487,3.0886702413627365,46.0,165.0
마포구,성산동,Jamie House,2,고위험군,37.56347768,126.9083411,191901.888,451553.31,39.91541201,-1.9251521838491286,41.812211155181565,-0.03436980986494821,46.0,165.0
마포구,합정동,스테이55,2,고위험군,37.54344528,126.9121278,192234.3614,449329.6329,43.05078217,2.6987845546107465,41.54712000276494,1.125809842273422,46.0,165.0
마포구,서교동,차차스테이,2,고위험군,37.55316791,126.9271489,193562.6772,450407.5933,32.00569241,-5.659823220837595,38.9639716848377,2.142531544510569,46.0,165.0
마포구,연남동,디어민 하우스,2,고위험군,37.558396,126.9239173,193277.593,450988.0753,37.80698495,-6.339706539547699,44.470538145339574,-0.24467944155417817,46.0,165.0
마포구,노고산동,신촌플레이스,2,고위험군,37.55187541,126.941741,194851.9852,450263.242,46.1388943,2.358752687760891,42.01956393320869,-1.7280709464112465,46.0,165.0
마포구,연남동,호핑하우스,2,고위험군,37.56037954,126.9216797,193080.076,451208.3872,48.72299246,3.693887010654521,45.03031432108897,-0.026078467347893805,46.0,165.0
마포구,합정동,Rich Stay,2,고위험군,37.5503173,126.9092701,191982.554,450092.5842,51.98523147,7.720181193202471,41.905301978744404,1.2585621607680917,46.0,165.0
마포구,대흥동,더 눅 하우스,2,고위험군,37.54697828,126.9432759,194987.2884,449719.6365,49.28266541,6.232120766345453,42.0494471661888,-1.4610878489312582,46.0,165.0
마포구,창전동,레드판다하우스,2,고위험군,37.55143681,126.9305026,193858.879,450215.2375,39.3930126,2.7632766676006923,37.52829556050985,0.895464094931501,46.0,165.0
마포구,서교동,지니 스테이,2,고위험군,37.55222641,126.9284475,193677.3438,450303.0099,36.49869463,-4.710184101152116,41.1656359310399,1.6787686673497493,46.0,165.0
마포구,서교동,Saymi stay,2,고위험군,37.55552726,126.9116039,192189.3283,450670.6311,44.512851,3.380393063720703,41.85352671200659,1.1602967734636638,46.0,165.0
마포구,도화동,두오방즈,2,고위험군,37.53821585,126.9530943,195854.4573,448746.6351,38.41829053,-0.2626060573792941,38.984727050825754,0.2947499239631277,46.0,165.0
마포구,서교동,오아시스 홍대,2,고위험군,37.55278449,126.9255146,193418.2376,450365.1514,46.84724424,9.681208360537198,39.38442739124336,2.830054723193481,46.0,165.0
마포구,동교동,한인빌리지,2,고위험군,37.5546881,126.9283755,193671.1889,450576.2329,35.75328782,-4.812879094456292,41.36835636611886,1.6613467484561355,46.0,165.0
마포구,공덕동,Angela stay,2,고위험군,37.54589156,126.9594059,196412.6448,449598.286,34.85394187,-6.214425921419057,38.6297502035425,2.7916425622054897,46.0,165.0
마포구,창전동,선자하우스 1F,2,고위험군,37.55146431,126.9308331,193888.0867,450218.2681,38.98944541,2.349514604204252,37.30043998041952,0.7376031162140491,46.0,165.0
마포구,연남동,스테이 정하집,2,고위험군,37.56324035,126.9167259,192642.6647,451526.2797,36.56319159,-6.3099719574836755,43.16425323753105,0.3609107154335643,46.0,165.0
마포구,대흥동,Andy's homestay,2,고위험군,37.54175014,126.9395303,194655.9217,449139.5826,35.22429933,-5.2042617130205215,40.30045920699146,-0.8701577788140302,46.0,165.0
마포구,망원동,웜업 에이프릴 게스트하우스,2,고위험군,37.55723561,126.9007906,191234.0649,450861.1911,40.86535345,-2.877705504141808,44.10889203045969,0.7833517422729241,46.0,165.0
마포구,창전동,휴고 하우스,2,고위험군,37.55154622,126.9290652,193731.8762,450227.4756,40.05087582,1.3234089068992958,40.300140025719024,1.481464063904196,46.0,165.0
마포구,서교동,Hongdae Uncle Guesthouse,2,고위험군,37.55116063,126.9172854,192690.9128,450185.5303,35.60230669,-1.9283278364467904,37.59322098125542,1.7878264375118533,46.0,165.0
마포구,연남동,케이글로벌,2,고위험군,37.56157876,126.9189412,192838.231,451341.6916,36.17574086,-7.619359183993851,43.80332732284414,0.20980265671192827,46.0,165.0
마포구,연남동,앨리스하우스,2,고위험군,37.55859933,126.9207345,192996.3926,451010.8749,37.36048376,-5.603407445316442,43.11788665508779,-0.3209571155119291,46.0,165.0
마포구,서교동,스테이유영,2,고위험군,37.5498263,126.9215876,193070.9536,450037.1099,41.25943248,-0.35467737551942236,40.20539380272126,2.7371422712452076,46.0,165.0
마포구,연남동,스윗스토리,2,고위험군,37.56008275,126.9238696,193273.53,451175.288,34.72818298,-11.636705193232778,46.45514016304115,-0.09613214919590751,46.0,165.0
마포구,동교동,메이플라워,2,고위험군,37.55624657,126.9241101,193294.44,450749.5003,40.94353006,3.8296126583872905,37.03314797093446,0.5942238080425966,46.0,165.0
마포구,연남동,참새 나비 고양이,2,고위험군,37.55995805,126.9243375,193314.8582,451161.4144,46.59650178,0.044170910052770296,46.74534429072418,-0.08696234262601707,46.0,165.0
마포구,연남동,wave하우스,2,고위험군,37.55862898,126.9245199,193330.8636,451013.8904,40.81165154,-4.484353317696339,45.251011668056165,-0.17447184760469503,46.0,165.0
마포구,노고산동,ICOS,2,고위험군,37.55180929,126.9378652,194509.4982,450256.1228,55.10595235,11.220683159297195,43.023037178865195,-1.9591770255106467,46.0,165.0
마포구,서교동,헤이마 게스트하우스2,2,고위험군,37.5524961,126.9260272,193463.5012,450333.1078,35.40981698,-2.938795079079668,40.029927450494384,2.559393473478335,46.0,165.0
마포구,염리동,서울큐브이화,2,고위험군,37.55325642,126.9460708,195234.6726,450416.2893,37.46832942,-0.4983634909041683,40.289526965617426,-1.7063635441882776,46.0,165.0
마포구,연남동,Roof 23,2,고위험군,37.55949572,126.9243134,193312.6937,451110.103,44.02714961,-2.1555085400058402,46.24382890728489,-0.11996908823259533,46.0,165.0
마포구,연남동,Plantenor house,2,고위험군,37.55866169,126.9253644,193405.4772,451017.4612,41.91216171,-3.5865254950775096,45.63359673628707,-0.11770928496199949,46.0,165.0
마포구,공덕동,올드타운앳홈,2,고위험군,37.54706042,126.9620163,196643.387,449727.919,41.68118927,1.857932367920192,38.204277533308804,3.248217927755381,46.0,165.0
마포구,노고산동,오마이갓 슬라이딩,2,고위험군,37.55198107,126.9396323,194665.6608,450275.0866,45.83201035,0.9484697175934542,42.90943329486851,-1.8596166332259088,46.0,165.0
마포구,성산동,홍대복층 하우스,2,고위험군,37.55678672,126.9152431,192511.0077,450810.12,37.9721697,-2.5194933157578916,40.57109996388786,0.13388283222667735,46.0,165.0
마포구,성산동,For fly,2,고위험군,37.565058,126.9056416,191663.5573,451728.943,38.62195457,-3.454006295851734,42.10845755061561,0.04098849671923178,46.0,165.0
마포구,도화동,스테이 헤리티지 공덕,2,고위험군,37.53850982,126.9516579,195727.5227,448779.3265,39.3105392,0.444976282904598,38.975917215828005,0.10601121339504765,46.0,165.0
마포구,노고산동,다시 마포,2,고위험군,37.55201895,126.9414709,194828.1314,450279.1881,43.2750748,-0.6972261208002593,42.13722412984838,-1.7286493286412787,46.0,165.0
마포구,상암동,Red rose house,2,고위험군,37.57426445,126.8955872,190776.4039,452751.6915,33.55704714,-7.506830661352993,41.094422611189785,0.4700872082725656,46.0,165.0
마포구,대흥동,에이비썸머홀리데이,2,고위험군,37.55270279,126.9456482,195197.2994,450354.8645,37.83020159,-2.9241414376355195,40.06904804540498,-1.7265884171874233,46.0,165.0
마포구,망원동,Mangwon Smile house,2,고위험군,37.55334342,126.9085146,191916.1212,450428.512,48.19341923,3.4445167236884657,44.26319234545117,1.255277459647025,46.0,165.0
마포구,서교동,레아 게스트하우스,2,고위험군,37.55230312,126.9299053,193806.1722,450311.4267,40.90027979,5.463803017978307,36.67262003536399,1.1707459351921146,46.0,165.0
마포구,공덕동,Ronnie,2,고위험군,37.5459992,126.9595034,196421.2697,449610.229,34.94579542,-6.130910904746244,38.62437429914219,2.8196340657723145,46.0,165.0
마포구,서교동,서교 451,2,고위험군,37.55383854,126.914809,192472.3583,450482.9418,39.71906593,1.4125619552595623,38.08052336956729,1.3476554356515826,46.0,165.0
마포구,창전동,무네미로 아트스테이1,2,고위험군,37.55171685,126.9304696,193855.9842,450246.3207,36.69989863,0.4440403368122503,37.068221252910234,0.9071811166430502,46.0,165.0
마포구,서교동,디자인하우스 서교,2,고위험군,37.5517339,126.9165616,192627.0185,450249.213,32.81594983,-2.8854773284489923,37.17191500787349,1.792687283136147,46.0,165.0
마포구,동교동,땡스땡스,2,고위험군,37.55257054,126.9309931,193902.3108,450341.036,29.10328138,-6.020332827138716,35.483220896264356,0.6924698581301411,46.0,165.0
마포구,동교동,엘라 게스트하우스,2,고위험군,37.55350596,126.9295934,193778.7116,450444.9482,36.20418233,-0.6631992678611311,36.95993193368959,1.3268394013928648,46.0,165.0
마포구,망원동,삼삼스테이,2,고위험군,37.55837261,126.9006307,191220.0725,450987.3996,37.86861638,-6.650785597624683,44.070452725608924,0.6662286664600094,46.0,165.0
마포구,망원동,STARSTAY,2,고위험군,37.55593921,126.9000395,191167.5453,450717.3764,50.86238231,7.0941720800089385,44.102463213777924,0.868013166133884,46.0,165.0
마포구,노고산동,영미하우스 노고산,2,고위험군,37.55268466,126.9320462,193995.3755,450353.6342,38.50146524,2.4658368195485494,36.14766251103579,0.16168930496554107,46.0,165.0
마포구,염리동,더 하이드아웃 빌라 홍대,2,고위험군,37.54428506,126.945511,195184.6345,449420.6048,35.23067238,-6.412545934351876,41.14488547103246,-0.9236742032026246,46.0,165.0
마포구,연남동,Sunny House,2,고위험군,37.55807066,126.9206644,192990.1537,450952.204,45.6313739,2.535322524555866,43.04808857321553,-0.4818125860841393,46.0,165.0
마포구,서교동,Terrace stay hongdae,2,고위험군,37.55337789,126.9185228,192800.4726,450431.5242,50.09244412,10.673386990493675,38.61810101304118,2.792214684231034,46.0,165.0
마포구,서교동,더원 게스트하우스,2,고위험군,37.5473975,126.9197115,192904.9431,449767.6822,29.75753065,-11.215654879961086,39.54618240311753,1.68766106656403,46.0,165.0
마포구,서교동,SH 하우스,2,고위험군,37.5512694,126.9260498,193465.392,450196.9572,37.77233869,-0.8997167443698686,41.30755593924135,2.4960711228020918,46.0,165.0
마포구,상암동,디엠씨스테이,2,고위험군,37.57488101,126.8947148,190699.4111,452820.2086,53.98215517,13.237952397642779,41.09307470881634,0.4733938818230616,46.0,165.0
마포구,노고산동,단밤신촌,2,고위험군,37.55204819,126.939707,194672.2672,450282.5319,50.3444453,5.477346145094231,42.900361385509456,-1.8526744719586659,46.0,165.0
마포구,서교동,Ho's stay,2,고위험군,37.55402172,126.9130909,192320.5624,450503.4115,46.04889269,6.171381722045048,39.73052944720696,1.385187115063575,46.0,165.0
마포구,염리동,스테이 윤슬,2,고위험군,37.55339312,126.9471322,195328.4701,450431.4081,29.0477934,-12.530525729731334,40.33973438811465,-1.6524291562158582,46.0,165.0
마포구,연남동,누크 하우스,2,고위험군,37.56266461,126.9206175,192986.4386,451462.0818,45.06494896,1.1296939997953928,44.06171232454404,0.16637860735963725,46.0,165.0
마포구,망원동,코지 브릭하우스,2,고위험군,37.55399205,126.9025085,191385.4834,450501.0357,44.46643773,-0.3779161378309581,43.516872557532665,1.0080115952307358,46.0,165.0
마포구,노고산동,가끔_신촌,2,고위험군,37.55255441,126.941224,194806.3497,450338.6314,42.99669741,-0.8364126077408542,42.060325090090274,-1.7400528043703571,46.0,165.0
마포구,서교동,다우하우스1,2,고위험군,37.55210193,126.9272554,193571.9963,450289.2749,40.59740689,1.4700014728151558,41.051007248226824,2.0640570070501485,46.0,165.0
마포구,합정동,달리하우스,2,고위험군,37.54692938,126.9103978,192081.8417,449716.4702,43.71907845,2.158229713676519,42.17748763547241,1.1221510826779522,46.0,165.0
마포구,동교동,TOMI HOUSE,2,고위험군,37.55346185,126.9294684,193767.6573,450440.0608,34.96179117,-1.734522218003896,37.26679743351407,1.3685846512324635,46.0,165.0
마포구,연남동,나무하우스,2,고위험군,37.55914467,126.9241766,193300.5753,451071.1503,46.90616287,1.085166105599079,45.88429562563314,-0.15709588563604812,46.0,165.0
마포구,동교동,HAN 게스트 하우스,2,고위험군,37.55318196,126.9298387,193800.36,450408.9718,31.00845689,-5.065943943590728,36.33990984917958,1.2261269946555098,46.0,165.0
마포구,연남동,누비다,2,고위험군,37.56060135,126.9168891,192656.8254,451233.369,30.47845124,-12.0467855497687,42.73387770605708,0.24051792765073987,46.0,165.0
마포구,연남동,미로 게스트하우스,2,고위험군,37.55897993,126.9247803,193353.8975,451052.8233,48.54036757,2.7896312624763837,45.91546285651987,-0.1278763543863996,46.0,165.0
마포구,연남동,케이하우스,2,고위험군,37.55679233,126.9186601,192812.9371,450810.4759,47.83008289,5.517364438904657,42.351945219416535,-0.2700096864882147,46.0,165.0
마포구,상암동,어반 블룸 상암,2,고위험군,37.57254352,126.8941844,190652.2632,452560.8268,36.44636334,-4.25454915174744,41.1505631946897,0.42357267532168813,46.0,165.0
마포구,동교동,스테이 블루,2,고위험군,37.55239122,126.9315147,193948.3911,450321.0999,27.8700435,-8.005386585204292,36.08520123370844,0.4244309797043815,46.0,165.0
마포구,연남동,모노크롬하우스(아지트룸),2,고위험군,37.55977646,126.9263265,193490.5844,451141.1205,46.40770382,-1.0956863823419383,47.502375869158506,-0.001439765784909744,46.0,165.0
마포구,신수동,게스트하우스 하하네,2,고위험군,37.54347927,126.9348039,194238.3526,449331.7742,36.08132211,-1.8997577706152668,38.02378811127966,0.3068745582310089,46.0,165.0
마포구,창전동,Pareto House,2,고위험군,37.55132252,126.9315346,193950.0631,450202.4858,46.66196119,9.753131639796209,37.316519944856346,0.3840459050457861,46.0,165.0
마포구,서교동,바이어스 케이걸하우스,2,고위험군,37.55297285,126.917477,192708.0219,450386.6502,39.47005674,1.062848039869479,37.596427905336895,2.2983438660400437,46.0,165.0
마포구,연남동,하우스 에이치,2,고위험군,37.55995523,126.9255947,193425.9455,451161.0128,43.00684048,-4.494023853181297,47.475696779948876,-0.0317848450269313,46.0,165.0
마포구,연남동,스테이. 노멀띵스,2,고위험군,37.56329824,126.9163882,192612.8308,451532.7313,46.86121587,3.5872917790746826,43.16640257718407,0.38362390498152127,46.0,165.0
마포구,서교동,드리미 하우스,2,고위험군,37.55231119,126.9256706,193431.9754,450312.6098,39.91949526,2.2835956044242423,40.394139198613196,2.6983187562432316,46.0,165.0
마포구,서교동,클라우스 하우스,2,고위험군,37.55323653,126.9256866,193433.4722,450415.3104,32.03935496,-4.513067764406053,38.2799751971817,2.814891997640123,46.0,165.0
마포구,서교동,L3 게스트하우스,2,고위험군,37.55006497,126.9202625,192953.8849,450063.6979,51.60193113,10.431527743193442,39.31712787359314,2.447631166158181,46.0,165.0
마포구,연남동,연남정원,2,고위험군,37.56316618,126.9214456,193059.6446,451517.6887,30.18435955,-13.985314284536539,44.268986706184926,0.17082789063784987,46.0,165.0
마포구,상수동,이유 스테이,2,고위험군,37.54363576,126.9204646,192971.1366,449350.118,40.71538413,0.7362978472607864,41.61036934797605,1.536674862572275,46.0,165.0
마포구,합정동,시티 오아시스 합정점,2,고위험군,37.55049963,126.9089465,191953.9784,450112.8483,44.27544126,-0.18641633085548648,42.06725543433655,1.2571085653913876,46.0,165.0
마포구,도화동,마포 게스트하우스 해날,2,고위험군,37.53517368,126.9456974,195200.518,448409.3433,39.88295072,-0.01942156982745047,39.917677264805654,-0.4344556400432235,46.0,165.0
마포구,연남동,알마수아베,2,고위험군,37.56215485,126.9185399,192802.826,451405.6615,42.52565753,-1.0201038633830066,43.43904596719807,0.2753722165431851,46.0,165.0
마포구,서교동,Room Plus,2,고위험군,37.552834,126.9105654,192097.283,450371.7981,39.37700032,-2.4887498978361933,42.260643444427686,1.3720847556825488,46.0,165.0
마포구,공덕동,만리 848,2,고위험군,37.54499923,126.9583167,196316.3504,449499.2903,48.40182231,8.777555374251861,38.61128651226605,2.4345109697080507,46.0,165.0
마포구,대흥동,블루버드 한옥,2,고위험군,37.54561751,126.9420925,194882.6165,449568.6712,62.68819811,20.416262175924388,41.454413263955324,-1.361723890064643,46.0,165.0
마포구,노고산동,블루브릭스 신촌,2,고위험군,37.55307725,126.9402458,194719.9468,450396.7148,33.35682011,-11.158963235818682,42.59029581018764,-1.8138165945901488,46.0,165.0
마포구,연남동,연남동끝집,2,고위험군,37.56393924,126.9177254,192731.0375,451603.7705,47.51013097,4.2998101261879,43.313385924135346,0.35158626507028584,46.0,165.0
마포구,염리동,제이앤디,2,고위험군,37.55201392,126.9463939,195263.1466,450278.3704,35.20943773,-4.8126475870631324,39.562481039861666,-1.6634025524791354,46.0,165.0
마포구,노고산동,시리,2,고위험군,37.54964322,126.9350603,194261.4781,450015.8825,34.3542585,-2.7692348100361954,39.468514676520655,-1.2064949566984071,46.0,165.0
마포구,합정동,서울의 밤,2,고위험군,37.54709924,126.9061599,191707.3577,449735.6879,43.46998454,1.9478985656968746,42.697441750129954,1.1071896188844461,46.0,165.0
마포구,망원동,망원 담다,2,고위험군,37.55240858,126.9068095,191765.3487,450324.9039,53.06451095,9.8581187161043,43.50597440778667,1.2045015265962067,46.0,165.0
마포구,노고산동,신촌유랑,2,고위험군,37.55126633,126.9374105,194469.2779,450195.8874,30.30031157,-7.665785359007952,42.65384044838902,-2.0251887252644276,46.0,165.0
마포구,서교동,더포레스트,2,고위험군,37.5519298,126.9275169,193595.0888,450270.1527,39.97135378,0.5129035570736491,41.20868109409952,1.9733579359092241,46.0,165.0
마포구,염리동,특별한 하루 스테이,2,고위험군,37.54662147,126.9475022,195360.7445,449679.818,29.04193529,-12.133438153627086,40.22833152616177,-0.8921170944418012,46.0,165.0
마포구,대흥동,피노 스테이,2,고위험군,37.54922039,126.9434657,195004.2115,449968.4736,35.60229471,-6.610941040399375,41.89104260659729,-1.66986842467278,46.0,165.0
마포구,상수동,Amy's sweet home,2,고위험군,37.54315186,126.9209982,193018.2549,449296.3712,49.37572917,8.702022850373275,41.74003340697081,1.56725446300414,46.0,165.0
마포구,동교동,Jin's House,2,고위험군,37.55467349,126.9281632,193652.4286,450574.6257,33.84543157,-6.435646117440349,41.61374208645433,1.7380487826822333,46.0,165.0
마포구,대흥동,D.1881,2,고위험군,37.55119125,126.9436133,195017.3822,450187.2076,42.93021176,0.6123436635934354,40.957533117194515,-1.693640976906493,46.0,165.0
마포구,서교동,가자하우스,2,고위험군,37.55041295,126.9146111,192454.5244,450102.7581,37.02913524,-0.20124546011641087,37.512987744004775,1.3480357863925234,46.0,165.0
마포구,망원동,Jolly house,2,고위험군,37.55223742,126.9016061,191305.5348,450306.3757,37.13179658,-5.120625066649346,42.93604336040709,1.0499055107542916,46.0,165.0
마포구,신수동,스테이 헤리티지 경의선숲길,2,고위험군,37.54391637,126.9390634,194614.8094,449380.0345,35.95046545,-4.364244737957712,40.191718395815144,-1.2387178470912161,46.0,165.0
마포구,연남동,진 하우스,2,고위험군,37.56088256,126.9169292,192660.3969,451264.5768,36.33522867,-6.1679567314230255,42.724971227754864,0.25567117073963536,46.0,165.0
마포구,연남동,시스앤브로 하우스,2,고위험군,37.55834816,126.9215695,193070.1477,450982.9361,48.9170731,6.253799029321094,42.962174743433586,-0.41774454431589736,46.0,165.0
마포구,신공덕동,효공 하우스,2,고위험군,37.54183019,126.9563319,196140.7865,449147.6449,38.24298657,0.04597392910672227,38.37845876386971,1.294261520121704,46.0,165.0
마포구,대흥동,휘진 서강,2,고위험군,37.55007405,126.9443051,195078.4397,450063.1754,33.12758394,-6.770486225745003,40.744341188877804,-1.6954217013695267,46.0,165.0
마포구,망원동,STUDIO ARCH,2,고위험군,37.55331557,126.903343,191459.145,450425.8783,43.26717579,-1.5980854703471294,43.31223618891581,1.0562763550279222,46.0,165.0
마포구,합정동,MJ house 102,2,고위험군,37.54949733,126.9091197,191969.1723,450001.5902,51.36775224,3.6749484876283773,42.0020560373643,1.2149281248314638,46.0,165.0
마포구,연남동,유일,2,고위험군,37.55896284,126.9243086,193312.2238,451050.9599,46.52101063,0.7927964342900964,45.72030922112985,-0.1636990496977928,46.0,165.0
마포구,성산동,솔루나 하우스,2,고위험군,37.55707604,126.9171992,192683.8802,450842.0771,41.37424595,0.11687570576864204,41.34451490685814,-0.09184583356140312,46.0,165.0
마포구,서교동,게스 하우스,2,고위험군,37.55373445,126.9265509,193509.8863,450470.5136,33.64194634,-5.209389972067179,38.64845941063568,2.4940063823610044,46.0,165.0
마포구,상수동,와우 하우스,2,고위험군,37.5444683,126.9215004,193062.7559,449442.4429,44.75259797,3.5278676124333117,41.5130182550118,1.7126632490355176,46.0,165.0
마포구,성산동,Wish Stay,2,고위험군,37.56294553,126.905378,191640.0317,451494.507,47.89912384,5.34546115270394,42.484229271209365,-0.18561718876162817,46.0,165.0
마포구,동교동,JJ하우스1,2,고위험군,37.55476769,126.9266497,193518.706,450585.1841,46.99570763,5.988634473617182,41.31729229199961,2.282765767033098,46.0,165.0
마포구,도화동,도화스테이,2,고위험군,37.538969,126.9515232,195715.6451,448830.296,34.4013166,-4.442901322269009,38.926448290998266,0.09163467338705106,46.0,165.0
마포구,연남동,아띠연남,2,고위험군,37.55937861,126.9195008,192887.4632,451097.4584,51.96116342,8.585005799330602,43.33337370326964,-0.07980764180703921,46.0,165.0
마포구,성산동,해법하우스,2,고위험군,37.55891793,126.9067295,191758.9965,451047.3715,34.52397117,-8.239419558386878,42.66344146673687,0.25128998713841494,46.0,165.0
마포구,창전동,258 Inn,2,고위험군,37.55054835,126.926845,193535.5993,450116.8743,38.54095663,-0.5382552888210128,41.244317419544934,2.283426355248003,46.0,165.0
마포구,연남동,까사드 연남,2,고위험군,37.56204924,126.9249103,193365.6568,451393.4713,43.64437207,-3.657084572332188,47.2496827351193,0.054998394751666124,46.0,165.0
마포구,동교동,헤이스테이,2,고위험군,37.55553867,126.9239535,193280.5411,450670.943,36.68380238,0.2898858676478042,36.05420530796903,1.5944027179821956,46.0,165.0
마포구,동교동,YOUNGSTAY1,2,고위험군,37.55465323,126.9198855,192921.0056,450572.9683,42.29732735,0.6999104683888149,41.930480303229274,2.243209880026199,46.0,165.0
마포구,대흥동,제로워터 스테이,2,고위험군,37.54443198,126.9395048,194653.8517,449437.2357,43.98004607,3.2941555945244474,40.403634157294846,-1.3197138225469103,46.0,165.0
마포구,동교동,Stay U,2,고위험군,37.55236083,126.9309933,193902.3158,450317.7607,33.8457349,-1.7814464094353823,35.92638547166199,0.6824570582949139,46.0,165.0
마포구,대흥동,이화당,2,고위험군,37.55330268,126.9455243,195186.3881,450421.4515,49.45115055,10.742347259533382,40.358079226065016,-1.7386313315765478,46.0,165.0
마포구,성산동,이지멘션1,2,고위험군,37.56333218,126.9159332,192572.6372,451536.5341,42.68117533,-0.7295308811500405,43.153197674810755,0.4014765499759801,46.0,165.0
마포구,서교동,GLOW 스테이,2,고위험군,37.55372671,126.9267583,193528.2093,450469.6402,34.31060724,-4.959478028043797,38.779764559037766,2.383617454870424,46.0,165.0
마포구,성산동,아우라 스페이스,2,고위험군,37.55736614,126.9163762,192611.1892,450874.3391,34.60517923,-6.594145205745157,41.1852269233825,0.01883945123976126,46.0,165.0
마포구,도화동,스테이 차,2,고위험군,37.53837671,126.9529927,195845.4894,448764.4931,38.61206267,-0.012170138728826885,38.94352266596066,0.30077226199317225,46.0,165.0
마포구,서교동,Stay CarpeDiem hongdae,2,고위험군,37.55043322,126.9194563,192882.6807,450104.63,37.14974149,0.26386799708840414,38.802838709336,2.336992561375677,46.0,165.0
마포구,합정동,King kong dae 7,2,고위험군,37.54530952,126.9130474,192315.8226,449536.4654,40.30855032,-2.965220859577549,41.31111007205956,1.1508802671039953,46.0,165.0
마포구,연남동,seven house,2,고위험군,37.55805741,126.9208619,193007.6029,450950.7187,42.02518054,-0.8977953042727407,43.012724403888186,-0.5039721396729667,46.0,165.0
마포구,서교동,Sunny Guest House,2,고위험군,37.55341385,126.9262345,193481.898,450434.9527,31.84622005,-5.815685402408256,38.48588159347018,2.574521056277957,46.0,165.0
마포구,신수동,벙커.K,2,고위험군,37.54651932,126.9374656,194473.7999,449669.0232,39.0713025,-1.5228970329470641,39.47949500517483,-1.3782738007283997,46.0,165.0
마포구,성산동,얼바닉 스테이,2,고위험군,37.55595572,126.9125404,192272.1155,450718.1077,44.14828235,3.110511772282692,41.180808887897214,0.8518147616442723,46.0,165.0
마포구,공덕동,연스테이,2,고위험군,37.54663144,126.960726,196529.3434,449680.3542,35.40161129,-6.9677845300787595,38.39815644877842,3.0746735329119654,46.0,165.0
강서구,공항동,Stay Serendipity,2,고위험군,37.5558778,126.812004,183388.7562,450722.4754,38.70807354,-4.136608647561175,42.10982709382539,3.093834939309347,46.0,165.0
강서구,화곡동,더 화곡 스테이(The Hwagok Stay),2,고위험군,37.54281466,126.8411661,185963.0612,449267.8689,42.30082087,-1.2860544254231598,41.60282066516481,3.0757182156416234,46.0,165.0
강서구,공항동,고요하우스 공항동,2,고위험군,37.55668286,126.811193,183317.2751,450811.9712,40.96576469,-1.1390507523257654,42.12606688609155,3.086339776227481,46.0,165.0
강서구,방화동,에어포트 게스트하우스,2,고위험군,37.56569175,126.8146216,183622.1973,451811.25,46.37037626,5.16872287474304,42.376656648074885,2.7735872926710163,46.0,165.0
강서구,공항동,에어포트 스테이 서울,2,고위험군,37.5553479,126.8127287,183452.6732,450663.5349,32.94273602,-6.8813059811635355,42.098506306372855,3.097632802747803,46.0,165.0
강서구,등촌동,히트코지,2,고위험군,37.55293291,126.8538363,187084.5327,450389.0575,36.96115345,-5.019023133195802,42.423893220343565,1.9717871796657764,46.0,165.0
강서구,방화동,방화별채,2,고위험군,37.56298643,126.8102025,183231.1695,451511.7702,52.13033126,10.652565413686688,42.28124553116548,2.9079584872147977,46.0,165.0
강서구,공항동,두리현스테이,2,고위험군,37.55696025,126.8113822,183334.0552,450842.7247,40.89549984,1.0779655135630932,42.13134895746764,3.08054672808643,46.0,165.0
강서구,화곡동,Lia Stay,2,고위험군,37.53195541,126.8478241,186549.5135,448061.651,48.20831224,7.48690090127176,41.280465937504914,3.236799603474605,46.0,165.0
강서구,등촌동,온에어하우스,2,고위험군,37.55325852,126.855813,187259.2562,450424.9266,41.15507488,0.41171200069472036,42.63083072531157,1.8135142235705923,46.0,165.0
강서구,화곡동,서울하우스,2,고위험군,37.53796787,126.8389054,185762.3458,448730.2737,41.19970637,2.644970090377001,41.36936694228908,3.338718725716632,46.0,165.0
강서구,화곡동,에스더스테이,2,고위험군,37.52807793,126.8372725,185616.1323,447632.8597,25.50512768,-11.597083573490963,40.94325839713986,3.6182810435436874,46.0,165.0
강서구,공항동,미미하우스(MIMI HOUSE),2,고위험군,37.55692417,126.812028,183391.1108,450838.6059,34.27807093,-7.693185095865935,42.13049728081036,3.076611467761176,46.0,165.0
강서구,가양동,스테이240,2,고위험군,37.56917783,126.8384051,185724.0879,452194.2856,39.81652208,-0.8160605657820099,42.72329645453477,2.1946389375630106,46.0,165.0
강서구,개화동,Angel B&B,2,고위험군,37.5840424,126.8015852,182474.7534,453850.3151,41.56692354,1.613333564075127,42.7418081446916,2.6265121379710252,46.0,165.0
강서구,화곡동,스테이 화곡,2,고위험군,37.5393807,126.837677,185654.0531,448887.2674,39.03391647,-0.8076907162799074,41.45072518361114,3.299495728107082,46.0,165.0
강서구,등촌동,Birdhouse,2,고위험군,37.55276631,126.8564116,187312.0685,450370.2161,43.76732556,3.014468668940495,42.65830761231847,1.7949418391122303,46.0,165.0
강서구,화곡동,정 스테이,2,고위험군,37.53343959,126.8481081,186574.8808,448226.3362,40.25969153,-0.12447455155577813,41.340872334957496,3.181935982575487,46.0,165.0
강서구,화곡동,Pum Stay,2,고위험군,37.54256084,126.8417232,186012.2422,449239.6149,40.39092826,-1.3155743429711393,41.59115558525784,3.0764696325619907,46.0,165.0
강서구,공항동,홈스윗홈,2,고위험군,37.55791795,126.8113696,183333.1579,450949.0204,45.94521646,3.209970996506968,42.15148613138443,3.064957168971144,46.0,165.0
강서구,공항동,안식,2,고위험군,37.5576118,126.8123732,183421.7627,450914.8639,34.23209806,-6.272670487473597,42.14454659794001,3.0627284906204135,46.0,165.0
강서구,화곡동,KELLY' GUEST HOUSE,2,고위험군,37.530948,126.841087,185953.8416,447950.8257,43.92501794,2.8852427709712103,41.071304469408325,3.451680453864871,46.0,165.0
강서구,화곡동,모먼트 스테이,2,고위험군,37.53545237,126.841662,186005.5052,448450.67,49.23561435,9.48697367891824,41.239185575368815,3.3500645815043018,46.0,165.0
강서구,개화동,리버사이드,2,고위험군,37.57626056,126.8004967,182376.7804,452986.8222,39.79417341,0.1356212386082305,42.56090640089724,2.734028742040461,46.0,165.0
강서구,방화동,오투게스트하우스,2,고위험군,37.56993891,126.8097568,183193.3516,452283.4947,44.92352438,5.069692422137955,42.466695620429945,2.7328204449545477,46.0,165.0
강서구,방화동,언니네,2,고위험군,37.56430943,126.810525,183259.9588,451658.5503,53.4331234,10.80819263947867,42.31793623767718,2.8729725001277022,46.0,165.0
강서구,개화동,RnR House,2,고위험군,37.57692174,126.7997887,182314.3952,453060.3388,40.28438398,0.6140825885667169,42.57104167310528,2.7325083970322543,46.0,165.0
강서구,내발산동,구름닮은집,2,고위험군,37.55446676,126.8409309,185944.4591,450561.148,35.41425836,-5.30082343468213,42.12623325686384,2.5854274133266695,46.0,165.0
강서구,방화동,수스테이(SUE STAY),2,고위험군,37.56444657,126.8142687,183590.7479,451673.111,41.63647045,2.0788416717642804,42.33834675288865,2.8329446490023944,46.0,165.0
강서구,내발산동,올래마곡,2,고위험군,37.55157537,126.837037,185599.8346,450240.8274,42.20122337,1.3560842032334932,41.97455228520789,2.8626606257115244,46.0,165.0
마포구,도화동,스테이 결,2,고위험군,37.53886159,126.9518765,195746.8652,448818.3587,41.34726744,2.6119489102569062,38.87083575388467,0.13540057720059648,46.0,165.0
영등포구,신길동,Lodge 82,2,고위험군,37.51177423,126.920266,192950.5923,445813.8985,33.00413465,-8.81682633024689,41.94561292119878,2.8142527640586366,46.0,165.0
영등포구,신길동,도담스테이,2,고위험군,37.49699241,126.9105582,192090.7519,444174.0779,38.20445786,-0.11787218253866882,40.040205822649966,2.5196880391008305,46.0,165.0
영등포구,(당산동,성심행,2,고위험군,37.52664465,126.8968678,190883.726,447466.3386,47.77962178,1.373137477829431,41.05935218211363,2.344787937088883,46.0,165.0
영등포구,신길동,쿠쉬 스테이,2,고위험군,37.50595821,126.9204002,192961.9146,445168.3845,41.21990518,2.342696676991011,41.73271022460985,2.6898935010882563,46.0,165.0
영등포구,신길동,쉼길,2,고위험군,37.51229516,126.9154204,192522.2406,445872.0892,34.37966223,-9.021853390137345,42.009801899373464,2.7678587782502824,46.0,165.0
영등포구,(당산동,YDP STAY,2,고위험군,37.52275078,126.8965546,190855.5684,447034.1979,49.86784946,9.098026562292063,40.72286371057943,2.6207090532290014,46.0,165.0
영등포구,신길동,유어진,2,고위험군,37.49661929,126.9112242,192149.6057,444132.6107,42.80914056,4.843519590910681,40.05450658539108,2.5120202717304685,46.0,165.0
영등포구,(당산동,호미 그라운드,2,고위험군,37.51946405,126.8961264,190817.3168,446669.4537,50.52703275,12.961245121787591,40.31717516689686,2.6956848666359656,46.0,165.0
영등포구,(당산동,오롯이휴 당산,2,고위험군,37.53063018,126.9002011,191178.8437,447908.3653,47.24146988,2.163661266095424,41.541857593476564,1.9357176012675028,46.0,165.0
영등포구,(당산동,당산재,2,고위험군,37.51991684,126.8959242,190799.4983,446719.7275,37.74280528,-0.18568540092076802,40.41995490586357,2.6843885674263537,46.0,165.0
영등포구,(당산동,서울우드 포근채,2,고위험군,37.53343206,126.8993204,191101.3276,448219.4224,40.1057513,-0.6031300262756432,42.35184312094113,1.5759430393405691,46.0,165.0
영등포구,(당산동,사계절 하우스,2,고위험군,37.53082118,126.9002179,191180.3475,447929.5623,46.86007493,1.8980211283354649,41.58680488783351,1.9044477144469056,46.0,165.0
영등포구,(양평동,스테이 공간,2,고위험군,37.52221346,126.8831171,189667.6383,446975.9532,44.46920524,2.841567761918064,42.648042451596275,2.689769628857902,46.0,165.0
영등포구,영등포동,미케하우스,2,고위험군,37.51093449,126.9051604,191614.9918,445721.9369,41.62185705,-0.5602191966030219,40.9765764590841,2.673840765192031,46.0,165.0
영등포구,대림동,대림 코지아,2,고위험군,37.48906457,126.9010728,191251.0453,443295.0305,45.09917149,5.56560118892677,40.44388950941622,2.4699966116742402,46.0,165.0
영등포구,영등포동,아라 하우스,2,고위험군,37.51010354,126.9086407,191922.5984,445629.4076,42.50071648,0.527561610665181,41.62387053305554,2.676768129516583,46.0,165.0
영등포구,도림동,체리티,2,고위험군,37.50578482,126.8980199,190983.0579,445151.0495,48.49470685,4.533788144359988,40.46023099743988,2.5685506368583884,46.0,165.0
영등포구,(양평동,모먼트 서울(Moment Seoul),2,고위험군,37.53489754,126.8955869,190771.5207,448382.4325,42.58498872,-1.9423419321677358,42.56134765627654,1.4736492095380773,46.0,165.0
영등포구,(당산동,홍만스 홈,2,고위험군,37.52998346,126.9049903,191602.0827,447836.1489,46.47215553,4.9783376953663065,41.202004825908034,1.9378960528923677,46.0,165.0
영등포구,선유동,킴스하우스,2,고위험군,37.52002909,126.891214,190383.1155,446732.6569,46.71579288,4.186122024364167,41.79122007351335,2.683305795098077,46.0,165.0
영등포구,영등포동,더서울하우스,2,고위험군,37.50998471,126.9077669,191845.3288,445616.2944,51.88725801,10.034789352360882,41.56371010015448,2.6708137771261447,46.0,165.0
영등포구,도림동,메종 블랑 서울(Maison Blanc Seoul),2,고위험군,37.50597544,126.9034001,191458.7871,445171.704,42.4258648,-2.2516325579510266,40.46219841420481,2.608957892406303,46.0,165.0
영등포구,신길동,봄봄스테이 여의도,2,고위험군,37.51154539,126.9193447,192869.1178,445788.5696,35.02175486,-5.818032169537567,41.96384158972147,2.78699838197286,46.0,165.0
영등포구,신길동,스카이 게스트하우스,2,고위험군,37.51029604,126.911694,192192.5698,445650.5149,37.28912856,-5.320788158473633,41.98471961236231,2.7058132306013274,46.0,165.0
영등포구,신길동,ynny stay,2,고위험군,37.51236004,126.9220482,193108.2141,445878.7839,38.52530387,-7.640219654350062,41.9127361820934,2.8677723263567425,46.0,165.0
영등포구,신길동,stay 올랑올랑,2,고위험군,37.50278421,126.9070884,191784.5511,444817.1901,33.68663409,-5.354978849712765,40.11475608987371,2.589964388867993,46.0,165.0
영등포구,신길동,다니숲 스테이,2,고위험군,37.51225752,126.9197781,192907.5029,445867.5742,37.34635763,-5.02230243944291,41.92831932005356,2.8121911077670787,46.0,165.0
영등포구,대림동,cozy(코지),2,고위험군,37.48651284,126.9033811,191454.8969,443011.61,30.14552464,-10.064258862703074,40.47639008068049,2.437803106803913,46.0,165.0
서초구,방배동,로뎀,2,고위험군,37.47311165,126.9939049,199460.8405,441519.8895,42.53685784,1.8368949411327051,41.14206258497547,0.42363594131368637,46.0,165.0
서초구,양재동,스타인 서울,2,고위험군,37.47099934,127.0393091,203477.2677,441286.1598,40.49430504,-2.8774632985626525,41.86018727947188,1.1090885036377314,46.0,165.0
서초구,방배동,메종 방배,2,고위험군,37.47918098,126.9944381,199508.0482,442193.5008,44.76892989,4.0232939522193405,41.03060637544456,0.26844323800465203,46.0,165.0
서초구,방배동,헤이븐스테이,2,고위험군,37.47813135,126.9917024,199266.0706,442077.0237,31.07035996,-9.627153110067223,40.969806956192386,0.25870176524173993,46.0,165.0
서초구,방배동,몰리앤코,2,고위험군,37.48111882,126.9856629,198731.9191,442408.6572,43.50981684,2.635131034100361,40.866008960592254,0.056925292787565175,46.0,165.0
서초구,서초동,Salt House,2,고위험군,37.48652635,127.0091831,200812.162,443008.7643,35.34500216,-6.33865891383541,41.80945676965597,0.36116692401746564,46.0,165.0
서초구,방배동,스마일 방배 도미토리,2,고위험군,37.47958025,126.9849707,198670.6612,442237.906,39.83739803,-1.0515193224212283,40.90506136890566,0.11884531952489129,46.0,165.0
강남구,논현동,창범하우스,2,고위험군,37.51523852,127.0361143,203192.7713,446196.0166,40.24369844,-1.0361175007990653,42.15621635090478,-1.3010960296805136,46.0,165.0
강남구,삼성동,하우스강남,2,고위험군,37.50772316,127.0520013,204597.7672,445362.5651,38.27301602,-2.6372413596444133,40.138145385024885,-0.7273324406454936,46.0,165.0
강남구,논현동,윌라,2,고위험군,37.51586899,127.0285267,202521.9478,446265.7604,40.85677421,-2.2511731395701347,42.85934825942071,-1.1917066409157586,46.0,165.0
강남구,일원동,덕스하우스,2,고위험군,37.49144409,127.0811592,207177.3612,443557.623,34.16721499,-6.922009220622527,41.19435509726675,0.1584561646914084,46.0,165.0
강남구,도곡동,행복스테이,2,고위험군,37.48370802,127.0376268,203327.892,442696.5924,54.74004564,10.22872996756459,42.101964235208655,0.7943669982718267,46.0,165.0
강남구,신사동,모레하우스,2,고위험군,37.522993,127.0342439,203027.1069,447056.6044,37.11332408,-5.553516746608409,42.739106212602806,-1.5918949517419452,46.0,165.0
강남구,청담동,헥사 스테이 청담,2,고위험군,37.51835146,127.0452273,203998.2635,446541.8619,40.03371983,-2.064371897190945,40.792759577873504,-1.484123754381658,46.0,165.0
강남구,삼성동,삼성 코지 스테이,2,고위험군,37.50946391,127.0472064,204173.7201,445555.5426,42.1883103,0.5333701012620722,40.71391002242192,-0.8864540113746665,46.0,165.0
강남구,일원동,제이스테이,2,고위험군,37.49133577,127.0817413,207228.8456,443545.6455,36.69268663,-4.541740733988291,41.2215004840602,0.16355385431981811,46.0,165.0
강남구,대치동,티토스테이,2,고위험군,37.50350866,127.0614358,205432.2296,444895.3125,37.05847242,-2.3558931025346723,39.5587272615762,-0.3749151265463626,46.0,165.0
강남구,삼성동,코엑스 케이 레지던스,2,고위험군,37.50890835,127.0547953,204844.7259,445494.2462,41.95237416,2.3057081094739544,39.502660427167,-0.7757933128981537,46.0,165.0
강남구,역삼동,더코지코너,2,고위험군,37.50277492,127.0317927,202811.1796,444812.5785,43.78532518,1.5682528881961915,42.213378892989596,-0.1275502376502433,46.0,165.0
강남구,역삼동,브릭맨션,2,고위험군,37.50081487,127.0322786,202854.2221,444595.0529,46.4170308,4.244963205128485,42.17260927115489,0.00466964245789459,46.0,165.0
강남구,논현동,나비잠,2,고위험군,37.51634947,127.0309866,202739.4064,446319.1563,49.50786383,7.526900005330866,42.677441706106904,-1.288335769949013,46.0,165.0
강남구,논현동,어반 팀버 강남,2,고위험군,37.50388033,127.025777,202279.2256,444935.1021,37.18581033,-5.312951870625184,42.5578844674545,-0.14060449053580826,46.0,165.0
강남구,역삼동,까사 도로,2,고위험군,37.50091623,127.0289478,202559.6882,444606.2068,36.3444898,-5.944238661855707,42.30252060410023,0.04609808024002914,46.0,165.0
강남구,삼성동,한캄,2,고위험군,37.51053483,127.0486236,204298.9594,445674.4648,38.47315445,-2.7732720452696284,40.339362660395345,-0.9627038773370882,46.0,165.0
강남구,신사동,강남 신사동 가로수길,2,고위험군,37.51850406,127.0195112,201724.858,446558.0164,42.90510041,-0.6963977901509679,44.06172692129413,-0.9336092075671677,46.0,165.0
강남구,역삼동,스윗모먼츠,2,고위험군,37.49447966,127.0437116,203865.504,443892.3351,43.54671976,1.9052014320142874,41.89161983009089,0.3441956017929182,46.0,165.0
강남구,청담동,청담57스테이,2,고위험군,37.52073304,127.0507659,204487.7586,446806.4371,30.69111231,-11.495152718060666,41.605828752483035,-1.5290223392366173,46.0,165.0
송파구,오금동,오금 스테이,2,고위험군,37.50404851,127.1327622,211738.9254,444961.7359,44.10693099,2.2220873052496017,41.89097488451703,0.005775613539773433,46.0,165.0
강남구,삼성동,루미 그레이프 하우스,2,고위험군,37.51114725,127.0484335,204282.1198,445742.427,38.47774207,-2.576614973164304,40.31150890590763,-1.0097803585815874,46.0,165.0
강남구,역삼동,역삼동 제인,2,고위험군,37.49436382,127.0368915,203262.3952,443879.2202,38.50857477,-3.5234904190848226,42.02260210981322,0.33944827644385633,46.0,165.0
강남구,일원동,정게스트하우스,2,고위험군,37.49113755,127.0837889,207409.9452,443523.8048,45.07546803,3.4717641662862775,41.31024793430687,0.16370030812515488,46.0,165.0
강남구,일원동,예본의집,2,고위험군,37.49213551,127.0840129,207429.6586,443634.583,45.26935586,3.787041153578066,41.3069884033539,0.12638921347471938,46.0,165.0
강남구,청담동,청담 게스트하우스,2,고위험군,37.52296261,127.0493685,204364.0963,447053.8257,36.05178379,-5.972689961822894,42.05513253391097,-1.586286807889244,46.0,165.0
강남구,역삼동,빅 존스 플레이스,2,고위험군,37.50131644,127.0265212,202345.1077,444650.5617,39.26144409,-3.1723639943234474,42.4518939106081,0.08103349654901697,46.0,165.0
강남구,신사동,게스트하우스강남(guesthousegangnam),2,고위험군,37.5232255,127.0299232,202645.1508,447082.2787,34.87364058,-8.904320009401566,43.10327462518813,-1.522383193887644,46.0,165.0
강남구,역삼동,24게스트하우스 강남센터,2,고위험군,37.50115056,127.0325881,202881.5713,444632.3196,48.26607828,6.077094740178758,42.16751863515646,-0.026719454210625757,46.0,165.0
강남구,역삼동,강남스테이힐(Gangnam Stay Hill),2,고위험군,37.5006903,127.029349,202595.171,444581.1425,48.09380009,5.850007955575975,42.28545343890574,0.059518828060623974,46.0,165.0
강남구,신사동,제나스위트 강남,2,고위험군,37.52131098,127.023355,202064.5848,446869.6266,42.07256495,-1.3770447194581408,43.891794347275614,-1.1786153542372997,46.0,165.0
송파구,석촌동,레이크 게스트하우스,2,고위험군,37.50065453,127.0990526,208758.6984,444581.3768,41.9795038,0.12586515661804043,41.87631684901838,-0.10113069255942567,46.0,165.0
송파구,방이동,석촌별채,2,고위험군,37.50887846,127.1093053,209664.2223,445495.1311,56.52533671,14.577881453818904,42.190519429950626,-0.21244363566889396,46.0,165.0
송파구,잠실동,K 하우스,2,고위험군,37.50598335,127.0845234,207473.4208,445171.5543,35.07548487,-6.142829264633882,41.21096828432872,-0.3386081542047307,46.0,165.0
송파구,방이동,잠시스테이,2,고위험군,37.51120635,127.1081822,209564.629,445753.3826,37.22088099,-5.115728906229528,42.29030355063275,-0.2801315184962093,46.0,165.0
송파구,석촌동,단감나무 집,2,고위험군,37.49898095,127.1041456,209209.2509,444396.1172,39.04435232,-2.864171108651661,41.908577823129995,-0.03901023160308185,46.0,165.0
송파구,송파동,레몬트리 스테이,2,고위험군,37.50014312,127.1141555,210094.2297,444526.1296,41.96043825,0.02194224051152105,41.93635300316388,-0.010930069698302443,46.0,165.0
송파구,방이동,어반스테이 송파(Urban Stay_Songpa),2,고위험군,37.50564537,127.1182985,210459.8135,445137.261,48.6514544,6.515623952696423,42.047581254094005,-0.08853140145722731,46.0,165.0
송파구,석촌동,쁘띠또뗄,2,고위험군,37.49948276,127.1064924,209416.7033,444452.0439,36.55994148,-5.410599652356865,41.93340852821568,-0.03603264758532423,46.0,165.0
송파구,송파동,송파 스테이 110,2,고위험군,37.50222686,127.1114045,209850.6997,444757.1064,37.64199513,-4.399782613849446,42.00217770149424,-0.06538035580768034,46.0,165.0
송파구,잠실동,캄스테이 서울,2,고위험군,37.50558119,127.0852996,207542.0917,445126.9816,34.62693744,-6.838143504324478,41.26761052836129,-0.3198293963342585,46.0,165.0
송파구,삼전동,잠실 코지 비앤비,2,고위험군,37.50154392,127.091329,208075.6447,444679.3969,38.54799411,-3.1810756028944667,41.596723488071234,-0.1640528603849188,46.0,165.0
송파구,삼전동,Tina`s Homestay,2,고위험군,37.50300268,127.0954957,208443.9117,444841.6661,48.69625644,6.867884830297498,41.78581549803199,-0.17648369107954445,46.0,165.0
송파구,삼전동,오잉 잠실,2,고위험군,37.49628202,127.092644,208192.4922,444095.5078,45.49628768,3.882025711212002,41.61680825966115,0.002398615703767343,46.0,165.0
송파구,풍납동,잠실웰컴하우스,2,고위험군,37.53172743,127.1117037,209873.2719,448031.3296,47.2007468,3.770960194307257,43.22938575344456,-0.7252919645969502,46.0,165.0
송파구,송파동,잠실 석촌역 게스트하우스,2,고위험군,37.50240178,127.1076416,209517.9493,444776.133,48.25574448,6.237797898363603,42.008416256260396,-0.0850097357216114,46.0,165.0
송파구,석촌동,JJ HOUSE,2,고위험군,37.49758924,127.0973088,208604.8471,444241.0084,50.46928426,8.720684450584777,41.78235377039951,-0.032319903731938625,46.0,165.0
송파구,잠실동,잠실앤스테이,2,고위험군,37.50209675,127.0778946,206887.6717,444739.6859,46.58351461,5.590200391555733,40.75432092373358,-0.22513259417176912,46.0,165.0
강남구,신사동,루비루 하우스,2,고위험군,37.51964228,127.0294846,202606.5014,446684.574,49.9014678,8.154333749881886,43.01406145912877,-1.416702298077265,46.0,165.0
강남구,논현동,스테이 179 여성 전용 쉐어하우스,2,고위험군,37.50502069,127.0288121,202547.5548,445061.7452,48.44182146,6.026316895418162,42.394214016507696,-0.19701947093556554,46.0,165.0
강남구,신사동,포레 빌리지 하우스 1,2,고위험군,37.51870888,127.0245927,202174.0733,446580.8541,48.96774909,6.639042852892324,43.601931080820236,-1.1910308438466728,46.0,165.0
강남구,역삼동,서울미담2,2,고위험군,37.4999404,127.0280827,202483.2255,444497.8791,44.27268154,1.973593090284588,42.36483008112546,0.12163385414865568,46.0,165.0
마포구,동교동,사랑방,2,고위험군,37.55220139,126.9317312,193967.503,450300.0172,33.49700865,-2.708673905123092,36.430051280216134,0.30894080314418604,46.0,165.0
마포구,창전동,스테이 홍대,2,고위험군,37.54957786,126.9255049,193417.0985,450009.2545,42.92247476,4.729658502979284,41.132718158278,2.769398791885702,46.0,165.0
마포구,연남동,ELVA75,2,고위험군,37.55814763,126.9195089,192888.0566,450960.8336,40.88937711,-2.1379052450799065,43.055263219756526,-0.4005437870122368,46.0,165.0
중구,신당동,신당 스테이,2,고위험군,37.56007766,127.02172,201919.0591,451172.2207,35.48445507,-5.4302682738914925,40.9515435278816,0.03498463724741478,46.0,165.0
성동구,행당동,성동 와이에스 하우스(YS House),2,고위험군,37.5563301,127.0295944,202614.9318,450756.4759,43.22246771,0.8916064064421079,42.22713761612192,-0.09839897015290944,46.0,165.0
송파구,석촌동,하우슬로우,2,고위험군,37.49913876,127.1027543,209086.2038,444413.4969,36.8252771,-5.086904346167053,41.900807400673756,-0.049440193035238375,46.0,165.0
종로구,창신동,Seoul Wall Loft(서울 월 로프트),2,고위험군,37.57488194,127.0109059,200963.3952,452815.1568,45.25370906,6.262491763097053,39.34742946597307,0.905861114879336,46.0,165.0
종로구,창신동,스테이노을,2,고위험군,37.57361404,127.0108255,200956.31,452674.4338,36.33437025,-3.0920941002910425,39.79134874373521,0.5870238922907643,46.0,165.0
종로구,창신동,선셋남산뷰,2,고위험군,37.57522755,127.0102275,200903.4667,452853.5088,42.67526319,3.553634958619888,39.39409958876097,0.9812561570743753,46.0,165.0
중구,(장충동,피올라 스테이 동대문,2,고위험군,37.55921747,127.0046707,200412.6859,451076.5383,50.55961867,5.603888581520245,43.51205470364866,0.5599788720964007,46.0,165.0
용산구,(용산동,심플스페이시스,2,고위험군,37.53870588,126.984957,198670.503,448800.0949,45.10421773,2.280259742471607,44.173454749676566,1.2966215970229635,46.0,165.0
종로구,명륜3가,스테이히어,2,고위험군,37.58794681,126.9947038,199532.2274,454265.1654,51.51163733,13.907662599492319,40.23262457989493,2.5787706329180433,46.0,165.0
성동구,성동,Green Dot (그린도트),2,고위험군,37.53538989,127.0470223,204156.0056,448432.9933,45.363564,-1.0245082822376048,44.7880311097223,-1.5072448805983076,46.0,165.0
마포구,망원동,하늘온,2,고위험군,37.55691174,126.9041637,191532.0666,450824.9362,46.30199328,2.39628608525954,43.98071182885623,0.810109856507414,46.0,165.0
중구,충무로2가,"빅박 스테이(,Big Box Stay)",2,고위험군,37.55885343,126.9891979,199045.5715,451036.1788,35.200725,-7.167449715612214,40.110710508467285,1.0490883467824499,46.0,165.0
용산구,용산동2가,"해방촌, 당신의 쉼",2,고위험군,37.54027183,126.9851224,198685.1511,448973.8939,45.78832788,2.2667057908928854,45.112834729836585,1.4989283700197193,46.0,165.0
용산구,서계동,"봄날, 하루",2,고위험군,37.54958774,126.9669416,197078.7331,450008.2566,41.31648526,-2.3356619006229025,42.2856148197595,3.2267636856827617,46.0,165.0
용산구,용산동2가,"Slow, HBC",2,고위험군,37.54281688,126.981472,198362.5867,449256.4207,44.63264553,1.0956169434621117,45.70870522042253,2.0865873147873435,46.0,165.0
성동구,행당동,"다옴, 왕십리",2,고위험군,37.55834516,127.0327054,202889.7387,450980.2147,30.89077643,-11.294624446269314,42.27120458010399,0.0849209401791115,46.0,165.0
마포구,상암동,"STAY, 쉼",2,고위험군,37.57212552,126.8938166,190619.7211,452514.4703,36.17985708,-4.57294311949326,41.18702549904307,0.40904188655586254,46.0,165.0
마포구,대흥동,"Lotus Stay, Mapo",2,고위험군,37.54349283,126.9416857,194846.5207,449332.8797,23.42742105,-18.46765555701206,40.81643982357595,-1.1173880619801204,46.0,165.0
마포구,연남동,"'Stay, C",2,고위험군,37.56263414,126.9236762,193256.6705,451458.4761,54.11923669,8.134337539401379,45.92746301633662,0.11024899776977243,46.0,165.0
송파구,석촌동,"석촌애,꽃",2,고위험군,37.50336016,127.1036761,209167.1983,444882.1072,41.19551983,-0.694237471250041,42.01293934742349,-0.1293298746233237,46.0,165.0
