변수,lasso_alpha_0_01_coef,lasso_cv_coef,abs_cv_coef
주변건물수,0.3983718084913898,0.41500085633753986,0.41500085633753986
구조노후도,-0.3664348642397042,-0.39176036634497985,0.39176036634497985
단속위험도,0.24744292830302822,0.2547763740001485,0.2547763740001485
도로폭위험도,-0.12890733739336477,-0.14232914652646542,0.14232914652646542
승인연도,-0.09674282618574592,-0.12008367385835192,0.12008367385835192
집중도,-0.07642341248266642,-0.08393960115437907,0.08393960115437907
