좌표,moran_I,p_value
위경도_그대로,0.3739044722468773,0.001
EPSG5181_평면좌표,0.3763365625783459,0.001
