{
  "mapo_total_facilities": 1163,
  "mapo_foreign_lodging_count": 1070,
  "mapo_foreign_share_in_mapo": 0.9200343938091143,
  "mapo_foreign_mean_risk_score": 49.18808372968528,
  "mapo_foreign_mean_fire_count_150m": 6.27196261682243,
  "mapo_foreign_fire_exists_rate": 0.9214953271028037,
  "mapo_foreign_mean_damage_sum_thousand": 9977.978504672898
}